# Boss DOLG (Stage 1), Auftrag M6. Erzeugt von scripts/belege_boss.sh und scripts/messen_boss.py belege. Frames lokal je Lauf; dx = x(Boss) - x(Figur), dz = z(Boss) - z(Figur); 'vorn' in Blickrichtung des Bosses.
# Laufliste (EINGRIFFE in den Variablen: CC_WEG, CC_RANG, CC_BSET, CC_FIG, CC_SSET, CC_BLP, CC_ENTF*, CC_LP immer an)
teil,lauf,savestate,frames,info,variablen
Q,boss_q_quelle,p0_s1_s1_cam02048,1300,"passiv, Quelle","CC_WEG=16,17,neu CC_SAVE=800:boss_q_p,1240:boss_q_r"
Q,boss_q_b,p0_s1_s1_cam01793,620,zweite Arena-Ausgangslage,CC_IN=2-41:u;250-600:r CC_SAVE=620:boss_q_b
Q,boss_q_m,p0_s1_s1_cam01536,372,dritte Arena-Ausgangslage,CC_RANG=20 CC_IN=2-24:d;25-330:r CC_SAVE=371:boss_q_m
A,boss_a_r7,p0_s1_s1_cam01793,200,rang=7,CC_IN=2-190:r CC_RANG=7
A,boss_a2_r7,p0_s1_s1_cam01536,450,rang=7,CC_IN=2-440:r CC_RANG=7
A,boss_a_r8,p0_s1_s1_cam01793,200,rang=8,CC_IN=2-190:r CC_RANG=8
A,boss_a2_r8,p0_s1_s1_cam01536,450,rang=8,CC_IN=2-440:r CC_RANG=8
A,boss_a_r9,p0_s1_s1_cam01793,200,rang=9,CC_IN=2-190:r CC_RANG=9
A,boss_a2_r9,p0_s1_s1_cam01536,450,rang=9,CC_IN=2-440:r CC_RANG=9
A,boss_a_r15,p0_s1_s1_cam01793,200,rang=15,CC_IN=2-190:r CC_RANG=15
A,boss_a2_r15,p0_s1_s1_cam01536,450,rang=15,CC_IN=2-440:r CC_RANG=15
A,boss_a_r16,p0_s1_s1_cam01793,200,rang=16,CC_IN=2-190:r CC_RANG=16
A,boss_a2_r16,p0_s1_s1_cam01536,450,rang=16,CC_IN=2-440:r CC_RANG=16
A,boss_a_r23,p0_s1_s1_cam01793,200,rang=23,CC_IN=2-190:r CC_RANG=23
A,boss_a2_r23,p0_s1_s1_cam01536,450,rang=23,CC_IN=2-440:r CC_RANG=23
A,boss_a_r24,p0_s1_s1_cam01793,200,rang=24,CC_IN=2-190:r CC_RANG=24
A,boss_a2_r24,p0_s1_s1_cam01536,450,rang=24,CC_IN=2-440:r CC_RANG=24
A,boss_a_nat,p0_s1_s1_cam01793,200,rang=natuerlich,CC_IN=2-190:r
A,boss_a2_nat,p0_s1_s1_cam01536,450,rang=natuerlich,CC_IN=2-440:r
A,boss_a_wechsel_9_24,p0_s1_s1_cam01793,200,"rang=9 bis 139, 24 ab 140",CC_IN=2-190:r CC_RANG=9 CC_RANG2=24 CC_RANG2_AB=140
A,boss_a_wechsel_24_9,p0_s1_s1_cam01793,200,"rang=24 bis 149, 9 ab 150",CC_IN=2-190:r CC_RANG=24 CC_RANG2=9 CC_RANG2_AB=150
B,boss_b_k1,p0_s1_s1_cam02048,300,kette=1,"CC_WEG=16,17,neu CC_BSET=62-63:50:0 CC_IN=64:a"
B,boss_b_k12,p0_s1_s1_cam02048,300,kette=1-2,"CC_WEG=16,17,neu CC_BSET=62-63:50:0 CC_IN=64:a;80:a"
B,boss_b_k123,p0_s1_s1_cam02048,300,kette=1-3,"CC_WEG=16,17,neu CC_BSET=62-63:50:0 CC_IN=64:a;80:a;97:a"
B,boss_b_k1234,p0_s1_s1_cam02048,300,kette=1-4,"CC_WEG=16,17,neu CC_BSET=62-63:50:0 CC_IN=64:a;80:a;97:a;115:a"
B,boss_b_k12w,p0_s1_s1_cam02048,300,kette=1-2 dx=70,"CC_WEG=16,17,neu CC_BSET=62-63:70:0 CC_IN=64:a;80:a"
B,boss_b_tritt,p0_s1_s1_cam02048,260,"tritt allein: Stufen 1-3 am WOOKY (Slot 16 per EINGRIFF davor), Tritt am Boss","CC_WEG=16,17,neu CC_SSET=16:2-70:50:0 CC_BSET=69-71:50:0 CC_IN=20:a;36:a;53:a;71:a"
B,boss_b_sprn,p0_s1_s1_cam02048,260,sprungangriff neutral,"CC_WEG=16,17,neu CC_BSET=62-63:60:0 CC_IN=62:j;64:a"
B,boss_b_sprh,p0_s1_s1_cam02048,260,sprungangriff hoch,"CC_WEG=16,17,neu CC_BSET=62-63:60:0 CC_IN=62:j+u;64:a"
B,boss_b_spez,p0_s1_s1_cam02048,260,spezialangriff,"CC_WEG=16,17,neu CC_BSET=62-63:50:0 CC_IN=64:a+j"
B,boss_b_sprint,p0_s1_s1_cam02048,260,sprintangriff,"CC_WEG=16,17,neu CC_BSET=62-63:90:0 CC_IN=58-59:r;62-75:r;72:a"
B,boss_b_griff_vorn,p0_s1_s1_cam02048,200,figur geht von vorn in den Boss (36 px),"CC_WEG=16,17,neu CC_BSET=62-63:36:0 CC_IN=62-70:r"
B,boss_b_griff_hinten,p0_s1_s1_cam02048,200,figur geht von hinten in den Boss (40 px),"CC_WEG=16,17,neu CC_BSET=62-63:-40:0 CC_IN=62-70:l"
B,boss_b_wurf_v,p0_s1_s1_cam02048,260,"griff von hinten, wurf nach vorn","CC_WEG=16,17,neu CC_BSET=62-63:-40:0 CC_IN=62-66:l;72:a+l"
B,boss_b_wurf_r,p0_s1_s1_cam02048,260,"griff von hinten, wurf rueckwaerts","CC_WEG=16,17,neu CC_BSET=62-63:-40:0 CC_IN=62-66:l;72:a+r"
B,boss_b_knie,p0_s1_s1_cam02048,260,"griff, drei kniestoesse","CC_WEG=16,17,neu CC_BSET=62-63:-40:0 CC_IN=62-66:l;72:a;92:a;112:a"
B,boss_b_knie1,p0_s1_s1_cam02048,260,"griff, ein kniestoss","CC_WEG=16,17,neu CC_BSET=62-63:-40:0 CC_IN=62-66:l;72:a"
B,boss_b_mis,item_missile,220,"raketenwerfer, ein schuss","CC_WEG=16,17,neu CC_BSET=2-3:150:0 CC_IN=5:a"
B,boss_b_mis3,item_missile,220,"raketenwerfer, drei schuss","CC_WEG=16,17,neu CC_BSET=2-3:150:0 CC_IN=5:a;25:a;45:a"
B,boss_b_las,item_laser,220,"laser, ein schuss","CC_WEG=16,17,neu CC_BSET=2-3:150:0 CC_IN=5:a"
B,boss_b_las3,item_laser,220,"laser, drei schuss","CC_WEG=16,17,neu CC_BSET=2-3:150:0 CC_IN=5:a;25:a;45:a"
B,boss_b_2_sprung,p0_s1_s1_cam02048,220,"stufe 1, dann sprungangriff","CC_WEG=16,17,neu CC_BSET=62-63:60:0 CC_IN=64:a;79:j;81:a"
B,boss_b_2_sprint,p0_s1_s1_cam02048,220,"stufe 1, dann sprintangriff","CC_WEG=16,17,neu CC_BSET=62-63:80:0 CC_IN=64:a;94-95:r;98-110:r;100:a"
B,boss_b_2_spez,p0_s1_s1_cam02048,220,"stufe 1, dann spezial (dx 60)","CC_WEG=16,17,neu CC_BSET=62-63:60:0 CC_IN=64:a;79:a+j"
B,boss_b_2_spez_b,p0_s1_s1_cam02048,220,"stufe 1, dann spezial (Boss bis 92 bei 40 px)","CC_WEG=16,17,neu CC_BSET=62-63:50:0;67-92:40:0 CC_IN=64:a;79:a+j"
B,boss_b_2_spez_c,p0_s1_s1_cam02048,220,"stufe 1, dann spezial (dx 80)","CC_WEG=16,17,neu CC_BSET=62-63:80:0 CC_IN=64:a;79:a+j"
B,boss_b_rz_spez,p0_s1_s1_cam02048,220,"stufe 1-2, spezial im Rueckzug","CC_WEG=16,17,neu CC_BSET=62-63:50:0 CC_IN=64:a;80:a;97:a+j"
B,boss_b_rz_spez2,p0_s1_s1_cam02048,220,"stufe 1-2, spezial gegen Ende des Rueckzugs","CC_WEG=16,17,neu CC_BSET=62-63:50:0 CC_IN=64:a;80:a;110:a+j"
B,boss_b_rz_sprung,p0_s1_s1_cam02048,220,"stufe 1-2, sprungangriff im Rueckzug","CC_WEG=16,17,neu CC_BSET=62-63:50:0 CC_IN=64:a;80:a;96:j+r;98:a"
B,boss_b_z12,p0_s1_s1_cam02048,200,zweit=h+12 dx=50,"CC_WEG=16,17,neu CC_BSET=62-63:50:0 CC_IN=64:a;78:a"
B,boss_b_z16,p0_s1_s1_cam02048,200,zweit=h+16 dx=50,"CC_WEG=16,17,neu CC_BSET=62-63:50:0 CC_IN=64:a;82:a"
B,boss_b_z20,p0_s1_s1_cam02048,200,zweit=h+20 dx=50,"CC_WEG=16,17,neu CC_BSET=62-63:50:0 CC_IN=64:a;86:a"
B,boss_b_z24,p0_s1_s1_cam02048,200,zweit=h+24 dx=50,"CC_WEG=16,17,neu CC_BSET=62-63:50:0 CC_IN=64:a;90:a"
B,boss_b_w20,p0_s1_s1_cam02048,220,zweit=h+20 dx=70,"CC_WEG=16,17,neu CC_BSET=62-63:70:0 CC_IN=64:a;86:a"
B,boss_b_w26,p0_s1_s1_cam02048,220,zweit=h+26 dx=70,"CC_WEG=16,17,neu CC_BSET=62-63:70:0 CC_IN=64:a;92:a"
B,boss_b_w27,p0_s1_s1_cam02048,220,zweit=h+27 dx=70,"CC_WEG=16,17,neu CC_BSET=62-63:70:0 CC_IN=64:a;93:a"
B,boss_b_w28,p0_s1_s1_cam02048,220,zweit=h+28 dx=70,"CC_WEG=16,17,neu CC_BSET=62-63:70:0 CC_IN=64:a;94:a"
B,boss_b_w30,p0_s1_s1_cam02048,220,zweit=h+30 dx=70,"CC_WEG=16,17,neu CC_BSET=62-63:70:0 CC_IN=64:a;96:a"
B,boss_b_w34,p0_s1_s1_cam02048,220,zweit=h+34 dx=70,"CC_WEG=16,17,neu CC_BSET=62-63:70:0 CC_IN=64:a;100:a"
B,boss_b_w40,p0_s1_s1_cam02048,220,zweit=h+40 dx=70,"CC_WEG=16,17,neu CC_BSET=62-63:70:0 CC_IN=64:a;106:a"
B,boss_b_v36,p0_s1_s1_cam02048,140,treffer2=h+36 dx=70,"CC_WEG=16,17,neu CC_BSET=62-63:70:0 CC_IN=64:a;100:a"
B,boss_b_u36,p0_s1_s1_cam02048,140,treffer2=h+36 Boss 93-120 bei 75 px,"CC_WEG=16,17,neu CC_BSET=62-63:70:0;93-120:75:0 CC_IN=64:a;100:a"
B,boss_b_v37,p0_s1_s1_cam02048,140,treffer2=h+37 dx=70,"CC_WEG=16,17,neu CC_BSET=62-63:70:0 CC_IN=64:a;101:a"
B,boss_b_u37,p0_s1_s1_cam02048,140,treffer2=h+37 Boss 93-120 bei 75 px,"CC_WEG=16,17,neu CC_BSET=62-63:70:0;93-120:75:0 CC_IN=64:a;101:a"
B,boss_b_v38,p0_s1_s1_cam02048,140,treffer2=h+38 dx=70,"CC_WEG=16,17,neu CC_BSET=62-63:70:0 CC_IN=64:a;102:a"
B,boss_b_u38,p0_s1_s1_cam02048,140,treffer2=h+38 Boss 93-120 bei 75 px,"CC_WEG=16,17,neu CC_BSET=62-63:70:0;93-120:75:0 CC_IN=64:a;102:a"
B,boss_b_v39,p0_s1_s1_cam02048,140,treffer2=h+39 dx=70,"CC_WEG=16,17,neu CC_BSET=62-63:70:0 CC_IN=64:a;103:a"
B,boss_b_u39,p0_s1_s1_cam02048,140,treffer2=h+39 Boss 93-120 bei 75 px,"CC_WEG=16,17,neu CC_BSET=62-63:70:0;93-120:75:0 CC_IN=64:a;103:a"
B,boss_b_v40,p0_s1_s1_cam02048,140,treffer2=h+40 dx=70,"CC_WEG=16,17,neu CC_BSET=62-63:70:0 CC_IN=64:a;104:a"
B,boss_b_u40,p0_s1_s1_cam02048,140,treffer2=h+40 Boss 93-120 bei 75 px,"CC_WEG=16,17,neu CC_BSET=62-63:70:0;93-120:75:0 CC_IN=64:a;104:a"
B,boss_b_v41,p0_s1_s1_cam02048,140,treffer2=h+41 dx=70,"CC_WEG=16,17,neu CC_BSET=62-63:70:0 CC_IN=64:a;105:a"
B,boss_b_u41,p0_s1_s1_cam02048,140,treffer2=h+41 Boss 93-120 bei 75 px,"CC_WEG=16,17,neu CC_BSET=62-63:70:0;93-120:75:0 CC_IN=64:a;105:a"
B,boss_b_d0,p0_s1_s1_cam02048,200,versatz=0,"CC_WEG=16,17,neu CC_BSET=62-63:70:0 CC_IN=64:a;96:a"
B,boss_b_d1,p0_s1_s1_cam02048,200,versatz=1,"CC_WEG=16,17,neu CC_BSET=63-64:70:0 CC_IN=65:a;97:a"
B,boss_b_d2,p0_s1_s1_cam02048,200,versatz=2,"CC_WEG=16,17,neu CC_BSET=64-65:70:0 CC_IN=66:a;98:a"
B,boss_b_d3,p0_s1_s1_cam02048,200,versatz=3,"CC_WEG=16,17,neu CC_BSET=65-66:70:0 CC_IN=67:a;99:a"
B,boss_b_d4,p0_s1_s1_cam02048,200,versatz=4,"CC_WEG=16,17,neu CC_BSET=66-67:70:0 CC_IN=68:a;100:a"
B,boss_b_d5,p0_s1_s1_cam02048,200,versatz=5,"CC_WEG=16,17,neu CC_BSET=67-68:70:0 CC_IN=69:a;101:a"
B,boss_b_d6,p0_s1_s1_cam02048,200,versatz=6,"CC_WEG=16,17,neu CC_BSET=68-69:70:0 CC_IN=70:a;102:a"
B,boss_b_d7,p0_s1_s1_cam02048,200,versatz=7,"CC_WEG=16,17,neu CC_BSET=69-70:70:0 CC_IN=71:a;103:a"
B,boss_b_d8,p0_s1_s1_cam02048,200,versatz=8,"CC_WEG=16,17,neu CC_BSET=70-71:70:0 CC_IN=72:a;104:a"
B,boss_b_d9,p0_s1_s1_cam02048,200,versatz=9,"CC_WEG=16,17,neu CC_BSET=71-72:70:0 CC_IN=73:a;105:a"
B,boss_b_d10,p0_s1_s1_cam02048,200,versatz=10,"CC_WEG=16,17,neu CC_BSET=72-73:70:0 CC_IN=74:a;106:a"
B,boss_b_d11,p0_s1_s1_cam02048,200,versatz=11,"CC_WEG=16,17,neu CC_BSET=73-74:70:0 CC_IN=75:a;107:a"
B,boss_b_d12,p0_s1_s1_cam02048,200,versatz=12,"CC_WEG=16,17,neu CC_BSET=74-75:70:0 CC_IN=76:a;108:a"
B,boss_b_d13,p0_s1_s1_cam02048,200,versatz=13,"CC_WEG=16,17,neu CC_BSET=75-76:70:0 CC_IN=77:a;109:a"
B,boss_b_e0,p0_s1_s1_cam02048,200,versatz=0 WOOKY entfernt,"CC_ENTF=16,17 CC_ENTF_AB=5 CC_WEG=neu CC_BSET=62-63:70:0 CC_IN=64:a;96:a"
B,boss_b_e4,p0_s1_s1_cam02048,200,versatz=4 WOOKY entfernt,"CC_ENTF=16,17 CC_ENTF_AB=5 CC_WEG=neu CC_BSET=66-67:70:0 CC_IN=68:a;100:a"
B,boss_b_e7,p0_s1_s1_cam02048,200,versatz=7 WOOKY entfernt,"CC_ENTF=16,17 CC_ENTF_AB=5 CC_WEG=neu CC_BSET=69-70:70:0 CC_IN=71:a;103:a"
B,boss_b_e8,p0_s1_s1_cam02048,200,versatz=8 WOOKY entfernt,"CC_ENTF=16,17 CC_ENTF_AB=5 CC_WEG=neu CC_BSET=70-71:70:0 CC_IN=72:a;104:a"
B,boss_b_e12,p0_s1_s1_cam02048,200,versatz=12 WOOKY entfernt,"CC_ENTF=16,17 CC_ENTF_AB=5 CC_WEG=neu CC_BSET=74-75:70:0 CC_IN=76:a;108:a"
B,boss_b_f66,p0_s1_s1_cam02048,71,einzel=66,"CC_WEG=16,17,neu CC_BSET=62-63:70:0 CC_IN=64:a"
B,boss_b_f69,p0_s1_s1_cam02048,74,einzel=69,"CC_WEG=16,17,neu CC_BSET=65-66:70:0 CC_IN=67:a"
B,boss_b_f72,p0_s1_s1_cam02048,77,einzel=72,"CC_WEG=16,17,neu CC_BSET=68-69:70:0 CC_IN=70:a"
B,boss_b_f75,p0_s1_s1_cam02048,80,einzel=75,"CC_WEG=16,17,neu CC_BSET=71-72:70:0 CC_IN=73:a"
B,boss_b_f78,p0_s1_s1_cam02048,83,einzel=78,"CC_WEG=16,17,neu CC_BSET=74-75:70:0 CC_IN=76:a"
B,boss_b_f81,p0_s1_s1_cam02048,86,einzel=81,"CC_WEG=16,17,neu CC_BSET=77-78:70:0 CC_IN=79:a"
B,boss_b_f84,p0_s1_s1_cam02048,89,einzel=84,"CC_WEG=16,17,neu CC_BSET=80-81:70:0 CC_IN=82:a"
B,boss_b_f87,p0_s1_s1_cam02048,92,einzel=87,"CC_WEG=16,17,neu CC_BSET=83-84:70:0 CC_IN=85:a"
B,boss_b_f90,p0_s1_s1_cam02048,95,einzel=90,"CC_WEG=16,17,neu CC_BSET=86-87:70:0 CC_IN=88:a"
B,boss_b_f93,p0_s1_s1_cam02048,98,einzel=93,"CC_WEG=16,17,neu CC_BSET=89-90:70:0 CC_IN=91:a"
B,boss_b_f96,p0_s1_s1_cam02048,101,einzel=96,"CC_WEG=16,17,neu CC_BSET=92-93:70:0 CC_IN=94:a"
B,boss_b_f99,p0_s1_s1_cam02048,104,einzel=99,"CC_WEG=16,17,neu CC_BSET=95-96:70:0 CC_IN=97:a"
B,boss_b_f102,p0_s1_s1_cam02048,107,einzel=102,"CC_WEG=16,17,neu CC_BSET=98-99:70:0 CC_IN=100:a"
B,boss_b_f105,p0_s1_s1_cam02048,110,einzel=105,"CC_WEG=16,17,neu CC_BSET=101-102:70:0 CC_IN=103:a"
B,boss_b_f108,p0_s1_s1_cam02048,113,einzel=108,"CC_WEG=16,17,neu CC_BSET=104-105:70:0 CC_IN=106:a"
B,boss_b_f111,p0_s1_s1_cam02048,116,einzel=111,"CC_WEG=16,17,neu CC_BSET=107-108:70:0 CC_IN=109:a"
B,boss_b_f114,p0_s1_s1_cam02048,119,einzel=114,"CC_WEG=16,17,neu CC_BSET=110-111:70:0 CC_IN=112:a"
B,boss_b_f117,p0_s1_s1_cam02048,122,einzel=117,"CC_WEG=16,17,neu CC_BSET=113-114:70:0 CC_IN=115:a"
B,boss_b_f120,p0_s1_s1_cam02048,125,einzel=120,"CC_WEG=16,17,neu CC_BSET=116-117:70:0 CC_IN=118:a"
B,boss_b_f123,p0_s1_s1_cam02048,128,einzel=123,"CC_WEG=16,17,neu CC_BSET=119-120:70:0 CC_IN=121:a"
B,boss_b_f126,p0_s1_s1_cam02048,131,einzel=126,"CC_WEG=16,17,neu CC_BSET=122-123:70:0 CC_IN=124:a"
B,boss_b_f129,p0_s1_s1_cam02048,134,einzel=129,"CC_WEG=16,17,neu CC_BSET=125-126:70:0 CC_IN=127:a"
B,boss_b_f132,p0_s1_s1_cam02048,137,einzel=132,"CC_WEG=16,17,neu CC_BSET=128-129:70:0 CC_IN=130:a"
B,boss_b_f135,p0_s1_s1_cam02048,140,einzel=135,"CC_WEG=16,17,neu CC_BSET=131-132:70:0 CC_IN=133:a"
B,boss_b_f138,p0_s1_s1_cam02048,143,einzel=138,"CC_WEG=16,17,neu CC_BSET=134-135:70:0 CC_IN=136:a"
B,boss_b_f141,p0_s1_s1_cam02048,146,einzel=141,"CC_WEG=16,17,neu CC_BSET=137-138:70:0 CC_IN=139:a"
B,boss_b_f144,p0_s1_s1_cam02048,149,einzel=144,"CC_WEG=16,17,neu CC_BSET=140-141:70:0 CC_IN=142:a"
B,boss_b_f147,p0_s1_s1_cam02048,152,einzel=147,"CC_WEG=16,17,neu CC_BSET=143-144:70:0 CC_IN=145:a"
B,boss_b_f150,p0_s1_s1_cam02048,155,einzel=150,"CC_WEG=16,17,neu CC_BSET=146-147:70:0 CC_IN=148:a"
B,boss_b_f153,p0_s1_s1_cam02048,158,einzel=153,"CC_WEG=16,17,neu CC_BSET=149-150:70:0 CC_IN=151:a"
B,boss_b_f156,p0_s1_s1_cam02048,161,einzel=156,"CC_WEG=16,17,neu CC_BSET=152-153:70:0 CC_IN=154:a"
B,boss_b_f159,p0_s1_s1_cam02048,164,einzel=159,"CC_WEG=16,17,neu CC_BSET=155-156:70:0 CC_IN=157:a"
B,boss_b_f162,p0_s1_s1_cam02048,167,einzel=162,"CC_WEG=16,17,neu CC_BSET=158-159:70:0 CC_IN=160:a"
B,boss_b_f165,p0_s1_s1_cam02048,170,einzel=165,"CC_WEG=16,17,neu CC_BSET=161-162:70:0 CC_IN=163:a"
B,boss_b_f168,p0_s1_s1_cam02048,173,einzel=168,"CC_WEG=16,17,neu CC_BSET=164-165:70:0 CC_IN=166:a"
B,boss_b_f171,p0_s1_s1_cam02048,176,einzel=171,"CC_WEG=16,17,neu CC_BSET=167-168:70:0 CC_IN=169:a"
B,boss_b_f174,p0_s1_s1_cam02048,179,einzel=174,"CC_WEG=16,17,neu CC_BSET=170-171:70:0 CC_IN=172:a"
B,boss_b_f177,p0_s1_s1_cam02048,182,einzel=177,"CC_WEG=16,17,neu CC_BSET=173-174:70:0 CC_IN=175:a"
B,boss_b_f180,p0_s1_s1_cam02048,185,einzel=180,"CC_WEG=16,17,neu CC_BSET=176-177:70:0 CC_IN=178:a"
B,boss_b_f183,p0_s1_s1_cam02048,188,einzel=183,"CC_WEG=16,17,neu CC_BSET=179-180:70:0 CC_IN=181:a"
B,boss_b_f186,p0_s1_s1_cam02048,191,einzel=186,"CC_WEG=16,17,neu CC_BSET=182-183:70:0 CC_IN=184:a"
B,boss_b_f189,p0_s1_s1_cam02048,194,einzel=189,"CC_WEG=16,17,neu CC_BSET=185-186:70:0 CC_IN=187:a"
B,boss_b_f192,p0_s1_s1_cam02048,197,einzel=192,"CC_WEG=16,17,neu CC_BSET=188-189:70:0 CC_IN=190:a"
B,boss_b_f195,p0_s1_s1_cam02048,200,einzel=195,"CC_WEG=16,17,neu CC_BSET=191-192:70:0 CC_IN=193:a"
B,boss_b_f198,p0_s1_s1_cam02048,203,einzel=198,"CC_WEG=16,17,neu CC_BSET=194-195:70:0 CC_IN=196:a"
B,boss_b_f201,p0_s1_s1_cam02048,206,einzel=201,"CC_WEG=16,17,neu CC_BSET=197-198:70:0 CC_IN=199:a"
B,boss_b_f204,p0_s1_s1_cam02048,209,einzel=204,"CC_WEG=16,17,neu CC_BSET=200-201:70:0 CC_IN=202:a"
B,boss_b_f207,p0_s1_s1_cam02048,212,einzel=207,"CC_WEG=16,17,neu CC_BSET=203-204:70:0 CC_IN=205:a"
B,boss_b_f210,p0_s1_s1_cam02048,215,einzel=210,"CC_WEG=16,17,neu CC_BSET=206-207:70:0 CC_IN=208:a"
B,boss_b_f213,p0_s1_s1_cam02048,218,einzel=213,"CC_WEG=16,17,neu CC_BSET=209-210:70:0 CC_IN=211:a"
B,boss_b_f216,p0_s1_s1_cam02048,221,einzel=216,"CC_WEG=16,17,neu CC_BSET=212-213:70:0 CC_IN=214:a"
B,boss_b_f219,p0_s1_s1_cam02048,224,einzel=219,"CC_WEG=16,17,neu CC_BSET=215-216:70:0 CC_IN=217:a"
B,boss_b_f222,p0_s1_s1_cam02048,227,einzel=222,"CC_WEG=16,17,neu CC_BSET=218-219:70:0 CC_IN=220:a"
B,boss_b_f225,p0_s1_s1_cam02048,230,einzel=225,"CC_WEG=16,17,neu CC_BSET=221-222:70:0 CC_IN=223:a"
B,boss_b_f228,p0_s1_s1_cam02048,233,einzel=228,"CC_WEG=16,17,neu CC_BSET=224-225:70:0 CC_IN=226:a"
B,boss_b_f231,p0_s1_s1_cam02048,236,einzel=231,"CC_WEG=16,17,neu CC_BSET=227-228:70:0 CC_IN=229:a"
B,boss_b_f234,p0_s1_s1_cam02048,239,einzel=234,"CC_WEG=16,17,neu CC_BSET=230-231:70:0 CC_IN=232:a"
B,boss_b_f237,p0_s1_s1_cam02048,242,einzel=237,"CC_WEG=16,17,neu CC_BSET=233-234:70:0 CC_IN=235:a"
B,boss_b_f240,p0_s1_s1_cam02048,245,einzel=240,"CC_WEG=16,17,neu CC_BSET=236-237:70:0 CC_IN=238:a"
B,boss_b_f243,p0_s1_s1_cam02048,248,einzel=243,"CC_WEG=16,17,neu CC_BSET=239-240:70:0 CC_IN=241:a"
B,boss_b_f246,p0_s1_s1_cam02048,251,einzel=246,"CC_WEG=16,17,neu CC_BSET=242-243:70:0 CC_IN=244:a"
B,boss_b_f249,p0_s1_s1_cam02048,254,einzel=249,"CC_WEG=16,17,neu CC_BSET=245-246:70:0 CC_IN=247:a"
B,boss_b_f252,p0_s1_s1_cam02048,257,einzel=252,"CC_WEG=16,17,neu CC_BSET=248-249:70:0 CC_IN=250:a"
B,boss_b_f255,p0_s1_s1_cam02048,260,einzel=255,"CC_WEG=16,17,neu CC_BSET=251-252:70:0 CC_IN=253:a"
B,boss_b_f258,p0_s1_s1_cam02048,263,einzel=258,"CC_WEG=16,17,neu CC_BSET=254-255:70:0 CC_IN=256:a"
B,boss_b_f261,p0_s1_s1_cam02048,266,einzel=261,"CC_WEG=16,17,neu CC_BSET=257-258:70:0 CC_IN=259:a"
B,boss_b_f264,p0_s1_s1_cam02048,269,einzel=264,"CC_WEG=16,17,neu CC_BSET=260-261:70:0 CC_IN=262:a"
B,boss_b_f267,p0_s1_s1_cam02048,272,einzel=267,"CC_WEG=16,17,neu CC_BSET=263-264:70:0 CC_IN=265:a"
B,boss_b_f270,p0_s1_s1_cam02048,275,einzel=270,"CC_WEG=16,17,neu CC_BSET=266-267:70:0 CC_IN=268:a"
B,boss_b_f273,p0_s1_s1_cam02048,278,einzel=273,"CC_WEG=16,17,neu CC_BSET=269-270:70:0 CC_IN=271:a"
B,boss_b_f276,p0_s1_s1_cam02048,281,einzel=276,"CC_WEG=16,17,neu CC_BSET=272-273:70:0 CC_IN=274:a"
B,boss_b_f279,p0_s1_s1_cam02048,284,einzel=279,"CC_WEG=16,17,neu CC_BSET=275-276:70:0 CC_IN=277:a"
B,boss_b_f282,p0_s1_s1_cam02048,287,einzel=282,"CC_WEG=16,17,neu CC_BSET=278-279:70:0 CC_IN=280:a"
B,boss_b_f285,p0_s1_s1_cam02048,290,einzel=285,"CC_WEG=16,17,neu CC_BSET=281-282:70:0 CC_IN=283:a"
B,boss_b_f288,p0_s1_s1_cam02048,293,einzel=288,"CC_WEG=16,17,neu CC_BSET=284-285:70:0 CC_IN=286:a"
B,boss_b_f291,p0_s1_s1_cam02048,296,einzel=291,"CC_WEG=16,17,neu CC_BSET=287-288:70:0 CC_IN=289:a"
B,boss_b_f294,p0_s1_s1_cam02048,299,einzel=294,"CC_WEG=16,17,neu CC_BSET=290-291:70:0 CC_IN=292:a"
B,boss_b_f297,p0_s1_s1_cam02048,302,einzel=297,"CC_WEG=16,17,neu CC_BSET=293-294:70:0 CC_IN=295:a"
B,boss_b_f300,p0_s1_s1_cam02048,305,einzel=300,"CC_WEG=16,17,neu CC_BSET=296-297:70:0 CC_IN=298:a"
B,boss_b_f303,p0_s1_s1_cam02048,308,einzel=303,"CC_WEG=16,17,neu CC_BSET=299-300:70:0 CC_IN=301:a"
B,boss_b_f306,p0_s1_s1_cam02048,311,einzel=306,"CC_WEG=16,17,neu CC_BSET=302-303:70:0 CC_IN=304:a"
B,boss_b_f309,p0_s1_s1_cam02048,314,einzel=309,"CC_WEG=16,17,neu CC_BSET=305-306:70:0 CC_IN=307:a"
B,boss_b_f312,p0_s1_s1_cam02048,317,einzel=312,"CC_WEG=16,17,neu CC_BSET=308-309:70:0 CC_IN=310:a"
B,boss_b_f315,p0_s1_s1_cam02048,320,einzel=315,"CC_WEG=16,17,neu CC_BSET=311-312:70:0 CC_IN=313:a"
B,boss_b_f318,p0_s1_s1_cam02048,323,einzel=318,"CC_WEG=16,17,neu CC_BSET=314-315:70:0 CC_IN=316:a"
B,boss_b_f321,p0_s1_s1_cam02048,326,einzel=321,"CC_WEG=16,17,neu CC_BSET=317-318:70:0 CC_IN=319:a"
B,boss_b_f324,p0_s1_s1_cam02048,329,einzel=324,"CC_WEG=16,17,neu CC_BSET=320-321:70:0 CC_IN=322:a"
B,boss_b_f327,p0_s1_s1_cam02048,332,einzel=327,"CC_WEG=16,17,neu CC_BSET=323-324:70:0 CC_IN=325:a"
B,boss_b_f330,p0_s1_s1_cam02048,335,einzel=330,"CC_WEG=16,17,neu CC_BSET=326-327:70:0 CC_IN=328:a"
B,boss_b_n1,p0_s1_s1_cam02048,260,"natuerlich: schlag 155, kette 171","CC_WEG=16,17,neu CC_IN=155:a;171:a"
B,boss_b_n2,p0_s1_s1_cam02048,260,"natuerlich: schlag 155, neuer schlag 187","CC_WEG=16,17,neu CC_IN=155:a;187:a"
B,boss_b_bot_p7,p0_s1_s1_cam02048,8000,bot rang=7,"CC_WEG=16,17,neu CC_BOT=angriff CC_RANG=7"
B,boss_b_bot_q7,boss_q_b,8000,bot rang=7,"CC_WEG=16,17,neu CC_BOT=angriff CC_RANG=7"
B,boss_b_bot_p9,p0_s1_s1_cam02048,8000,bot rang=9,"CC_WEG=16,17,neu CC_BOT=angriff CC_RANG=9"
B,boss_b_bot_q9,boss_q_b,8000,bot rang=9,"CC_WEG=16,17,neu CC_BOT=angriff CC_RANG=9"
B,boss_b_bot_p12,p0_s1_s1_cam02048,8000,bot rang=12,"CC_WEG=16,17,neu CC_BOT=angriff CC_RANG=12"
B,boss_b_bot_q12,boss_q_b,8000,bot rang=12,"CC_WEG=16,17,neu CC_BOT=angriff CC_RANG=12"
B,boss_b_bot_p16,p0_s1_s1_cam02048,8000,bot rang=16,"CC_WEG=16,17,neu CC_BOT=angriff CC_RANG=16"
B,boss_b_bot_q16,boss_q_b,8000,bot rang=16,"CC_WEG=16,17,neu CC_BOT=angriff CC_RANG=16"
B,boss_b_bot_p20,p0_s1_s1_cam02048,8000,bot rang=20,"CC_WEG=16,17,neu CC_BOT=angriff CC_RANG=20"
B,boss_b_bot_q20,boss_q_b,8000,bot rang=20,"CC_WEG=16,17,neu CC_BOT=angriff CC_RANG=20"
B,boss_b_bot_p24,p0_s1_s1_cam02048,8000,bot rang=24,"CC_WEG=16,17,neu CC_BOT=angriff CC_RANG=24"
B,boss_b_bot_q24,boss_q_b,8000,bot rang=24,"CC_WEG=16,17,neu CC_BOT=angriff CC_RANG=24"
B,boss_b_bot_kette,p0_s1_s1_cam02048,8000,"bot mit kettendruck nach 16 F, rang=16","CC_WEG=16,17,neu CC_BOT=angriff CC_BOT_KETTE=16 CC_RANG=16"
B,boss_b_t_schlag_0,p0_s1_s1_cam02048,140,art=schlag versatz=0 rang=24,"CC_WEG=16,17,neu CC_RANG=24 CC_BSET=62-65:60:0 CC_IN=64:a"
B,boss_b_t_kette2_0,p0_s1_s1_cam02048,200,art=kette2 versatz=0 rang=24,"CC_WEG=16,17,neu CC_RANG=24 CC_BSET=62-63:50:0 CC_IN=64:a;80:a"
B,boss_b_t_kette4_0,p0_s1_s1_cam02048,220,art=kette4 versatz=0 rang=24,"CC_WEG=16,17,neu CC_RANG=24 CC_BSET=62-63:50:0 CC_IN=64:a;80:a;97:a;115:a"
B,boss_b_t_sprn_0,p0_s1_s1_cam02048,160,art=sprn versatz=0 rang=24,"CC_WEG=16,17,neu CC_RANG=24 CC_BSET=62-63:60:0 CC_IN=62:j;64:a"
B,boss_b_t_sprh_0,p0_s1_s1_cam02048,160,art=sprh versatz=0 rang=24,"CC_WEG=16,17,neu CC_RANG=24 CC_BSET=62-63:60:0 CC_IN=62:j+u;64:a"
B,boss_b_t_spez_0,p0_s1_s1_cam02048,160,art=spez versatz=0 rang=24,"CC_WEG=16,17,neu CC_RANG=24 CC_BSET=62-63:50:0 CC_IN=64:a+j"
B,boss_b_t_sprint_0,p0_s1_s1_cam02048,160,art=sprint versatz=0 rang=24,"CC_WEG=16,17,neu CC_RANG=24 CC_BSET=62-63:90:0 CC_IN=58-59:r;62-75:r;72:a"
B,boss_b_t_wurf_0,p0_s1_s1_cam02048,200,art=wurf versatz=0 rang=24,"CC_WEG=16,17,neu CC_RANG=24 CC_BSET=62-63:-40:0 CC_IN=62-66:l;72:a+l"
B,boss_b_t_knie_0,p0_s1_s1_cam02048,200,art=knie versatz=0 rang=24,"CC_WEG=16,17,neu CC_RANG=24 CC_BSET=62-63:-40:0 CC_IN=62-66:l;72:a"
B,boss_b_t_mis_0,item_missile,120,art=mis versatz=0 rang=24,"CC_WEG=16,17,neu CC_RANG=24 CC_BSET=2-3:150:0 CC_IN=5:a"
B,boss_b_t_las_0,item_laser,120,art=las versatz=0 rang=24,"CC_WEG=16,17,neu CC_RANG=24 CC_BSET=2-3:150:0 CC_IN=5:a"
B,boss_b_t_tritt_0,p0_s1_s1_cam02048,200,art=tritt versatz=0 rang=24,"CC_WEG=16,17,neu CC_RANG=24 CC_SSET=16:2-70:50:0 CC_BSET=69-71:50:0 CC_IN=20:a;36:a;53:a;71:a"
B,boss_b_t_schlag_1,p0_s1_s1_cam02048,146,art=schlag versatz=6 rang=24,"CC_WEG=16,17,neu CC_RANG=24 CC_BSET=68-71:60:0 CC_IN=70:a"
B,boss_b_t_kette2_1,p0_s1_s1_cam02048,206,art=kette2 versatz=6 rang=24,"CC_WEG=16,17,neu CC_RANG=24 CC_BSET=68-69:50:0 CC_IN=70:a;86:a"
B,boss_b_t_kette4_1,p0_s1_s1_cam02048,226,art=kette4 versatz=6 rang=24,"CC_WEG=16,17,neu CC_RANG=24 CC_BSET=68-69:50:0 CC_IN=70:a;86:a;103:a;121:a"
B,boss_b_t_sprn_1,p0_s1_s1_cam02048,166,art=sprn versatz=6 rang=24,"CC_WEG=16,17,neu CC_RANG=24 CC_BSET=68-69:60:0 CC_IN=68:j;70:a"
B,boss_b_t_sprh_1,p0_s1_s1_cam02048,166,art=sprh versatz=6 rang=24,"CC_WEG=16,17,neu CC_RANG=24 CC_BSET=68-69:60:0 CC_IN=68:j+u;70:a"
B,boss_b_t_spez_1,p0_s1_s1_cam02048,166,art=spez versatz=6 rang=24,"CC_WEG=16,17,neu CC_RANG=24 CC_BSET=68-69:50:0 CC_IN=70:a+j"
B,boss_b_t_sprint_1,p0_s1_s1_cam02048,166,art=sprint versatz=6 rang=24,"CC_WEG=16,17,neu CC_RANG=24 CC_BSET=68-69:90:0 CC_IN=64-65:r;68-81:r;78:a"
B,boss_b_t_wurf_1,p0_s1_s1_cam02048,206,art=wurf versatz=6 rang=24,"CC_WEG=16,17,neu CC_RANG=24 CC_BSET=68-69:-40:0 CC_IN=68-72:l;78:a+l"
B,boss_b_t_knie_1,p0_s1_s1_cam02048,206,art=knie versatz=6 rang=24,"CC_WEG=16,17,neu CC_RANG=24 CC_BSET=68-69:-40:0 CC_IN=68-72:l;78:a"
B,boss_b_t_mis_1,item_missile,126,art=mis versatz=6 rang=24,"CC_WEG=16,17,neu CC_RANG=24 CC_BSET=8-9:150:0 CC_IN=11:a"
B,boss_b_t_las_1,item_laser,126,art=las versatz=6 rang=24,"CC_WEG=16,17,neu CC_RANG=24 CC_BSET=8-9:150:0 CC_IN=11:a"
B,boss_b_t_tritt_1,p0_s1_s1_cam02048,206,art=tritt versatz=6 rang=24,"CC_WEG=16,17,neu CC_RANG=24 CC_SSET=16:8-76:50:0 CC_BSET=75-77:50:0 CC_IN=26:a;42:a;59:a;77:a"
B,boss_b_t_schlag_2,p0_s1_s1_cam02048,152,art=schlag versatz=12 rang=24,"CC_WEG=16,17,neu CC_RANG=24 CC_BSET=74-77:60:0 CC_IN=76:a"
B,boss_b_t_kette2_2,p0_s1_s1_cam02048,212,art=kette2 versatz=12 rang=24,"CC_WEG=16,17,neu CC_RANG=24 CC_BSET=74-75:50:0 CC_IN=76:a;92:a"
B,boss_b_t_kette4_2,p0_s1_s1_cam02048,232,art=kette4 versatz=12 rang=24,"CC_WEG=16,17,neu CC_RANG=24 CC_BSET=74-75:50:0 CC_IN=76:a;92:a;109:a;127:a"
B,boss_b_t_sprn_2,p0_s1_s1_cam02048,172,art=sprn versatz=12 rang=24,"CC_WEG=16,17,neu CC_RANG=24 CC_BSET=74-75:60:0 CC_IN=74:j;76:a"
B,boss_b_t_sprh_2,p0_s1_s1_cam02048,172,art=sprh versatz=12 rang=24,"CC_WEG=16,17,neu CC_RANG=24 CC_BSET=74-75:60:0 CC_IN=74:j+u;76:a"
B,boss_b_t_spez_2,p0_s1_s1_cam02048,172,art=spez versatz=12 rang=24,"CC_WEG=16,17,neu CC_RANG=24 CC_BSET=74-75:50:0 CC_IN=76:a+j"
B,boss_b_t_sprint_2,p0_s1_s1_cam02048,172,art=sprint versatz=12 rang=24,"CC_WEG=16,17,neu CC_RANG=24 CC_BSET=74-75:90:0 CC_IN=70-71:r;74-87:r;84:a"
B,boss_b_t_wurf_2,p0_s1_s1_cam02048,212,art=wurf versatz=12 rang=24,"CC_WEG=16,17,neu CC_RANG=24 CC_BSET=74-75:-40:0 CC_IN=74-78:l;84:a+l"
B,boss_b_t_knie_2,p0_s1_s1_cam02048,212,art=knie versatz=12 rang=24,"CC_WEG=16,17,neu CC_RANG=24 CC_BSET=74-75:-40:0 CC_IN=74-78:l;84:a"
B,boss_b_t_mis_2,item_missile,132,art=mis versatz=12 rang=24,"CC_WEG=16,17,neu CC_RANG=24 CC_BSET=14-15:150:0 CC_IN=17:a"
B,boss_b_t_las_2,item_laser,132,art=las versatz=12 rang=24,"CC_WEG=16,17,neu CC_RANG=24 CC_BSET=14-15:150:0 CC_IN=17:a"
B,boss_b_t_tritt_2,p0_s1_s1_cam02048,212,art=tritt versatz=12 rang=24,"CC_WEG=16,17,neu CC_RANG=24 CC_SSET=16:14-82:50:0 CC_BSET=81-83:50:0 CC_IN=32:a;48:a;65:a;83:a"
B,boss_b_t_schlag_3,p0_s1_s1_cam02048,158,art=schlag versatz=18 rang=24,"CC_WEG=16,17,neu CC_RANG=24 CC_BSET=80-83:60:0 CC_IN=82:a"
B,boss_b_t_kette2_3,p0_s1_s1_cam02048,218,art=kette2 versatz=18 rang=24,"CC_WEG=16,17,neu CC_RANG=24 CC_BSET=80-81:50:0 CC_IN=82:a;98:a"
B,boss_b_t_kette4_3,p0_s1_s1_cam02048,238,art=kette4 versatz=18 rang=24,"CC_WEG=16,17,neu CC_RANG=24 CC_BSET=80-81:50:0 CC_IN=82:a;98:a;115:a;133:a"
B,boss_b_t_sprn_3,p0_s1_s1_cam02048,178,art=sprn versatz=18 rang=24,"CC_WEG=16,17,neu CC_RANG=24 CC_BSET=80-81:60:0 CC_IN=80:j;82:a"
B,boss_b_t_sprh_3,p0_s1_s1_cam02048,178,art=sprh versatz=18 rang=24,"CC_WEG=16,17,neu CC_RANG=24 CC_BSET=80-81:60:0 CC_IN=80:j+u;82:a"
B,boss_b_t_spez_3,p0_s1_s1_cam02048,178,art=spez versatz=18 rang=24,"CC_WEG=16,17,neu CC_RANG=24 CC_BSET=80-81:50:0 CC_IN=82:a+j"
B,boss_b_t_sprint_3,p0_s1_s1_cam02048,178,art=sprint versatz=18 rang=24,"CC_WEG=16,17,neu CC_RANG=24 CC_BSET=80-81:90:0 CC_IN=76-77:r;80-93:r;90:a"
B,boss_b_t_wurf_3,p0_s1_s1_cam02048,218,art=wurf versatz=18 rang=24,"CC_WEG=16,17,neu CC_RANG=24 CC_BSET=80-81:-40:0 CC_IN=80-84:l;90:a+l"
B,boss_b_t_knie_3,p0_s1_s1_cam02048,218,art=knie versatz=18 rang=24,"CC_WEG=16,17,neu CC_RANG=24 CC_BSET=80-81:-40:0 CC_IN=80-84:l;90:a"
B,boss_b_t_mis_3,item_missile,138,art=mis versatz=18 rang=24,"CC_WEG=16,17,neu CC_RANG=24 CC_BSET=20-21:150:0 CC_IN=23:a"
B,boss_b_t_las_3,item_laser,138,art=las versatz=18 rang=24,"CC_WEG=16,17,neu CC_RANG=24 CC_BSET=20-21:150:0 CC_IN=23:a"
B,boss_b_t_tritt_3,p0_s1_s1_cam02048,218,art=tritt versatz=18 rang=24,"CC_WEG=16,17,neu CC_RANG=24 CC_SSET=16:20-88:50:0 CC_BSET=87-89:50:0 CC_IN=38:a;54:a;71:a;89:a"
B,boss_b_t_schlag_4,p0_s1_s1_cam02048,164,art=schlag versatz=24 rang=24,"CC_WEG=16,17,neu CC_RANG=24 CC_BSET=86-89:60:0 CC_IN=88:a"
B,boss_b_t_kette2_4,p0_s1_s1_cam02048,224,art=kette2 versatz=24 rang=24,"CC_WEG=16,17,neu CC_RANG=24 CC_BSET=86-87:50:0 CC_IN=88:a;104:a"
B,boss_b_t_kette4_4,p0_s1_s1_cam02048,244,art=kette4 versatz=24 rang=24,"CC_WEG=16,17,neu CC_RANG=24 CC_BSET=86-87:50:0 CC_IN=88:a;104:a;121:a;139:a"
B,boss_b_t_sprn_4,p0_s1_s1_cam02048,184,art=sprn versatz=24 rang=24,"CC_WEG=16,17,neu CC_RANG=24 CC_BSET=86-87:60:0 CC_IN=86:j;88:a"
B,boss_b_t_sprh_4,p0_s1_s1_cam02048,184,art=sprh versatz=24 rang=24,"CC_WEG=16,17,neu CC_RANG=24 CC_BSET=86-87:60:0 CC_IN=86:j+u;88:a"
B,boss_b_t_spez_4,p0_s1_s1_cam02048,184,art=spez versatz=24 rang=24,"CC_WEG=16,17,neu CC_RANG=24 CC_BSET=86-87:50:0 CC_IN=88:a+j"
B,boss_b_t_sprint_4,p0_s1_s1_cam02048,184,art=sprint versatz=24 rang=24,"CC_WEG=16,17,neu CC_RANG=24 CC_BSET=86-87:90:0 CC_IN=82-83:r;86-99:r;96:a"
B,boss_b_t_wurf_4,p0_s1_s1_cam02048,224,art=wurf versatz=24 rang=24,"CC_WEG=16,17,neu CC_RANG=24 CC_BSET=86-87:-40:0 CC_IN=86-90:l;96:a+l"
B,boss_b_t_knie_4,p0_s1_s1_cam02048,224,art=knie versatz=24 rang=24,"CC_WEG=16,17,neu CC_RANG=24 CC_BSET=86-87:-40:0 CC_IN=86-90:l;96:a"
B,boss_b_t_mis_4,item_missile,144,art=mis versatz=24 rang=24,"CC_WEG=16,17,neu CC_RANG=24 CC_BSET=26-27:150:0 CC_IN=29:a"
B,boss_b_t_las_4,item_laser,144,art=las versatz=24 rang=24,"CC_WEG=16,17,neu CC_RANG=24 CC_BSET=26-27:150:0 CC_IN=29:a"
B,boss_b_t_tritt_4,p0_s1_s1_cam02048,224,art=tritt versatz=24 rang=24,"CC_WEG=16,17,neu CC_RANG=24 CC_SSET=16:26-94:50:0 CC_BSET=93-95:50:0 CC_IN=44:a;60:a;77:a;95:a"
B,boss_b_t_schlag_5,p0_s1_s1_cam02048,170,art=schlag versatz=30 rang=24,"CC_WEG=16,17,neu CC_RANG=24 CC_BSET=92-95:60:0 CC_IN=94:a"
B,boss_b_t_kette2_5,p0_s1_s1_cam02048,230,art=kette2 versatz=30 rang=24,"CC_WEG=16,17,neu CC_RANG=24 CC_BSET=92-93:50:0 CC_IN=94:a;110:a"
B,boss_b_t_kette4_5,p0_s1_s1_cam02048,250,art=kette4 versatz=30 rang=24,"CC_WEG=16,17,neu CC_RANG=24 CC_BSET=92-93:50:0 CC_IN=94:a;110:a;127:a;145:a"
B,boss_b_t_sprn_5,p0_s1_s1_cam02048,190,art=sprn versatz=30 rang=24,"CC_WEG=16,17,neu CC_RANG=24 CC_BSET=92-93:60:0 CC_IN=92:j;94:a"
B,boss_b_t_sprh_5,p0_s1_s1_cam02048,190,art=sprh versatz=30 rang=24,"CC_WEG=16,17,neu CC_RANG=24 CC_BSET=92-93:60:0 CC_IN=92:j+u;94:a"
B,boss_b_t_spez_5,p0_s1_s1_cam02048,190,art=spez versatz=30 rang=24,"CC_WEG=16,17,neu CC_RANG=24 CC_BSET=92-93:50:0 CC_IN=94:a+j"
B,boss_b_t_sprint_5,p0_s1_s1_cam02048,190,art=sprint versatz=30 rang=24,"CC_WEG=16,17,neu CC_RANG=24 CC_BSET=92-93:90:0 CC_IN=88-89:r;92-105:r;102:a"
B,boss_b_t_wurf_5,p0_s1_s1_cam02048,230,art=wurf versatz=30 rang=24,"CC_WEG=16,17,neu CC_RANG=24 CC_BSET=92-93:-40:0 CC_IN=92-96:l;102:a+l"
B,boss_b_t_knie_5,p0_s1_s1_cam02048,230,art=knie versatz=30 rang=24,"CC_WEG=16,17,neu CC_RANG=24 CC_BSET=92-93:-40:0 CC_IN=92-96:l;102:a"
B,boss_b_t_mis_5,item_missile,150,art=mis versatz=30 rang=24,"CC_WEG=16,17,neu CC_RANG=24 CC_BSET=32-33:150:0 CC_IN=35:a"
B,boss_b_t_las_5,item_laser,150,art=las versatz=30 rang=24,"CC_WEG=16,17,neu CC_RANG=24 CC_BSET=32-33:150:0 CC_IN=35:a"
B,boss_b_t_tritt_5,p0_s1_s1_cam02048,230,art=tritt versatz=30 rang=24,"CC_WEG=16,17,neu CC_RANG=24 CC_SSET=16:32-100:50:0 CC_BSET=99-101:50:0 CC_IN=50:a;66:a;83:a;101:a"
B,boss_b_t_schlag_6,p0_s1_s1_cam02048,176,art=schlag versatz=36 rang=24,"CC_WEG=16,17,neu CC_RANG=24 CC_BSET=98-101:60:0 CC_IN=100:a"
B,boss_b_t_kette2_6,p0_s1_s1_cam02048,236,art=kette2 versatz=36 rang=24,"CC_WEG=16,17,neu CC_RANG=24 CC_BSET=98-99:50:0 CC_IN=100:a;116:a"
B,boss_b_t_kette4_6,p0_s1_s1_cam02048,256,art=kette4 versatz=36 rang=24,"CC_WEG=16,17,neu CC_RANG=24 CC_BSET=98-99:50:0 CC_IN=100:a;116:a;133:a;151:a"
B,boss_b_t_sprn_6,p0_s1_s1_cam02048,196,art=sprn versatz=36 rang=24,"CC_WEG=16,17,neu CC_RANG=24 CC_BSET=98-99:60:0 CC_IN=98:j;100:a"
B,boss_b_t_sprh_6,p0_s1_s1_cam02048,196,art=sprh versatz=36 rang=24,"CC_WEG=16,17,neu CC_RANG=24 CC_BSET=98-99:60:0 CC_IN=98:j+u;100:a"
B,boss_b_t_spez_6,p0_s1_s1_cam02048,196,art=spez versatz=36 rang=24,"CC_WEG=16,17,neu CC_RANG=24 CC_BSET=98-99:50:0 CC_IN=100:a+j"
B,boss_b_t_sprint_6,p0_s1_s1_cam02048,196,art=sprint versatz=36 rang=24,"CC_WEG=16,17,neu CC_RANG=24 CC_BSET=98-99:90:0 CC_IN=94-95:r;98-111:r;108:a"
B,boss_b_t_wurf_6,p0_s1_s1_cam02048,236,art=wurf versatz=36 rang=24,"CC_WEG=16,17,neu CC_RANG=24 CC_BSET=98-99:-40:0 CC_IN=98-102:l;108:a+l"
B,boss_b_t_knie_6,p0_s1_s1_cam02048,236,art=knie versatz=36 rang=24,"CC_WEG=16,17,neu CC_RANG=24 CC_BSET=98-99:-40:0 CC_IN=98-102:l;108:a"
B,boss_b_t_mis_6,item_missile,156,art=mis versatz=36 rang=24,"CC_WEG=16,17,neu CC_RANG=24 CC_BSET=38-39:150:0 CC_IN=41:a"
B,boss_b_t_las_6,item_laser,156,art=las versatz=36 rang=24,"CC_WEG=16,17,neu CC_RANG=24 CC_BSET=38-39:150:0 CC_IN=41:a"
B,boss_b_t_tritt_6,p0_s1_s1_cam02048,236,art=tritt versatz=36 rang=24,"CC_WEG=16,17,neu CC_RANG=24 CC_SSET=16:38-106:50:0 CC_BSET=105-107:50:0 CC_IN=56:a;72:a;89:a;107:a"
B,boss_b_t_schlag_7,p0_s1_s1_cam02048,182,art=schlag versatz=42 rang=24,"CC_WEG=16,17,neu CC_RANG=24 CC_BSET=104-107:60:0 CC_IN=106:a"
B,boss_b_t_kette2_7,p0_s1_s1_cam02048,242,art=kette2 versatz=42 rang=24,"CC_WEG=16,17,neu CC_RANG=24 CC_BSET=104-105:50:0 CC_IN=106:a;122:a"
B,boss_b_t_kette4_7,p0_s1_s1_cam02048,262,art=kette4 versatz=42 rang=24,"CC_WEG=16,17,neu CC_RANG=24 CC_BSET=104-105:50:0 CC_IN=106:a;122:a;139:a;157:a"
B,boss_b_t_sprn_7,p0_s1_s1_cam02048,202,art=sprn versatz=42 rang=24,"CC_WEG=16,17,neu CC_RANG=24 CC_BSET=104-105:60:0 CC_IN=104:j;106:a"
B,boss_b_t_sprh_7,p0_s1_s1_cam02048,202,art=sprh versatz=42 rang=24,"CC_WEG=16,17,neu CC_RANG=24 CC_BSET=104-105:60:0 CC_IN=104:j+u;106:a"
B,boss_b_t_spez_7,p0_s1_s1_cam02048,202,art=spez versatz=42 rang=24,"CC_WEG=16,17,neu CC_RANG=24 CC_BSET=104-105:50:0 CC_IN=106:a+j"
B,boss_b_t_sprint_7,p0_s1_s1_cam02048,202,art=sprint versatz=42 rang=24,"CC_WEG=16,17,neu CC_RANG=24 CC_BSET=104-105:90:0 CC_IN=100-101:r;104-117:r;114:a"
B,boss_b_t_wurf_7,p0_s1_s1_cam02048,242,art=wurf versatz=42 rang=24,"CC_WEG=16,17,neu CC_RANG=24 CC_BSET=104-105:-40:0 CC_IN=104-108:l;114:a+l"
B,boss_b_t_knie_7,p0_s1_s1_cam02048,242,art=knie versatz=42 rang=24,"CC_WEG=16,17,neu CC_RANG=24 CC_BSET=104-105:-40:0 CC_IN=104-108:l;114:a"
B,boss_b_t_mis_7,item_missile,162,art=mis versatz=42 rang=24,"CC_WEG=16,17,neu CC_RANG=24 CC_BSET=44-45:150:0 CC_IN=47:a"
B,boss_b_t_las_7,item_laser,162,art=las versatz=42 rang=24,"CC_WEG=16,17,neu CC_RANG=24 CC_BSET=44-45:150:0 CC_IN=47:a"
B,boss_b_t_tritt_7,p0_s1_s1_cam02048,242,art=tritt versatz=42 rang=24,"CC_WEG=16,17,neu CC_RANG=24 CC_SSET=16:44-112:50:0 CC_BSET=111-113:50:0 CC_IN=62:a;78:a;95:a;113:a"
B,boss_b_t_schlag_8,p0_s1_s1_cam02048,188,art=schlag versatz=48 rang=24,"CC_WEG=16,17,neu CC_RANG=24 CC_BSET=110-113:60:0 CC_IN=112:a"
B,boss_b_t_kette2_8,p0_s1_s1_cam02048,248,art=kette2 versatz=48 rang=24,"CC_WEG=16,17,neu CC_RANG=24 CC_BSET=110-111:50:0 CC_IN=112:a;128:a"
B,boss_b_t_kette4_8,p0_s1_s1_cam02048,268,art=kette4 versatz=48 rang=24,"CC_WEG=16,17,neu CC_RANG=24 CC_BSET=110-111:50:0 CC_IN=112:a;128:a;145:a;163:a"
B,boss_b_t_sprn_8,p0_s1_s1_cam02048,208,art=sprn versatz=48 rang=24,"CC_WEG=16,17,neu CC_RANG=24 CC_BSET=110-111:60:0 CC_IN=110:j;112:a"
B,boss_b_t_sprh_8,p0_s1_s1_cam02048,208,art=sprh versatz=48 rang=24,"CC_WEG=16,17,neu CC_RANG=24 CC_BSET=110-111:60:0 CC_IN=110:j+u;112:a"
B,boss_b_t_spez_8,p0_s1_s1_cam02048,208,art=spez versatz=48 rang=24,"CC_WEG=16,17,neu CC_RANG=24 CC_BSET=110-111:50:0 CC_IN=112:a+j"
B,boss_b_t_sprint_8,p0_s1_s1_cam02048,208,art=sprint versatz=48 rang=24,"CC_WEG=16,17,neu CC_RANG=24 CC_BSET=110-111:90:0 CC_IN=106-107:r;110-123:r;120:a"
B,boss_b_t_wurf_8,p0_s1_s1_cam02048,248,art=wurf versatz=48 rang=24,"CC_WEG=16,17,neu CC_RANG=24 CC_BSET=110-111:-40:0 CC_IN=110-114:l;120:a+l"
B,boss_b_t_knie_8,p0_s1_s1_cam02048,248,art=knie versatz=48 rang=24,"CC_WEG=16,17,neu CC_RANG=24 CC_BSET=110-111:-40:0 CC_IN=110-114:l;120:a"
B,boss_b_t_mis_8,item_missile,168,art=mis versatz=48 rang=24,"CC_WEG=16,17,neu CC_RANG=24 CC_BSET=50-51:150:0 CC_IN=53:a"
B,boss_b_t_las_8,item_laser,168,art=las versatz=48 rang=24,"CC_WEG=16,17,neu CC_RANG=24 CC_BSET=50-51:150:0 CC_IN=53:a"
B,boss_b_t_tritt_8,p0_s1_s1_cam02048,248,art=tritt versatz=48 rang=24,"CC_WEG=16,17,neu CC_RANG=24 CC_SSET=16:50-118:50:0 CC_BSET=117-119:50:0 CC_IN=68:a;84:a;101:a;119:a"
B,boss_b_t_schlag_9,p0_s1_s1_cam02048,194,art=schlag versatz=54 rang=24,"CC_WEG=16,17,neu CC_RANG=24 CC_BSET=116-119:60:0 CC_IN=118:a"
B,boss_b_t_kette2_9,p0_s1_s1_cam02048,254,art=kette2 versatz=54 rang=24,"CC_WEG=16,17,neu CC_RANG=24 CC_BSET=116-117:50:0 CC_IN=118:a;134:a"
B,boss_b_t_kette4_9,p0_s1_s1_cam02048,274,art=kette4 versatz=54 rang=24,"CC_WEG=16,17,neu CC_RANG=24 CC_BSET=116-117:50:0 CC_IN=118:a;134:a;151:a;169:a"
B,boss_b_t_sprn_9,p0_s1_s1_cam02048,214,art=sprn versatz=54 rang=24,"CC_WEG=16,17,neu CC_RANG=24 CC_BSET=116-117:60:0 CC_IN=116:j;118:a"
B,boss_b_t_sprh_9,p0_s1_s1_cam02048,214,art=sprh versatz=54 rang=24,"CC_WEG=16,17,neu CC_RANG=24 CC_BSET=116-117:60:0 CC_IN=116:j+u;118:a"
B,boss_b_t_spez_9,p0_s1_s1_cam02048,214,art=spez versatz=54 rang=24,"CC_WEG=16,17,neu CC_RANG=24 CC_BSET=116-117:50:0 CC_IN=118:a+j"
B,boss_b_t_sprint_9,p0_s1_s1_cam02048,214,art=sprint versatz=54 rang=24,"CC_WEG=16,17,neu CC_RANG=24 CC_BSET=116-117:90:0 CC_IN=112-113:r;116-129:r;126:a"
B,boss_b_t_wurf_9,p0_s1_s1_cam02048,254,art=wurf versatz=54 rang=24,"CC_WEG=16,17,neu CC_RANG=24 CC_BSET=116-117:-40:0 CC_IN=116-120:l;126:a+l"
B,boss_b_t_knie_9,p0_s1_s1_cam02048,254,art=knie versatz=54 rang=24,"CC_WEG=16,17,neu CC_RANG=24 CC_BSET=116-117:-40:0 CC_IN=116-120:l;126:a"
B,boss_b_t_mis_9,item_missile,174,art=mis versatz=54 rang=24,"CC_WEG=16,17,neu CC_RANG=24 CC_BSET=56-57:150:0 CC_IN=59:a"
B,boss_b_t_las_9,item_laser,174,art=las versatz=54 rang=24,"CC_WEG=16,17,neu CC_RANG=24 CC_BSET=56-57:150:0 CC_IN=59:a"
B,boss_b_t_tritt_9,p0_s1_s1_cam02048,254,art=tritt versatz=54 rang=24,"CC_WEG=16,17,neu CC_RANG=24 CC_SSET=16:56-124:50:0 CC_BSET=123-125:50:0 CC_IN=74:a;90:a;107:a;125:a"
B,boss_b_t_schlag_10,p0_s1_s1_cam02048,200,art=schlag versatz=60 rang=24,"CC_WEG=16,17,neu CC_RANG=24 CC_BSET=122-125:60:0 CC_IN=124:a"
B,boss_b_t_kette2_10,p0_s1_s1_cam02048,260,art=kette2 versatz=60 rang=24,"CC_WEG=16,17,neu CC_RANG=24 CC_BSET=122-123:50:0 CC_IN=124:a;140:a"
B,boss_b_t_kette4_10,p0_s1_s1_cam02048,280,art=kette4 versatz=60 rang=24,"CC_WEG=16,17,neu CC_RANG=24 CC_BSET=122-123:50:0 CC_IN=124:a;140:a;157:a;175:a"
B,boss_b_t_sprn_10,p0_s1_s1_cam02048,220,art=sprn versatz=60 rang=24,"CC_WEG=16,17,neu CC_RANG=24 CC_BSET=122-123:60:0 CC_IN=122:j;124:a"
B,boss_b_t_sprh_10,p0_s1_s1_cam02048,220,art=sprh versatz=60 rang=24,"CC_WEG=16,17,neu CC_RANG=24 CC_BSET=122-123:60:0 CC_IN=122:j+u;124:a"
B,boss_b_t_spez_10,p0_s1_s1_cam02048,220,art=spez versatz=60 rang=24,"CC_WEG=16,17,neu CC_RANG=24 CC_BSET=122-123:50:0 CC_IN=124:a+j"
B,boss_b_t_sprint_10,p0_s1_s1_cam02048,220,art=sprint versatz=60 rang=24,"CC_WEG=16,17,neu CC_RANG=24 CC_BSET=122-123:90:0 CC_IN=118-119:r;122-135:r;132:a"
B,boss_b_t_wurf_10,p0_s1_s1_cam02048,260,art=wurf versatz=60 rang=24,"CC_WEG=16,17,neu CC_RANG=24 CC_BSET=122-123:-40:0 CC_IN=122-126:l;132:a+l"
B,boss_b_t_knie_10,p0_s1_s1_cam02048,260,art=knie versatz=60 rang=24,"CC_WEG=16,17,neu CC_RANG=24 CC_BSET=122-123:-40:0 CC_IN=122-126:l;132:a"
B,boss_b_t_mis_10,item_missile,180,art=mis versatz=60 rang=24,"CC_WEG=16,17,neu CC_RANG=24 CC_BSET=62-63:150:0 CC_IN=65:a"
B,boss_b_t_las_10,item_laser,180,art=las versatz=60 rang=24,"CC_WEG=16,17,neu CC_RANG=24 CC_BSET=62-63:150:0 CC_IN=65:a"
B,boss_b_t_tritt_10,p0_s1_s1_cam02048,260,art=tritt versatz=60 rang=24,"CC_WEG=16,17,neu CC_RANG=24 CC_SSET=16:62-130:50:0 CC_BSET=129-131:50:0 CC_IN=80:a;96:a;113:a;131:a"
B,boss_b_t_schlag_11,p0_s1_s1_cam02048,206,art=schlag versatz=66 rang=24,"CC_WEG=16,17,neu CC_RANG=24 CC_BSET=128-131:60:0 CC_IN=130:a"
B,boss_b_t_kette2_11,p0_s1_s1_cam02048,266,art=kette2 versatz=66 rang=24,"CC_WEG=16,17,neu CC_RANG=24 CC_BSET=128-129:50:0 CC_IN=130:a;146:a"
B,boss_b_t_kette4_11,p0_s1_s1_cam02048,286,art=kette4 versatz=66 rang=24,"CC_WEG=16,17,neu CC_RANG=24 CC_BSET=128-129:50:0 CC_IN=130:a;146:a;163:a;181:a"
B,boss_b_t_sprn_11,p0_s1_s1_cam02048,226,art=sprn versatz=66 rang=24,"CC_WEG=16,17,neu CC_RANG=24 CC_BSET=128-129:60:0 CC_IN=128:j;130:a"
B,boss_b_t_sprh_11,p0_s1_s1_cam02048,226,art=sprh versatz=66 rang=24,"CC_WEG=16,17,neu CC_RANG=24 CC_BSET=128-129:60:0 CC_IN=128:j+u;130:a"
B,boss_b_t_spez_11,p0_s1_s1_cam02048,226,art=spez versatz=66 rang=24,"CC_WEG=16,17,neu CC_RANG=24 CC_BSET=128-129:50:0 CC_IN=130:a+j"
B,boss_b_t_sprint_11,p0_s1_s1_cam02048,226,art=sprint versatz=66 rang=24,"CC_WEG=16,17,neu CC_RANG=24 CC_BSET=128-129:90:0 CC_IN=124-125:r;128-141:r;138:a"
B,boss_b_t_wurf_11,p0_s1_s1_cam02048,266,art=wurf versatz=66 rang=24,"CC_WEG=16,17,neu CC_RANG=24 CC_BSET=128-129:-40:0 CC_IN=128-132:l;138:a+l"
B,boss_b_t_knie_11,p0_s1_s1_cam02048,266,art=knie versatz=66 rang=24,"CC_WEG=16,17,neu CC_RANG=24 CC_BSET=128-129:-40:0 CC_IN=128-132:l;138:a"
B,boss_b_t_mis_11,item_missile,186,art=mis versatz=66 rang=24,"CC_WEG=16,17,neu CC_RANG=24 CC_BSET=68-69:150:0 CC_IN=71:a"
B,boss_b_t_las_11,item_laser,186,art=las versatz=66 rang=24,"CC_WEG=16,17,neu CC_RANG=24 CC_BSET=68-69:150:0 CC_IN=71:a"
B,boss_b_t_tritt_11,p0_s1_s1_cam02048,266,art=tritt versatz=66 rang=24,"CC_WEG=16,17,neu CC_RANG=24 CC_SSET=16:68-136:50:0 CC_BSET=135-137:50:0 CC_IN=86:a;102:a;119:a;137:a"
B,boss_b_t_schlag_12,p0_s1_s1_cam02048,212,art=schlag versatz=72 rang=24,"CC_WEG=16,17,neu CC_RANG=24 CC_BSET=134-137:60:0 CC_IN=136:a"
B,boss_b_t_kette2_12,p0_s1_s1_cam02048,272,art=kette2 versatz=72 rang=24,"CC_WEG=16,17,neu CC_RANG=24 CC_BSET=134-135:50:0 CC_IN=136:a;152:a"
B,boss_b_t_kette4_12,p0_s1_s1_cam02048,292,art=kette4 versatz=72 rang=24,"CC_WEG=16,17,neu CC_RANG=24 CC_BSET=134-135:50:0 CC_IN=136:a;152:a;169:a;187:a"
B,boss_b_t_sprn_12,p0_s1_s1_cam02048,232,art=sprn versatz=72 rang=24,"CC_WEG=16,17,neu CC_RANG=24 CC_BSET=134-135:60:0 CC_IN=134:j;136:a"
B,boss_b_t_sprh_12,p0_s1_s1_cam02048,232,art=sprh versatz=72 rang=24,"CC_WEG=16,17,neu CC_RANG=24 CC_BSET=134-135:60:0 CC_IN=134:j+u;136:a"
B,boss_b_t_spez_12,p0_s1_s1_cam02048,232,art=spez versatz=72 rang=24,"CC_WEG=16,17,neu CC_RANG=24 CC_BSET=134-135:50:0 CC_IN=136:a+j"
B,boss_b_t_sprint_12,p0_s1_s1_cam02048,232,art=sprint versatz=72 rang=24,"CC_WEG=16,17,neu CC_RANG=24 CC_BSET=134-135:90:0 CC_IN=130-131:r;134-147:r;144:a"
B,boss_b_t_wurf_12,p0_s1_s1_cam02048,272,art=wurf versatz=72 rang=24,"CC_WEG=16,17,neu CC_RANG=24 CC_BSET=134-135:-40:0 CC_IN=134-138:l;144:a+l"
B,boss_b_t_knie_12,p0_s1_s1_cam02048,272,art=knie versatz=72 rang=24,"CC_WEG=16,17,neu CC_RANG=24 CC_BSET=134-135:-40:0 CC_IN=134-138:l;144:a"
B,boss_b_t_mis_12,item_missile,192,art=mis versatz=72 rang=24,"CC_WEG=16,17,neu CC_RANG=24 CC_BSET=74-75:150:0 CC_IN=77:a"
B,boss_b_t_las_12,item_laser,192,art=las versatz=72 rang=24,"CC_WEG=16,17,neu CC_RANG=24 CC_BSET=74-75:150:0 CC_IN=77:a"
B,boss_b_t_tritt_12,p0_s1_s1_cam02048,272,art=tritt versatz=72 rang=24,"CC_WEG=16,17,neu CC_RANG=24 CC_SSET=16:74-142:50:0 CC_BSET=141-143:50:0 CC_IN=92:a;108:a;125:a;143:a"
B,boss_b_t_schlag_13,p0_s1_s1_cam02048,218,art=schlag versatz=78 rang=24,"CC_WEG=16,17,neu CC_RANG=24 CC_BSET=140-143:60:0 CC_IN=142:a"
B,boss_b_t_kette2_13,p0_s1_s1_cam02048,278,art=kette2 versatz=78 rang=24,"CC_WEG=16,17,neu CC_RANG=24 CC_BSET=140-141:50:0 CC_IN=142:a;158:a"
B,boss_b_t_kette4_13,p0_s1_s1_cam02048,298,art=kette4 versatz=78 rang=24,"CC_WEG=16,17,neu CC_RANG=24 CC_BSET=140-141:50:0 CC_IN=142:a;158:a;175:a;193:a"
B,boss_b_t_sprn_13,p0_s1_s1_cam02048,238,art=sprn versatz=78 rang=24,"CC_WEG=16,17,neu CC_RANG=24 CC_BSET=140-141:60:0 CC_IN=140:j;142:a"
B,boss_b_t_sprh_13,p0_s1_s1_cam02048,238,art=sprh versatz=78 rang=24,"CC_WEG=16,17,neu CC_RANG=24 CC_BSET=140-141:60:0 CC_IN=140:j+u;142:a"
B,boss_b_t_spez_13,p0_s1_s1_cam02048,238,art=spez versatz=78 rang=24,"CC_WEG=16,17,neu CC_RANG=24 CC_BSET=140-141:50:0 CC_IN=142:a+j"
B,boss_b_t_sprint_13,p0_s1_s1_cam02048,238,art=sprint versatz=78 rang=24,"CC_WEG=16,17,neu CC_RANG=24 CC_BSET=140-141:90:0 CC_IN=136-137:r;140-153:r;150:a"
B,boss_b_t_wurf_13,p0_s1_s1_cam02048,278,art=wurf versatz=78 rang=24,"CC_WEG=16,17,neu CC_RANG=24 CC_BSET=140-141:-40:0 CC_IN=140-144:l;150:a+l"
B,boss_b_t_knie_13,p0_s1_s1_cam02048,278,art=knie versatz=78 rang=24,"CC_WEG=16,17,neu CC_RANG=24 CC_BSET=140-141:-40:0 CC_IN=140-144:l;150:a"
B,boss_b_t_mis_13,item_missile,198,art=mis versatz=78 rang=24,"CC_WEG=16,17,neu CC_RANG=24 CC_BSET=80-81:150:0 CC_IN=83:a"
B,boss_b_t_las_13,item_laser,198,art=las versatz=78 rang=24,"CC_WEG=16,17,neu CC_RANG=24 CC_BSET=80-81:150:0 CC_IN=83:a"
B,boss_b_t_tritt_13,p0_s1_s1_cam02048,278,art=tritt versatz=78 rang=24,"CC_WEG=16,17,neu CC_RANG=24 CC_SSET=16:80-148:50:0 CC_BSET=147-149:50:0 CC_IN=98:a;114:a;131:a;149:a"
B,boss_b_t_schlag_14,p0_s1_s1_cam02048,224,art=schlag versatz=84 rang=24,"CC_WEG=16,17,neu CC_RANG=24 CC_BSET=146-149:60:0 CC_IN=148:a"
B,boss_b_t_kette2_14,p0_s1_s1_cam02048,284,art=kette2 versatz=84 rang=24,"CC_WEG=16,17,neu CC_RANG=24 CC_BSET=146-147:50:0 CC_IN=148:a;164:a"
B,boss_b_t_kette4_14,p0_s1_s1_cam02048,304,art=kette4 versatz=84 rang=24,"CC_WEG=16,17,neu CC_RANG=24 CC_BSET=146-147:50:0 CC_IN=148:a;164:a;181:a;199:a"
B,boss_b_t_sprn_14,p0_s1_s1_cam02048,244,art=sprn versatz=84 rang=24,"CC_WEG=16,17,neu CC_RANG=24 CC_BSET=146-147:60:0 CC_IN=146:j;148:a"
B,boss_b_t_sprh_14,p0_s1_s1_cam02048,244,art=sprh versatz=84 rang=24,"CC_WEG=16,17,neu CC_RANG=24 CC_BSET=146-147:60:0 CC_IN=146:j+u;148:a"
B,boss_b_t_spez_14,p0_s1_s1_cam02048,244,art=spez versatz=84 rang=24,"CC_WEG=16,17,neu CC_RANG=24 CC_BSET=146-147:50:0 CC_IN=148:a+j"
B,boss_b_t_sprint_14,p0_s1_s1_cam02048,244,art=sprint versatz=84 rang=24,"CC_WEG=16,17,neu CC_RANG=24 CC_BSET=146-147:90:0 CC_IN=142-143:r;146-159:r;156:a"
B,boss_b_t_wurf_14,p0_s1_s1_cam02048,284,art=wurf versatz=84 rang=24,"CC_WEG=16,17,neu CC_RANG=24 CC_BSET=146-147:-40:0 CC_IN=146-150:l;156:a+l"
B,boss_b_t_knie_14,p0_s1_s1_cam02048,284,art=knie versatz=84 rang=24,"CC_WEG=16,17,neu CC_RANG=24 CC_BSET=146-147:-40:0 CC_IN=146-150:l;156:a"
B,boss_b_t_mis_14,item_missile,204,art=mis versatz=84 rang=24,"CC_WEG=16,17,neu CC_RANG=24 CC_BSET=86-87:150:0 CC_IN=89:a"
B,boss_b_t_las_14,item_laser,204,art=las versatz=84 rang=24,"CC_WEG=16,17,neu CC_RANG=24 CC_BSET=86-87:150:0 CC_IN=89:a"
B,boss_b_t_tritt_14,p0_s1_s1_cam02048,284,art=tritt versatz=84 rang=24,"CC_WEG=16,17,neu CC_RANG=24 CC_SSET=16:86-154:50:0 CC_BSET=153-155:50:0 CC_IN=104:a;120:a;137:a;155:a"
B,boss_b_t_schlag_15,p0_s1_s1_cam02048,230,art=schlag versatz=90 rang=24,"CC_WEG=16,17,neu CC_RANG=24 CC_BSET=152-155:60:0 CC_IN=154:a"
B,boss_b_t_kette2_15,p0_s1_s1_cam02048,290,art=kette2 versatz=90 rang=24,"CC_WEG=16,17,neu CC_RANG=24 CC_BSET=152-153:50:0 CC_IN=154:a;170:a"
B,boss_b_t_kette4_15,p0_s1_s1_cam02048,310,art=kette4 versatz=90 rang=24,"CC_WEG=16,17,neu CC_RANG=24 CC_BSET=152-153:50:0 CC_IN=154:a;170:a;187:a;205:a"
B,boss_b_t_sprn_15,p0_s1_s1_cam02048,250,art=sprn versatz=90 rang=24,"CC_WEG=16,17,neu CC_RANG=24 CC_BSET=152-153:60:0 CC_IN=152:j;154:a"
B,boss_b_t_sprh_15,p0_s1_s1_cam02048,250,art=sprh versatz=90 rang=24,"CC_WEG=16,17,neu CC_RANG=24 CC_BSET=152-153:60:0 CC_IN=152:j+u;154:a"
B,boss_b_t_spez_15,p0_s1_s1_cam02048,250,art=spez versatz=90 rang=24,"CC_WEG=16,17,neu CC_RANG=24 CC_BSET=152-153:50:0 CC_IN=154:a+j"
B,boss_b_t_sprint_15,p0_s1_s1_cam02048,250,art=sprint versatz=90 rang=24,"CC_WEG=16,17,neu CC_RANG=24 CC_BSET=152-153:90:0 CC_IN=148-149:r;152-165:r;162:a"
B,boss_b_t_wurf_15,p0_s1_s1_cam02048,290,art=wurf versatz=90 rang=24,"CC_WEG=16,17,neu CC_RANG=24 CC_BSET=152-153:-40:0 CC_IN=152-156:l;162:a+l"
B,boss_b_t_knie_15,p0_s1_s1_cam02048,290,art=knie versatz=90 rang=24,"CC_WEG=16,17,neu CC_RANG=24 CC_BSET=152-153:-40:0 CC_IN=152-156:l;162:a"
B,boss_b_t_mis_15,item_missile,210,art=mis versatz=90 rang=24,"CC_WEG=16,17,neu CC_RANG=24 CC_BSET=92-93:150:0 CC_IN=95:a"
B,boss_b_t_las_15,item_laser,210,art=las versatz=90 rang=24,"CC_WEG=16,17,neu CC_RANG=24 CC_BSET=92-93:150:0 CC_IN=95:a"
B,boss_b_t_tritt_15,p0_s1_s1_cam02048,290,art=tritt versatz=90 rang=24,"CC_WEG=16,17,neu CC_RANG=24 CC_SSET=16:92-160:50:0 CC_BSET=159-161:50:0 CC_IN=110:a;126:a;143:a;161:a"
C,boss_c_aufs160,p0_s1_s1_cam02048,190,probe=160 umgeworfen=sprint,"CC_WEG=16,17,neu CC_BSET=62-63:90:0 CC_IN=58-59:r;62-75:r;72:a;158:a CC_FIG=160-161:55:0"
C,boss_c_aufs178,p0_s1_s1_cam02048,208,probe=178 umgeworfen=sprint,"CC_WEG=16,17,neu CC_BSET=62-63:90:0 CC_IN=58-59:r;62-75:r;72:a;176:a CC_FIG=178-179:55:0"
C,boss_c_aufs182,p0_s1_s1_cam02048,212,probe=182 umgeworfen=sprint,"CC_WEG=16,17,neu CC_BSET=62-63:90:0 CC_IN=58-59:r;62-75:r;72:a;180:a CC_FIG=182-183:55:0"
C,boss_c_aufs184,p0_s1_s1_cam02048,214,probe=184 umgeworfen=sprint,"CC_WEG=16,17,neu CC_BSET=62-63:90:0 CC_IN=58-59:r;62-75:r;72:a;182:a CC_FIG=184-185:55:0"
C,boss_c_aufs186,p0_s1_s1_cam02048,216,probe=186 umgeworfen=sprint,"CC_WEG=16,17,neu CC_BSET=62-63:90:0 CC_IN=58-59:r;62-75:r;72:a;184:a CC_FIG=186-187:55:0"
C,boss_c_aufs190,p0_s1_s1_cam02048,220,probe=190 umgeworfen=sprint,"CC_WEG=16,17,neu CC_BSET=62-63:90:0 CC_IN=58-59:r;62-75:r;72:a;188:a CC_FIG=190-191:55:0"
C,boss_c_aufs192,p0_s1_s1_cam02048,222,probe=192 umgeworfen=sprint,"CC_WEG=16,17,neu CC_BSET=62-63:90:0 CC_IN=58-59:r;62-75:r;72:a;190:a CC_FIG=192-193:55:0"
C,boss_c_aufs193,p0_s1_s1_cam02048,223,probe=193 umgeworfen=sprint,"CC_WEG=16,17,neu CC_BSET=62-63:90:0 CC_IN=58-59:r;62-75:r;72:a;191:a CC_FIG=193-194:55:0"
C,boss_c_aufs194,p0_s1_s1_cam02048,224,probe=194 umgeworfen=sprint,"CC_WEG=16,17,neu CC_BSET=62-63:90:0 CC_IN=58-59:r;62-75:r;72:a;192:a CC_FIG=194-195:55:0"
C,boss_c_aufs195,p0_s1_s1_cam02048,225,probe=195 umgeworfen=sprint,"CC_WEG=16,17,neu CC_BSET=62-63:90:0 CC_IN=58-59:r;62-75:r;72:a;193:a CC_FIG=195-196:55:0"
C,boss_c_aufs196,p0_s1_s1_cam02048,226,probe=196 umgeworfen=sprint,"CC_WEG=16,17,neu CC_BSET=62-63:90:0 CC_IN=58-59:r;62-75:r;72:a;194:a CC_FIG=196-197:55:0"
C,boss_c_aufs197,p0_s1_s1_cam02048,227,probe=197 umgeworfen=sprint,"CC_WEG=16,17,neu CC_BSET=62-63:90:0 CC_IN=58-59:r;62-75:r;72:a;195:a CC_FIG=197-198:55:0"
C,boss_c_aufs198,p0_s1_s1_cam02048,228,probe=198 umgeworfen=sprint,"CC_WEG=16,17,neu CC_BSET=62-63:90:0 CC_IN=58-59:r;62-75:r;72:a;196:a CC_FIG=198-199:55:0"
C,boss_c_aufs200,p0_s1_s1_cam02048,230,probe=200 umgeworfen=sprint,"CC_WEG=16,17,neu CC_BSET=62-63:90:0 CC_IN=58-59:r;62-75:r;72:a;198:a CC_FIG=200-201:55:0"
C,boss_c_aufj150,p0_s1_s1_cam02048,180,probe=150 umgeworfen=sprung,"CC_WEG=16,17,neu CC_BSET=62-63:60:0 CC_IN=62:j;64:a;148:a CC_FIG=150-151:55:0"
C,boss_c_aufj172,p0_s1_s1_cam02048,202,probe=172 umgeworfen=sprung,"CC_WEG=16,17,neu CC_BSET=62-63:60:0 CC_IN=62:j;64:a;170:a CC_FIG=172-173:55:0"
C,boss_c_aufj174,p0_s1_s1_cam02048,204,probe=174 umgeworfen=sprung,"CC_WEG=16,17,neu CC_BSET=62-63:60:0 CC_IN=62:j;64:a;172:a CC_FIG=174-175:55:0"
C,boss_c_aufj176,p0_s1_s1_cam02048,206,probe=176 umgeworfen=sprung,"CC_WEG=16,17,neu CC_BSET=62-63:60:0 CC_IN=62:j;64:a;174:a CC_FIG=176-177:55:0"
C,boss_c_aufj180,p0_s1_s1_cam02048,210,probe=180 umgeworfen=sprung,"CC_WEG=16,17,neu CC_BSET=62-63:60:0 CC_IN=62:j;64:a;178:a CC_FIG=180-181:55:0"
C,boss_c_aufj185,p0_s1_s1_cam02048,215,probe=185 umgeworfen=sprung,"CC_WEG=16,17,neu CC_BSET=62-63:60:0 CC_IN=62:j;64:a;183:a CC_FIG=185-186:55:0"
C,boss_c_aufj186,p0_s1_s1_cam02048,216,probe=186 umgeworfen=sprung,"CC_WEG=16,17,neu CC_BSET=62-63:60:0 CC_IN=62:j;64:a;184:a CC_FIG=186-187:55:0"
C,boss_c_aufj187,p0_s1_s1_cam02048,217,probe=187 umgeworfen=sprung,"CC_WEG=16,17,neu CC_BSET=62-63:60:0 CC_IN=62:j;64:a;185:a CC_FIG=187-188:55:0"
C,boss_c_aufj188,p0_s1_s1_cam02048,218,probe=188 umgeworfen=sprung,"CC_WEG=16,17,neu CC_BSET=62-63:60:0 CC_IN=62:j;64:a;186:a CC_FIG=188-189:55:0"
C,boss_c_aufj189,p0_s1_s1_cam02048,219,probe=189 umgeworfen=sprung,"CC_WEG=16,17,neu CC_BSET=62-63:60:0 CC_IN=62:j;64:a;187:a CC_FIG=189-190:55:0"
C,boss_c_aufj190,p0_s1_s1_cam02048,220,probe=190 umgeworfen=sprung,"CC_WEG=16,17,neu CC_BSET=62-63:60:0 CC_IN=62:j;64:a;188:a CC_FIG=190-191:55:0"
C,boss_c_aufj192,p0_s1_s1_cam02048,222,probe=192 umgeworfen=sprung,"CC_WEG=16,17,neu CC_BSET=62-63:60:0 CC_IN=62:j;64:a;190:a CC_FIG=192-193:55:0"
C,boss_c_sp45_184,p0_s1_s1_cam02048,224,probe=184 umgeworfen=sprint spezial d=45,"CC_WEG=16,17,neu CC_BSET=62-63:90:0 CC_IN=58-59:r;62-75:r;72:a;176:a+j CC_FIG=184-204:45:0"
C,boss_c_sp55_184,p0_s1_s1_cam02048,224,probe=184 umgeworfen=sprint spezial d=55,"CC_WEG=16,17,neu CC_BSET=62-63:90:0 CC_IN=58-59:r;62-75:r;72:a;176:a+j CC_FIG=184-204:55:0"
C,boss_c_sp45_188,p0_s1_s1_cam02048,228,probe=188 umgeworfen=sprint spezial d=45,"CC_WEG=16,17,neu CC_BSET=62-63:90:0 CC_IN=58-59:r;62-75:r;72:a;180:a+j CC_FIG=188-208:45:0"
C,boss_c_sp55_188,p0_s1_s1_cam02048,228,probe=188 umgeworfen=sprint spezial d=55,"CC_WEG=16,17,neu CC_BSET=62-63:90:0 CC_IN=58-59:r;62-75:r;72:a;180:a+j CC_FIG=188-208:55:0"
C,boss_c_sp45_192,p0_s1_s1_cam02048,232,probe=192 umgeworfen=sprint spezial d=45,"CC_WEG=16,17,neu CC_BSET=62-63:90:0 CC_IN=58-59:r;62-75:r;72:a;184:a+j CC_FIG=192-212:45:0"
C,boss_c_sp55_192,p0_s1_s1_cam02048,232,probe=192 umgeworfen=sprint spezial d=55,"CC_WEG=16,17,neu CC_BSET=62-63:90:0 CC_IN=58-59:r;62-75:r;72:a;184:a+j CC_FIG=192-212:55:0"
C,boss_c_r50,boss_q_r,160,schlag=50,"CC_WEG=16,17,neu CC_IN=50:a"
C,boss_c_r56,boss_q_r,160,schlag=56,"CC_WEG=16,17,neu CC_IN=56:a"
C,boss_c_r58,boss_q_r,160,schlag=58,"CC_WEG=16,17,neu CC_IN=58:a"
C,boss_c_r60,boss_q_r,160,schlag=60,"CC_WEG=16,17,neu CC_IN=60:a"
C,boss_c_r62,boss_q_r,160,schlag=62,"CC_WEG=16,17,neu CC_IN=62:a"
D,boss_d_k_x-30,p0_s1_s1_cam02048,120,art=K d=-30 dz=0 h=0,"CC_WEG=16,17,neu CC_BSET=62-69:50:0 CC_AB=1:04a97e CC_FIG=1-20:-30:0"
D,boss_d_k_x-20,p0_s1_s1_cam02048,120,art=K d=-20 dz=0 h=0,"CC_WEG=16,17,neu CC_BSET=62-69:50:0 CC_AB=1:04a97e CC_FIG=1-20:-20:0"
D,boss_d_k_x-15,p0_s1_s1_cam02048,120,art=K d=-15 dz=0 h=0,"CC_WEG=16,17,neu CC_BSET=62-69:50:0 CC_AB=1:04a97e CC_FIG=1-20:-15:0"
D,boss_d_k_x-12,p0_s1_s1_cam02048,120,art=K d=-12 dz=0 h=0,"CC_WEG=16,17,neu CC_BSET=62-69:50:0 CC_AB=1:04a97e CC_FIG=1-20:-12:0"
D,boss_d_k_x-11,p0_s1_s1_cam02048,120,art=K d=-11 dz=0 h=0,"CC_WEG=16,17,neu CC_BSET=62-69:50:0 CC_AB=1:04a97e CC_FIG=1-20:-11:0"
D,boss_d_k_x-10,p0_s1_s1_cam02048,120,art=K d=-10 dz=0 h=0,"CC_WEG=16,17,neu CC_BSET=62-69:50:0 CC_AB=1:04a97e CC_FIG=1-20:-10:0"
D,boss_d_k_x0,p0_s1_s1_cam02048,120,art=K d=0 dz=0 h=0,"CC_WEG=16,17,neu CC_BSET=62-69:50:0 CC_AB=1:04a97e CC_FIG=1-20:0:0"
D,boss_d_k_x40,p0_s1_s1_cam02048,120,art=K d=40 dz=0 h=0,"CC_WEG=16,17,neu CC_BSET=62-69:50:0 CC_AB=1:04a97e CC_FIG=1-20:40:0"
D,boss_d_k_x80,p0_s1_s1_cam02048,120,art=K d=80 dz=0 h=0,"CC_WEG=16,17,neu CC_BSET=62-69:50:0 CC_AB=1:04a97e CC_FIG=1-20:80:0"
D,boss_d_k_x100,p0_s1_s1_cam02048,120,art=K d=100 dz=0 h=0,"CC_WEG=16,17,neu CC_BSET=62-69:50:0 CC_AB=1:04a97e CC_FIG=1-20:100:0"
D,boss_d_k_x104,p0_s1_s1_cam02048,120,art=K d=104 dz=0 h=0,"CC_WEG=16,17,neu CC_BSET=62-69:50:0 CC_AB=1:04a97e CC_FIG=1-20:104:0"
D,boss_d_k_x105,p0_s1_s1_cam02048,120,art=K d=105 dz=0 h=0,"CC_WEG=16,17,neu CC_BSET=62-69:50:0 CC_AB=1:04a97e CC_FIG=1-20:105:0"
D,boss_d_k_x106,p0_s1_s1_cam02048,120,art=K d=106 dz=0 h=0,"CC_WEG=16,17,neu CC_BSET=62-69:50:0 CC_AB=1:04a97e CC_FIG=1-20:106:0"
D,boss_d_k_x107,p0_s1_s1_cam02048,120,art=K d=107 dz=0 h=0,"CC_WEG=16,17,neu CC_BSET=62-69:50:0 CC_AB=1:04a97e CC_FIG=1-20:107:0"
D,boss_d_k_x108,p0_s1_s1_cam02048,120,art=K d=108 dz=0 h=0,"CC_WEG=16,17,neu CC_BSET=62-69:50:0 CC_AB=1:04a97e CC_FIG=1-20:108:0"
D,boss_d_k_x110,p0_s1_s1_cam02048,120,art=K d=110 dz=0 h=0,"CC_WEG=16,17,neu CC_BSET=62-69:50:0 CC_AB=1:04a97e CC_FIG=1-20:110:0"
D,boss_d_k_x120,p0_s1_s1_cam02048,120,art=K d=120 dz=0 h=0,"CC_WEG=16,17,neu CC_BSET=62-69:50:0 CC_AB=1:04a97e CC_FIG=1-20:120:0"
D,boss_d_k_z-14,p0_s1_s1_cam02048,120,art=K d=40 dz=-14 h=0,"CC_WEG=16,17,neu CC_BSET=62-69:50:0 CC_AB=1:04a97e CC_FIG=1-20:40:-14"
D,boss_d_k_z-13,p0_s1_s1_cam02048,120,art=K d=40 dz=-13 h=0,"CC_WEG=16,17,neu CC_BSET=62-69:50:0 CC_AB=1:04a97e CC_FIG=1-20:40:-13"
D,boss_d_k_z-12,p0_s1_s1_cam02048,120,art=K d=40 dz=-12 h=0,"CC_WEG=16,17,neu CC_BSET=62-69:50:0 CC_AB=1:04a97e CC_FIG=1-20:40:-12"
D,boss_d_k_z12,p0_s1_s1_cam02048,120,art=K d=40 dz=12 h=0,"CC_WEG=16,17,neu CC_BSET=62-69:50:0 CC_AB=1:04a97e CC_FIG=1-20:40:12"
D,boss_d_k_z13,p0_s1_s1_cam02048,120,art=K d=40 dz=13 h=0,"CC_WEG=16,17,neu CC_BSET=62-69:50:0 CC_AB=1:04a97e CC_FIG=1-20:40:13"
D,boss_d_k_z14,p0_s1_s1_cam02048,120,art=K d=40 dz=14 h=0,"CC_WEG=16,17,neu CC_BSET=62-69:50:0 CC_AB=1:04a97e CC_FIG=1-20:40:14"
D,boss_d_k_h40,p0_s1_s1_cam02048,120,art=K d=40 dz=0 h=40,"CC_WEG=16,17,neu CC_BSET=62-69:50:0 CC_AB=1:04a97e CC_FIG=1-20:40:0:40"
D,boss_d_k_h60,p0_s1_s1_cam02048,120,art=K d=40 dz=0 h=60,"CC_WEG=16,17,neu CC_BSET=62-69:50:0 CC_AB=1:04a97e CC_FIG=1-20:40:0:60"
D,boss_d_k_h64,p0_s1_s1_cam02048,120,art=K d=40 dz=0 h=64,"CC_WEG=16,17,neu CC_BSET=62-69:50:0 CC_AB=1:04a97e CC_FIG=1-20:40:0:64"
D,boss_d_k_h68,p0_s1_s1_cam02048,120,art=K d=40 dz=0 h=68,"CC_WEG=16,17,neu CC_BSET=62-69:50:0 CC_AB=1:04a97e CC_FIG=1-20:40:0:68"
D,boss_d_k_h72,p0_s1_s1_cam02048,120,art=K d=40 dz=0 h=72,"CC_WEG=16,17,neu CC_BSET=62-69:50:0 CC_AB=1:04a97e CC_FIG=1-20:40:0:72"
D,boss_d_k_h76,p0_s1_s1_cam02048,120,art=K d=40 dz=0 h=76,"CC_WEG=16,17,neu CC_BSET=62-69:50:0 CC_AB=1:04a97e CC_FIG=1-20:40:0:76"
D,boss_d_k_h80,p0_s1_s1_cam02048,120,art=K d=40 dz=0 h=80,"CC_WEG=16,17,neu CC_BSET=62-69:50:0 CC_AB=1:04a97e CC_FIG=1-20:40:0:80"
D,boss_d_s_x-30,p0_s1_s1_cam02048,220,art=S d=-30 dz=0 h=0,"CC_WEG=16,17,neu CC_AB=1:04a67c CC_AB_MIN=62 CC_FIG=1-30:-30:0"
D,boss_d_s_x-20,p0_s1_s1_cam02048,220,art=S d=-20 dz=0 h=0,"CC_WEG=16,17,neu CC_AB=1:04a67c CC_AB_MIN=62 CC_FIG=1-30:-20:0"
D,boss_d_s_x-15,p0_s1_s1_cam02048,220,art=S d=-15 dz=0 h=0,"CC_WEG=16,17,neu CC_AB=1:04a67c CC_AB_MIN=62 CC_FIG=1-30:-15:0"
D,boss_d_s_x-12,p0_s1_s1_cam02048,220,art=S d=-12 dz=0 h=0,"CC_WEG=16,17,neu CC_AB=1:04a67c CC_AB_MIN=62 CC_FIG=1-30:-12:0"
D,boss_d_s_x-11,p0_s1_s1_cam02048,220,art=S d=-11 dz=0 h=0,"CC_WEG=16,17,neu CC_AB=1:04a67c CC_AB_MIN=62 CC_FIG=1-30:-11:0"
D,boss_d_s_x-10,p0_s1_s1_cam02048,220,art=S d=-10 dz=0 h=0,"CC_WEG=16,17,neu CC_AB=1:04a67c CC_AB_MIN=62 CC_FIG=1-30:-10:0"
D,boss_d_s_x0,p0_s1_s1_cam02048,220,art=S d=0 dz=0 h=0,"CC_WEG=16,17,neu CC_AB=1:04a67c CC_AB_MIN=62 CC_FIG=1-30:0:0"
D,boss_d_s_x40,p0_s1_s1_cam02048,220,art=S d=40 dz=0 h=0,"CC_WEG=16,17,neu CC_AB=1:04a67c CC_AB_MIN=62 CC_FIG=1-30:40:0"
D,boss_d_s_x80,p0_s1_s1_cam02048,220,art=S d=80 dz=0 h=0,"CC_WEG=16,17,neu CC_AB=1:04a67c CC_AB_MIN=62 CC_FIG=1-30:80:0"
D,boss_d_s_x96,p0_s1_s1_cam02048,220,art=S d=96 dz=0 h=0,"CC_WEG=16,17,neu CC_AB=1:04a67c CC_AB_MIN=62 CC_FIG=1-30:96:0"
D,boss_d_s_x98,p0_s1_s1_cam02048,220,art=S d=98 dz=0 h=0,"CC_WEG=16,17,neu CC_AB=1:04a67c CC_AB_MIN=62 CC_FIG=1-30:98:0"
D,boss_d_s_x100,p0_s1_s1_cam02048,220,art=S d=100 dz=0 h=0,"CC_WEG=16,17,neu CC_AB=1:04a67c CC_AB_MIN=62 CC_FIG=1-30:100:0"
D,boss_d_s_x101,p0_s1_s1_cam02048,220,art=S d=101 dz=0 h=0,"CC_WEG=16,17,neu CC_AB=1:04a67c CC_AB_MIN=62 CC_FIG=1-30:101:0"
D,boss_d_s_x102,p0_s1_s1_cam02048,220,art=S d=102 dz=0 h=0,"CC_WEG=16,17,neu CC_AB=1:04a67c CC_AB_MIN=62 CC_FIG=1-30:102:0"
D,boss_d_s_x104,p0_s1_s1_cam02048,220,art=S d=104 dz=0 h=0,"CC_WEG=16,17,neu CC_AB=1:04a67c CC_AB_MIN=62 CC_FIG=1-30:104:0"
D,boss_d_s_x106,p0_s1_s1_cam02048,220,art=S d=106 dz=0 h=0,"CC_WEG=16,17,neu CC_AB=1:04a67c CC_AB_MIN=62 CC_FIG=1-30:106:0"
D,boss_d_s_x110,p0_s1_s1_cam02048,220,art=S d=110 dz=0 h=0,"CC_WEG=16,17,neu CC_AB=1:04a67c CC_AB_MIN=62 CC_FIG=1-30:110:0"
D,boss_d_s_z-14,p0_s1_s1_cam02048,220,art=S d=40 dz=-14 h=0,"CC_WEG=16,17,neu CC_AB=1:04a67c CC_AB_MIN=62 CC_FIG=1-30:40:-14"
D,boss_d_s_z-13,p0_s1_s1_cam02048,220,art=S d=40 dz=-13 h=0,"CC_WEG=16,17,neu CC_AB=1:04a67c CC_AB_MIN=62 CC_FIG=1-30:40:-13"
D,boss_d_s_z-12,p0_s1_s1_cam02048,220,art=S d=40 dz=-12 h=0,"CC_WEG=16,17,neu CC_AB=1:04a67c CC_AB_MIN=62 CC_FIG=1-30:40:-12"
D,boss_d_s_z12,p0_s1_s1_cam02048,220,art=S d=40 dz=12 h=0,"CC_WEG=16,17,neu CC_AB=1:04a67c CC_AB_MIN=62 CC_FIG=1-30:40:12"
D,boss_d_s_z13,p0_s1_s1_cam02048,220,art=S d=40 dz=13 h=0,"CC_WEG=16,17,neu CC_AB=1:04a67c CC_AB_MIN=62 CC_FIG=1-30:40:13"
D,boss_d_s_z14,p0_s1_s1_cam02048,220,art=S d=40 dz=14 h=0,"CC_WEG=16,17,neu CC_AB=1:04a67c CC_AB_MIN=62 CC_FIG=1-30:40:14"
D,boss_d_s_h40,p0_s1_s1_cam02048,220,art=S d=40 dz=0 h=40,"CC_WEG=16,17,neu CC_AB=1:04a67c CC_AB_MIN=62 CC_FIG=1-30:40:0:40"
D,boss_d_s_h60,p0_s1_s1_cam02048,220,art=S d=40 dz=0 h=60,"CC_WEG=16,17,neu CC_AB=1:04a67c CC_AB_MIN=62 CC_FIG=1-30:40:0:60"
D,boss_d_s_h70,p0_s1_s1_cam02048,220,art=S d=40 dz=0 h=70,"CC_WEG=16,17,neu CC_AB=1:04a67c CC_AB_MIN=62 CC_FIG=1-30:40:0:70"
D,boss_d_s_h80,p0_s1_s1_cam02048,220,art=S d=40 dz=0 h=80,"CC_WEG=16,17,neu CC_AB=1:04a67c CC_AB_MIN=62 CC_FIG=1-30:40:0:80"
D,boss_d_s_h90,p0_s1_s1_cam02048,220,art=S d=40 dz=0 h=90,"CC_WEG=16,17,neu CC_AB=1:04a67c CC_AB_MIN=62 CC_FIG=1-30:40:0:90"
D,boss_d_s_h100,p0_s1_s1_cam02048,220,art=S d=40 dz=0 h=100,"CC_WEG=16,17,neu CC_AB=1:04a67c CC_AB_MIN=62 CC_FIG=1-30:40:0:100"
D,boss_d_r_z-14,boss_q_r,120,art=R d=frei dz=-14 h=0,"CC_WEG=16,17,neu CC_AB=1:04a26a CC_FIG=1-45:_:-14"
D,boss_d_r_z-13,boss_q_r,120,art=R d=frei dz=-13 h=0,"CC_WEG=16,17,neu CC_AB=1:04a26a CC_FIG=1-45:_:-13"
D,boss_d_r_z-12,boss_q_r,120,art=R d=frei dz=-12 h=0,"CC_WEG=16,17,neu CC_AB=1:04a26a CC_FIG=1-45:_:-12"
D,boss_d_r_z0,boss_q_r,120,art=R d=frei dz=0 h=0,"CC_WEG=16,17,neu CC_AB=1:04a26a CC_FIG=1-45:_:0"
D,boss_d_r_z12,boss_q_r,120,art=R d=frei dz=12 h=0,"CC_WEG=16,17,neu CC_AB=1:04a26a CC_FIG=1-45:_:12"
D,boss_d_r_z13,boss_q_r,120,art=R d=frei dz=13 h=0,"CC_WEG=16,17,neu CC_AB=1:04a26a CC_FIG=1-45:_:13"
D,boss_d_r_z14,boss_q_r,120,art=R d=frei dz=14 h=0,"CC_WEG=16,17,neu CC_AB=1:04a26a CC_FIG=1-45:_:14"
D,boss_d_r_h20,boss_q_r,120,art=R d=frei dz=0 h=20,"CC_WEG=16,17,neu CC_AB=1:04a26a CC_FIG=1-45:_:0:20"
D,boss_d_r_h60,boss_q_r,120,art=R d=frei dz=0 h=60,"CC_WEG=16,17,neu CC_AB=1:04a26a CC_FIG=1-45:_:0:60"
D,boss_d_r_h80,boss_q_r,120,art=R d=frei dz=0 h=80,"CC_WEG=16,17,neu CC_AB=1:04a26a CC_FIG=1-45:_:0:80"
D,boss_d_r_h100,boss_q_r,120,art=R d=frei dz=0 h=100,"CC_WEG=16,17,neu CC_AB=1:04a26a CC_FIG=1-45:_:0:100"
D,boss_d_r_h120,boss_q_r,120,art=R d=frei dz=0 h=120,"CC_WEG=16,17,neu CC_AB=1:04a26a CC_FIG=1-45:_:0:120"
D,boss_d_r_x-30,boss_q_r,120,art=R d=-30 dz=0 h=0 (mitgefuehrt),"CC_WEG=16,17,neu CC_AB=1:04a26a CC_FIG=1-45:-30:0"
D,boss_d_r_x-10,boss_q_r,120,art=R d=-10 dz=0 h=0 (mitgefuehrt),"CC_WEG=16,17,neu CC_AB=1:04a26a CC_FIG=1-45:-10:0"
D,boss_d_r_x40,boss_q_r,120,art=R d=40 dz=0 h=0 (mitgefuehrt),"CC_WEG=16,17,neu CC_AB=1:04a26a CC_FIG=1-45:40:0"
D,boss_d_r_x44,boss_q_r,120,art=R d=44 dz=0 h=0 (mitgefuehrt),"CC_WEG=16,17,neu CC_AB=1:04a26a CC_FIG=1-45:44:0"
D,boss_d_r_x48,boss_q_r,120,art=R d=48 dz=0 h=0 (mitgefuehrt),"CC_WEG=16,17,neu CC_AB=1:04a26a CC_FIG=1-45:48:0"
D,boss_d_r_x52,boss_q_r,120,art=R d=52 dz=0 h=0 (mitgefuehrt),"CC_WEG=16,17,neu CC_AB=1:04a26a CC_FIG=1-45:52:0"
D,boss_d_r_x56,boss_q_r,120,art=R d=56 dz=0 h=0 (mitgefuehrt),"CC_WEG=16,17,neu CC_AB=1:04a26a CC_FIG=1-45:56:0"
D,boss_d_p_k32,boss_q_p,100,art=P d=0 dz=0 h=0 ab=A+32,"CC_WEG=16,17,neu CC_AB=1:04b842 CC_FIG=32-70:0:0"
D,boss_d_p_k45,boss_q_p,100,art=P d=0 dz=0 h=0 ab=A+45,"CC_WEG=16,17,neu CC_AB=1:04b842 CC_FIG=45-70:0:0"
D,boss_d_p_k48,boss_q_p,100,art=P d=0 dz=0 h=0 ab=A+48,"CC_WEG=16,17,neu CC_AB=1:04b842 CC_FIG=48-70:0:0"
D,boss_d_p_k50,boss_q_p,100,art=P d=0 dz=0 h=0 ab=A+50,"CC_WEG=16,17,neu CC_AB=1:04b842 CC_FIG=50-70:0:0"
D,boss_d_p_k51,boss_q_p,100,art=P d=0 dz=0 h=0 ab=A+51,"CC_WEG=16,17,neu CC_AB=1:04b842 CC_FIG=51-70:0:0"
D,boss_d_p_k52,boss_q_p,100,art=P d=0 dz=0 h=0 ab=A+52,"CC_WEG=16,17,neu CC_AB=1:04b842 CC_FIG=52-70:0:0"
D,boss_d_p_k55,boss_q_p,100,art=P d=0 dz=0 h=0 ab=A+55,"CC_WEG=16,17,neu CC_AB=1:04b842 CC_FIG=55-70:0:0"
D,boss_d_p_k60,boss_q_p,100,art=P d=0 dz=0 h=0 ab=A+60,"CC_WEG=16,17,neu CC_AB=1:04b842 CC_FIG=60-70:0:0"
D,boss_d_p_h20,boss_q_p,100,art=P d=0 dz=0 h=20 ab=A+32,"CC_WEG=16,17,neu CC_AB=1:04b842 CC_FIG=32-50:0:0:20"
D,boss_d_p_h30,boss_q_p,100,art=P d=0 dz=0 h=30 ab=A+32,"CC_WEG=16,17,neu CC_AB=1:04b842 CC_FIG=32-50:0:0:30"
D,boss_d_p_h40,boss_q_p,100,art=P d=0 dz=0 h=40 ab=A+32,"CC_WEG=16,17,neu CC_AB=1:04b842 CC_FIG=32-50:0:0:40"
D,boss_d_p_h60,boss_q_p,100,art=P d=0 dz=0 h=60 ab=A+32,"CC_WEG=16,17,neu CC_AB=1:04b842 CC_FIG=32-50:0:0:60"
D,boss_d_p_x-40,boss_q_p,100,art=P d=-40 dz=0 h=0 ab=A+45,"CC_WEG=16,17,neu CC_AB=1:04b842 CC_FIG=45-70:-40:0"
D,boss_d_p_x-30,boss_q_p,100,art=P d=-30 dz=0 h=0 ab=A+45,"CC_WEG=16,17,neu CC_AB=1:04b842 CC_FIG=45-70:-30:0"
D,boss_d_p_x-25,boss_q_p,100,art=P d=-25 dz=0 h=0 ab=A+45,"CC_WEG=16,17,neu CC_AB=1:04b842 CC_FIG=45-70:-25:0"
D,boss_d_p_x-22,boss_q_p,100,art=P d=-22 dz=0 h=0 ab=A+45,"CC_WEG=16,17,neu CC_AB=1:04b842 CC_FIG=45-70:-22:0"
D,boss_d_p_x-20,boss_q_p,100,art=P d=-20 dz=0 h=0 ab=A+45,"CC_WEG=16,17,neu CC_AB=1:04b842 CC_FIG=45-70:-20:0"
D,boss_d_p_x-10,boss_q_p,100,art=P d=-10 dz=0 h=0 ab=A+45,"CC_WEG=16,17,neu CC_AB=1:04b842 CC_FIG=45-70:-10:0"
D,boss_d_p_x0,boss_q_p,100,art=P d=0 dz=0 h=0 ab=A+45,"CC_WEG=16,17,neu CC_AB=1:04b842 CC_FIG=45-70:0:0"
D,boss_d_p_x10,boss_q_p,100,art=P d=10 dz=0 h=0 ab=A+45,"CC_WEG=16,17,neu CC_AB=1:04b842 CC_FIG=45-70:10:0"
D,boss_d_p_x20,boss_q_p,100,art=P d=20 dz=0 h=0 ab=A+45,"CC_WEG=16,17,neu CC_AB=1:04b842 CC_FIG=45-70:20:0"
D,boss_d_p_x25,boss_q_p,100,art=P d=25 dz=0 h=0 ab=A+45,"CC_WEG=16,17,neu CC_AB=1:04b842 CC_FIG=45-70:25:0"
D,boss_d_p_z-14,boss_q_p,100,art=P d=0 dz=-14 h=0 ab=A+45,"CC_WEG=16,17,neu CC_AB=1:04b842 CC_FIG=45-70:0:-14"
D,boss_d_p_z-13,boss_q_p,100,art=P d=0 dz=-13 h=0 ab=A+45,"CC_WEG=16,17,neu CC_AB=1:04b842 CC_FIG=45-70:0:-13"
D,boss_d_p_z-12,boss_q_p,100,art=P d=0 dz=-12 h=0 ab=A+45,"CC_WEG=16,17,neu CC_AB=1:04b842 CC_FIG=45-70:0:-12"
D,boss_d_p_z12,boss_q_p,100,art=P d=0 dz=12 h=0 ab=A+45,"CC_WEG=16,17,neu CC_AB=1:04b842 CC_FIG=45-70:0:12"
D,boss_d_p_z13,boss_q_p,100,art=P d=0 dz=13 h=0 ab=A+45,"CC_WEG=16,17,neu CC_AB=1:04b842 CC_FIG=45-70:0:13"
D,boss_d_p_z14,boss_q_p,100,art=P d=0 dz=14 h=0 ab=A+45,"CC_WEG=16,17,neu CC_AB=1:04b842 CC_FIG=45-70:0:14"
D,boss_d_g_x-20,p0_s1_s1_cam02048,100,art=G d=-20 dz=0,"CC_WEG=16,17,neu CC_BSET=62-63:-20:0"
D,boss_d_g_x-10,p0_s1_s1_cam02048,100,art=G d=-10 dz=0,"CC_WEG=16,17,neu CC_BSET=62-63:-10:0"
D,boss_d_g_x0,p0_s1_s1_cam02048,100,art=G d=0 dz=0,"CC_WEG=16,17,neu CC_BSET=62-63:0:0"
D,boss_d_g_x30,p0_s1_s1_cam02048,100,art=G d=30 dz=0,"CC_WEG=16,17,neu CC_BSET=62-63:30:0"
D,boss_d_g_x45,p0_s1_s1_cam02048,100,art=G d=45 dz=0,"CC_WEG=16,17,neu CC_BSET=62-63:45:0"
D,boss_d_g_x48,p0_s1_s1_cam02048,100,art=G d=48 dz=0,"CC_WEG=16,17,neu CC_BSET=62-63:48:0"
D,boss_d_g_x49,p0_s1_s1_cam02048,100,art=G d=49 dz=0,"CC_WEG=16,17,neu CC_BSET=62-63:49:0"
D,boss_d_g_x50,p0_s1_s1_cam02048,100,art=G d=50 dz=0,"CC_WEG=16,17,neu CC_BSET=62-63:50:0"
D,boss_d_g_x52,p0_s1_s1_cam02048,100,art=G d=52 dz=0,"CC_WEG=16,17,neu CC_BSET=62-63:52:0"
D,boss_d_g_z-8,p0_s1_s1_cam02048,100,art=G d=40 dz=-8,"CC_WEG=16,17,neu CC_BSET=62-63:40:-8"
D,boss_d_g_z-7,p0_s1_s1_cam02048,100,art=G d=40 dz=-7,"CC_WEG=16,17,neu CC_BSET=62-63:40:-7"
D,boss_d_g_z-6,p0_s1_s1_cam02048,100,art=G d=40 dz=-6,"CC_WEG=16,17,neu CC_BSET=62-63:40:-6"
D,boss_d_g_z6,p0_s1_s1_cam02048,100,art=G d=40 dz=6,"CC_WEG=16,17,neu CC_BSET=62-63:40:6"
D,boss_d_g_z7,p0_s1_s1_cam02048,100,art=G d=40 dz=7,"CC_WEG=16,17,neu CC_BSET=62-63:40:7"
D,boss_d_g_z8,p0_s1_s1_cam02048,100,art=G d=40 dz=8,"CC_WEG=16,17,neu CC_BSET=62-63:40:8"
E,boss_e_p9,p0_s1_s1_cam02048,8000,passiv rang=9,"CC_WEG=16,17,neu CC_RANG=9"
E,boss_e_p9b,p0_s1_s1_cam02048,8000,"passiv rang=9, zuerst 30 F hoch","CC_WEG=16,17,neu CC_RANG=9 CC_IN=2-31:u"
E,boss_e_q9,boss_q_b,8000,passiv rang=9,"CC_WEG=16,17,neu CC_RANG=9"
E,boss_e_p20,p0_s1_s1_cam02048,8000,passiv rang=20,"CC_WEG=16,17,neu CC_RANG=20"
E,boss_e_p20b,p0_s1_s1_cam02048,8000,"passiv rang=20, zuerst 30 F hoch","CC_WEG=16,17,neu CC_RANG=20 CC_IN=2-31:u"
E,boss_e_q20,boss_q_b,8000,passiv rang=20,"CC_WEG=16,17,neu CC_RANG=20"
E,boss_e_pnat,p0_s1_s1_cam02048,8000,"passiv, rang natuerlich","CC_WEG=16,17,neu"
E,boss_e_qnat,boss_q_b,8000,"passiv, rang natuerlich","CC_WEG=16,17,neu"
F,boss_f_e57,p0_s1_s1_cam02048,200,blp=57,"CC_WEG=16,17 CC_BLP=70:57"
F,boss_f_e56,p0_s1_s1_cam02048,200,blp=56,"CC_WEG=16,17 CC_BLP=70:56"
F,boss_f_e55,p0_s1_s1_cam02048,200,blp=55,"CC_WEG=16,17 CC_BLP=70:55"
F,boss_f_e54,p0_s1_s1_cam02048,200,blp=54,"CC_WEG=16,17 CC_BLP=70:54"
F,boss_f_d29,p0_s1_s1_cam02048,300,"blp=30 dann 29, EDDY in 100 entfernt","CC_WEG=16,17 CC_BLP=60:30,120:29 CC_ENTF2=typ:60CA0 CC_ENTF2_AB=100"
F,boss_f_d28,p0_s1_s1_cam02048,300,"blp=30 dann 28, EDDY in 100 entfernt","CC_WEG=16,17 CC_BLP=60:30,120:28 CC_ENTF2=typ:60CA0 CC_ENTF2_AB=100"
F,boss_f_d27,p0_s1_s1_cam02048,300,"blp=30 dann 27, EDDY in 100 entfernt","CC_WEG=16,17 CC_BLP=60:30,120:27 CC_ENTF2=typ:60CA0 CC_ENTF2_AB=100"
F,boss_f_d26,p0_s1_s1_cam02048,300,"blp=30 dann 26, EDDY in 100 entfernt","CC_WEG=16,17 CC_BLP=60:30,120:26 CC_ENTF2=typ:60CA0 CC_ENTF2_AB=100"
F,boss_f_r9_e51,p0_s1_s1_cam01793,300,rang=9 blp=51,"CC_RANG=9 CC_IN=2-150:r CC_WEG=16,17 CC_BLP=200:51"
F,boss_f_r9_e50,p0_s1_s1_cam01793,300,rang=9 blp=50,"CC_RANG=9 CC_IN=2-150:r CC_WEG=16,17 CC_BLP=200:50"
F,boss_f_r9_d26,p0_s1_s1_cam01793,320,"rang=9 blp=30 dann 26, EDDY in 210 entfernt","CC_RANG=9 CC_IN=2-150:r CC_WEG=16,17 CC_BLP=200:30,220:26 CC_ENTF2=typ:60CA0 CC_ENTF2_AB=210"
F,boss_f_r9_d25,p0_s1_s1_cam01793,320,"rang=9 blp=30 dann 25, EDDY in 210 entfernt","CC_RANG=9 CC_IN=2-150:r CC_WEG=16,17 CC_BLP=200:30,220:25 CC_ENTF2=typ:60CA0 CC_ENTF2_AB=210"
F,boss_f_rueck1,p0_s1_s1_cam02048,300,"blp=59, stufe 1 (dauerhaft 56), stufe 2 zurueck (52)","CC_WEG=16,17 CC_BLP=60:59 CC_BSET=62-63:50:0 CC_IN=64:a;80:a"
F,boss_f_rueck2,p0_s1_s1_cam02048,300,"blp=57, erster treffer zurueck (54)","CC_WEG=16,17 CC_BLP=150:57 CC_IN=155:a;171:a"
F,boss_f_dick_alle,p0_s1_s1_cam02048,300,"blp 30 dann 27, alle leben (WOOKY, EDDY ausserhalb)","CC_WEG=16,17,neu CC_BLP=60:30,120:27"
F,boss_f_dick_ohne_eddy,p0_s1_s1_cam02048,300,"blp 30 dann 27, beide EDDY in 100 entfernt","CC_WEG=16,17 CC_BLP=60:30,120:27 CC_ENTF2=typ:60CA0 CC_ENTF2_AB=100"
F,boss_f_dick_ein_eddy,p0_s1_s1_cam02048,300,"blp 30 dann 27, ein EDDY (Slot 15) in 100 entfernt","CC_WEG=16,17 CC_BLP=60:30,120:27 CC_ENTF2=15 CC_ENTF2_AB=100"
F,boss_f_wooky_weg,p0_s1_s1_cam02048,300,WOOKY Slot 16 in Frame 5 entfernt,CC_ENTF=16 CC_ENTF_AB=5 CC_WEG=17
G,boss_g_lp0,p0_s1_s1_cam02048,300,"blp=3, stufe 1 trifft (3)","CC_WEG=16,17,neu CC_BLP=60:3 CC_BSET=62-63:50:0 CC_IN=64:a"
G,boss_g_lp0b,p0_s1_s1_cam02048,1200,blp=0 ohne Treffer,"CC_WEG=16,17,neu CC_BLP=60:0"
G,boss_g_tod_s,p0_s1_s1_cam02048,700,"blp=2, stufe 1 (-1), uebrige Gegner frei",CC_BLP=60:2 CC_BSET=62-63:50:0 CC_IN=64:a CC_SNAPS=230-420:2
G,boss_g_tod_sp,p0_s1_s1_cam02048,700,"blp=2, spezial (-4), uebrige Gegner frei",CC_BLP=60:2 CC_BSET=62-63:50:0 CC_IN=64:a+j CC_SNAPS=230-420:2
G,boss_g_k5,p0_s1_s1_cam02048,260,"blp=1 in A des kurzen Schlags, Tod in A+5","CC_WEG=16,17,neu CC_BSET=62-69:50:0 CC_BLP=70:1 CC_IN=73:a"
G,boss_g_k7,p0_s1_s1_cam02048,260,"blp=1, Tod im ersten aktiven Frame A+7","CC_WEG=16,17,neu CC_BSET=62-69:50:0 CC_BLP=70:1 CC_IN=75:a"
G,boss_g_s15,p0_s1_s1_cam02048,260,"blp=1, Tod im Armschwung A+15","CC_WEG=16,17,neu CC_BLP=160:1 CC_IN=170:a"
G,boss_g_s17,p0_s1_s1_cam02048,260,"blp=1, Tod im ersten aktiven Frame A+17","CC_WEG=16,17,neu CC_BLP=160:1 CC_IN=172:a"
M,boss_m_k20_0,boss_q_m,210,art=kette4 rang=20 versatz=0,"CC_WEG=16,17,neu CC_RANG=20 CC_BSET=10-11:50:0 CC_IN=12:a;28:a;45:a;63:a"
M,boss_m_sprn20_0,boss_q_m,170,art=sprn rang=20 versatz=0,"CC_WEG=16,17,neu CC_RANG=20 CC_BSET=10-11:60:0 CC_IN=10:j;12:a"
M,boss_m_sprint20_0,boss_q_m,170,art=sprint rang=20 versatz=0,"CC_WEG=16,17,neu CC_RANG=20 CC_BSET=10-11:90:0 CC_IN=6-7:r;10-23:r;20:a"
M,boss_m_k20_1,boss_q_m,215,art=kette4 rang=20 versatz=1,"CC_WEG=16,17,neu CC_RANG=20 CC_BSET=15-16:50:0 CC_IN=17:a;33:a;50:a;68:a"
M,boss_m_sprn20_1,boss_q_m,175,art=sprn rang=20 versatz=1,"CC_WEG=16,17,neu CC_RANG=20 CC_BSET=15-16:60:0 CC_IN=15:j;17:a"
M,boss_m_sprint20_1,boss_q_m,175,art=sprint rang=20 versatz=1,"CC_WEG=16,17,neu CC_RANG=20 CC_BSET=15-16:90:0 CC_IN=11-12:r;15-28:r;25:a"
M,boss_m_k20_2,boss_q_m,220,art=kette4 rang=20 versatz=2,"CC_WEG=16,17,neu CC_RANG=20 CC_BSET=20-21:50:0 CC_IN=22:a;38:a;55:a;73:a"
M,boss_m_sprn20_2,boss_q_m,180,art=sprn rang=20 versatz=2,"CC_WEG=16,17,neu CC_RANG=20 CC_BSET=20-21:60:0 CC_IN=20:j;22:a"
M,boss_m_sprint20_2,boss_q_m,180,art=sprint rang=20 versatz=2,"CC_WEG=16,17,neu CC_RANG=20 CC_BSET=20-21:90:0 CC_IN=16-17:r;20-33:r;30:a"
M,boss_m_k20_3,boss_q_m,225,art=kette4 rang=20 versatz=3,"CC_WEG=16,17,neu CC_RANG=20 CC_BSET=25-26:50:0 CC_IN=27:a;43:a;60:a;78:a"
M,boss_m_sprn20_3,boss_q_m,185,art=sprn rang=20 versatz=3,"CC_WEG=16,17,neu CC_RANG=20 CC_BSET=25-26:60:0 CC_IN=25:j;27:a"
M,boss_m_sprint20_3,boss_q_m,185,art=sprint rang=20 versatz=3,"CC_WEG=16,17,neu CC_RANG=20 CC_BSET=25-26:90:0 CC_IN=21-22:r;25-38:r;35:a"
M,boss_m_k20_4,boss_q_m,230,art=kette4 rang=20 versatz=4,"CC_WEG=16,17,neu CC_RANG=20 CC_BSET=30-31:50:0 CC_IN=32:a;48:a;65:a;83:a"
M,boss_m_sprn20_4,boss_q_m,190,art=sprn rang=20 versatz=4,"CC_WEG=16,17,neu CC_RANG=20 CC_BSET=30-31:60:0 CC_IN=30:j;32:a"
M,boss_m_sprint20_4,boss_q_m,190,art=sprint rang=20 versatz=4,"CC_WEG=16,17,neu CC_RANG=20 CC_BSET=30-31:90:0 CC_IN=26-27:r;30-43:r;40:a"
M,boss_m_k20_5,boss_q_m,235,art=kette4 rang=20 versatz=5,"CC_WEG=16,17,neu CC_RANG=20 CC_BSET=35-36:50:0 CC_IN=37:a;53:a;70:a;88:a"
M,boss_m_sprn20_5,boss_q_m,195,art=sprn rang=20 versatz=5,"CC_WEG=16,17,neu CC_RANG=20 CC_BSET=35-36:60:0 CC_IN=35:j;37:a"
M,boss_m_sprint20_5,boss_q_m,195,art=sprint rang=20 versatz=5,"CC_WEG=16,17,neu CC_RANG=20 CC_BSET=35-36:90:0 CC_IN=31-32:r;35-48:r;45:a"
M,boss_m_k20_6,boss_q_m,240,art=kette4 rang=20 versatz=6,"CC_WEG=16,17,neu CC_RANG=20 CC_BSET=40-41:50:0 CC_IN=42:a;58:a;75:a;93:a"
M,boss_m_sprn20_6,boss_q_m,200,art=sprn rang=20 versatz=6,"CC_WEG=16,17,neu CC_RANG=20 CC_BSET=40-41:60:0 CC_IN=40:j;42:a"
M,boss_m_sprint20_6,boss_q_m,200,art=sprint rang=20 versatz=6,"CC_WEG=16,17,neu CC_RANG=20 CC_BSET=40-41:90:0 CC_IN=36-37:r;40-53:r;50:a"
M,boss_m_k20_7,boss_q_m,245,art=kette4 rang=20 versatz=7,"CC_WEG=16,17,neu CC_RANG=20 CC_BSET=45-46:50:0 CC_IN=47:a;63:a;80:a;98:a"
M,boss_m_sprn20_7,boss_q_m,205,art=sprn rang=20 versatz=7,"CC_WEG=16,17,neu CC_RANG=20 CC_BSET=45-46:60:0 CC_IN=45:j;47:a"
M,boss_m_sprint20_7,boss_q_m,205,art=sprint rang=20 versatz=7,"CC_WEG=16,17,neu CC_RANG=20 CC_BSET=45-46:90:0 CC_IN=41-42:r;45-58:r;55:a"
M,boss_m_k20_8,boss_q_m,250,art=kette4 rang=20 versatz=8,"CC_WEG=16,17,neu CC_RANG=20 CC_BSET=50-51:50:0 CC_IN=52:a;68:a;85:a;103:a"
M,boss_m_sprn20_8,boss_q_m,210,art=sprn rang=20 versatz=8,"CC_WEG=16,17,neu CC_RANG=20 CC_BSET=50-51:60:0 CC_IN=50:j;52:a"
M,boss_m_sprint20_8,boss_q_m,210,art=sprint rang=20 versatz=8,"CC_WEG=16,17,neu CC_RANG=20 CC_BSET=50-51:90:0 CC_IN=46-47:r;50-63:r;60:a"
M,boss_m_k20_9,boss_q_m,255,art=kette4 rang=20 versatz=9,"CC_WEG=16,17,neu CC_RANG=20 CC_BSET=55-56:50:0 CC_IN=57:a;73:a;90:a;108:a"
M,boss_m_sprn20_9,boss_q_m,215,art=sprn rang=20 versatz=9,"CC_WEG=16,17,neu CC_RANG=20 CC_BSET=55-56:60:0 CC_IN=55:j;57:a"
M,boss_m_sprint20_9,boss_q_m,215,art=sprint rang=20 versatz=9,"CC_WEG=16,17,neu CC_RANG=20 CC_BSET=55-56:90:0 CC_IN=51-52:r;55-68:r;65:a"
M,boss_m_k20_10,boss_q_m,260,art=kette4 rang=20 versatz=10,"CC_WEG=16,17,neu CC_RANG=20 CC_BSET=60-61:50:0 CC_IN=62:a;78:a;95:a;113:a"
M,boss_m_sprn20_10,boss_q_m,220,art=sprn rang=20 versatz=10,"CC_WEG=16,17,neu CC_RANG=20 CC_BSET=60-61:60:0 CC_IN=60:j;62:a"
M,boss_m_sprint20_10,boss_q_m,220,art=sprint rang=20 versatz=10,"CC_WEG=16,17,neu CC_RANG=20 CC_BSET=60-61:90:0 CC_IN=56-57:r;60-73:r;70:a"
M,boss_m_k20_11,boss_q_m,265,art=kette4 rang=20 versatz=11,"CC_WEG=16,17,neu CC_RANG=20 CC_BSET=65-66:50:0 CC_IN=67:a;83:a;100:a;118:a"
M,boss_m_sprn20_11,boss_q_m,225,art=sprn rang=20 versatz=11,"CC_WEG=16,17,neu CC_RANG=20 CC_BSET=65-66:60:0 CC_IN=65:j;67:a"
M,boss_m_sprint20_11,boss_q_m,225,art=sprint rang=20 versatz=11,"CC_WEG=16,17,neu CC_RANG=20 CC_BSET=65-66:90:0 CC_IN=61-62:r;65-78:r;75:a"
M,boss_m_k20_12,boss_q_m,270,art=kette4 rang=20 versatz=12,"CC_WEG=16,17,neu CC_RANG=20 CC_BSET=70-71:50:0 CC_IN=72:a;88:a;105:a;123:a"
M,boss_m_sprn20_12,boss_q_m,230,art=sprn rang=20 versatz=12,"CC_WEG=16,17,neu CC_RANG=20 CC_BSET=70-71:60:0 CC_IN=70:j;72:a"
M,boss_m_sprint20_12,boss_q_m,230,art=sprint rang=20 versatz=12,"CC_WEG=16,17,neu CC_RANG=20 CC_BSET=70-71:90:0 CC_IN=66-67:r;70-83:r;80:a"
M,boss_m_k20_13,boss_q_m,275,art=kette4 rang=20 versatz=13,"CC_WEG=16,17,neu CC_RANG=20 CC_BSET=75-76:50:0 CC_IN=77:a;93:a;110:a;128:a"
M,boss_m_sprn20_13,boss_q_m,235,art=sprn rang=20 versatz=13,"CC_WEG=16,17,neu CC_RANG=20 CC_BSET=75-76:60:0 CC_IN=75:j;77:a"
M,boss_m_sprint20_13,boss_q_m,235,art=sprint rang=20 versatz=13,"CC_WEG=16,17,neu CC_RANG=20 CC_BSET=75-76:90:0 CC_IN=71-72:r;75-88:r;85:a"
M,boss_m_k20_14,boss_q_m,280,art=kette4 rang=20 versatz=14,"CC_WEG=16,17,neu CC_RANG=20 CC_BSET=80-81:50:0 CC_IN=82:a;98:a;115:a;133:a"
M,boss_m_sprn20_14,boss_q_m,240,art=sprn rang=20 versatz=14,"CC_WEG=16,17,neu CC_RANG=20 CC_BSET=80-81:60:0 CC_IN=80:j;82:a"
M,boss_m_sprint20_14,boss_q_m,240,art=sprint rang=20 versatz=14,"CC_WEG=16,17,neu CC_RANG=20 CC_BSET=80-81:90:0 CC_IN=76-77:r;80-93:r;90:a"
M,boss_m_k20_15,boss_q_m,285,art=kette4 rang=20 versatz=15,"CC_WEG=16,17,neu CC_RANG=20 CC_BSET=85-86:50:0 CC_IN=87:a;103:a;120:a;138:a"
M,boss_m_sprn20_15,boss_q_m,245,art=sprn rang=20 versatz=15,"CC_WEG=16,17,neu CC_RANG=20 CC_BSET=85-86:60:0 CC_IN=85:j;87:a"
M,boss_m_sprint20_15,boss_q_m,245,art=sprint rang=20 versatz=15,"CC_WEG=16,17,neu CC_RANG=20 CC_BSET=85-86:90:0 CC_IN=81-82:r;85-98:r;95:a"
M,boss_m_k20_16,boss_q_m,290,art=kette4 rang=20 versatz=16,"CC_WEG=16,17,neu CC_RANG=20 CC_BSET=90-91:50:0 CC_IN=92:a;108:a;125:a;143:a"
M,boss_m_sprn20_16,boss_q_m,250,art=sprn rang=20 versatz=16,"CC_WEG=16,17,neu CC_RANG=20 CC_BSET=90-91:60:0 CC_IN=90:j;92:a"
M,boss_m_sprint20_16,boss_q_m,250,art=sprint rang=20 versatz=16,"CC_WEG=16,17,neu CC_RANG=20 CC_BSET=90-91:90:0 CC_IN=86-87:r;90-103:r;100:a"
M,boss_m_k20_17,boss_q_m,295,art=kette4 rang=20 versatz=17,"CC_WEG=16,17,neu CC_RANG=20 CC_BSET=95-96:50:0 CC_IN=97:a;113:a;130:a;148:a"
M,boss_m_sprn20_17,boss_q_m,255,art=sprn rang=20 versatz=17,"CC_WEG=16,17,neu CC_RANG=20 CC_BSET=95-96:60:0 CC_IN=95:j;97:a"
M,boss_m_sprint20_17,boss_q_m,255,art=sprint rang=20 versatz=17,"CC_WEG=16,17,neu CC_RANG=20 CC_BSET=95-96:90:0 CC_IN=91-92:r;95-108:r;105:a"
M,boss_m_k20_18,boss_q_m,300,art=kette4 rang=20 versatz=18,"CC_WEG=16,17,neu CC_RANG=20 CC_BSET=100-101:50:0 CC_IN=102:a;118:a;135:a;153:a"
M,boss_m_sprn20_18,boss_q_m,260,art=sprn rang=20 versatz=18,"CC_WEG=16,17,neu CC_RANG=20 CC_BSET=100-101:60:0 CC_IN=100:j;102:a"
M,boss_m_sprint20_18,boss_q_m,260,art=sprint rang=20 versatz=18,"CC_WEG=16,17,neu CC_RANG=20 CC_BSET=100-101:90:0 CC_IN=96-97:r;100-113:r;110:a"
M,boss_m_k20_19,boss_q_m,305,art=kette4 rang=20 versatz=19,"CC_WEG=16,17,neu CC_RANG=20 CC_BSET=105-106:50:0 CC_IN=107:a;123:a;140:a;158:a"
M,boss_m_sprn20_19,boss_q_m,265,art=sprn rang=20 versatz=19,"CC_WEG=16,17,neu CC_RANG=20 CC_BSET=105-106:60:0 CC_IN=105:j;107:a"
M,boss_m_sprint20_19,boss_q_m,265,art=sprint rang=20 versatz=19,"CC_WEG=16,17,neu CC_RANG=20 CC_BSET=105-106:90:0 CC_IN=101-102:r;105-118:r;115:a"
M,boss_m_k20_20,boss_q_m,310,art=kette4 rang=20 versatz=20,"CC_WEG=16,17,neu CC_RANG=20 CC_BSET=110-111:50:0 CC_IN=112:a;128:a;145:a;163:a"
M,boss_m_sprn20_20,boss_q_m,270,art=sprn rang=20 versatz=20,"CC_WEG=16,17,neu CC_RANG=20 CC_BSET=110-111:60:0 CC_IN=110:j;112:a"
M,boss_m_sprint20_20,boss_q_m,270,art=sprint rang=20 versatz=20,"CC_WEG=16,17,neu CC_RANG=20 CC_BSET=110-111:90:0 CC_IN=106-107:r;110-123:r;120:a"
M,boss_m_k20_21,boss_q_m,315,art=kette4 rang=20 versatz=21,"CC_WEG=16,17,neu CC_RANG=20 CC_BSET=115-116:50:0 CC_IN=117:a;133:a;150:a;168:a"
M,boss_m_sprn20_21,boss_q_m,275,art=sprn rang=20 versatz=21,"CC_WEG=16,17,neu CC_RANG=20 CC_BSET=115-116:60:0 CC_IN=115:j;117:a"
M,boss_m_sprint20_21,boss_q_m,275,art=sprint rang=20 versatz=21,"CC_WEG=16,17,neu CC_RANG=20 CC_BSET=115-116:90:0 CC_IN=111-112:r;115-128:r;125:a"
M,boss_m_k20_22,boss_q_m,320,art=kette4 rang=20 versatz=22,"CC_WEG=16,17,neu CC_RANG=20 CC_BSET=120-121:50:0 CC_IN=122:a;138:a;155:a;173:a"
M,boss_m_sprn20_22,boss_q_m,280,art=sprn rang=20 versatz=22,"CC_WEG=16,17,neu CC_RANG=20 CC_BSET=120-121:60:0 CC_IN=120:j;122:a"
M,boss_m_sprint20_22,boss_q_m,280,art=sprint rang=20 versatz=22,"CC_WEG=16,17,neu CC_RANG=20 CC_BSET=120-121:90:0 CC_IN=116-117:r;120-133:r;130:a"
M,boss_m_k20_23,boss_q_m,325,art=kette4 rang=20 versatz=23,"CC_WEG=16,17,neu CC_RANG=20 CC_BSET=125-126:50:0 CC_IN=127:a;143:a;160:a;178:a"
M,boss_m_sprn20_23,boss_q_m,285,art=sprn rang=20 versatz=23,"CC_WEG=16,17,neu CC_RANG=20 CC_BSET=125-126:60:0 CC_IN=125:j;127:a"
M,boss_m_sprint20_23,boss_q_m,285,art=sprint rang=20 versatz=23,"CC_WEG=16,17,neu CC_RANG=20 CC_BSET=125-126:90:0 CC_IN=121-122:r;125-138:r;135:a"
M,boss_m_k16_0,boss_q_m,212,art=kette4 rang=16 versatz=0,"CC_WEG=16,17,neu CC_RANG=16 CC_BSET=12-13:50:0 CC_IN=14:a;30:a;47:a;65:a"
M,boss_m_k16_1,boss_q_m,219,art=kette4 rang=16 versatz=1,"CC_WEG=16,17,neu CC_RANG=16 CC_BSET=19-20:50:0 CC_IN=21:a;37:a;54:a;72:a"
M,boss_m_k16_2,boss_q_m,226,art=kette4 rang=16 versatz=2,"CC_WEG=16,17,neu CC_RANG=16 CC_BSET=26-27:50:0 CC_IN=28:a;44:a;61:a;79:a"
M,boss_m_k16_3,boss_q_m,233,art=kette4 rang=16 versatz=3,"CC_WEG=16,17,neu CC_RANG=16 CC_BSET=33-34:50:0 CC_IN=35:a;51:a;68:a;86:a"
M,boss_m_k16_4,boss_q_m,240,art=kette4 rang=16 versatz=4,"CC_WEG=16,17,neu CC_RANG=16 CC_BSET=40-41:50:0 CC_IN=42:a;58:a;75:a;93:a"
M,boss_m_k16_5,boss_q_m,247,art=kette4 rang=16 versatz=5,"CC_WEG=16,17,neu CC_RANG=16 CC_BSET=47-48:50:0 CC_IN=49:a;65:a;82:a;100:a"
M,boss_m_k16_6,boss_q_m,254,art=kette4 rang=16 versatz=6,"CC_WEG=16,17,neu CC_RANG=16 CC_BSET=54-55:50:0 CC_IN=56:a;72:a;89:a;107:a"
M,boss_m_k16_7,boss_q_m,261,art=kette4 rang=16 versatz=7,"CC_WEG=16,17,neu CC_RANG=16 CC_BSET=61-62:50:0 CC_IN=63:a;79:a;96:a;114:a"
M,boss_m_k16_8,boss_q_m,268,art=kette4 rang=16 versatz=8,"CC_WEG=16,17,neu CC_RANG=16 CC_BSET=68-69:50:0 CC_IN=70:a;86:a;103:a;121:a"
M,boss_m_k16_9,boss_q_m,275,art=kette4 rang=16 versatz=9,"CC_WEG=16,17,neu CC_RANG=16 CC_BSET=75-76:50:0 CC_IN=77:a;93:a;110:a;128:a"
M,boss_m_k16_10,boss_q_m,282,art=kette4 rang=16 versatz=10,"CC_WEG=16,17,neu CC_RANG=16 CC_BSET=82-83:50:0 CC_IN=84:a;100:a;117:a;135:a"
M,boss_m_k16_11,boss_q_m,289,art=kette4 rang=16 versatz=11,"CC_WEG=16,17,neu CC_RANG=16 CC_BSET=89-90:50:0 CC_IN=91:a;107:a;124:a;142:a"
M,boss_m_k16_12,boss_q_m,296,art=kette4 rang=16 versatz=12,"CC_WEG=16,17,neu CC_RANG=16 CC_BSET=96-97:50:0 CC_IN=98:a;114:a;131:a;149:a"
M,boss_m_k16_13,boss_q_m,303,art=kette4 rang=16 versatz=13,"CC_WEG=16,17,neu CC_RANG=16 CC_BSET=103-104:50:0 CC_IN=105:a;121:a;138:a;156:a"
M,boss_m_k16_14,boss_q_m,310,art=kette4 rang=16 versatz=14,"CC_WEG=16,17,neu CC_RANG=16 CC_BSET=110-111:50:0 CC_IN=112:a;128:a;145:a;163:a"
M,boss_m_k16_15,boss_q_m,317,art=kette4 rang=16 versatz=15,"CC_WEG=16,17,neu CC_RANG=16 CC_BSET=117-118:50:0 CC_IN=119:a;135:a;152:a;170:a"
M,boss_m_z_f20,boss_q_m,140,zucken einzel F=20,"CC_WEG=16,17,neu CC_RANG=20 CC_BSET=16-17:70:0 CC_IN=18:a"
M,boss_m_z_f24,boss_q_m,144,zucken einzel F=24,"CC_WEG=16,17,neu CC_RANG=20 CC_BSET=20-21:70:0 CC_IN=22:a"
M,boss_m_z_f28,boss_q_m,148,zucken einzel F=28,"CC_WEG=16,17,neu CC_RANG=20 CC_BSET=24-25:70:0 CC_IN=26:a"
M,boss_m_z_f32,boss_q_m,152,zucken einzel F=32,"CC_WEG=16,17,neu CC_RANG=20 CC_BSET=28-29:70:0 CC_IN=30:a"
M,boss_m_z_f36,boss_q_m,156,zucken einzel F=36,"CC_WEG=16,17,neu CC_RANG=20 CC_BSET=32-33:70:0 CC_IN=34:a"
M,boss_m_z_f40,boss_q_m,160,zucken einzel F=40,"CC_WEG=16,17,neu CC_RANG=20 CC_BSET=36-37:70:0 CC_IN=38:a"
M,boss_m_z_f44,boss_q_m,164,zucken einzel F=44,"CC_WEG=16,17,neu CC_RANG=20 CC_BSET=40-41:70:0 CC_IN=42:a"
M,boss_m_z_f48,boss_q_m,168,zucken einzel F=48,"CC_WEG=16,17,neu CC_RANG=20 CC_BSET=44-45:70:0 CC_IN=46:a"
M,boss_m_z_f52,boss_q_m,172,zucken einzel F=52,"CC_WEG=16,17,neu CC_RANG=20 CC_BSET=48-49:70:0 CC_IN=50:a"
M,boss_m_z_f56,boss_q_m,176,zucken einzel F=56,"CC_WEG=16,17,neu CC_RANG=20 CC_BSET=52-53:70:0 CC_IN=54:a"
M,boss_m_z_f60,boss_q_m,180,zucken einzel F=60,"CC_WEG=16,17,neu CC_RANG=20 CC_BSET=56-57:70:0 CC_IN=58:a"
M,boss_m_z_f64,boss_q_m,184,zucken einzel F=64,"CC_WEG=16,17,neu CC_RANG=20 CC_BSET=60-61:70:0 CC_IN=62:a"
M,boss_m_z_f68,boss_q_m,188,zucken einzel F=68,"CC_WEG=16,17,neu CC_RANG=20 CC_BSET=64-65:70:0 CC_IN=66:a"
M,boss_m_z_f72,boss_q_m,192,zucken einzel F=72,"CC_WEG=16,17,neu CC_RANG=20 CC_BSET=68-69:70:0 CC_IN=70:a"
M,boss_m_z_f76,boss_q_m,196,zucken einzel F=76,"CC_WEG=16,17,neu CC_RANG=20 CC_BSET=72-73:70:0 CC_IN=74:a"
M,boss_m_z_f80,boss_q_m,200,zucken einzel F=80,"CC_WEG=16,17,neu CC_RANG=20 CC_BSET=76-77:70:0 CC_IN=78:a"
M,boss_m_z_f84,boss_q_m,204,zucken einzel F=84,"CC_WEG=16,17,neu CC_RANG=20 CC_BSET=80-81:70:0 CC_IN=82:a"
M,boss_m_z_f88,boss_q_m,208,zucken einzel F=88,"CC_WEG=16,17,neu CC_RANG=20 CC_BSET=84-85:70:0 CC_IN=86:a"
M,boss_m_z_f92,boss_q_m,212,zucken einzel F=92,"CC_WEG=16,17,neu CC_RANG=20 CC_BSET=88-89:70:0 CC_IN=90:a"
M,boss_m_z_f96,boss_q_m,216,zucken einzel F=96,"CC_WEG=16,17,neu CC_RANG=20 CC_BSET=92-93:70:0 CC_IN=94:a"
M,boss_m_z_k41,boss_q_m,220,zucken kurzer schlag druck=41,"CC_WEG=16,17,neu CC_RANG=20 CC_BSET=40-41:50:0 CC_IN=41:a"
M,boss_m_z_k42,boss_q_m,220,zucken kurzer schlag druck=42,"CC_WEG=16,17,neu CC_RANG=20 CC_BSET=40-41:50:0 CC_IN=42:a"
M,boss_m_z_k43,boss_q_m,220,zucken kurzer schlag druck=43,"CC_WEG=16,17,neu CC_RANG=20 CC_BSET=40-41:50:0 CC_IN=43:a"
M,boss_m_z_k44,boss_q_m,220,zucken kurzer schlag druck=44,"CC_WEG=16,17,neu CC_RANG=20 CC_BSET=40-41:50:0 CC_IN=44:a"
M,boss_m_z_k45,boss_q_m,220,zucken kurzer schlag druck=45,"CC_WEG=16,17,neu CC_RANG=20 CC_BSET=40-41:50:0 CC_IN=45:a"
M,boss_m_z_k46,boss_q_m,220,zucken kurzer schlag druck=46,"CC_WEG=16,17,neu CC_RANG=20 CC_BSET=40-41:50:0 CC_IN=46:a"
M,boss_m_z_k47,boss_q_m,220,zucken kurzer schlag druck=47,"CC_WEG=16,17,neu CC_RANG=20 CC_BSET=40-41:50:0 CC_IN=47:a"
M,boss_m_z_k48,boss_q_m,220,zucken kurzer schlag druck=48,"CC_WEG=16,17,neu CC_RANG=20 CC_BSET=40-41:50:0 CC_IN=48:a"
M,boss_m_z_k49,boss_q_m,220,zucken kurzer schlag druck=49,"CC_WEG=16,17,neu CC_RANG=20 CC_BSET=40-41:50:0 CC_IN=49:a"
M,boss_m_z_k50,boss_q_m,220,zucken kurzer schlag druck=50,"CC_WEG=16,17,neu CC_RANG=20 CC_BSET=40-41:50:0 CC_IN=50:a"
M,boss_m_z_k51,boss_q_m,220,zucken kurzer schlag druck=51,"CC_WEG=16,17,neu CC_RANG=20 CC_BSET=40-41:50:0 CC_IN=51:a"
M,boss_m_z_k52,boss_q_m,220,zucken kurzer schlag druck=52,"CC_WEG=16,17,neu CC_RANG=20 CC_BSET=40-41:50:0 CC_IN=52:a"
M,boss_m_z_k53,boss_q_m,220,zucken kurzer schlag druck=53,"CC_WEG=16,17,neu CC_RANG=20 CC_BSET=40-41:50:0 CC_IN=53:a"
M,boss_m_z_k54,boss_q_m,220,zucken kurzer schlag druck=54,"CC_WEG=16,17,neu CC_RANG=20 CC_BSET=40-41:50:0 CC_IN=54:a"
M,boss_m_z_k55,boss_q_m,220,zucken kurzer schlag druck=55,"CC_WEG=16,17,neu CC_RANG=20 CC_BSET=40-41:50:0 CC_IN=55:a"
M,boss_m_z_k56,boss_q_m,220,zucken kurzer schlag druck=56,"CC_WEG=16,17,neu CC_RANG=20 CC_BSET=40-41:50:0 CC_IN=56:a"
M,boss_m_z_h24,boss_q_m,144,zucken gehen von hinten X=24,"CC_WEG=16,17,neu CC_RANG=20 CC_IN=21:l;22:a CC_FIG=24-25:-50:0"
M,boss_m_z_h32,boss_q_m,152,zucken gehen von hinten X=32,"CC_WEG=16,17,neu CC_RANG=20 CC_IN=29:l;30:a CC_FIG=32-33:-50:0"
M,boss_m_z_h40,boss_q_m,160,zucken gehen von hinten X=40,"CC_WEG=16,17,neu CC_RANG=20 CC_IN=37:l;38:a CC_FIG=40-41:-50:0"
M,boss_m_z_h48,boss_q_m,168,zucken gehen von hinten X=48,"CC_WEG=16,17,neu CC_RANG=20 CC_IN=45:l;46:a CC_FIG=48-49:-50:0"
M,boss_m_z_h56,boss_q_m,176,zucken gehen von hinten X=56,"CC_WEG=16,17,neu CC_RANG=20 CC_IN=53:l;54:a CC_FIG=56-57:-50:0"
M,boss_m_z_kh44,boss_q_m,164,"kurzer schlag (A 42, aktiv 49-52) von hinten X=44","CC_WEG=16,17,neu CC_RANG=20 CC_BSET=40-41:50:0 CC_IN=43:l;42:a CC_FIG=44-45:-45:0"
M,boss_m_z_kh46,boss_q_m,166,"kurzer schlag (A 42, aktiv 49-52) von hinten X=46","CC_WEG=16,17,neu CC_RANG=20 CC_BSET=40-41:50:0 CC_IN=43:l;44:a CC_FIG=44-47:-45:0"
M,boss_m_z_kh49,boss_q_m,169,"kurzer schlag (A 42, aktiv 49-52) von hinten X=49","CC_WEG=16,17,neu CC_RANG=20 CC_BSET=40-41:50:0 CC_IN=43:l;47:a CC_FIG=44-50:-45:0"
M,boss_m_z_kh50,boss_q_m,170,"kurzer schlag (A 42, aktiv 49-52) von hinten X=50","CC_WEG=16,17,neu CC_RANG=20 CC_BSET=40-41:50:0 CC_IN=43:l;48:a CC_FIG=44-51:-45:0"
M,boss_m_z_kh51,boss_q_m,171,"kurzer schlag (A 42, aktiv 49-52) von hinten X=51","CC_WEG=16,17,neu CC_RANG=20 CC_BSET=40-41:50:0 CC_IN=43:l;49:a CC_FIG=44-52:-45:0"
M,boss_m_z_kh52,boss_q_m,172,"kurzer schlag (A 42, aktiv 49-52) von hinten X=52","CC_WEG=16,17,neu CC_RANG=20 CC_BSET=40-41:50:0 CC_IN=43:l;50:a CC_FIG=44-53:-45:0"
M,boss_m_z_kh53,boss_q_m,173,"kurzer schlag (A 42, aktiv 49-52) von hinten X=53","CC_WEG=16,17,neu CC_RANG=20 CC_BSET=40-41:50:0 CC_IN=43:l;51:a CC_FIG=44-54:-45:0"
M,boss_m_z_sh110,boss_q_m,230,armschwung (A 107) von hinten X=110,"CC_WEG=16,17,neu CC_RANG=20 CC_IN=107:l;108:a CC_FIG=109-111:-45:0"
M,boss_m_z_sh115,boss_q_m,235,armschwung (A 107) von hinten X=115,"CC_WEG=16,17,neu CC_RANG=20 CC_IN=112:l;113:a CC_FIG=114-116:-45:0"
M,boss_m_z_sh120,boss_q_m,240,armschwung (A 107) von hinten X=120,"CC_WEG=16,17,neu CC_RANG=20 CC_IN=117:l;118:a CC_FIG=119-121:-45:0"
M,boss_m_z_sh124,boss_q_m,244,armschwung (A 107) von hinten X=124,"CC_WEG=16,17,neu CC_RANG=20 CC_IN=121:l;122:a CC_FIG=123-125:-45:0"
M,boss_m_z_sv110,boss_q_m,230,armschwung (A 107) von vorn X=110,"CC_WEG=16,17,neu CC_RANG=20 CC_IN=108:a CC_FIG=109-111:55:0"
M,boss_m_z_sv115,boss_q_m,235,armschwung (A 107) von vorn X=115,"CC_WEG=16,17,neu CC_RANG=20 CC_IN=113:a CC_FIG=114-116:55:0"
M,boss_m_z_sv120,boss_q_m,240,armschwung (A 107) von vorn X=120,"CC_WEG=16,17,neu CC_RANG=20 CC_IN=118:a CC_FIG=119-121:55:0"
M,boss_m_z_wbv1188,boss_q_b,1268,warten von vorn X=1188,"CC_WEG=16,17,neu CC_RANG=20 CC_IN=1185:l;1186:a CC_FIG=1188-1189:-55:0"
M,boss_m_z_wbh1188,boss_q_b,1268,warten von hinten X=1188,"CC_WEG=16,17,neu CC_RANG=20 CC_IN=1185:r;1186:a CC_FIG=1188-1189:55:0"
M,boss_m_z_wbv1192,boss_q_b,1272,warten von vorn X=1192,"CC_WEG=16,17,neu CC_RANG=20 CC_IN=1189:l;1190:a CC_FIG=1192-1193:-55:0"
M,boss_m_z_wbh1192,boss_q_b,1272,warten von hinten X=1192,"CC_WEG=16,17,neu CC_RANG=20 CC_IN=1189:r;1190:a CC_FIG=1192-1193:55:0"
M,boss_m_z_wbv1196,boss_q_b,1276,warten von vorn X=1196,"CC_WEG=16,17,neu CC_RANG=20 CC_IN=1193:l;1194:a CC_FIG=1196-1197:-55:0"
M,boss_m_z_wbh1196,boss_q_b,1276,warten von hinten X=1196,"CC_WEG=16,17,neu CC_RANG=20 CC_IN=1193:r;1194:a CC_FIG=1196-1197:55:0"
M,boss_m_z_wpv751,p0_s1_s1_cam02048,831,warten von vorn X=751,"CC_WEG=16,17,neu CC_RANG=20 CC_IN=748:r;749:a CC_FIG=751-752:55:0"
M,boss_m_z_wph751,p0_s1_s1_cam02048,831,warten von hinten X=751,"CC_WEG=16,17,neu CC_RANG=20 CC_IN=748:l;749:a CC_FIG=751-752:-55:0"
M,boss_m_z_wpv755,p0_s1_s1_cam02048,835,warten von vorn X=755,"CC_WEG=16,17,neu CC_RANG=20 CC_IN=752:r;753:a CC_FIG=755-756:55:0"
M,boss_m_z_wph755,p0_s1_s1_cam02048,835,warten von hinten X=755,"CC_WEG=16,17,neu CC_RANG=20 CC_IN=752:l;753:a CC_FIG=755-756:-55:0"
M,boss_m_z_wpv759,p0_s1_s1_cam02048,839,warten von vorn X=759,"CC_WEG=16,17,neu CC_RANG=20 CC_IN=756:r;757:a CC_FIG=759-760:55:0"
M,boss_m_z_wph759,p0_s1_s1_cam02048,839,warten von hinten X=759,"CC_WEG=16,17,neu CC_RANG=20 CC_IN=756:l;757:a CC_FIG=759-760:-55:0"
M,boss_m_gf_k43,boss_q_m,193,griff von vorn im ausholen kurzer schlag X=43,"CC_WEG=16,17,neu CC_RANG=20 CC_BSET=40-41:50:0 CC_IN=43-47:r CC_FIG=43-43:34:0"
M,boss_m_gf_k45,boss_q_m,195,griff von vorn im ausholen kurzer schlag X=45,"CC_WEG=16,17,neu CC_RANG=20 CC_BSET=40-41:50:0 CC_IN=45-49:r CC_FIG=45-45:34:0"
M,boss_m_gf_k47,boss_q_m,197,griff von vorn im ausholen kurzer schlag X=47,"CC_WEG=16,17,neu CC_RANG=20 CC_BSET=40-41:50:0 CC_IN=47-51:r CC_FIG=47-47:34:0"
M,boss_m_gf_s110,boss_q_m,260,griff von vorn im ausholen armschwung X=110,"CC_WEG=16,17,neu CC_RANG=20 CC_IN=110-114:r CC_FIG=110-110:34:0"
M,boss_m_gf_s115,boss_q_m,265,griff von vorn im ausholen armschwung X=115,"CC_WEG=16,17,neu CC_RANG=20 CC_IN=115-119:r CC_FIG=115-115:34:0"
M,boss_m_gf_s120,boss_q_m,270,griff von vorn im ausholen armschwung X=120,"CC_WEG=16,17,neu CC_RANG=20 CC_IN=120-124:r CC_FIG=120-120:34:0"
M,boss_m_gf_g20,boss_q_m,170,"griff von vorn, boss geht X=20","CC_WEG=16,17,neu CC_RANG=20 CC_IN=20-24:r CC_FIG=20-20:34:0"
M,boss_m_gf_g30,boss_q_m,180,"griff von vorn, boss geht X=30","CC_WEG=16,17,neu CC_RANG=20 CC_IN=30-34:r CC_FIG=30-30:34:0"
M,boss_m_gf_w1190,boss_q_b,1340,"griff von vorn, boss wartet X=1190","CC_WEG=16,17,neu CC_RANG=20 CC_IN=1190-1194:l CC_FIG=1190-1190:-34:0"
M,boss_m_gf_w1196,boss_q_b,1346,"griff von vorn, boss wartet X=1196","CC_WEG=16,17,neu CC_RANG=20 CC_IN=1196-1200:l CC_FIG=1196-1196:-34:0"
M,boss_m_bg_g20,boss_q_m,120,"boss geht, figur in X=20 bei d=20","CC_WEG=16,17,neu CC_RANG=20 CC_FIG=20-21:20:0"
M,boss_m_bg_h20,boss_q_m,120,"boss geht, figur in X=26 bei d=20","CC_WEG=16,17,neu CC_RANG=20 CC_FIG=26-27:20:0"
M,boss_m_bg_w20,boss_q_b,1290,"boss wartet, figur in X=1190 bei d=20","CC_WEG=16,17,neu CC_RANG=20 CC_FIG=1190-1191:-20:0"
M,boss_m_bg_g34,boss_q_m,120,"boss geht, figur in X=20 bei d=34","CC_WEG=16,17,neu CC_RANG=20 CC_FIG=20-21:34:0"
M,boss_m_bg_h34,boss_q_m,120,"boss geht, figur in X=26 bei d=34","CC_WEG=16,17,neu CC_RANG=20 CC_FIG=26-27:34:0"
M,boss_m_bg_w34,boss_q_b,1290,"boss wartet, figur in X=1190 bei d=34","CC_WEG=16,17,neu CC_RANG=20 CC_FIG=1190-1191:-34:0"
M,boss_m_bg_g40,boss_q_m,120,"boss geht, figur in X=20 bei d=40","CC_WEG=16,17,neu CC_RANG=20 CC_FIG=20-21:40:0"
M,boss_m_bg_h40,boss_q_m,120,"boss geht, figur in X=26 bei d=40","CC_WEG=16,17,neu CC_RANG=20 CC_FIG=26-27:40:0"
M,boss_m_bg_w40,boss_q_b,1290,"boss wartet, figur in X=1190 bei d=40","CC_WEG=16,17,neu CC_RANG=20 CC_FIG=1190-1191:-40:0"
M,boss_m_bg_g45,boss_q_m,120,"boss geht, figur in X=20 bei d=45","CC_WEG=16,17,neu CC_RANG=20 CC_FIG=20-21:45:0"
M,boss_m_bg_h45,boss_q_m,120,"boss geht, figur in X=26 bei d=45","CC_WEG=16,17,neu CC_RANG=20 CC_FIG=26-27:45:0"
M,boss_m_bg_w45,boss_q_b,1290,"boss wartet, figur in X=1190 bei d=45","CC_WEG=16,17,neu CC_RANG=20 CC_FIG=1190-1191:-45:0"
M,boss_m_bg_g47,boss_q_m,120,"boss geht, figur in X=20 bei d=47","CC_WEG=16,17,neu CC_RANG=20 CC_FIG=20-21:47:0"
M,boss_m_bg_h47,boss_q_m,120,"boss geht, figur in X=26 bei d=47","CC_WEG=16,17,neu CC_RANG=20 CC_FIG=26-27:47:0"
M,boss_m_bg_w47,boss_q_b,1290,"boss wartet, figur in X=1190 bei d=47","CC_WEG=16,17,neu CC_RANG=20 CC_FIG=1190-1191:-47:0"
M,boss_m_bg_g49,boss_q_m,120,"boss geht, figur in X=20 bei d=49","CC_WEG=16,17,neu CC_RANG=20 CC_FIG=20-21:49:0"
M,boss_m_bg_h49,boss_q_m,120,"boss geht, figur in X=26 bei d=49","CC_WEG=16,17,neu CC_RANG=20 CC_FIG=26-27:49:0"
M,boss_m_bg_w49,boss_q_b,1290,"boss wartet, figur in X=1190 bei d=49","CC_WEG=16,17,neu CC_RANG=20 CC_FIG=1190-1191:-49:0"
M,boss_m_bg_g51,boss_q_m,120,"boss geht, figur in X=20 bei d=51","CC_WEG=16,17,neu CC_RANG=20 CC_FIG=20-21:51:0"
M,boss_m_bg_h51,boss_q_m,120,"boss geht, figur in X=26 bei d=51","CC_WEG=16,17,neu CC_RANG=20 CC_FIG=26-27:51:0"
M,boss_m_bg_w51,boss_q_b,1290,"boss wartet, figur in X=1190 bei d=51","CC_WEG=16,17,neu CC_RANG=20 CC_FIG=1190-1191:-51:0"
M,boss_m_bg_c2,boss_q_m,62,"boss geht, figur in X=2 bei d=40","CC_WEG=16,17,neu CC_RANG=20 CC_FIG=2-3:40:0"
M,boss_m_bg_c4,boss_q_m,64,"boss geht, figur in X=4 bei d=40","CC_WEG=16,17,neu CC_RANG=20 CC_FIG=4-5:40:0"
M,boss_m_bg_c6,boss_q_m,66,"boss geht, figur in X=6 bei d=40","CC_WEG=16,17,neu CC_RANG=20 CC_FIG=6-7:40:0"
M,boss_m_bg_c8,boss_q_m,68,"boss geht, figur in X=8 bei d=40","CC_WEG=16,17,neu CC_RANG=20 CC_FIG=8-9:40:0"
M,boss_m_bg_c10,boss_q_m,70,"boss geht, figur in X=10 bei d=40","CC_WEG=16,17,neu CC_RANG=20 CC_FIG=10-11:40:0"
M,boss_m_bg_c13,boss_q_m,73,"boss geht, figur in X=13 bei d=40","CC_WEG=16,17,neu CC_RANG=20 CC_FIG=13-14:40:0"
M,boss_m_bg_c16,boss_q_m,76,"boss geht, figur in X=16 bei d=40","CC_WEG=16,17,neu CC_RANG=20 CC_FIG=16-17:40:0"
M,boss_m_bg_c49,boss_q_m,109,"boss geht, figur in X=49 bei d=40","CC_WEG=16,17,neu CC_RANG=20 CC_FIG=49-50:40:0"
M,boss_m_bg_c51,boss_q_m,111,"boss geht, figur in X=51 bei d=40","CC_WEG=16,17,neu CC_RANG=20 CC_FIG=51-52:40:0"
M,boss_m_bg_c54,boss_q_m,114,"boss geht, figur in X=54 bei d=40","CC_WEG=16,17,neu CC_RANG=20 CC_FIG=54-55:40:0"
M,boss_m_dk_l-18,boss_q_m,110,art=K blick=l d=-18,"CC_WEG=16,17,neu CC_RANG=20 CC_BSET=40-41:50:0 CC_AB=1:04a97e CC_AB_MIN=30 CC_FIG=1-20:-18:0"
M,boss_m_dk_l-17,boss_q_m,110,art=K blick=l d=-17,"CC_WEG=16,17,neu CC_RANG=20 CC_BSET=40-41:50:0 CC_AB=1:04a97e CC_AB_MIN=30 CC_FIG=1-20:-17:0"
M,boss_m_dk_l-16,boss_q_m,110,art=K blick=l d=-16,"CC_WEG=16,17,neu CC_RANG=20 CC_BSET=40-41:50:0 CC_AB=1:04a97e CC_AB_MIN=30 CC_FIG=1-20:-16:0"
M,boss_m_dk_l-15,boss_q_m,110,art=K blick=l d=-15,"CC_WEG=16,17,neu CC_RANG=20 CC_BSET=40-41:50:0 CC_AB=1:04a97e CC_AB_MIN=30 CC_FIG=1-20:-15:0"
M,boss_m_dk_l-14,boss_q_m,110,art=K blick=l d=-14,"CC_WEG=16,17,neu CC_RANG=20 CC_BSET=40-41:50:0 CC_AB=1:04a97e CC_AB_MIN=30 CC_FIG=1-20:-14:0"
M,boss_m_dk_l102,boss_q_m,110,art=K blick=l d=102,"CC_WEG=16,17,neu CC_RANG=20 CC_BSET=40-41:50:0 CC_AB=1:04a97e CC_AB_MIN=30 CC_FIG=1-20:102:0"
M,boss_m_dk_l103,boss_q_m,110,art=K blick=l d=103,"CC_WEG=16,17,neu CC_RANG=20 CC_BSET=40-41:50:0 CC_AB=1:04a97e CC_AB_MIN=30 CC_FIG=1-20:103:0"
M,boss_m_dk_l104,boss_q_m,110,art=K blick=l d=104,"CC_WEG=16,17,neu CC_RANG=20 CC_BSET=40-41:50:0 CC_AB=1:04a97e CC_AB_MIN=30 CC_FIG=1-20:104:0"
M,boss_m_dk_l105,boss_q_m,110,art=K blick=l d=105,"CC_WEG=16,17,neu CC_RANG=20 CC_BSET=40-41:50:0 CC_AB=1:04a97e CC_AB_MIN=30 CC_FIG=1-20:105:0"
M,boss_m_dk_l106,boss_q_m,110,art=K blick=l d=106,"CC_WEG=16,17,neu CC_RANG=20 CC_BSET=40-41:50:0 CC_AB=1:04a97e CC_AB_MIN=30 CC_FIG=1-20:106:0"
M,boss_m_dk_l107,boss_q_m,110,art=K blick=l d=107,"CC_WEG=16,17,neu CC_RANG=20 CC_BSET=40-41:50:0 CC_AB=1:04a97e CC_AB_MIN=30 CC_FIG=1-20:107:0"
M,boss_m_dk_r-40,boss_q_m,110,art=K blick=r d=-40,"CC_WEG=16,17,neu CC_RANG=20 CC_BSET=36-36:-50:0 CC_AB=1:04a97e CC_AB_MIN=30 CC_FIG=1-20:40:0"
M,boss_m_dk_r-30,boss_q_m,110,art=K blick=r d=-30,"CC_WEG=16,17,neu CC_RANG=20 CC_BSET=36-36:-50:0 CC_AB=1:04a97e CC_AB_MIN=30 CC_FIG=1-20:30:0"
M,boss_m_dk_r-25,boss_q_m,110,art=K blick=r d=-25,"CC_WEG=16,17,neu CC_RANG=20 CC_BSET=36-36:-50:0 CC_AB=1:04a97e CC_AB_MIN=30 CC_FIG=1-20:25:0"
M,boss_m_dk_r-22,boss_q_m,110,art=K blick=r d=-22,"CC_WEG=16,17,neu CC_RANG=20 CC_BSET=36-36:-50:0 CC_AB=1:04a97e CC_AB_MIN=30 CC_FIG=1-20:22:0"
M,boss_m_dk_r-20,boss_q_m,110,art=K blick=r d=-20,"CC_WEG=16,17,neu CC_RANG=20 CC_BSET=36-36:-50:0 CC_AB=1:04a97e CC_AB_MIN=30 CC_FIG=1-20:20:0"
M,boss_m_dk_r-19,boss_q_m,110,art=K blick=r d=-19,"CC_WEG=16,17,neu CC_RANG=20 CC_BSET=36-36:-50:0 CC_AB=1:04a97e CC_AB_MIN=30 CC_FIG=1-20:19:0"
M,boss_m_dk_r-18,boss_q_m,110,art=K blick=r d=-18,"CC_WEG=16,17,neu CC_RANG=20 CC_BSET=36-36:-50:0 CC_AB=1:04a97e CC_AB_MIN=30 CC_FIG=1-20:18:0"
M,boss_m_dk_r-17,boss_q_m,110,art=K blick=r d=-17,"CC_WEG=16,17,neu CC_RANG=20 CC_BSET=36-36:-50:0 CC_AB=1:04a97e CC_AB_MIN=30 CC_FIG=1-20:17:0"
M,boss_m_dk_r-16,boss_q_m,110,art=K blick=r d=-16,"CC_WEG=16,17,neu CC_RANG=20 CC_BSET=36-36:-50:0 CC_AB=1:04a97e CC_AB_MIN=30 CC_FIG=1-20:16:0"
M,boss_m_dk_r-15,boss_q_m,110,art=K blick=r d=-15,"CC_WEG=16,17,neu CC_RANG=20 CC_BSET=36-36:-50:0 CC_AB=1:04a97e CC_AB_MIN=30 CC_FIG=1-20:15:0"
M,boss_m_dk_r-14,boss_q_m,110,art=K blick=r d=-14,"CC_WEG=16,17,neu CC_RANG=20 CC_BSET=36-36:-50:0 CC_AB=1:04a97e CC_AB_MIN=30 CC_FIG=1-20:14:0"
M,boss_m_dk_r40,boss_q_m,110,art=K blick=r d=40,"CC_WEG=16,17,neu CC_RANG=20 CC_BSET=36-36:-50:0 CC_AB=1:04a97e CC_AB_MIN=30 CC_FIG=1-20:-40:0"
M,boss_m_dk_r60,boss_q_m,110,art=K blick=r d=60,"CC_WEG=16,17,neu CC_RANG=20 CC_BSET=36-36:-50:0 CC_AB=1:04a97e CC_AB_MIN=30 CC_FIG=1-20:-60:0"
M,boss_m_dk_r80,boss_q_m,110,art=K blick=r d=80,"CC_WEG=16,17,neu CC_RANG=20 CC_BSET=36-36:-50:0 CC_AB=1:04a97e CC_AB_MIN=30 CC_FIG=1-20:-80:0"
M,boss_m_dk_r90,boss_q_m,110,art=K blick=r d=90,"CC_WEG=16,17,neu CC_RANG=20 CC_BSET=36-36:-50:0 CC_AB=1:04a97e CC_AB_MIN=30 CC_FIG=1-20:-90:0"
M,boss_m_dk_r95,boss_q_m,110,art=K blick=r d=95,"CC_WEG=16,17,neu CC_RANG=20 CC_BSET=36-36:-50:0 CC_AB=1:04a97e CC_AB_MIN=30 CC_FIG=1-20:-95:0"
M,boss_m_dk_r97,boss_q_m,110,art=K blick=r d=97,"CC_WEG=16,17,neu CC_RANG=20 CC_BSET=36-36:-50:0 CC_AB=1:04a97e CC_AB_MIN=30 CC_FIG=1-20:-97:0"
M,boss_m_dk_r99,boss_q_m,110,art=K blick=r d=99,"CC_WEG=16,17,neu CC_RANG=20 CC_BSET=36-36:-50:0 CC_AB=1:04a97e CC_AB_MIN=30 CC_FIG=1-20:-99:0"
M,boss_m_dk_r101,boss_q_m,110,art=K blick=r d=101,"CC_WEG=16,17,neu CC_RANG=20 CC_BSET=36-36:-50:0 CC_AB=1:04a97e CC_AB_MIN=30 CC_FIG=1-20:-101:0"
M,boss_m_dk_r102,boss_q_m,110,art=K blick=r d=102,"CC_WEG=16,17,neu CC_RANG=20 CC_BSET=36-36:-50:0 CC_AB=1:04a97e CC_AB_MIN=30 CC_FIG=1-20:-102:0"
M,boss_m_dk_r103,boss_q_m,110,art=K blick=r d=103,"CC_WEG=16,17,neu CC_RANG=20 CC_BSET=36-36:-50:0 CC_AB=1:04a97e CC_AB_MIN=30 CC_FIG=1-20:-103:0"
M,boss_m_dk_r104,boss_q_m,110,art=K blick=r d=104,"CC_WEG=16,17,neu CC_RANG=20 CC_BSET=36-36:-50:0 CC_AB=1:04a97e CC_AB_MIN=30 CC_FIG=1-20:-104:0"
M,boss_m_dk_r105,boss_q_m,110,art=K blick=r d=105,"CC_WEG=16,17,neu CC_RANG=20 CC_BSET=36-36:-50:0 CC_AB=1:04a97e CC_AB_MIN=30 CC_FIG=1-20:-105:0"
M,boss_m_dk_r106,boss_q_m,110,art=K blick=r d=106,"CC_WEG=16,17,neu CC_RANG=20 CC_BSET=36-36:-50:0 CC_AB=1:04a97e CC_AB_MIN=30 CC_FIG=1-20:-106:0"
M,boss_m_dk_r107,boss_q_m,110,art=K blick=r d=107,"CC_WEG=16,17,neu CC_RANG=20 CC_BSET=36-36:-50:0 CC_AB=1:04a97e CC_AB_MIN=30 CC_FIG=1-20:-107:0"
M,boss_m_dkz_-9,boss_q_m,80,K-Ausloeser dz=-9 (Boss 45 px vor der Figur),"CC_WEG=16,17,neu CC_RANG=20 CC_BSET=40-41:45:-9"
M,boss_m_dkz_-8,boss_q_m,80,K-Ausloeser dz=-8 (Boss 45 px vor der Figur),"CC_WEG=16,17,neu CC_RANG=20 CC_BSET=40-41:45:-8"
M,boss_m_dkz_-7,boss_q_m,80,K-Ausloeser dz=-7 (Boss 45 px vor der Figur),"CC_WEG=16,17,neu CC_RANG=20 CC_BSET=40-41:45:-7"
M,boss_m_dkz_-6,boss_q_m,80,K-Ausloeser dz=-6 (Boss 45 px vor der Figur),"CC_WEG=16,17,neu CC_RANG=20 CC_BSET=40-41:45:-6"
M,boss_m_dkz_6,boss_q_m,80,K-Ausloeser dz=6 (Boss 45 px vor der Figur),"CC_WEG=16,17,neu CC_RANG=20 CC_BSET=40-41:45:6"
M,boss_m_dkz_7,boss_q_m,80,K-Ausloeser dz=7 (Boss 45 px vor der Figur),"CC_WEG=16,17,neu CC_RANG=20 CC_BSET=40-41:45:7"
M,boss_m_dkz_8,boss_q_m,80,K-Ausloeser dz=8 (Boss 45 px vor der Figur),"CC_WEG=16,17,neu CC_RANG=20 CC_BSET=40-41:45:8"
M,boss_m_dkz_9,boss_q_m,80,K-Ausloeser dz=9 (Boss 45 px vor der Figur),"CC_WEG=16,17,neu CC_RANG=20 CC_BSET=40-41:45:9"
M,boss_m_ds_l-18,boss_q_m,160,art=S blick=l d=-18,"CC_WEG=16,17,neu CC_RANG=20 CC_AB=1:04a67c CC_AB_MIN=100 CC_FIG=1-30:-18:0"
M,boss_m_ds_l-17,boss_q_m,160,art=S blick=l d=-17,"CC_WEG=16,17,neu CC_RANG=20 CC_AB=1:04a67c CC_AB_MIN=100 CC_FIG=1-30:-17:0"
M,boss_m_ds_l-16,boss_q_m,160,art=S blick=l d=-16,"CC_WEG=16,17,neu CC_RANG=20 CC_AB=1:04a67c CC_AB_MIN=100 CC_FIG=1-30:-16:0"
M,boss_m_ds_l-15,boss_q_m,160,art=S blick=l d=-15,"CC_WEG=16,17,neu CC_RANG=20 CC_AB=1:04a67c CC_AB_MIN=100 CC_FIG=1-30:-15:0"
M,boss_m_ds_l103,boss_q_m,160,art=S blick=l d=103,"CC_WEG=16,17,neu CC_RANG=20 CC_AB=1:04a67c CC_AB_MIN=100 CC_FIG=1-30:103:0"
M,boss_m_ds_l104,boss_q_m,160,art=S blick=l d=104,"CC_WEG=16,17,neu CC_RANG=20 CC_AB=1:04a67c CC_AB_MIN=100 CC_FIG=1-30:104:0"
M,boss_m_ds_l105,boss_q_m,160,art=S blick=l d=105,"CC_WEG=16,17,neu CC_RANG=20 CC_AB=1:04a67c CC_AB_MIN=100 CC_FIG=1-30:105:0"
M,boss_m_ds_l106,boss_q_m,160,art=S blick=l d=106,"CC_WEG=16,17,neu CC_RANG=20 CC_AB=1:04a67c CC_AB_MIN=100 CC_FIG=1-30:106:0"
M,boss_m_ds_r-28,boss_q_b,300,art=S blick=r d=-28,"CC_WEG=16,17,neu CC_RANG=20 CC_AB=1:04a67c CC_AB_MIN=250 CC_FIG=1-30:28:0"
M,boss_m_ds_r-25,boss_q_b,300,art=S blick=r d=-25,"CC_WEG=16,17,neu CC_RANG=20 CC_AB=1:04a67c CC_AB_MIN=250 CC_FIG=1-30:25:0"
M,boss_m_ds_r-23,boss_q_b,300,art=S blick=r d=-23,"CC_WEG=16,17,neu CC_RANG=20 CC_AB=1:04a67c CC_AB_MIN=250 CC_FIG=1-30:23:0"
M,boss_m_ds_r-21,boss_q_b,300,art=S blick=r d=-21,"CC_WEG=16,17,neu CC_RANG=20 CC_AB=1:04a67c CC_AB_MIN=250 CC_FIG=1-30:21:0"
M,boss_m_ds_r-19,boss_q_b,300,art=S blick=r d=-19,"CC_WEG=16,17,neu CC_RANG=20 CC_AB=1:04a67c CC_AB_MIN=250 CC_FIG=1-30:19:0"
M,boss_m_ds_r-17,boss_q_b,300,art=S blick=r d=-17,"CC_WEG=16,17,neu CC_RANG=20 CC_AB=1:04a67c CC_AB_MIN=250 CC_FIG=1-30:17:0"
M,boss_m_ds_r-16,boss_q_b,300,art=S blick=r d=-16,"CC_WEG=16,17,neu CC_RANG=20 CC_AB=1:04a67c CC_AB_MIN=250 CC_FIG=1-30:16:0"
M,boss_m_dr_h90,boss_q_m,700,art=R h=90,"CC_WEG=16,17,neu CC_RANG=20 CC_AB=1:04a26a CC_AB_MIN=600 CC_FIG=1-45:_:0:90"
M,boss_m_dr_h95,boss_q_m,700,art=R h=95,"CC_WEG=16,17,neu CC_RANG=20 CC_AB=1:04a26a CC_AB_MIN=600 CC_FIG=1-45:_:0:95"
M,boss_m_dr_h100,boss_q_m,700,art=R h=100,"CC_WEG=16,17,neu CC_RANG=20 CC_AB=1:04a26a CC_AB_MIN=600 CC_FIG=1-45:_:0:100"
M,boss_m_dr_h105,boss_q_m,700,art=R h=105,"CC_WEG=16,17,neu CC_RANG=20 CC_AB=1:04a26a CC_AB_MIN=600 CC_FIG=1-45:_:0:105"
M,boss_m_dr_h110,boss_q_m,700,art=R h=110,"CC_WEG=16,17,neu CC_RANG=20 CC_AB=1:04a26a CC_AB_MIN=600 CC_FIG=1-45:_:0:110"
M,boss_m_dr_h115,boss_q_m,700,art=R h=115,"CC_WEG=16,17,neu CC_RANG=20 CC_AB=1:04a26a CC_AB_MIN=600 CC_FIG=1-45:_:0:115"
M,boss_m_dr_z-13,boss_q_m,700,art=R dz=-13,"CC_WEG=16,17,neu CC_RANG=20 CC_AB=1:04a26a CC_AB_MIN=600 CC_FIG=1-45:_:-13"
M,boss_m_dr_z-12,boss_q_m,700,art=R dz=-12,"CC_WEG=16,17,neu CC_RANG=20 CC_AB=1:04a26a CC_AB_MIN=600 CC_FIG=1-45:_:-12"
M,boss_m_dr_z12,boss_q_m,700,art=R dz=12,"CC_WEG=16,17,neu CC_RANG=20 CC_AB=1:04a26a CC_AB_MIN=600 CC_FIG=1-45:_:12"
M,boss_m_dr_z13,boss_q_m,700,art=R dz=13,"CC_WEG=16,17,neu CC_RANG=20 CC_AB=1:04a26a CC_AB_MIN=600 CC_FIG=1-45:_:13"
M,boss_m_dp_f48_d0,boss_q_b,1310,art=P F=48 d=0 (nur Frame A+F),"CC_WEG=16,17,neu CC_RANG=20 CC_AB=1:04b842 CC_AB_MIN=1200 CC_FIG=1-47:_:40;48-48:0:0;49-80:_:40"
M,boss_m_dp_f48_d15,boss_q_b,1310,art=P F=48 d=15 (nur Frame A+F),"CC_WEG=16,17,neu CC_RANG=20 CC_AB=1:04b842 CC_AB_MIN=1200 CC_FIG=1-47:_:40;48-48:15:0;49-80:_:40"
M,boss_m_dp_f48_d23,boss_q_b,1310,art=P F=48 d=23 (nur Frame A+F),"CC_WEG=16,17,neu CC_RANG=20 CC_AB=1:04b842 CC_AB_MIN=1200 CC_FIG=1-47:_:40;48-48:23:0;49-80:_:40"
M,boss_m_dp_f48_d27,boss_q_b,1310,art=P F=48 d=27 (nur Frame A+F),"CC_WEG=16,17,neu CC_RANG=20 CC_AB=1:04b842 CC_AB_MIN=1200 CC_FIG=1-47:_:40;48-48:27:0;49-80:_:40"
M,boss_m_dp_f48_d35,boss_q_b,1310,art=P F=48 d=35 (nur Frame A+F),"CC_WEG=16,17,neu CC_RANG=20 CC_AB=1:04b842 CC_AB_MIN=1200 CC_FIG=1-47:_:40;48-48:35:0;49-80:_:40"
M,boss_m_dp_f51_d0,boss_q_b,1310,art=P F=51 d=0 (nur Frame A+F),"CC_WEG=16,17,neu CC_RANG=20 CC_AB=1:04b842 CC_AB_MIN=1200 CC_FIG=1-50:_:40;51-51:0:0;52-80:_:40"
M,boss_m_dp_f51_d15,boss_q_b,1310,art=P F=51 d=15 (nur Frame A+F),"CC_WEG=16,17,neu CC_RANG=20 CC_AB=1:04b842 CC_AB_MIN=1200 CC_FIG=1-50:_:40;51-51:15:0;52-80:_:40"
M,boss_m_dp_f51_d23,boss_q_b,1310,art=P F=51 d=23 (nur Frame A+F),"CC_WEG=16,17,neu CC_RANG=20 CC_AB=1:04b842 CC_AB_MIN=1200 CC_FIG=1-50:_:40;51-51:23:0;52-80:_:40"
M,boss_m_dp_f51_d27,boss_q_b,1310,art=P F=51 d=27 (nur Frame A+F),"CC_WEG=16,17,neu CC_RANG=20 CC_AB=1:04b842 CC_AB_MIN=1200 CC_FIG=1-50:_:40;51-51:27:0;52-80:_:40"
M,boss_m_dp_f51_d35,boss_q_b,1310,art=P F=51 d=35 (nur Frame A+F),"CC_WEG=16,17,neu CC_RANG=20 CC_AB=1:04b842 CC_AB_MIN=1200 CC_FIG=1-50:_:40;51-51:35:0;52-80:_:40"
M,boss_m_dp_f55_d0,boss_q_b,1310,art=P F=55 d=0 (nur Frame A+F),"CC_WEG=16,17,neu CC_RANG=20 CC_AB=1:04b842 CC_AB_MIN=1200 CC_FIG=1-54:_:40;55-55:0:0;56-80:_:40"
M,boss_m_dp_f55_d15,boss_q_b,1310,art=P F=55 d=15 (nur Frame A+F),"CC_WEG=16,17,neu CC_RANG=20 CC_AB=1:04b842 CC_AB_MIN=1200 CC_FIG=1-54:_:40;55-55:15:0;56-80:_:40"
M,boss_m_dp_f55_d23,boss_q_b,1310,art=P F=55 d=23 (nur Frame A+F),"CC_WEG=16,17,neu CC_RANG=20 CC_AB=1:04b842 CC_AB_MIN=1200 CC_FIG=1-54:_:40;55-55:23:0;56-80:_:40"
M,boss_m_dp_f55_d27,boss_q_b,1310,art=P F=55 d=27 (nur Frame A+F),"CC_WEG=16,17,neu CC_RANG=20 CC_AB=1:04b842 CC_AB_MIN=1200 CC_FIG=1-54:_:40;55-55:27:0;56-80:_:40"
M,boss_m_dp_f55_d35,boss_q_b,1310,art=P F=55 d=35 (nur Frame A+F),"CC_WEG=16,17,neu CC_RANG=20 CC_AB=1:04b842 CC_AB_MIN=1200 CC_FIG=1-54:_:40;55-55:35:0;56-80:_:40"
M,boss_m_dp_f60_d0,boss_q_b,1310,art=P F=60 d=0 (nur Frame A+F),"CC_WEG=16,17,neu CC_RANG=20 CC_AB=1:04b842 CC_AB_MIN=1200 CC_FIG=1-59:_:40;60-60:0:0;61-80:_:40"
M,boss_m_dp_f60_d15,boss_q_b,1310,art=P F=60 d=15 (nur Frame A+F),"CC_WEG=16,17,neu CC_RANG=20 CC_AB=1:04b842 CC_AB_MIN=1200 CC_FIG=1-59:_:40;60-60:15:0;61-80:_:40"
M,boss_m_dp_f60_d23,boss_q_b,1310,art=P F=60 d=23 (nur Frame A+F),"CC_WEG=16,17,neu CC_RANG=20 CC_AB=1:04b842 CC_AB_MIN=1200 CC_FIG=1-59:_:40;60-60:23:0;61-80:_:40"
M,boss_m_dp_f60_d27,boss_q_b,1310,art=P F=60 d=27 (nur Frame A+F),"CC_WEG=16,17,neu CC_RANG=20 CC_AB=1:04b842 CC_AB_MIN=1200 CC_FIG=1-59:_:40;60-60:27:0;61-80:_:40"
M,boss_m_dp_f60_d35,boss_q_b,1310,art=P F=60 d=35 (nur Frame A+F),"CC_WEG=16,17,neu CC_RANG=20 CC_AB=1:04b842 CC_AB_MIN=1200 CC_FIG=1-59:_:40;60-60:35:0;61-80:_:40"
M,boss_m_dp_f66_d0,boss_q_b,1310,art=P F=66 d=0 (nur Frame A+F),"CC_WEG=16,17,neu CC_RANG=20 CC_AB=1:04b842 CC_AB_MIN=1200 CC_FIG=1-65:_:40;66-66:0:0;67-80:_:40"
M,boss_m_dp_f66_d15,boss_q_b,1310,art=P F=66 d=15 (nur Frame A+F),"CC_WEG=16,17,neu CC_RANG=20 CC_AB=1:04b842 CC_AB_MIN=1200 CC_FIG=1-65:_:40;66-66:15:0;67-80:_:40"
M,boss_m_dp_f66_d23,boss_q_b,1310,art=P F=66 d=23 (nur Frame A+F),"CC_WEG=16,17,neu CC_RANG=20 CC_AB=1:04b842 CC_AB_MIN=1200 CC_FIG=1-65:_:40;66-66:23:0;67-80:_:40"
M,boss_m_dp_f66_d27,boss_q_b,1310,art=P F=66 d=27 (nur Frame A+F),"CC_WEG=16,17,neu CC_RANG=20 CC_AB=1:04b842 CC_AB_MIN=1200 CC_FIG=1-65:_:40;66-66:27:0;67-80:_:40"
M,boss_m_dp_f66_d35,boss_q_b,1310,art=P F=66 d=35 (nur Frame A+F),"CC_WEG=16,17,neu CC_RANG=20 CC_AB=1:04b842 CC_AB_MIN=1200 CC_FIG=1-65:_:40;66-66:35:0;67-80:_:40"
M,boss_m_dp_l48,boss_q_b,1310,art=P Landepunkt F=48,"CC_WEG=16,17,neu CC_RANG=20 CC_AB=1:04b842 CC_AB_MIN=1200 CC_FIG=1-47:_:40;48-48:_:0;49-80:_:40"
M,boss_m_dp_l51,boss_q_b,1310,art=P Landepunkt F=51,"CC_WEG=16,17,neu CC_RANG=20 CC_AB=1:04b842 CC_AB_MIN=1200 CC_FIG=1-50:_:40;51-51:_:0;52-80:_:40"
M,boss_m_dp_l55,boss_q_b,1310,art=P Landepunkt F=55,"CC_WEG=16,17,neu CC_RANG=20 CC_AB=1:04b842 CC_AB_MIN=1200 CC_FIG=1-54:_:40;55-55:_:0;56-80:_:40"
M,boss_m_dp_l58,boss_q_b,1310,art=P Landepunkt F=58,"CC_WEG=16,17,neu CC_RANG=20 CC_AB=1:04b842 CC_AB_MIN=1200 CC_FIG=1-57:_:40;58-58:_:0;59-80:_:40"
M,boss_m_dp_l62,boss_q_b,1310,art=P Landepunkt F=62,"CC_WEG=16,17,neu CC_RANG=20 CC_AB=1:04b842 CC_AB_MIN=1200 CC_FIG=1-61:_:40;62-62:_:0;63-80:_:40"
M,boss_m_dp_l66,boss_q_b,1310,art=P Landepunkt F=66,"CC_WEG=16,17,neu CC_RANG=20 CC_AB=1:04b842 CC_AB_MIN=1200 CC_FIG=1-65:_:40;66-66:_:0;67-80:_:40"
M,boss_m_dp_l70,boss_q_b,1310,art=P Landepunkt F=70,"CC_WEG=16,17,neu CC_RANG=20 CC_AB=1:04b842 CC_AB_MIN=1200 CC_FIG=1-69:_:40;70-70:_:0;71-80:_:40"
M,boss_m_e_r9,boss_q_m,8000,passiv rang=9,"CC_WEG=16,17,neu CC_RANG=9"
M,boss_m_e_r16,boss_q_m,8000,passiv rang=16,"CC_WEG=16,17,neu CC_RANG=16"
M,boss_m_e_r24,boss_q_m,8000,passiv rang=24,"CC_WEG=16,17,neu CC_RANG=24"
M,boss_m_bot_t20,boss_q_m,8000,bot rang=20 takt=20,"CC_WEG=16,17,neu CC_BOT=angriff CC_BOT_AB=2 CC_RANG=20"
M,boss_m_bot_t32,boss_q_m,8000,bot rang=20 takt=32,"CC_WEG=16,17,neu CC_BOT=angriff CC_BOT_AB=2 CC_BOT_TAKT=32 CC_RANG=20"
M,boss_m_bot_r16,boss_q_m,8000,bot rang=16 takt=26,"CC_WEG=16,17,neu CC_BOT=angriff CC_BOT_AB=2 CC_BOT_TAKT=26 CC_RANG=16"
M,boss_m_f_alle20,boss_q_m,260,"rang=20 blp 30 in 5, 27 in 80, alle Gegner leben im Bild","CC_RANG=20 CC_BLP=5:30,80:27"
M,boss_m_f_ow12,boss_q_m,260,"rang=12 WOOKY in 5 entfernt, blp 30 in 30, 27 in 80","CC_RANG=12 CC_ENTF=16,17 CC_ENTF_AB=5 CC_BLP=30:30,80:27"
M,boss_m_f_owe12,boss_q_m,260,"rang=12 WOOKY in 5, EDDY in 60 entfernt, blp 30 in 30, 27 in 80","CC_RANG=12 CC_ENTF=16,17 CC_ENTF_AB=5 CC_ENTF2=typ:60CA0 CC_ENTF2_AB=60 CC_BLP=30:30,80:27"
M,boss_m_f_ow16,boss_q_m,260,"rang=16 WOOKY in 5 entfernt, blp 30 in 30, 27 in 80","CC_RANG=16 CC_ENTF=16,17 CC_ENTF_AB=5 CC_BLP=30:30,80:27"
M,boss_m_f_owe16,boss_q_m,260,"rang=16 WOOKY in 5, EDDY in 60 entfernt, blp 30 in 30, 27 in 80","CC_RANG=16 CC_ENTF=16,17 CC_ENTF_AB=5 CC_ENTF2=typ:60CA0 CC_ENTF2_AB=60 CC_BLP=30:30,80:27"
M,boss_m_f_ow20,boss_q_m,260,"rang=20 WOOKY in 5 entfernt, blp 30 in 30, 27 in 80","CC_RANG=20 CC_ENTF=16,17 CC_ENTF_AB=5 CC_BLP=30:30,80:27"
M,boss_m_f_owe20,boss_q_m,260,"rang=20 WOOKY in 5, EDDY in 60 entfernt, blp 30 in 30, 27 in 80","CC_RANG=20 CC_ENTF=16,17 CC_ENTF_AB=5 CC_ENTF2=typ:60CA0 CC_ENTF2_AB=60 CC_BLP=30:30,80:27"
M,boss_m_f_leer12,boss_q_m,260,"rang=12 WOOKY in 5, Pistolen-DICK in 10 entfernt, blp 30 in 30, 27 in 80","CC_RANG=12 CC_ENTF=16,17 CC_ENTF_AB=5 CC_ENTF2=typ:64E7A CC_ENTF2_AB=10 CC_BLP=30:30,80:27"
M,boss_m_f_leer15,boss_q_m,260,"rang=15 WOOKY in 5, Pistolen-DICK in 10 entfernt, blp 30 in 30, 27 in 80","CC_RANG=15 CC_ENTF=16,17 CC_ENTF_AB=5 CC_ENTF2=typ:64E7A CC_ENTF2_AB=10 CC_BLP=30:30,80:27"
M,boss_m_f_leer16,boss_q_m,260,"rang=16 WOOKY in 5, Pistolen-DICK in 10 entfernt, blp 30 in 30, 27 in 80","CC_RANG=16 CC_ENTF=16,17 CC_ENTF_AB=5 CC_ENTF2=typ:64E7A CC_ENTF2_AB=10 CC_BLP=30:30,80:27"
M,boss_m_f_leer20,boss_q_m,260,"rang=20 WOOKY in 5, Pistolen-DICK in 10 entfernt, blp 30 in 30, 27 in 80","CC_RANG=20 CC_ENTF=16,17 CC_ENTF_AB=5 CC_ENTF2=typ:64E7A CC_ENTF2_AB=10 CC_BLP=30:30,80:27"
M,boss_m_f_e20,boss_q_m,260,"rang=20 EDDY in 60 entfernt (WOOKY leben), blp 30 in 30, 27 in 80","CC_RANG=20 CC_ENTF2=typ:60CA0 CC_ENTF2_AB=60 CC_BLP=30:30,80:27"
M,boss_m_f_h56,boss_q_m,120,"rang=20 blp 57 in 5, Schlag trifft (54)","CC_RANG=20 CC_WEG=16,17,neu CC_BLP=5:57 CC_BSET=40-41:50:0 CC_IN=41:a"
M,boss_m_f_h28,boss_q_m,160,"rang=20 blp 30 in 5, 28 in 30, Schlag trifft (25)","CC_RANG=20 CC_WEG=16,17,neu CC_BLP=5:30,30:28 CC_BSET=40-41:50:0 CC_IN=41:a"
M,boss_m_t_tod,boss_q_m,700,"rang=20 blp 2 in 30, Schlag (-1)",CC_RANG=20 CC_BLP=30:2 CC_BSET=40-41:50:0 CC_IN=41:a CC_SNAPS=150-300:1
M,boss_m_t_todw,boss_q_m,700,"rang=20 blp 2 in 30, Schlag (-1), Gegner festgehalten","CC_RANG=20 CC_WEG=16,17,neu CC_BLP=30:2 CC_BSET=40-41:50:0 CC_IN=41:a CC_SNAPS=150-300:1"
M,boss_m_t_todsp,boss_q_m,700,"rang=20 blp 2 in 30, Spezial",CC_RANG=20 CC_BLP=30:2 CC_BSET=40-41:50:0 CC_IN=41:a+j CC_SNAPS=120-300:1
M,boss_m_mis_r,item_missile,240,"rang=20 Rakete, Boss 150 px rechts","CC_WEG=16,17,neu CC_RANG=20 CC_BSET=2-3:150:0 CC_IN=5:a"
M,boss_m_mis_r120,item_missile,240,"rang=20 Rakete, Boss 120 px rechts","CC_WEG=16,17,neu CC_RANG=20 CC_BSET=2-3:120:0 CC_IN=5:a"
M,boss_m_mis_l,item_missile,240,"rang=20 Rakete, Boss 150 px links","CC_WEG=16,17,neu CC_RANG=20 CC_BSET=2-3:-150:0 CC_IN=3:l;5:a"
M,boss_m_mis_l100,item_missile,240,"rang=20 Rakete, Boss 100 px links","CC_WEG=16,17,neu CC_RANG=20 CC_BSET=2-3:-100:0 CC_IN=3:l;5:a"
M,boss_m_uw_wurf_0,boss_q_m,240,wurf der figur (von hinten gepackt) versatz=0,"CC_WEG=16,17,neu CC_RANG=20 CC_BSET=20-21:-40:0 CC_IN=20-24:l;30:a+l"
M,boss_m_uw_knie_0,boss_q_m,260,drei kniestoesse versatz=0,"CC_WEG=16,17,neu CC_RANG=20 CC_BSET=20-21:-40:0 CC_IN=20-24:l;30:a;50:a;70:a"
M,boss_m_uw_laser_0,item_laser,280,laser versatz=0,"CC_WEG=16,17,neu CC_RANG=20 CC_BSET=2-3:150:0 CC_IN=5:a"
M,boss_m_uw_wurf_1,boss_q_m,249,wurf der figur (von hinten gepackt) versatz=1,"CC_WEG=16,17,neu CC_RANG=20 CC_BSET=29-30:-40:0 CC_IN=29-33:l;39:a+l"
M,boss_m_uw_knie_1,boss_q_m,269,drei kniestoesse versatz=1,"CC_WEG=16,17,neu CC_RANG=20 CC_BSET=29-30:-40:0 CC_IN=29-33:l;39:a;59:a;79:a"
M,boss_m_uw_laser_1,item_laser,287,laser versatz=1,"CC_WEG=16,17,neu CC_RANG=20 CC_BSET=9-10:150:0 CC_IN=12:a"
M,boss_m_uw_wurf_2,boss_q_m,258,wurf der figur (von hinten gepackt) versatz=2,"CC_WEG=16,17,neu CC_RANG=20 CC_BSET=38-39:-40:0 CC_IN=38-42:l;48:a+l"
M,boss_m_uw_knie_2,boss_q_m,278,drei kniestoesse versatz=2,"CC_WEG=16,17,neu CC_RANG=20 CC_BSET=38-39:-40:0 CC_IN=38-42:l;48:a;68:a;88:a"
M,boss_m_uw_laser_2,item_laser,294,laser versatz=2,"CC_WEG=16,17,neu CC_RANG=20 CC_BSET=16-17:150:0 CC_IN=19:a"
M,boss_m_uw_wurf_3,boss_q_m,267,wurf der figur (von hinten gepackt) versatz=3,"CC_WEG=16,17,neu CC_RANG=20 CC_BSET=47-48:-40:0 CC_IN=47-51:l;57:a+l"
M,boss_m_uw_knie_3,boss_q_m,287,drei kniestoesse versatz=3,"CC_WEG=16,17,neu CC_RANG=20 CC_BSET=47-48:-40:0 CC_IN=47-51:l;57:a;77:a;97:a"
M,boss_m_uw_laser_3,item_laser,301,laser versatz=3,"CC_WEG=16,17,neu CC_RANG=20 CC_BSET=23-24:150:0 CC_IN=26:a"
M,boss_m_wurf_2,boss_q_m,220,"boss packt in X=2 (Figur d=40), Wurf","CC_WEG=16,17,neu CC_RANG=20 CC_FIG=2-3:40:0"
M,boss_m_wurf_51,boss_q_m,260,"boss packt in X=51 (Figur d=40), Wurf","CC_WEG=16,17,neu CC_RANG=20 CC_FIG=51-52:40:0"
M,boss_m_au_v45,boss_q_m,230,"aufstehen, Figur ab G-5 bei d=45","CC_WEG=16,17,neu CC_RANG=20 CC_BSET=45-46:90:0 CC_IN=41-42:r;45-58:r;55:a CC_FIG=152-153:45:0"
M,boss_m_au_g45,boss_q_m,230,"aufstehen, Figur in G bei d=45","CC_WEG=16,17,neu CC_RANG=20 CC_BSET=45-46:90:0 CC_IN=41-42:r;45-58:r;55:a CC_FIG=157-158:45:0"
M,boss_m_au_v55,boss_q_m,230,"aufstehen, Figur ab G-5 bei d=55","CC_WEG=16,17,neu CC_RANG=20 CC_BSET=45-46:90:0 CC_IN=41-42:r;45-58:r;55:a CC_FIG=152-153:55:0"
M,boss_m_au_g55,boss_q_m,230,"aufstehen, Figur in G bei d=55","CC_WEG=16,17,neu CC_RANG=20 CC_BSET=45-46:90:0 CC_IN=41-42:r;45-58:r;55:a CC_FIG=157-158:55:0"
M,boss_m_au_v65,boss_q_m,230,"aufstehen, Figur ab G-5 bei d=65","CC_WEG=16,17,neu CC_RANG=20 CC_BSET=45-46:90:0 CC_IN=41-42:r;45-58:r;55:a CC_FIG=152-153:65:0"
M,boss_m_au_g65,boss_q_m,230,"aufstehen, Figur in G bei d=65","CC_WEG=16,17,neu CC_RANG=20 CC_BSET=45-46:90:0 CC_IN=41-42:r;45-58:r;55:a CC_FIG=157-158:65:0"
# A start: LP, Max-LP S+0x9A und S+0xB7 im ersten Frame mit LP (Rang in diesem Frame)
lauf,savestate,info,frame,kamera,rang,lp,max_9a,b7
boss_a_r7,p0_s1_s1_cam01793,rang=7,149,2048,7,90,72,90
boss_a2_r7,p0_s1_s1_cam01536,rang=7,298,2048,7,90,72,90
boss_a_r8,p0_s1_s1_cam01793,rang=8,149,2048,8,90,72,90
boss_a2_r8,p0_s1_s1_cam01536,rang=8,298,2048,8,90,72,90
boss_a_r9,p0_s1_s1_cam01793,rang=9,149,2048,9,100,72,100
boss_a2_r9,p0_s1_s1_cam01536,rang=9,298,2048,9,100,72,100
boss_a_r15,p0_s1_s1_cam01793,rang=15,149,2048,15,100,72,100
boss_a2_r15,p0_s1_s1_cam01536,rang=15,298,2048,15,100,72,100
boss_a_r16,p0_s1_s1_cam01793,rang=16,149,2048,16,110,72,110
boss_a2_r16,p0_s1_s1_cam01536,rang=16,298,2048,16,110,72,110
boss_a_r23,p0_s1_s1_cam01793,rang=23,149,2048,23,110,72,110
boss_a2_r23,p0_s1_s1_cam01536,rang=23,298,2048,23,110,72,110
boss_a_r24,p0_s1_s1_cam01793,rang=24,149,2048,24,120,72,120
boss_a2_r24,p0_s1_s1_cam01536,rang=24,298,2048,24,120,72,120
boss_a_nat,p0_s1_s1_cam01793,rang=natuerlich,149,2048,16,110,72,110
boss_a2_nat,p0_s1_s1_cam01536,rang=natuerlich,298,2048,16,110,72,110
boss_a_wechsel_9_24,p0_s1_s1_cam01793,"rang=9 bis 139, 24 ab 140",149,2048,24,120,72,120
boss_a_wechsel_24_9,p0_s1_s1_cam01793,"rang=24 bis 149, 9 ab 150",149,2048,24,120,72,120
# A rang: Start-LP je Rang beim Erwachen
rang,lp/max_9a/b7,laeufe
7,90/72/90,2
8,90/72/90,2
9,100/72/100,2
15,100/72/100,2
16,110/72/110,4
23,110/72/110,2
24,120/72/120,4
# B treffer: jeder LP-Verlust des Bosses (ruecksprung = Frames bis die LP wieder steigen; reaktion Zucken/Rueckzug/umgeworfen/im Griff; frei_ab = Frames bis S+4 = 1)
lauf,info,h,lp_vor,lp_nach,schaden,rang,dx,dz,figur,kombo,boss_vorher,seit_treffer,seit_dauerhaft,ruecksprung,lp_zurueck,zurueck_auf,reaktion,frei_ab,rueckzug_von,rueckzug_bis,rueckzug_x,rueckzug_attr,figur_lp_im_rueckzug,flug_x
boss_b_k1,kette=1,66,110,107,3,16,49,2,Schlag,1,1/00/00/049efa,,,,,,Zucken,27,,,,,,
boss_b_k12,kette=1-2,66,110,107,3,16,49,2,Schlag,1,1/00/00/049efa,,,,,,Zucken,72,,,,,,
boss_b_k12,kette=1-2,83,107,103,4,16,49,2,Schlag,2,3/00/02/04b03e,17,17,1,107,Wert vor dem Treffer,Rueckzug,55,1,54,48.0,00,72,
boss_b_k123,kette=1-3,66,110,107,3,16,49,2,Schlag,1,1/00/00/049efa,,,,,,Zucken,72,,,,,,
boss_b_k123,kette=1-3,83,107,103,4,16,49,2,Schlag,2,3/00/02/04b03e,17,17,1,107,Wert vor dem Treffer,Rueckzug,55,1,54,48.0,00,72,
boss_b_k1234,kette=1-4,66,110,107,3,16,49,2,Schlag,1,1/00/00/049efa,,,,,,Zucken,72,,,,,,
boss_b_k1234,kette=1-4,83,107,103,4,16,49,2,Schlag,2,3/00/02/04b03e,17,17,1,107,Wert vor dem Treffer,Rueckzug,55,1,54,48.0,00,72,
boss_b_k12w,kette=1-2 dx=70,66,110,107,3,16,69,3,Schlag,1,1/00/00/049efa,,,,,,Zucken,72,,,,,,
boss_b_k12w,kette=1-2 dx=70,83,107,103,4,16,69,3,Schlag,2,3/00/02/04b03e,17,17,1,107,Wert vor dem Treffer,Rueckzug,55,1,54,48.0,00,72,
boss_b_tritt,"tritt allein: Stufen 1-3 am WOOKY (Slot 16 per EINGRIFF davor), Tritt am Boss",74,110,100,10,16,49,0,Schlag,4,1/06/04/04a97e,,,,,,umgeworfen (Aktion 0C),109,,,,,,127.25
boss_b_sprn,sprungangriff neutral,69,110,103,7,16,57,5,Sprungangriff,2,1/00/00/049efa,,,,,,umgeworfen (Aktion 0C),105,,,,,,127.25
boss_b_sprh,sprungangriff hoch,71,110,98,12,16,56,7,Sprungangriff,3,1/00/00/049f48,,,,,,umgeworfen (Aktion 0C),105,,,,,,127.25
boss_b_spez,spezialangriff,78,110,104,6,16,49,2,Spezial,1,1/06/06/04aae2,,,,,,umgeworfen (Aktion 12),78,,,,,,135.12
boss_b_sprint,sprintangriff,77,110,101,9,16,28,11,Sprintangriff,2,1/00/00/049f48,,,,,,umgeworfen (Aktion 0C),105,,,,,,127.25
boss_b_wurf_v,"griff von hinten, wurf nach vorn",73,110,96,14,16,-19,0,Griff,1,3/02/00/049d08,,,,,,im Griff,120,,,,,,
boss_b_wurf_r,"griff von hinten, wurf rueckwaerts",73,110,96,14,16,19,0,Griff,1,3/02/00/049d08,,,,,,im Griff,120,,,,,,
boss_b_knie,"griff, drei kniestoesse",77,110,106,4,16,-21,0,Griff,2,3/02/00/049d08,,,,,,st3 akt04,147,,,,,,
boss_b_knie,"griff, drei kniestoesse",97,106,102,4,16,-21,0,Griff,2,3/02/00/049d08,20,20,,,,st3 akt04,127,,,,,,
boss_b_knie,"griff, drei kniestoesse",117,102,98,4,16,-21,0,Griff,2,3/02/00/049d08,20,20,,,,umgeworfen (Aktion 0C),107,,,,,,-133.0
boss_b_knie1,"griff, ein kniestoss",77,110,106,4,16,-21,0,Griff,2,3/02/00/049d08,,,,,,st3 akt04,62,,,,,,
boss_b_mis,"raketenwerfer, ein schuss",31,110,102,8,16,90,0,Stand,1,1/06/02/049f92,,,,,,umgeworfen (Aktion 14),152,,,,,,59.25
boss_b_mis3,"raketenwerfer, drei schuss",31,110,102,8,16,90,0,Waffe,1,1/06/02/049f92,,,,,,umgeworfen (Aktion 14),152,,,,,,59.25
boss_b_las,"laser, ein schuss",16,110,104,6,16,134,0,Waffe,1,1/00/00/049f48,,,,,,umgeworfen (Aktion 0C),99,,,,,,67.0
boss_b_las3,"laser, drei schuss",16,110,104,6,16,134,0,Waffe,1,1/00/00/049f48,,,,,,umgeworfen (Aktion 0C),99,,,,,,67.0
boss_b_2_sprung,"stufe 1, dann sprungangriff",66,110,107,3,16,59,3,Schlag,1,1/00/00/049efa,,,,,,Zucken,82,,,,,,
boss_b_2_sprung,"stufe 1, dann sprungangriff",93,107,100,7,16,59,3,Sprungangriff,2,3/00/02/04b0d4,27,27,1,107,Wert vor dem Treffer,Rueckzug,55,1,54,48.0,00,72,
boss_b_2_sprint,"stufe 1, dann sprintangriff",66,110,107,3,16,79,3,Schlag,1,1/00/00/049efa,,,,,,Zucken,27,,,,,,
boss_b_2_sprint,"stufe 1, dann sprintangriff",105,107,98,9,16,43,11,Sprintangriff,2,1/00/00/049f48,39,39,1,107,Wert vor dem Treffer,Rueckzug,55,1,54,48.0,00,72,
boss_b_2_spez,"stufe 1, dann spezial (dx 60)",66,110,107,3,16,59,3,Schlag,1,1/00/00/049efa,,,,,,Zucken,27,,,,,,
boss_b_2_spez,"stufe 1, dann spezial (dx 60)",99,107,101,6,16,55,8,Spezial,1,1/00/00/049efa,33,33,,,,umgeworfen (Aktion 12),78,,,,,,135.12
boss_b_2_spez_b,"stufe 1, dann spezial (Boss bis 92 bei 40 px)",66,110,107,3,16,49,2,Schlag,1,1/00/00/049efa,,,,,,Zucken,105,,,,,,
boss_b_2_spez_b,"stufe 1, dann spezial (Boss bis 92 bei 40 px)",93,107,101,6,16,40,0,Spezial,1,3/00/02/04b0d4,27,27,,,,umgeworfen (Aktion 12),78,,,,,,135.12
boss_b_2_spez_c,"stufe 1, dann spezial (dx 80)",66,110,107,3,16,79,3,Schlag,1,1/00/00/049efa,,,,,,Zucken,27,,,,,,
boss_b_2_spez_c,"stufe 1, dann spezial (dx 80)",103,107,101,6,16,70,10,Spezial,1,1/00/00/049f48,37,37,,,,umgeworfen (Aktion 12),78,,,,,,135.12
boss_b_rz_spez,"stufe 1-2, spezial im Rueckzug",66,110,107,3,16,49,2,Schlag,1,1/00/00/049efa,,,,,,Zucken,72,,,,,,
boss_b_rz_spez,"stufe 1-2, spezial im Rueckzug",83,107,103,4,16,49,2,Schlag,2,3/00/02/04b03e,17,17,1,107,Wert vor dem Treffer,Rueckzug,55,1,54,48.0,00,72,
boss_b_rz_spez2,"stufe 1-2, spezial gegen Ende des Rueckzugs",66,110,107,3,16,49,2,Schlag,1,1/00/00/049efa,,,,,,Zucken,72,,,,,,
boss_b_rz_spez2,"stufe 1-2, spezial gegen Ende des Rueckzugs",83,107,103,4,16,49,2,Schlag,2,3/00/02/04b03e,17,17,1,107,Wert vor dem Treffer,Rueckzug,55,1,54,48.0,00,72,
boss_b_rz_spez2,"stufe 1-2, spezial gegen Ende des Rueckzugs",146,107,101,6,16,92,8,Spezial,1,1/00/00/049efa,63,80,,,,umgeworfen (Aktion 12),,,,,,,
boss_b_rz_sprung,"stufe 1-2, sprungangriff im Rueckzug",66,110,107,3,16,49,2,Schlag,1,1/00/00/049efa,,,,,,Zucken,72,,,,,,
boss_b_rz_sprung,"stufe 1-2, sprungangriff im Rueckzug",83,107,103,4,16,49,2,Schlag,2,3/00/02/04b03e,17,17,1,107,Wert vor dem Treffer,Rueckzug,55,1,54,48.0,00,72,
boss_b_z12,zweit=h+12 dx=50,66,110,107,3,16,49,2,Schlag,1,1/00/00/049efa,,,,,,Zucken,70,,,,,,
boss_b_z12,zweit=h+12 dx=50,81,107,103,4,16,49,2,Schlag,2,3/00/02/04b03e,15,15,1,107,Wert vor dem Treffer,Rueckzug,55,1,54,48.0,00,72,
boss_b_z16,zweit=h+16 dx=50,66,110,107,3,16,49,2,Schlag,1,1/00/00/049efa,,,,,,Zucken,74,,,,,,
boss_b_z16,zweit=h+16 dx=50,85,107,103,4,16,49,2,Schlag,2,3/00/02/04b03e,19,19,1,107,Wert vor dem Treffer,Rueckzug,55,1,54,48.0,00,72,
boss_b_z20,zweit=h+20 dx=50,66,110,107,3,16,49,2,Schlag,1,1/00/00/049efa,,,,,,Zucken,78,,,,,,
boss_b_z20,zweit=h+20 dx=50,89,107,103,4,16,49,2,Schlag,2,3/00/02/04b086,23,23,1,107,Wert vor dem Treffer,Rueckzug,55,1,54,48.0,00,72,
boss_b_z24,zweit=h+24 dx=50,66,110,107,3,16,49,2,Schlag,1,1/00/00/049efa,,,,,,Zucken,82,,,,,,
boss_b_z24,zweit=h+24 dx=50,93,107,103,4,16,49,2,Schlag,2,3/00/02/04b0d4,27,27,1,107,Wert vor dem Treffer,Rueckzug,55,1,54,48.0,00,72,
boss_b_w20,zweit=h+20 dx=70,66,110,107,3,16,69,3,Schlag,1,1/00/00/049efa,,,,,,Zucken,78,,,,,,
boss_b_w20,zweit=h+20 dx=70,89,107,103,4,16,69,3,Schlag,2,3/00/02/04b086,23,23,1,107,Wert vor dem Treffer,Rueckzug,55,1,54,48.0,00,72,
boss_b_w26,zweit=h+26 dx=70,66,110,107,3,16,69,3,Schlag,1,1/00/00/049efa,,,,,,Zucken,27,,,,,,
boss_b_w26,zweit=h+26 dx=70,95,107,103,4,16,68,5,Schlag,2,1/00/00/049efa,29,29,1,107,Wert vor dem Treffer,Rueckzug,55,1,54,48.0,00,72,
boss_b_w27,zweit=h+27 dx=70,66,110,107,3,16,69,3,Schlag,1,1/00/00/049efa,,,,,,Zucken,27,,,,,,
boss_b_w27,zweit=h+27 dx=70,96,107,103,4,16,67,5,Schlag,2,1/00/00/049efa,30,30,1,107,Wert vor dem Treffer,Rueckzug,55,1,54,48.0,00,72,
boss_b_w28,zweit=h+28 dx=70,66,110,107,3,16,69,3,Schlag,1,1/00/00/049efa,,,,,,Zucken,27,,,,,,
boss_b_w28,zweit=h+28 dx=70,96,107,104,3,16,67,5,Schlag,1,1/00/00/049efa,30,30,1,107,Wert vor dem Treffer,Rueckzug,55,1,54,48.0,00,72,
boss_b_w30,zweit=h+30 dx=70,66,110,107,3,16,69,3,Schlag,1,1/00/00/049efa,,,,,,Zucken,27,,,,,,
boss_b_w30,zweit=h+30 dx=70,98,107,104,3,16,66,7,Schlag,1,1/00/00/049efa,32,32,1,107,Wert vor dem Treffer,Rueckzug,55,1,54,48.0,00,72,
boss_b_w34,zweit=h+34 dx=70,66,110,107,3,16,69,3,Schlag,1,1/00/00/049efa,,,,,,Zucken,27,,,,,,
boss_b_w34,zweit=h+34 dx=70,102,107,104,3,16,61,10,Schlag,1,1/00/00/049f48,36,36,1,107,Wert vor dem Treffer,Rueckzug,55,1,54,48.0,00,72,
boss_b_w40,zweit=h+40 dx=70,66,110,107,3,16,69,3,Schlag,1,1/00/00/049efa,,,,,,Zucken,27,,,,,,
boss_b_w40,zweit=h+40 dx=70,108,107,104,3,16,52,12,Schlag,1,1/00/00/049f48,42,42,,,,Zucken,27,,,,,,
boss_b_v36,treffer2=h+36 dx=70,66,110,107,3,16,69,3,Schlag,1,1/00/00/049efa,,,,,,Zucken,27,,,,,,
boss_b_v36,treffer2=h+36 dx=70,102,107,104,3,16,61,10,Schlag,1,1/00/00/049f48,36,36,1,107,Wert vor dem Treffer,Rueckzug,,1,38,48.0,00,72,
boss_b_u36,treffer2=h+36 Boss 93-120 bei 75 px,66,110,107,3,16,69,3,Schlag,1,1/00/00/049efa,,,,,,Zucken,27,,,,,,
boss_b_u36,treffer2=h+36 Boss 93-120 bei 75 px,102,107,104,3,16,73,0,Schlag,1,1/00/00/049f48,36,36,1,107,Wert vor dem Treffer,Rueckzug,,1,38,30.0,00,72,
boss_b_v37,treffer2=h+37 dx=70,66,110,107,3,16,69,3,Schlag,1,1/00/00/049efa,,,,,,Zucken,27,,,,,,
boss_b_v37,treffer2=h+37 dx=70,103,107,104,3,16,60,10,Schlag,1,1/00/00/049f48,37,37,1,107,Wert vor dem Treffer,Rueckzug,,1,37,47.0,00,72,
boss_b_u37,treffer2=h+37 Boss 93-120 bei 75 px,66,110,107,3,16,69,3,Schlag,1,1/00/00/049efa,,,,,,Zucken,27,,,,,,
boss_b_u37,treffer2=h+37 Boss 93-120 bei 75 px,103,107,104,3,16,73,0,Schlag,1,1/00/00/049f48,37,37,1,107,Wert vor dem Treffer,Rueckzug,,1,37,31.0,00,72,
boss_b_v38,treffer2=h+38 dx=70,66,110,107,3,16,69,3,Schlag,1,1/00/00/049efa,,,,,,Zucken,27,,,,,,
boss_b_v38,treffer2=h+38 dx=70,104,107,104,3,16,58,11,Schlag,1,1/00/00/049f48,38,38,1,107,Wert vor dem Treffer,Rueckzug,,1,36,46.0,00,72,
boss_b_u38,treffer2=h+38 Boss 93-120 bei 75 px,66,110,107,3,16,69,3,Schlag,1,1/00/00/049efa,,,,,,Zucken,27,,,,,,
boss_b_u38,treffer2=h+38 Boss 93-120 bei 75 px,104,107,104,3,16,73,0,Schlag,1,1/00/00/049f48,38,38,1,107,Wert vor dem Treffer,Rueckzug,,1,36,32.0,00,72,
boss_b_v39,treffer2=h+39 dx=70,66,110,107,3,16,69,3,Schlag,1,1/00/00/049efa,,,,,,Zucken,27,,,,,,
boss_b_v39,treffer2=h+39 dx=70,105,107,104,3,16,57,11,Schlag,1,1/00/00/049f48,39,39,1,107,Wert vor dem Treffer,Rueckzug,,1,35,45.0,00,72,
boss_b_u39,treffer2=h+39 Boss 93-120 bei 75 px,66,110,107,3,16,69,3,Schlag,1,1/00/00/049efa,,,,,,Zucken,27,,,,,,
boss_b_u39,treffer2=h+39 Boss 93-120 bei 75 px,105,107,104,3,16,73,0,Schlag,1,1/00/00/049f48,39,39,1,107,Wert vor dem Treffer,Rueckzug,,1,35,33.0,00,72,
boss_b_v40,treffer2=h+40 dx=70,66,110,107,3,16,69,3,Schlag,1,1/00/00/049efa,,,,,,Zucken,27,,,,,,
boss_b_v40,treffer2=h+40 dx=70,106,107,104,3,16,56,12,Schlag,1,1/00/00/049f48,40,40,,,,Zucken,27,,,,,,
boss_b_u40,treffer2=h+40 Boss 93-120 bei 75 px,66,110,107,3,16,69,3,Schlag,1,1/00/00/049efa,,,,,,Zucken,27,,,,,,
boss_b_u40,treffer2=h+40 Boss 93-120 bei 75 px,106,107,104,3,16,73,0,Schlag,1,1/00/00/049f48,40,40,,,,Zucken,27,,,,,,
boss_b_v41,treffer2=h+41 dx=70,66,110,107,3,16,69,3,Schlag,1,1/00/00/049efa,,,,,,Zucken,27,,,,,,
boss_b_v41,treffer2=h+41 dx=70,107,107,104,3,16,54,12,Schlag,1,1/00/00/049f48,41,41,,,,Zucken,27,,,,,,
boss_b_u41,treffer2=h+41 Boss 93-120 bei 75 px,66,110,107,3,16,69,3,Schlag,1,1/00/00/049efa,,,,,,Zucken,27,,,,,,
boss_b_u41,treffer2=h+41 Boss 93-120 bei 75 px,107,107,104,3,16,73,0,Schlag,1,1/00/00/049f48,41,41,,,,Zucken,27,,,,,,
boss_b_d0,versatz=0,66,110,107,3,16,69,3,Schlag,1,1/00/00/049efa,,,,,,Zucken,27,,,,,,
boss_b_d0,versatz=0,98,107,104,3,16,66,7,Schlag,1,1/00/00/049efa,32,32,1,107,Wert vor dem Treffer,Rueckzug,55,1,54,48.0,00,72,
boss_b_d1,versatz=1,67,110,107,3,16,68,3,Schlag,1,1/00/00/049efa,,,,,,Zucken,27,,,,,,
boss_b_d1,versatz=1,99,107,104,3,16,65,7,Schlag,1,1/00/00/049efa,32,32,1,107,Wert vor dem Treffer,Rueckzug,55,1,54,48.0,00,72,
boss_b_d2,versatz=2,68,110,107,3,16,68,3,Schlag,1,1/00/00/049efa,,,,,,Zucken,27,,,,,,
boss_b_d2,versatz=2,100,107,104,3,16,64,7,Schlag,1,1/00/00/049efa,32,32,1,107,Wert vor dem Treffer,Rueckzug,55,1,54,48.0,00,72,
boss_b_d3,versatz=3,69,110,107,3,16,67,3,Schlag,1,1/00/00/049efa,,,,,,Zucken,27,,,,,,
boss_b_d3,versatz=3,101,107,104,3,16,63,6,Schlag,1,1/00/00/049efa,32,32,1,107,Wert vor dem Treffer,Rueckzug,55,1,54,48.0,00,72,
boss_b_d4,versatz=4,70,110,107,3,16,67,3,Schlag,1,1/00/00/049efa,,,,,,Zucken,27,,,,,,
boss_b_d4,versatz=4,102,107,104,3,16,62,6,Schlag,1,1/00/00/049efa,32,32,1,107,Wert vor dem Treffer,Rueckzug,55,1,54,48.0,00,72,
boss_b_d5,versatz=5,71,110,107,3,16,67,3,Schlag,1,1/00/00/049f48,,,,,,Zucken,27,,,,,,
boss_b_d5,versatz=5,103,107,104,3,16,61,6,Schlag,1,1/00/00/049efa,32,32,1,107,Wert vor dem Treffer,Rueckzug,55,1,54,48.0,00,72,
boss_b_d6,versatz=6,72,110,107,3,16,66,3,Schlag,1,1/00/00/049f48,,,,,,Zucken,27,,,,,,
boss_b_d6,versatz=6,104,107,104,3,16,60,6,Schlag,1,1/00/00/049efa,32,32,1,107,Wert vor dem Treffer,Rueckzug,55,1,54,48.0,00,72,
boss_b_d7,versatz=7,73,110,107,3,16,66,2,Schlag,1,1/00/00/049f48,,,,,,Zucken,27,,,,,,
boss_b_d7,versatz=7,105,107,104,3,16,59,5,Schlag,1,1/00/00/049efa,32,32,1,107,Wert vor dem Treffer,Rueckzug,55,1,54,48.0,00,72,
boss_b_d8,versatz=8,74,110,107,3,16,65,2,Schlag,1,1/00/00/049f48,,,,,,Zucken,27,,,,,,
boss_b_d8,versatz=8,106,107,104,3,16,59,5,Schlag,1,1/00/00/049efa,32,32,,,,Zucken,27,,,,,,
boss_b_d9,versatz=9,75,110,107,3,16,65,2,Schlag,1,1/00/00/049f48,,,,,,Zucken,27,,,,,,
boss_b_d9,versatz=9,107,107,104,3,16,58,5,Schlag,1,1/00/00/049efa,32,32,,,,Zucken,27,,,,,,
boss_b_d10,versatz=10,76,110,107,3,16,65,2,Schlag,1,1/00/00/049f48,,,,,,Zucken,27,,,,,,
boss_b_d10,versatz=10,108,107,104,3,16,57,4,Schlag,1,1/00/00/049efa,32,32,,,,Zucken,27,,,,,,
boss_b_d11,versatz=11,77,110,107,3,16,64,2,Schlag,1,1/00/00/049f48,,,,,,Zucken,27,,,,,,
boss_b_d11,versatz=11,109,107,104,3,16,57,4,Schlag,1,1/00/00/049efa,32,32,,,,Zucken,27,,,,,,
boss_b_d12,versatz=12,78,110,107,3,16,64,2,Schlag,1,1/00/00/049f48,,,,,,Zucken,27,,,,,,
boss_b_d12,versatz=12,110,107,104,3,16,56,3,Schlag,1,1/00/00/049efa,32,32,,,,Zucken,27,,,,,,
boss_b_d13,versatz=13,79,110,107,3,16,64,2,Schlag,1,1/00/00/049f92,,,,,,Zucken,27,,,,,,
boss_b_d13,versatz=13,111,107,104,3,16,56,3,Schlag,1,1/00/00/049efa,32,32,,,,Zucken,27,,,,,,
boss_b_e0,versatz=0 WOOKY entfernt,66,110,107,3,16,69,3,Schlag,1,1/00/00/049efa,,,,,,Zucken,27,,,,,,
boss_b_e0,versatz=0 WOOKY entfernt,98,107,104,3,16,66,7,Schlag,1,1/00/00/049efa,32,32,,,,Zucken,27,,,,,,
boss_b_e4,versatz=4 WOOKY entfernt,70,110,107,3,16,67,3,Schlag,1,1/00/00/049efa,,,,,,Zucken,27,,,,,,
boss_b_e4,versatz=4 WOOKY entfernt,102,107,104,3,16,62,6,Schlag,1,1/00/00/049efa,32,32,,,,Zucken,27,,,,,,
boss_b_e7,versatz=7 WOOKY entfernt,73,110,107,3,16,66,2,Schlag,1,1/00/00/049f48,,,,,,Zucken,27,,,,,,
boss_b_e7,versatz=7 WOOKY entfernt,105,107,104,3,16,59,5,Schlag,1,1/00/00/049efa,32,32,,,,Zucken,27,,,,,,
boss_b_e8,versatz=8 WOOKY entfernt,74,110,107,3,16,65,2,Schlag,1,1/00/00/049f48,,,,,,Zucken,27,,,,,,
boss_b_e8,versatz=8 WOOKY entfernt,106,107,104,3,16,59,5,Schlag,1,1/00/00/049efa,32,32,,,,Zucken,27,,,,,,
boss_b_e12,versatz=12 WOOKY entfernt,78,110,107,3,16,64,2,Schlag,1,1/00/00/049f48,,,,,,Zucken,27,,,,,,
boss_b_e12,versatz=12 WOOKY entfernt,110,107,104,3,16,56,3,Schlag,1,1/00/00/049efa,32,32,,,,Zucken,27,,,,,,
boss_b_n1,"natuerlich: schlag 155, kette 171",157,110,107,3,16,79,3,Schlag,1,1/06/02/04a06a,,,1,110,Wert vor dem Treffer,Rueckzug,55,1,54,48.0,00,72,
boss_b_n2,"natuerlich: schlag 155, neuer schlag 187",157,110,107,3,16,79,3,Schlag,1,1/06/02/04a06a,,,1,110,Wert vor dem Treffer,Rueckzug,55,1,54,48.0,00,72,
boss_b_t_schlag_0,art=schlag versatz=0 rang=24,66,110,107,3,24,59,1,Schlag,1,1/00/00/049efa,,,,,,Zucken,27,,,,,,
boss_b_t_kette2_0,art=kette2 versatz=0 rang=24,66,110,107,3,24,49,2,Schlag,1,1/00/00/049efa,,,,,,Zucken,72,,,,,,
boss_b_t_kette2_0,art=kette2 versatz=0 rang=24,83,107,103,4,24,49,2,Schlag,2,3/00/02/04b03e,17,17,1,107,Wert vor dem Treffer,Rueckzug,55,1,54,48.0,00,72,
boss_b_t_kette4_0,art=kette4 versatz=0 rang=24,66,110,107,3,24,49,2,Schlag,1,1/00/00/049efa,,,,,,Zucken,72,,,,,,
boss_b_t_kette4_0,art=kette4 versatz=0 rang=24,83,107,103,4,24,49,2,Schlag,2,3/00/02/04b03e,17,17,1,107,Wert vor dem Treffer,Rueckzug,55,1,54,48.0,00,72,
boss_b_t_sprn_0,art=sprn versatz=0 rang=24,69,110,103,7,24,57,5,Sprungangriff,2,1/00/00/049efa,,,,,,umgeworfen (Aktion 0C),,,,,,,
boss_b_t_sprh_0,art=sprh versatz=0 rang=24,71,110,98,12,24,56,7,Sprungangriff,3,1/00/00/049f48,,,,,,umgeworfen (Aktion 0C),,,,,,,
boss_b_t_spez_0,art=spez versatz=0 rang=24,78,110,104,6,24,49,2,Spezial,1,1/06/06/04aae2,,,,,,umgeworfen (Aktion 12),78,,,,,,135.12
boss_b_t_sprint_0,art=sprint versatz=0 rang=24,77,110,101,9,24,28,11,Sprintangriff,2,1/00/00/049f48,,,,,,umgeworfen (Aktion 0C),,,,,,,
boss_b_t_wurf_0,art=wurf versatz=0 rang=24,73,110,96,14,24,-19,0,Griff,1,3/02/00/049d08,,,,,,im Griff,120,,,,,,
boss_b_t_knie_0,art=knie versatz=0 rang=24,77,110,106,4,24,-21,0,Griff,2,3/02/00/049d08,,,,,,st3 akt04,62,,,,,,
boss_b_t_mis_0,art=mis versatz=0 rang=24,31,110,102,8,24,90,0,Stand,1,1/06/02/049f92,,,,,,umgeworfen (Aktion 14),,,,,,,
boss_b_t_las_0,art=las versatz=0 rang=24,16,110,104,6,24,134,0,Waffe,1,1/00/00/049f48,,,,,,umgeworfen (Aktion 0C),99,,,,,,67.0
boss_b_t_tritt_0,art=tritt versatz=0 rang=24,74,110,100,10,24,49,0,Schlag,4,1/06/04/04a97e,,,,,,umgeworfen (Aktion 0C),109,,,,,,127.25
boss_b_t_schlag_1,art=schlag versatz=6 rang=24,72,110,107,3,24,58,1,Schlag,1,1/00/00/049f48,,,,,,Zucken,27,,,,,,
boss_b_t_kette2_1,art=kette2 versatz=6 rang=24,72,110,107,3,24,49,0,Schlag,1,1/06/04/04a97e,,,,,,Zucken,72,,,,,,
boss_b_t_kette2_1,art=kette2 versatz=6 rang=24,89,107,103,4,24,49,0,Schlag,2,3/00/02/04b03e,17,17,1,107,Wert vor dem Treffer,Rueckzug,55,1,54,48.0,00,72,
boss_b_t_kette4_1,art=kette4 versatz=6 rang=24,72,110,107,3,24,49,0,Schlag,1,1/06/04/04a97e,,,,,,Zucken,72,,,,,,
boss_b_t_kette4_1,art=kette4 versatz=6 rang=24,89,107,103,4,24,49,0,Schlag,2,3/00/02/04b03e,17,17,1,107,Wert vor dem Treffer,Rueckzug,55,1,54,48.0,00,72,
boss_b_t_sprn_1,art=sprn versatz=6 rang=24,75,110,103,7,24,53,5,Sprungangriff,2,1/00/00/049f48,,,,,,umgeworfen (Aktion 0C),,,,,,,
boss_b_t_sprh_1,art=sprh versatz=6 rang=24,77,110,98,12,24,50,6,Sprungangriff,3,1/00/00/049f48,,,,,,umgeworfen (Aktion 0C),,,,,,,
boss_b_t_spez_1,art=spez versatz=6 rang=24,84,110,104,6,24,49,0,Spezial,1,1/06/06/04aae2,,,,,,umgeworfen (Aktion 12),78,,,,,,135.12
boss_b_t_sprint_1,art=sprint versatz=6 rang=24,83,110,101,9,24,30,6,Sprintangriff,2,1/06/04/04a9d2,,,,,,umgeworfen (Aktion 0C),,,,,,,
boss_b_t_wurf_1,art=wurf versatz=6 rang=24,79,110,96,14,24,-19,0,Griff,1,3/02/00/049d08,,,,,,im Griff,120,,,,,,
boss_b_t_knie_1,art=knie versatz=6 rang=24,83,110,106,4,24,-21,0,Griff,2,3/02/00/049d08,,,,,,st3 akt04,62,,,,,,
boss_b_t_mis_1,art=mis versatz=6 rang=24,37,110,102,8,24,136,0,Stand,1,1/06/02/04a6ca,,,,,,umgeworfen (Aktion 14),,,,,,,
boss_b_t_las_1,art=las versatz=6 rang=24,22,110,104,6,24,130,0,Waffe,1,1/06/04/04b842,,,,,,umgeworfen (Aktion 0C),99,,,,,,71.75
boss_b_t_tritt_1,art=tritt versatz=6 rang=24,80,110,100,10,24,48,0,Schlag,4,1/06/04/04a97e,,,,,,umgeworfen (Aktion 0C),109,,,,,,127.25
boss_b_t_schlag_2,art=schlag versatz=12 rang=24,78,110,107,3,24,57,0,Schlag,1,1/00/00/049f48,,,,,,Zucken,27,,,,,,
boss_b_t_kette2_2,art=kette2 versatz=12 rang=24,78,110,107,3,24,48,0,Schlag,1,1/06/04/04a97e,,,,,,Zucken,72,,,,,,
boss_b_t_kette2_2,art=kette2 versatz=12 rang=24,95,107,103,4,24,48,0,Schlag,2,3/00/02/04b03e,17,17,1,107,Wert vor dem Treffer,Rueckzug,55,1,54,48.0,00,72,
boss_b_t_kette4_2,art=kette4 versatz=12 rang=24,78,110,107,3,24,48,0,Schlag,1,1/06/04/04a97e,,,,,,Zucken,72,,,,,,
boss_b_t_kette4_2,art=kette4 versatz=12 rang=24,95,107,103,4,24,48,0,Schlag,2,3/00/02/04b03e,17,17,1,107,Wert vor dem Treffer,Rueckzug,55,1,54,48.0,00,72,
boss_b_t_sprn_2,art=sprn versatz=12 rang=24,81,110,103,7,24,49,3,Sprungangriff,2,1/00/00/049f92,,,,,,umgeworfen (Aktion 0C),,,,,,,
boss_b_t_sprh_2,art=sprh versatz=12 rang=24,83,110,98,12,24,49,3,Sprungangriff,3,1/06/04/04a97e,,,,,,umgeworfen (Aktion 0C),,,,,,,
boss_b_t_spez_2,art=spez versatz=12 rang=24,90,110,104,6,24,48,0,Spezial,1,1/06/06/04aae2,,,,,,umgeworfen (Aktion 12),78,,,,,,135.12
boss_b_t_sprint_2,art=sprint versatz=12 rang=24,89,110,101,9,24,28,3,Sprintangriff,2,1/06/04/04a9d2,,,,,,umgeworfen (Aktion 0C),,,,,,,
boss_b_t_wurf_2,art=wurf versatz=12 rang=24,85,110,96,14,24,-19,0,Griff,1,3/02/00/049d08,,,,,,im Griff,120,,,,,,
boss_b_t_knie_2,art=knie versatz=12 rang=24,89,110,106,4,24,-21,0,Griff,2,3/02/00/049d08,,,,,,st3 akt04,62,,,,,,
boss_b_t_mis_2,art=mis versatz=12 rang=24,43,110,102,8,24,126,0,Stand,1,1/06/04/04a26a,,,,,,umgeworfen (Aktion 14),,,,,,,
boss_b_t_las_2,art=las versatz=12 rang=24,28,110,104,6,24,126,0,Waffe,1,1/06/04/04b8d0,,,,,,umgeworfen (Aktion 0C),,,,,,,
boss_b_t_tritt_2,art=tritt versatz=12 rang=24,86,110,100,10,24,48,0,Schlag,4,1/06/04/04a97e,,,,,,umgeworfen (Aktion 0C),109,,,,,,127.25
boss_b_t_schlag_3,art=schlag versatz=18 rang=24,84,110,107,3,24,56,0,Schlag,1,1/00/00/049f92,,,,,,Zucken,27,,,,,,
boss_b_t_kette2_3,art=kette2 versatz=18 rang=24,84,110,107,3,24,48,0,Schlag,1,1/06/04/04a97e,,,,,,Zucken,72,,,,,,
boss_b_t_kette2_3,art=kette2 versatz=18 rang=24,101,107,103,4,24,48,0,Schlag,2,3/00/02/04b03e,17,17,1,107,Wert vor dem Treffer,Rueckzug,55,1,54,48.0,00,72,
boss_b_t_kette4_3,art=kette4 versatz=18 rang=24,84,110,107,3,24,48,0,Schlag,1,1/06/04/04a97e,,,,,,Zucken,72,,,,,,
boss_b_t_kette4_3,art=kette4 versatz=18 rang=24,101,107,103,4,24,48,0,Schlag,2,3/00/02/04b03e,17,17,1,107,Wert vor dem Treffer,Rueckzug,55,1,54,48.0,00,72,
boss_b_t_sprn_3,art=sprn versatz=18 rang=24,87,110,103,7,24,49,1,Sprungangriff,2,1/00/00/049fd6,,,,,,umgeworfen (Aktion 0C),,,,,,,
boss_b_t_sprh_3,art=sprh versatz=18 rang=24,89,110,98,12,24,49,1,Sprungangriff,3,1/06/04/04a97e,,,,,,umgeworfen (Aktion 0C),,,,,,,
boss_b_t_spez_3,art=spez versatz=18 rang=24,96,110,104,6,24,48,0,Spezial,1,1/06/06/04aae2,,,,,,umgeworfen (Aktion 12),78,,,,,,135.12
boss_b_t_sprint_3,art=sprint versatz=18 rang=24,95,110,101,9,24,26,1,Sprintangriff,2,1/06/04/04a9d2,,,,,,umgeworfen (Aktion 0C),,,,,,,
boss_b_t_wurf_3,art=wurf versatz=18 rang=24,91,110,96,14,24,-19,0,Griff,1,3/02/00/049d08,,,,,,im Griff,124,,,,,,
boss_b_t_knie_3,art=knie versatz=18 rang=24,95,110,106,4,24,-21,0,Griff,2,3/02/00/049d08,,,,,,st3 akt04,62,,,,,,
boss_b_t_mis_3,art=mis versatz=18 rang=24,49,110,102,8,24,90,0,Stand,1,1/06/02/04a022,,,,,,umgeworfen (Aktion 14),,,,,,,
boss_b_t_las_3,art=las versatz=18 rang=24,34,110,104,6,24,130,0,Waffe,1,1/06/00/049fd6,,,,,,umgeworfen (Aktion 0C),,,,,,,
boss_b_t_tritt_3,art=tritt versatz=18 rang=24,92,110,100,10,24,48,0,Schlag,4,1/06/04/04a97e,,,,,,umgeworfen (Aktion 0C),125,,,,,,127.25
boss_b_t_schlag_4,art=schlag versatz=24 rang=24,90,110,107,3,24,56,0,Schlag,1,1/00/00/049fd6,,,,,,Zucken,27,,,,,,
boss_b_t_kette2_4,art=kette2 versatz=24 rang=24,90,110,107,3,24,48,0,Schlag,1,1/06/04/04a97e,,,,,,Zucken,32,,,,,,
boss_b_t_kette2_4,art=kette2 versatz=24 rang=24,107,107,103,4,24,48,0,Schlag,2,3/00/02/04b03e,17,17,,,,Zucken (Aktion 4),15,,,,,,
boss_b_t_kette4_4,art=kette4 versatz=24 rang=24,90,110,107,3,24,48,0,Schlag,1,1/06/04/04a97e,,,,,,Zucken,32,,,,,,
boss_b_t_kette4_4,art=kette4 versatz=24 rang=24,107,107,103,4,24,48,0,Schlag,2,3/00/02/04b03e,17,17,,,,Zucken (Aktion 4),15,,,,,,
boss_b_t_kette4_4,art=kette4 versatz=24 rang=24,125,103,98,5,24,48,0,Schlag,3,1/06/04/04a97e,18,18,,,,Zucken,72,,,,,,
boss_b_t_kette4_4,art=kette4 versatz=24 rang=24,142,98,88,10,24,48,0,Schlag,4,3/00/02/04b03e,17,17,1,98,Wert vor dem Treffer,Rueckzug,55,1,54,48.0,00,72,
boss_b_t_sprn_4,art=sprn versatz=24 rang=24,93,110,103,7,24,49,0,Sprungangriff,2,1/00/00/049fd6,,,,,,umgeworfen (Aktion 0C),,,,,,,
boss_b_t_sprh_4,art=sprh versatz=24 rang=24,95,110,98,12,24,49,0,Sprungangriff,3,1/06/04/04a97e,,,,,,umgeworfen (Aktion 0C),,,,,,,
boss_b_t_spez_4,art=spez versatz=24 rang=24,102,110,104,6,24,48,0,Spezial,1,1/06/06/04aae2,,,,,,umgeworfen (Aktion 12),78,,,,,,135.12
boss_b_t_sprint_4,art=sprint versatz=24 rang=24,101,110,101,9,24,27,0,Sprintangriff,2,1/06/04/04aa22,,,,,,umgeworfen (Aktion 0C),,,,,,,
boss_b_t_wurf_4,art=wurf versatz=24 rang=24,97,110,96,14,24,-19,0,Griff,1,3/02/00/049d08,,,,,,im Griff,,,,,,,
boss_b_t_knie_4,art=knie versatz=24 rang=24,101,110,106,4,24,-21,0,Griff,2,3/02/00/049d08,,,,,,st3 akt04,62,,,,,,
boss_b_t_mis_4,art=mis versatz=24 rang=24,55,110,102,8,24,130,0,Stand,1,1/00/00/049efa,,,,,,umgeworfen (Aktion 14),,,,,,,
boss_b_t_las_4,art=las versatz=24 rang=24,40,110,104,6,24,130,0,Waffe,1,1/06/02/04a6ca,,,,,,umgeworfen (Aktion 0C),,,,,,,
boss_b_t_tritt_4,art=tritt versatz=24 rang=24,98,110,100,10,24,48,-1,Schlag,4,1/06/04/04a97e,,,,,,umgeworfen (Aktion 0C),97,,,,,,127.25
boss_b_t_schlag_5,art=schlag versatz=30 rang=24,96,110,107,3,24,56,0,Schlag,1,1/00/00/04a022,,,,,,Zucken,27,,,,,,
boss_b_t_kette2_5,art=kette2 versatz=30 rang=24,96,110,107,3,24,48,0,Schlag,1,1/06/04/04a97e,,,,,,Zucken,32,,,,,,
boss_b_t_kette2_5,art=kette2 versatz=30 rang=24,113,107,103,4,24,48,0,Schlag,2,3/00/02/04b03e,17,17,,,,Zucken (Aktion 4),15,,,,,,
boss_b_t_kette4_5,art=kette4 versatz=30 rang=24,96,110,107,3,24,48,0,Schlag,1,1/06/04/04a97e,,,,,,Zucken,32,,,,,,
boss_b_t_kette4_5,art=kette4 versatz=30 rang=24,113,107,103,4,24,48,0,Schlag,2,3/00/02/04b03e,17,17,,,,Zucken (Aktion 4),15,,,,,,
boss_b_t_kette4_5,art=kette4 versatz=30 rang=24,131,103,98,5,24,48,0,Schlag,3,1/06/04/04a97e,18,18,,,,Zucken,72,,,,,,
boss_b_t_kette4_5,art=kette4 versatz=30 rang=24,148,98,88,10,24,48,0,Schlag,4,3/00/02/04b03e,17,17,1,98,Wert vor dem Treffer,Rueckzug,55,1,54,48.0,00,72,
boss_b_t_sprn_5,art=sprn versatz=30 rang=24,99,110,103,7,24,49,0,Sprungangriff,2,1/00/00/04a022,,,,,,umgeworfen (Aktion 0C),,,,,,,
boss_b_t_sprh_5,art=sprh versatz=30 rang=24,101,110,98,12,24,49,0,Sprungangriff,3,1/06/04/04a97e,,,,,,umgeworfen (Aktion 0C),,,,,,,
boss_b_t_spez_5,art=spez versatz=30 rang=24,108,110,104,6,24,48,0,Spezial,1,1/06/06/04aae2,,,,,,umgeworfen (Aktion 12),78,,,,,,135.12
boss_b_t_sprint_5,art=sprint versatz=30 rang=24,107,110,101,9,24,27,0,Sprintangriff,2,1/06/04/04aa22,,,1,106,anderer Wert,abgefangen (Aktion 1E),46,,,,,,106.38
boss_b_t_wurf_5,art=wurf versatz=30 rang=24,103,110,96,14,24,-19,0,Griff,1,3/02/00/049d08,,,,,,im Griff,,,,,,,
boss_b_t_knie_5,art=knie versatz=30 rang=24,107,110,106,4,24,-21,0,Griff,2,3/02/00/049d08,,,,,,st3 akt04,62,,,,,,
boss_b_t_mis_5,art=mis versatz=30 rang=24,61,110,102,8,24,130,0,Stand,1,1/00/00/049efa,,,,,,umgeworfen (Aktion 14),,,,,,,
boss_b_t_las_5,art=las versatz=30 rang=24,46,110,104,6,24,130,0,Waffe,1,1/06/02/04a6ca,,,,,,umgeworfen (Aktion 0C),,,,,,,
boss_b_t_tritt_5,art=tritt versatz=30 rang=24,104,110,100,10,24,48,-1,Schlag,4,1/06/04/04a97e,,,1,110,Wert vor dem Treffer,Rueckzug,55,1,54,48.0,00,72,
boss_b_t_schlag_6,art=schlag versatz=36 rang=24,102,110,107,3,24,56,-1,Schlag,1,1/00/00/04a022,,,,,,Zucken,27,,,,,,
boss_b_t_kette2_6,art=kette2 versatz=36 rang=24,102,110,107,3,24,48,-1,Schlag,1,1/06/04/04a97e,,,,,,Zucken,32,,,,,,
boss_b_t_kette2_6,art=kette2 versatz=36 rang=24,119,107,103,4,24,48,-1,Schlag,2,3/00/02/04b03e,17,17,,,,Zucken (Aktion 4),15,,,,,,
boss_b_t_kette4_6,art=kette4 versatz=36 rang=24,102,110,107,3,24,48,-1,Schlag,1,1/06/04/04a97e,,,,,,Zucken,32,,,,,,
boss_b_t_kette4_6,art=kette4 versatz=36 rang=24,119,107,103,4,24,48,-1,Schlag,2,3/00/02/04b03e,17,17,,,,Zucken (Aktion 4),15,,,,,,
boss_b_t_kette4_6,art=kette4 versatz=36 rang=24,137,103,98,5,24,48,-1,Schlag,3,1/06/04/04a97e,18,18,,,,Zucken,63,,,,,,
boss_b_t_kette4_6,art=kette4 versatz=36 rang=24,154,98,88,10,24,48,-1,Schlag,4,3/00/02/04b03e,17,17,1,93,anderer Wert,abgefangen (Aktion 1E),46,,,,,,106.38
boss_b_t_sprn_6,art=sprn versatz=36 rang=24,105,110,103,7,24,49,-2,Sprungangriff,2,1/00/00/04a06a,,,1,107,anderer Wert,abgefangen (Aktion 1E),46,,,,,,106.38
boss_b_t_sprh_6,art=sprh versatz=36 rang=24,107,110,98,12,24,49,-2,Sprungangriff,3,1/06/04/04a97e,,,1,110,Wert vor dem Treffer,Rueckzug,55,1,54,48.0,00,72,
boss_b_t_spez_6,art=spez versatz=36 rang=24,114,110,104,6,24,48,-1,Spezial,1,1/06/06/04aae2,,,,,,umgeworfen (Aktion 12),78,,,,,,135.12
boss_b_t_sprint_6,art=sprint versatz=36 rang=24,113,110,101,9,24,26,-2,Sprintangriff,2,1/06/04/04a9d2,,,1,110,Wert vor dem Treffer,Rueckzug,55,1,54,48.0,00,72,
boss_b_t_wurf_6,art=wurf versatz=36 rang=24,109,110,96,14,24,-19,0,Griff,1,3/02/00/049d08,,,,,,im Griff,,,,,,,
boss_b_t_knie_6,art=knie versatz=36 rang=24,113,110,106,4,24,-21,0,Griff,2,3/02/00/049d08,,,,,,st3 akt04,62,,,,,,
boss_b_t_mis_6,art=mis versatz=36 rang=24,67,110,102,8,24,130,0,Stand,1,1/06/02/04a6ca,,,,,,umgeworfen (Aktion 14),,,,,,,
boss_b_t_las_6,art=las versatz=36 rang=24,52,110,104,6,24,130,0,Waffe,1,1/06/00/04a06a,,,,,,umgeworfen (Aktion 0C),100,,,,,,70.88
boss_b_t_tritt_6,art=tritt versatz=36 rang=24,110,110,100,10,24,50,0,Schlag,4,1/04/00/049ea4,,,1,110,Wert vor dem Treffer,Rueckzug,55,1,54,48.0,00,72,
boss_b_t_schlag_7,art=schlag versatz=42 rang=24,108,110,107,3,24,56,-1,Schlag,1,1/00/00/04a06a,,,,,,Zucken,27,,,,,,
boss_b_t_kette2_7,art=kette2 versatz=42 rang=24,108,110,107,3,24,48,-1,Schlag,1,1/06/04/04a97e,,,1,110,Wert vor dem Treffer,Rueckzug,55,1,54,48.0,00,72,
boss_b_t_kette4_7,art=kette4 versatz=42 rang=24,108,110,107,3,24,48,-1,Schlag,1,1/06/04/04a97e,,,1,110,Wert vor dem Treffer,Rueckzug,55,1,54,48.0,00,72,
boss_b_t_sprn_7,art=sprn versatz=42 rang=24,111,110,103,7,24,48,-3,Sprungangriff,2,1/00/00/049efa,,,1,110,Wert vor dem Treffer,Rueckzug,55,1,54,48.0,00,72,
boss_b_t_sprh_7,art=sprh versatz=42 rang=24,113,110,98,12,24,48,-3,Sprungangriff,3,1/06/04/04a97e,,,1,110,Wert vor dem Treffer,Rueckzug,55,1,54,48.0,00,72,
boss_b_t_spez_7,art=spez versatz=42 rang=24,120,110,104,6,24,48,-1,Spezial,1,1/06/06/04aae2,,,,,,umgeworfen (Aktion 12),78,,,,,,135.12
boss_b_t_sprint_7,art=sprint versatz=42 rang=24,119,110,101,9,24,28,-3,Sprintangriff,2,1/06/04/04a9d2,,,,,,umgeworfen (Aktion 0C),,,,,,,
boss_b_t_wurf_7,art=wurf versatz=42 rang=24,115,110,96,14,24,-19,0,Griff,1,3/02/00/049d08,,,,,,im Griff,,,,,,,
boss_b_t_knie_7,art=knie versatz=42 rang=24,119,110,106,4,24,-21,0,Griff,2,3/02/00/049d08,,,,,,st3 akt04,62,,,,,,
boss_b_t_mis_7,art=mis versatz=42 rang=24,73,110,102,8,24,130,0,Stand,1,1/06/02/04a6ca,,,,,,umgeworfen (Aktion 14),,,,,,,
boss_b_t_las_7,art=las versatz=42 rang=24,58,110,104,6,24,130,0,Waffe,1,1/06/00/049efa,,,,,,umgeworfen (Aktion 0C),100,,,,,,70.88
boss_b_t_tritt_7,art=tritt versatz=42 rang=24,116,110,100,10,24,50,0,Schlag,4,1/04/00/049ea4,,,1,110,Wert vor dem Treffer,Rueckzug,55,1,54,48.0,00,72,
boss_b_t_schlag_8,art=schlag versatz=48 rang=24,114,110,107,3,24,62,0,Schlag,1,1/06/02/049efa,,,,,,Zucken,27,,,,,,
boss_b_t_sprn_8,art=sprn versatz=48 rang=24,117,110,103,7,24,68,-1,Sprungangriff,2,1/06/02/049efa,,,,,,umgeworfen (Aktion 0C),,,,,,,
boss_b_t_sprh_8,art=sprh versatz=48 rang=24,119,110,98,12,24,73,0,Sprungangriff,3,1/06/02/049f48,,,,,,umgeworfen (Aktion 0C),,,,,,,
boss_b_t_sprint_8,art=sprint versatz=48 rang=24,125,110,101,9,24,38,-1,Sprintangriff,2,1/06/04/04a71e,,,,,,umgeworfen (Aktion 0C),,,,,,,
boss_b_t_wurf_8,art=wurf versatz=48 rang=24,121,110,96,14,24,-19,0,Griff,1,3/02/00/049d08,,,,,,im Griff,120,,,,,,
boss_b_t_knie_8,art=knie versatz=48 rang=24,125,110,106,4,24,-21,0,Griff,2,3/02/00/049d08,,,,,,st3 akt04,62,,,,,,
boss_b_t_mis_8,art=mis versatz=48 rang=24,79,110,102,8,24,130,0,Stand,1,1/06/02/04a6ca,,,,,,umgeworfen (Aktion 14),,,,,,,
boss_b_t_las_8,art=las versatz=48 rang=24,64,110,104,6,24,130,0,Waffe,1,1/06/00/049f48,,,,,,umgeworfen (Aktion 0C),,,,,,,
boss_b_t_tritt_8,art=tritt versatz=48 rang=24,122,110,100,10,24,48,-1,Schlag,4,1/06/04/04a97e,,,,,,umgeworfen (Aktion 0C),97,,,,,,127.25
boss_b_t_schlag_9,art=schlag versatz=54 rang=24,120,110,107,3,24,65,0,Schlag,1,1/06/02/049f48,,,,,,Zucken,27,,,,,,
boss_b_t_kette2_9,art=kette2 versatz=54 rang=24,120,110,107,3,24,60,0,Schlag,1,1/06/02/049f48,,,,,,Zucken,32,,,,,,
boss_b_t_kette2_9,art=kette2 versatz=54 rang=24,137,107,103,4,24,60,0,Schlag,2,3/00/02/04b03e,17,17,,,,Zucken (Aktion 4),15,,,,,,
boss_b_t_kette4_9,art=kette4 versatz=54 rang=24,120,110,107,3,24,60,0,Schlag,1,1/06/02/049f48,,,,,,Zucken,32,,,,,,
boss_b_t_kette4_9,art=kette4 versatz=54 rang=24,137,107,103,4,24,60,0,Schlag,2,3/00/02/04b03e,17,17,,,,Zucken (Aktion 4),15,,,,,,
boss_b_t_kette4_9,art=kette4 versatz=54 rang=24,155,103,98,5,24,65,0,Schlag,3,1/00/00/049efa,18,18,,,,Zucken,,,,,,,
boss_b_t_kette4_9,art=kette4 versatz=54 rang=24,172,98,88,10,24,65,0,Schlag,4,3/00/02/04b03e,17,17,,,,umgeworfen (Aktion 0C),,,,,,,
boss_b_t_sprh_9,art=sprh versatz=54 rang=24,125,110,98,12,24,72,0,Sprungangriff,3,1/06/04/04a67c,,,,,,umgeworfen (Aktion 0C),,,,,,,
boss_b_t_spez_9,art=spez versatz=54 rang=24,144,110,104,6,24,72,0,Spezial,1,1/06/06/04a822,,,,,,umgeworfen (Aktion 12),,,,,,,
boss_b_t_sprint_9,art=sprint versatz=54 rang=24,131,110,101,9,24,35,0,Sprintangriff,2,1/06/04/04a71e,,,,,,umgeworfen (Aktion 0C),,,,,,,
boss_b_t_wurf_9,art=wurf versatz=54 rang=24,127,110,96,14,24,-19,0,Griff,1,3/02/00/049d08,,,,,,im Griff,,,,,,,
boss_b_t_knie_9,art=knie versatz=54 rang=24,131,110,106,4,24,-21,0,Griff,2,3/02/00/049d08,,,,,,st3 akt04,62,,,,,,
boss_b_t_mis_9,art=mis versatz=54 rang=24,85,110,102,8,24,130,0,Stand,1,1/06/02/04a6ca,,,,,,umgeworfen (Aktion 14),,,,,,,
boss_b_t_las_9,art=las versatz=54 rang=24,70,110,104,6,24,130,0,Waffe,1,1/06/00/049f48,,,,,,umgeworfen (Aktion 0C),,,,,,,
boss_b_t_tritt_9,art=tritt versatz=54 rang=24,128,110,100,10,24,49,-1,Schlag,4,1/06/04/04a97e,,,,,,umgeworfen (Aktion 0C),97,,,,,,127.25
boss_b_t_schlag_10,art=schlag versatz=60 rang=24,126,110,107,3,24,65,0,Schlag,1,1/06/02/049f48,,,,,,Zucken,27,,,,,,
boss_b_t_kette2_10,art=kette2 versatz=60 rang=24,126,110,107,3,24,60,0,Schlag,1,1/06/02/049f48,,,,,,Zucken,32,,,,,,
boss_b_t_kette2_10,art=kette2 versatz=60 rang=24,143,107,103,4,24,60,0,Schlag,2,3/00/02/04b03e,17,17,,,,Zucken (Aktion 4),15,,,,,,
boss_b_t_kette4_10,art=kette4 versatz=60 rang=24,126,110,107,3,24,60,0,Schlag,1,1/06/02/049f48,,,,,,Zucken,32,,,,,,
boss_b_t_kette4_10,art=kette4 versatz=60 rang=24,143,107,103,4,24,60,0,Schlag,2,3/00/02/04b03e,17,17,,,,Zucken (Aktion 4),15,,,,,,
boss_b_t_kette4_10,art=kette4 versatz=60 rang=24,161,103,98,5,24,65,0,Schlag,3,1/00/00/049efa,18,18,,,,Zucken,,,,,,,
boss_b_t_kette4_10,art=kette4 versatz=60 rang=24,178,98,88,10,24,65,0,Schlag,4,3/00/02/04b03e,17,17,,,,umgeworfen (Aktion 0C),,,,,,,
boss_b_t_sprh_10,art=sprh versatz=60 rang=24,131,110,98,12,24,72,0,Sprungangriff,3,1/06/04/04a67c,,,,,,umgeworfen (Aktion 0C),,,,,,,
boss_b_t_spez_10,art=spez versatz=60 rang=24,150,110,104,6,24,72,0,Spezial,1,1/06/06/04a822,,,,,,umgeworfen (Aktion 12),,,,,,,
boss_b_t_sprint_10,art=sprint versatz=60 rang=24,137,110,101,9,24,35,0,Sprintangriff,2,1/06/04/04a71e,,,,,,umgeworfen (Aktion 0C),,,,,,,
boss_b_t_wurf_10,art=wurf versatz=60 rang=24,133,110,96,14,24,-19,0,Griff,1,3/02/00/049d08,,,,,,im Griff,,,,,,,
boss_b_t_knie_10,art=knie versatz=60 rang=24,137,110,106,4,24,-21,0,Griff,2,3/02/00/049d08,,,,,,st3 akt04,62,,,,,,
boss_b_t_las_10,art=las versatz=60 rang=24,76,110,104,6,24,130,0,Waffe,1,1/06/00/049f92,,,,,,umgeworfen (Aktion 0C),,,,,,,
boss_b_t_tritt_10,art=tritt versatz=60 rang=24,134,110,100,10,24,47,0,Schlag,4,1/06/04/04b842,,,,,,umgeworfen (Aktion 0C),101,,,,,,138.75
boss_b_t_schlag_11,art=schlag versatz=66 rang=24,132,110,107,3,24,65,0,Schlag,1,1/06/02/049f92,,,,,,Zucken,27,,,,,,
boss_b_t_kette2_11,art=kette2 versatz=66 rang=24,132,110,107,3,24,60,0,Schlag,1,1/06/02/049f92,,,,,,Zucken,72,,,,,,
boss_b_t_kette2_11,art=kette2 versatz=66 rang=24,149,107,103,4,24,60,0,Schlag,2,3/00/02/04b03e,17,17,1,107,Wert vor dem Treffer,Rueckzug,55,1,54,48.0,00,72,
boss_b_t_kette4_11,art=kette4 versatz=66 rang=24,132,110,107,3,24,60,0,Schlag,1,1/06/02/049f92,,,,,,Zucken,72,,,,,,
boss_b_t_kette4_11,art=kette4 versatz=66 rang=24,149,107,103,4,24,60,0,Schlag,2,3/00/02/04b03e,17,17,1,107,Wert vor dem Treffer,Rueckzug,55,1,54,48.0,00,72,
boss_b_t_sprh_11,art=sprh versatz=66 rang=24,137,110,98,12,24,72,0,Sprungangriff,3,1/06/04/04a67c,,,,,,umgeworfen (Aktion 0C),,,,,,,
boss_b_t_spez_11,art=spez versatz=66 rang=24,156,110,104,6,24,72,0,Spezial,1,1/06/06/04a822,,,,,,umgeworfen (Aktion 12),,,,,,,
boss_b_t_sprint_11,art=sprint versatz=66 rang=24,143,110,101,9,24,35,0,Sprintangriff,2,1/06/04/04a71e,,,,,,umgeworfen (Aktion 0C),,,,,,,
boss_b_t_wurf_11,art=wurf versatz=66 rang=24,139,110,96,14,24,-19,0,Griff,1,3/02/00/049d08,,,,,,im Griff,,,,,,,
boss_b_t_knie_11,art=knie versatz=66 rang=24,143,110,106,4,24,-21,0,Griff,2,3/02/00/049d08,,,,,,st3 akt04,62,,,,,,
boss_b_t_las_11,art=las versatz=66 rang=24,82,110,104,6,24,128,0,Waffe,1,1/06/02/049fd6,,,,,,umgeworfen (Aktion 0C),,,,,,,
boss_b_t_tritt_11,art=tritt versatz=66 rang=24,140,110,100,10,24,50,0,Schlag,4,1/06/02/04a6ca,,,,,,umgeworfen (Aktion 0C),125,,,,,,127.25
boss_b_t_schlag_12,art=schlag versatz=72 rang=24,138,110,107,3,24,65,0,Schlag,1,1/06/02/049fd6,,,,,,Zucken,27,,,,,,
boss_b_t_kette2_12,art=kette2 versatz=72 rang=24,138,110,107,3,24,60,0,Schlag,1,1/06/02/049fd6,,,,,,Zucken,32,,,,,,
boss_b_t_kette2_12,art=kette2 versatz=72 rang=24,155,107,103,4,24,60,0,Schlag,2,3/00/02/04b03e,17,17,,,,Zucken (Aktion 4),15,,,,,,
boss_b_t_kette4_12,art=kette4 versatz=72 rang=24,138,110,107,3,24,60,0,Schlag,1,1/06/02/049fd6,,,,,,Zucken,32,,,,,,
boss_b_t_kette4_12,art=kette4 versatz=72 rang=24,155,107,103,4,24,60,0,Schlag,2,3/00/02/04b03e,17,17,,,,Zucken (Aktion 4),15,,,,,,
boss_b_t_kette4_12,art=kette4 versatz=72 rang=24,173,103,98,5,24,65,0,Schlag,3,1/00/00/049efa,18,18,,,,Zucken,118,,,,,,
boss_b_t_kette4_12,art=kette4 versatz=72 rang=24,190,98,88,10,24,65,0,Schlag,4,3/00/02/04b03e,17,17,,,,umgeworfen (Aktion 0C),101,,,,,,127.25
boss_b_t_sprh_12,art=sprh versatz=72 rang=24,143,110,98,12,24,72,0,Sprungangriff,3,1/06/04/04a67c,,,,,,umgeworfen (Aktion 0C),,,,,,,
boss_b_t_spez_12,art=spez versatz=72 rang=24,162,110,104,6,24,72,0,Spezial,1,1/06/06/04a822,,,,,,umgeworfen (Aktion 12),,,,,,,
boss_b_t_sprint_12,art=sprint versatz=72 rang=24,149,110,101,9,24,35,0,Sprintangriff,2,1/06/04/04a71e,,,,,,umgeworfen (Aktion 0C),,,,,,,
boss_b_t_wurf_12,art=wurf versatz=72 rang=24,145,110,96,14,24,-19,0,Griff,1,3/02/00/049d08,,,,,,im Griff,,,,,,,
boss_b_t_knie_12,art=knie versatz=72 rang=24,149,110,106,4,24,-21,0,Griff,2,3/02/00/049d08,,,,,,st3 akt04,62,,,,,,
boss_b_t_las_12,art=las versatz=72 rang=24,88,110,104,6,24,128,0,Waffe,1,1/06/02/04a022,,,,,,umgeworfen (Aktion 0C),93,,,,,,72.75
boss_b_t_tritt_12,art=tritt versatz=72 rang=24,146,110,100,10,24,50,0,Schlag,4,1/06/02/04a6ca,,,,,,umgeworfen (Aktion 0C),125,,,,,,127.25
boss_b_t_schlag_13,art=schlag versatz=78 rang=24,144,110,107,3,24,65,0,Schlag,1,1/06/02/04a022,,,,,,Zucken,27,,,,,,
boss_b_t_kette2_13,art=kette2 versatz=78 rang=24,144,110,107,3,24,60,0,Schlag,1,1/06/02/04a022,,,,,,Zucken,32,,,,,,
boss_b_t_kette2_13,art=kette2 versatz=78 rang=24,161,107,103,4,24,60,0,Schlag,2,3/00/02/04b03e,17,17,,,,Zucken (Aktion 4),15,,,,,,
boss_b_t_kette4_13,art=kette4 versatz=78 rang=24,144,110,107,3,24,60,0,Schlag,1,1/06/02/04a022,,,,,,Zucken,32,,,,,,
boss_b_t_kette4_13,art=kette4 versatz=78 rang=24,161,107,103,4,24,60,0,Schlag,2,3/00/02/04b03e,17,17,,,,Zucken (Aktion 4),15,,,,,,
boss_b_t_kette4_13,art=kette4 versatz=78 rang=24,179,103,98,5,24,65,0,Schlag,3,1/00/00/049efa,18,18,,,,Zucken,118,,,,,,
boss_b_t_kette4_13,art=kette4 versatz=78 rang=24,196,98,88,10,24,65,0,Schlag,4,3/00/02/04b03e,17,17,,,,umgeworfen (Aktion 0C),101,,,,,,127.25
boss_b_t_sprh_13,art=sprh versatz=78 rang=24,149,110,98,12,24,72,0,Sprungangriff,3,1/06/04/04a67c,,,,,,umgeworfen (Aktion 0C),,,,,,,
boss_b_t_spez_13,art=spez versatz=78 rang=24,168,110,104,6,24,72,0,Spezial,1,1/06/06/04a822,,,,,,umgeworfen (Aktion 12),,,,,,,
boss_b_t_sprint_13,art=sprint versatz=78 rang=24,155,110,101,9,24,35,0,Sprintangriff,2,1/06/04/04a71e,,,,,,umgeworfen (Aktion 0C),,,,,,,
boss_b_t_wurf_13,art=wurf versatz=78 rang=24,151,110,96,14,24,-19,0,Griff,1,3/02/00/049d08,,,,,,im Griff,,,,,,,
boss_b_t_knie_13,art=knie versatz=78 rang=24,155,110,106,4,24,-21,0,Griff,2,3/02/00/049d08,,,,,,st3 akt04,62,,,,,,
boss_b_t_las_13,art=las versatz=78 rang=24,94,110,104,6,24,139,0,Waffe,1,1/04/00/049ea4,,,,,,umgeworfen (Aktion 0C),,,,,,,
boss_b_t_schlag_14,art=schlag versatz=84 rang=24,150,110,107,3,24,65,0,Schlag,1,1/06/02/04a022,,,,,,Zucken,27,,,,,,
boss_b_t_kette2_14,art=kette2 versatz=84 rang=24,150,110,107,3,24,60,0,Schlag,1,1/06/02/04a022,,,,,,Zucken,72,,,,,,
boss_b_t_kette2_14,art=kette2 versatz=84 rang=24,167,107,103,4,24,60,0,Schlag,2,3/00/02/04b03e,17,17,1,107,Wert vor dem Treffer,Rueckzug,55,1,54,48.0,00,72,
boss_b_t_kette4_14,art=kette4 versatz=84 rang=24,150,110,107,3,24,60,0,Schlag,1,1/06/02/04a022,,,,,,Zucken,72,,,,,,
boss_b_t_kette4_14,art=kette4 versatz=84 rang=24,167,107,103,4,24,60,0,Schlag,2,3/00/02/04b03e,17,17,1,107,Wert vor dem Treffer,Rueckzug,55,1,54,48.0,00,72,
boss_b_t_sprh_14,art=sprh versatz=84 rang=24,155,110,98,12,24,72,0,Sprungangriff,3,1/06/04/04a67c,,,,,,umgeworfen (Aktion 0C),,,,,,,
boss_b_t_spez_14,art=spez versatz=84 rang=24,174,110,104,6,24,72,0,Spezial,1,1/06/06/04a822,,,,,,umgeworfen (Aktion 12),,,,,,,
boss_b_t_sprint_14,art=sprint versatz=84 rang=24,161,110,101,9,24,35,0,Sprintangriff,2,1/06/04/04a71e,,,1,110,Wert vor dem Treffer,Rueckzug,55,1,54,48.0,00,72,
boss_b_t_wurf_14,art=wurf versatz=84 rang=24,157,110,96,14,24,-19,0,Griff,1,3/02/00/049d08,,,,,,im Griff,,,,,,,
boss_b_t_knie_14,art=knie versatz=84 rang=24,161,110,106,4,24,-21,0,Griff,2,3/02/00/049d08,,,,,,st3 akt04,62,,,,,,
boss_b_t_las_14,art=las versatz=84 rang=24,101,110,104,6,24,146,0,Waffe,1,1/00/00/049efa,,,,,,umgeworfen (Aktion 0C),,,,,,,
boss_b_t_schlag_15,art=schlag versatz=90 rang=24,156,110,107,3,24,65,0,Schlag,1,1/06/02/04a06a,,,1,110,Wert vor dem Treffer,Rueckzug,55,1,54,48.0,00,72,
boss_b_t_kette2_15,art=kette2 versatz=90 rang=24,156,110,107,3,24,60,0,Schlag,1,1/06/02/04a06a,,,1,110,Wert vor dem Treffer,Rueckzug,55,1,54,48.0,00,72,
boss_b_t_kette4_15,art=kette4 versatz=90 rang=24,156,110,107,3,24,60,0,Schlag,1,1/06/02/04a06a,,,1,110,Wert vor dem Treffer,Rueckzug,55,1,54,48.0,00,72,
boss_b_t_sprh_15,art=sprh versatz=90 rang=24,161,110,98,12,24,72,0,Sprungangriff,3,1/06/04/04a67c,,,1,110,Wert vor dem Treffer,Rueckzug,55,1,54,48.0,00,72,
boss_b_t_spez_15,art=spez versatz=90 rang=24,180,110,104,6,24,72,0,Spezial,1,1/06/06/04a822,,,,,,umgeworfen (Aktion 12),,,,,,,
boss_b_t_sprint_15,art=sprint versatz=90 rang=24,167,110,101,9,24,35,0,Sprintangriff,2,1/06/04/04a71e,,,1,110,Wert vor dem Treffer,Rueckzug,55,1,54,48.0,00,72,
boss_b_t_wurf_15,art=wurf versatz=90 rang=24,163,110,96,14,24,-19,0,Griff,1,3/02/00/049d08,,,,,,im Griff,,,,,,,
boss_b_t_knie_15,art=knie versatz=90 rang=24,167,110,106,4,24,-21,0,Griff,2,3/02/00/049d08,,,,,,st3 akt04,62,,,,,,
boss_b_t_las_15,art=las versatz=90 rang=24,106,110,104,6,24,137,0,Waffe,1,1/00/00/049efa,,,,,,umgeworfen (Aktion 0C),,,,,,,
boss_b_t_tritt_15,art=tritt versatz=90 rang=24,149,110,105,5,24,86,11,Schlag,3,1/06/02/04a022,,,,,,Zucken,116,,,,,,
boss_b_t_tritt_15,art=tritt versatz=90 rang=24,164,105,95,10,24,48,0,Schlag,4,3/00/02/04b03e,15,15,,,,umgeworfen (Aktion 0C),101,,,,,,127.25
boss_c_aufs160,probe=160 umgeworfen=sprint,77,110,101,9,16,28,11,Sprintangriff,2,1/00/00/049f48,,,,,,umgeworfen (Aktion 0C),105,,,,,,127.25
boss_c_aufs178,probe=178 umgeworfen=sprint,77,110,101,9,16,28,11,Sprintangriff,2,1/00/00/049f48,,,,,,umgeworfen (Aktion 0C),105,,,,,,127.25
boss_c_aufs182,probe=182 umgeworfen=sprint,77,110,101,9,16,28,11,Sprintangriff,2,1/00/00/049f48,,,,,,umgeworfen (Aktion 0C),105,,,,,,127.25
boss_c_aufs184,probe=184 umgeworfen=sprint,77,110,101,9,16,28,11,Sprintangriff,2,1/00/00/049f48,,,,,,umgeworfen (Aktion 0C),105,,,,,,127.25
boss_c_aufs186,probe=186 umgeworfen=sprint,77,110,101,9,16,28,11,Sprintangriff,2,1/00/00/049f48,,,,,,umgeworfen (Aktion 0C),105,,,,,,127.25
boss_c_aufs190,probe=190 umgeworfen=sprint,77,110,101,9,16,28,11,Sprintangriff,2,1/00/00/049f48,,,,,,umgeworfen (Aktion 0C),105,,,,,,127.25
boss_c_aufs192,probe=192 umgeworfen=sprint,77,110,101,9,16,28,11,Sprintangriff,2,1/00/00/049f48,,,,,,umgeworfen (Aktion 0C),105,,,,,,127.25
boss_c_aufs193,probe=193 umgeworfen=sprint,77,110,101,9,16,28,11,Sprintangriff,2,1/00/00/049f48,,,,,,umgeworfen (Aktion 0C),105,,,,,,127.25
boss_c_aufs194,probe=194 umgeworfen=sprint,77,110,101,9,16,28,11,Sprintangriff,2,1/00/00/049f48,,,,,,umgeworfen (Aktion 0C),105,,,,,,127.25
boss_c_aufs195,probe=195 umgeworfen=sprint,77,110,101,9,16,28,11,Sprintangriff,2,1/00/00/049f48,,,,,,umgeworfen (Aktion 0C),105,,,,,,127.25
boss_c_aufs195,probe=195 umgeworfen=sprint,198,101,98,3,16,50,-1,Schlag,1,1/00/00/049f48,121,121,1,101,Wert vor dem Treffer,Rueckzug,,1,27,35.0,00,72,
boss_c_aufs196,probe=196 umgeworfen=sprint,77,110,101,9,16,28,11,Sprintangriff,2,1/00/00/049f48,,,,,,umgeworfen (Aktion 0C),105,,,,,,127.25
boss_c_aufs196,probe=196 umgeworfen=sprint,198,101,98,3,16,52,-1,Schlag,1,1/00/00/049f48,121,121,1,101,Wert vor dem Treffer,Rueckzug,,1,28,35.0,00,72,
boss_c_aufs197,probe=197 umgeworfen=sprint,77,110,101,9,16,28,11,Sprintangriff,2,1/00/00/049f48,,,,,,umgeworfen (Aktion 0C),105,,,,,,127.25
boss_c_aufs197,probe=197 umgeworfen=sprint,198,101,98,3,16,53,0,Schlag,1,1/00/00/049f48,121,121,1,101,Wert vor dem Treffer,Rueckzug,,1,29,35.0,00,72,
boss_c_aufs198,probe=198 umgeworfen=sprint,77,110,101,9,16,28,11,Sprintangriff,2,1/00/00/049f48,,,,,,umgeworfen (Aktion 0C),105,,,,,,127.25
boss_c_aufs198,probe=198 umgeworfen=sprint,198,101,98,3,16,53,0,Schlag,1,1/00/00/049f48,121,121,1,101,Wert vor dem Treffer,Rueckzug,,1,30,37.0,00,72,
boss_c_aufs200,probe=200 umgeworfen=sprint,77,110,101,9,16,28,11,Sprintangriff,2,1/00/00/049f48,,,,,,umgeworfen (Aktion 0C),105,,,,,,127.25
boss_c_aufs200,probe=200 umgeworfen=sprint,200,101,98,3,16,53,-1,Schlag,1,1/00/00/049f92,123,123,1,101,Wert vor dem Treffer,Rueckzug,,1,30,37.0,00,72,
boss_c_aufj150,probe=150 umgeworfen=sprung,69,110,103,7,16,57,5,Sprungangriff,2,1/00/00/049efa,,,,,,umgeworfen (Aktion 0C),105,,,,,,127.25
boss_c_aufj172,probe=172 umgeworfen=sprung,69,110,103,7,16,57,5,Sprungangriff,2,1/00/00/049efa,,,,,,umgeworfen (Aktion 0C),105,,,,,,127.25
boss_c_aufj174,probe=174 umgeworfen=sprung,69,110,103,7,16,57,5,Sprungangriff,2,1/00/00/049efa,,,,,,umgeworfen (Aktion 0C),105,,,,,,127.25
boss_c_aufj176,probe=176 umgeworfen=sprung,69,110,103,7,16,57,5,Sprungangriff,2,1/00/00/049efa,,,,,,umgeworfen (Aktion 0C),105,,,,,,127.25
boss_c_aufj180,probe=180 umgeworfen=sprung,69,110,103,7,16,57,5,Sprungangriff,2,1/00/00/049efa,,,,,,umgeworfen (Aktion 0C),105,,,,,,127.25
boss_c_aufj185,probe=185 umgeworfen=sprung,69,110,103,7,16,57,5,Sprungangriff,2,1/00/00/049efa,,,,,,umgeworfen (Aktion 0C),105,,,,,,127.25
boss_c_aufj186,probe=186 umgeworfen=sprung,69,110,103,7,16,57,5,Sprungangriff,2,1/00/00/049efa,,,,,,umgeworfen (Aktion 0C),105,,,,,,127.25
boss_c_aufj187,probe=187 umgeworfen=sprung,69,110,103,7,16,57,5,Sprungangriff,2,1/00/00/049efa,,,,,,umgeworfen (Aktion 0C),105,,,,,,127.25
boss_c_aufj187,probe=187 umgeworfen=sprung,190,103,100,3,16,50,0,Schlag,1,1/00/00/049f48,121,121,1,103,Wert vor dem Treffer,Rueckzug,,1,27,35.0,00,72,
boss_c_aufj188,probe=188 umgeworfen=sprung,69,110,103,7,16,57,5,Sprungangriff,2,1/00/00/049efa,,,,,,umgeworfen (Aktion 0C),105,,,,,,127.25
boss_c_aufj188,probe=188 umgeworfen=sprung,190,103,100,3,16,52,0,Schlag,1,1/00/00/049f48,121,121,1,103,Wert vor dem Treffer,Rueckzug,,1,28,35.0,00,72,
boss_c_aufj189,probe=189 umgeworfen=sprung,69,110,103,7,16,57,5,Sprungangriff,2,1/00/00/049efa,,,,,,umgeworfen (Aktion 0C),105,,,,,,127.25
boss_c_aufj189,probe=189 umgeworfen=sprung,190,103,100,3,16,54,0,Schlag,1,1/00/00/049f48,121,121,1,103,Wert vor dem Treffer,Rueckzug,,1,29,35.0,00,72,
boss_c_aufj190,probe=190 umgeworfen=sprung,69,110,103,7,16,57,5,Sprungangriff,2,1/00/00/049efa,,,,,,umgeworfen (Aktion 0C),105,,,,,,127.25
boss_c_aufj190,probe=190 umgeworfen=sprung,190,103,100,3,16,54,0,Schlag,1,1/00/00/049f48,121,121,1,103,Wert vor dem Treffer,Rueckzug,,1,30,37.0,00,72,
boss_c_aufj192,probe=192 umgeworfen=sprung,69,110,103,7,16,57,5,Sprungangriff,2,1/00/00/049efa,,,,,,umgeworfen (Aktion 0C),105,,,,,,127.25
boss_c_aufj192,probe=192 umgeworfen=sprung,192,103,100,3,16,53,0,Schlag,1,1/00/00/049f92,123,123,1,103,Wert vor dem Treffer,Rueckzug,,1,30,37.0,00,72,
boss_c_sp45_184,probe=184 umgeworfen=sprint spezial d=45,77,110,101,9,16,28,11,Sprintangriff,2,1/00/00/049f48,,,,,,umgeworfen (Aktion 0C),105,,,,,,127.25
boss_c_sp45_184,probe=184 umgeworfen=sprint spezial d=45,196,101,95,6,16,45,0,Spezial,1,1/06/06/04aa82,119,119,,,,umgeworfen (Aktion 12),,,,,,,
boss_c_sp55_184,probe=184 umgeworfen=sprint spezial d=55,77,110,101,9,16,28,11,Sprintangriff,2,1/00/00/049f48,,,,,,umgeworfen (Aktion 0C),105,,,,,,127.25
boss_c_sp55_184,probe=184 umgeworfen=sprint spezial d=55,198,101,95,6,16,53,0,Spezial,1,1/00/00/049f48,121,121,,,,umgeworfen (Aktion 12),,,,,,,
boss_c_sp45_188,probe=188 umgeworfen=sprint spezial d=45,77,110,101,9,16,28,11,Sprintangriff,2,1/00/00/049f48,,,,,,umgeworfen (Aktion 0C),105,,,,,,127.25
boss_c_sp45_188,probe=188 umgeworfen=sprint spezial d=45,195,101,95,6,16,45,0,Spezial,1,1/06/04/04a9d2,118,118,,,,umgeworfen (Aktion 12),,,,,,,
boss_c_sp55_188,probe=188 umgeworfen=sprint spezial d=55,77,110,101,9,16,28,11,Sprintangriff,2,1/00/00/049f48,,,,,,umgeworfen (Aktion 0C),105,,,,,,127.25
boss_c_sp55_188,probe=188 umgeworfen=sprint spezial d=55,198,101,95,6,16,53,0,Spezial,1,1/00/00/049f48,121,121,,,,umgeworfen (Aktion 12),,,,,,,
boss_c_sp45_192,probe=192 umgeworfen=sprint spezial d=45,77,110,101,9,16,28,11,Sprintangriff,2,1/00/00/049f48,,,,,,umgeworfen (Aktion 0C),105,,,,,,127.25
boss_c_sp45_192,probe=192 umgeworfen=sprint spezial d=45,198,101,95,6,16,45,0,Spezial,1,1/06/04/04a9d2,121,121,,,,umgeworfen (Aktion 12),,,,,,,
boss_c_sp55_192,probe=192 umgeworfen=sprint spezial d=55,77,110,101,9,16,28,11,Sprintangriff,2,1/00/00/049f48,,,,,,umgeworfen (Aktion 0C),105,,,,,,127.25
boss_c_sp55_192,probe=192 umgeworfen=sprint spezial d=55,198,101,95,6,16,53,0,Spezial,1,1/00/00/049f48,121,121,,,,umgeworfen (Aktion 12),,,,,,,
boss_c_r56,schlag=56,60,110,107,3,18,72,12,Schlag,1,1/06/04/04a26a,,,,,,Zucken,27,,,,,,
boss_c_r58,schlag=58,60,110,107,3,18,72,12,Schlag,1,1/06/04/04a26a,,,,,,Zucken,27,,,,,,
boss_c_r60,schlag=60,62,110,107,3,18,64,12,Schlag,1,1/06/04/04a2be,,,,,,Zucken,27,,,,,,
boss_c_r62,schlag=62,64,110,107,3,18,56,11,Schlag,1,1/06/04/04a2be,,,,,,Zucken,27,,,,,,
# B zweittreffer: zweiter Treffer nach Stufe 1 (h1), Abstand und Ergebnis
lauf,info,h1,ergebnis1,h2,abstand,ergebnis2,boss_vorher2,reaktion2
boss_b_z12,zweit=h+12 dx=50,66,dauerhaft,81,15,zurueck,3/00/02/04b03e,Rueckzug
boss_b_z16,zweit=h+16 dx=50,66,dauerhaft,85,19,zurueck,3/00/02/04b03e,Rueckzug
boss_b_z20,zweit=h+20 dx=50,66,dauerhaft,89,23,zurueck,3/00/02/04b086,Rueckzug
boss_b_z24,zweit=h+24 dx=50,66,dauerhaft,93,27,zurueck,3/00/02/04b0d4,Rueckzug
boss_b_w20,zweit=h+20 dx=70,66,dauerhaft,89,23,zurueck,3/00/02/04b086,Rueckzug
boss_b_w26,zweit=h+26 dx=70,66,dauerhaft,95,29,zurueck,1/00/00/049efa,Rueckzug
boss_b_w27,zweit=h+27 dx=70,66,dauerhaft,96,30,zurueck,1/00/00/049efa,Rueckzug
boss_b_w28,zweit=h+28 dx=70,66,dauerhaft,96,30,zurueck,1/00/00/049efa,Rueckzug
boss_b_w30,zweit=h+30 dx=70,66,dauerhaft,98,32,zurueck,1/00/00/049efa,Rueckzug
boss_b_w34,zweit=h+34 dx=70,66,dauerhaft,102,36,zurueck,1/00/00/049f48,Rueckzug
boss_b_w40,zweit=h+40 dx=70,66,dauerhaft,108,42,dauerhaft,1/00/00/049f48,Zucken
boss_b_v36,treffer2=h+36 dx=70,66,dauerhaft,102,36,zurueck,1/00/00/049f48,Rueckzug
boss_b_u36,treffer2=h+36 Boss 93-120 bei 75 px,66,dauerhaft,102,36,zurueck,1/00/00/049f48,Rueckzug
boss_b_v37,treffer2=h+37 dx=70,66,dauerhaft,103,37,zurueck,1/00/00/049f48,Rueckzug
boss_b_u37,treffer2=h+37 Boss 93-120 bei 75 px,66,dauerhaft,103,37,zurueck,1/00/00/049f48,Rueckzug
boss_b_v38,treffer2=h+38 dx=70,66,dauerhaft,104,38,zurueck,1/00/00/049f48,Rueckzug
boss_b_u38,treffer2=h+38 Boss 93-120 bei 75 px,66,dauerhaft,104,38,zurueck,1/00/00/049f48,Rueckzug
boss_b_v39,treffer2=h+39 dx=70,66,dauerhaft,105,39,zurueck,1/00/00/049f48,Rueckzug
boss_b_u39,treffer2=h+39 Boss 93-120 bei 75 px,66,dauerhaft,105,39,zurueck,1/00/00/049f48,Rueckzug
boss_b_v40,treffer2=h+40 dx=70,66,dauerhaft,106,40,dauerhaft,1/00/00/049f48,Zucken
boss_b_u40,treffer2=h+40 Boss 93-120 bei 75 px,66,dauerhaft,106,40,dauerhaft,1/00/00/049f48,Zucken
boss_b_v41,treffer2=h+41 dx=70,66,dauerhaft,107,41,dauerhaft,1/00/00/049f48,Zucken
boss_b_u41,treffer2=h+41 Boss 93-120 bei 75 px,66,dauerhaft,107,41,dauerhaft,1/00/00/049f48,Zucken
boss_b_d0,versatz=0,66,dauerhaft,98,32,zurueck,1/00/00/049efa,Rueckzug
boss_b_d1,versatz=1,67,dauerhaft,99,32,zurueck,1/00/00/049efa,Rueckzug
boss_b_d2,versatz=2,68,dauerhaft,100,32,zurueck,1/00/00/049efa,Rueckzug
boss_b_d3,versatz=3,69,dauerhaft,101,32,zurueck,1/00/00/049efa,Rueckzug
boss_b_d4,versatz=4,70,dauerhaft,102,32,zurueck,1/00/00/049efa,Rueckzug
boss_b_d5,versatz=5,71,dauerhaft,103,32,zurueck,1/00/00/049efa,Rueckzug
boss_b_d6,versatz=6,72,dauerhaft,104,32,zurueck,1/00/00/049efa,Rueckzug
boss_b_d7,versatz=7,73,dauerhaft,105,32,zurueck,1/00/00/049efa,Rueckzug
boss_b_d8,versatz=8,74,dauerhaft,106,32,dauerhaft,1/00/00/049efa,Zucken
boss_b_d9,versatz=9,75,dauerhaft,107,32,dauerhaft,1/00/00/049efa,Zucken
boss_b_d10,versatz=10,76,dauerhaft,108,32,dauerhaft,1/00/00/049efa,Zucken
boss_b_d11,versatz=11,77,dauerhaft,109,32,dauerhaft,1/00/00/049efa,Zucken
boss_b_d12,versatz=12,78,dauerhaft,110,32,dauerhaft,1/00/00/049efa,Zucken
boss_b_d13,versatz=13,79,dauerhaft,111,32,dauerhaft,1/00/00/049efa,Zucken
boss_b_e0,versatz=0 WOOKY entfernt,66,dauerhaft,98,32,dauerhaft,1/00/00/049efa,Zucken
boss_b_e4,versatz=4 WOOKY entfernt,70,dauerhaft,102,32,dauerhaft,1/00/00/049efa,Zucken
boss_b_e7,versatz=7 WOOKY entfernt,73,dauerhaft,105,32,dauerhaft,1/00/00/049efa,Zucken
boss_b_e8,versatz=8 WOOKY entfernt,74,dauerhaft,106,32,dauerhaft,1/00/00/049efa,Zucken
boss_b_e12,versatz=12 WOOKY entfernt,78,dauerhaft,110,32,dauerhaft,1/00/00/049efa,Zucken
# B einzelzeit: ein einzelner Schlag (Stufe 1) zu verschiedenen Zeitpunkten F
lauf,F,h,ergebnis,boss_vorher,zustand,reaktion
boss_b_f66,66,66,dauerhaft,1/00/00/049efa,Gehen/Stehen,Zucken
boss_b_f69,69,69,dauerhaft,1/00/00/049efa,Gehen/Stehen,Zucken
boss_b_f72,72,72,dauerhaft,1/00/00/049f48,Gehen/Stehen,Zucken
boss_b_f75,75,75,dauerhaft,1/00/00/049f48,Gehen/Stehen,Zucken
boss_b_f78,78,78,dauerhaft,1/00/00/049f48,Gehen/Stehen,Zucken
boss_b_f81,81,81,dauerhaft,1/00/00/049f92,Gehen/Stehen,Zucken
boss_b_f84,84,84,dauerhaft,1/00/00/049f92,Gehen/Stehen,Zucken
boss_b_f87,87,87,dauerhaft,1/00/00/049fd6,Gehen/Stehen,Zucken
boss_b_f90,90,90,dauerhaft,1/00/00/049fd6,Gehen/Stehen,Zucken
boss_b_f93,93,93,dauerhaft,1/00/00/049fd6,Gehen/Stehen,Zucken
boss_b_f96,96,96,dauerhaft,1/00/00/04a022,Gehen/Stehen,Zucken
boss_b_f99,99,99,dauerhaft,1/00/00/04a022,Gehen/Stehen,Zucken
boss_b_f102,102,102,dauerhaft,1/00/00/04a022,Gehen/Stehen,Zucken
boss_b_f105,105,105,dauerhaft,1/00/00/04a06a,Gehen/Stehen,Zucken
boss_b_f108,108,108,dauerhaft,1/00/00/04a06a,Gehen/Stehen,Zucken
boss_b_f111,111,111,zurueck,1/00/00/049efa,Gehen/Stehen,Rueckzug
boss_b_f114,114,114,dauerhaft,1/06/02/049efa,eigener Angriff,Zucken
boss_b_f117,117,117,dauerhaft,1/06/04/04a67c,eigener Angriff,Zucken
boss_b_f120,120,120,dauerhaft,1/06/04/04a67c,eigener Angriff,Zucken
boss_b_f123,123,123,dauerhaft,1/06/04/04a67c,eigener Angriff,Zucken
boss_b_f126,126,126,dauerhaft,1/06/04/04a67c,eigener Angriff,Zucken
boss_b_f129,129,129,dauerhaft,1/06/04/04a67c,eigener Angriff,Zucken
boss_b_f132,132,132,dauerhaft,1/06/04/04a67c,eigener Angriff,Zucken
boss_b_f135,135,135,dauerhaft,1/06/04/04a67c,eigener Angriff,Zucken
boss_b_f138,138,138,dauerhaft,1/06/04/04a67c,eigener Angriff,Zucken
boss_b_f141,141,141,dauerhaft,1/06/04/04a67c,eigener Angriff,Zucken
boss_b_f144,144,144,dauerhaft,1/06/04/04a67c,eigener Angriff,Zucken
boss_b_f147,147,147,dauerhaft,1/06/04/04a67c,eigener Angriff,Zucken
boss_b_f150,150,150,dauerhaft,1/06/04/04a67c,eigener Angriff,Zucken
boss_b_f153,153,153,dauerhaft,1/06/04/04a67c,eigener Angriff,Zucken
boss_b_f156,156,156,zurueck,1/06/04/04a67c,eigener Angriff,Rueckzug
boss_b_f159,159,159,zurueck,1/06/04/04a67c,eigener Angriff,Rueckzug
boss_b_f162,162,162,zurueck,1/06/04/04a6ca,eigener Angriff,Rueckzug
boss_b_f165,165,165,zurueck,1/06/04/04a6ca,eigener Angriff,Rueckzug
boss_b_f168,168,168,zurueck,1/06/04/04a71e,eigener Angriff,Rueckzug
boss_b_f171,171,171,dauerhaft,1/06/04/04a772,eigener Angriff,Zucken
boss_b_f174,174,174,dauerhaft,1/06/04/04a7c2,eigener Angriff,Zucken
boss_b_f177,177,,kein Treffer (Boss griff zuerst an),,,
boss_b_f180,180,,kein Treffer (Boss griff zuerst an),,,
boss_b_f183,183,,kein Treffer (Boss griff zuerst an),,,
boss_b_f186,186,,kein Treffer (Boss griff zuerst an),,,
boss_b_f189,189,,kein Treffer (Boss griff zuerst an),,,
boss_b_f192,192,,kein Treffer (Boss griff zuerst an),,,
boss_b_f195,195,,kein Treffer (Boss griff zuerst an),,,
boss_b_f198,198,,kein Treffer (Boss griff zuerst an),,,
boss_b_f201,201,,kein Treffer (Boss griff zuerst an),,,
boss_b_f204,204,204,dauerhaft,1/06/04/04a71e,eigener Angriff,Zucken
boss_b_f207,207,207,dauerhaft,1/06/04/04a71e,eigener Angriff,Zucken
boss_b_f210,210,210,dauerhaft,1/06/04/04a772,eigener Angriff,Zucken
boss_b_f213,213,,kein Treffer (Boss griff zuerst an),,,
boss_b_f216,216,,kein Treffer (Boss griff zuerst an),,,
boss_b_f219,219,,kein Treffer (Boss griff zuerst an),,,
boss_b_f222,222,,kein Treffer (Boss griff zuerst an),,,
boss_b_f225,225,,kein Treffer (Boss griff zuerst an),,,
boss_b_f228,228,,kein Treffer (Boss griff zuerst an),,,
boss_b_f231,231,,kein Treffer (Boss griff zuerst an),,,
boss_b_f234,234,,kein Treffer (Boss griff zuerst an),,,
boss_b_f237,237,,kein Treffer (Boss griff zuerst an),,,
boss_b_f240,240,,kein Treffer (Boss griff zuerst an),,,
boss_b_f243,243,243,dauerhaft,1/06/04/04a71e,eigener Angriff,Zucken
boss_b_f246,246,246,dauerhaft,1/06/04/04a772,eigener Angriff,Zucken
boss_b_f249,249,249,dauerhaft,1/06/04/04a7c2,eigener Angriff,Zucken
boss_b_f252,252,,kein Treffer (Boss griff zuerst an),,,
boss_b_f255,255,,kein Treffer (Boss griff zuerst an),,,
boss_b_f258,258,,kein Treffer (Boss griff zuerst an),,,
boss_b_f261,261,,kein Treffer (Boss griff zuerst an),,,
boss_b_f264,264,,kein Treffer (Boss griff zuerst an),,,
boss_b_f267,267,,kein Treffer (Boss griff zuerst an),,,
boss_b_f270,270,,kein Treffer (Boss griff zuerst an),,,
boss_b_f273,273,,kein Treffer (Boss griff zuerst an),,,
boss_b_f276,276,,kein Treffer (Boss griff zuerst an),,,
boss_b_f279,279,,kein Treffer (Boss griff zuerst an),,,
boss_b_f282,282,,kein Treffer (Boss griff zuerst an),,,
boss_b_f285,285,,kein Treffer (Boss griff zuerst an),,,
boss_b_f288,288,,kein Treffer (Boss griff zuerst an),,,
boss_b_f291,291,,kein Treffer (Boss griff zuerst an),,,
boss_b_f294,294,,kein Treffer (Boss griff zuerst an),,,
boss_b_f297,297,,kein Treffer (Boss griff zuerst an),,,
boss_b_f300,300,,kein Treffer (Boss griff zuerst an),,,
boss_b_f303,303,,kein Treffer (Boss griff zuerst an),,,
boss_b_f306,306,,kein Treffer (Boss griff zuerst an),,,
boss_b_f309,309,,kein Treffer (Boss griff zuerst an),,,
boss_b_f312,312,,kein Treffer (Boss griff zuerst an),,,
boss_b_f315,315,,kein Treffer (Boss griff zuerst an),,,
boss_b_f318,318,,kein Treffer (Boss griff zuerst an),,,
boss_b_f321,321,,kein Treffer (Boss griff zuerst an),,,
boss_b_f324,324,,kein Treffer (Boss griff zuerst an),,,
boss_b_f327,327,,kein Treffer (Boss griff zuerst an),,,
boss_b_f330,330,,kein Treffer (Boss griff zuerst an),,,
# B einzelzeit Summe: dauerhaft 37, zurueck 6, ohne Treffer 46
# B bot: einfacher Angreifer (CC_BOT=angriff), Anteil zurueckgenommener Schlagtreffer
lauf,savestate,info,treffer_alle,schlagtreffer,zurueck,anteil_zurueck,lp_ende,frames
boss_b_bot_p7,p0_s1_s1_cam02048,bot rang=7,43,43,6,14%,-1,8000
boss_b_bot_q7,boss_q_b,bot rang=7,47,47,10,21%,-1,8000
boss_b_bot_p9,p0_s1_s1_cam02048,bot rang=9,44,44,7,16%,-1,8000
boss_b_bot_q9,boss_q_b,bot rang=9,43,43,6,14%,-1,8000
boss_b_bot_p12,p0_s1_s1_cam02048,bot rang=12,43,43,6,14%,-1,8000
boss_b_bot_q12,boss_q_b,bot rang=12,48,48,11,23%,-1,8000
boss_b_bot_p16,p0_s1_s1_cam02048,bot rang=16,48,48,11,23%,-1,8000
boss_b_bot_q16,boss_q_b,bot rang=16,52,52,15,29%,-1,8000
boss_b_bot_p20,p0_s1_s1_cam02048,bot rang=20,54,54,17,31%,-1,8000
boss_b_bot_q20,boss_q_b,bot rang=20,49,49,12,24%,-1,8000
boss_b_bot_p24,p0_s1_s1_cam02048,bot rang=24,58,58,21,36%,-1,8000
boss_b_bot_q24,boss_q_b,bot rang=24,56,56,23,41%,11,8000
boss_b_bot_kette,p0_s1_s1_cam02048,"bot mit kettendruck nach 16 F, rang=16",41,41,8,20%,-1,8000
# B bot gruppen: Anteil zurueckgenommener Schlagtreffer nach Merkmal (alle Bot-Laeufe)
merkmal,wert,schlagtreffer,zurueck,anteil
lp_vor,28-55,172,56,33%
lp_vor,bis 27,142,30,21%
lp_vor,ueber 55,312,67,21%
rang,12,91,17,19%
rang,16,141,34,24%
rang,20,103,29,28%
rang,24,114,44,39%
rang,7,90,16,18%
rang,9,87,13,15%
seit_dauerhaft,40-79,46,10,22%
seit_dauerhaft,80-159,104,24,23%
seit_dauerhaft,<40,254,53,21%
seit_dauerhaft,>=160,203,60,30%
seit_dauerhaft,erster,19,6,32%
stufe,1,610,149,24%
stufe,2,16,4,25%
zustand,Gehen/Stehen,380,89,23%
zustand,Reaktion,15,4,27%
zustand,eigener Angriff,231,60,26%
# B bot treffer: alle LP-Verluste des Bosses in den Bot-Laeufen
lauf,savestate,rang_info,h,lp_vor,lp_nach,schaden,rang,dx,dz,figur,kombo,boss_vorher,seit_treffer,seit_dauerhaft,ruecksprung,lp_zurueck,zurueck_auf,reaktion,frei_ab,rueckzug_von,rueckzug_bis,rueckzug_x,rueckzug_attr,figur_lp_im_rueckzug,flug_x
boss_b_bot_p7,p0_s1_s1_cam02048,7,130,110,107,3,7,71,0,Schlag,1,1/06/04/04a6ca,,,,,,Zucken,27,,,,,,
boss_b_bot_p7,p0_s1_s1_cam02048,7,162,107,104,3,7,62,-1,Schlag,1,1/00/00/049efa,32,32,,,,Zucken,27,,,,,,
boss_b_bot_p7,p0_s1_s1_cam02048,7,194,104,101,3,7,54,-2,Schlag,1,1/00/00/049efa,32,32,,,,Zucken,27,,,,,,
boss_b_bot_p7,p0_s1_s1_cam02048,7,420,101,98,3,7,70,0,Schlag,1,1/06/04/04a6ca,226,226,1,101,Wert vor dem Treffer,Rueckzug,55,1,54,48.0,00,72,
boss_b_bot_p7,p0_s1_s1_cam02048,7,688,101,98,3,7,34,-4,Schlag,1,1/06/06/04b9d0,268,494,,,,umgeworfen (Aktion 0C),133,,,,,,160.88
boss_b_bot_p7,p0_s1_s1_cam02048,7,878,98,95,3,7,64,0,Schlag,1,1/06/04/04b886,190,190,,,,umgeworfen (Aktion 0C),131,,,,,,144.5
boss_b_bot_p7,p0_s1_s1_cam02048,7,1077,95,92,3,7,71,0,Schlag,1,1/06/04/04a6ca,199,199,,,,Zucken,27,,,,,,
boss_b_bot_p7,p0_s1_s1_cam02048,7,1109,92,89,3,7,77,0,Schlag,1,1/00/00/049efa,32,32,,,,Zucken,27,,,,,,
boss_b_bot_p7,p0_s1_s1_cam02048,7,1145,89,86,3,7,70,0,Schlag,1,1/00/00/049f48,36,36,,,,Zucken,27,,,,,,
boss_b_bot_p7,p0_s1_s1_cam02048,7,1177,86,83,3,7,70,0,Schlag,1,1/00/00/049efa,32,32,,,,Zucken,27,,,,,,
boss_b_bot_p7,p0_s1_s1_cam02048,7,1209,83,80,3,7,70,0,Schlag,1,1/00/00/049efa,32,32,,,,Zucken,27,,,,,,
boss_b_bot_p7,p0_s1_s1_cam02048,7,1241,80,77,3,7,70,0,Schlag,1,1/00/00/049efa,32,32,,,,Zucken,3,,,,,,
boss_b_bot_p7,p0_s1_s1_cam02048,7,1693,77,74,3,7,-74,4,Schlag,1,1/00/00/049f92,452,452,,,,Zucken,27,,,,,,
boss_b_bot_p7,p0_s1_s1_cam02048,7,1789,74,71,3,7,-70,2,Schlag,1,1/04/00/049ea4,96,96,1,74,Wert vor dem Treffer,Rueckzug,55,1,54,-48.0,00,72,
boss_b_bot_p7,p0_s1_s1_cam02048,7,1983,74,71,3,7,-71,1,Schlag,1,1/04/00/049ea4,194,290,,,,Zucken,27,,,,,,
boss_b_bot_p7,p0_s1_s1_cam02048,7,2015,71,68,3,7,-79,1,Schlag,1,1/00/00/049efa,32,32,,,,Zucken,27,,,,,,
boss_b_bot_p7,p0_s1_s1_cam02048,7,2052,68,65,3,7,-71,1,Schlag,1,1/00/00/049f48,37,37,,,,Zucken,27,,,,,,
boss_b_bot_p7,p0_s1_s1_cam02048,7,2084,65,62,3,7,-71,1,Schlag,1,1/00/00/049efa,32,32,,,,Zucken,27,,,,,,
boss_b_bot_p7,p0_s1_s1_cam02048,7,2116,62,59,3,7,-71,1,Schlag,1,1/06/00/049efa,32,32,,,,Zucken,27,,,,,,
boss_b_bot_p7,p0_s1_s1_cam02048,7,2148,59,56,3,7,-71,1,Schlag,1,1/00/00/049efa,32,32,,,,st1 akt06,1,,,,,,
boss_b_bot_p7,p0_s1_s1_cam02048,7,2333,56,53,3,7,64,-2,Schlag,1,1/00/00/04a06a,185,185,,,,Zucken,27,,,,,,
boss_b_bot_p7,p0_s1_s1_cam02048,7,2365,53,50,3,7,58,-5,Schlag,1,1/00/00/049efa,32,32,1,53,Wert vor dem Treffer,Rueckzug,55,1,54,48.0,00,72,
boss_b_bot_p7,p0_s1_s1_cam02048,7,2468,53,50,3,7,71,0,Schlag,1,1/06/04/04a6ca,103,135,,,,Zucken,27,,,,,,
boss_b_bot_p7,p0_s1_s1_cam02048,7,2500,50,47,3,7,63,-1,Schlag,1,1/00/00/049efa,32,32,,,,Zucken,27,,,,,,
boss_b_bot_p7,p0_s1_s1_cam02048,7,2532,47,44,3,7,57,-3,Schlag,1,1/00/00/049efa,32,32,,,,Zucken,27,,,,,,
boss_b_bot_p7,p0_s1_s1_cam02048,7,2564,44,41,3,7,51,-6,Schlag,1,1/00/00/049efa,32,32,1,44,Wert vor dem Treffer,Rueckzug,55,1,54,48.0,00,72,
boss_b_bot_p7,p0_s1_s1_cam02048,7,2650,44,41,3,7,72,-4,Schlag,1,1/00/00/049efa,86,118,,,,Zucken,27,,,,,,
boss_b_bot_p7,p0_s1_s1_cam02048,7,2722,41,38,3,7,71,-2,Schlag,1,1/04/00/049ea4,72,72,1,41,Wert vor dem Treffer,Rueckzug,55,1,54,46.0,00,72,
boss_b_bot_p7,p0_s1_s1_cam02048,7,2800,41,38,3,7,71,-2,Schlag,1,1/00/00/049f92,78,150,,,,Zucken,27,,,,,,
boss_b_bot_p7,p0_s1_s1_cam02048,7,2832,38,35,3,7,71,-2,Schlag,1,1/00/00/049efa,32,32,1,38,Wert vor dem Treffer,Rueckzug,55,1,54,0.0,00,72,
boss_b_bot_p7,p0_s1_s1_cam02048,7,2904,38,35,3,7,70,0,Schlag,1,1/06/02/049f92,72,104,,,,Zucken,27,,,,,,
boss_b_bot_p7,p0_s1_s1_cam02048,7,2936,35,32,3,7,70,0,Schlag,1,1/00/00/049efa,32,32,,,,Zucken,27,,,,,,
boss_b_bot_p7,p0_s1_s1_cam02048,7,2968,32,29,3,7,70,0,Schlag,1,1/00/00/049efa,32,32,,,,Zucken,27,,,,,,
boss_b_bot_p7,p0_s1_s1_cam02048,7,3000,29,26,3,7,70,0,Schlag,1,1/00/00/049efa,32,32,,,,Zucken,12,,,,,,
boss_b_bot_p7,p0_s1_s1_cam02048,7,3153,26,23,3,7,-50,1,Schlag,1,1/06/04/04a302,153,153,,,,Zucken,27,,,,,,
boss_b_bot_p7,p0_s1_s1_cam02048,7,3385,23,20,3,7,-70,-1,Schlag,1,1/06/04/04a6ca,232,232,,,,Zucken,27,,,,,,
boss_b_bot_p7,p0_s1_s1_cam02048,7,3417,20,17,3,7,-62,1,Schlag,1,1/00/00/049efa,32,32,,,,Zucken,27,,,,,,
boss_b_bot_p7,p0_s1_s1_cam02048,7,3449,17,14,3,7,-55,3,Schlag,1,1/00/00/049efa,32,32,,,,Zucken,27,,,,,,
boss_b_bot_p7,p0_s1_s1_cam02048,7,3734,14,11,3,7,59,-3,Schlag,1,1/06/08/04ba18,285,285,,,,st3 akt06,15,,,,,,
boss_b_bot_p7,p0_s1_s1_cam02048,7,4110,11,8,3,7,-71,0,Schlag,1,1/06/04/04a6ca,376,376,,,,Zucken,27,,,,,,
boss_b_bot_p7,p0_s1_s1_cam02048,7,4142,8,5,3,7,-63,-2,Schlag,1,1/00/00/049efa,32,32,,,,Zucken,27,,,,,,
boss_b_bot_p7,p0_s1_s1_cam02048,7,4174,5,2,3,7,-57,-5,Schlag,1,1/00/00/049efa,32,32,,,,Zucken,27,,,,,,
boss_b_bot_p7,p0_s1_s1_cam02048,7,4224,2,-1,3,7,-54,-1,Schlag,1,1/06/04/04b842,50,50,,,,Tod,,,,,,,
boss_b_bot_q7,boss_q_b,7,239,110,107,3,7,-71,1,Schlag,1,1/06/04/04a6ca,,,1,110,Wert vor dem Treffer,Rueckzug,55,1,54,-48.0,00,72,
boss_b_bot_q7,boss_q_b,7,415,110,107,3,7,-71,-1,Schlag,1,1/06/04/04a6ca,176,,,,,Zucken,27,,,,,,
boss_b_bot_q7,boss_q_b,7,447,107,104,3,7,-63,0,Schlag,1,1/00/00/049efa,32,32,,,,Zucken,27,,,,,,
boss_b_bot_q7,boss_q_b,7,479,104,101,3,7,-56,3,Schlag,1,1/00/00/049efa,32,32,,,,Zucken,27,,,,,,
boss_b_bot_q7,boss_q_b,7,524,101,98,3,7,-52,2,Schlag,1,1/00/00/049efa,45,45,,,,Zucken,27,,,,,,
boss_b_bot_q7,boss_q_b,7,574,98,95,3,7,-64,5,Schlag,1,1/00/00/049f92,50,50,,,,Zucken,27,,,,,,
boss_b_bot_q7,boss_q_b,7,684,95,92,3,7,-72,1,Schlag,1,1/06/04/04a67c,110,110,,,,Zucken,27,,,,,,
boss_b_bot_q7,boss_q_b,7,716,92,89,3,7,-79,1,Schlag,1,1/00/00/049efa,32,32,,,,Zucken,27,,,,,,
boss_b_bot_q7,boss_q_b,7,796,89,86,3,7,-72,1,Schlag,1,1/06/04/04a6ca,80,80,,,,Zucken,27,,,,,,
boss_b_bot_q7,boss_q_b,7,828,86,83,3,7,-79,1,Schlag,1,1/00/00/049efa,32,32,,,,Zucken,27,,,,,,
boss_b_bot_q7,boss_q_b,7,864,83,80,3,7,-72,1,Schlag,1,1/00/00/049f48,36,36,,,,Zucken,27,,,,,,
boss_b_bot_q7,boss_q_b,7,896,80,77,3,7,-72,1,Schlag,1,1/00/00/049efa,32,32,1,80,Wert vor dem Treffer,Rueckzug,55,1,54,0.0,00,72,
boss_b_bot_q7,boss_q_b,7,968,80,77,3,7,-72,1,Schlag,1,1/00/00/049f92,72,104,,,,Zucken,27,,,,,,
boss_b_bot_q7,boss_q_b,7,1000,77,74,3,7,-72,1,Schlag,1,1/00/00/049efa,32,32,,,,Zucken,8,,,,,,
boss_b_bot_q7,boss_q_b,7,1194,74,71,3,7,70,1,Schlag,1,1/06/04/04a6ca,194,194,,,,Zucken,27,,,,,,
boss_b_bot_q7,boss_q_b,7,1226,71,68,3,7,62,-1,Schlag,1,1/00/00/049efa,32,32,1,71,Wert vor dem Treffer,Rueckzug,55,1,54,48.0,00,72,
boss_b_bot_q7,boss_q_b,7,1335,71,68,3,7,72,-1,Schlag,1,1/06/04/04a6ca,109,141,,,,Zucken,27,,,,,,
boss_b_bot_q7,boss_q_b,7,1367,68,65,3,7,63,-1,Schlag,1,1/00/00/049efa,32,32,1,68,Wert vor dem Treffer,Rueckzug,55,1,54,48.0,00,72,
boss_b_bot_q7,boss_q_b,7,1445,68,65,3,7,56,-1,Schlag,1,1/04/00/049ea4,78,110,,,,Zucken,27,,,,,,
boss_b_bot_q7,boss_q_b,7,1477,65,62,3,7,50,-4,Schlag,1,1/00/00/049efa,32,32,,,,Zucken,27,,,,,,
boss_b_bot_q7,boss_q_b,7,1689,62,59,3,7,71,0,Schlag,1,1/06/04/04a6ca,212,212,,,,Zucken,27,,,,,,
boss_b_bot_q7,boss_q_b,7,1721,59,56,3,7,63,-1,Schlag,1,1/00/00/049efa,32,32,1,59,Wert vor dem Treffer,Rueckzug,55,1,54,48.0,00,72,
boss_b_bot_q7,boss_q_b,7,1853,59,56,3,7,71,-1,Schlag,1,1/04/00/049ea4,132,164,,,,Zucken,27,,,,,,
boss_b_bot_q7,boss_q_b,7,1885,56,53,3,7,79,-1,Schlag,1,1/00/00/049efa,32,32,1,56,Wert vor dem Treffer,Rueckzug,55,1,54,48.0,00,72,
boss_b_bot_q7,boss_q_b,7,1973,56,53,3,7,70,-1,Schlag,1,1/06/04/04a6ca,88,120,1,56,Wert vor dem Treffer,Rueckzug,55,1,54,1.0,00,72,
boss_b_bot_q7,boss_q_b,7,2045,56,53,3,7,71,-1,Schlag,1,1/04/00/049ea4,72,192,,,,Zucken,27,,,,,,
boss_b_bot_q7,boss_q_b,7,2077,53,50,3,7,71,-1,Schlag,1,1/00/00/049efa,32,32,,,,Zucken,27,,,,,,
boss_b_bot_q7,boss_q_b,7,2109,50,47,3,7,71,-1,Schlag,1,1/00/00/049efa,32,32,,,,Zucken,27,,,,,,
boss_b_bot_q7,boss_q_b,7,2141,47,44,3,7,71,-1,Schlag,1,1/00/00/049efa,32,32,,,,Zucken,27,,,,,,
boss_b_bot_q7,boss_q_b,7,2173,44,41,3,7,71,-1,Schlag,1,1/00/00/049efa,32,32,,,,Zucken,15,,,,,,
boss_b_bot_q7,boss_q_b,7,2318,41,38,3,7,-72,0,Schlag,1,1/06/04/04a6ca,145,145,,,,Zucken,27,,,,,,
boss_b_bot_q7,boss_q_b,7,2350,38,35,3,7,-64,-2,Schlag,1,1/00/00/049efa,32,32,1,38,Wert vor dem Treffer,Rueckzug,55,1,54,-48.0,00,72,
boss_b_bot_q7,boss_q_b,7,2461,38,35,3,7,-63,-1,Schlag,1,1/06/04/04b8d0,111,143,,,,umgeworfen (Aktion 0C),122,,,,,,-152.25
boss_b_bot_q7,boss_q_b,7,2623,35,32,3,7,-74,-1,Schlag,1,1/00/00/049efa,162,162,,,,Zucken,27,,,,,,
boss_b_bot_q7,boss_q_b,7,2662,32,29,3,7,-72,-1,Schlag,1,1/00/00/049f48,39,39,,,,Zucken,27,,,,,,
boss_b_bot_q7,boss_q_b,7,2694,29,26,3,7,-72,-1,Schlag,1,1/00/00/049efa,32,32,1,29,Wert vor dem Treffer,Rueckzug,55,1,54,0.0,00,72,
boss_b_bot_q7,boss_q_b,7,2766,29,26,3,7,-47,-1,Schlag,1,1/06/04/04b912,72,104,,,,umgeworfen (Aktion 0C),115,,,,,,-25.0
boss_b_bot_q7,boss_q_b,7,3064,26,23,3,7,71,1,Schlag,1,1/06/04/04a6ca,298,298,,,,Zucken,27,,,,,,
boss_b_bot_q7,boss_q_b,7,3096,23,20,3,7,63,0,Schlag,1,1/00/00/049efa,32,32,,,,Zucken,27,,,,,,
boss_b_bot_q7,boss_q_b,7,3128,20,17,3,7,55,-2,Schlag,1,1/00/00/049efa,32,32,,,,Zucken,27,,,,,,
boss_b_bot_q7,boss_q_b,7,3381,17,14,3,7,50,-1,Schlag,1,1/06/04/04a354,253,253,,,,Zucken,27,,,,,,
boss_b_bot_q7,boss_q_b,7,3629,14,11,3,7,71,1,Schlag,1,1/06/04/04a6ca,248,248,1,14,Wert vor dem Treffer,Rueckzug,55,1,54,48.0,00,72,
boss_b_bot_q7,boss_q_b,7,3768,14,11,3,7,46,4,Schlag,1,1/06/06/04b9d0,139,387,,,,umgeworfen (Aktion 0C),127,,,,,,156.0
boss_b_bot_q7,boss_q_b,7,3968,11,8,3,7,72,0,Schlag,1,1/06/04/04a6ca,200,200,,,,Zucken,27,,,,,,
boss_b_bot_q7,boss_q_b,7,4000,8,5,3,7,64,-1,Schlag,1,1/00/00/049efa,32,32,,,,Zucken,27,,,,,,
boss_b_bot_q7,boss_q_b,7,4032,5,2,3,7,56,-3,Schlag,1,1/00/00/049efa,32,32,,,,Zucken,27,,,,,,
boss_b_bot_q7,boss_q_b,7,4291,2,-1,3,7,56,-1,Schlag,1,1/06/04/04a26a,259,259,,,,Tod,,,,,,,
boss_b_bot_p9,p0_s1_s1_cam02048,9,130,110,107,3,9,71,0,Schlag,1,1/06/04/04a6ca,,,,,,Zucken,27,,,,,,
boss_b_bot_p9,p0_s1_s1_cam02048,9,162,107,104,3,9,62,-1,Schlag,1,1/00/00/049efa,32,32,,,,Zucken,27,,,,,,
boss_b_bot_p9,p0_s1_s1_cam02048,9,194,104,101,3,9,54,-2,Schlag,1,1/00/00/049efa,32,32,,,,Zucken,27,,,,,,
boss_b_bot_p9,p0_s1_s1_cam02048,9,420,101,98,3,9,70,0,Schlag,1,1/06/04/04a6ca,226,226,1,101,Wert vor dem Treffer,Rueckzug,55,1,54,48.0,00,72,
boss_b_bot_p9,p0_s1_s1_cam02048,9,688,101,98,3,9,34,-4,Schlag,1,1/06/06/04b9d0,268,494,,,,umgeworfen (Aktion 0C),133,,,,,,160.88
boss_b_bot_p9,p0_s1_s1_cam02048,9,878,98,95,3,9,64,0,Schlag,1,1/06/04/04b886,190,190,,,,umgeworfen (Aktion 0C),131,,,,,,144.5
boss_b_bot_p9,p0_s1_s1_cam02048,9,1077,95,92,3,9,71,0,Schlag,1,1/06/04/04a6ca,199,199,,,,Zucken,27,,,,,,
boss_b_bot_p9,p0_s1_s1_cam02048,9,1109,92,89,3,9,77,0,Schlag,1,1/00/00/049efa,32,32,,,,Zucken,27,,,,,,
boss_b_bot_p9,p0_s1_s1_cam02048,9,1145,89,86,3,9,70,0,Schlag,1,1/00/00/049f48,36,36,,,,Zucken,27,,,,,,
boss_b_bot_p9,p0_s1_s1_cam02048,9,1177,86,83,3,9,70,0,Schlag,1,1/00/00/049efa,32,32,,,,Zucken,27,,,,,,
boss_b_bot_p9,p0_s1_s1_cam02048,9,1209,83,80,3,9,70,0,Schlag,1,1/00/00/049efa,32,32,,,,Zucken,27,,,,,,
boss_b_bot_p9,p0_s1_s1_cam02048,9,1241,80,77,3,9,70,0,Schlag,1,1/00/00/049efa,32,32,,,,Zucken,3,,,,,,
boss_b_bot_p9,p0_s1_s1_cam02048,9,1693,77,74,3,9,-74,4,Schlag,1,1/00/00/049f92,452,452,,,,Zucken,27,,,,,,
boss_b_bot_p9,p0_s1_s1_cam02048,9,1789,74,71,3,9,-70,2,Schlag,1,1/04/00/049ea4,96,96,1,74,Wert vor dem Treffer,Rueckzug,55,1,54,-48.0,00,72,
boss_b_bot_p9,p0_s1_s1_cam02048,9,1983,74,71,3,9,-71,1,Schlag,1,1/04/00/049ea4,194,290,,,,Zucken,27,,,,,,
boss_b_bot_p9,p0_s1_s1_cam02048,9,2015,71,68,3,9,-79,1,Schlag,1,1/00/00/049efa,32,32,,,,Zucken,27,,,,,,
boss_b_bot_p9,p0_s1_s1_cam02048,9,2052,68,65,3,9,-71,1,Schlag,1,1/00/00/049f48,37,37,,,,Zucken,27,,,,,,
boss_b_bot_p9,p0_s1_s1_cam02048,9,2084,65,62,3,9,-71,1,Schlag,1,1/00/00/049efa,32,32,,,,Zucken,27,,,,,,
boss_b_bot_p9,p0_s1_s1_cam02048,9,2116,62,59,3,9,-71,1,Schlag,1,1/06/00/049efa,32,32,,,,Zucken,27,,,,,,
boss_b_bot_p9,p0_s1_s1_cam02048,9,2148,59,56,3,9,-71,1,Schlag,1,1/00/00/049efa,32,32,,,,st1 akt06,1,,,,,,
boss_b_bot_p9,p0_s1_s1_cam02048,9,2333,56,53,3,9,64,-2,Schlag,1,1/00/00/04a06a,185,185,,,,Zucken,27,,,,,,
boss_b_bot_p9,p0_s1_s1_cam02048,9,2365,53,50,3,9,58,-5,Schlag,1,1/00/00/049efa,32,32,1,53,Wert vor dem Treffer,Rueckzug,55,1,54,48.0,00,72,
boss_b_bot_p9,p0_s1_s1_cam02048,9,2468,53,50,3,9,71,0,Schlag,1,1/06/04/04a6ca,103,135,,,,Zucken,27,,,,,,
boss_b_bot_p9,p0_s1_s1_cam02048,9,2500,50,47,3,9,63,-1,Schlag,1,1/00/00/049efa,32,32,,,,Zucken,27,,,,,,
boss_b_bot_p9,p0_s1_s1_cam02048,9,2532,47,44,3,9,57,-3,Schlag,1,1/00/00/049efa,32,32,,,,Zucken,27,,,,,,
boss_b_bot_p9,p0_s1_s1_cam02048,9,2564,44,41,3,9,51,-6,Schlag,1,1/00/00/049efa,32,32,1,44,Wert vor dem Treffer,Rueckzug,55,1,54,48.0,00,72,
boss_b_bot_p9,p0_s1_s1_cam02048,9,2650,44,41,3,9,72,-4,Schlag,1,1/00/00/049efa,86,118,,,,Zucken,27,,,,,,
boss_b_bot_p9,p0_s1_s1_cam02048,9,2722,41,38,3,9,71,-2,Schlag,1,1/04/00/049ea4,72,72,1,41,Wert vor dem Treffer,Rueckzug,55,1,54,46.0,00,72,
boss_b_bot_p9,p0_s1_s1_cam02048,9,2800,41,38,3,9,71,-2,Schlag,1,1/00/00/049f92,78,150,,,,Zucken,27,,,,,,
boss_b_bot_p9,p0_s1_s1_cam02048,9,2832,38,35,3,9,71,-2,Schlag,1,1/00/00/049efa,32,32,1,38,Wert vor dem Treffer,Rueckzug,55,1,54,0.0,00,72,
boss_b_bot_p9,p0_s1_s1_cam02048,9,2904,38,35,3,9,70,0,Schlag,1,1/06/02/049f92,72,104,,,,Zucken,27,,,,,,
boss_b_bot_p9,p0_s1_s1_cam02048,9,2936,35,32,3,9,70,0,Schlag,1,1/00/00/049efa,32,32,,,,Zucken,27,,,,,,
boss_b_bot_p9,p0_s1_s1_cam02048,9,2968,32,29,3,9,70,0,Schlag,1,1/00/00/049efa,32,32,,,,Zucken,27,,,,,,
boss_b_bot_p9,p0_s1_s1_cam02048,9,3000,29,26,3,9,70,0,Schlag,1,1/00/00/049efa,32,32,,,,Zucken,12,,,,,,
boss_b_bot_p9,p0_s1_s1_cam02048,9,3153,26,23,3,9,-50,1,Schlag,1,1/06/04/04a302,153,153,,,,Zucken,27,,,,,,
boss_b_bot_p9,p0_s1_s1_cam02048,9,3385,23,20,3,9,-70,-1,Schlag,1,1/06/04/04a6ca,232,232,,,,Zucken,27,,,,,,
boss_b_bot_p9,p0_s1_s1_cam02048,9,3417,20,17,3,9,-62,1,Schlag,1,1/00/00/049efa,32,32,,,,Zucken,27,,,,,,
boss_b_bot_p9,p0_s1_s1_cam02048,9,3449,17,14,3,9,-55,3,Schlag,1,1/00/00/049efa,32,32,,,,Zucken,27,,,,,,
boss_b_bot_p9,p0_s1_s1_cam02048,9,3734,14,11,3,9,59,-3,Schlag,1,1/06/08/04ba18,285,285,,,,st3 akt06,15,,,,,,
boss_b_bot_p9,p0_s1_s1_cam02048,9,4110,11,8,3,9,-71,0,Schlag,1,1/06/04/04a6ca,376,376,,,,Zucken,27,,,,,,
boss_b_bot_p9,p0_s1_s1_cam02048,9,4142,8,5,3,9,-63,-2,Schlag,1,1/00/00/049efa,32,32,,,,Zucken,27,,,,,,
boss_b_bot_p9,p0_s1_s1_cam02048,9,4174,5,2,3,9,-57,-5,Schlag,1,1/00/00/049efa,32,32,1,5,Wert vor dem Treffer,Rueckzug,55,1,54,-48.0,00,72,
boss_b_bot_p9,p0_s1_s1_cam02048,9,4296,5,2,3,9,-71,0,Schlag,1,1/06/02/04a6ca,122,154,,,,Zucken,27,,,,,,
boss_b_bot_p9,p0_s1_s1_cam02048,9,4328,2,-1,3,9,-63,1,Schlag,1,1/00/00/049efa,32,32,,,,Tod,,,,,,,
boss_b_bot_q9,boss_q_b,9,239,110,107,3,9,-71,1,Schlag,1,1/06/04/04a6ca,,,1,110,Wert vor dem Treffer,Rueckzug,55,1,54,-48.0,00,72,
boss_b_bot_q9,boss_q_b,9,415,110,107,3,9,-71,-1,Schlag,1,1/06/04/04a6ca,176,,,,,Zucken,27,,,,,,
boss_b_bot_q9,boss_q_b,9,447,107,104,3,9,-63,0,Schlag,1,1/00/00/049efa,32,32,,,,Zucken,27,,,,,,
boss_b_bot_q9,boss_q_b,9,479,104,101,3,9,-56,3,Schlag,1,1/00/00/049efa,32,32,,,,Zucken,27,,,,,,
boss_b_bot_q9,boss_q_b,9,524,101,98,3,9,-52,2,Schlag,1,1/00/00/049efa,45,45,,,,Zucken,27,,,,,,
boss_b_bot_q9,boss_q_b,9,574,98,95,3,9,-64,5,Schlag,1,1/00/00/049f92,50,50,,,,Zucken,27,,,,,,
boss_b_bot_q9,boss_q_b,9,684,95,92,3,9,-72,1,Schlag,1,1/06/04/04a67c,110,110,,,,Zucken,27,,,,,,
boss_b_bot_q9,boss_q_b,9,716,92,89,3,9,-79,1,Schlag,1,1/00/00/049efa,32,32,1,92,Wert vor dem Treffer,Rueckzug,55,1,54,-48.0,00,72,
boss_b_bot_q9,boss_q_b,9,800,92,89,3,9,-72,1,Schlag,1,1/00/00/049fd6,84,116,1,92,Wert vor dem Treffer,Rueckzug,55,1,54,0.0,00,72,
boss_b_bot_q9,boss_q_b,9,872,92,89,3,9,-72,1,Schlag,1,1/00/00/049efa,72,188,,,,Zucken,27,,,,,,
boss_b_bot_q9,boss_q_b,9,904,89,86,3,9,-72,1,Schlag,1,1/00/00/049efa,32,32,,,,Zucken,27,,,,,,
boss_b_bot_q9,boss_q_b,9,936,86,83,3,9,-72,1,Schlag,1,1/00/00/049efa,32,32,,,,Zucken,27,,,,,,
boss_b_bot_q9,boss_q_b,9,968,83,80,3,9,-72,1,Schlag,1,1/00/00/049efa,32,32,,,,Zucken,27,,,,,,
boss_b_bot_q9,boss_q_b,9,1000,80,77,3,9,-72,1,Schlag,1,1/00/00/049efa,32,32,1,80,Wert vor dem Treffer,Rueckzug,55,1,54,0.0,00,72,
boss_b_bot_q9,boss_q_b,9,1072,80,77,3,9,-72,1,Schlag,1,1/00/00/049f92,72,104,,,,Zucken,2,,,,,,
boss_b_bot_q9,boss_q_b,9,1333,77,74,3,9,-62,-1,Schlag,1,1/00/00/049f92,261,261,,,,Zucken,27,,,,,,
boss_b_bot_q9,boss_q_b,9,1365,74,71,3,9,-53,0,Schlag,1,1/00/00/049efa,32,32,,,,Zucken,27,,,,,,
boss_b_bot_q9,boss_q_b,9,1924,71,68,3,9,64,1,Schlag,1,1/00/00/049f48,559,559,,,,Zucken,27,,,,,,
boss_b_bot_q9,boss_q_b,9,1956,68,65,3,9,56,1,Schlag,1,1/00/00/049efa,32,32,,,,Zucken,27,,,,,,
boss_b_bot_q9,boss_q_b,9,2008,65,62,3,9,53,-1,Schlag,1,1/04/00/049ea4,52,52,,,,Zucken,27,,,,,,
boss_b_bot_q9,boss_q_b,9,2060,62,59,3,9,72,0,Schlag,1,1/06/02/049fd6,52,52,,,,Zucken,27,,,,,,
boss_b_bot_q9,boss_q_b,9,2092,59,56,3,9,80,0,Schlag,1,1/00/00/049efa,32,32,,,,Zucken,27,,,,,,
boss_b_bot_q9,boss_q_b,9,2147,56,53,3,9,71,0,Schlag,1,1/00/00/049fd6,55,55,,,,Zucken,27,,,,,,
boss_b_bot_q9,boss_q_b,9,2179,53,50,3,9,71,0,Schlag,1,1/00/00/049efa,32,32,,,,Zucken,27,,,,,,
boss_b_bot_q9,boss_q_b,9,2211,50,47,3,9,71,0,Schlag,1,1/00/00/049efa,32,32,,,,Zucken,27,,,,,,
boss_b_bot_q9,boss_q_b,9,2243,47,44,3,9,71,0,Schlag,1,1/00/00/049efa,32,32,,,,Zucken,27,,,,,,
boss_b_bot_q9,boss_q_b,9,2474,44,41,3,9,-72,0,Schlag,1,1/06/04/04a6ca,231,231,1,44,Wert vor dem Treffer,Rueckzug,55,1,54,-48.0,00,72,
boss_b_bot_q9,boss_q_b,9,2537,44,41,3,9,-58,2,Schlag,1,1/00/00/049efa,63,294,,,,Zucken,27,,,,,,
boss_b_bot_q9,boss_q_b,9,2566,41,38,3,9,-55,3,Schlag,1,1/00/00/049efa,29,29,,,,Zucken,27,,,,,,
boss_b_bot_q9,boss_q_b,9,2827,38,35,3,9,-71,-1,Schlag,1,1/06/04/04a6ca,261,261,,,,Zucken,27,,,,,,
boss_b_bot_q9,boss_q_b,9,2859,35,32,3,9,-62,0,Schlag,1,1/00/00/049efa,32,32,,,,Zucken,27,,,,,,
boss_b_bot_q9,boss_q_b,9,2891,32,29,3,9,-55,2,Schlag,1,1/00/00/049efa,32,32,,,,Zucken,27,,,,,,
boss_b_bot_q9,boss_q_b,9,3155,29,26,3,9,-52,-1,Schlag,1,1/06/04/04a2be,264,264,,,,Zucken,27,,,,,,
boss_b_bot_q9,boss_q_b,9,3368,26,23,3,9,-72,0,Schlag,1,1/06/04/04a6ca,213,213,,,,Zucken,27,,,,,,
boss_b_bot_q9,boss_q_b,9,3400,23,20,3,9,-64,-1,Schlag,1,1/00/00/049efa,32,32,,,,Zucken,27,,,,,,
boss_b_bot_q9,boss_q_b,9,3432,20,17,3,9,-62,-2,Schlag,1,1/04/00/049ea4,32,32,1,20,Wert vor dem Treffer,Rueckzug,55,1,54,-48.0,00,72,
boss_b_bot_q9,boss_q_b,9,3523,20,17,3,9,-54,0,Schlag,1,1/06/04/04b912,91,123,,,,umgeworfen (Aktion 0C),114,,,,,,-153.12
boss_b_bot_q9,boss_q_b,9,3678,17,14,3,9,-56,0,Schlag,1,1/06/04/04b8d0,155,155,,,,umgeworfen (Aktion 0C),106,,,,,,-146.12
boss_b_bot_q9,boss_q_b,9,3805,14,11,3,9,-70,0,Schlag,1,1/00/00/049f92,127,127,,,,Zucken,27,,,,,,
boss_b_bot_q9,boss_q_b,9,3837,11,8,3,9,-70,0,Schlag,1,1/00/00/049efa,32,32,,,,Zucken,27,,,,,,
boss_b_bot_q9,boss_q_b,9,3869,8,5,3,9,-70,0,Schlag,1,1/00/00/049efa,32,32,,,,Zucken,27,,,,,,
boss_b_bot_q9,boss_q_b,9,3901,5,2,3,9,-70,0,Schlag,1,1/00/00/049efa,32,32,,,,Zucken,5,,,,,,
boss_b_bot_q9,boss_q_b,9,4031,2,-1,3,9,71,0,Schlag,1,1/06/04/04a6ca,130,130,,,,Tod,,,,,,,
boss_b_bot_p12,p0_s1_s1_cam02048,12,130,110,107,3,12,71,0,Schlag,1,1/06/04/04a6ca,,,,,,Zucken,27,,,,,,
boss_b_bot_p12,p0_s1_s1_cam02048,12,162,107,104,3,12,62,-1,Schlag,1,1/00/00/049efa,32,32,,,,Zucken,27,,,,,,
boss_b_bot_p12,p0_s1_s1_cam02048,12,194,104,101,3,12,54,-2,Schlag,1,1/00/00/049efa,32,32,,,,Zucken,27,,,,,,
boss_b_bot_p12,p0_s1_s1_cam02048,12,420,101,98,3,12,70,0,Schlag,1,1/06/04/04a6ca,226,226,1,101,Wert vor dem Treffer,Rueckzug,55,1,54,48.0,00,72,
boss_b_bot_p12,p0_s1_s1_cam02048,12,688,101,98,3,12,34,-4,Schlag,1,1/06/06/04b9d0,268,494,,,,umgeworfen (Aktion 0C),133,,,,,,160.88
boss_b_bot_p12,p0_s1_s1_cam02048,12,878,98,95,3,12,64,0,Schlag,1,1/06/04/04b886,190,190,,,,umgeworfen (Aktion 0C),131,,,,,,144.5
boss_b_bot_p12,p0_s1_s1_cam02048,12,1077,95,92,3,12,71,0,Schlag,1,1/06/04/04a6ca,199,199,,,,Zucken,27,,,,,,
boss_b_bot_p12,p0_s1_s1_cam02048,12,1109,92,89,3,12,77,0,Schlag,1,1/00/00/049efa,32,32,,,,Zucken,27,,,,,,
boss_b_bot_p12,p0_s1_s1_cam02048,12,1145,89,86,3,12,70,0,Schlag,1,1/00/00/049f48,36,36,,,,Zucken,27,,,,,,
boss_b_bot_p12,p0_s1_s1_cam02048,12,1177,86,83,3,12,70,0,Schlag,1,1/00/00/049efa,32,32,,,,Zucken,27,,,,,,
boss_b_bot_p12,p0_s1_s1_cam02048,12,1209,83,80,3,12,70,0,Schlag,1,1/00/00/049efa,32,32,,,,Zucken,27,,,,,,
boss_b_bot_p12,p0_s1_s1_cam02048,12,1241,80,77,3,12,70,0,Schlag,1,1/00/00/049efa,32,32,,,,Zucken,3,,,,,,
boss_b_bot_p12,p0_s1_s1_cam02048,12,1680,77,74,3,12,-53,1,Schlag,1,1/06/04/04a26a,439,439,,,,Zucken,27,,,,,,
boss_b_bot_p12,p0_s1_s1_cam02048,12,1910,74,71,3,12,-71,0,Schlag,1,1/06/04/04a6ca,230,230,,,,Zucken,27,,,,,,
boss_b_bot_p12,p0_s1_s1_cam02048,12,1942,71,68,3,12,-62,1,Schlag,1,1/00/00/049efa,32,32,,,,Zucken,27,,,,,,
boss_b_bot_p12,p0_s1_s1_cam02048,12,1974,68,65,3,12,-58,2,Schlag,1,1/04/00/049ea4,32,32,,,,Zucken,27,,,,,,
boss_b_bot_p12,p0_s1_s1_cam02048,12,2006,65,62,3,12,-51,4,Schlag,1,1/00/00/049efa,32,32,,,,Zucken,27,,,,,,
boss_b_bot_p12,p0_s1_s1_cam02048,12,2307,62,59,3,12,-51,-1,Schlag,1,1/06/04/04a2be,301,301,,,,Zucken,27,,,,,,
boss_b_bot_p12,p0_s1_s1_cam02048,12,2646,59,56,3,12,70,-1,Schlag,1,1/06/04/04a6ca,339,339,1,59,Wert vor dem Treffer,Rueckzug,55,1,54,48.0,00,72,
boss_b_bot_p12,p0_s1_s1_cam02048,12,2990,59,56,3,12,67,4,Schlag,1,1/00/00/049f48,344,683,,,,Zucken,27,,,,,,
boss_b_bot_p12,p0_s1_s1_cam02048,12,3063,56,53,3,12,70,1,Schlag,1,1/06/04/04a67c,73,73,,,,Zucken,27,,,,,,
boss_b_bot_p12,p0_s1_s1_cam02048,12,3095,53,50,3,12,79,1,Schlag,1,1/00/00/049efa,32,32,1,53,Wert vor dem Treffer,Rueckzug,55,1,54,48.0,00,72,
boss_b_bot_p12,p0_s1_s1_cam02048,12,3172,53,50,3,12,72,1,Schlag,1,1/04/00/049ea4,77,109,,,,Zucken,27,,,,,,
boss_b_bot_p12,p0_s1_s1_cam02048,12,3297,50,47,3,12,71,1,Schlag,1,1/00/00/049efa,125,125,1,50,Wert vor dem Treffer,Rueckzug,55,1,54,0.0,00,72,
boss_b_bot_p12,p0_s1_s1_cam02048,12,3369,50,47,3,12,71,1,Schlag,1,1/00/00/049f92,72,197,1,50,Wert vor dem Treffer,Rueckzug,55,1,54,0.0,00,72,
boss_b_bot_p12,p0_s1_s1_cam02048,12,3461,50,47,3,12,69,1,Schlag,1,1/06/04/04b842,92,289,,,,umgeworfen (Aktion 0C),68,,,,,,1.88
boss_b_bot_p12,p0_s1_s1_cam02048,12,3553,47,44,3,12,71,1,Schlag,1,1/00/00/049f92,92,92,,,,Zucken,9,,,,,,
boss_b_bot_p12,p0_s1_s1_cam02048,12,3685,44,41,3,12,-72,1,Schlag,1,1/06/04/04a6ca,132,132,,,,Zucken,27,,,,,,
boss_b_bot_p12,p0_s1_s1_cam02048,12,3717,41,38,3,12,-64,-1,Schlag,1,1/00/00/049efa,32,32,,,,Zucken,27,,,,,,
boss_b_bot_p12,p0_s1_s1_cam02048,12,3749,38,35,3,12,-57,-4,Schlag,1,1/00/00/049efa,32,32,,,,Zucken,27,,,,,,
boss_b_bot_p12,p0_s1_s1_cam02048,12,3795,35,32,3,12,-54,-1,Schlag,1,1/04/00/049ea4,46,46,,,,Zucken,27,,,,,,
boss_b_bot_p12,p0_s1_s1_cam02048,12,3846,32,29,3,12,-70,-5,Schlag,1,1/00/00/049f92,51,51,,,,Zucken,27,,,,,,
boss_b_bot_p12,p0_s1_s1_cam02048,12,3973,29,26,3,12,-71,-1,Schlag,1,1/04/00/049ea4,127,127,,,,Zucken,27,,,,,,
boss_b_bot_p12,p0_s1_s1_cam02048,12,4028,26,23,3,12,-58,-1,Schlag,1,1/06/04/04b912,55,55,,,,umgeworfen (Aktion 0C),123,,,,,,-109.0
boss_b_bot_p12,p0_s1_s1_cam02048,12,4175,23,20,3,12,-71,-1,Schlag,1,1/00/00/049f92,147,147,,,,Zucken,27,,,,,,
boss_b_bot_p12,p0_s1_s1_cam02048,12,4207,20,17,3,12,-71,-1,Schlag,1,1/00/00/049efa,32,32,,,,Zucken,27,,,,,,
boss_b_bot_p12,p0_s1_s1_cam02048,12,4239,17,14,3,12,-71,-1,Schlag,1,1/00/00/049efa,32,32,,,,Zucken,4,,,,,,
boss_b_bot_p12,p0_s1_s1_cam02048,12,4371,14,11,3,12,51,1,Schlag,1,1/06/04/04a2be,132,132,,,,Zucken,27,,,,,,
boss_b_bot_p12,p0_s1_s1_cam02048,12,4632,11,8,3,12,61,1,Schlag,1,1/06/06/04a3f6,261,261,,,,Zucken,27,,,,,,
boss_b_bot_p12,p0_s1_s1_cam02048,12,4664,8,5,3,12,52,0,Schlag,1,1/00/00/049efa,32,32,,,,Zucken,27,,,,,,
boss_b_bot_p12,p0_s1_s1_cam02048,12,4929,5,2,3,12,72,0,Schlag,1,1/06/04/04a6ca,265,265,1,5,Wert vor dem Treffer,Rueckzug,55,1,54,48.0,00,72,
boss_b_bot_p12,p0_s1_s1_cam02048,12,4992,5,2,3,12,57,-1,Schlag,1,1/00/00/049efa,63,328,,,,Zucken,27,,,,,,
boss_b_bot_p12,p0_s1_s1_cam02048,12,5021,2,-1,3,12,54,-1,Schlag,1,1/00/00/049efa,29,29,,,,Tod,,,,,,,
boss_b_bot_q12,boss_q_b,12,240,110,107,3,12,-72,0,Schlag,1,1/06/04/04a6ca,,,1,110,Wert vor dem Treffer,Rueckzug,55,1,54,-48.0,00,72,
boss_b_bot_q12,boss_q_b,12,320,110,107,3,12,-54,6,Schlag,1,1/00/00/049f48,80,,,,,Zucken,27,,,,,,
boss_b_bot_q12,boss_q_b,12,591,107,104,3,12,-71,0,Schlag,1,1/06/04/04a6ca,271,271,1,107,Wert vor dem Treffer,Rueckzug,55,1,54,-48.0,00,72,
boss_b_bot_q12,boss_q_b,12,697,107,104,3,12,-72,3,Schlag,1,1/00/00/049f48,106,377,,,,Zucken,27,,,,,,
boss_b_bot_q12,boss_q_b,12,811,104,101,3,12,-58,0,Schlag,1,1/00/00/049efa,114,114,,,,Zucken,27,,,,,,
boss_b_bot_q12,boss_q_b,12,843,101,98,3,12,-66,0,Schlag,1,1/00/00/049efa,32,32,,,,Zucken,27,,,,,,
boss_b_bot_q12,boss_q_b,12,875,98,95,3,12,-75,0,Schlag,1,1/00/00/049efa,32,32,,,,Zucken,27,,,,,,
boss_b_bot_q12,boss_q_b,12,946,95,92,3,12,-71,0,Schlag,1,1/06/04/04a67c,71,71,,,,Zucken,27,,,,,,
boss_b_bot_q12,boss_q_b,12,978,92,89,3,12,-72,0,Schlag,1,1/04/00/049ea4,32,32,1,92,Wert vor dem Treffer,Rueckzug,55,1,54,-48.0,00,72,
boss_b_bot_q12,boss_q_b,12,1059,92,89,3,12,-79,0,Schlag,1,1/00/00/049fd6,81,113,,,,Zucken,27,,,,,,
boss_b_bot_q12,boss_q_b,12,1147,89,86,3,12,-72,0,Schlag,1,1/04/00/049ea4,88,88,,,,Zucken,27,,,,,,
boss_b_bot_q12,boss_q_b,12,1218,86,83,3,12,-59,0,Schlag,1,1/06/04/04a26a,71,71,,,,Zucken,27,,,,,,
boss_b_bot_q12,boss_q_b,12,1250,83,80,3,12,-51,1,Schlag,1,1/00/00/049efa,32,32,,,,Zucken,27,,,,,,
boss_b_bot_q12,boss_q_b,12,1451,80,77,3,12,-71,2,Schlag,1,1/06/04/04a7c2,201,201,1,80,Wert vor dem Treffer,Rueckzug,55,1,54,-48.0,00,72,
boss_b_bot_q12,boss_q_b,12,1514,80,77,3,12,-70,-5,Schlag,1,1/00/00/049efa,63,264,,,,Zucken,27,,,,,,
boss_b_bot_q12,boss_q_b,12,1550,77,74,3,12,-79,-4,Schlag,1,1/00/00/049f48,36,36,,,,Zucken,27,,,,,,
boss_b_bot_q12,boss_q_b,12,1612,74,71,3,12,-71,-2,Schlag,1,1/04/00/049ea4,62,62,1,74,Wert vor dem Treffer,Rueckzug,55,1,54,-48.0,00,72,
boss_b_bot_q12,boss_q_b,12,1695,74,71,3,12,-71,-1,Schlag,1,1/06/04/04a71e,83,145,,,,Zucken,27,,,,,,
boss_b_bot_q12,boss_q_b,12,1727,71,68,3,12,-63,1,Schlag,1,1/00/00/049efa,32,32,1,71,Wert vor dem Treffer,Rueckzug,55,1,54,-36.0,00,72,
boss_b_bot_q12,boss_q_b,12,1812,71,68,3,12,-61,1,Schlag,1,1/04/00/049ea4,85,117,1,71,Wert vor dem Treffer,Rueckzug,55,1,54,-10.0,00,72,
boss_b_bot_q12,boss_q_b,12,1894,71,68,3,12,-69,0,Schlag,1,1/06/04/04b842,82,199,,,,umgeworfen (Aktion 0C),104,,,,,,-1.88
boss_b_bot_q12,boss_q_b,12,2024,68,65,3,12,-71,0,Schlag,1,1/04/00/049ea4,130,130,1,68,Wert vor dem Treffer,Rueckzug,55,1,54,0.0,00,72,
boss_b_bot_q12,boss_q_b,12,2234,68,65,3,12,52,-2,Schlag,1,1/06/04/04a2be,210,340,,,,Zucken,27,,,,,,
boss_b_bot_q12,boss_q_b,12,2455,65,62,3,12,71,0,Schlag,1,1/06/04/04a6ca,221,221,1,65,Wert vor dem Treffer,Rueckzug,55,1,54,48.0,00,72,
boss_b_bot_q12,boss_q_b,12,2746,65,62,3,12,54,-1,Schlag,1,1/06/04/04a302,291,512,,,,Zucken,27,,,,,,
boss_b_bot_q12,boss_q_b,12,3231,62,59,3,12,58,1,Schlag,1,1/06/04/04a354,485,485,,,,Zucken,27,,,,,,
boss_b_bot_q12,boss_q_b,12,3263,59,56,3,12,49,0,Schlag,1,1/00/00/049efa,32,32,,,,Zucken,27,,,,,,
boss_b_bot_q12,boss_q_b,12,3814,56,53,3,12,-71,-1,Schlag,1,1/06/04/04a6ca,551,551,,,,Zucken,27,,,,,,
boss_b_bot_q12,boss_q_b,12,3846,53,50,3,12,-63,0,Schlag,1,1/00/00/049efa,32,32,,,,Zucken,27,,,,,,
boss_b_bot_q12,boss_q_b,12,3878,50,47,3,12,-56,3,Schlag,1,1/00/00/049efa,32,32,,,,Zucken,27,,,,,,
boss_b_bot_q12,boss_q_b,12,3910,47,44,3,12,-51,6,Schlag,1,1/00/00/049efa,32,32,,,,Zucken,27,,,,,,
boss_b_bot_q12,boss_q_b,12,3965,44,41,3,12,-71,2,Schlag,1,1/00/00/049fd6,55,55,,,,Zucken,27,,,,,,
boss_b_bot_q12,boss_q_b,12,3997,41,38,3,12,-71,2,Schlag,1,1/04/00/049ea4,32,32,,,,Zucken,27,,,,,,
boss_b_bot_q12,boss_q_b,12,4104,38,35,3,12,-53,0,Schlag,1,1/06/08/04baa6,107,107,,,,Zucken,27,,,,,,
boss_b_bot_q12,boss_q_b,12,4217,35,32,3,12,-72,0,Schlag,1,1/04/00/049ea4,113,113,1,35,Wert vor dem Treffer,Rueckzug,55,1,54,-48.0,00,72,
boss_b_bot_q12,boss_q_b,12,4304,35,32,3,12,-78,0,Schlag,1,1/00/00/049fd6,87,200,,,,Zucken,27,,,,,,
boss_b_bot_q12,boss_q_b,12,4347,32,29,3,12,-71,0,Schlag,1,1/04/00/049ea4,43,43,1,32,Wert vor dem Treffer,Rueckzug,55,1,54,-48.0,00,72,
boss_b_bot_q12,boss_q_b,12,4410,32,29,3,12,-74,0,Schlag,1,1/00/00/049efa,63,106,,,,Zucken,27,,,,,,
boss_b_bot_q12,boss_q_b,12,4439,29,26,3,12,-74,0,Schlag,1,1/00/00/049efa,29,29,,,,Zucken,27,,,,,,
boss_b_bot_q12,boss_q_b,12,4471,26,23,3,12,-74,0,Schlag,1,1/00/00/049efa,32,32,,,,Zucken,27,,,,,,
boss_b_bot_q12,boss_q_b,12,4503,23,20,3,12,-74,0,Schlag,1,1/00/00/049efa,32,32,,,,Zucken,27,,,,,,
boss_b_bot_q12,boss_q_b,12,4535,20,17,3,12,-74,0,Schlag,1,1/00/00/049efa,32,32,,,,Zucken,27,,,,,,
boss_b_bot_q12,boss_q_b,12,4567,17,14,3,12,-74,0,Schlag,1,1/00/00/049efa,32,32,,,,Zucken,15,,,,,,
boss_b_bot_q12,boss_q_b,12,4688,14,11,3,12,72,1,Schlag,1,1/06/04/04a6ca,121,121,,,,Zucken,27,,,,,,
boss_b_bot_q12,boss_q_b,12,4720,11,8,3,12,64,0,Schlag,1,1/00/00/049efa,32,32,,,,Zucken,27,,,,,,
boss_b_bot_q12,boss_q_b,12,4752,8,5,3,12,57,-3,Schlag,1,1/00/00/049efa,32,32,,,,Zucken,27,,,,,,
boss_b_bot_q12,boss_q_b,12,4811,5,2,3,12,69,-5,Schlag,1,1/00/00/049fd6,59,59,,,,Zucken,27,,,,,,
boss_b_bot_q12,boss_q_b,12,4863,2,-1,3,12,60,0,Schlag,1,1/06/04/04b886,52,52,,,,Tod,,,,,,,
boss_b_bot_p16,p0_s1_s1_cam02048,16,130,110,107,3,16,71,0,Schlag,1,1/06/04/04a6ca,,,,,,Zucken,27,,,,,,
boss_b_bot_p16,p0_s1_s1_cam02048,16,162,107,104,3,16,62,-1,Schlag,1,1/00/00/049efa,32,32,,,,Zucken,27,,,,,,
boss_b_bot_p16,p0_s1_s1_cam02048,16,194,104,101,3,16,54,-2,Schlag,1,1/00/00/049efa,32,32,,,,Zucken,27,,,,,,
boss_b_bot_p16,p0_s1_s1_cam02048,16,420,101,98,3,16,70,0,Schlag,1,1/06/04/04a6ca,226,226,1,101,Wert vor dem Treffer,Rueckzug,55,1,54,48.0,00,72,
boss_b_bot_p16,p0_s1_s1_cam02048,16,688,101,98,3,16,34,-4,Schlag,1,1/06/06/04b9d0,268,494,,,,umgeworfen (Aktion 0C),133,,,,,,160.88
boss_b_bot_p16,p0_s1_s1_cam02048,16,878,98,95,3,16,64,0,Schlag,1,1/06/04/04b886,190,190,,,,umgeworfen (Aktion 0C),131,,,,,,144.5
boss_b_bot_p16,p0_s1_s1_cam02048,16,1077,95,92,3,16,71,0,Schlag,1,1/06/04/04a6ca,199,199,,,,Zucken,27,,,,,,
boss_b_bot_p16,p0_s1_s1_cam02048,16,1109,92,89,3,16,77,0,Schlag,1,1/00/00/049efa,32,32,,,,Zucken,27,,,,,,
boss_b_bot_p16,p0_s1_s1_cam02048,16,1145,89,86,3,16,70,0,Schlag,1,1/00/00/049f48,36,36,,,,Zucken,27,,,,,,
boss_b_bot_p16,p0_s1_s1_cam02048,16,1177,86,83,3,16,70,0,Schlag,1,1/00/00/049efa,32,32,,,,Zucken,27,,,,,,
boss_b_bot_p16,p0_s1_s1_cam02048,16,1209,83,80,3,16,70,0,Schlag,1,1/00/00/049efa,32,32,,,,Zucken,27,,,,,,
boss_b_bot_p16,p0_s1_s1_cam02048,16,1241,80,77,3,16,70,0,Schlag,1,1/00/00/049efa,32,32,,,,Zucken,3,,,,,,
boss_b_bot_p16,p0_s1_s1_cam02048,16,1680,77,74,3,16,-53,1,Schlag,1,1/06/04/04a26a,439,439,,,,Zucken,27,,,,,,
boss_b_bot_p16,p0_s1_s1_cam02048,16,1910,74,71,3,16,-71,0,Schlag,1,1/06/04/04a6ca,230,230,,,,Zucken,27,,,,,,
boss_b_bot_p16,p0_s1_s1_cam02048,16,1942,71,68,3,16,-62,1,Schlag,1,1/00/00/049efa,32,32,,,,Zucken,27,,,,,,
boss_b_bot_p16,p0_s1_s1_cam02048,16,1974,68,65,3,16,-58,2,Schlag,1,1/04/00/049ea4,32,32,,,,Zucken,27,,,,,,
boss_b_bot_p16,p0_s1_s1_cam02048,16,2006,65,62,3,16,-51,4,Schlag,1,1/00/00/049efa,32,32,,,,Zucken,27,,,,,,
boss_b_bot_p16,p0_s1_s1_cam02048,16,2307,62,59,3,16,-51,-1,Schlag,1,1/06/04/04a2be,301,301,,,,Zucken,27,,,,,,
boss_b_bot_p16,p0_s1_s1_cam02048,16,2628,59,56,3,16,56,-1,Schlag,1,1/06/04/04a354,321,321,,,,Zucken,27,,,,,,
boss_b_bot_p16,p0_s1_s1_cam02048,16,2660,56,53,3,16,48,-1,Schlag,1,1/00/00/049efa,32,32,1,56,Wert vor dem Treffer,Rueckzug,55,1,54,48.0,00,72,
boss_b_bot_p16,p0_s1_s1_cam02048,16,2747,56,53,3,16,54,-1,Schlag,1,1/04/00/049ea4,87,119,1,56,Wert vor dem Treffer,Rueckzug,55,1,54,48.0,00,72,
boss_b_bot_p16,p0_s1_s1_cam02048,16,2837,56,53,3,16,72,-1,Schlag,1,1/06/04/04a6ca,90,209,1,56,Wert vor dem Treffer,Rueckzug,55,1,54,48.0,00,72,
boss_b_bot_p16,p0_s1_s1_cam02048,16,2900,56,53,3,16,57,-1,Schlag,1,1/00/00/049efa,63,272,1,56,Wert vor dem Treffer,Rueckzug,55,1,54,18.0,00,72,
boss_b_bot_p16,p0_s1_s1_cam02048,16,2972,56,53,3,16,65,-1,Schlag,1,1/04/00/049ea4,72,344,,,,Zucken,27,,,,,,
boss_b_bot_p16,p0_s1_s1_cam02048,16,3004,53,50,3,16,60,-5,Schlag,1,1/00/00/049efa,32,32,,,,Zucken,27,,,,,,
boss_b_bot_p16,p0_s1_s1_cam02048,16,3056,50,47,3,16,72,-3,Schlag,1,1/00/00/049fd6,52,52,,,,Zucken,27,,,,,,
boss_b_bot_p16,p0_s1_s1_cam02048,16,3088,47,44,3,16,79,-4,Schlag,1,1/00/00/049efa,32,32,,,,Zucken,27,,,,,,
boss_b_bot_p16,p0_s1_s1_cam02048,16,3129,44,41,3,16,70,-2,Schlag,1,1/00/00/049f48,41,41,,,,Zucken,7,,,,,,
boss_b_bot_p16,p0_s1_s1_cam02048,16,3279,41,38,3,16,-52,1,Schlag,1,1/06/04/04a302,150,150,,,,Zucken,27,,,,,,
boss_b_bot_p16,p0_s1_s1_cam02048,16,3498,38,35,3,16,-55,1,Schlag,1,1/06/04/04a354,219,219,,,,Zucken,27,,,,,,
boss_b_bot_p16,p0_s1_s1_cam02048,16,3788,35,32,3,16,-71,0,Schlag,1,1/06/04/04a6ca,290,290,1,35,Wert vor dem Treffer,Rueckzug,55,1,54,-48.0,00,72,
boss_b_bot_p16,p0_s1_s1_cam02048,16,3900,35,32,3,16,-71,1,Schlag,1,1/06/04/04a6ca,112,402,,,,Zucken,27,,,,,,
boss_b_bot_p16,p0_s1_s1_cam02048,16,3932,32,29,3,16,-79,1,Schlag,1,1/00/00/049efa,32,32,1,32,Wert vor dem Treffer,Rueckzug,55,1,54,-48.0,00,72,
boss_b_bot_p16,p0_s1_s1_cam02048,16,4033,32,29,3,16,-72,1,Schlag,1,1/04/00/049ea4,101,133,1,32,Wert vor dem Treffer,Rueckzug,55,1,54,-48.0,00,72,
boss_b_bot_p16,p0_s1_s1_cam02048,16,4099,32,29,3,16,-73,1,Schlag,1,1/06/04/04a67c,66,199,,,,Zucken,27,,,,,,
boss_b_bot_p16,p0_s1_s1_cam02048,16,4182,29,26,3,16,-61,0,Schlag,1,1/06/04/04b886,83,83,,,,umgeworfen (Aktion 0C),114,,,,,,-9.62
boss_b_bot_p16,p0_s1_s1_cam02048,16,4314,26,23,3,16,-71,0,Schlag,1,1/00/00/049f92,132,132,,,,Zucken,4,,,,,,
boss_b_bot_p16,p0_s1_s1_cam02048,16,4463,23,20,3,16,53,1,Schlag,1,1/06/04/04a2be,149,149,,,,Zucken,27,,,,,,
boss_b_bot_p16,p0_s1_s1_cam02048,16,4717,20,17,3,16,56,2,Schlag,1,1/06/04/04a354,254,254,,,,Zucken,27,,,,,,
boss_b_bot_p16,p0_s1_s1_cam02048,16,4780,17,14,3,16,55,-6,Schlag,1,1/00/00/04a022,63,63,1,17,Wert vor dem Treffer,Rueckzug,55,1,54,48.0,00,72,
boss_b_bot_p16,p0_s1_s1_cam02048,16,4872,17,14,3,16,71,0,Schlag,1,1/06/04/04a6ca,92,155,,,,Zucken,27,,,,,,
boss_b_bot_p16,p0_s1_s1_cam02048,16,4904,14,11,3,16,63,-2,Schlag,1,1/00/00/049efa,32,32,1,14,Wert vor dem Treffer,Rueckzug,55,1,54,48.0,00,72,
boss_b_bot_p16,p0_s1_s1_cam02048,16,5047,14,11,3,16,71,-1,Schlag,1,1/04/00/049ea4,143,175,,,,Zucken,27,,,,,,
boss_b_bot_p16,p0_s1_s1_cam02048,16,5079,11,8,3,16,77,-1,Schlag,1,1/06/00/049efa,32,32,,,,Zucken,27,,,,,,
boss_b_bot_p16,p0_s1_s1_cam02048,16,5143,8,5,3,16,65,-1,Schlag,1,1/06/04/04b886,64,64,,,,umgeworfen (Aktion 0C),112,,,,,,81.38
boss_b_bot_p16,p0_s1_s1_cam02048,16,5278,5,2,3,16,72,-1,Schlag,1,1/00/00/049efa,135,135,1,5,Wert vor dem Treffer,Rueckzug,55,1,54,0.0,00,72,
boss_b_bot_p16,p0_s1_s1_cam02048,16,5350,5,2,3,16,72,-1,Schlag,1,1/00/00/049f92,72,207,,,,Zucken,27,,,,,,
boss_b_bot_p16,p0_s1_s1_cam02048,16,5382,2,-1,3,16,72,-1,Schlag,1,1/00/00/049efa,32,32,,,,Tod,,,,,,,
boss_b_bot_q16,boss_q_b,16,240,110,107,3,16,-72,0,Schlag,1,1/06/04/04a6ca,,,1,110,Wert vor dem Treffer,Rueckzug,55,1,54,-48.0,00,72,
boss_b_bot_q16,boss_q_b,16,320,110,107,3,16,-54,6,Schlag,1,1/00/00/049f48,80,,,,,Zucken,27,,,,,,
boss_b_bot_q16,boss_q_b,16,591,107,104,3,16,-71,0,Schlag,1,1/06/04/04a6ca,271,271,1,107,Wert vor dem Treffer,Rueckzug,55,1,54,-48.0,00,72,
boss_b_bot_q16,boss_q_b,16,697,107,104,3,16,-72,3,Schlag,1,1/00/00/049f48,106,377,,,,Zucken,27,,,,,,
boss_b_bot_q16,boss_q_b,16,811,104,101,3,16,-58,0,Schlag,1,1/00/00/049efa,114,114,,,,Zucken,27,,,,,,
boss_b_bot_q16,boss_q_b,16,843,101,98,3,16,-66,0,Schlag,1,1/00/00/049efa,32,32,,,,Zucken,27,,,,,,
boss_b_bot_q16,boss_q_b,16,875,98,95,3,16,-75,0,Schlag,1,1/00/00/049efa,32,32,,,,Zucken,27,,,,,,
boss_b_bot_q16,boss_q_b,16,946,95,92,3,16,-71,0,Schlag,1,1/06/04/04a67c,71,71,,,,Zucken,27,,,,,,
boss_b_bot_q16,boss_q_b,16,978,92,89,3,16,-72,0,Schlag,1,1/04/00/049ea4,32,32,1,92,Wert vor dem Treffer,Rueckzug,55,1,54,-48.0,00,72,
boss_b_bot_q16,boss_q_b,16,1059,92,89,3,16,-79,0,Schlag,1,1/00/00/049fd6,81,113,,,,Zucken,27,,,,,,
boss_b_bot_q16,boss_q_b,16,1118,89,86,3,16,-70,0,Schlag,1,1/06/04/04a6ca,59,59,1,89,Wert vor dem Treffer,Rueckzug,55,1,54,-48.0,00,72,
boss_b_bot_q16,boss_q_b,16,1241,89,86,3,16,-71,0,Schlag,1,1/00/00/049f92,123,182,,,,Zucken,27,,,,,,
boss_b_bot_q16,boss_q_b,16,1273,86,83,3,16,-71,0,Schlag,1,1/04/00/049ea4,32,32,,,,Zucken,27,,,,,,
boss_b_bot_q16,boss_q_b,16,1305,83,80,3,16,-71,0,Schlag,1,1/00/00/049efa,32,32,,,,Zucken,27,,,,,,
boss_b_bot_q16,boss_q_b,16,1337,80,77,3,16,-71,0,Schlag,1,1/00/00/049efa,32,32,1,80,Wert vor dem Treffer,Rueckzug,55,1,54,0.0,00,72,
boss_b_bot_q16,boss_q_b,16,1409,80,77,3,16,-71,0,Schlag,1,1/00/00/049f48,72,104,,,,Zucken,27,,,,,,
boss_b_bot_q16,boss_q_b,16,1699,77,74,3,16,-65,2,Schlag,1,1/00/00/049f48,290,290,1,77,Wert vor dem Treffer,Rueckzug,55,1,54,-48.0,00,72,
boss_b_bot_q16,boss_q_b,16,1787,77,74,3,16,-74,1,Schlag,1,1/04/00/049ea4,88,378,,,,Zucken,27,,,,,,
boss_b_bot_q16,boss_q_b,16,1867,74,71,3,16,-71,1,Schlag,1,1/00/00/049efa,80,80,,,,Zucken,27,,,,,,
boss_b_bot_q16,boss_q_b,16,1899,71,68,3,16,-71,1,Schlag,1,1/06/02/049efa,32,32,1,71,Wert vor dem Treffer,Rueckzug,55,1,54,0.0,00,72,
boss_b_bot_q16,boss_q_b,16,1971,71,68,3,16,-71,1,Schlag,1,1/00/00/049f92,72,104,,,,Zucken,27,,,,,,
boss_b_bot_q16,boss_q_b,16,2003,68,65,3,16,-71,1,Schlag,1,1/00/00/049efa,32,32,1,68,Wert vor dem Treffer,Rueckzug,55,1,54,0.0,00,72,
boss_b_bot_q16,boss_q_b,16,2075,68,65,3,16,-71,1,Schlag,1,1/00/00/049efa,72,104,1,68,Wert vor dem Treffer,Rueckzug,55,1,54,0.0,00,72,
boss_b_bot_q16,boss_q_b,16,2147,68,65,3,16,-71,1,Schlag,1,1/00/00/049f92,72,176,,,,Zucken,27,,,,,,
boss_b_bot_q16,boss_q_b,16,2179,65,62,3,16,-71,1,Schlag,1,1/00/00/049efa,32,32,,,,Zucken,2,,,,,,
boss_b_bot_q16,boss_q_b,16,2368,62,59,3,16,52,3,Schlag,1,1/06/04/04a2be,189,189,,,,Zucken,27,,,,,,
boss_b_bot_q16,boss_q_b,16,2841,59,56,3,16,-71,-1,Schlag,1,1/06/04/04a6ca,473,473,,,,Zucken,27,,,,,,
boss_b_bot_q16,boss_q_b,16,2873,56,53,3,16,-63,1,Schlag,1,1/00/00/049efa,32,32,,,,Zucken,27,,,,,,
boss_b_bot_q16,boss_q_b,16,2905,53,50,3,16,-56,3,Schlag,1,1/00/00/049efa,32,32,,,,Zucken,27,,,,,,
boss_b_bot_q16,boss_q_b,16,3309,50,47,3,16,-55,-1,Schlag,1,1/06/04/04a302,404,404,,,,Zucken,27,,,,,,
boss_b_bot_q16,boss_q_b,16,3382,47,44,3,16,-73,3,Schlag,1,1/00/00/04a06a,73,73,,,,Zucken,27,,,,,,
boss_b_bot_q16,boss_q_b,16,3421,44,41,3,16,-71,1,Schlag,1,1/06/04/04a6ca,39,39,,,,Zucken,27,,,,,,
boss_b_bot_q16,boss_q_b,16,3521,41,38,3,16,-63,1,Schlag,1,1/06/04/04a26a,100,100,,,,Zucken,27,,,,,,
boss_b_bot_q16,boss_q_b,16,3553,38,35,3,16,-55,1,Schlag,1,1/00/00/049efa,32,32,,,,Zucken,27,,,,,,
boss_b_bot_q16,boss_q_b,16,3781,35,32,3,16,-71,0,Schlag,1,1/06/04/04a6ca,228,228,1,35,Wert vor dem Treffer,Rueckzug,55,1,54,-48.0,00,72,
boss_b_bot_q16,boss_q_b,16,3884,35,32,3,16,-67,1,Schlag,1,1/04/00/049ea4,103,331,1,35,Wert vor dem Treffer,Rueckzug,55,1,54,-48.0,00,72,
boss_b_bot_q16,boss_q_b,16,4019,35,32,3,16,-71,1,Schlag,1,1/06/04/04a6ca,135,466,,,,Zucken,27,,,,,,
boss_b_bot_q16,boss_q_b,16,4126,32,29,3,16,-72,1,Schlag,1,1/04/00/049ea4,107,107,1,32,Wert vor dem Treffer,Rueckzug,55,1,54,-48.0,00,72,
boss_b_bot_q16,boss_q_b,16,4225,32,29,3,16,-71,1,Schlag,1,1/06/00/04a06a,99,206,1,32,Wert vor dem Treffer,Rueckzug,55,1,54,0.0,00,72,
boss_b_bot_q16,boss_q_b,16,4297,32,29,3,16,-71,1,Schlag,1,1/00/00/049f48,72,278,1,32,Wert vor dem Treffer,Rueckzug,55,1,54,0.0,00,72,
boss_b_bot_q16,boss_q_b,16,4369,32,29,3,16,-71,1,Schlag,1,1/00/00/049f92,72,350,,,,Zucken,27,,,,,,
boss_b_bot_q16,boss_q_b,16,4401,29,26,3,16,-71,1,Schlag,1,1/04/00/049ea4,32,32,,,,Zucken,27,,,,,,
boss_b_bot_q16,boss_q_b,16,4433,26,23,3,16,-71,1,Schlag,1,1/00/00/049efa,32,32,,,,Zucken,27,,,,,,
boss_b_bot_q16,boss_q_b,16,4465,23,20,3,16,-71,1,Schlag,1,1/00/00/049efa,32,32,,,,Zucken,9,,,,,,
boss_b_bot_q16,boss_q_b,16,4586,20,17,3,16,56,-1,Schlag,1,1/06/04/04a302,121,121,,,,Zucken,27,,,,,,
boss_b_bot_q16,boss_q_b,16,4618,17,14,3,16,49,-2,Schlag,1,1/00/00/049efa,32,32,,,,Zucken,27,,,,,,
boss_b_bot_q16,boss_q_b,16,4863,14,11,3,16,58,1,Schlag,1,1/06/06/04a3f6,245,245,,,,Zucken,27,,,,,,
boss_b_bot_q16,boss_q_b,16,4895,11,8,3,16,50,1,Schlag,1,1/00/00/049efa,32,32,,,,Zucken,27,,,,,,
boss_b_bot_q16,boss_q_b,16,5179,8,5,3,16,70,-1,Schlag,1,1/06/04/04a6ca,284,284,1,8,Wert vor dem Treffer,Rueckzug,55,1,54,48.0,00,72,
boss_b_bot_q16,boss_q_b,16,5481,8,5,3,16,-39,-4,Schlag,1,1/06/06/04b9d0,302,586,,,,umgeworfen (Aktion 0C),112,,,,,,-158.88
boss_b_bot_q16,boss_q_b,16,5651,5,2,3,16,-76,-1,Schlag,1,1/00/00/049efa,170,170,,,,Zucken,27,,,,,,
boss_b_bot_q16,boss_q_b,16,5698,2,-1,3,16,-71,-1,Schlag,1,1/06/04/04a6ca,47,47,,,,Tod,,,,,,,
boss_b_bot_p20,p0_s1_s1_cam02048,20,130,110,107,3,20,71,0,Schlag,1,1/06/04/04a6ca,,,,,,Zucken,27,,,,,,
boss_b_bot_p20,p0_s1_s1_cam02048,20,162,107,104,3,20,62,-1,Schlag,1,1/00/00/049efa,32,32,,,,Zucken,27,,,,,,
boss_b_bot_p20,p0_s1_s1_cam02048,20,194,104,101,3,20,54,-2,Schlag,1,1/00/00/049efa,32,32,,,,Zucken,27,,,,,,
boss_b_bot_p20,p0_s1_s1_cam02048,20,420,101,98,3,20,70,0,Schlag,1,1/06/04/04a6ca,226,226,1,101,Wert vor dem Treffer,Rueckzug,55,1,54,48.0,00,72,
boss_b_bot_p20,p0_s1_s1_cam02048,20,688,101,98,3,20,34,-4,Schlag,1,1/06/06/04b9d0,268,494,,,,umgeworfen (Aktion 0C),133,,,,,,160.88
boss_b_bot_p20,p0_s1_s1_cam02048,20,878,98,95,3,20,64,0,Schlag,1,1/06/04/04b886,190,190,,,,umgeworfen (Aktion 0C),131,,,,,,144.5
boss_b_bot_p20,p0_s1_s1_cam02048,20,1077,95,92,3,20,71,0,Schlag,1,1/06/04/04a6ca,199,199,,,,Zucken,27,,,,,,
boss_b_bot_p20,p0_s1_s1_cam02048,20,1109,92,89,3,20,77,0,Schlag,1,1/00/00/049efa,32,32,,,,Zucken,27,,,,,,
boss_b_bot_p20,p0_s1_s1_cam02048,20,1145,89,86,3,20,70,0,Schlag,1,1/00/00/049f48,36,36,,,,Zucken,27,,,,,,
boss_b_bot_p20,p0_s1_s1_cam02048,20,1177,86,83,3,20,70,0,Schlag,1,1/00/00/049efa,32,32,,,,Zucken,27,,,,,,
boss_b_bot_p20,p0_s1_s1_cam02048,20,1209,83,80,3,20,70,0,Schlag,1,1/00/00/049efa,32,32,,,,Zucken,27,,,,,,
boss_b_bot_p20,p0_s1_s1_cam02048,20,1241,80,77,3,20,70,0,Schlag,1,1/00/00/049efa,32,32,,,,Zucken,3,,,,,,
boss_b_bot_p20,p0_s1_s1_cam02048,20,1624,77,74,3,20,-53,-1,Schlag,1,1/06/04/04a302,383,383,,,,Zucken,27,,,,,,
boss_b_bot_p20,p0_s1_s1_cam02048,20,1856,74,71,3,20,-52,1,Schlag,1,1/06/04/04a2be,232,232,,,,Zucken,27,,,,,,
boss_b_bot_p20,p0_s1_s1_cam02048,20,2093,71,68,3,20,-52,-1,Schlag,1,1/06/04/04a2be,237,237,,,,Zucken,27,,,,,,
boss_b_bot_p20,p0_s1_s1_cam02048,20,2424,68,65,3,20,52,-1,Schlag,1,1/06/04/04a302,331,331,1,68,Wert vor dem Treffer,Rueckzug,55,1,54,48.0,00,72,
boss_b_bot_p20,p0_s1_s1_cam02048,20,2786,68,65,3,20,55,2,Schlag,1,1/06/04/04a2be,362,693,,,,Zucken,27,,,,,,
boss_b_bot_p20,p0_s1_s1_cam02048,20,2844,65,62,3,20,54,-1,Schlag,1,1/04/00/049ea4,58,58,,,,Zucken,27,,,,,,
boss_b_bot_p20,p0_s1_s1_cam02048,20,2894,62,59,3,20,65,-5,Schlag,1,1/00/00/049f92,50,50,,,,Zucken,27,,,,,,
boss_b_bot_p20,p0_s1_s1_cam02048,20,2931,59,56,3,20,80,-1,Schlag,1,1/00/00/049f48,37,37,1,59,Wert vor dem Treffer,Rueckzug,55,1,54,48.0,00,72,
boss_b_bot_p20,p0_s1_s1_cam02048,20,3025,59,56,3,20,71,-1,Schlag,1,1/00/00/04a022,94,131,,,,Zucken,27,,,,,,
boss_b_bot_p20,p0_s1_s1_cam02048,20,3057,56,53,3,20,71,-1,Schlag,1,1/00/00/049efa,32,32,,,,Zucken,27,,,,,,
boss_b_bot_p20,p0_s1_s1_cam02048,20,3089,53,50,3,20,71,-1,Schlag,1,1/04/00/049ea4,32,32,1,53,Wert vor dem Treffer,Rueckzug,55,1,54,0.0,00,72,
boss_b_bot_p20,p0_s1_s1_cam02048,20,3161,53,50,3,20,71,0,Schlag,1,1/06/02/049f92,72,104,,,,Zucken,27,,,,,,
boss_b_bot_p20,p0_s1_s1_cam02048,20,3193,50,47,3,20,71,0,Schlag,1,1/00/00/049efa,32,32,,,,Zucken,27,,,,,,
boss_b_bot_p20,p0_s1_s1_cam02048,20,3225,47,44,3,20,71,0,Schlag,1,1/00/00/049efa,32,32,1,47,Wert vor dem Treffer,Rueckzug,55,1,54,0.0,00,72,
boss_b_bot_p20,p0_s1_s1_cam02048,20,3297,47,44,3,20,71,0,Schlag,1,1/00/00/049f92,72,104,,,,Zucken,2,,,,,,
boss_b_bot_p20,p0_s1_s1_cam02048,20,3425,44,41,3,20,-51,1,Schlag,1,1/06/04/04a2be,128,128,1,44,Wert vor dem Treffer,Rueckzug,55,1,54,-48.0,00,72,
boss_b_bot_p20,p0_s1_s1_cam02048,20,3493,44,41,3,20,-51,5,Schlag,1,1/00/00/049f48,68,196,1,44,Wert vor dem Treffer,Rueckzug,55,1,54,-48.0,00,72,
boss_b_bot_p20,p0_s1_s1_cam02048,20,3577,44,41,3,20,-68,4,Schlag,1,1/00/00/049efa,84,280,1,44,Wert vor dem Treffer,Rueckzug,55,1,54,-48.0,00,72,
boss_b_bot_p20,p0_s1_s1_cam02048,20,3641,44,41,3,20,-78,6,Schlag,1,1/00/00/049efa,64,344,1,44,Wert vor dem Treffer,Rueckzug,55,1,54,-48.0,00,72,
boss_b_bot_p20,p0_s1_s1_cam02048,20,3715,44,41,3,20,-71,2,Schlag,1,1/06/04/04a6ca,74,418,,,,Zucken,27,,,,,,
boss_b_bot_p20,p0_s1_s1_cam02048,20,3747,41,38,3,20,-66,-1,Schlag,1,1/00/00/049efa,32,32,,,,Zucken,27,,,,,,
boss_b_bot_p20,p0_s1_s1_cam02048,20,3779,38,35,3,20,-63,-5,Schlag,1,1/00/00/049efa,32,32,,,,Zucken,27,,,,,,
boss_b_bot_p20,p0_s1_s1_cam02048,20,3852,35,32,3,20,-61,-2,Schlag,1,1/06/04/04b886,73,73,,,,umgeworfen (Aktion 0C),106,,,,,,-42.62
boss_b_bot_p20,p0_s1_s1_cam02048,20,3983,32,29,3,20,-71,-2,Schlag,1,1/00/00/049efa,131,131,,,,Zucken,27,,,,,,
boss_b_bot_p20,p0_s1_s1_cam02048,20,4015,29,26,3,20,-71,-2,Schlag,1,1/00/00/049efa,32,32,1,29,Wert vor dem Treffer,Rueckzug,55,1,54,0.0,00,72,
boss_b_bot_p20,p0_s1_s1_cam02048,20,4087,29,26,3,20,-71,-2,Schlag,1,1/00/00/049f92,72,104,,,,Zucken,22,,,,,,
boss_b_bot_p20,p0_s1_s1_cam02048,20,4226,26,23,3,20,54,-3,Schlag,1,1/06/04/04a2be,139,139,1,26,Wert vor dem Treffer,Rueckzug,55,1,54,48.0,00,72,
boss_b_bot_p20,p0_s1_s1_cam02048,20,4563,26,23,3,20,-52,-1,Schlag,1,1/06/04/04a302,337,476,,,,Zucken,27,,,,,,
boss_b_bot_p20,p0_s1_s1_cam02048,20,4781,23,20,3,20,-71,-1,Schlag,1,1/06/04/04a6ca,218,218,1,23,Wert vor dem Treffer,Rueckzug,55,1,54,-48.0,00,72,
boss_b_bot_p20,p0_s1_s1_cam02048,20,5511,23,20,3,20,-52,1,Schlag,1,1/06/04/04a354,730,948,1,23,Wert vor dem Treffer,Rueckzug,55,1,54,-48.0,00,72,
boss_b_bot_p20,p0_s1_s1_cam02048,20,5793,23,20,3,20,-54,-1,Schlag,1,1/06/04/04a2be,282,1230,1,23,Wert vor dem Treffer,Rueckzug,55,1,54,-48.0,00,72,
boss_b_bot_p20,p0_s1_s1_cam02048,20,5877,23,20,3,20,-52,2,Schlag,1,1/00/00/049efa,84,1314,,,,Zucken,27,,,,,,
boss_b_bot_p20,p0_s1_s1_cam02048,20,5993,20,17,3,20,-60,-2,Schlag,1,1/00/00/049efa,116,116,,,,Zucken,27,,,,,,
boss_b_bot_p20,p0_s1_s1_cam02048,20,6025,17,14,3,20,-69,-2,Schlag,1,1/00/00/049efa,32,32,,,,Zucken,27,,,,,,
boss_b_bot_p20,p0_s1_s1_cam02048,20,6057,14,11,3,20,-77,-2,Schlag,1,1/00/00/049efa,32,32,1,14,Wert vor dem Treffer,Rueckzug,55,1,54,-48.0,00,72,
boss_b_bot_p20,p0_s1_s1_cam02048,20,6135,14,11,3,20,-72,-2,Schlag,1,1/06/04/04a6ca,78,110,1,14,Wert vor dem Treffer,Rueckzug,55,1,54,-48.0,00,72,
boss_b_bot_p20,p0_s1_s1_cam02048,20,6243,14,11,3,20,-64,-1,Schlag,1,1/06/04/04a26a,108,218,1,14,Wert vor dem Treffer,Rueckzug,55,1,54,-48.0,00,72,
boss_b_bot_p20,p0_s1_s1_cam02048,20,6541,14,11,3,20,-56,-1,Schlag,1,1/06/06/04a3f6,298,516,,,,Zucken,27,,,,,,
boss_b_bot_p20,p0_s1_s1_cam02048,20,6607,11,8,3,20,-72,0,Schlag,1,1/06/02/04a022,66,66,,,,Zucken,27,,,,,,
boss_b_bot_p20,p0_s1_s1_cam02048,20,6679,8,5,3,20,-71,0,Schlag,1,1/06/04/04a6ca,72,72,,,,Zucken,27,,,,,,
boss_b_bot_p20,p0_s1_s1_cam02048,20,6711,5,2,3,20,-62,0,Schlag,1,1/00/00/049efa,32,32,,,,Zucken,27,,,,,,
boss_b_bot_p20,p0_s1_s1_cam02048,20,6743,2,-1,3,20,-54,2,Schlag,1,1/00/00/049efa,32,32,,,,Tod,,,,,,,
boss_b_bot_q20,boss_q_b,20,240,110,107,3,20,-72,0,Schlag,1,1/06/04/04a6ca,,,1,110,Wert vor dem Treffer,Rueckzug,55,1,54,-48.0,00,72,
boss_b_bot_q20,boss_q_b,20,320,110,107,3,20,-54,6,Schlag,1,1/00/00/049f48,80,,,,,Zucken,27,,,,,,
boss_b_bot_q20,boss_q_b,20,591,107,104,3,20,-71,0,Schlag,1,1/06/04/04a6ca,271,271,1,107,Wert vor dem Treffer,Rueckzug,55,1,54,-48.0,00,72,
boss_b_bot_q20,boss_q_b,20,697,107,104,3,20,-72,3,Schlag,1,1/00/00/049f48,106,377,,,,Zucken,27,,,,,,
boss_b_bot_q20,boss_q_b,20,811,104,101,3,20,-58,0,Schlag,1,1/00/00/049efa,114,114,,,,Zucken,27,,,,,,
boss_b_bot_q20,boss_q_b,20,843,101,98,3,20,-66,0,Schlag,1,1/00/00/049efa,32,32,1,101,Wert vor dem Treffer,Rueckzug,55,1,54,-48.0,00,72,
boss_b_bot_q20,boss_q_b,20,1000,101,98,3,20,-72,0,Schlag,1,1/04/00/049ea4,157,189,1,101,Wert vor dem Treffer,Rueckzug,55,1,54,-48.0,00,72,
boss_b_bot_q20,boss_q_b,20,1069,101,98,3,20,-78,0,Schlag,1,1/00/00/049f48,69,258,,,,Zucken,27,,,,,,
boss_b_bot_q20,boss_q_b,20,1130,98,95,3,20,-70,0,Schlag,1,1/04/00/049ea4,61,61,1,98,Wert vor dem Treffer,Rueckzug,55,1,54,-27.0,00,72,
boss_b_bot_q20,boss_q_b,20,1197,98,95,3,20,-71,0,Schlag,1,1/00/00/049f48,67,128,,,,Zucken,27,,,,,,
boss_b_bot_q20,boss_q_b,20,1229,95,92,3,20,-71,0,Schlag,1,1/00/00/049efa,32,32,,,,Zucken,27,,,,,,
boss_b_bot_q20,boss_q_b,20,1261,92,89,3,20,-71,0,Schlag,1,1/06/00/049efa,32,32,1,92,Wert vor dem Treffer,Rueckzug,55,1,54,0.0,00,72,
boss_b_bot_q20,boss_q_b,20,1333,92,89,3,20,-71,0,Schlag,1,1/00/00/049f92,72,104,,,,Zucken,27,,,,,,
boss_b_bot_q20,boss_q_b,20,1365,89,86,3,20,-70,0,Schlag,1,1/04/00/049ea4,32,32,,,,Zucken,27,,,,,,
boss_b_bot_q20,boss_q_b,20,1397,86,83,3,20,-71,0,Schlag,1,1/00/00/049efa,32,32,,,,Zucken,22,,,,,,
boss_b_bot_q20,boss_q_b,20,1551,83,80,3,20,51,1,Schlag,1,1/06/04/04a302,154,154,,,,Zucken,27,,,,,,
boss_b_bot_q20,boss_q_b,20,1771,80,77,3,20,71,1,Schlag,1,1/06/04/04a6ca,220,220,1,80,Wert vor dem Treffer,Rueckzug,55,1,54,48.0,00,72,
boss_b_bot_q20,boss_q_b,20,1870,80,77,3,20,58,-1,Schlag,1,1/04/00/049ea4,99,319,1,80,Wert vor dem Treffer,Rueckzug,55,1,54,48.0,00,72,
boss_b_bot_q20,boss_q_b,20,1954,80,77,3,20,72,-1,Schlag,1,1/06/04/04a67c,84,403,,,,Zucken,27,,,,,,
boss_b_bot_q20,boss_q_b,20,1986,77,74,3,20,65,0,Schlag,1,1/00/00/049efa,32,32,,,,Zucken,27,,,,,,
boss_b_bot_q20,boss_q_b,20,2018,74,71,3,20,57,-2,Schlag,1,1/00/00/049efa,32,32,,,,Zucken,27,,,,,,
boss_b_bot_q20,boss_q_b,20,2050,71,68,3,20,50,-4,Schlag,1,1/00/00/049efa,32,32,,,,Zucken,27,,,,,,
boss_b_bot_q20,boss_q_b,20,2305,68,65,3,20,55,1,Schlag,1,1/06/04/04a302,255,255,1,68,Wert vor dem Treffer,Rueckzug,55,1,54,48.0,00,72,
boss_b_bot_q20,boss_q_b,20,2820,68,65,3,20,-53,1,Schlag,1,1/06/04/04a302,515,770,,,,Zucken,27,,,,,,
boss_b_bot_q20,boss_q_b,20,3049,65,62,3,20,-52,-1,Schlag,1,1/06/04/04a26a,229,229,,,,Zucken,27,,,,,,
boss_b_bot_q20,boss_q_b,20,3647,62,59,3,20,-71,1,Schlag,1,1/06/04/04a6ca,598,598,,,,Zucken,27,,,,,,
boss_b_bot_q20,boss_q_b,20,3679,59,56,3,20,-63,-1,Schlag,1,1/00/00/049efa,32,32,,,,Zucken,27,,,,,,
boss_b_bot_q20,boss_q_b,20,3711,56,53,3,20,-60,-2,Schlag,1,1/04/00/049ea4,32,32,,,,Zucken,27,,,,,,
boss_b_bot_q20,boss_q_b,20,3743,53,50,3,20,-54,-5,Schlag,1,1/00/00/049efa,32,32,,,,Zucken,27,,,,,,
boss_b_bot_q20,boss_q_b,20,4014,50,47,3,20,-53,-3,Schlag,1,1/06/04/04a2be,271,271,,,,Zucken,27,,,,,,
boss_b_bot_q20,boss_q_b,20,4254,47,44,3,20,-53,-1,Schlag,1,1/06/04/04a302,240,240,1,47,Wert vor dem Treffer,Rueckzug,55,1,54,-48.0,00,72,
boss_b_bot_q20,boss_q_b,20,4323,47,44,3,20,-51,5,Schlag,1,1/00/00/049f48,69,309,,,,Zucken,27,,,,,,
boss_b_bot_q20,boss_q_b,20,4585,44,41,3,20,-71,-1,Schlag,1,1/06/04/04a6ca,262,262,,,,Zucken,27,,,,,,
boss_b_bot_q20,boss_q_b,20,4617,41,38,3,20,-63,0,Schlag,1,1/00/00/049efa,32,32,,,,Zucken,27,,,,,,
boss_b_bot_q20,boss_q_b,20,4649,38,35,3,20,-56,3,Schlag,1,1/00/00/049efa,32,32,,,,Zucken,27,,,,,,
boss_b_bot_q20,boss_q_b,20,4913,35,32,3,20,-71,-1,Schlag,1,1/06/04/04a6ca,264,264,,,,Zucken,27,,,,,,
boss_b_bot_q20,boss_q_b,20,4945,32,29,3,20,-63,1,Schlag,1,1/00/00/049efa,32,32,,,,Zucken,27,,,,,,
boss_b_bot_q20,boss_q_b,20,4977,29,26,3,20,-56,3,Schlag,1,1/00/00/049efa,32,32,,,,Zucken,27,,,,,,
boss_b_bot_q20,boss_q_b,20,5424,26,23,3,20,-52,1,Schlag,1,1/06/04/04a26a,447,447,,,,Zucken,27,,,,,,
boss_b_bot_q20,boss_q_b,20,6053,23,20,3,20,-71,0,Schlag,1,1/06/04/04a6ca,629,629,,,,Zucken,27,,,,,,
boss_b_bot_q20,boss_q_b,20,6085,20,17,3,20,-63,-1,Schlag,1,1/00/00/049efa,32,32,1,20,Wert vor dem Treffer,Rueckzug,55,1,54,-48.0,00,72,
boss_b_bot_q20,boss_q_b,20,6174,20,17,3,20,-74,0,Schlag,1,1/06/02/04a022,89,121,,,,Zucken,27,,,,,,
boss_b_bot_q20,boss_q_b,20,6237,17,14,3,20,-71,0,Schlag,1,1/06/04/04a67c,63,63,1,17,Wert vor dem Treffer,Rueckzug,55,1,54,-48.0,00,72,
boss_b_bot_q20,boss_q_b,20,6343,17,14,3,20,-71,0,Schlag,1,1/06/04/04a6ca,106,169,,,,Zucken,27,,,,,,
boss_b_bot_q20,boss_q_b,20,6375,14,11,3,20,-62,1,Schlag,1,1/00/00/049efa,32,32,,,,Zucken,27,,,,,,
boss_b_bot_q20,boss_q_b,20,6407,11,8,3,20,-54,2,Schlag,1,1/00/00/049efa,32,32,,,,Zucken,27,,,,,,
boss_b_bot_q20,boss_q_b,20,6672,8,5,3,20,63,1,Schlag,1,1/00/00/049f48,265,265,,,,Zucken,27,,,,,,
boss_b_bot_q20,boss_q_b,20,6704,5,2,3,20,54,0,Schlag,1,1/00/00/049efa,32,32,,,,Zucken,27,,,,,,
boss_b_bot_q20,boss_q_b,20,7020,2,-1,3,20,53,1,Schlag,1,1/06/04/04a302,316,316,,,,Tod,,,,,,,
boss_b_bot_p24,p0_s1_s1_cam02048,24,130,110,107,3,24,71,0,Schlag,1,1/06/04/04a6ca,,,,,,Zucken,27,,,,,,
boss_b_bot_p24,p0_s1_s1_cam02048,24,162,107,104,3,24,62,-1,Schlag,1,1/00/00/049efa,32,32,,,,Zucken,27,,,,,,
boss_b_bot_p24,p0_s1_s1_cam02048,24,194,104,101,3,24,54,-2,Schlag,1,1/00/00/049efa,32,32,,,,Zucken,27,,,,,,
boss_b_bot_p24,p0_s1_s1_cam02048,24,420,101,98,3,24,70,0,Schlag,1,1/06/04/04a6ca,226,226,1,101,Wert vor dem Treffer,Rueckzug,55,1,54,48.0,00,72,
boss_b_bot_p24,p0_s1_s1_cam02048,24,688,101,98,3,24,34,-4,Schlag,1,1/06/06/04b9d0,268,494,,,,umgeworfen (Aktion 0C),133,,,,,,160.88
boss_b_bot_p24,p0_s1_s1_cam02048,24,878,98,95,3,24,64,0,Schlag,1,1/06/04/04b886,190,190,,,,umgeworfen (Aktion 0C),131,,,,,,144.5
boss_b_bot_p24,p0_s1_s1_cam02048,24,1077,95,92,3,24,71,0,Schlag,1,1/06/04/04a6ca,199,199,,,,Zucken,27,,,,,,
boss_b_bot_p24,p0_s1_s1_cam02048,24,1109,92,89,3,24,77,0,Schlag,1,1/00/00/049efa,32,32,,,,Zucken,27,,,,,,
boss_b_bot_p24,p0_s1_s1_cam02048,24,1145,89,86,3,24,70,0,Schlag,1,1/00/00/049f48,36,36,,,,Zucken,27,,,,,,
boss_b_bot_p24,p0_s1_s1_cam02048,24,1177,86,83,3,24,70,0,Schlag,1,1/00/00/049efa,32,32,,,,Zucken,27,,,,,,
boss_b_bot_p24,p0_s1_s1_cam02048,24,1209,83,80,3,24,70,0,Schlag,1,1/00/00/049efa,32,32,,,,Zucken,27,,,,,,
boss_b_bot_p24,p0_s1_s1_cam02048,24,1241,80,77,3,24,70,0,Schlag,1,1/00/00/049efa,32,32,,,,Zucken,3,,,,,,
boss_b_bot_p24,p0_s1_s1_cam02048,24,1624,77,74,3,24,-53,-1,Schlag,1,1/06/04/04a302,383,383,,,,Zucken,27,,,,,,
boss_b_bot_p24,p0_s1_s1_cam02048,24,1856,74,71,3,24,-52,1,Schlag,1,1/06/04/04a2be,232,232,,,,Zucken,27,,,,,,
boss_b_bot_p24,p0_s1_s1_cam02048,24,2093,71,68,3,24,-52,-1,Schlag,1,1/06/04/04a2be,237,237,,,,Zucken,27,,,,,,
boss_b_bot_p24,p0_s1_s1_cam02048,24,2424,68,65,3,24,52,-1,Schlag,1,1/06/04/04a302,331,331,1,68,Wert vor dem Treffer,Rueckzug,55,1,54,48.0,00,72,
boss_b_bot_p24,p0_s1_s1_cam02048,24,2786,68,65,3,24,55,2,Schlag,1,1/06/04/04a2be,362,693,,,,Zucken,27,,,,,,
boss_b_bot_p24,p0_s1_s1_cam02048,24,2844,65,62,3,24,54,-1,Schlag,1,1/04/00/049ea4,58,58,,,,Zucken,27,,,,,,
boss_b_bot_p24,p0_s1_s1_cam02048,24,2894,62,59,3,24,65,-5,Schlag,1,1/00/00/049f92,50,50,,,,Zucken,27,,,,,,
boss_b_bot_p24,p0_s1_s1_cam02048,24,2931,59,56,3,24,80,-1,Schlag,1,1/00/00/049f48,37,37,1,59,Wert vor dem Treffer,Rueckzug,55,1,54,48.0,00,72,
boss_b_bot_p24,p0_s1_s1_cam02048,24,3025,59,56,3,24,71,-1,Schlag,1,1/00/00/04a022,94,131,,,,Zucken,27,,,,,,
boss_b_bot_p24,p0_s1_s1_cam02048,24,3057,56,53,3,24,71,-1,Schlag,1,1/00/00/049efa,32,32,,,,Zucken,27,,,,,,
boss_b_bot_p24,p0_s1_s1_cam02048,24,3089,53,50,3,24,71,-1,Schlag,1,1/04/00/049ea4,32,32,1,53,Wert vor dem Treffer,Rueckzug,55,1,54,0.0,00,72,
boss_b_bot_p24,p0_s1_s1_cam02048,24,3161,53,50,3,24,71,0,Schlag,1,1/06/02/049f92,72,104,,,,Zucken,27,,,,,,
boss_b_bot_p24,p0_s1_s1_cam02048,24,3193,50,47,3,24,71,0,Schlag,1,1/00/00/049efa,32,32,,,,Zucken,27,,,,,,
boss_b_bot_p24,p0_s1_s1_cam02048,24,3225,47,44,3,24,71,0,Schlag,1,1/00/00/049efa,32,32,1,47,Wert vor dem Treffer,Rueckzug,55,1,54,0.0,00,72,
boss_b_bot_p24,p0_s1_s1_cam02048,24,3297,47,44,3,24,71,0,Schlag,1,1/00/00/049f92,72,104,,,,Zucken,2,,,,,,
boss_b_bot_p24,p0_s1_s1_cam02048,24,3425,44,41,3,24,-51,1,Schlag,1,1/06/04/04a2be,128,128,1,44,Wert vor dem Treffer,Rueckzug,55,1,54,-48.0,00,72,
boss_b_bot_p24,p0_s1_s1_cam02048,24,3493,44,41,3,24,-51,5,Schlag,1,1/00/00/049f48,68,196,1,44,Wert vor dem Treffer,Rueckzug,55,1,54,-48.0,00,72,
boss_b_bot_p24,p0_s1_s1_cam02048,24,3577,44,41,3,24,-68,4,Schlag,1,1/00/00/049efa,84,280,1,44,Wert vor dem Treffer,Rueckzug,55,1,54,-48.0,00,72,
boss_b_bot_p24,p0_s1_s1_cam02048,24,3641,44,41,3,24,-78,6,Schlag,1,1/00/00/049efa,64,344,1,44,Wert vor dem Treffer,Rueckzug,55,1,54,-48.0,00,72,
boss_b_bot_p24,p0_s1_s1_cam02048,24,3715,44,41,3,24,-71,2,Schlag,1,1/06/04/04a6ca,74,418,,,,Zucken,27,,,,,,
boss_b_bot_p24,p0_s1_s1_cam02048,24,3747,41,38,3,24,-66,-1,Schlag,1,1/00/00/049efa,32,32,1,41,Wert vor dem Treffer,Rueckzug,55,1,54,-48.0,00,72,
boss_b_bot_p24,p0_s1_s1_cam02048,24,3856,41,38,3,24,-59,-1,Schlag,1,1/06/04/04b8d0,109,141,,,,umgeworfen (Aktion 0C),116,,,,,,-19.38
boss_b_bot_p24,p0_s1_s1_cam02048,24,3992,38,35,3,24,-71,-1,Schlag,1,1/00/00/049f92,136,136,,,,Zucken,2,,,,,,
boss_b_bot_p24,p0_s1_s1_cam02048,24,4129,35,32,3,24,54,-2,Schlag,1,1/06/04/04a302,137,137,,,,Zucken,27,,,,,,
boss_b_bot_p24,p0_s1_s1_cam02048,24,4390,32,29,3,24,52,1,Schlag,1,1/06/04/04a302,261,261,1,32,Wert vor dem Treffer,Rueckzug,55,1,54,48.0,00,72,
boss_b_bot_p24,p0_s1_s1_cam02048,24,4458,32,29,3,24,53,-4,Schlag,1,1/00/00/049f48,68,329,1,32,Wert vor dem Treffer,Rueckzug,55,1,54,48.0,00,72,
boss_b_bot_p24,p0_s1_s1_cam02048,24,4548,32,29,3,24,74,-2,Schlag,1,1/00/00/049efa,90,419,1,32,Wert vor dem Treffer,Rueckzug,55,1,54,48.0,00,72,
boss_b_bot_p24,p0_s1_s1_cam02048,24,4624,32,29,3,24,70,-2,Schlag,1,1/06/04/04a6ca,76,495,1,32,Wert vor dem Treffer,Rueckzug,55,1,54,48.0,00,72,
boss_b_bot_p24,p0_s1_s1_cam02048,24,4788,32,29,3,24,70,-1,Schlag,1,1/00/00/049fd6,164,659,1,32,Wert vor dem Treffer,Rueckzug,55,1,54,0.0,00,72,
boss_b_bot_p24,p0_s1_s1_cam02048,24,4860,32,29,3,24,69,0,Schlag,1,1/06/02/049f92,72,731,,,,Zucken,27,,,,,,
boss_b_bot_p24,p0_s1_s1_cam02048,24,4892,29,26,3,24,69,0,Schlag,1,1/00/00/049efa,32,32,1,29,Wert vor dem Treffer,Rueckzug,55,1,54,0.0,00,72,
boss_b_bot_p24,p0_s1_s1_cam02048,24,4964,29,26,3,24,69,0,Schlag,1,1/00/00/049f92,72,104,,,,Zucken,27,,,,,,
boss_b_bot_p24,p0_s1_s1_cam02048,24,4996,26,23,3,24,69,0,Schlag,1,1/00/00/049efa,32,32,,,,Zucken,27,,,,,,
boss_b_bot_p24,p0_s1_s1_cam02048,24,5028,23,20,3,24,69,0,Schlag,1,1/00/00/049efa,32,32,1,23,Wert vor dem Treffer,Rueckzug,55,1,54,0.0,00,72,
boss_b_bot_p24,p0_s1_s1_cam02048,24,5100,23,20,3,24,69,0,Schlag,1,1/00/00/049f92,72,104,,,,Zucken,18,,,,,,
boss_b_bot_p24,p0_s1_s1_cam02048,24,5218,20,17,3,24,-54,1,Schlag,1,1/06/04/04a26a,118,118,1,20,Wert vor dem Treffer,Rueckzug,55,1,54,-48.0,00,72,
boss_b_bot_p24,p0_s1_s1_cam02048,24,5492,20,17,3,24,-55,-1,Schlag,1,1/06/04/04a26a,274,392,,,,Zucken,27,,,,,,
boss_b_bot_p24,p0_s1_s1_cam02048,24,5551,17,14,3,24,-52,2,Schlag,1,1/00/00/049efa,59,59,,,,Zucken,27,,,,,,
boss_b_bot_p24,p0_s1_s1_cam02048,24,5602,14,11,3,24,-70,2,Schlag,1,1/00/00/049f92,51,51,1,14,Wert vor dem Treffer,Rueckzug,55,1,54,-48.0,00,72,
boss_b_bot_p24,p0_s1_s1_cam02048,24,5686,14,11,3,24,-71,1,Schlag,1,1/06/04/04a6ca,84,135,1,14,Wert vor dem Treffer,Rueckzug,55,1,54,-48.0,00,72,
boss_b_bot_p24,p0_s1_s1_cam02048,24,5843,14,11,3,24,-52,2,Schlag,1,1/06/08/04ba5c,157,292,,,,Zucken,27,,,,,,
boss_b_bot_p24,p0_s1_s1_cam02048,24,5899,11,8,3,24,-78,-2,Schlag,1,1/00/00/049f48,56,56,1,11,Wert vor dem Treffer,Rueckzug,55,1,54,-48.0,00,72,
boss_b_bot_p24,p0_s1_s1_cam02048,24,5973,11,8,3,24,-65,-2,Schlag,1,1/06/04/04b886,74,130,,,,umgeworfen (Aktion 0C),106,,,,,,-141.62
boss_b_bot_p24,p0_s1_s1_cam02048,24,6121,8,5,3,24,-56,-1,Schlag,1,1/06/04/04b912,148,148,,,,umgeworfen (Aktion 0C),107,,,,,,-60.12
boss_b_bot_p24,p0_s1_s1_cam02048,24,6259,5,2,3,24,-71,-1,Schlag,1,1/00/00/049fd6,138,138,,,,Zucken,27,,,,,,
boss_b_bot_p24,p0_s1_s1_cam02048,24,6291,2,-1,3,24,-71,-1,Schlag,1,1/00/00/049efa,32,32,,,,Tod,,,,,,,
boss_b_bot_q24,boss_q_b,24,240,110,107,3,24,-72,0,Schlag,1,1/06/04/04a6ca,,,1,110,Wert vor dem Treffer,Rueckzug,55,1,54,-48.0,00,72,
boss_b_bot_q24,boss_q_b,24,320,110,107,3,24,-54,6,Schlag,1,1/00/00/049f48,80,,,,,Zucken,27,,,,,,
boss_b_bot_q24,boss_q_b,24,654,107,104,3,24,-52,-1,Schlag,1,1/06/04/04a302,334,334,,,,Zucken,27,,,,,,
boss_b_bot_q24,boss_q_b,24,1117,104,101,3,24,-71,0,Schlag,1,1/06/04/04a6ca,463,463,,,,Zucken,27,,,,,,
boss_b_bot_q24,boss_q_b,24,1149,101,98,3,24,-62,1,Schlag,1,1/00/00/049efa,32,32,,,,Zucken,27,,,,,,
boss_b_bot_q24,boss_q_b,24,1181,98,95,3,24,-56,2,Schlag,1,1/00/00/049efa,32,32,,,,Zucken,27,,,,,,
boss_b_bot_q24,boss_q_b,24,1213,95,92,3,24,-50,5,Schlag,1,1/00/00/049efa,32,32,,,,Zucken,27,,,,,,
boss_b_bot_q24,boss_q_b,24,1464,92,89,3,24,-55,-1,Schlag,1,1/06/04/04a26a,251,251,1,92,Wert vor dem Treffer,Rueckzug,55,1,54,-48.0,00,72,
boss_b_bot_q24,boss_q_b,24,1534,92,89,3,24,-51,5,Schlag,1,1/00/00/049f48,70,321,,,,Zucken,27,,,,,,
boss_b_bot_q24,boss_q_b,24,1759,89,86,3,24,-72,0,Schlag,1,1/06/04/04a6ca,225,225,,,,Zucken,27,,,,,,
boss_b_bot_q24,boss_q_b,24,1791,86,83,3,24,-64,1,Schlag,1,1/00/00/049efa,32,32,,,,Zucken,27,,,,,,
boss_b_bot_q24,boss_q_b,24,1823,83,80,3,24,-58,4,Schlag,1,1/00/00/049efa,32,32,,,,Zucken,27,,,,,,
boss_b_bot_q24,boss_q_b,24,1883,80,77,3,24,-74,4,Schlag,1,1/00/00/049fd6,60,60,,,,Zucken,27,,,,,,
boss_b_bot_q24,boss_q_b,24,1965,77,74,3,24,-70,1,Schlag,1,1/04/00/049ea4,82,82,1,77,Wert vor dem Treffer,Rueckzug,55,1,54,-48.0,00,72,
boss_b_bot_q24,boss_q_b,24,2048,77,74,3,24,-71,0,Schlag,1,1/06/04/04a71e,83,165,,,,Zucken,27,,,,,,
boss_b_bot_q24,boss_q_b,24,2080,74,71,3,24,-63,1,Schlag,1,1/00/00/049efa,32,32,,,,Zucken,27,,,,,,
boss_b_bot_q24,boss_q_b,24,2112,71,68,3,24,-55,3,Schlag,1,1/00/00/049efa,32,32,1,71,Wert vor dem Treffer,Rueckzug,55,1,54,-48.0,00,72,
boss_b_bot_q24,boss_q_b,24,2197,71,68,3,24,-61,1,Schlag,1,1/04/00/049ea4,85,117,1,71,Wert vor dem Treffer,Rueckzug,55,1,54,-48.0,00,72,
boss_b_bot_q24,boss_q_b,24,2296,71,68,3,24,-68,1,Schlag,1,1/06/04/04a26a,99,216,1,71,Wert vor dem Treffer,Rueckzug,55,1,54,-48.0,00,72,
boss_b_bot_q24,boss_q_b,24,3057,71,68,3,24,41,4,Schlag,1,1/06/06/04b9d0,761,977,,,,umgeworfen (Aktion 0C),135,,,,,,156.0
boss_b_bot_q24,boss_q_b,24,3227,68,65,3,24,71,-1,Schlag,1,1/04/00/049ea4,170,170,,,,Zucken,27,,,,,,
boss_b_bot_q24,boss_q_b,24,3259,65,62,3,24,79,-2,Schlag,1,1/00/00/049efa,32,32,,,,Zucken,27,,,,,,
boss_b_bot_q24,boss_q_b,24,3318,62,59,3,24,72,-2,Schlag,1,1/06/04/04a6ca,59,59,,,,Zucken,27,,,,,,
boss_b_bot_q24,boss_q_b,24,3418,59,56,3,24,64,-1,Schlag,1,1/06/04/04a26a,100,100,1,59,Wert vor dem Treffer,Rueckzug,55,1,54,48.0,00,72,
boss_b_bot_q24,boss_q_b,24,4010,59,56,3,24,50,-1,Schlag,1,1/06/04/04a2be,592,692,,,,Zucken,27,,,,,,
boss_b_bot_q24,boss_q_b,24,4244,56,53,3,24,53,1,Schlag,1,1/06/04/04a26a,234,234,1,56,Wert vor dem Treffer,Rueckzug,55,1,54,48.0,00,72,
boss_b_bot_q24,boss_q_b,24,4313,56,53,3,24,51,-4,Schlag,1,1/00/00/049f48,69,303,,,,Zucken,27,,,,,,
boss_b_bot_q24,boss_q_b,24,4590,53,50,3,24,71,-1,Schlag,1,1/06/04/04a6ca,277,277,,,,Zucken,27,,,,,,
boss_b_bot_q24,boss_q_b,24,4622,50,47,3,24,62,-1,Schlag,1,1/00/00/049efa,32,32,,,,Zucken,27,,,,,,
boss_b_bot_q24,boss_q_b,24,4654,47,44,3,24,54,-3,Schlag,1,1/00/00/049efa,32,32,,,,Zucken,27,,,,,,
boss_b_bot_q24,boss_q_b,24,4898,44,41,3,24,60,1,Schlag,1,1/06/06/04a3f6,244,244,1,44,Wert vor dem Treffer,Rueckzug,55,1,54,48.0,00,72,
boss_b_bot_q24,boss_q_b,24,5508,44,41,3,24,71,0,Schlag,1,1/06/04/04a6ca,610,854,1,44,Wert vor dem Treffer,Rueckzug,55,1,54,48.0,00,72,
boss_b_bot_q24,boss_q_b,24,5571,44,41,3,24,58,-4,Schlag,1,1/00/00/049efa,63,917,,,,Zucken,27,,,,,,
boss_b_bot_q24,boss_q_b,24,5604,41,38,3,24,55,-3,Schlag,1,1/04/00/049ea4,33,33,1,41,Wert vor dem Treffer,Rueckzug,55,1,54,48.0,00,72,
boss_b_bot_q24,boss_q_b,24,5710,41,38,3,24,65,0,Schlag,1,1/06/04/04b912,106,139,,,,umgeworfen (Aktion 0C),124,,,,,,98.62
boss_b_bot_q24,boss_q_b,24,5854,38,35,3,24,72,0,Schlag,1,1/00/00/049f92,144,144,,,,Zucken,27,,,,,,
boss_b_bot_q24,boss_q_b,24,5886,35,32,3,24,72,0,Schlag,1,1/00/00/049efa,32,32,,,,Zucken,27,,,,,,
boss_b_bot_q24,boss_q_b,24,5918,32,29,3,24,72,0,Schlag,1,1/00/00/049efa,32,32,1,32,Wert vor dem Treffer,Rueckzug,55,1,54,0.0,00,72,
boss_b_bot_q24,boss_q_b,24,6312,32,29,3,24,-72,0,Schlag,1,1/06/04/04a6ca,394,426,,,,Zucken,27,,,,,,
boss_b_bot_q24,boss_q_b,24,6344,29,26,3,24,-64,1,Schlag,1,1/00/00/049efa,32,32,1,29,Wert vor dem Treffer,Rueckzug,55,1,54,-48.0,00,72,
boss_b_bot_q24,boss_q_b,24,6429,29,26,3,24,-56,5,Schlag,1,1/00/00/049efa,85,117,1,29,Wert vor dem Treffer,Rueckzug,55,1,54,-48.0,00,72,
boss_b_bot_q24,boss_q_b,24,6525,29,26,3,24,-71,0,Schlag,1,1/06/04/04a6ca,96,213,1,29,Wert vor dem Treffer,Rueckzug,55,1,54,-48.0,00,72,
boss_b_bot_q24,boss_q_b,24,6604,29,26,3,24,-60,2,Schlag,1,1/04/00/049ea4,79,292,1,29,Wert vor dem Treffer,Rueckzug,55,1,54,-48.0,00,72,
boss_b_bot_q24,boss_q_b,24,6688,29,26,3,24,-68,1,Schlag,1,1/00/00/049fd6,84,376,,,,Zucken,27,,,,,,
boss_b_bot_q24,boss_q_b,24,6720,26,23,3,24,-75,1,Schlag,1,1/00/00/049efa,32,32,1,26,Wert vor dem Treffer,Rueckzug,55,1,54,-48.0,00,72,
boss_b_bot_q24,boss_q_b,24,6789,26,23,3,24,-71,1,Schlag,1,1/06/04/04a67c,69,101,1,26,Wert vor dem Treffer,Rueckzug,55,1,54,-48.0,00,72,
boss_b_bot_q24,boss_q_b,24,6889,26,23,3,24,-71,1,Schlag,1,1/06/04/04a6ca,100,201,1,26,Wert vor dem Treffer,Rueckzug,55,1,54,-24.0,00,72,
boss_b_bot_q24,boss_q_b,24,6955,26,23,3,24,-60,1,Schlag,1,1/04/00/049ea4,66,267,1,26,Wert vor dem Treffer,Rueckzug,55,1,54,-10.0,00,72,
boss_b_bot_q24,boss_q_b,24,7027,26,23,3,24,-56,1,Schlag,1,1/00/00/049f92,72,339,,,,Zucken,27,,,,,,
boss_b_bot_q24,boss_q_b,24,7059,23,20,3,24,-58,1,Schlag,1,1/00/00/049efa,32,32,1,23,Wert vor dem Treffer,Rueckzug,55,1,54,-12.0,00,72,
boss_b_bot_q24,boss_q_b,24,7131,23,20,3,24,-70,0,Schlag,1,1/06/02/049f92,72,104,,,,Zucken,27,,,,,,
boss_b_bot_q24,boss_q_b,24,7163,20,17,3,24,-70,0,Schlag,1,1/00/00/049efa,32,32,1,20,Wert vor dem Treffer,Rueckzug,55,1,54,0.0,00,72,
boss_b_bot_q24,boss_q_b,24,7235,20,17,3,24,-70,0,Schlag,1,1/00/00/049f48,72,104,,,,Zucken,27,,,,,,
boss_b_bot_q24,boss_q_b,24,7613,17,14,3,24,53,1,Schlag,1,1/06/04/04a302,378,378,1,17,Wert vor dem Treffer,Rueckzug,55,1,54,48.0,00,72,
boss_b_bot_q24,boss_q_b,24,7682,17,14,3,24,50,-5,Schlag,1,1/00/00/049f48,69,447,,,,Zucken,27,,,,,,
boss_b_bot_q24,boss_q_b,24,7933,14,11,3,24,-56,-1,Schlag,1,1/06/04/04a26a,251,251,,,,Zucken,27,,,,,,
boss_b_bot_kette,p0_s1_s1_cam02048,16,130,110,107,3,16,71,0,Schlag,1,1/06/04/04a6ca,,,,,,Zucken,72,,,,,,
boss_b_bot_kette,p0_s1_s1_cam02048,16,147,107,103,4,16,71,0,Schlag,2,3/00/02/04b03e,17,17,1,107,Wert vor dem Treffer,Rueckzug,55,1,54,48.0,00,72,
boss_b_bot_kette,p0_s1_s1_cam02048,16,494,107,104,3,16,-53,-1,Schlag,1,1/06/04/04a2be,347,364,,,,Zucken,32,,,,,,
boss_b_bot_kette,p0_s1_s1_cam02048,16,511,104,100,4,16,-53,-1,Schlag,2,3/00/02/04b03e,17,17,,,,Zucken (Aktion 4),15,,,,,,
boss_b_bot_kette,p0_s1_s1_cam02048,16,778,100,97,3,16,-54,-1,Schlag,1,1/06/04/04a354,267,267,,,,Zucken,32,,,,,,
boss_b_bot_kette,p0_s1_s1_cam02048,16,795,97,93,4,16,-54,-1,Schlag,2,3/00/02/04b03e,17,17,,,,Zucken (Aktion 4),15,,,,,,
boss_b_bot_kette,p0_s1_s1_cam02048,16,1026,93,90,3,16,-56,0,Schlag,1,1/06/04/04a354,231,231,,,,Zucken,32,,,,,,
boss_b_bot_kette,p0_s1_s1_cam02048,16,1043,90,86,4,16,-56,0,Schlag,2,3/00/02/04b03e,17,17,,,,Zucken (Aktion 4),15,,,,,,
boss_b_bot_kette,p0_s1_s1_cam02048,16,1258,86,83,3,16,-53,-1,Schlag,1,1/06/04/04a2be,215,215,,,,Zucken,72,,,,,,
boss_b_bot_kette,p0_s1_s1_cam02048,16,1275,83,79,4,16,-53,-1,Schlag,2,3/00/02/04b03e,17,17,1,83,Wert vor dem Treffer,Rueckzug,55,1,54,-48.0,00,72,
boss_b_bot_kette,p0_s1_s1_cam02048,16,1339,83,80,3,16,-58,1,Schlag,1,1/00/00/049f48,64,81,,,,Zucken,27,,,,,,
boss_b_bot_kette,p0_s1_s1_cam02048,16,1371,80,77,3,16,-51,4,Schlag,1,1/00/00/049efa,32,32,1,80,Wert vor dem Treffer,Rueckzug,55,1,54,-48.0,00,72,
boss_b_bot_kette,p0_s1_s1_cam02048,16,1490,80,77,3,16,-52,1,Schlag,1,1/06/04/04a2be,119,151,,,,Zucken,32,,,,,,
boss_b_bot_kette,p0_s1_s1_cam02048,16,1507,77,73,4,16,-52,1,Schlag,2,3/00/02/04b03e,17,17,,,,Zucken (Aktion 4),15,,,,,,
boss_b_bot_kette,p0_s1_s1_cam02048,16,1933,73,70,3,16,-71,0,Schlag,1,1/06/04/04a6ca,426,426,1,73,Wert vor dem Treffer,Rueckzug,55,1,54,-48.0,00,72,
boss_b_bot_kette,p0_s1_s1_cam02048,16,1996,73,70,3,16,-61,-4,Schlag,1,1/00/00/049efa,63,489,,,,Zucken,30,,,,,,
boss_b_bot_kette,p0_s1_s1_cam02048,16,2011,70,66,4,16,-61,-4,Schlag,2,3/00/02/04b03e,15,15,,,,Zucken (Aktion 4),15,,,,,,
boss_b_bot_kette,p0_s1_s1_cam02048,16,2058,66,63,3,16,-59,-5,Schlag,1,1/00/00/049f48,47,47,,,,Zucken,32,,,,,,
boss_b_bot_kette,p0_s1_s1_cam02048,16,2075,63,59,4,16,-59,-5,Schlag,2,3/00/02/04b03e,17,17,,,,Zucken (Aktion 4),15,,,,,,
boss_b_bot_kette,p0_s1_s1_cam02048,16,2120,59,56,3,16,-61,-1,Schlag,1,1/06/04/04b8d0,45,45,,,,umgeworfen (Aktion 0C),125,,,,,,-149.38
boss_b_bot_kette,p0_s1_s1_cam02048,16,2356,56,53,3,16,-70,-1,Schlag,1,1/04/00/049ea4,236,236,,,,Zucken,32,,,,,,
boss_b_bot_kette,p0_s1_s1_cam02048,16,2373,53,49,4,16,-70,-1,Schlag,2,3/00/02/04b03e,17,17,,,,Zucken (Aktion 4),15,,,,,,
boss_b_bot_kette,p0_s1_s1_cam02048,16,2411,49,46,3,16,-64,-1,Schlag,1,1/06/04/04b8d0,38,38,,,,umgeworfen (Aktion 0C),131,,,,,,-19.12
boss_b_bot_kette,p0_s1_s1_cam02048,16,2714,46,43,3,16,72,1,Schlag,1,1/06/04/04a6ca,303,303,1,46,Wert vor dem Treffer,Rueckzug,55,1,54,48.0,00,72,
boss_b_bot_kette,p0_s1_s1_cam02048,16,2777,46,43,3,16,61,-2,Schlag,1,1/00/00/049efa,63,366,1,46,Wert vor dem Treffer,Rueckzug,55,1,54,48.0,00,72,
boss_b_bot_kette,p0_s1_s1_cam02048,16,3148,46,43,3,16,72,1,Schlag,1,1/06/04/04a6ca,371,737,,,,Zucken,32,,,,,,
boss_b_bot_kette,p0_s1_s1_cam02048,16,3165,43,39,4,16,72,1,Schlag,2,3/00/02/04b03e,17,17,,,,Zucken (Aktion 4),15,,,,,,
boss_b_bot_kette,p0_s1_s1_cam02048,16,3599,39,36,3,16,70,1,Schlag,1,1/06/04/04a6ca,434,434,,,,Zucken,32,,,,,,
boss_b_bot_kette,p0_s1_s1_cam02048,16,3616,36,32,4,16,70,1,Schlag,2,3/00/02/04b03e,17,17,,,,Zucken (Aktion 4),15,,,,,,
boss_b_bot_kette,p0_s1_s1_cam02048,16,3887,32,29,3,16,-54,-1,Schlag,1,1/06/04/04a302,271,271,,,,Zucken,72,,,,,,
boss_b_bot_kette,p0_s1_s1_cam02048,16,3904,29,25,4,16,-54,-1,Schlag,2,3/00/02/04b03e,17,17,1,29,Wert vor dem Treffer,Rueckzug,55,1,54,-48.0,00,72,
boss_b_bot_kette,p0_s1_s1_cam02048,16,3969,29,26,3,16,-57,1,Schlag,1,1/04/00/049ea4,65,82,,,,Zucken,27,,,,,,
boss_b_bot_kette,p0_s1_s1_cam02048,16,4001,26,23,3,16,-51,4,Schlag,1,1/00/00/049efa,32,32,,,,Zucken,32,,,,,,
boss_b_bot_kette,p0_s1_s1_cam02048,16,4018,23,19,4,16,-51,4,Schlag,2,3/00/02/04b03e,17,17,,,,Zucken (Aktion 4),15,,,,,,
boss_b_bot_kette,p0_s1_s1_cam02048,16,4250,19,16,3,16,-71,-1,Schlag,1,1/06/04/04a6ca,232,232,,,,Zucken,72,,,,,,
boss_b_bot_kette,p0_s1_s1_cam02048,16,4267,16,12,4,16,-71,-1,Schlag,2,3/00/02/04b03e,17,17,1,16,Wert vor dem Treffer,Rueckzug,55,1,54,-48.0,00,72,
boss_b_bot_kette,p0_s1_s1_cam02048,16,4341,16,13,3,16,-50,6,Schlag,1,1/06/04/04a97e,74,91,,,,Zucken,27,,,,,,
boss_b_bot_kette,p0_s1_s1_cam02048,16,4578,13,10,3,16,54,-4,Schlag,1,1/06/08/04ba18,237,237,,,,st3 akt06,15,,,,,,
boss_b_bot_kette,p0_s1_s1_cam02048,16,4595,10,6,4,16,54,-4,Schlag,2,1/00/00/049efa,17,17,,,,Zucken (Aktion 4),15,,,,,,
boss_b_bot_kette,p0_s1_s1_cam02048,16,4635,6,3,3,16,54,-1,Schlag,1,1/00/00/049fd6,40,40,,,,Zucken,,,,,,,
boss_b_bot_kette,p0_s1_s1_cam02048,16,4652,3,-1,4,16,51,-1,Schlag,2,3/00/02/04b03e,17,17,,,,Tod,,,,,,,
# B arten: Stichprobe je Treffart bei Rang 24 (EINGRIFF), 16 Laeufe mit um je 6 Frames verschobenem Beginn; treffer_nr = n-ter LP-Verlust im Lauf; davon_teilweise = LP steigen nur um einen Teil (Reaktion abgefangen, Aktion 0x1E)
art,laeufe,ohne_treffer,treffer_nr,figur,faelle,zurueck,davon_teilweise,dauerhaft,schaden
schlag,16,0,1,Schlag Stufe 1,16,1,0,15,3 (n=16)
kette2,16,1,1,Schlag Stufe 1,15,2,0,13,3 (n=15)
kette2,16,1,2,Schlag Stufe 2,13,6,0,7,4 (n=13)
kette4,16,1,1,Schlag Stufe 1,15,2,0,13,3 (n=15)
kette4,16,1,2,Schlag Stufe 2,13,6,0,7,4 (n=13)
kette4,16,1,3,Schlag Stufe 3,7,0,0,7,5 (n=7)
kette4,16,1,4,Schlag Stufe 4,7,3,1,4,10 (n=7)
sprn,16,7,1,Sprungangriff,9,2,1,7,7 (n=9)
sprh,16,0,1,Sprungangriff,16,3,0,13,12 (n=16)
spez,16,1,1,Spezial,15,0,0,15,6 (n=15)
sprint,16,0,1,Sprintangriff,16,4,1,12,9 (n=16)
wurf,16,0,1,Griff,16,0,0,16,14 (n=16)
knie,16,0,1,Griff,16,0,0,16,4 (n=16)
mis,16,6,1,Stand,10,0,0,10,8 (n=10)
las,16,0,1,Waffe,16,0,0,16,6 (n=16)
tritt,16,2,1,Schlag Stufe 3/Schlag Stufe 4,14,3,0,11,"5..10 (n=14, Median 10.0)"
tritt,16,2,2,Schlag Stufe 4,1,0,0,1,10 (n=1)
# C reaktion: Reaktionsart je Treffart (alle Laeufe der Teile B, C, E)
reaktion,figur,faelle,frei_ab,rueckzug_frames,rueckzug_x,rueckzug_attr,figur_lp_min_im_rueckzug,weg_bis_frei_x
Rueckzug,Schlag,220,55 (n=202),"27..54 (n=220, Median 54.0)","0.0..48.0 (n=220, Median 48.0)",00,72 (n=220),
Rueckzug,Sprintangriff,4,55 (n=4),54 (n=4),48.0 (n=4),00,72 (n=4),
Rueckzug,Sprungangriff,5,55 (n=5),54 (n=5),48.0 (n=5),00,72 (n=5),
Tod,Schlag,12,,,,,,
Zucken,Schlag,538,"2..118 (n=535, Median 27)",,,,,
Zucken (Aktion 4),Schlag,25,15 (n=25),,,,,
abgefangen (Aktion 1E),Schlag,1,46 (n=1),,,,,106.38 (n=1)
abgefangen (Aktion 1E),Sprintangriff,1,46 (n=1),,,,,106.38 (n=1)
abgefangen (Aktion 1E),Sprungangriff,1,46 (n=1),,,,,106.38 (n=1)
im Griff,Griff,18,"120..124 (n=7, Median 120)",,,,,
st1 akt06,Schlag,2,1 (n=2),,,,,
st3 akt04,Griff,19,"62..147 (n=19, Median 62)",,,,,
st3 akt06,Schlag,3,15 (n=3),,,,,
umgeworfen (Aktion 0C),Griff,1,107 (n=1),,,,,133.0 (n=1)
umgeworfen (Aktion 0C),Schlag,47,"68..135 (n=45, Median 116)",,,,,"1.88..160.88 (n=45, Median 127.25)"
umgeworfen (Aktion 0C),Sprintangriff,33,105 (n=21),,,,,127.25 (n=21)
umgeworfen (Aktion 0C),Sprungangriff,34,105 (n=14),,,,,127.25 (n=14)
umgeworfen (Aktion 0C),Waffe,18,"93..100 (n=7, Median 99)",,,,,"67.0..72.75 (n=7, Median 70.88)"
umgeworfen (Aktion 12),Spezial,26,78 (n=12),,,,,135.12 (n=12)
umgeworfen (Aktion 14),Stand,11,152 (n=1),,,,,59.25 (n=1)
umgeworfen (Aktion 14),Waffe,1,152 (n=1),,,,,59.25 (n=1)
# C zittern (boss_b_k1): x relativ zu x(h) in h+1..h+27: +0 +0 +0 +0 +0 +0 +0 +0 +3 +0 +2 +0 +1 +0 +0 +0 +0 +0 +0 +0 +0 +0 +0 +0 +0 +0 +0
# C zucken Animation (boss_b_k1): h+0:04a97e h+1:04aff0 h+14:04b03e h+20:04b086 h+26:04b0d4 h+27:049efa
# C aufstehen: Probe (Schlag bzw. Spezial) auf den liegenden und aufgestandenen Boss; K = Treffer, der umwirft; G = erster Frame mit S+4 = 1; X = erster aktiver Frame der Probe; flaeche_ab_G_plus = erster Frame ab G mit Trefferflaeche S+0x28 > 0; schutz_in_G = Schutzzaehler S+0xAE in G
lauf,info,K,G,X,scheitel_h,scheitel_K_plus,boden_K_plus,weg_K_bis_G,G_minus_K,X_minus_G,boss_in_X,flaeche_in_X,schutz_in_G,flaeche_ab_G_plus,eigener_angriff_ab_G_plus,griff_ab,treffer_h,h_minus_G,ergebnis
boss_c_aufs160,probe=160 umgeworfen=sprint,77,182,160,48.24,27,46,127.25,105,-22,st2 akt0c/0a,0000,10,6,,187,,,kein Treffer
boss_c_aufs178,probe=178 umgeworfen=sprint,77,182,178,48.24,27,46,127.25,105,-4,st2 akt0c/0a,0000,10,6,,187,,,kein Treffer
boss_c_aufs182,probe=182 umgeworfen=sprint,77,182,182,48.24,27,46,127.25,105,0,st1 akt00/00,0000,10,6,,187,,,kein Treffer
boss_c_aufs184,probe=184 umgeworfen=sprint,77,182,184,48.24,27,46,127.25,105,2,st1 akt00/00,0000,10,8,,189,,,kein Treffer
boss_c_aufs186,probe=186 umgeworfen=sprint,77,182,186,48.24,27,46,127.25,105,4,st1 akt00/00,0000,10,9,,190,,,kein Treffer
boss_c_aufs190,probe=190 umgeworfen=sprint,77,182,190,48.24,27,46,127.25,105,8,st1 akt00/00,0000,10,13,,195,,,kein Treffer
boss_c_aufs192,probe=192 umgeworfen=sprint,77,182,192,48.24,27,46,127.25,105,10,st1 akt00/00,0000,10,15,,197,,,kein Treffer
boss_c_aufs193,probe=193 umgeworfen=sprint,77,182,193,48.24,27,46,127.25,105,11,st1 akt00/00,0000,10,15,,197,,,kein Treffer
boss_c_aufs194,probe=194 umgeworfen=sprint,77,182,194,48.24,27,46,127.25,105,12,st1 akt00/00,0000,10,16,,199,,,kein Treffer
boss_c_aufs195,probe=195 umgeworfen=sprint,77,182,195,48.24,27,46,127.25,105,13,st1 akt00/00,0000,10,16,,,198,16,zurueck
boss_c_aufs196,probe=196 umgeworfen=sprint,77,182,196,48.24,27,46,127.25,105,14,st1 akt00/00,0000,10,16,,,198,16,zurueck
boss_c_aufs197,probe=197 umgeworfen=sprint,77,182,197,48.24,27,46,127.25,105,15,st1 akt00/00,0000,10,16,,,198,16,zurueck
boss_c_aufs198,probe=198 umgeworfen=sprint,77,182,198,48.24,27,46,127.25,105,16,st3 akt00/00,0344,10,16,,,198,16,zurueck
boss_c_aufs200,probe=200 umgeworfen=sprint,77,182,200,48.24,27,46,127.25,105,18,st3 akt00/00,0344,10,16,,,200,18,zurueck
boss_c_aufj150,probe=150 umgeworfen=sprung,69,174,150,48.24,27,46,127.25,105,-24,st2 akt0c/0a,0000,10,,,,,,kein Treffer
boss_c_aufj172,probe=172 umgeworfen=sprung,69,174,172,48.24,27,46,127.25,105,-2,st2 akt0c/0a,0000,10,8,,181,,,kein Treffer
boss_c_aufj174,probe=174 umgeworfen=sprung,69,174,174,48.24,27,46,127.25,105,0,st1 akt00/00,0000,10,8,,181,,,kein Treffer
boss_c_aufj176,probe=176 umgeworfen=sprung,69,174,176,48.24,27,46,127.25,105,2,st1 akt00/00,0000,10,9,,182,,,kein Treffer
boss_c_aufj180,probe=180 umgeworfen=sprung,69,174,180,48.24,27,46,127.25,105,6,st1 akt00/00,0000,10,12,,186,,,kein Treffer
boss_c_aufj185,probe=185 umgeworfen=sprung,69,174,185,48.24,27,46,127.25,105,11,st1 akt00/00,0000,10,16,,190,,,kein Treffer
boss_c_aufj186,probe=186 umgeworfen=sprung,69,174,186,48.24,27,46,127.25,105,12,st1 akt00/00,0000,10,16,,190,,,kein Treffer
boss_c_aufj187,probe=187 umgeworfen=sprung,69,174,187,48.24,27,46,127.25,105,13,st1 akt00/00,0000,10,16,,,190,16,zurueck
boss_c_aufj188,probe=188 umgeworfen=sprung,69,174,188,48.24,27,46,127.25,105,14,st1 akt00/00,0000,10,16,,,190,16,zurueck
boss_c_aufj189,probe=189 umgeworfen=sprung,69,174,189,48.24,27,46,127.25,105,15,st1 akt00/00,0000,10,16,,,190,16,zurueck
boss_c_aufj190,probe=190 umgeworfen=sprung,69,174,190,48.24,27,46,127.25,105,16,st3 akt00/00,0344,10,16,,,190,16,zurueck
boss_c_aufj192,probe=192 umgeworfen=sprung,69,174,192,48.24,27,46,127.25,105,18,st3 akt00/00,0344,10,16,,,192,18,zurueck
boss_c_sp45_184,probe=184 umgeworfen=sprint spezial d=45,77,182,184,48.24,27,46,127.25,105,2,st1 akt00/00,0000,10,14,3,,196,14,dauerhaft
boss_c_sp55_184,probe=184 umgeworfen=sprint spezial d=55,77,182,184,48.24,27,46,127.25,105,2,st1 akt00/00,0000,10,16,,,198,16,dauerhaft
boss_c_sp45_188,probe=188 umgeworfen=sprint spezial d=45,77,182,188,48.24,27,46,127.25,105,6,st1 akt00/00,0000,10,13,7,,195,13,dauerhaft
boss_c_sp55_188,probe=188 umgeworfen=sprint spezial d=55,77,182,188,48.24,27,46,127.25,105,6,st1 akt00/00,0000,10,16,,,198,16,dauerhaft
boss_c_sp45_192,probe=192 umgeworfen=sprint spezial d=45,77,182,192,48.24,27,46,127.25,105,10,st1 akt00/00,0000,10,11,11,,198,16,dauerhaft
boss_c_sp55_192,probe=192 umgeworfen=sprint spezial d=55,77,182,192,48.24,27,46,127.25,105,10,st1 akt00/00,0000,10,16,,,198,16,dauerhaft
# C schutz: Phasen, in denen der Boss nicht trefferbar ist (Trefferflaeche S+0x28 = 0 oder S+4 = 2), nach Grund; frames_ohne_flaeche = Laenge der Phase; davon_frei_s4_1 = Frames am Ende der Phase mit S+4 = 1 (frei, aber ohne Flaeche); schutzzaehler_bei_frei = S+0xAE im ersten dieser Frames; zelle_bei_rueckkehr = Animation im ersten trefferbaren Frame
grund,faelle,frames_ohne_flaeche,davon_frei_s4_1,schutzzaehler_bei_frei,zelle_bei_rueckkehr
Koerperpresse,1,32 (n=1),32 (n=1),31 (n=1),04b9d0:1
Koerperpresse aus der Trefferreaktion,30,"32..37 (n=30, Median 37.0)","32..37 (n=30, Median 37.0)",31 (n=30),04b9d0:30
Rueckzug (Aktion 8),210,"60..90 (n=210, Median 62.0)","6..36 (n=210, Median 8.0)",5 (n=210),049f48:191 049efa:9 049ea4:4 04aa22:3
packt die Figur,33,"84..127 (n=33, Median 125)",,,049efa:33
st1 akt00,4,"13..16 (n=4, Median 14.5)","13..16 (n=4, Median 14.5)",10 (n=4),049f92:2 04a6ca:2
st2 akt00,37,1 (n=37),,,049d08:37
umgeworfen bzw. abgefangen (Aktion 0C),70,"12..164 (n=70, Median 120.5)","11..33 (n=61, Median 16)",10 (n=61),049f92:53 04b67e:9 04b9d0:2 049efa:2
umgeworfen bzw. abgefangen (Aktion 12),12,77 (n=12),,,049efa:12
umgeworfen bzw. abgefangen (Aktion 14),2,132 (n=2),,,04b5ae:2
umgeworfen bzw. abgefangen (Aktion 1E),3,45 (n=3),,,049efa:3
von der Figur gepackt,18,"92..116 (n=18, Median 104.0)",,,04b5ae:18
# C schutz Treffer: LP-Verluste nach S+0x28 (Vorframe h-1 / Trefferframe h; 0 = leer, 1 = gesetzt): 0/1: 24, 1/1: 1039
# C ausbruch: Angriff direkt aus der Trefferreaktion (S+4 3 -> 1, Aktion 6) in den Bot-Laeufen; schutz = S+0xAE in diesem Frame; flaeche_ab = Frames bis S+0x28 > 0
lauf,frame,rang,anim,seit_treffer,seit_angriffsbeginn,dx,schutz,flaeche_ab
boss_b_bot_p7,1244,7,04b842,3,174,70,32,38
boss_b_bot_p7,2149,7,04b842,1,34,-71,32,38
boss_b_bot_p7,3012,7,04b842,12,123,69,32,38
boss_b_bot_q7,1008,7,04b842,8,220,-72,32,38
boss_b_bot_q7,2188,7,04b842,15,224,68,32,38
boss_b_bot_p9,1244,9,04b842,3,174,70,32,38
boss_b_bot_p9,2149,9,04b842,1,34,-71,32,38
boss_b_bot_p9,3012,9,04b842,12,123,69,32,38
boss_b_bot_q9,1074,9,04b842,2,396,-72,32,38
boss_b_bot_q9,3906,9,04b842,5,239,-70,32,38
boss_b_bot_p12,1244,12,04b842,3,174,70,32,38
boss_b_bot_p12,3562,12,04b842,9,104,71,32,38
boss_b_bot_p12,4243,12,04b842,4,228,-71,32,38
boss_b_bot_q12,4582,12,04b842,15,551,-71,32,38
boss_b_bot_p16,1244,16,04b842,3,174,70,32,38
boss_b_bot_p16,3136,16,04b842,7,310,70,32,38
boss_b_bot_p16,4318,16,04b842,4,142,-71,32,38
boss_b_bot_q16,1436,16,04b842,27,327,-68,32,38
boss_b_bot_q16,2181,16,04b842,2,284,-71,32,38
boss_b_bot_q16,4474,16,04b842,9,250,-71,32,38
boss_b_bot_p20,1244,20,04b842,3,174,70,32,38
boss_b_bot_p20,3299,20,04b842,2,153,71,32,38
boss_b_bot_p20,4109,20,04b842,22,263,-68,32,38
boss_b_bot_q20,1419,20,04b842,22,159,-68,32,38
boss_b_bot_p24,1244,24,04b842,3,174,70,32,38
boss_b_bot_p24,3299,24,04b842,2,153,71,32,38
boss_b_bot_p24,3994,24,04b842,2,147,-71,32,38
boss_b_bot_p24,5118,24,04b842,18,271,66,32,38
# C ausbruch Summe: 28 Ausbrueche bei 414 Treffern mit Zuck-Reaktion in den Bot-Laeufen; Frames seit dem letzten Angriffsbeginn: Ausbrueche 34..551 (n=28, Median 174.0), alle Beginne einer Zuck-Reaktion 1..602 (n=574, Median 81.0)
# C im angriff: Treffer, waehrend der Boss selbst angreift (Aktion 6)
lauf,h,angriff,phase,anim,figur,ergebnis,reaktion
boss_b_tritt,74,K,04,04a97e,Schlag,dauerhaft,umgeworfen (Aktion 0C)
boss_b_spez,78,K,06,04aae2,Spezial,dauerhaft,umgeworfen (Aktion 12)
boss_b_mis,31,Annaeherung,02,049f92,Stand,dauerhaft,umgeworfen (Aktion 14)
boss_b_mis3,31,Annaeherung,02,049f92,Waffe,dauerhaft,umgeworfen (Aktion 14)
boss_b_n1,157,Annaeherung,02,04a06a,Schlag,zurueck,Rueckzug
boss_b_n2,157,Annaeherung,02,04a06a,Schlag,zurueck,Rueckzug
boss_b_bot_p7,130,S,04,04a6ca,Schlag,dauerhaft,Zucken
boss_b_bot_p7,420,S,04,04a6ca,Schlag,zurueck,Rueckzug
boss_b_bot_p7,688,P,06,04b9d0,Schlag,dauerhaft,umgeworfen (Aktion 0C)
boss_b_bot_p7,878,P,04,04b886,Schlag,dauerhaft,umgeworfen (Aktion 0C)
boss_b_bot_p7,1077,S,04,04a6ca,Schlag,dauerhaft,Zucken
boss_b_bot_p7,2116,Annaeherung,00,049efa,Schlag,dauerhaft,Zucken
boss_b_bot_p7,2468,S,04,04a6ca,Schlag,dauerhaft,Zucken
boss_b_bot_p7,2904,Annaeherung,02,049f92,Schlag,dauerhaft,Zucken
boss_b_bot_p7,3153,R,04,04a302,Schlag,dauerhaft,Zucken
boss_b_bot_p7,3385,S,04,04a6ca,Schlag,dauerhaft,Zucken
boss_b_bot_p7,3734,P,08,04ba18,Schlag,dauerhaft,st3 akt06
boss_b_bot_p7,4110,S,04,04a6ca,Schlag,dauerhaft,Zucken
boss_b_bot_p7,4224,P,04,04b842,Schlag,dauerhaft,Tod
boss_b_bot_q7,239,S,04,04a6ca,Schlag,zurueck,Rueckzug
boss_b_bot_q7,415,S,04,04a6ca,Schlag,dauerhaft,Zucken
boss_b_bot_q7,684,S,04,04a67c,Schlag,dauerhaft,Zucken
boss_b_bot_q7,796,S,04,04a6ca,Schlag,dauerhaft,Zucken
boss_b_bot_q7,1194,S,04,04a6ca,Schlag,dauerhaft,Zucken
boss_b_bot_q7,1335,S,04,04a6ca,Schlag,dauerhaft,Zucken
boss_b_bot_q7,1689,S,04,04a6ca,Schlag,dauerhaft,Zucken
boss_b_bot_q7,1973,S,04,04a6ca,Schlag,zurueck,Rueckzug
boss_b_bot_q7,2318,S,04,04a6ca,Schlag,dauerhaft,Zucken
boss_b_bot_q7,2461,P,04,04b8d0,Schlag,dauerhaft,umgeworfen (Aktion 0C)
boss_b_bot_q7,2766,P,04,04b912,Schlag,dauerhaft,umgeworfen (Aktion 0C)
boss_b_bot_q7,3064,S,04,04a6ca,Schlag,dauerhaft,Zucken
boss_b_bot_q7,3381,R,04,04a354,Schlag,dauerhaft,Zucken
boss_b_bot_q7,3629,S,04,04a6ca,Schlag,zurueck,Rueckzug
boss_b_bot_q7,3768,P,06,04b9d0,Schlag,dauerhaft,umgeworfen (Aktion 0C)
boss_b_bot_q7,3968,S,04,04a6ca,Schlag,dauerhaft,Zucken
boss_b_bot_q7,4291,R,04,04a26a,Schlag,dauerhaft,Tod
boss_b_bot_p9,130,S,04,04a6ca,Schlag,dauerhaft,Zucken
boss_b_bot_p9,420,S,04,04a6ca,Schlag,zurueck,Rueckzug
boss_b_bot_p9,688,P,06,04b9d0,Schlag,dauerhaft,umgeworfen (Aktion 0C)
boss_b_bot_p9,878,P,04,04b886,Schlag,dauerhaft,umgeworfen (Aktion 0C)
boss_b_bot_p9,1077,S,04,04a6ca,Schlag,dauerhaft,Zucken
boss_b_bot_p9,2116,Annaeherung,00,049efa,Schlag,dauerhaft,Zucken
boss_b_bot_p9,2468,S,04,04a6ca,Schlag,dauerhaft,Zucken
boss_b_bot_p9,2904,Annaeherung,02,049f92,Schlag,dauerhaft,Zucken
boss_b_bot_p9,3153,R,04,04a302,Schlag,dauerhaft,Zucken
boss_b_bot_p9,3385,S,04,04a6ca,Schlag,dauerhaft,Zucken
boss_b_bot_p9,3734,P,08,04ba18,Schlag,dauerhaft,st3 akt06
boss_b_bot_p9,4110,S,04,04a6ca,Schlag,dauerhaft,Zucken
boss_b_bot_p9,4296,S,02,04a6ca,Schlag,dauerhaft,Zucken
boss_b_bot_q9,239,S,04,04a6ca,Schlag,zurueck,Rueckzug
boss_b_bot_q9,415,S,04,04a6ca,Schlag,dauerhaft,Zucken
boss_b_bot_q9,684,S,04,04a67c,Schlag,dauerhaft,Zucken
boss_b_bot_q9,2060,Annaeherung,02,049fd6,Schlag,dauerhaft,Zucken
boss_b_bot_q9,2474,S,04,04a6ca,Schlag,zurueck,Rueckzug
boss_b_bot_q9,2827,S,04,04a6ca,Schlag,dauerhaft,Zucken
boss_b_bot_q9,3155,R,04,04a2be,Schlag,dauerhaft,Zucken
boss_b_bot_q9,3368,S,04,04a6ca,Schlag,dauerhaft,Zucken
boss_b_bot_q9,3523,P,04,04b912,Schlag,dauerhaft,umgeworfen (Aktion 0C)
boss_b_bot_q9,3678,P,04,04b8d0,Schlag,dauerhaft,umgeworfen (Aktion 0C)
boss_b_bot_q9,4031,S,04,04a6ca,Schlag,dauerhaft,Tod
boss_b_bot_p12,130,S,04,04a6ca,Schlag,dauerhaft,Zucken
boss_b_bot_p12,420,S,04,04a6ca,Schlag,zurueck,Rueckzug
boss_b_bot_p12,688,P,06,04b9d0,Schlag,dauerhaft,umgeworfen (Aktion 0C)
boss_b_bot_p12,878,P,04,04b886,Schlag,dauerhaft,umgeworfen (Aktion 0C)
boss_b_bot_p12,1077,S,04,04a6ca,Schlag,dauerhaft,Zucken
boss_b_bot_p12,1680,R,04,04a26a,Schlag,dauerhaft,Zucken
boss_b_bot_p12,1910,S,04,04a6ca,Schlag,dauerhaft,Zucken
boss_b_bot_p12,2307,R,04,04a2be,Schlag,dauerhaft,Zucken
boss_b_bot_p12,2646,S,04,04a6ca,Schlag,zurueck,Rueckzug
boss_b_bot_p12,3063,S,04,04a67c,Schlag,dauerhaft,Zucken
boss_b_bot_p12,3461,P,04,04b842,Schlag,dauerhaft,umgeworfen (Aktion 0C)
boss_b_bot_p12,3685,S,04,04a6ca,Schlag,dauerhaft,Zucken
boss_b_bot_p12,4028,P,04,04b912,Schlag,dauerhaft,umgeworfen (Aktion 0C)
boss_b_bot_p12,4371,R,04,04a2be,Schlag,dauerhaft,Zucken
boss_b_bot_p12,4632,R,06,04a3f6,Schlag,dauerhaft,Zucken
boss_b_bot_p12,4929,S,04,04a6ca,Schlag,zurueck,Rueckzug
boss_b_bot_q12,240,S,04,04a6ca,Schlag,zurueck,Rueckzug
boss_b_bot_q12,591,S,04,04a6ca,Schlag,zurueck,Rueckzug
boss_b_bot_q12,946,S,04,04a67c,Schlag,dauerhaft,Zucken
boss_b_bot_q12,1218,R,04,04a26a,Schlag,dauerhaft,Zucken
boss_b_bot_q12,1451,S,04,04a7c2,Schlag,zurueck,Rueckzug
boss_b_bot_q12,1695,S,04,04a71e,Schlag,dauerhaft,Zucken
boss_b_bot_q12,1894,P,04,04b842,Schlag,dauerhaft,umgeworfen (Aktion 0C)
boss_b_bot_q12,2234,R,04,04a2be,Schlag,dauerhaft,Zucken
boss_b_bot_q12,2455,S,04,04a6ca,Schlag,zurueck,Rueckzug
boss_b_bot_q12,2746,R,04,04a302,Schlag,dauerhaft,Zucken
boss_b_bot_q12,3231,R,04,04a354,Schlag,dauerhaft,Zucken
boss_b_bot_q12,3814,S,04,04a6ca,Schlag,dauerhaft,Zucken
boss_b_bot_q12,4104,P,08,04baa6,Schlag,dauerhaft,Zucken
boss_b_bot_q12,4688,S,04,04a6ca,Schlag,dauerhaft,Zucken
boss_b_bot_q12,4863,P,04,04b886,Schlag,dauerhaft,Tod
boss_b_bot_p16,130,S,04,04a6ca,Schlag,dauerhaft,Zucken
boss_b_bot_p16,420,S,04,04a6ca,Schlag,zurueck,Rueckzug
boss_b_bot_p16,688,P,06,04b9d0,Schlag,dauerhaft,umgeworfen (Aktion 0C)
boss_b_bot_p16,878,P,04,04b886,Schlag,dauerhaft,umgeworfen (Aktion 0C)
boss_b_bot_p16,1077,S,04,04a6ca,Schlag,dauerhaft,Zucken
boss_b_bot_p16,1680,R,04,04a26a,Schlag,dauerhaft,Zucken
boss_b_bot_p16,1910,S,04,04a6ca,Schlag,dauerhaft,Zucken
boss_b_bot_p16,2307,R,04,04a2be,Schlag,dauerhaft,Zucken
boss_b_bot_p16,2628,R,04,04a354,Schlag,dauerhaft,Zucken
boss_b_bot_p16,2837,S,04,04a6ca,Schlag,zurueck,Rueckzug
boss_b_bot_p16,3279,R,04,04a302,Schlag,dauerhaft,Zucken
boss_b_bot_p16,3498,R,04,04a354,Schlag,dauerhaft,Zucken
boss_b_bot_p16,3788,S,04,04a6ca,Schlag,zurueck,Rueckzug
boss_b_bot_p16,3900,S,04,04a6ca,Schlag,dauerhaft,Zucken
boss_b_bot_p16,4099,S,04,04a67c,Schlag,dauerhaft,Zucken
boss_b_bot_p16,4182,P,04,04b886,Schlag,dauerhaft,umgeworfen (Aktion 0C)
boss_b_bot_p16,4463,R,04,04a2be,Schlag,dauerhaft,Zucken
boss_b_bot_p16,4717,R,04,04a354,Schlag,dauerhaft,Zucken
boss_b_bot_p16,4872,S,04,04a6ca,Schlag,dauerhaft,Zucken
boss_b_bot_p16,5079,Annaeherung,00,049efa,Schlag,dauerhaft,Zucken
boss_b_bot_p16,5143,P,04,04b886,Schlag,dauerhaft,umgeworfen (Aktion 0C)
boss_b_bot_q16,240,S,04,04a6ca,Schlag,zurueck,Rueckzug
boss_b_bot_q16,591,S,04,04a6ca,Schlag,zurueck,Rueckzug
boss_b_bot_q16,946,S,04,04a67c,Schlag,dauerhaft,Zucken
boss_b_bot_q16,1118,S,04,04a6ca,Schlag,zurueck,Rueckzug
boss_b_bot_q16,1899,Annaeherung,02,049efa,Schlag,zurueck,Rueckzug
boss_b_bot_q16,2368,R,04,04a2be,Schlag,dauerhaft,Zucken
boss_b_bot_q16,2841,S,04,04a6ca,Schlag,dauerhaft,Zucken
boss_b_bot_q16,3309,R,04,04a302,Schlag,dauerhaft,Zucken
boss_b_bot_q16,3421,S,04,04a6ca,Schlag,dauerhaft,Zucken
boss_b_bot_q16,3521,R,04,04a26a,Schlag,dauerhaft,Zucken
boss_b_bot_q16,3781,S,04,04a6ca,Schlag,zurueck,Rueckzug
boss_b_bot_q16,4019,S,04,04a6ca,Schlag,dauerhaft,Zucken
boss_b_bot_q16,4225,Annaeherung,00,04a06a,Schlag,zurueck,Rueckzug
boss_b_bot_q16,4586,R,04,04a302,Schlag,dauerhaft,Zucken
boss_b_bot_q16,4863,R,06,04a3f6,Schlag,dauerhaft,Zucken
boss_b_bot_q16,5179,S,04,04a6ca,Schlag,zurueck,Rueckzug
boss_b_bot_q16,5481,P,06,04b9d0,Schlag,dauerhaft,umgeworfen (Aktion 0C)
boss_b_bot_q16,5698,S,04,04a6ca,Schlag,dauerhaft,Tod
boss_b_bot_p20,130,S,04,04a6ca,Schlag,dauerhaft,Zucken
boss_b_bot_p20,420,S,04,04a6ca,Schlag,zurueck,Rueckzug
boss_b_bot_p20,688,P,06,04b9d0,Schlag,dauerhaft,umgeworfen (Aktion 0C)
boss_b_bot_p20,878,P,04,04b886,Schlag,dauerhaft,umgeworfen (Aktion 0C)
boss_b_bot_p20,1077,S,04,04a6ca,Schlag,dauerhaft,Zucken
boss_b_bot_p20,1624,R,04,04a302,Schlag,dauerhaft,Zucken
boss_b_bot_p20,1856,R,04,04a2be,Schlag,dauerhaft,Zucken
boss_b_bot_p20,2093,R,04,04a2be,Schlag,dauerhaft,Zucken
boss_b_bot_p20,2424,R,04,04a302,Schlag,zurueck,Rueckzug
boss_b_bot_p20,2786,R,04,04a2be,Schlag,dauerhaft,Zucken
boss_b_bot_p20,3161,Annaeherung,02,049f92,Schlag,dauerhaft,Zucken
boss_b_bot_p20,3425,R,04,04a2be,Schlag,zurueck,Rueckzug
boss_b_bot_p20,3715,S,04,04a6ca,Schlag,dauerhaft,Zucken
boss_b_bot_p20,3852,P,04,04b886,Schlag,dauerhaft,umgeworfen (Aktion 0C)
boss_b_bot_p20,4226,R,04,04a2be,Schlag,zurueck,Rueckzug
boss_b_bot_p20,4563,R,04,04a302,Schlag,dauerhaft,Zucken
boss_b_bot_p20,4781,S,04,04a6ca,Schlag,zurueck,Rueckzug
boss_b_bot_p20,5511,R,04,04a354,Schlag,zurueck,Rueckzug
boss_b_bot_p20,5793,R,04,04a2be,Schlag,zurueck,Rueckzug
boss_b_bot_p20,6135,S,04,04a6ca,Schlag,zurueck,Rueckzug
boss_b_bot_p20,6243,R,04,04a26a,Schlag,zurueck,Rueckzug
boss_b_bot_p20,6541,R,06,04a3f6,Schlag,dauerhaft,Zucken
boss_b_bot_p20,6607,Annaeherung,02,04a022,Schlag,dauerhaft,Zucken
boss_b_bot_p20,6679,S,04,04a6ca,Schlag,dauerhaft,Zucken
boss_b_bot_q20,240,S,04,04a6ca,Schlag,zurueck,Rueckzug
boss_b_bot_q20,591,S,04,04a6ca,Schlag,zurueck,Rueckzug
boss_b_bot_q20,1261,Annaeherung,00,049efa,Schlag,zurueck,Rueckzug
boss_b_bot_q20,1551,R,04,04a302,Schlag,dauerhaft,Zucken
boss_b_bot_q20,1771,S,04,04a6ca,Schlag,zurueck,Rueckzug
boss_b_bot_q20,1954,S,04,04a67c,Schlag,dauerhaft,Zucken
boss_b_bot_q20,2305,R,04,04a302,Schlag,zurueck,Rueckzug
boss_b_bot_q20,2820,R,04,04a302,Schlag,dauerhaft,Zucken
boss_b_bot_q20,3049,R,04,04a26a,Schlag,dauerhaft,Zucken
boss_b_bot_q20,3647,S,04,04a6ca,Schlag,dauerhaft,Zucken
boss_b_bot_q20,4014,R,04,04a2be,Schlag,dauerhaft,Zucken
boss_b_bot_q20,4254,R,04,04a302,Schlag,zurueck,Rueckzug
boss_b_bot_q20,4585,S,04,04a6ca,Schlag,dauerhaft,Zucken
boss_b_bot_q20,4913,S,04,04a6ca,Schlag,dauerhaft,Zucken
boss_b_bot_q20,5424,R,04,04a26a,Schlag,dauerhaft,Zucken
boss_b_bot_q20,6053,S,04,04a6ca,Schlag,dauerhaft,Zucken
boss_b_bot_q20,6174,Annaeherung,02,04a022,Schlag,dauerhaft,Zucken
boss_b_bot_q20,6237,S,04,04a67c,Schlag,zurueck,Rueckzug
boss_b_bot_q20,6343,S,04,04a6ca,Schlag,dauerhaft,Zucken
boss_b_bot_q20,7020,R,04,04a302,Schlag,dauerhaft,Tod
boss_b_bot_p24,130,S,04,04a6ca,Schlag,dauerhaft,Zucken
boss_b_bot_p24,420,S,04,04a6ca,Schlag,zurueck,Rueckzug
boss_b_bot_p24,688,P,06,04b9d0,Schlag,dauerhaft,umgeworfen (Aktion 0C)
boss_b_bot_p24,878,P,04,04b886,Schlag,dauerhaft,umgeworfen (Aktion 0C)
boss_b_bot_p24,1077,S,04,04a6ca,Schlag,dauerhaft,Zucken
boss_b_bot_p24,1624,R,04,04a302,Schlag,dauerhaft,Zucken
boss_b_bot_p24,1856,R,04,04a2be,Schlag,dauerhaft,Zucken
boss_b_bot_p24,2093,R,04,04a2be,Schlag,dauerhaft,Zucken
boss_b_bot_p24,2424,R,04,04a302,Schlag,zurueck,Rueckzug
boss_b_bot_p24,2786,R,04,04a2be,Schlag,dauerhaft,Zucken
boss_b_bot_p24,3161,Annaeherung,02,049f92,Schlag,dauerhaft,Zucken
boss_b_bot_p24,3425,R,04,04a2be,Schlag,zurueck,Rueckzug
boss_b_bot_p24,3715,S,04,04a6ca,Schlag,dauerhaft,Zucken
boss_b_bot_p24,3856,P,04,04b8d0,Schlag,dauerhaft,umgeworfen (Aktion 0C)
boss_b_bot_p24,4129,R,04,04a302,Schlag,dauerhaft,Zucken
boss_b_bot_p24,4390,R,04,04a302,Schlag,zurueck,Rueckzug
boss_b_bot_p24,4624,S,04,04a6ca,Schlag,zurueck,Rueckzug
boss_b_bot_p24,4860,Annaeherung,02,049f92,Schlag,dauerhaft,Zucken
boss_b_bot_p24,5218,R,04,04a26a,Schlag,zurueck,Rueckzug
boss_b_bot_p24,5492,R,04,04a26a,Schlag,dauerhaft,Zucken
boss_b_bot_p24,5686,S,04,04a6ca,Schlag,zurueck,Rueckzug
boss_b_bot_p24,5843,P,08,04ba5c,Schlag,dauerhaft,Zucken
boss_b_bot_p24,5973,P,04,04b886,Schlag,dauerhaft,umgeworfen (Aktion 0C)
boss_b_bot_p24,6121,P,04,04b912,Schlag,dauerhaft,umgeworfen (Aktion 0C)
boss_b_bot_q24,240,S,04,04a6ca,Schlag,zurueck,Rueckzug
boss_b_bot_q24,654,R,04,04a302,Schlag,dauerhaft,Zucken
boss_b_bot_q24,1117,S,04,04a6ca,Schlag,dauerhaft,Zucken
boss_b_bot_q24,1464,R,04,04a26a,Schlag,zurueck,Rueckzug
boss_b_bot_q24,1759,S,04,04a6ca,Schlag,dauerhaft,Zucken
boss_b_bot_q24,2048,S,04,04a71e,Schlag,dauerhaft,Zucken
boss_b_bot_q24,2296,R,04,04a26a,Schlag,zurueck,Rueckzug
boss_b_bot_q24,3057,P,06,04b9d0,Schlag,dauerhaft,umgeworfen (Aktion 0C)
boss_b_bot_q24,3318,S,04,04a6ca,Schlag,dauerhaft,Zucken
boss_b_bot_q24,3418,R,04,04a26a,Schlag,zurueck,Rueckzug
boss_b_bot_q24,4010,R,04,04a2be,Schlag,dauerhaft,Zucken
boss_b_bot_q24,4244,R,04,04a26a,Schlag,zurueck,Rueckzug
boss_b_bot_q24,4590,S,04,04a6ca,Schlag,dauerhaft,Zucken
boss_b_bot_q24,4898,R,06,04a3f6,Schlag,zurueck,Rueckzug
boss_b_bot_q24,5508,S,04,04a6ca,Schlag,zurueck,Rueckzug
boss_b_bot_q24,5710,P,04,04b912,Schlag,dauerhaft,umgeworfen (Aktion 0C)
boss_b_bot_q24,6312,S,04,04a6ca,Schlag,dauerhaft,Zucken
boss_b_bot_q24,6525,S,04,04a6ca,Schlag,zurueck,Rueckzug
boss_b_bot_q24,6789,S,04,04a67c,Schlag,zurueck,Rueckzug
boss_b_bot_q24,6889,S,04,04a6ca,Schlag,zurueck,Rueckzug
boss_b_bot_q24,7131,Annaeherung,02,049f92,Schlag,dauerhaft,Zucken
boss_b_bot_q24,7613,R,04,04a302,Schlag,zurueck,Rueckzug
boss_b_bot_q24,7933,R,04,04a26a,Schlag,dauerhaft,Zucken
boss_b_bot_kette,130,S,04,04a6ca,Schlag,dauerhaft,Zucken
boss_b_bot_kette,494,R,04,04a2be,Schlag,dauerhaft,Zucken
boss_b_bot_kette,778,R,04,04a354,Schlag,dauerhaft,Zucken
boss_b_bot_kette,1026,R,04,04a354,Schlag,dauerhaft,Zucken
boss_b_bot_kette,1258,R,04,04a2be,Schlag,dauerhaft,Zucken
boss_b_bot_kette,1490,R,04,04a2be,Schlag,dauerhaft,Zucken
boss_b_bot_kette,1933,S,04,04a6ca,Schlag,zurueck,Rueckzug
boss_b_bot_kette,2120,P,04,04b8d0,Schlag,dauerhaft,umgeworfen (Aktion 0C)
boss_b_bot_kette,2411,P,04,04b8d0,Schlag,dauerhaft,umgeworfen (Aktion 0C)
boss_b_bot_kette,2714,S,04,04a6ca,Schlag,zurueck,Rueckzug
boss_b_bot_kette,3148,S,04,04a6ca,Schlag,dauerhaft,Zucken
boss_b_bot_kette,3599,S,04,04a6ca,Schlag,dauerhaft,Zucken
boss_b_bot_kette,3887,R,04,04a302,Schlag,dauerhaft,Zucken
boss_b_bot_kette,4250,S,04,04a6ca,Schlag,dauerhaft,Zucken
boss_b_bot_kette,4341,K,04,04a97e,Schlag,dauerhaft,Zucken
boss_b_bot_kette,4578,P,08,04ba18,Schlag,dauerhaft,st3 akt06
boss_b_t_spez_0,78,K,06,04aae2,Spezial,dauerhaft,umgeworfen (Aktion 12)
boss_b_t_mis_0,31,Annaeherung,02,049f92,Stand,dauerhaft,umgeworfen (Aktion 14)
boss_b_t_tritt_0,74,K,04,04a97e,Schlag,dauerhaft,umgeworfen (Aktion 0C)
boss_b_t_kette2_1,72,K,04,04a97e,Schlag,dauerhaft,Zucken
boss_b_t_kette4_1,72,K,04,04a97e,Schlag,dauerhaft,Zucken
boss_b_t_spez_1,84,K,06,04aae2,Spezial,dauerhaft,umgeworfen (Aktion 12)
boss_b_t_sprint_1,83,K,04,04a9d2,Sprintangriff,dauerhaft,umgeworfen (Aktion 0C)
boss_b_t_mis_1,37,S,02,04a6ca,Stand,dauerhaft,umgeworfen (Aktion 14)
boss_b_t_las_1,22,P,04,04b842,Waffe,dauerhaft,umgeworfen (Aktion 0C)
boss_b_t_tritt_1,80,K,04,04a97e,Schlag,dauerhaft,umgeworfen (Aktion 0C)
boss_b_t_kette2_2,78,K,04,04a97e,Schlag,dauerhaft,Zucken
boss_b_t_kette4_2,78,K,04,04a97e,Schlag,dauerhaft,Zucken
boss_b_t_sprh_2,83,K,04,04a97e,Sprungangriff,dauerhaft,umgeworfen (Aktion 0C)
boss_b_t_spez_2,90,K,06,04aae2,Spezial,dauerhaft,umgeworfen (Aktion 12)
boss_b_t_sprint_2,89,K,04,04a9d2,Sprintangriff,dauerhaft,umgeworfen (Aktion 0C)
boss_b_t_mis_2,43,R,04,04a26a,Stand,dauerhaft,umgeworfen (Aktion 14)
boss_b_t_las_2,28,P,04,04b8d0,Waffe,dauerhaft,umgeworfen (Aktion 0C)
boss_b_t_tritt_2,86,K,04,04a97e,Schlag,dauerhaft,umgeworfen (Aktion 0C)
boss_b_t_kette2_3,84,K,04,04a97e,Schlag,dauerhaft,Zucken
boss_b_t_kette4_3,84,K,04,04a97e,Schlag,dauerhaft,Zucken
boss_b_t_sprh_3,89,K,04,04a97e,Sprungangriff,dauerhaft,umgeworfen (Aktion 0C)
boss_b_t_spez_3,96,K,06,04aae2,Spezial,dauerhaft,umgeworfen (Aktion 12)
boss_b_t_sprint_3,95,K,04,04a9d2,Sprintangriff,dauerhaft,umgeworfen (Aktion 0C)
boss_b_t_mis_3,49,Annaeherung,02,04a022,Stand,dauerhaft,umgeworfen (Aktion 14)
boss_b_t_las_3,34,Annaeherung,00,049fd6,Waffe,dauerhaft,umgeworfen (Aktion 0C)
boss_b_t_tritt_3,92,K,04,04a97e,Schlag,dauerhaft,umgeworfen (Aktion 0C)
boss_b_t_kette2_4,90,K,04,04a97e,Schlag,dauerhaft,Zucken
boss_b_t_kette4_4,90,K,04,04a97e,Schlag,dauerhaft,Zucken
boss_b_t_kette4_4,125,K,04,04a97e,Schlag,dauerhaft,Zucken
boss_b_t_sprh_4,95,K,04,04a97e,Sprungangriff,dauerhaft,umgeworfen (Aktion 0C)
boss_b_t_spez_4,102,K,06,04aae2,Spezial,dauerhaft,umgeworfen (Aktion 12)
boss_b_t_sprint_4,101,K,04,04aa22,Sprintangriff,dauerhaft,umgeworfen (Aktion 0C)
boss_b_t_las_4,40,S,02,04a6ca,Waffe,dauerhaft,umgeworfen (Aktion 0C)
boss_b_t_tritt_4,98,K,04,04a97e,Schlag,dauerhaft,umgeworfen (Aktion 0C)
boss_b_t_kette2_5,96,K,04,04a97e,Schlag,dauerhaft,Zucken
boss_b_t_kette4_5,96,K,04,04a97e,Schlag,dauerhaft,Zucken
boss_b_t_kette4_5,131,K,04,04a97e,Schlag,dauerhaft,Zucken
boss_b_t_sprh_5,101,K,04,04a97e,Sprungangriff,dauerhaft,umgeworfen (Aktion 0C)
boss_b_t_spez_5,108,K,06,04aae2,Spezial,dauerhaft,umgeworfen (Aktion 12)
boss_b_t_sprint_5,107,K,04,04aa22,Sprintangriff,zurueck,abgefangen (Aktion 1E)
boss_b_t_las_5,46,S,02,04a6ca,Waffe,dauerhaft,umgeworfen (Aktion 0C)
boss_b_t_tritt_5,104,K,04,04a97e,Schlag,zurueck,Rueckzug
boss_b_t_kette2_6,102,K,04,04a97e,Schlag,dauerhaft,Zucken
boss_b_t_kette4_6,102,K,04,04a97e,Schlag,dauerhaft,Zucken
boss_b_t_kette4_6,137,K,04,04a97e,Schlag,dauerhaft,Zucken
boss_b_t_sprh_6,107,K,04,04a97e,Sprungangriff,zurueck,Rueckzug
boss_b_t_spez_6,114,K,06,04aae2,Spezial,dauerhaft,umgeworfen (Aktion 12)
boss_b_t_sprint_6,113,K,04,04a9d2,Sprintangriff,zurueck,Rueckzug
boss_b_t_mis_6,67,S,02,04a6ca,Stand,dauerhaft,umgeworfen (Aktion 14)
boss_b_t_las_6,52,Annaeherung,00,04a06a,Waffe,dauerhaft,umgeworfen (Aktion 0C)
boss_b_t_kette2_7,108,K,04,04a97e,Schlag,zurueck,Rueckzug
boss_b_t_kette4_7,108,K,04,04a97e,Schlag,zurueck,Rueckzug
boss_b_t_sprh_7,113,K,04,04a97e,Sprungangriff,zurueck,Rueckzug
boss_b_t_spez_7,120,K,06,04aae2,Spezial,dauerhaft,umgeworfen (Aktion 12)
boss_b_t_sprint_7,119,K,04,04a9d2,Sprintangriff,dauerhaft,umgeworfen (Aktion 0C)
boss_b_t_mis_7,73,S,02,04a6ca,Stand,dauerhaft,umgeworfen (Aktion 14)
boss_b_t_las_7,58,Annaeherung,00,049efa,Waffe,dauerhaft,umgeworfen (Aktion 0C)
boss_b_t_schlag_8,114,Annaeherung,02,049efa,Schlag,dauerhaft,Zucken
boss_b_t_sprn_8,117,Annaeherung,02,049efa,Sprungangriff,dauerhaft,umgeworfen (Aktion 0C)
boss_b_t_sprh_8,119,Annaeherung,02,049f48,Sprungangriff,dauerhaft,umgeworfen (Aktion 0C)
boss_b_t_sprint_8,125,S,04,04a71e,Sprintangriff,dauerhaft,umgeworfen (Aktion 0C)
boss_b_t_mis_8,79,S,02,04a6ca,Stand,dauerhaft,umgeworfen (Aktion 14)
boss_b_t_las_8,64,Annaeherung,00,049f48,Waffe,dauerhaft,umgeworfen (Aktion 0C)
boss_b_t_tritt_8,122,K,04,04a97e,Schlag,dauerhaft,umgeworfen (Aktion 0C)
boss_b_t_schlag_9,120,Annaeherung,02,049f48,Schlag,dauerhaft,Zucken
boss_b_t_kette2_9,120,Annaeherung,02,049f48,Schlag,dauerhaft,Zucken
boss_b_t_kette4_9,120,Annaeherung,02,049f48,Schlag,dauerhaft,Zucken
boss_b_t_sprh_9,125,S,04,04a67c,Sprungangriff,dauerhaft,umgeworfen (Aktion 0C)
boss_b_t_spez_9,144,S,06,04a822,Spezial,dauerhaft,umgeworfen (Aktion 12)
boss_b_t_sprint_9,131,S,04,04a71e,Sprintangriff,dauerhaft,umgeworfen (Aktion 0C)
boss_b_t_mis_9,85,S,02,04a6ca,Stand,dauerhaft,umgeworfen (Aktion 14)
boss_b_t_las_9,70,Annaeherung,00,049f48,Waffe,dauerhaft,umgeworfen (Aktion 0C)
boss_b_t_tritt_9,128,K,04,04a97e,Schlag,dauerhaft,umgeworfen (Aktion 0C)
boss_b_t_schlag_10,126,Annaeherung,02,049f48,Schlag,dauerhaft,Zucken
boss_b_t_kette2_10,126,Annaeherung,02,049f48,Schlag,dauerhaft,Zucken
boss_b_t_kette4_10,126,Annaeherung,02,049f48,Schlag,dauerhaft,Zucken
boss_b_t_sprh_10,131,S,04,04a67c,Sprungangriff,dauerhaft,umgeworfen (Aktion 0C)
boss_b_t_spez_10,150,S,06,04a822,Spezial,dauerhaft,umgeworfen (Aktion 12)
boss_b_t_sprint_10,137,S,04,04a71e,Sprintangriff,dauerhaft,umgeworfen (Aktion 0C)
boss_b_t_las_10,76,Annaeherung,00,049f92,Waffe,dauerhaft,umgeworfen (Aktion 0C)
boss_b_t_tritt_10,134,P,04,04b842,Schlag,dauerhaft,umgeworfen (Aktion 0C)
boss_b_t_schlag_11,132,Annaeherung,02,049f92,Schlag,dauerhaft,Zucken
boss_b_t_kette2_11,132,Annaeherung,02,049f92,Schlag,dauerhaft,Zucken
boss_b_t_kette4_11,132,Annaeherung,02,049f92,Schlag,dauerhaft,Zucken
boss_b_t_sprh_11,137,S,04,04a67c,Sprungangriff,dauerhaft,umgeworfen (Aktion 0C)
boss_b_t_spez_11,156,S,06,04a822,Spezial,dauerhaft,umgeworfen (Aktion 12)
boss_b_t_sprint_11,143,S,04,04a71e,Sprintangriff,dauerhaft,umgeworfen (Aktion 0C)
boss_b_t_las_11,82,Annaeherung,02,049fd6,Waffe,dauerhaft,umgeworfen (Aktion 0C)
boss_b_t_tritt_11,140,S,02,04a6ca,Schlag,dauerhaft,umgeworfen (Aktion 0C)
boss_b_t_schlag_12,138,Annaeherung,02,049fd6,Schlag,dauerhaft,Zucken
boss_b_t_kette2_12,138,Annaeherung,02,049fd6,Schlag,dauerhaft,Zucken
boss_b_t_kette4_12,138,Annaeherung,02,049fd6,Schlag,dauerhaft,Zucken
boss_b_t_sprh_12,143,S,04,04a67c,Sprungangriff,dauerhaft,umgeworfen (Aktion 0C)
boss_b_t_spez_12,162,S,06,04a822,Spezial,dauerhaft,umgeworfen (Aktion 12)
boss_b_t_sprint_12,149,S,04,04a71e,Sprintangriff,dauerhaft,umgeworfen (Aktion 0C)
boss_b_t_las_12,88,Annaeherung,02,04a022,Waffe,dauerhaft,umgeworfen (Aktion 0C)
boss_b_t_tritt_12,146,S,02,04a6ca,Schlag,dauerhaft,umgeworfen (Aktion 0C)
boss_b_t_schlag_13,144,Annaeherung,02,04a022,Schlag,dauerhaft,Zucken
boss_b_t_kette2_13,144,Annaeherung,02,04a022,Schlag,dauerhaft,Zucken
boss_b_t_kette4_13,144,Annaeherung,02,04a022,Schlag,dauerhaft,Zucken
boss_b_t_sprh_13,149,S,04,04a67c,Sprungangriff,dauerhaft,umgeworfen (Aktion 0C)
boss_b_t_spez_13,168,S,06,04a822,Spezial,dauerhaft,umgeworfen (Aktion 12)
boss_b_t_sprint_13,155,S,04,04a71e,Sprintangriff,dauerhaft,umgeworfen (Aktion 0C)
boss_b_t_schlag_14,150,Annaeherung,02,04a022,Schlag,dauerhaft,Zucken
boss_b_t_kette2_14,150,Annaeherung,02,04a022,Schlag,dauerhaft,Zucken
boss_b_t_kette4_14,150,Annaeherung,02,04a022,Schlag,dauerhaft,Zucken
boss_b_t_sprh_14,155,S,04,04a67c,Sprungangriff,dauerhaft,umgeworfen (Aktion 0C)
boss_b_t_spez_14,174,S,06,04a822,Spezial,dauerhaft,umgeworfen (Aktion 12)
boss_b_t_sprint_14,161,S,04,04a71e,Sprintangriff,zurueck,Rueckzug
boss_b_t_schlag_15,156,Annaeherung,02,04a06a,Schlag,zurueck,Rueckzug
boss_b_t_kette2_15,156,Annaeherung,02,04a06a,Schlag,zurueck,Rueckzug
boss_b_t_kette4_15,156,Annaeherung,02,04a06a,Schlag,zurueck,Rueckzug
boss_b_t_sprh_15,161,S,04,04a67c,Sprungangriff,zurueck,Rueckzug
boss_b_t_spez_15,180,S,06,04a822,Spezial,dauerhaft,umgeworfen (Aktion 12)
boss_b_t_sprint_15,167,S,04,04a71e,Sprintangriff,zurueck,Rueckzug
boss_b_t_tritt_15,149,Annaeherung,02,04a022,Schlag,dauerhaft,Zucken
boss_c_sp45_184,196,K,06,04aa82,Spezial,dauerhaft,umgeworfen (Aktion 12)
boss_c_sp45_188,195,K,04,04a9d2,Spezial,dauerhaft,umgeworfen (Aktion 12)
boss_c_sp45_192,198,K,04,04a9d2,Spezial,dauerhaft,umgeworfen (Aktion 12)
boss_c_r56,60,R,04,04a26a,Schlag,dauerhaft,Zucken
boss_c_r58,60,R,04,04a26a,Schlag,dauerhaft,Zucken
boss_c_r60,62,R,04,04a2be,Schlag,dauerhaft,Zucken
boss_c_r62,64,R,04,04a2be,Schlag,dauerhaft,Zucken
# D proben: Figur ab A+1 relativ zum Boss gesetzt; treffer = Frame relativ zu A (leer: kein Treffer im Fenster); dx/dz/vorn/ph/bh im Trefferframe bzw. ersten aktiven Frame
lauf,art,d,dz_soll,h_soll,A,erster_aktiv,letzter_aktiv,treffer,schaden,dx,dz,vorn,ph,bh,blick
boss_d_k_x-30,K,-30,0,0,70,7,38,28,10,-30,0,30,0.88,0.0,r
boss_d_k_x-20,K,-20,0,0,70,7,38,28,10,-20,0,20,0.88,0.0,r
boss_d_k_x-15,K,-15,0,0,70,7,17,7,10,-15,0,-15,0.88,0.0,l
boss_d_k_x-12,K,-12,0,0,70,7,17,7,10,-12,0,-12,0.88,0.0,l
boss_d_k_x-11,K,-11,0,0,70,7,17,7,10,-11,0,-11,0.88,0.0,l
boss_d_k_x-10,K,-10,0,0,70,7,17,7,10,-10,0,-10,0.88,0.0,l
boss_d_k_x0,K,0,0,0,70,7,17,7,10,0,0,0,0.88,0.0,l
boss_d_k_x40,K,40,0,0,70,7,17,7,10,40,0,40,0.88,0.0,l
boss_d_k_x80,K,80,0,0,70,7,17,7,10,80,0,80,0.88,0.0,l
boss_d_k_x100,K,100,0,0,70,7,17,7,10,100,0,100,0.88,0.0,l
boss_d_k_x104,K,104,0,0,70,7,17,7,10,104,0,104,0.88,0.0,l
boss_d_k_x105,K,105,0,0,70,7,17,7,10,105,0,105,0.88,0.0,l
boss_d_k_x106,K,106,0,0,70,7,10,,,106,0,106,0.88,0.0,l
boss_d_k_x107,K,107,0,0,70,7,10,,,107,0,107,0.88,0.0,l
boss_d_k_x108,K,108,0,0,70,7,10,,,108,0,108,0.88,0.0,l
boss_d_k_x110,K,110,0,0,70,7,10,,,110,0,110,0.88,0.0,l
boss_d_k_x120,K,120,0,0,70,7,10,,,120,0,120,0.88,0.0,l
boss_d_k_z-14,K,40,-14,0,70,7,10,,,40,-14,40,0.88,0.0,l
boss_d_k_z-13,K,40,-13,0,70,7,10,,,40,-13,40,0.88,0.0,l
boss_d_k_z-12,K,40,-12,0,70,7,17,7,10,40,-12,40,0.88,0.0,l
boss_d_k_z12,K,40,12,0,70,7,17,7,10,40,12,40,0.88,0.0,l
boss_d_k_z13,K,40,13,0,70,7,10,,,40,13,40,0.88,0.0,l
boss_d_k_z14,K,40,14,0,70,7,10,,,40,14,40,0.88,0.0,l
boss_d_k_h40,K,40,0,40,70,7,17,7,10,40,0,40,38.75,0.0,l
boss_d_k_h60,K,40,0,60,70,7,17,7,10,40,0,40,58.75,0.0,l
boss_d_k_h64,K,40,0,64,70,7,17,7,10,40,0,40,62.75,0.0,l
boss_d_k_h68,K,40,0,68,70,7,17,7,10,40,0,40,66.75,0.0,l
boss_d_k_h72,K,40,0,72,70,7,38,28,10,40,0,40,22.5,0.0,l
boss_d_k_h76,K,40,0,76,70,7,38,28,10,40,0,40,26.5,0.0,l
boss_d_k_h80,K,40,0,80,70,7,38,28,10,40,0,40,30.5,0.0,l
boss_d_s_x-30,S,-30,0,0,157,17,47,37,10,-30,0,30,0.88,0.0,r
boss_d_s_x-20,S,-20,0,0,157,17,47,37,10,-20,0,20,0.88,0.0,r
boss_d_s_x-15,S,-15,0,0,157,17,63,17,10,-15,0,-15,0.88,0.0,l
boss_d_s_x-12,S,-12,0,0,157,17,63,17,10,-12,0,-12,0.88,0.0,l
boss_d_s_x-11,S,-11,0,0,157,17,63,17,10,-11,0,-11,0.88,0.0,l
boss_d_s_x-10,S,-10,0,0,157,17,63,17,10,-10,0,-10,0.88,0.0,l
boss_d_s_x0,S,0,0,0,157,17,63,17,10,0,0,0,0.88,0.0,l
boss_d_s_x40,S,40,0,0,157,17,63,17,10,40,0,40,0.88,0.0,l
boss_d_s_x80,S,80,0,0,157,17,63,17,10,80,0,80,0.88,0.0,l
boss_d_s_x96,S,96,0,0,157,17,63,17,10,96,0,96,0.88,0.0,l
boss_d_s_x98,S,98,0,0,157,17,63,17,10,98,0,98,0.88,0.0,l
boss_d_s_x100,S,100,0,0,157,17,63,17,10,100,0,100,0.88,0.0,l
boss_d_s_x101,S,101,0,0,157,17,63,17,10,101,0,101,0.88,0.0,l
boss_d_s_x102,S,102,0,0,157,17,63,17,10,102,0,102,0.88,0.0,l
boss_d_s_x104,S,104,0,0,157,17,63,17,10,104,0,104,0.88,0.0,l
boss_d_s_x106,S,106,0,0,157,17,19,,,106,0,106,0.88,0.0,l
boss_d_s_x110,S,110,0,0,157,17,19,,,110,0,110,0.88,0.0,l
boss_d_s_z-14,S,40,-14,0,157,17,19,,,40,-14,40,0.88,0.0,l
boss_d_s_z-13,S,40,-13,0,157,17,19,,,40,-13,40,0.88,0.0,l
boss_d_s_z-12,S,40,-12,0,157,17,63,17,10,40,-12,40,0.88,0.0,l
boss_d_s_z12,S,40,12,0,157,17,63,17,10,40,12,40,0.88,0.0,l
boss_d_s_z13,S,40,13,0,157,17,19,,,40,13,40,0.88,0.0,l
boss_d_s_z14,S,40,14,0,157,17,19,,,40,14,40,0.88,0.0,l
boss_d_s_h40,S,40,0,40,157,17,57,17,10,40,0,40,36.25,0.0,l
boss_d_s_h60,S,40,0,60,157,17,57,17,10,40,0,40,56.25,0.0,l
boss_d_s_h70,S,40,0,70,157,17,57,17,10,40,0,40,66.25,0.0,l
boss_d_s_h80,S,40,0,80,157,17,47,37,10,40,0,40,17.0,0.0,l
boss_d_s_h90,S,40,0,90,157,17,47,37,10,40,0,40,27.0,0.0,l
boss_d_s_h100,S,40,0,100,157,17,47,37,10,40,0,40,37.0,0.0,l
boss_d_r_z-14,R,frei,-14,0,30,0,44,,,189,24,189,0.59,0.03,l
boss_d_r_z-13,R,frei,-13,0,30,0,44,35,14,52,-12,52,0.59,0.03,l
boss_d_r_z-12,R,frei,-12,0,30,0,44,35,14,52,-11,52,0.59,0.03,l
boss_d_r_z0,R,frei,0,0,30,0,44,35,14,49,0,49,0.59,0.03,l
boss_d_r_z12,R,frei,12,0,30,0,44,35,14,52,12,52,0.59,0.03,l
boss_d_r_z13,R,frei,13,0,30,0,44,36,14,48,12,48,0.59,0.03,l
boss_d_r_z14,R,frei,14,0,30,0,44,,,189,24,189,0.59,0.03,l
boss_d_r_h20,R,frei,0,20,30,0,44,35,14,49,0,49,11.75,0.03,l
boss_d_r_h60,R,frei,0,60,30,0,44,35,14,49,0,49,51.75,0.03,l
boss_d_r_h80,R,frei,0,80,30,0,44,35,14,49,0,49,71.75,0.03,l
boss_d_r_h100,R,frei,0,100,30,0,44,39,14,33,0,33,90.75,0.03,l
boss_d_r_h120,R,frei,0,120,30,0,73,,,189,24,189,0.59,0.03,l
boss_d_r_x-30,R,-30,0,0,30,0,79,76,19,-17,0,17,41.59,0.03,r
boss_d_r_x-10,R,-10,0,0,30,0,79,76,19,-17,0,17,41.59,0.03,r
boss_d_r_x40,R,40,0,0,30,0,29,4,14,36,0,36,0.59,0.03,l
boss_d_r_x44,R,44,0,0,30,0,30,4,14,40,0,40,0.59,0.03,l
boss_d_r_x48,R,48,0,0,30,0,31,4,14,44,0,44,0.59,0.03,l
boss_d_r_x52,R,52,0,0,30,0,32,4,14,48,0,48,0.59,0.03,l
boss_d_r_x56,R,56,0,0,30,0,33,4,14,52,0,52,0.59,0.03,l
boss_d_p_k32,P,0,0,0,8,32,70,51,18,-2,0,-2,0.73,69.53,l
boss_d_p_k45,P,0,0,0,8,32,70,51,18,-2,0,-2,0.73,69.53,l
boss_d_p_k48,P,0,0,0,8,32,70,51,18,-2,0,-2,0.73,69.53,l
boss_d_p_k50,P,0,0,0,8,32,70,51,18,-2,0,-2,0.73,69.53,l
boss_d_p_k51,P,0,0,0,8,32,70,51,18,-2,0,-2,0.73,69.53,l
boss_d_p_k52,P,0,0,0,8,32,70,51,18,29,1,29,0.73,69.53,l
boss_d_p_k55,P,0,0,0,8,32,70,51,18,29,1,29,0.73,69.53,l
boss_d_p_k60,P,0,0,0,8,32,70,51,18,29,1,29,0.73,69.53,l
boss_d_p_h20,P,0,0,20,8,32,70,48,18,-2,0,-2,16.25,80.78,l
boss_d_p_h30,P,0,0,30,8,32,70,44,18,-2,0,-2,27.25,92.72,l
boss_d_p_h40,P,0,0,40,8,32,70,32,18,0,0,0,40.0,107.53,l
boss_d_p_h60,P,0,0,60,8,32,70,32,18,0,0,0,60.0,107.53,l
boss_d_p_x-40,P,-40,0,0,8,32,79,79,10,-40,0,40,0.73,0.03,r
boss_d_p_x-30,P,-30,0,0,8,32,79,79,10,-30,0,30,0.73,0.03,r
boss_d_p_x-25,P,-25,0,0,8,32,70,51,18,-27,0,-27,0.73,69.53,l
boss_d_p_x-22,P,-22,0,0,8,32,70,51,18,-24,0,-24,0.73,69.53,l
boss_d_p_x-20,P,-20,0,0,8,32,70,51,18,-22,0,-22,0.73,69.53,l
boss_d_p_x-10,P,-10,0,0,8,32,70,51,18,-12,0,-12,0.73,69.53,l
boss_d_p_x0,P,0,0,0,8,32,70,51,18,-2,0,-2,0.73,69.53,l
boss_d_p_x10,P,10,0,0,8,32,70,51,18,8,0,8,0.73,69.53,l
boss_d_p_x20,P,20,0,0,8,32,70,51,18,18,0,18,0.73,69.53,l
boss_d_p_x25,P,25,0,0,8,32,70,51,18,23,0,23,0.73,69.53,l
boss_d_p_z-14,P,0,-14,0,8,32,63,,,68,1,68,0.73,107.53,l
boss_d_p_z-13,P,0,-13,0,8,32,63,,,68,1,68,0.73,107.53,l
boss_d_p_z-12,P,0,-12,0,8,32,70,51,18,-2,-12,-2,0.73,69.53,l
boss_d_p_z12,P,0,12,0,8,32,70,51,18,-2,12,-2,0.73,69.53,l
boss_d_p_z13,P,0,13,0,8,32,63,,,68,1,68,0.73,107.53,l
boss_d_p_z14,P,0,14,0,8,32,63,,,68,1,68,0.73,107.53,l
# D griff: Boss in Frame 62-63 bei d/dz vor der Figur gesetzt; griff_ab = erster Frame mit Griff
lauf,d,dz_soll,dx_63,dz_63,griff_ab,kurzer_schlag_ab
boss_d_g_x-20,-20,0,-20,0,,63
boss_d_g_x-10,-10,0,-10,0,,63
boss_d_g_x0,0,0,0,0,63,
boss_d_g_x30,30,0,30,0,63,
boss_d_g_x45,45,0,45,0,63,
boss_d_g_x48,48,0,48,0,63,
boss_d_g_x49,49,0,49,0,63,
boss_d_g_x50,50,0,50,0,,66
boss_d_g_x52,52,0,52,0,,70
boss_d_g_z-8,40,-8,40,-8,,65
boss_d_g_z-7,40,-7,40,0,63,
boss_d_g_z-6,40,-6,40,0,63,
boss_d_g_z6,40,6,40,0,63,
boss_d_g_z7,40,7,40,7,,
boss_d_g_z8,40,8,40,8,,
# D angriffe: alle Angriffe der langen Laeufe (E und Bot)
lauf,info,art,name,A,rang,dx_A,dz_A,vorn_A,blick,schaden_8b,entscheidung,dx_entscheidung,dz_entscheidung,erster_aktiv,letzter_aktiv,aktive_frames,attr,treffer,figur_umgeworfen,nachlauf,ende,schwuenge,treffer_serie,nachlauf_serie,ende_serie,absprung,landung,scheitel,scheitel_frame,flug_x,vx,landung_minus_figur_A,landung_minus_figur_absprung,lauf_von,lauf_bis,lauf_x,lauf_tempo,auslauf_x,auslauf_frames,griff_dx,griff_dz,wurf,wurf_figur_x,wurf_richtung,wurf_ruhe
boss_e_p9,passiv rang=9,S,Armschwung,157,9,79,3,79,l,8,112,115,54,17,26,10,4002,17:8,nein,84,111,3,17:8;55:8;92:8,8,111,,,,,,,,,,,,,,,,,,,,
boss_e_p9,passiv rang=9,S+,Armschwung,195,9,79,3,79,l,8,112,115,54,17,26,10,4002,17:8,nein,46,73,,,,,,,,,,,,,,,,,,,,,,,,
boss_e_p9,passiv rang=9,S+,Armschwung,232,9,79,3,79,l,8,112,115,54,17,27,11,4c02,17:8,ja,8,36,,,,,,,,,,,,,,,,,,,,,,,,
boss_e_p9,passiv rang=9,P,Koerperpresse,396,9,205,26,205,l,14,394,205,26,32,70,39,4c0c,55:14,ja,7,78,,,,,1,71,107.53,31,-201.8,-3.2031,3.09,3.09,,,,,,,,,,,,
boss_e_p9,passiv rang=9,S,Armschwung,726,9,78,1,78,l,8,703,130,3,17,26,10,4002,17:8,nein,85,112,3,17:8;55:8;93:8,8,112,,,,,,,,,,,,,,,,,,,,
boss_e_p9,passiv rang=9,S+,Armschwung,764,9,78,1,78,l,8,703,130,3,17,26,10,4002,17:8,nein,47,74,,,,,,,,,,,,,,,,,,,,,,,,
boss_e_p9,passiv rang=9,S+,Armschwung,802,9,78,1,78,l,8,703,130,3,17,27,11,4c02,17:8,ja,8,36,,,,,,,,,,,,,,,,,,,,,,,,
boss_e_p9,passiv rang=9,S,Armschwung,1026,9,79,0,79,l,8,1003,130,3,17,26,10,4002,17:8,nein,81,108,3,17:8;52:8;89:8,8,108,,,,,,,,,,,,,,,,,,,,
boss_e_p9,passiv rang=9,S+,Armschwung,1061,9,79,0,79,l,8,1003,130,3,17,26,10,4002,17:8,nein,46,73,,,,,,,,,,,,,,,,,,,,,,,,
boss_e_p9,passiv rang=9,S+,Armschwung,1098,9,79,0,79,l,8,1003,130,3,17,27,11,4c02,17:8,ja,8,36,,,,,,,,,,,,,,,,,,,,,,,,
boss_e_p9,passiv rang=9,P,Koerperpresse,1305,9,196,43,196,l,14,1303,196,43,32,70,39,4c0c,55:14,ja,7,78,,,,,1,71,107.56,31,-192.94,-3.0625,3.23,3.23,,,,,,,,,,,,
boss_e_p9,passiv rang=9,P,Koerperpresse,1546,9,115,-22,115,l,14,1544,115,-22,32,63,32,4c0c,,,7,71,,,,,1,64,107.59,31,-139.41,-3.5938,-23.93,-23.93,,,,,,,,,,,,
boss_e_p9,passiv rang=9,K,kurzer Schlag,1661,9,4,6,4,l,8,1661,4,6,7,17,11,4c02,7:8,ja,8,26,,,,,,,,,,,,,,,,,,,,,,,,
boss_e_p9,passiv rang=9,S,Armschwung,1887,9,78,1,78,l,8,1835,199,16,17,26,10,4002,17:8,nein,84,111,3,17:8;55:8;92:8,8,111,,,,,,,,,,,,,,,,,,,,
boss_e_p9,passiv rang=9,S+,Armschwung,1925,9,78,1,78,l,8,1835,199,16,17,26,10,4002,17:8,nein,46,73,,,,,,,,,,,,,,,,,,,,,,,,
boss_e_p9,passiv rang=9,S+,Armschwung,1962,9,78,1,78,l,8,1835,199,16,17,27,11,4c02,17:8,ja,8,36,,,,,,,,,,,,,,,,,,,,,,,,
boss_e_p9,passiv rang=9,S,Armschwung,2261,9,77,1,77,l,8,2235,136,5,17,26,10,4002,17:8,nein,83,110,3,17:8;53:8;91:8,8,110,,,,,,,,,,,,,,,,,,,,
boss_e_p9,passiv rang=9,S+,Armschwung,2297,9,77,1,77,l,8,2235,136,5,17,26,10,4002,17:8,nein,47,74,,,,,,,,,,,,,,,,,,,,,,,,
boss_e_p9,passiv rang=9,S+,Armschwung,2335,9,77,1,77,l,8,2235,136,5,17,27,11,4c02,17:8,ja,8,36,,,,,,,,,,,,,,,,,,,,,,,,
boss_e_p9,passiv rang=9,S,Armschwung,2587,9,78,1,78,l,8,2528,192,43,17,26,10,4002,17:8,nein,86,113,3,17:8;55:8;92:8,10,113,,,,,,,,,,,,,,,,,,,,
boss_e_p9,passiv rang=9,S+,Armschwung,2625,9,78,1,78,l,8,2528,192,43,17,26,10,4002,17:8,nein,48,75,,,,,,,,,,,,,,,,,,,,,,,,
boss_e_p9,passiv rang=9,S+,Armschwung,2662,9,78,1,78,l,8,2528,192,43,17,27,11,4c02,17:8,ja,10,38,,,,,,,,,,,,,,,,,,,,,,,,
boss_e_p9,passiv rang=9,P,Koerperpresse,2932,9,192,31,192,l,14,2930,192,31,32,70,39,4c0c,55:14,ja,7,78,,,,,1,71,107.62,31,-189.0,-3.0,3.62,3.62,,,,,,,,,,,,
boss_e_p9,passiv rang=9,R,Ansturm,3161,9,255,27,255,l,11,3160,255,27,20,64,45,4c0c,,,143,208,,,,,,,,,,,,,20,64,-172.39,-3.918,-29.38,18,,,,,,
boss_e_p9,passiv rang=9,G,Griff,3244,9,53,0,53,l,11,3160,255,27,59,64,6,7f10,59:14,ja,60,125,,,,,,,,,,,,,,,,,,,53,7,59,225.0,hinter den Boss,104
boss_e_p9,passiv rang=9,R,Ansturm,3511,9,-185,-12,185,r,11,3510,-185,-12,20,64,45,4c0c,56:11,ja,14,79,,,,,,,,,,,,,20,64,173.38,3.918/4.0,27.92,14,,,,,,
boss_e_p9,passiv rang=9,S,Armschwung,3806,9,-78,0,78,r,8,3720,-267,18,17,26,10,4002,17:8,nein,86,113,3,17:8;54:8;92:8,10,113,,,,,,,,,,,,,,,,,,,,
boss_e_p9,passiv rang=9,S+,Armschwung,3843,9,-78,0,78,r,8,3720,-267,18,17,26,10,4002,17:8,nein,49,76,,,,,,,,,,,,,,,,,,,,,,,,
boss_e_p9,passiv rang=9,S+,Armschwung,3881,9,-78,0,78,r,8,3720,-267,18,17,27,11,4c02,17:8,ja,10,38,,,,,,,,,,,,,,,,,,,,,,,,
boss_e_p9,passiv rang=9,S,Armschwung,4211,9,-80,0,80,r,8,4188,-132,0,17,26,10,4002,17:8,nein,82,109,3,17:8;55:8;90:8,8,109,,,,,,,,,,,,,,,,,,,,
boss_e_p9,passiv rang=9,S+,Armschwung,4249,9,-80,0,80,r,8,4188,-132,0,17,26,10,4002,17:8,nein,44,71,,,,,,,,,,,,,,,,,,,,,,,,
boss_e_p9,passiv rang=9,S+,Armschwung,4284,9,-80,0,80,r,8,4188,-132,0,17,27,11,4c02,17:8,ja,8,36,,,,,,,,,,,,,,,,,,,,,,,,
boss_e_p9,passiv rang=9,S,Armschwung,4493,9,-80,0,80,r,8,4473,-125,1,17,26,10,4002,17:8,nein,83,110,3,17:8;52:8;90:8,9,110,,,,,,,,,,,,,,,,,,,,
boss_e_p9,passiv rang=9,S+,Armschwung,4528,9,-80,0,80,r,8,4473,-125,1,17,26,10,4002,17:8,nein,48,75,,,,,,,,,,,,,,,,,,,,,,,,
boss_e_p9,passiv rang=9,S+,Armschwung,4566,9,-80,0,80,r,8,4473,-125,1,17,27,11,4c02,17:8,ja,9,37,,,,,,,,,,,,,,,,,,,,,,,,
boss_e_p9,passiv rang=9,R,Ansturm,4786,9,-309,10,309,r,11,4785,-309,10,20,64,45,4c0c,,,15,80,,,,,,,,,,,,,20,64,176.0,4.0,29.25,15,,,,,,
boss_e_p9,passiv rang=9,P,Koerperpresse,5000,9,-201,-8,201,r,14,4998,-201,-8,32,70,39,4c0c,56:14,ja,7,78,,,,,1,71,107.66,31,197.86,3.1406,-2.75,-2.75,,,,,,,,,,,,
boss_e_p9,passiv rang=9,P,Koerperpresse,5394,9,-131,0,131,r,14,5392,-131,0,32,70,39,4c0c,51:14,ja,7,78,,,,,1,71,107.69,31,128.95,2.0469,-1.56,-1.56,,,,,,,,,,,,
boss_e_p9,passiv rang=9,P,Koerperpresse,5691,9,-160,-11,160,r,14,5689,-160,-11,32,70,39,4c0c,53:14,ja,7,78,,,,,1,71,107.72,31,157.5,2.5,-1.55,-1.55,,,,,,,,,,,,
boss_e_p9,passiv rang=9,S,Armschwung,5994,9,-78,-1,78,r,8,5973,-125,-4,17,26,10,4002,17:8,nein,82,109,3,17:8;53:8;89:8,9,109,,,,,,,,,,,,,,,,,,,,
boss_e_p9,passiv rang=9,S+,Armschwung,6030,9,-78,-1,78,r,8,5973,-125,-4,17,26,10,4002,17:8,nein,46,73,,,,,,,,,,,,,,,,,,,,,,,,
boss_e_p9,passiv rang=9,S+,Armschwung,6066,9,-78,-1,78,r,8,5973,-125,-4,17,27,11,4c02,17:8,ja,9,37,,,,,,,,,,,,,,,,,,,,,,,,
boss_e_p9,passiv rang=9,R,Ansturm,6271,9,-175,-5,175,r,11,6270,-175,-5,20,64,45,4c0c,51:11,ja,15,80,,,,,,,,,,,,,20,64,176.0,4.0,6.25,15,,,,,,
boss_e_p9,passiv rang=9,P,Koerperpresse,6534,9,-239,25,239,r,14,6525,-239,25,32,70,39,4c0c,57:14,ja,7,78,,,,,1,71,107.75,31,235.27,3.7344,-3.61,-3.61,,,,,,,,,,,,
boss_e_p9,passiv rang=9,P,Koerperpresse,6727,9,-172,14,172,r,14,6725,-172,14,32,70,39,4c0c,54:14,ja,7,78,,,,,1,71,107.78,31,169.31,2.6875,-2.26,-2.26,,,,,,,,,,,,
boss_e_p9,passiv rang=9,R,Ansturm,7047,9,-149,-5,149,r,11,7046,-149,-5,20,58,39,4c0c,45:11,ja,15,74,,,,,,,,,,,,,20,58,152.0,4.0,4.25,15,,,,,,
boss_e_p9,passiv rang=9,S,Armschwung,7365,9,-79,1,79,r,8,7288,-240,25,17,26,10,4002,17:8,nein,83,110,3,17:8;55:8;91:8,8,110,,,,,,,,,,,,,,,,,,,,
boss_e_p9,passiv rang=9,S+,Armschwung,7403,9,-79,1,79,r,8,7288,-240,25,17,26,10,4002,17:8,nein,45,72,,,,,,,,,,,,,,,,,,,,,,,,
boss_e_p9,passiv rang=9,S+,Armschwung,7439,9,-79,1,79,r,8,7288,-240,25,17,27,11,4c02,17:8,ja,8,36,,,,,,,,,,,,,,,,,,,,,,,,
boss_e_p9,passiv rang=9,P,Koerperpresse,7751,9,-144,1,144,r,14,7749,-144,1,32,70,39,4c0c,51:14,ja,7,78,,,,,1,71,107.81,31,148.5,4.5,5.48,5.48,,,,,,,,,,,,
boss_e_p9,passiv rang=9,R,Ansturm,7937,9,-125,2,125,r,11,7936,-125,2,20,52,33,4c0c,39:11,ja,,,,,,,,,,,,,,,20,52,128.0,4.0,-0.75,11,,,,,,
boss_e_p9b,"passiv rang=9, zuerst 30 F hoch",S,Armschwung,138,9,79,2,79,l,8,112,109,28,17,26,10,4002,17:8,nein,82,109,3,17:8;53:8;90:8,8,109,,,,,,,,,,,,,,,,,,,,
boss_e_p9b,"passiv rang=9, zuerst 30 F hoch",S+,Armschwung,174,9,79,2,79,l,8,112,109,28,17,26,10,4002,17:8,nein,46,73,,,,,,,,,,,,,,,,,,,,,,,,
boss_e_p9b,"passiv rang=9, zuerst 30 F hoch",S+,Armschwung,211,9,79,2,79,l,8,112,109,28,17,27,11,4c02,17:8,ja,8,36,,,,,,,,,,,,,,,,,,,,,,,,
boss_e_p9b,"passiv rang=9, zuerst 30 F hoch",R,Ansturm,363,9,229,23,229,l,11,362,229,23,20,64,45,4c0c,,,143,208,,,,,,,,,,,,,20,64,-172.39,-3.918,-29.38,18,,,,,,
boss_e_p9b,"passiv rang=9, zuerst 30 F hoch",G,Griff,446,9,27,0,27,l,11,362,229,23,59,64,6,7f10,59:14,ja,60,125,,,,,,,,,,,,,,,,,,,27,3,59,230.0,hinter den Boss,105
boss_e_p9b,"passiv rang=9, zuerst 30 F hoch",R,Ansturm,650,9,-257,-18,257,r,11,649,-257,-18,20,64,45,4c0c,,,139,204,,,,,,,,,,,,,20,64,173.13,3.918/4.0,27.92,14,,,,,,
boss_e_p9b,"passiv rang=9, zuerst 30 F hoch",G,Griff,729,9,-56,0,56,r,11,649,-257,-18,59,64,6,7f10,59:14,ja,60,125,,,,,,,,,,,,,,,,,,,-56,-2,59,-230.0,hinter den Boss,105
boss_e_p9b,"passiv rang=9, zuerst 30 F hoch",R,Ansturm,1029,9,189,15,189,l,11,1028,189,15,20,64,45,4c0c,57:11,ja,18,83,,,,,,,,,,,,,20,64,-172.88,-4.0/-3.918,-29.38,18,,,,,,
boss_e_p9b,"passiv rang=9, zuerst 30 F hoch",S,Armschwung,1258,9,78,0,78,l,8,1212,170,-3,17,26,10,4002,17:8,nein,83,110,3,17:8;55:8;91:8,8,110,,,,,,,,,,,,,,,,,,,,
boss_e_p9b,"passiv rang=9, zuerst 30 F hoch",S+,Armschwung,1296,9,78,0,78,l,8,1212,170,-3,17,26,10,4002,17:8,nein,45,72,,,,,,,,,,,,,,,,,,,,,,,,
boss_e_p9b,"passiv rang=9, zuerst 30 F hoch",S+,Armschwung,1332,9,78,0,78,l,8,1212,170,-3,17,27,11,4c02,17:8,ja,8,36,,,,,,,,,,,,,,,,,,,,,,,,
boss_e_p9b,"passiv rang=9, zuerst 30 F hoch",P,Koerperpresse,1585,9,213,19,213,l,14,1583,213,19,32,70,39,4c0c,56:14,ja,7,78,,,,,1,71,107.53,31,-209.67,-3.3281,3.89,3.89,,,,,,,,,,,,
boss_e_p9b,"passiv rang=9, zuerst 30 F hoch",P,Koerperpresse,1891,9,145,9,145,l,14,1889,145,9,32,70,39,4c0c,51:14,ja,7,78,,,,,1,71,107.56,31,-168.47,-4.5312,-23.25,-23.25,,,,,,,,,,,,
boss_e_p9b,"passiv rang=9, zuerst 30 F hoch",R,Ansturm,2085,9,146,-5,146,l,11,2084,146,-5,20,57,38,4c0c,44:11,ja,18,76,,,,,,,,,,,,,20,57,-146.44,-4.0/-3.918,-23.38,18,,,,,,
boss_e_p9b,"passiv rang=9, zuerst 30 F hoch",R,Ansturm,2265,9,124,0,124,l,11,2264,124,0,20,51,32,4c0c,38:11,ja,18,70,,,,,,,,,,,,,20,51,-124.0,-4.0,-24.0,18,,,,,,
boss_e_p9b,"passiv rang=9, zuerst 30 F hoch",R,Ansturm,2524,9,124,2,124,l,11,2523,124,2,20,51,32,4c0c,38:11,ja,18,70,,,,,,,,,,,,,20,51,-124.0,-4.0,-24.0,18,,,,,,
boss_e_p9b,"passiv rang=9, zuerst 30 F hoch",P,Koerperpresse,2712,9,130,2,130,l,14,2703,130,2,32,70,39,4c0c,51:14,ja,7,78,,,,,1,71,107.59,31,-153.94,-4.0625,-23.48,-23.48,,,,,,,,,,,,
boss_e_p9b,"passiv rang=9, zuerst 30 F hoch",P,Koerperpresse,2968,9,185,24,185,l,15,2966,185,24,32,70,39,4c0c,54:15,ja,7,78,,,,,1,71,107.62,31,-182.11,-2.8906,3.0,3.0,,,,,,,,,,,,
boss_e_p9b,"passiv rang=9, zuerst 30 F hoch",P,Koerperpresse,3266,9,124,2,124,l,14,3264,124,2,32,70,39,4c0c,51:14,ja,7,78,,,,,1,71,107.66,31,-148.12,-3.875,-23.96,-23.96,,,,,,,,,,,,
boss_e_p9b,"passiv rang=9, zuerst 30 F hoch",P,Koerperpresse,3451,9,124,0,124,l,14,3449,124,0,32,70,39,4c0c,51:14,ja,7,78,,,,,1,71,107.69,31,-148.12,-3.875,-23.34,-23.34,,,,,,,,,,,,
boss_e_p9b,"passiv rang=9, zuerst 30 F hoch",P,Koerperpresse,3647,9,125,0,125,l,14,3645,125,0,32,70,39,4c0c,51:14,ja,7,78,,,,,1,71,107.72,31,-123.05,-1.9531,2.05,2.05,,,,,,,,,,,,
boss_e_p9b,"passiv rang=9, zuerst 30 F hoch",P,Koerperpresse,3946,9,124,2,124,l,14,3944,124,2,32,70,39,4c0c,51:14,ja,7,78,,,,,1,71,107.75,31,-122.06,-1.9375,2.1,2.1,,,,,,,,,,,,
boss_e_p9b,"passiv rang=9, zuerst 30 F hoch",P,Koerperpresse,4133,9,124,1,124,l,14,4131,124,1,32,70,39,4c0c,51:14,ja,7,78,,,,,1,71,107.78,31,-148.12,-3.875,-23.56,-23.56,,,,,,,,,,,,
boss_e_p9b,"passiv rang=9, zuerst 30 F hoch",R,Ansturm,4332,9,124,0,124,l,11,4331,124,0,20,51,32,4c0c,38:11,ja,18,70,,,,,,,,,,,,,20,51,-124.0,-4.0,-24.0,18,,,,,,
boss_e_p9b,"passiv rang=9, zuerst 30 F hoch",S,Armschwung,4551,9,78,0,78,l,8,4523,125,0,17,26,10,4002,17:8,nein,84,111,3,17:8;55:8;92:8,8,111,,,,,,,,,,,,,,,,,,,,
boss_e_p9b,"passiv rang=9, zuerst 30 F hoch",S+,Armschwung,4589,9,78,0,78,l,8,4523,125,0,17,26,10,4002,17:8,nein,46,73,,,,,,,,,,,,,,,,,,,,,,,,
boss_e_p9b,"passiv rang=9, zuerst 30 F hoch",S+,Armschwung,4626,9,78,0,78,l,8,4523,125,0,17,27,11,4c02,17:8,ja,8,36,,,,,,,,,,,,,,,,,,,,,,,,
boss_e_p9b,"passiv rang=9, zuerst 30 F hoch",S,Armschwung,4852,9,78,1,78,l,8,4829,130,3,17,26,10,4002,17:8,nein,81,108,3,17:8;55:8;90:8,7,108,,,,,,,,,,,,,,,,,,,,
boss_e_p9b,"passiv rang=9, zuerst 30 F hoch",S+,Armschwung,4890,9,78,1,78,l,8,4829,130,3,17,26,10,4002,17:8,nein,43,70,,,,,,,,,,,,,,,,,,,,,,,,
boss_e_p9b,"passiv rang=9, zuerst 30 F hoch",S+,Armschwung,4925,9,78,1,78,l,8,4829,130,3,17,27,11,4c02,17:8,ja,7,35,,,,,,,,,,,,,,,,,,,,,,,,
boss_e_p9b,"passiv rang=9, zuerst 30 F hoch",R,Ansturm,5193,9,131,-2,131,l,11,5192,131,-2,20,53,34,4c0c,40:11,ja,18,72,,,,,,,,,,,,,20,53,-132.0,-4.0,-23.0,18,,,,,,
boss_e_p9b,"passiv rang=9, zuerst 30 F hoch",R,Ansturm,5366,9,148,-2,148,l,11,5365,148,-2,20,57,38,4c0c,44:11,ja,18,76,,,,,,,,,,,,,20,57,-148.0,-4.0,-24.0,18,,,,,,
boss_e_p9b,"passiv rang=9, zuerst 30 F hoch",P,Koerperpresse,5601,9,232,1,232,l,14,5592,232,1,32,70,39,4c0c,51:14,ja,7,78,,,,,1,71,107.81,31,-256.75,-7.25,-23.79,-23.79,,,,,,,,,,,,
boss_e_p9b,"passiv rang=9, zuerst 30 F hoch",R,Ansturm,5801,9,124,0,124,l,11,5800,124,0,20,51,32,4c0c,38:11,ja,18,70,,,,,,,,,,,,,20,51,-124.0,-4.0,-24.0,18,,,,,,
boss_e_p9b,"passiv rang=9, zuerst 30 F hoch",S,Armschwung,6003,9,78,0,78,l,8,5975,125,0,17,26,10,4002,17:8,nein,81,108,3,17:8;55:8;90:8,7,108,,,,,,,,,,,,,,,,,,,,
boss_e_p9b,"passiv rang=9, zuerst 30 F hoch",S+,Armschwung,6041,9,78,0,78,l,8,5975,125,0,17,26,10,4002,17:8,nein,43,70,,,,,,,,,,,,,,,,,,,,,,,,
boss_e_p9b,"passiv rang=9, zuerst 30 F hoch",S+,Armschwung,6076,9,78,0,78,l,8,5975,125,0,17,27,11,4c02,17:8,ja,7,35,,,,,,,,,,,,,,,,,,,,,,,,
boss_e_p9b,"passiv rang=9, zuerst 30 F hoch",S,Armschwung,6400,9,78,1,78,l,8,6341,214,19,17,26,10,4002,17:8,nein,82,109,3,17:8;52:8;90:8,8,109,,,,,,,,,,,,,,,,,,,,
boss_e_p9b,"passiv rang=9, zuerst 30 F hoch",S+,Armschwung,6435,9,78,1,78,l,8,6341,214,19,17,26,10,4002,17:8,nein,47,74,,,,,,,,,,,,,,,,,,,,,,,,
boss_e_p9b,"passiv rang=9, zuerst 30 F hoch",S+,Armschwung,6473,9,78,1,78,l,8,6341,214,19,17,27,11,4c02,17:8,ja,8,36,,,,,,,,,,,,,,,,,,,,,,,,
boss_e_p9b,"passiv rang=9, zuerst 30 F hoch",R,Ansturm,6632,9,229,20,229,l,11,6631,229,20,20,64,45,4c0c,,,143,208,,,,,,,,,,,,,20,64,-172.39,-3.918,-29.38,18,,,,,,
boss_e_p9b,"passiv rang=9, zuerst 30 F hoch",G,Griff,6715,9,27,0,27,l,11,6631,229,20,59,64,6,7f10,59:14,ja,60,125,,,,,,,,,,,,,,,,,,,27,0,59,230.0,hinter den Boss,105
boss_e_p9b,"passiv rang=9, zuerst 30 F hoch",R,Ansturm,6909,9,-132,1,132,r,11,6908,-132,1,20,53,34,4c0c,43:11,ja,15,69,,,,,,,,,,,,,20,53,132.0,4.0,29.25,15,,,,,,
boss_e_p9b,"passiv rang=9, zuerst 30 F hoch",P,Koerperpresse,7210,9,-132,-2,132,r,14,7201,-132,-2,32,63,32,4c0c,,,7,71,,,,,1,64,107.84,31,208.88,4.125,77.54,77.54,,,,,,,,,,,,
boss_e_p9b,"passiv rang=9, zuerst 30 F hoch",K,kurzer Schlag,7298,9,49,2,49,l,8,7298,49,2,7,17,11,4c02,7:8,ja,10,28,,,,,,,,,,,,,,,,,,,,,,,,
boss_e_p9b,"passiv rang=9, zuerst 30 F hoch",S,Armschwung,7499,9,78,0,78,l,8,7476,131,-1,17,26,10,4002,17:8,nein,83,110,3,17:8;54:8;92:8,7,110,,,,,,,,,,,,,,,,,,,,
boss_e_p9b,"passiv rang=9, zuerst 30 F hoch",S+,Armschwung,7536,9,78,0,78,l,8,7476,131,-1,17,26,10,4002,17:8,nein,46,73,,,,,,,,,,,,,,,,,,,,,,,,
boss_e_p9b,"passiv rang=9, zuerst 30 F hoch",S+,Armschwung,7574,9,78,0,78,l,8,7476,131,-1,17,27,11,4c02,17:8,ja,7,35,,,,,,,,,,,,,,,,,,,,,,,,
boss_e_p9b,"passiv rang=9, zuerst 30 F hoch",S,Armschwung,7828,9,79,1,79,l,8,7805,131,1,17,26,10,4002,17:8,nein,85,112,3,17:8;55:8;93:8,8,112,,,,,,,,,,,,,,,,,,,,
boss_e_p9b,"passiv rang=9, zuerst 30 F hoch",S+,Armschwung,7866,9,79,1,79,l,8,7805,131,1,17,26,10,4002,17:8,nein,47,74,,,,,,,,,,,,,,,,,,,,,,,,
boss_e_p9b,"passiv rang=9, zuerst 30 F hoch",S+,Armschwung,7904,9,79,1,79,l,8,7805,131,1,17,27,11,4c02,17:8,ja,8,36,,,,,,,,,,,,,,,,,,,,,,,,
boss_e_q9,passiv rang=9,S+,Armschwung,8,9,-83,0,83,r,10,1,-83,0,17,27,11,4c02,17:10,ja,9,37,,,,,,,,,,,,,,,,,,,,,,,,
boss_e_q9,passiv rang=9,S,Armschwung,217,9,-80,1,80,r,8,197,-125,3,17,26,10,4002,17:8,nein,83,110,3,17:8;54:8;89:8,10,110,,,,,,,,,,,,,,,,,,,,
boss_e_q9,passiv rang=9,S+,Armschwung,254,9,-80,1,80,r,8,197,-125,3,17,26,10,4002,17:8,nein,46,73,,,,,,,,,,,,,,,,,,,,,,,,
boss_e_q9,passiv rang=9,S+,Armschwung,289,9,-80,1,80,r,8,197,-125,3,17,27,11,4c02,17:8,ja,10,38,,,,,,,,,,,,,,,,,,,,,,,,
boss_e_q9,passiv rang=9,S,Armschwung,616,9,-79,-1,79,r,8,562,-208,-7,17,26,10,4002,17:8,nein,82,109,3,17:8;53:8;90:8,8,109,,,,,,,,,,,,,,,,,,,,
boss_e_q9,passiv rang=9,S+,Armschwung,652,9,-79,-1,79,r,8,562,-208,-7,17,26,10,4002,17:8,nein,46,73,,,,,,,,,,,,,,,,,,,,,,,,
boss_e_q9,passiv rang=9,S+,Armschwung,689,9,-79,-1,79,r,8,562,-208,-7,17,27,11,4c02,17:8,ja,8,36,,,,,,,,,,,,,,,,,,,,,,,,
boss_e_q9,passiv rang=9,S,Armschwung,946,9,-79,-1,79,r,8,886,-219,-18,17,26,10,4002,17:8,nein,83,110,3,17:8;52:8;90:8,9,110,,,,,,,,,,,,,,,,,,,,
boss_e_q9,passiv rang=9,S+,Armschwung,981,9,-79,-1,79,r,8,886,-219,-18,17,26,10,4002,17:8,nein,48,75,,,,,,,,,,,,,,,,,,,,,,,,
boss_e_q9,passiv rang=9,S+,Armschwung,1019,9,-79,-1,79,r,8,886,-219,-18,17,27,11,4c02,17:8,ja,9,37,,,,,,,,,,,,,,,,,,,,,,,,
boss_e_q9,passiv rang=9,R,Ansturm,1157,9,-248,11,248,r,11,1156,-248,11,20,64,45,4c0c,,,102,167,,,,,,,,,,,,,20,64,173.87,3.918/4.0,27.92,18,,,,,,
boss_e_q9,passiv rang=9,G,Griff,1240,9,-46,0,46,r,11,1156,-248,11,71,83,13,7f10,71:14,ja,0,84,,,,,,,,,,,,,,,,,,,-46,-2,,,,
boss_e_q9,passiv rang=9,G,Griff,1471,9,-14,0,14,r,14,1471,-14,0,114,126,13,7f10,114:14,ja,0,127,,,,,,,,,,,,,,,,,,,-14,-5,,,,
boss_e_q9,passiv rang=9,P,Koerperpresse,1752,9,199,20,199,l,14,1750,199,20,32,70,39,4c0c,58:14,ja,7,78,,,,,1,71,107.53,31,-195.89,-3.1094,3.89,3.89,,,,,,,,,,,,
boss_e_q9,passiv rang=9,R,Ansturm,1966,9,153,-2,153,l,11,1965,153,-2,20,59,40,4c0c,46:11,ja,18,78,,,,,,,,,,,,,20,59,-156.0,-4.0,-30.0,18,,,,,,
boss_e_q9,passiv rang=9,P,Koerperpresse,2264,9,281,-34,281,l,14,2255,281,-34,32,70,39,4c0c,58:14,ja,7,78,,,,,1,71,107.56,31,-276.61,-4.3906,4.48,4.48,,,,,,,,,,,,
boss_e_q9,passiv rang=9,S,Armschwung,2649,9,77,0,77,l,8,2559,294,17,17,26,10,4002,17:8,nein,83,110,3,17:8;54:8;92:8,7,110,,,,,,,,,,,,,,,,,,,,
boss_e_q9,passiv rang=9,S+,Armschwung,2686,9,77,0,77,l,8,2559,294,17,17,26,10,4002,17:8,nein,46,73,,,,,,,,,,,,,,,,,,,,,,,,
boss_e_q9,passiv rang=9,S+,Armschwung,2724,9,77,0,77,l,8,2559,294,17,17,27,11,4c02,17:8,ja,7,35,,,,,,,,,,,,,,,,,,,,,,,,
boss_e_q9,passiv rang=9,S,Armschwung,2987,9,78,-1,78,l,8,2932,198,-29,17,26,10,4002,17:8,nein,80,107,3,17:8;52:8;88:8,8,107,,,,,,,,,,,,,,,,,,,,
boss_e_q9,passiv rang=9,S+,Armschwung,3022,9,78,-1,78,l,8,2932,198,-29,17,26,10,4002,17:8,nein,45,72,,,,,,,,,,,,,,,,,,,,,,,,
boss_e_q9,passiv rang=9,S+,Armschwung,3058,9,78,-1,78,l,8,2932,198,-29,17,27,11,4c02,17:8,ja,8,36,,,,,,,,,,,,,,,,,,,,,,,,
boss_e_q9,passiv rang=9,P,Koerperpresse,3213,9,223,16,223,l,14,3211,223,16,32,70,39,4c0c,56:14,ja,7,78,,,,,1,71,107.59,31,-219.52,-3.4844,3.58,3.58,,,,,,,,,,,,
boss_e_q9,passiv rang=9,S,Armschwung,3620,9,78,0,78,l,8,3525,301,-30,17,26,10,4002,17:8,nein,83,110,3,17:8;54:8;92:8,7,110,,,,,,,,,,,,,,,,,,,,
boss_e_q9,passiv rang=9,S+,Armschwung,3657,9,78,0,78,l,8,3525,301,-30,17,26,10,4002,17:8,nein,46,73,,,,,,,,,,,,,,,,,,,,,,,,
boss_e_q9,passiv rang=9,S+,Armschwung,3695,9,78,0,78,l,8,3525,301,-30,17,27,11,4c02,17:8,ja,7,35,,,,,,,,,,,,,,,,,,,,,,,,
boss_e_q9,passiv rang=9,S,Armschwung,3961,9,79,-1,79,l,8,3897,223,-29,17,26,10,4002,17:8,nein,80,107,3,17:8;52:8;88:8,8,107,,,,,,,,,,,,,,,,,,,,
boss_e_q9,passiv rang=9,S+,Armschwung,3996,9,79,-1,79,l,8,3897,223,-29,17,26,10,4002,17:8,nein,45,72,,,,,,,,,,,,,,,,,,,,,,,,
boss_e_q9,passiv rang=9,S+,Armschwung,4032,9,79,-1,79,l,8,3897,223,-29,17,27,11,4c02,17:8,ja,8,36,,,,,,,,,,,,,,,,,,,,,,,,
boss_e_q9,passiv rang=9,S,Armschwung,4225,9,79,1,79,l,8,4200,120,21,17,26,10,4002,17:8,nein,82,109,3,17:8;55:8;90:8,8,109,,,,,,,,,,,,,,,,,,,,
boss_e_q9,passiv rang=9,S+,Armschwung,4263,9,79,1,79,l,8,4200,120,21,17,26,10,4002,17:8,nein,44,71,,,,,,,,,,,,,,,,,,,,,,,,
boss_e_q9,passiv rang=9,S+,Armschwung,4298,9,79,1,79,l,8,4200,120,21,17,27,11,4c02,17:8,ja,8,36,,,,,,,,,,,,,,,,,,,,,,,,
boss_e_q9,passiv rang=9,S,Armschwung,4562,9,78,-1,78,l,8,4489,246,-27,17,26,10,4002,17:8,nein,82,109,3,17:8;55:8;90:8,8,109,,,,,,,,,,,,,,,,,,,,
boss_e_q9,passiv rang=9,S+,Armschwung,4600,9,78,-1,78,l,8,4489,246,-27,17,26,10,4002,17:8,nein,44,71,,,,,,,,,,,,,,,,,,,,,,,,
boss_e_q9,passiv rang=9,S+,Armschwung,4635,9,78,-1,78,l,8,4489,246,-27,17,27,11,4c02,17:8,ja,8,36,,,,,,,,,,,,,,,,,,,,,,,,
boss_e_q9,passiv rang=9,S,Armschwung,4819,9,79,1,79,l,8,4779,163,23,17,26,10,4002,17:8,nein,80,107,3,17:8;52:8;88:8,8,107,,,,,,,,,,,,,,,,,,,,
boss_e_q9,passiv rang=9,S+,Armschwung,4854,9,79,1,79,l,8,4779,163,23,17,26,10,4002,17:8,nein,45,72,,,,,,,,,,,,,,,,,,,,,,,,
boss_e_q9,passiv rang=9,S+,Armschwung,4890,9,79,1,79,l,8,4779,163,23,17,27,11,4c02,17:8,ja,8,36,,,,,,,,,,,,,,,,,,,,,,,,
boss_e_q9,passiv rang=9,S,Armschwung,5070,9,79,2,79,l,8,5029,167,22,17,26,10,4002,17:8,nein,83,110,3,17:8;54:8;92:8,7,110,,,,,,,,,,,,,,,,,,,,
boss_e_q9,passiv rang=9,S+,Armschwung,5107,9,79,2,79,l,8,5029,167,22,17,26,10,4002,17:8,nein,46,73,,,,,,,,,,,,,,,,,,,,,,,,
boss_e_q9,passiv rang=9,S+,Armschwung,5145,9,79,2,79,l,8,5029,167,22,17,27,11,4c02,17:8,ja,7,35,,,,,,,,,,,,,,,,,,,,,,,,
boss_e_q9,passiv rang=9,S,Armschwung,5410,9,79,1,79,l,8,5347,223,23,17,26,10,4002,17:8,nein,80,107,3,17:8;52:8;88:8,8,107,,,,,,,,,,,,,,,,,,,,
boss_e_q9,passiv rang=9,S+,Armschwung,5445,9,79,1,79,l,8,5347,223,23,17,26,10,4002,17:8,nein,45,72,,,,,,,,,,,,,,,,,,,,,,,,
boss_e_q9,passiv rang=9,S+,Armschwung,5481,9,79,1,79,l,8,5347,223,23,17,27,11,4c02,17:8,ja,8,36,,,,,,,,,,,,,,,,,,,,,,,,
boss_e_q9,passiv rang=9,R,Ansturm,5648,9,115,-32,115,l,11,5647,115,-32,20,54,35,4c0c,41:11,ja,18,73,,,,,,,,,,,,,20,54,-117.34,-3.691/-3.32,-20.9,18,,,,,,
boss_e_q9,passiv rang=9,S,Armschwung,5869,9,77,0,77,l,8,5841,125,0,17,26,10,4002,17:8,nein,83,110,3,17:8;54:8;92:8,7,110,,,,,,,,,,,,,,,,,,,,
boss_e_q9,passiv rang=9,S+,Armschwung,5906,9,77,0,77,l,8,5841,125,0,17,26,10,4002,17:8,nein,46,73,,,,,,,,,,,,,,,,,,,,,,,,
boss_e_q9,passiv rang=9,S+,Armschwung,5944,9,77,0,77,l,8,5841,125,0,17,27,11,4c02,17:8,ja,7,35,,,,,,,,,,,,,,,,,,,,,,,,
boss_e_q9,passiv rang=9,P,Koerperpresse,6096,9,122,23,122,l,14,6094,122,23,32,70,39,4c0c,51:14,ja,7,78,,,,,1,71,107.62,31,-146.19,-3.8125,-23.96,-23.96,,,,,,,,,,,,
boss_e_q9,passiv rang=9,R,Ansturm,6294,9,124,-1,124,l,11,6293,124,-1,20,51,32,4c0c,38:11,ja,18,70,,,,,,,,,,,,,20,51,-124.0,-4.0,-24.0,18,,,,,,
boss_e_q9,passiv rang=9,R,Ansturm,6478,9,125,0,125,l,11,6477,125,0,20,52,33,4c0c,39:11,ja,18,71,,,,,,,,,,,,,20,52,-128.0,-4.0,-21.0,18,,,,,,
boss_e_q9,passiv rang=9,P,Koerperpresse,6658,9,124,0,124,l,14,6649,124,0,32,70,39,4c0c,51:14,ja,7,78,,,,,1,71,107.66,31,-148.12,-3.875,-23.21,-23.21,,,,,,,,,,,,
boss_e_q9,passiv rang=9,S,Armschwung,6872,9,77,0,77,l,8,6851,125,0,17,26,10,4002,17:8,nein,84,111,3,17:8;55:8;92:8,8,111,,,,,,,,,,,,,,,,,,,,
boss_e_q9,passiv rang=9,S+,Armschwung,6910,9,77,0,77,l,8,6851,125,0,17,26,10,4002,17:8,nein,46,73,,,,,,,,,,,,,,,,,,,,,,,,
boss_e_q9,passiv rang=9,S+,Armschwung,6947,9,77,0,77,l,8,6851,125,0,17,27,11,4c02,17:8,ja,8,36,,,,,,,,,,,,,,,,,,,,,,,,
boss_e_q9,passiv rang=9,P,Koerperpresse,7089,9,194,13,194,l,14,7087,194,13,32,70,39,4c0c,55:14,ja,7,78,,,,,1,71,107.69,31,-190.97,-3.0312,3.48,3.48,,,,,,,,,,,,
boss_e_q9,passiv rang=9,R,Ansturm,7268,9,174,0,174,l,11,7267,174,0,20,64,45,4c0c,51:11,ja,18,83,,,,,,,,,,,,,20,64,-176.0,-4.0,-22.0,18,,,,,,
boss_e_q9,passiv rang=9,P,Koerperpresse,7460,9,125,0,125,l,14,7451,125,0,32,70,39,4c0c,51:14,ja,7,78,,,,,1,71,107.72,31,-149.09,-3.9062,-23.65,-23.65,,,,,,,,,,,,
boss_e_q9,passiv rang=9,S,Armschwung,7684,9,79,0,79,l,8,7664,124,0,17,26,10,4002,17:8,nein,84,111,3,17:8;53:8;90:8,10,111,,,,,,,,,,,,,,,,,,,,
boss_e_q9,passiv rang=9,S+,Armschwung,7720,9,79,0,79,l,8,7664,124,0,17,26,10,4002,17:8,nein,48,75,,,,,,,,,,,,,,,,,,,,,,,,
boss_e_q9,passiv rang=9,S+,Armschwung,7757,9,79,0,79,l,8,7664,124,0,17,27,11,4c02,17:8,ja,10,38,,,,,,,,,,,,,,,,,,,,,,,,
boss_e_q9,passiv rang=9,P,Koerperpresse,7955,9,234,-29,234,l,14,7953,234,-29,32,45,14,4c0c,,,,,,,,,1,46,107.75,31,,-3.6562,73.54,73.54,,,,,,,,,,,,
boss_e_p20,passiv rang=20,S,Armschwung,157,20,79,3,79,l,11,112,115,54,17,26,10,4002,17:11,nein,84,111,3,17:11;55:11;92:11,8,111,,,,,,,,,,,,,,,,,,,,
boss_e_p20,passiv rang=20,S+,Armschwung,195,20,79,3,79,l,11,112,115,54,17,26,10,4002,17:11,nein,46,73,,,,,,,,,,,,,,,,,,,,,,,,
boss_e_p20,passiv rang=20,S+,Armschwung,232,20,79,3,79,l,11,112,115,54,17,27,11,4c02,17:11,ja,8,36,,,,,,,,,,,,,,,,,,,,,,,,
boss_e_p20,passiv rang=20,S,Armschwung,474,20,78,0,78,l,11,451,131,1,17,26,10,4002,17:11,nein,83,110,3,17:11;54:11;89:11,10,110,,,,,,,,,,,,,,,,,,,,
boss_e_p20,passiv rang=20,S+,Armschwung,511,20,78,0,78,l,11,451,131,1,17,26,10,4002,17:11,nein,46,73,,,,,,,,,,,,,,,,,,,,,,,,
boss_e_p20,passiv rang=20,S+,Armschwung,546,20,78,0,78,l,11,451,131,1,17,27,11,4c02,17:11,ja,10,38,,,,,,,,,,,,,,,,,,,,,,,,
boss_e_p20,passiv rang=20,P,Koerperpresse,768,20,173,26,173,l,20,766,173,26,32,70,39,4c0c,53:20,ja,7,78,,,,,1,71,107.53,31,-170.3,-2.7031,3.16,3.16,,,,,,,,,,,,
boss_e_p20,passiv rang=20,R,Ansturm,960,20,171,15,171,l,15,959,171,15,20,64,45,4c0c,51:15,ja,18,83,,,,,,,,,,,,,20,64,-172.39,-3.918,-22.38,18,,,,,,
boss_e_p20,passiv rang=20,P,Koerperpresse,1175,20,124,0,124,l,20,1166,124,0,32,70,39,4c0c,51:20,ja,7,78,,,,,1,71,107.56,31,-122.06,-1.9375,2.21,2.21,,,,,,,,,,,,
boss_e_p20,passiv rang=20,R,Ansturm,1371,20,169,13,169,l,15,1370,169,13,20,63,44,4c0c,50:15,ja,18,82,,,,,,,,,,,,,20,63,-168.96,-4.0/-3.918,-24.38,18,,,,,,
boss_e_p20,passiv rang=20,R,Ansturm,1559,20,124,0,124,l,15,1558,124,0,20,51,32,4c0c,38:15,ja,18,70,,,,,,,,,,,,,20,51,-124.0,-4.0,-24.0,18,,,,,,
boss_e_p20,passiv rang=20,R,Ansturm,1797,20,227,22,227,l,15,1796,227,22,20,64,45,4c0c,,,143,208,,,,,,,,,,,,,20,64,-172.39,-3.918,-29.38,18,,,,,,
boss_e_p20,passiv rang=20,G,Griff,1880,20,25,0,25,l,15,1796,227,22,59,64,6,7f10,59:20,ja,60,125,,,,,,,,,,,,,,,,,,,25,2,59,230.0,hinter den Boss,105
boss_e_p20,passiv rang=20,P,Koerperpresse,2081,20,-173,31,173,r,20,2072,-173,31,32,70,39,4c0c,57:20,ja,7,78,,,,,1,71,107.59,31,170.3,2.7031,-2.07,-2.07,,,,,,,,,,,,
boss_e_p20,passiv rang=20,S,Armschwung,2316,20,-80,2,80,r,11,2281,-151,22,17,26,10,4002,17:11,nein,84,111,3,17:11;55:11;93:11,7,111,,,,,,,,,,,,,,,,,,,,
boss_e_p20,passiv rang=20,S+,Armschwung,2354,20,-80,2,80,r,11,2281,-151,22,17,26,10,4002,17:11,nein,46,73,,,,,,,,,,,,,,,,,,,,,,,,
boss_e_p20,passiv rang=20,S+,Armschwung,2392,20,-80,2,80,r,11,2281,-151,22,17,27,11,4c02,17:11,ja,7,35,,,,,,,,,,,,,,,,,,,,,,,,
boss_e_p20,passiv rang=20,R,Ansturm,2625,20,-237,7,237,r,15,2624,-237,7,20,64,45,4c0c,,,106,171,,,,,,,,,,,,,20,64,176.0,4.0,29.25,15,,,,,,
boss_e_p20,passiv rang=20,G,Griff,2705,20,-32,0,32,r,15,2624,-237,7,78,90,13,7f10,78:20,ja,0,91,,,,,,,,,,,,,,,,,,,-32,7,,,,
boss_e_p20,passiv rang=20,R,Ansturm,2997,20,131,-2,131,l,15,2996,131,-2,20,53,34,4c0c,42:15,ja,18,72,,,,,,,,,,,,,20,53,-132.0,-4.0,-30.0,18,,,,,,
boss_e_p20,passiv rang=20,R,Ansturm,3185,20,196,24,196,l,15,3184,196,24,20,64,45,4c0c,57:15,ja,18,83,,,,,,,,,,,,,20,64,-172.39,-3.918,-29.38,18,,,,,,
boss_e_p20,passiv rang=20,S,Armschwung,3466,20,78,-1,78,l,11,3429,147,-8,17,26,10,4002,17:11,nein,84,111,3,17:11;54:11;92:11,8,111,,,,,,,,,,,,,,,,,,,,
boss_e_p20,passiv rang=20,S+,Armschwung,3503,20,78,-1,78,l,11,3429,147,-8,17,26,10,4002,17:11,nein,47,74,,,,,,,,,,,,,,,,,,,,,,,,
boss_e_p20,passiv rang=20,S+,Armschwung,3541,20,78,-1,78,l,11,3429,147,-8,17,27,11,4c02,17:11,ja,8,36,,,,,,,,,,,,,,,,,,,,,,,,
boss_e_p20,passiv rang=20,R,Ansturm,3691,20,241,8,241,l,15,3690,241,8,20,64,45,4c0c,,,18,83,,,,,,,,,,,,,20,64,-176.0,-4.0,-30.0,18,,,,,,
boss_e_p20,passiv rang=20,S,Armschwung,3844,20,79,1,79,l,11,3824,121,8,17,26,10,4002,17:11,nein,81,108,3,17:11;54:11;90:11,7,108,,,,,,,,,,,,,,,,,,,,
boss_e_p20,passiv rang=20,S+,Armschwung,3881,20,79,1,79,l,11,3824,121,8,17,26,10,4002,17:11,nein,44,71,,,,,,,,,,,,,,,,,,,,,,,,
boss_e_p20,passiv rang=20,S+,Armschwung,3917,20,79,1,79,l,11,3824,121,8,17,27,11,4c02,17:11,ja,7,35,,,,,,,,,,,,,,,,,,,,,,,,
boss_e_p20,passiv rang=20,P,Koerperpresse,4067,20,250,1,250,l,20,4065,250,1,32,70,39,4c0c,51:20,ja,7,78,,,,,1,71,107.62,31,-274.19,-7.8125,-23.48,-23.48,,,,,,,,,,,,
boss_e_p20,passiv rang=20,R,Ansturm,4249,20,125,0,125,l,15,4248,125,0,20,52,33,4c0c,39:15,ja,18,71,,,,,,,,,,,,,20,52,-128.0,-4.0,-21.0,18,,,,,,
boss_e_p20,passiv rang=20,S,Armschwung,4450,20,79,0,79,l,11,4423,124,0,17,26,10,4002,17:11,nein,81,108,3,17:11;54:11;90:11,7,108,,,,,,,,,,,,,,,,,,,,
boss_e_p20,passiv rang=20,S+,Armschwung,4487,20,79,0,79,l,11,4423,124,0,17,26,10,4002,17:11,nein,44,71,,,,,,,,,,,,,,,,,,,,,,,,
boss_e_p20,passiv rang=20,S+,Armschwung,4523,20,79,0,79,l,11,4423,124,0,17,27,11,4c02,17:11,ja,7,35,,,,,,,,,,,,,,,,,,,,,,,,
boss_e_p20,passiv rang=20,R,Ansturm,4672,20,251,0,251,l,15,4671,251,0,20,64,45,4c0c,,,143,208,,,,,,,,,,,,,20,64,-176.0,-4.0,-30.0,18,,,,,,
boss_e_p20,passiv rang=20,G,Griff,4755,20,45,0,45,l,15,4671,251,0,59,64,6,7f10,59:20,ja,60,125,,,,,,,,,,,,,,,,,,,45,0,59,230.0,hinter den Boss,105
boss_e_p20,passiv rang=20,P,Koerperpresse,4934,20,-181,-21,181,r,20,4932,-181,-21,32,70,39,4c0c,57:20,ja,7,78,,,,,1,71,107.66,31,178.17,2.8281,-2.04,-2.04,,,,,,,,,,,,
boss_e_p20,passiv rang=20,S,Armschwung,5147,20,-80,-1,80,r,11,5123,-133,-7,17,26,10,4002,17:11,nein,85,112,3,17:11;55:11;92:11,9,112,,,,,,,,,,,,,,,,,,,,
boss_e_p20,passiv rang=20,S+,Armschwung,5185,20,-80,-1,80,r,11,5123,-133,-7,17,26,10,4002,17:11,nein,47,74,,,,,,,,,,,,,,,,,,,,,,,,
boss_e_p20,passiv rang=20,S+,Armschwung,5222,20,-80,-1,80,r,11,5123,-133,-7,17,27,11,4c02,17:11,ja,9,37,,,,,,,,,,,,,,,,,,,,,,,,
boss_e_p20,passiv rang=20,R,Ansturm,5377,20,-289,-15,289,r,15,5376,-289,-15,20,64,45,4c0c,,,15,80,,,,,,,,,,,,,20,64,176.0,4.0,29.25,15,,,,,,
boss_e_p20,passiv rang=20,R,Ansturm,5501,20,-131,-4,131,r,15,5500,-131,-4,20,53,34,4c0c,40:15,ja,15,69,,,,,,,,,,,,,20,53,132.0,4.0,1.25,15,,,,,,
boss_e_p20,passiv rang=20,P,Koerperpresse,5679,20,-169,-4,169,r,20,5670,-169,-4,32,70,39,4c0c,51:20,ja,7,78,,,,,1,71,107.69,31,167.72,5.2812,-1.33,-1.33,,,,,,,,,,,,
boss_e_p20,passiv rang=20,R,Ansturm,5873,20,-173,3,173,r,15,5872,-173,3,20,64,45,4c0c,51:15,ja,15,80,,,,,,,,,,,,,20,64,172.0,0.0/4.0,0.25,15,,,,,,
boss_e_p20,passiv rang=20,R,Ansturm,6104,20,-194,-13,194,r,15,6103,-194,-13,20,64,45,4c0c,57:15,ja,14,79,,,,,,,,,,,,,20,64,173.13,3.918/4.0,19.92,14,,,,,,
boss_e_p20,passiv rang=20,R,Ansturm,6324,20,-212,1,212,r,15,6323,-212,1,20,64,45,4c0c,61:15,ja,15,80,,,,,,,,,,,,,20,64,176.0,4.0,29.25,15,,,,,,
boss_e_p20,passiv rang=20,R,Ansturm,6520,20,-178,1,178,r,15,6519,-178,1,20,64,45,4c0c,52:15,ja,15,80,,,,,,,,,,,,,20,64,176.0,4.0,2.25,15,,,,,,
boss_e_p20,passiv rang=20,P,Koerperpresse,6759,20,-206,-7,206,r,20,6750,-206,-7,32,70,39,4c0c,56:20,ja,7,78,,,,,1,71,107.72,31,202.78,3.2188,-3.87,-3.87,,,,,,,,,,,,
boss_e_p20,passiv rang=20,R,Ansturm,6977,20,-212,0,212,r,15,6976,-212,0,20,64,45,4c0c,61:15,ja,15,80,,,,,,,,,,,,,20,64,176.0,4.0,29.25,15,,,,,,
boss_e_p20,passiv rang=20,S,Armschwung,7256,20,-79,0,79,r,11,7194,-211,0,17,26,10,4002,17:11,nein,83,110,3,17:11;54:11;92:11,7,110,,,,,,,,,,,,,,,,,,,,
boss_e_p20,passiv rang=20,S+,Armschwung,7293,20,-79,0,79,r,11,7194,-211,0,17,26,10,4002,17:11,nein,46,73,,,,,,,,,,,,,,,,,,,,,,,,
boss_e_p20,passiv rang=20,S+,Armschwung,7331,20,-79,0,79,r,11,7194,-211,0,17,27,11,4c02,17:11,ja,7,35,,,,,,,,,,,,,,,,,,,,,,,,
boss_e_p20,passiv rang=20,P,Koerperpresse,7474,20,-199,-12,199,r,20,7472,-199,-12,32,70,39,4c0c,55:20,ja,7,78,,,,,1,71,107.75,31,195.89,3.1094,-3.08,-3.08,,,,,,,,,,,,
boss_e_p20,passiv rang=20,S,Armschwung,7676,20,-78,0,78,r,11,7655,-126,0,17,26,10,4002,17:11,nein,84,111,3,17:11;54:11;92:11,8,111,,,,,,,,,,,,,,,,,,,,
boss_e_p20,passiv rang=20,S+,Armschwung,7713,20,-78,0,78,r,11,7655,-126,0,17,26,10,4002,17:11,nein,47,74,,,,,,,,,,,,,,,,,,,,,,,,
boss_e_p20,passiv rang=20,S+,Armschwung,7751,20,-78,0,78,r,11,7655,-126,0,17,27,11,4c02,17:11,ja,8,36,,,,,,,,,,,,,,,,,,,,,,,,
boss_e_p20,passiv rang=20,S,Armschwung,7989,20,-79,0,79,r,11,7963,-138,-5,,,,,,,,,1,,,,,,,,,,,,,,,,,,,,,,,
boss_e_p20b,"passiv rang=20, zuerst 30 F hoch",S,Armschwung,138,20,79,2,79,l,11,112,109,28,17,26,10,4002,17:11,nein,82,109,3,17:11;53:11;90:11,8,109,,,,,,,,,,,,,,,,,,,,
boss_e_p20b,"passiv rang=20, zuerst 30 F hoch",S+,Armschwung,174,20,79,2,79,l,11,112,109,28,17,26,10,4002,17:11,nein,46,73,,,,,,,,,,,,,,,,,,,,,,,,
boss_e_p20b,"passiv rang=20, zuerst 30 F hoch",S+,Armschwung,211,20,79,2,79,l,11,112,109,28,17,27,11,4c02,17:11,ja,8,36,,,,,,,,,,,,,,,,,,,,,,,,
boss_e_p20b,"passiv rang=20, zuerst 30 F hoch",P,Koerperpresse,400,20,172,3,172,l,20,398,172,3,32,70,39,4c0c,54:20,ja,7,78,,,,,1,71,107.53,31,-169.31,-2.6875,2.99,2.99,,,,,,,,,,,,
boss_e_p20b,"passiv rang=20, zuerst 30 F hoch",S,Armschwung,645,20,78,1,78,l,11,599,181,19,17,26,10,4002,17:11,nein,84,111,3,17:11;55:11;91:11,9,111,,,,,,,,,,,,,,,,,,,,
boss_e_p20b,"passiv rang=20, zuerst 30 F hoch",S+,Armschwung,683,20,78,1,78,l,11,599,181,19,17,26,10,4002,17:11,nein,46,73,,,,,,,,,,,,,,,,,,,,,,,,
boss_e_p20b,"passiv rang=20, zuerst 30 F hoch",S+,Armschwung,719,20,78,1,78,l,11,599,181,19,17,27,11,4c02,17:11,ja,9,37,,,,,,,,,,,,,,,,,,,,,,,,
boss_e_p20b,"passiv rang=20, zuerst 30 F hoch",S,Armschwung,942,20,77,0,77,l,11,871,250,2,17,26,10,4002,17:11,nein,83,110,3,17:11;53:11;90:11,9,110,,,,,,,,,,,,,,,,,,,,
boss_e_p20b,"passiv rang=20, zuerst 30 F hoch",S+,Armschwung,978,20,77,0,77,l,11,871,250,2,17,26,10,4002,17:11,nein,47,74,,,,,,,,,,,,,,,,,,,,,,,,
boss_e_p20b,"passiv rang=20, zuerst 30 F hoch",S+,Armschwung,1015,20,77,0,77,l,11,871,250,2,17,27,11,4c02,17:11,ja,9,37,,,,,,,,,,,,,,,,,,,,,,,,
boss_e_p20b,"passiv rang=20, zuerst 30 F hoch",R,Ansturm,1203,20,284,14,284,l,15,1202,284,14,20,64,45,4c0c,,,18,83,,,,,,,,,,,,,20,64,-176.0,-4.0,-30.0,18,,,,,,
boss_e_p20b,"passiv rang=20, zuerst 30 F hoch",R,Ansturm,1337,20,164,14,164,l,15,1336,164,14,20,62,43,4c0c,49:15,ja,18,81,,,,,,,,,,,,,20,62,-164.8,-4.0/-3.918,-23.38,18,,,,,,
boss_e_p20b,"passiv rang=20, zuerst 30 F hoch",P,Koerperpresse,1532,20,125,-4,125,l,20,1523,125,-4,32,70,39,4c0c,51:20,ja,7,78,,,,,1,71,107.56,31,-123.05,-1.9531,2.03,2.03,,,,,,,,,,,,
boss_e_p20b,"passiv rang=20, zuerst 30 F hoch",P,Koerperpresse,1762,20,209,2,209,l,20,1760,209,2,32,70,39,4c0c,56:20,ja,7,78,,,,,1,71,107.59,31,-205.73,-3.2656,4.06,4.06,,,,,,,,,,,,
boss_e_p20b,"passiv rang=20, zuerst 30 F hoch",P,Koerperpresse,1959,20,175,1,175,l,20,1957,175,1,32,70,39,4c0c,51:20,ja,7,78,,,,,1,71,107.62,31,-199.53,-5.4688,-23.97,-23.97,,,,,,,,,,,,
boss_e_p20b,"passiv rang=20, zuerst 30 F hoch",P,Koerperpresse,2138,20,124,0,124,l,20,2136,124,0,32,70,39,4c0c,51:20,ja,7,78,,,,,1,71,107.66,31,-122.06,-1.9375,2.61,2.61,,,,,,,,,,,,
boss_e_p20b,"passiv rang=20, zuerst 30 F hoch",P,Koerperpresse,2333,20,174,1,174,l,20,2331,174,1,32,70,39,4c0c,53:20,ja,7,78,,,,,1,71,107.69,31,-171.28,-2.7188,2.83,2.83,,,,,,,,,,,,
boss_e_p20b,"passiv rang=20, zuerst 30 F hoch",P,Koerperpresse,2551,20,210,0,210,l,20,2549,210,0,32,70,39,4c0c,51:20,ja,7,78,,,,,1,71,107.72,31,-234.44,-6.5625,-23.57,-23.57,,,,,,,,,,,,
boss_e_p20b,"passiv rang=20, zuerst 30 F hoch",R,Ansturm,2728,20,124,0,124,l,15,2727,124,0,20,51,32,4c0c,38:15,ja,18,70,,,,,,,,,,,,,20,51,-124.0,-4.0,-24.0,18,,,,,,
boss_e_p20b,"passiv rang=20, zuerst 30 F hoch",R,Ansturm,2899,20,148,0,148,l,15,2898,148,0,20,57,38,4c0c,44:15,ja,18,76,,,,,,,,,,,,,20,57,-148.0,-4.0,-24.0,18,,,,,,
boss_e_p20b,"passiv rang=20, zuerst 30 F hoch",P,Koerperpresse,3100,20,125,0,125,l,20,3091,125,0,32,70,39,4c0c,51:20,ja,7,78,,,,,1,71,107.75,31,-123.05,-1.9531,1.96,1.96,,,,,,,,,,,,
boss_e_p20b,"passiv rang=20, zuerst 30 F hoch",P,Koerperpresse,3312,20,171,1,171,l,20,3310,171,1,32,70,39,4c0c,53:20,ja,7,78,,,,,1,71,107.78,31,-168.33,-2.6719,3.38,3.38,,,,,,,,,,,,
boss_e_p20b,"passiv rang=20, zuerst 30 F hoch",S,Armschwung,3530,20,79,1,79,l,11,3490,174,1,17,26,10,4002,17:11,nein,80,107,3,17:11;52:11;87:11,9,107,,,,,,,,,,,,,,,,,,,,
boss_e_p20b,"passiv rang=20, zuerst 30 F hoch",S+,Armschwung,3565,20,79,1,79,l,11,3490,174,1,17,26,10,4002,17:11,nein,45,72,,,,,,,,,,,,,,,,,,,,,,,,
boss_e_p20b,"passiv rang=20, zuerst 30 F hoch",S+,Armschwung,3600,20,79,1,79,l,11,3490,174,1,17,27,11,4c02,17:11,ja,9,37,,,,,,,,,,,,,,,,,,,,,,,,
boss_e_p20b,"passiv rang=20, zuerst 30 F hoch",R,Ansturm,3755,20,251,2,251,l,15,3754,251,2,20,64,45,4c0c,,,143,208,,,,,,,,,,,,,20,64,-176.0,-4.0,-30.0,18,,,,,,
boss_e_p20b,"passiv rang=20, zuerst 30 F hoch",G,Griff,3838,20,45,0,45,l,15,3754,251,2,59,64,6,7f10,59:20,ja,60,125,,,,,,,,,,,,,,,,,,,45,2,59,230.0,hinter den Boss,105
boss_e_p20b,"passiv rang=20, zuerst 30 F hoch",P,Koerperpresse,4019,20,-266,-5,266,r,20,4017,-266,-5,32,63,32,4c0c,,,7,71,,,,,1,64,107.81,31,458.69,8.3125,193.08,193.08,,,,,,,,,,,,
boss_e_p20b,"passiv rang=20, zuerst 30 F hoch",R,Ansturm,4148,20,131,1,131,l,15,4147,131,1,20,53,34,4c0c,40:15,ja,18,72,,,,,,,,,,,,,20,53,-132.0,-4.0,-30.0,18,,,,,,
boss_e_p20b,"passiv rang=20, zuerst 30 F hoch",S,Armschwung,4477,20,78,1,78,l,11,4429,172,13,17,26,10,4002,17:11,nein,86,113,3,17:11;54:11;92:11,10,113,,,,,,,,,,,,,,,,,,,,
boss_e_p20b,"passiv rang=20, zuerst 30 F hoch",S+,Armschwung,4514,20,78,1,78,l,11,4429,172,13,17,26,10,4002,17:11,nein,49,76,,,,,,,,,,,,,,,,,,,,,,,,
boss_e_p20b,"passiv rang=20, zuerst 30 F hoch",S+,Armschwung,4552,20,78,1,78,l,11,4429,172,13,17,27,11,4c02,17:11,ja,10,38,,,,,,,,,,,,,,,,,,,,,,,,
boss_e_p20b,"passiv rang=20, zuerst 30 F hoch",R,Ansturm,4696,20,278,31,278,l,15,4695,278,31,20,64,45,4c0c,,,18,83,,,,,,,,,,,,,20,64,-172.39,-3.918,-29.38,18,,,,,,
boss_e_p20b,"passiv rang=20, zuerst 30 F hoch",P,Koerperpresse,4829,20,124,2,124,l,20,4827,124,2,32,70,39,4c0c,51:20,ja,7,78,,,,,1,71,107.84,31,-122.06,-1.9375,2.47,2.47,,,,,,,,,,,,
boss_e_p20b,"passiv rang=20, zuerst 30 F hoch",R,Ansturm,5006,20,124,0,124,l,15,5005,124,0,20,51,32,4c0c,38:15,ja,18,70,,,,,,,,,,,,,20,51,-124.0,-4.0,-24.0,18,,,,,,
boss_e_p20b,"passiv rang=20, zuerst 30 F hoch",R,Ansturm,5175,20,125,0,125,l,15,5174,125,0,20,52,33,4c0c,39:15,ja,18,71,,,,,,,,,,,,,20,52,-128.0,-4.0,-21.0,18,,,,,,
boss_e_p20b,"passiv rang=20, zuerst 30 F hoch",S,Armschwung,5383,20,78,0,78,l,11,5346,148,0,17,26,10,4002,17:11,nein,83,110,3,17:11;53:11;89:11,10,110,,,,,,,,,,,,,,,,,,,,
boss_e_p20b,"passiv rang=20, zuerst 30 F hoch",S+,Armschwung,5419,20,78,0,78,l,11,5346,148,0,17,26,10,4002,17:11,nein,47,74,,,,,,,,,,,,,,,,,,,,,,,,
boss_e_p20b,"passiv rang=20, zuerst 30 F hoch",S+,Armschwung,5455,20,78,0,78,l,11,5346,148,0,17,27,11,4c02,17:11,ja,10,38,,,,,,,,,,,,,,,,,,,,,,,,
boss_e_p20b,"passiv rang=20, zuerst 30 F hoch",P,Koerperpresse,5755,20,204,16,204,l,20,5753,204,16,32,70,39,4c0c,51:20,ja,7,78,,,,,1,71,107.88,31,-227.62,-6.375,-23.59,-23.59,,,,,,,,,,,,
boss_e_p20b,"passiv rang=20, zuerst 30 F hoch",P,Koerperpresse,5961,20,-24,8,24,r,20,5959,-24,8,32,70,39,4c0c,51:20,ja,7,78,,,,,1,71,107.91,31,23.62,0.375,0.09,0.09,,,,,,,,,,,,
boss_e_p20b,"passiv rang=20, zuerst 30 F hoch",P,Koerperpresse,6141,20,36,0,36,l,20,6139,36,0,32,70,39,4c0c,51:20,ja,7,78,,,,,1,71,107.94,31,-70.88,-1.125,-34.41,-34.41,,,,,,,,,,,,
boss_e_p20b,"passiv rang=20, zuerst 30 F hoch",P,Koerperpresse,6321,20,271,4,271,l,20,6319,271,4,32,70,39,4c0c,58:20,ja,7,78,,,,,1,71,107.97,31,-266.77,-4.2344,5.14,5.14,,,,,,,,,,,,
boss_e_p20b,"passiv rang=20, zuerst 30 F hoch",R,Ansturm,6550,20,261,3,261,l,15,6549,261,3,20,64,45,4c0c,,,143,208,,,,,,,,,,,,,20,64,-176.0,-4.0,-30.0,18,,,,,,
boss_e_p20b,"passiv rang=20, zuerst 30 F hoch",G,Griff,6633,20,55,0,55,l,15,6549,261,3,59,64,6,7f10,59:20,ja,60,125,,,,,,,,,,,,,,,,,,,55,3,59,225.0,hinter den Boss,104
boss_e_p20b,"passiv rang=20, zuerst 30 F hoch",R,Ansturm,6819,20,-257,-15,257,r,15,6818,-257,-15,20,64,45,4c0c,,,139,204,,,,,,,,,,,,,20,64,173.87,3.918/4.0,27.92,14,,,,,,
boss_e_p20b,"passiv rang=20, zuerst 30 F hoch",G,Griff,6898,20,-55,0,55,r,15,6818,-257,-15,59,64,6,7f10,59:20,ja,60,125,,,,,,,,,,,,,,,,,,,-55,-2,59,-225.0,hinter den Boss,105
boss_e_p20b,"passiv rang=20, zuerst 30 F hoch",S,Armschwung,7161,20,79,1,79,l,11,7073,293,5,17,26,10,4002,17:11,nein,83,110,3,17:11;53:11;90:11,9,110,,,,,,,,,,,,,,,,,,,,
boss_e_p20b,"passiv rang=20, zuerst 30 F hoch",S+,Armschwung,7197,20,79,1,79,l,11,7073,293,5,17,26,10,4002,17:11,nein,47,74,,,,,,,,,,,,,,,,,,,,,,,,
boss_e_p20b,"passiv rang=20, zuerst 30 F hoch",S+,Armschwung,7234,20,79,1,79,l,11,7073,293,5,17,27,11,4c02,17:11,ja,9,37,,,,,,,,,,,,,,,,,,,,,,,,
boss_e_p20b,"passiv rang=20, zuerst 30 F hoch",P,Koerperpresse,7451,20,306,23,306,l,20,7449,306,23,32,70,39,4c0c,51:20,ja,7,78,,,,,1,71,108.0,31,-330.44,-9.5625,-23.85,-23.85,,,,,,,,,,,,
boss_e_p20b,"passiv rang=20, zuerst 30 F hoch",P,Koerperpresse,7670,20,83,3,83,l,20,7668,83,3,32,70,39,4c0c,51:20,ja,7,78,,,,,1,185,108.03,31,42.37,-1.2969,125.55,125.55,,,,,,,,,,,,
boss_e_p20b,"passiv rang=20, zuerst 30 F hoch",P,Koerperpresse,7855,20,125,0,125,l,20,7853,125,0,32,70,39,4c0c,51:20,ja,7,78,,,,,0,146,108.06,31,,-1.9531,118.0,118.0,,,,,,,,,,,,
boss_e_q20,passiv rang=20,S+,Armschwung,8,20,-83,0,83,r,10,1,-83,0,17,27,11,4c02,17:10,ja,9,37,,,,,,,,,,,,,,,,,,,,,,,,
boss_e_q20,passiv rang=20,S,Armschwung,258,20,-79,-1,79,r,11,223,-157,-14,17,26,10,4002,17:11,nein,83,110,3,17:11;52:11;89:11,10,110,,,,,,,,,,,,,,,,,,,,
boss_e_q20,passiv rang=20,S+,Armschwung,293,20,-79,-1,79,r,11,223,-157,-14,17,26,10,4002,17:11,nein,48,75,,,,,,,,,,,,,,,,,,,,,,,,
boss_e_q20,passiv rang=20,S+,Armschwung,330,20,-79,-1,79,r,11,223,-157,-14,17,27,11,4c02,17:11,ja,10,38,,,,,,,,,,,,,,,,,,,,,,,,
boss_e_q20,passiv rang=20,R,Ansturm,499,20,-124,-18,124,r,15,498,-124,-18,20,53,34,4c0c,39:15,ja,14,68,,,,,,,,,,,,,20,53,123.89,1.691/3.691/3.918,-2.7,14,,,,,,
boss_e_q20,passiv rang=20,S,Armschwung,801,20,-80,-1,80,r,11,768,-138,-9,17,26,10,4002,17:11,nein,84,111,3,17:11;53:11;91:11,9,111,,,,,,,,,,,,,,,,,,,,
boss_e_q20,passiv rang=20,S+,Armschwung,837,20,-80,-1,80,r,11,768,-138,-9,17,26,10,4002,17:11,nein,48,75,,,,,,,,,,,,,,,,,,,,,,,,
boss_e_q20,passiv rang=20,S+,Armschwung,875,20,-80,-1,80,r,11,768,-138,-9,17,27,11,4c02,17:11,ja,9,37,,,,,,,,,,,,,,,,,,,,,,,,
boss_e_q20,passiv rang=20,R,Ansturm,1075,20,-294,12,294,r,15,1074,-294,12,20,64,45,4c0c,,,15,80,,,,,,,,,,,,,20,64,176.0,4.0,29.25,15,,,,,,
boss_e_q20,passiv rang=20,P,Koerperpresse,1224,20,-166,3,166,r,20,1222,-166,3,32,70,39,4c0c,51:20,ja,7,78,,,,,1,71,107.53,31,167.81,5.1875,2.24,2.24,,,,,,,,,,,,
boss_e_q20,passiv rang=20,R,Ansturm,1442,20,-209,8,209,r,15,1441,-209,8,20,64,45,4c0c,60:15,ja,15,80,,,,,,,,,,,,,20,64,176.0,4.0,29.25,15,,,,,,
boss_e_q20,passiv rang=20,P,Koerperpresse,1648,20,-174,6,174,r,20,1639,-174,6,32,70,39,4c0c,54:20,ja,7,78,,,,,1,71,107.56,31,171.28,2.7188,-2.91,-2.91,,,,,,,,,,,,
boss_e_q20,passiv rang=20,R,Ansturm,1827,20,-173,6,173,r,15,1826,-173,6,20,64,45,4c0c,51:15,ja,15,80,,,,,,,,,,,,,20,64,170.0,0.0/2.0/4.0,0.25,15,,,,,,
boss_e_q20,passiv rang=20,R,Ansturm,2008,20,-174,7,174,r,15,2007,-174,7,20,64,45,4c0c,52:15,ja,18,83,,,,,,,,,,,,,20,64,173.87,3.918/4.0,3.92,18,,,,,,
boss_e_q20,passiv rang=20,P,Koerperpresse,2208,20,-126,2,126,r,20,2199,-126,2,32,70,39,4c0c,51:20,ja,7,78,,,,,1,71,107.59,31,124.03,1.9688,-2.49,-2.49,,,,,,,,,,,,
boss_e_q20,passiv rang=20,P,Koerperpresse,2470,20,-210,-15,210,r,20,2468,-210,-15,32,70,39,4c0c,51:20,ja,7,78,,,,,1,71,107.62,31,203.44,6.5625,-7.1,-7.1,,,,,,,,,,,,
boss_e_q20,passiv rang=20,R,Ansturm,2671,20,-166,0,166,r,15,2670,-166,0,20,62,43,4c0c,49:15,ja,15,78,,,,,,,,,,,,,20,62,166.0,2.0/4.0,0.25,15,,,,,,
boss_e_q20,passiv rang=20,R,Ansturm,2917,20,-254,8,254,r,15,2916,-254,8,20,64,45,4c0c,,,15,80,,,,,,,,,,,,,20,64,176.0,4.0,29.25,15,,,,,,
boss_e_q20,passiv rang=20,R,Ansturm,3048,20,-134,8,134,r,15,3047,-134,8,20,54,35,4c0c,41:15,ja,18,73,,,,,,,,,,,,,20,54,133.7,3.918/4.0,2.92,18,,,,,,
boss_e_q20,passiv rang=20,R,Ansturm,3210,20,-126,0,126,r,15,3209,-126,0,20,52,33,4c0c,39:15,ja,15,68,,,,,,,,,,,,,20,52,126.0,2.0/4.0,0.25,15,,,,,,
boss_e_q20,passiv rang=20,R,Ansturm,3396,20,-170,7,170,r,15,3395,-170,7,20,64,45,4c0c,50:15,ja,15,80,,,,,,,,,,,,,20,64,167.75,0.0/3.918/4.0,0.25,15,,,,,,
boss_e_q20,passiv rang=20,P,Koerperpresse,3598,20,-159,-7,159,r,20,3589,-159,-7,32,70,39,4c0c,53:20,ja,7,78,,,,,1,71,107.66,31,156.52,2.4844,-1.86,-1.86,,,,,,,,,,,,
boss_e_q20,passiv rang=20,R,Ansturm,3792,20,-172,7,172,r,15,3791,-172,7,20,64,45,4c0c,51:15,ja,15,80,,,,,,,,,,,,,20,64,169.75,0.0/2.0/3.918/4.0,0.25,15,,,,,,
boss_e_q20,passiv rang=20,S,Armschwung,4034,20,-79,0,79,r,11,3987,-173,7,17,26,10,4002,17:11,nein,82,109,3,17:11;54:11;89:11,9,109,,,,,,,,,,,,,,,,,,,,
boss_e_q20,passiv rang=20,S+,Armschwung,4071,20,-79,0,79,r,11,3987,-173,7,17,26,10,4002,17:11,nein,45,72,,,,,,,,,,,,,,,,,,,,,,,,
boss_e_q20,passiv rang=20,S+,Armschwung,4106,20,-79,0,79,r,11,3987,-173,7,17,27,11,4c02,17:11,ja,9,37,,,,,,,,,,,,,,,,,,,,,,,,
boss_e_q20,passiv rang=20,R,Ansturm,4412,20,-210,-7,210,r,15,4411,-210,-7,20,64,45,4c0c,60:15,ja,15,80,,,,,,,,,,,,,20,64,176.0,4.0,29.25,15,,,,,,
boss_e_q20,passiv rang=20,S,Armschwung,4698,20,-79,0,79,r,11,4637,-208,4,17,26,10,4002,17:11,nein,83,110,3,17:11;53:11;89:11,10,110,,,,,,,,,,,,,,,,,,,,
boss_e_q20,passiv rang=20,S+,Armschwung,4734,20,-79,0,79,r,11,4637,-208,4,17,26,10,4002,17:11,nein,47,74,,,,,,,,,,,,,,,,,,,,,,,,
boss_e_q20,passiv rang=20,S+,Armschwung,4770,20,-79,0,79,r,11,4637,-208,4,17,27,11,4c02,17:11,ja,10,38,,,,,,,,,,,,,,,,,,,,,,,,
boss_e_q20,passiv rang=20,P,Koerperpresse,4968,20,-169,-15,169,r,20,4966,-169,-15,32,70,39,4c0c,53:20,ja,7,78,,,,,1,71,107.69,31,166.36,2.6406,-2.17,-2.17,,,,,,,,,,,,
boss_e_q20,passiv rang=20,R,Ansturm,5186,20,-210,9,210,r,15,5185,-210,9,20,64,45,4c0c,60:15,ja,18,83,,,,,,,,,,,,,20,64,173.87,3.918/4.0,27.92,18,,,,,,
boss_e_q20,passiv rang=20,S,Armschwung,5418,20,-79,0,79,r,11,5369,-177,7,17,26,10,4002,17:11,nein,80,107,3,17:11;52:11;89:11,7,107,,,,,,,,,,,,,,,,,,,,
boss_e_q20,passiv rang=20,S+,Armschwung,5453,20,-79,0,79,r,11,5369,-177,7,17,26,10,4002,17:11,nein,45,72,,,,,,,,,,,,,,,,,,,,,,,,
boss_e_q20,passiv rang=20,S+,Armschwung,5490,20,-79,0,79,r,11,5369,-177,7,17,27,11,4c02,17:11,ja,7,35,,,,,,,,,,,,,,,,,,,,,,,,
boss_e_q20,passiv rang=20,P,Koerperpresse,5690,20,-283,-11,283,r,20,5688,-283,-11,32,70,39,4c0c,51:20,ja,7,78,,,,,1,71,107.72,31,278.16,8.8438,-4.3,-4.3,,,,,,,,,,,,
boss_e_q20,passiv rang=20,S,Armschwung,5924,20,-80,1,80,r,11,5883,-176,9,17,26,10,4002,17:11,nein,84,111,3,17:11;54:11;92:11,8,111,,,,,,,,,,,,,,,,,,,,
boss_e_q20,passiv rang=20,S+,Armschwung,5961,20,-80,1,80,r,11,5883,-176,9,17,26,10,4002,17:11,nein,47,74,,,,,,,,,,,,,,,,,,,,,,,,
boss_e_q20,passiv rang=20,S+,Armschwung,5999,20,-80,1,80,r,11,5883,-176,9,17,27,11,4c02,17:11,ja,8,36,,,,,,,,,,,,,,,,,,,,,,,,
boss_e_q20,passiv rang=20,S,Armschwung,6206,20,-79,1,79,r,11,6135,-249,11,17,26,10,4002,17:11,nein,81,108,3,17:11;52:11;88:11,9,108,,,,,,,,,,,,,,,,,,,,
boss_e_q20,passiv rang=20,S+,Armschwung,6241,20,-79,1,79,r,11,6135,-249,11,17,26,10,4002,17:11,nein,46,73,,,,,,,,,,,,,,,,,,,,,,,,
boss_e_q20,passiv rang=20,S+,Armschwung,6277,20,-79,1,79,r,11,6135,-249,11,17,27,11,4c02,17:11,ja,9,37,,,,,,,,,,,,,,,,,,,,,,,,
boss_e_q20,passiv rang=20,P,Koerperpresse,6511,20,-174,-15,174,r,20,6509,-174,-15,32,70,39,4c0c,54:20,ja,7,78,,,,,1,71,107.75,31,171.28,2.7188,-2.87,-2.87,,,,,,,,,,,,
boss_e_q20,passiv rang=20,S,Armschwung,6759,20,-79,0,79,r,11,6721,-169,-2,17,26,10,4002,17:11,nein,82,109,3,17:11;54:11;89:11,9,109,,,,,,,,,,,,,,,,,,,,
boss_e_q20,passiv rang=20,S+,Armschwung,6796,20,-79,0,79,r,11,6721,-169,-2,17,26,10,4002,17:11,nein,45,72,,,,,,,,,,,,,,,,,,,,,,,,
boss_e_q20,passiv rang=20,S+,Armschwung,6831,20,-79,0,79,r,11,6721,-169,-2,17,27,11,4c02,17:11,ja,9,37,,,,,,,,,,,,,,,,,,,,,,,,
boss_e_q20,passiv rang=20,R,Ansturm,6977,20,-206,1,206,r,15,6976,-206,1,20,64,45,4c0c,59:15,ja,15,80,,,,,,,,,,,,,20,64,176.0,4.0,29.25,15,,,,,,
boss_e_q20,passiv rang=20,R,Ansturm,7158,20,-171,7,171,r,15,7157,-171,7,20,64,45,4c0c,50:15,ja,15,80,,,,,,,,,,,,,20,64,168.75,0.0/1.0/3.918/4.0,0.25,15,,,,,,
boss_e_q20,passiv rang=20,P,Koerperpresse,7386,20,-166,-2,166,r,20,7377,-166,-2,32,70,39,4c0c,51:20,ja,7,78,,,,,1,71,107.78,31,164.81,5.1875,-0.8,-0.8,,,,,,,,,,,,
boss_e_q20,passiv rang=20,P,Koerperpresse,7583,20,-172,6,172,r,20,7581,-172,6,32,70,39,4c0c,54:20,ja,7,78,,,,,1,71,107.81,31,169.31,2.6875,-1.84,-1.84,,,,,,,,,,,,
boss_e_q20,passiv rang=20,P,Koerperpresse,7763,20,-172,7,172,r,20,7761,-172,7,32,70,39,4c0c,51:20,ja,7,78,,,,,1,71,107.84,31,176.62,5.375,4.68,4.68,,,,,,,,,,,,
boss_e_q20,passiv rang=20,R,Ansturm,7951,20,-126,0,126,r,15,7950,-126,0,20,49,30,4c0c,39:15,ja,,,,,,,,,,,,,,,20,49,116.0,4.0,,,,,,,,
boss_e_pnat,"passiv, rang natuerlich",S,Armschwung,157,16,79,3,79,l,10,112,115,54,17,26,10,4002,17:10,nein,84,111,3,17:10;55:10;92:10,8,111,,,,,,,,,,,,,,,,,,,,
boss_e_pnat,"passiv, rang natuerlich",S+,Armschwung,195,16,79,3,79,l,10,112,115,54,17,26,10,4002,17:10,nein,46,73,,,,,,,,,,,,,,,,,,,,,,,,
boss_e_pnat,"passiv, rang natuerlich",S+,Armschwung,232,16,79,3,79,l,10,112,115,54,17,27,11,4c02,17:10,ja,8,36,,,,,,,,,,,,,,,,,,,,,,,,
boss_e_pnat,"passiv, rang natuerlich",S,Armschwung,474,16,78,0,78,l,10,451,131,1,17,26,10,4002,17:10,nein,83,110,3,17:10;54:10;89:10,10,110,,,,,,,,,,,,,,,,,,,,
boss_e_pnat,"passiv, rang natuerlich",S+,Armschwung,511,16,78,0,78,l,10,451,131,1,17,26,10,4002,17:10,nein,46,73,,,,,,,,,,,,,,,,,,,,,,,,
boss_e_pnat,"passiv, rang natuerlich",S+,Armschwung,546,16,78,0,78,l,10,451,131,1,17,27,11,4c02,17:10,ja,10,38,,,,,,,,,,,,,,,,,,,,,,,,
boss_e_pnat,"passiv, rang natuerlich",P,Koerperpresse,808,17,130,1,130,l,18,806,130,1,32,70,39,4c0c,51:18,ja,7,78,,,,,1,71,107.53,31,-127.97,-2.0312,3.0,3.0,,,,,,,,,,,,
boss_e_pnat,"passiv, rang natuerlich",S,Armschwung,1027,17,79,1,79,l,10,986,171,18,17,26,10,4002,17:10,nein,84,111,3,17:10;54:10;90:10,10,111,,,,,,,,,,,,,,,,,,,,
boss_e_pnat,"passiv, rang natuerlich",S+,Armschwung,1064,17,79,1,79,l,10,986,171,18,17,26,10,4002,17:10,nein,47,74,,,,,,,,,,,,,,,,,,,,,,,,
boss_e_pnat,"passiv, rang natuerlich",S+,Armschwung,1100,17,79,1,79,l,10,986,171,18,17,27,11,4c02,17:10,ja,10,38,,,,,,,,,,,,,,,,,,,,,,,,
boss_e_pnat,"passiv, rang natuerlich",R,Ansturm,1250,18,189,24,189,l,14,1249,189,24,20,64,45,4c0c,55:14,ja,18,83,,,,,,,,,,,,,20,64,-172.39,-3.918,-29.38,18,,,,,,
boss_e_pnat,"passiv, rang natuerlich",S,Armschwung,1477,18,78,1,78,l,10,1433,156,21,17,26,10,4002,17:10,nein,84,111,3,17:10;54:10;90:10,10,111,,,,,,,,,,,,,,,,,,,,
boss_e_pnat,"passiv, rang natuerlich",S+,Armschwung,1514,18,78,1,78,l,10,1433,156,21,17,26,10,4002,17:10,nein,47,74,,,,,,,,,,,,,,,,,,,,,,,,
boss_e_pnat,"passiv, rang natuerlich",S+,Armschwung,1550,18,78,1,78,l,10,1433,156,21,17,27,11,4c02,17:10,ja,10,38,,,,,,,,,,,,,,,,,,,,,,,,
boss_e_pnat,"passiv, rang natuerlich",R,Ansturm,1801,19,131,2,131,l,15,1800,131,2,20,53,34,4c0c,40:15,ja,18,72,,,,,,,,,,,,,20,53,-132.0,-4.0,-23.0,18,,,,,,
boss_e_pnat,"passiv, rang natuerlich",R,Ansturm,2041,19,125,-9,125,l,15,2040,125,-9,20,52,33,4c0c,39:15,ja,18,71,,,,,,,,,,,,,20,52,-125.87,-4.0/-3.918,-23.38,18,,,,,,
boss_e_pnat,"passiv, rang natuerlich",P,Koerperpresse,2235,19,124,0,124,l,19,2226,124,0,32,70,39,4c0c,51:19,ja,7,78,,,,,1,71,107.56,31,-122.06,-1.9375,2.19,2.19,,,,,,,,,,,,
boss_e_pnat,"passiv, rang natuerlich",R,Ansturm,2431,20,168,15,168,l,15,2430,168,15,20,63,44,4c0c,50:15,ja,18,82,,,,,,,,,,,,,20,63,-168.47,-3.918,-23.38,18,,,,,,
boss_e_pnat,"passiv, rang natuerlich",S,Armschwung,2667,20,77,1,77,l,11,2630,145,9,17,26,10,4002,17:11,nein,83,110,3,17:11;54:11;89:11,10,110,,,,,,,,,,,,,,,,,,,,
boss_e_pnat,"passiv, rang natuerlich",S+,Armschwung,2704,20,77,1,77,l,11,2630,145,9,17,26,10,4002,17:11,nein,46,73,,,,,,,,,,,,,,,,,,,,,,,,
boss_e_pnat,"passiv, rang natuerlich",S+,Armschwung,2739,20,77,1,77,l,11,2630,145,9,17,27,11,4c02,17:11,ja,10,38,,,,,,,,,,,,,,,,,,,,,,,,
boss_e_pnat,"passiv, rang natuerlich",P,Koerperpresse,2962,20,269,59,269,l,20,2960,269,59,32,70,39,4c0c,58:20,ja,7,78,,,,,1,71,107.59,31,-264.8,-4.2031,4.81,4.81,,,,,,,,,,,,
boss_e_pnat,"passiv, rang natuerlich",R,Ansturm,3202,21,255,28,255,l,16,3201,255,28,20,64,45,4c0c,,,18,83,,,,,,,,,,,,,20,64,-172.39,-3.918,-29.38,18,,,,,,
boss_e_pnat,"passiv, rang natuerlich",R,Ansturm,3336,21,138,16,138,l,16,3335,138,16,20,55,36,4c0c,42:16,ja,18,74,,,,,,,,,,,,,20,55,-137.13,-3.918,-24.38,18,,,,,,
boss_e_pnat,"passiv, rang natuerlich",P,Koerperpresse,3521,21,124,1,124,l,20,3512,124,1,32,70,39,4c0c,51:20,ja,7,78,,,,,1,71,107.62,31,-122.06,-1.9375,2.54,2.54,,,,,,,,,,,,
boss_e_pnat,"passiv, rang natuerlich",P,Koerperpresse,3768,22,252,19,252,l,21,3766,252,19,32,70,39,4c0c,57:21,ja,7,78,,,,,1,71,107.66,31,-248.06,-3.9375,4.13,4.13,,,,,,,,,,,,
boss_e_pnat,"passiv, rang natuerlich",S,Armschwung,4072,22,78,1,78,l,11,3996,254,27,17,26,10,4002,17:11,nein,83,110,3,17:11;55:11;92:11,7,110,,,,,,,,,,,,,,,,,,,,
boss_e_pnat,"passiv, rang natuerlich",S+,Armschwung,4110,22,78,1,78,l,11,3996,254,27,17,26,10,4002,17:11,nein,45,72,,,,,,,,,,,,,,,,,,,,,,,,
boss_e_pnat,"passiv, rang natuerlich",S+,Armschwung,4147,22,78,1,78,l,11,3996,254,27,17,27,11,4c02,17:11,ja,7,35,,,,,,,,,,,,,,,,,,,,,,,,
boss_e_pnat,"passiv, rang natuerlich",R,Ansturm,4296,23,236,17,236,l,17,4295,236,17,20,64,45,4c0c,,,143,208,,,,,,,,,,,,,20,64,-173.13,-4.0/-3.918,-29.38,18,,,,,,
boss_e_pnat,"passiv, rang natuerlich",G,Griff,4379,23,33,0,33,l,17,4295,236,17,59,64,6,7f10,59:21,ja,60,125,,,,,,,,,,,,,,,,,,,33,0,59,230.0,hinter den Boss,105
boss_e_pnat,"passiv, rang natuerlich",P,Koerperpresse,4607,23,-149,24,149,r,21,4605,-149,24,32,63,32,4c0c,,,7,71,,,,,1,64,107.69,31,293.34,4.6562,145.05,145.05,,,,,,,,,,,,
boss_e_pnat,"passiv, rang natuerlich",P,Koerperpresse,4746,23,90,-22,90,l,21,4744,90,-22,32,63,32,4c0c,,,7,71,,,,,1,64,107.72,31,-177.19,-2.8125,-86.93,-86.93,,,,,,,,,,,,
boss_e_pnat,"passiv, rang natuerlich",S,Armschwung,4940,24,-80,0,80,r,12,4917,-132,1,17,26,10,4002,17:12,nein,83,110,3,17:12;53:12;89:12,10,110,,,,,,,,,,,,,,,,,,,,
boss_e_pnat,"passiv, rang natuerlich",S+,Armschwung,4976,24,-80,0,80,r,12,4917,-132,1,17,26,10,4002,17:12,nein,47,74,,,,,,,,,,,,,,,,,,,,,,,,
boss_e_pnat,"passiv, rang natuerlich",S+,Armschwung,5012,24,-80,0,80,r,12,4917,-132,1,17,27,11,4c02,17:12,ja,10,38,,,,,,,,,,,,,,,,,,,,,,,,
boss_e_pnat,"passiv, rang natuerlich",P,Koerperpresse,5242,24,-132,0,132,r,22,5240,-132,0,32,70,39,4c0c,51:22,ja,7,78,,,,,1,71,107.75,31,129.94,2.0625,-1.58,-1.58,,,,,,,,,,,,
boss_e_pnat,"passiv, rang natuerlich",S,Armschwung,5506,24,-79,0,79,r,12,5435,-246,21,17,26,10,4002,17:12,nein,86,113,3,17:12;55:12;93:12,9,113,,,,,,,,,,,,,,,,,,,,
boss_e_pnat,"passiv, rang natuerlich",S+,Armschwung,5544,24,-79,0,79,r,12,5435,-246,21,17,26,10,4002,17:12,nein,48,75,,,,,,,,,,,,,,,,,,,,,,,,
boss_e_pnat,"passiv, rang natuerlich",S+,Armschwung,5582,24,-79,0,79,r,12,5435,-246,21,17,27,11,4c02,17:12,ja,9,37,,,,,,,,,,,,,,,,,,,,,,,,
boss_e_pnat,"passiv, rang natuerlich",R,Ansturm,5733,24,-184,-14,184,r,17,5732,-184,-14,20,64,45,4c0c,54:17,ja,14,79,,,,,,,,,,,,,20,64,172.88,3.918/4.0,12.92,14,,,,,,
boss_e_pnat,"passiv, rang natuerlich",P,Koerperpresse,5921,24,-166,20,166,r,22,5912,-166,20,32,70,39,4c0c,53:22,ja,7,78,,,,,1,71,107.78,31,163.41,2.5938,-2.44,-2.44,,,,,,,,,,,,
boss_e_pnat,"passiv, rang natuerlich",S,Armschwung,6152,24,-79,1,79,r,12,6112,-171,13,17,26,10,4002,17:12,nein,82,109,3,17:12;54:12;90:12,8,109,,,,,,,,,,,,,,,,,,,,
boss_e_pnat,"passiv, rang natuerlich",S+,Armschwung,6189,24,-79,1,79,r,12,6112,-171,13,17,26,10,4002,17:12,nein,45,72,,,,,,,,,,,,,,,,,,,,,,,,
boss_e_pnat,"passiv, rang natuerlich",S+,Armschwung,6225,24,-79,1,79,r,12,6112,-171,13,17,27,11,4c02,17:12,ja,8,36,,,,,,,,,,,,,,,,,,,,,,,,
boss_e_pnat,"passiv, rang natuerlich",R,Ansturm,6373,24,-231,5,231,r,17,6372,-231,5,20,64,45,4c0c,,,100,165,,,,,,,,,,,,,20,64,176.0,4.0,29.25,15,,,,,,
boss_e_pnat,"passiv, rang natuerlich",G,Griff,6453,24,-26,0,26,r,17,6372,-231,5,72,84,13,7f10,72:22,ja,0,85,,,,,,,,,,,,,,,,,,,-26,5,,,,
boss_e_pnat,"passiv, rang natuerlich",R,Ansturm,6693,24,186,35,186,l,17,6692,186,35,20,64,45,4c0c,58:17,ja,18,83,,,,,,,,,,,,,20,64,-164.46,-3.918/-3.691,-27.69,18,,,,,,
boss_e_pnat,"passiv, rang natuerlich",S,Armschwung,6918,24,79,0,79,l,12,6885,138,4,17,26,10,4002,17:12,nein,81,108,3,17:12;54:12;90:12,7,108,,,,,,,,,,,,,,,,,,,,
boss_e_pnat,"passiv, rang natuerlich",S+,Armschwung,6955,24,79,0,79,l,12,6885,138,4,17,26,10,4002,17:12,nein,44,71,,,,,,,,,,,,,,,,,,,,,,,,
boss_e_pnat,"passiv, rang natuerlich",S+,Armschwung,6991,24,79,0,79,l,12,6885,138,4,17,27,11,4c02,17:12,ja,7,35,,,,,,,,,,,,,,,,,,,,,,,,
boss_e_pnat,"passiv, rang natuerlich",P,Koerperpresse,7180,24,281,36,281,l,22,7178,281,36,32,70,39,4c0c,58:22,ja,7,78,,,,,1,71,107.81,31,-276.61,-4.3906,4.87,4.87,,,,,,,,,,,,
boss_e_pnat,"passiv, rang natuerlich",R,Ansturm,7362,24,125,1,125,l,17,7361,125,1,20,52,33,4c0c,39:17,ja,18,71,,,,,,,,,,,,,20,52,-128.0,-4.0,-21.0,18,,,,,,
boss_e_pnat,"passiv, rang natuerlich",P,Koerperpresse,7618,24,196,22,196,l,22,7609,196,22,32,70,39,4c0c,55:22,ja,7,78,,,,,1,71,107.84,31,-192.94,-3.0625,3.94,3.94,,,,,,,,,,,,
boss_e_pnat,"passiv, rang natuerlich",R,Ansturm,7821,24,169,7,169,l,17,7820,169,7,20,63,44,4c0c,50:17,ja,18,82,,,,,,,,,,,,,20,63,-172.0,-4.0,-21.0,18,,,,,,
boss_e_qnat,"passiv, rang natuerlich",S+,Armschwung,8,16,-83,0,83,r,10,1,-83,0,17,27,11,4c02,17:10,ja,9,37,,,,,,,,,,,,,,,,,,,,,,,,
boss_e_qnat,"passiv, rang natuerlich",S,Armschwung,258,17,-79,-1,79,r,10,223,-157,-14,17,26,10,4002,17:10,nein,83,110,3,17:10;52:10;89:10,10,110,,,,,,,,,,,,,,,,,,,,
boss_e_qnat,"passiv, rang natuerlich",S+,Armschwung,293,17,-79,-1,79,r,10,223,-157,-14,17,26,10,4002,17:10,nein,48,75,,,,,,,,,,,,,,,,,,,,,,,,
boss_e_qnat,"passiv, rang natuerlich",S+,Armschwung,330,17,-79,-1,79,r,10,223,-157,-14,17,27,11,4c02,17:10,ja,10,38,,,,,,,,,,,,,,,,,,,,,,,,
boss_e_qnat,"passiv, rang natuerlich",R,Ansturm,499,17,-124,-18,124,r,14,498,-124,-18,20,53,34,4c0c,39:14,ja,14,68,,,,,,,,,,,,,20,53,123.89,1.691/3.691/3.918,-2.7,14,,,,,,
boss_e_qnat,"passiv, rang natuerlich",S,Armschwung,801,18,-80,-1,80,r,10,768,-138,-9,17,26,10,4002,17:10,nein,84,111,3,17:10;53:10;91:10,9,111,,,,,,,,,,,,,,,,,,,,
boss_e_qnat,"passiv, rang natuerlich",S+,Armschwung,837,18,-80,-1,80,r,10,768,-138,-9,17,26,10,4002,17:10,nein,48,75,,,,,,,,,,,,,,,,,,,,,,,,
boss_e_qnat,"passiv, rang natuerlich",S+,Armschwung,875,18,-80,-1,80,r,10,768,-138,-9,17,27,11,4c02,17:10,ja,9,37,,,,,,,,,,,,,,,,,,,,,,,,
boss_e_qnat,"passiv, rang natuerlich",R,Ansturm,1075,18,-294,12,294,r,14,1074,-294,12,20,64,45,4c0c,,,15,80,,,,,,,,,,,,,20,64,176.0,4.0,29.25,15,,,,,,
boss_e_qnat,"passiv, rang natuerlich",P,Koerperpresse,1224,18,-166,3,166,r,19,1222,-166,3,32,70,39,4c0c,51:19,ja,7,78,,,,,1,71,107.53,31,167.81,5.1875,2.24,2.24,,,,,,,,,,,,
boss_e_qnat,"passiv, rang natuerlich",R,Ansturm,1442,19,-209,8,209,r,15,1441,-209,8,20,64,45,4c0c,60:15,ja,15,80,,,,,,,,,,,,,20,64,176.0,4.0,29.25,15,,,,,,
boss_e_qnat,"passiv, rang natuerlich",P,Koerperpresse,1648,19,-174,6,174,r,19,1639,-174,6,32,70,39,4c0c,54:19,ja,7,78,,,,,1,71,107.56,31,171.28,2.7188,-2.91,-2.91,,,,,,,,,,,,
boss_e_qnat,"passiv, rang natuerlich",R,Ansturm,1827,19,-173,6,173,r,15,1826,-173,6,20,64,45,4c0c,51:15,ja,15,80,,,,,,,,,,,,,20,64,170.0,0.0/2.0/4.0,0.25,15,,,,,,
boss_e_qnat,"passiv, rang natuerlich",R,Ansturm,2008,20,-174,7,174,r,15,2007,-174,7,20,64,45,4c0c,52:15,ja,18,83,,,,,,,,,,,,,20,64,173.87,3.918/4.0,3.92,18,,,,,,
boss_e_qnat,"passiv, rang natuerlich",P,Koerperpresse,2208,20,-126,2,126,r,20,2199,-126,2,32,70,39,4c0c,51:20,ja,7,78,,,,,1,71,107.59,31,124.03,1.9688,-2.49,-2.49,,,,,,,,,,,,
boss_e_qnat,"passiv, rang natuerlich",P,Koerperpresse,2470,20,-210,-15,210,r,20,2468,-210,-15,32,70,39,4c0c,51:20,ja,7,78,,,,,1,71,107.62,31,203.44,6.5625,-7.1,-7.1,,,,,,,,,,,,
boss_e_qnat,"passiv, rang natuerlich",R,Ansturm,2671,21,-166,0,166,r,16,2670,-166,0,20,62,43,4c0c,49:16,ja,15,78,,,,,,,,,,,,,20,62,166.0,2.0/4.0,0.25,15,,,,,,
boss_e_qnat,"passiv, rang natuerlich",R,Ansturm,2917,21,-254,8,254,r,16,2916,-254,8,20,64,45,4c0c,,,15,80,,,,,,,,,,,,,20,64,176.0,4.0,29.25,15,,,,,,
boss_e_qnat,"passiv, rang natuerlich",R,Ansturm,3048,21,-134,8,134,r,16,3047,-134,8,20,54,35,4c0c,41:16,ja,18,73,,,,,,,,,,,,,20,54,133.7,3.918/4.0,2.92,18,,,,,,
boss_e_qnat,"passiv, rang natuerlich",R,Ansturm,3210,22,-126,0,126,r,16,3209,-126,0,20,52,33,4c0c,39:16,ja,15,68,,,,,,,,,,,,,20,52,126.0,2.0/4.0,0.25,15,,,,,,
boss_e_qnat,"passiv, rang natuerlich",R,Ansturm,3396,22,-170,7,170,r,16,3395,-170,7,20,64,45,4c0c,50:16,ja,15,80,,,,,,,,,,,,,20,64,167.75,0.0/3.918/4.0,0.25,15,,,,,,
boss_e_qnat,"passiv, rang natuerlich",P,Koerperpresse,3598,22,-159,-7,159,r,21,3589,-159,-7,32,70,39,4c0c,53:21,ja,7,78,,,,,1,71,107.66,31,156.52,2.4844,-1.86,-1.86,,,,,,,,,,,,
boss_e_qnat,"passiv, rang natuerlich",R,Ansturm,3792,23,-172,7,172,r,17,3791,-172,7,20,64,45,4c0c,51:17,ja,15,80,,,,,,,,,,,,,20,64,169.75,0.0/2.0/3.918/4.0,0.25,15,,,,,,
boss_e_qnat,"passiv, rang natuerlich",S,Armschwung,4034,23,-79,0,79,r,11,3987,-173,7,17,26,10,4002,17:11,nein,82,109,3,17:11;54:11;89:11,9,109,,,,,,,,,,,,,,,,,,,,
boss_e_qnat,"passiv, rang natuerlich",S+,Armschwung,4071,23,-79,0,79,r,11,3987,-173,7,17,26,10,4002,17:11,nein,45,72,,,,,,,,,,,,,,,,,,,,,,,,
boss_e_qnat,"passiv, rang natuerlich",S+,Armschwung,4106,23,-79,0,79,r,11,3987,-173,7,17,27,11,4c02,17:11,ja,9,37,,,,,,,,,,,,,,,,,,,,,,,,
boss_e_qnat,"passiv, rang natuerlich",R,Ansturm,4412,24,-210,-7,210,r,17,4411,-210,-7,20,64,45,4c0c,60:17,ja,15,80,,,,,,,,,,,,,20,64,176.0,4.0,29.25,15,,,,,,
boss_e_qnat,"passiv, rang natuerlich",P,Koerperpresse,4651,24,-208,4,208,r,22,4642,-208,4,32,70,39,4c0c,56:22,ja,7,78,,,,,1,71,107.69,31,204.75,3.25,-3.25,-3.25,,,,,,,,,,,,
boss_e_qnat,"passiv, rang natuerlich",S,Armschwung,4953,24,-80,0,80,r,12,4879,-258,12,17,26,10,4002,17:12,nein,83,110,3,17:12;53:12;91:12,8,110,,,,,,,,,,,,,,,,,,,,
boss_e_qnat,"passiv, rang natuerlich",S+,Armschwung,4989,24,-80,0,80,r,12,4879,-258,12,17,26,10,4002,17:12,nein,47,74,,,,,,,,,,,,,,,,,,,,,,,,
boss_e_qnat,"passiv, rang natuerlich",S+,Armschwung,5027,24,-80,0,80,r,12,4879,-258,12,17,27,11,4c02,17:12,ja,8,36,,,,,,,,,,,,,,,,,,,,,,,,
boss_e_qnat,"passiv, rang natuerlich",P,Koerperpresse,5178,24,-234,-4,234,r,22,5176,-234,-4,32,70,39,4c0c,57:22,ja,7,78,,,,,1,71,107.72,31,230.34,3.6562,-3.35,-3.35,,,,,,,,,,,,
boss_e_qnat,"passiv, rang natuerlich",R,Ansturm,5357,24,-126,0,126,r,17,5356,-126,0,20,52,33,4c0c,39:17,ja,15,68,,,,,,,,,,,,,20,52,126.0,2.0/4.0,0.25,15,,,,,,
boss_e_qnat,"passiv, rang natuerlich",S,Armschwung,5571,24,-79,0,79,r,12,5525,-170,6,17,26,10,4002,17:12,nein,82,109,3,17:12;52:12;88:12,10,109,,,,,,,,,,,,,,,,,,,,
boss_e_qnat,"passiv, rang natuerlich",S+,Armschwung,5606,24,-79,0,79,r,12,5525,-170,6,17,26,10,4002,17:12,nein,47,74,,,,,,,,,,,,,,,,,,,,,,,,
boss_e_qnat,"passiv, rang natuerlich",S+,Armschwung,5642,24,-79,0,79,r,12,5525,-170,6,17,27,11,4c02,17:12,ja,10,38,,,,,,,,,,,,,,,,,,,,,,,,
boss_e_qnat,"passiv, rang natuerlich",R,Ansturm,5798,24,-247,10,247,r,17,5797,-247,10,20,64,45,4c0c,,,15,80,,,,,,,,,,,,,20,64,176.0,4.0,29.25,15,,,,,,
boss_e_qnat,"passiv, rang natuerlich",P,Koerperpresse,5930,24,-127,10,127,r,22,5928,-127,10,32,70,39,4c0c,51:22,ja,7,78,,,,,1,71,107.75,31,125.02,1.9844,-1.5,-1.5,,,,,,,,,,,,
boss_e_qnat,"passiv, rang natuerlich",R,Ansturm,6124,24,-172,7,172,r,17,6123,-172,7,20,64,45,4c0c,51:17,ja,15,80,,,,,,,,,,,,,20,64,168.75,0.0/1.0/3.918/4.0,0.25,15,,,,,,
boss_e_qnat,"passiv, rang natuerlich",P,Koerperpresse,6309,24,-127,3,127,r,22,6300,-127,3,32,70,39,4c0c,51:22,ja,7,78,,,,,1,71,107.78,31,129.03,3.9688,2.0,2.0,,,,,,,,,,,,
boss_e_qnat,"passiv, rang natuerlich",S,Armschwung,6536,24,-79,0,79,r,12,6498,-167,6,17,26,10,4002,17:12,nein,79,106,3,17:12;52:12;88:12,7,106,,,,,,,,,,,,,,,,,,,,
boss_e_qnat,"passiv, rang natuerlich",S+,Armschwung,6571,24,-79,0,79,r,12,6498,-167,6,17,26,10,4002,17:12,nein,44,71,,,,,,,,,,,,,,,,,,,,,,,,
boss_e_qnat,"passiv, rang natuerlich",S+,Armschwung,6607,24,-79,0,79,r,12,6498,-167,6,17,27,11,4c02,17:12,ja,7,35,,,,,,,,,,,,,,,,,,,,,,,,
boss_e_qnat,"passiv, rang natuerlich",R,Ansturm,6758,24,-174,-20,174,r,17,6757,-174,-20,20,64,45,4c0c,52:17,ja,14,79,,,,,,,,,,,,,20,64,172.39,3.918,0.92,14,,,,,,
boss_e_qnat,"passiv, rang natuerlich",R,Ansturm,6949,24,-170,7,170,r,17,6948,-170,7,20,64,45,4c0c,50:17,ja,15,80,,,,,,,,,,,,,20,64,168.75,0.0/1.0/3.918/4.0,-0.75,15,,,,,,
boss_e_qnat,"passiv, rang natuerlich",S,Armschwung,7375,24,-79,-1,79,r,12,7280,-291,-13,17,26,10,4002,17:12,nein,83,110,3,17:12;54:12;91:12,8,110,,,,,,,,,,,,,,,,,,,,
boss_e_qnat,"passiv, rang natuerlich",S+,Armschwung,7412,24,-79,-1,79,r,12,7280,-291,-13,17,26,10,4002,17:12,nein,46,73,,,,,,,,,,,,,,,,,,,,,,,,
boss_e_qnat,"passiv, rang natuerlich",S+,Armschwung,7449,24,-79,-1,79,r,12,7280,-291,-13,17,27,11,4c02,17:12,ja,8,36,,,,,,,,,,,,,,,,,,,,,,,,
boss_e_qnat,"passiv, rang natuerlich",R,Ansturm,7616,24,-213,-21,213,r,17,7615,-213,-21,20,64,45,4c0c,62:17,ja,14,79,,,,,,,,,,,,,20,64,172.39,3.918,27.92,14,,,,,,
boss_e_qnat,"passiv, rang natuerlich",S,Armschwung,7891,24,-79,-1,79,r,12,7837,-189,-12,17,26,10,4002,17:12,nein,,,3,17:12;55:12;93:12,,,,,,,,,,,,,,,,,,,,,,
boss_e_qnat,"passiv, rang natuerlich",S+,Armschwung,7929,24,-79,-1,79,r,12,7837,-189,-12,17,26,10,4002,17:12,nein,,,,,,,,,,,,,,,,,,,,,,,,,,
boss_e_qnat,"passiv, rang natuerlich",S+,Armschwung,7967,24,-79,-1,79,r,12,7837,-189,-12,17,27,11,4c02,17:12,ja,,,,,,,,,,,,,,,,,,,,,,,,,,
boss_b_bot_p7,bot rang=7,S,Armschwung,124,7,78,0,78,l,7,112,108,12,,,,,,,,33,1,,,33,,,,,,,,,,,,,,,,,,,,
boss_b_bot_p7,bot rang=7,K,kurzer Schlag,228,7,49,-3,49,l,7,228,49,-3,7,17,11,4c02,7:7,ja,8,26,,,,,,,,,,,,,,,,,,,,,,,,
boss_b_bot_p7,bot rang=7,S,Armschwung,414,7,77,0,77,l,7,401,128,0,,,,,,,,61,1,,,61,,,,,,,,,,,,,,,,,,,,
boss_b_bot_p7,bot rang=7,K,kurzer Schlag,491,7,49,-7,49,l,7,491,49,-7,7,17,11,4c02,7:7,ja,7,25,,,,,,,,,,,,,,,,,,,,,,,,
boss_b_bot_p7,bot rang=7,P,Koerperpresse,637,7,296,15,296,l,13,635,296,15,32,51,20,4c0c,,,132,184,,,,,1,236,117.77,78,-65.12,-4.625,231.31,231.31,,,,,,,,,,,,
boss_b_bot_p7,bot rang=7,P,Koerperpresse,873,7,76,-4,76,l,13,871,76,-6,,,,,,,,136,,,,,0,199,80.47,32,218.38,-2.375,293.93,293.93,,,,,,,,,,,,
boss_b_bot_p7,bot rang=7,S,Armschwung,1072,7,77,0,77,l,7,1070,80,0,,,,,,,,32,1,,,32,,,,,,,,,,,,,,,,,,,,
boss_b_bot_p7,bot rang=7,P,Koerperpresse,1244,7,70,0,70,l,13,1244,70,0,32,63,32,4c0c,,,7,71,,,,,0,166,108.24,31,-327.63,-3.4844,-257.2,-257.2,,,,,,,,,,,,
boss_b_bot_p7,bot rang=7,P,Koerperpresse,1410,7,-121,-1,121,r,13,1408,-125,-1,32,63,32,4c0c,,,7,71,,,,,0,72,108.27,31,121.08,1.9219,0.38,0.38,,,,,,,,,,,,
boss_b_bot_p7,bot rang=7,K,kurzer Schlag,1482,7,-39,0,39,r,7,1482,-39,0,7,17,11,4c02,7:7,ja,7,25,,,,,,,,,,,,,,,,,,,,,,,,
boss_b_bot_p7,bot rang=7,P,Koerperpresse,2149,7,-71,1,71,r,13,2149,-71,1,32,63,32,4c0c,,,7,71,,,,,0,313,108.3,31,356.34,4.0,285.23,285.23,,,,,,,,,,,,
boss_b_bot_p7,bot rang=7,S,Armschwung,2462,7,78,0,78,l,7,2455,96,-6,,,,,,,,33,1,,,33,,,,,,,,,,,,,,,,,,,,
boss_b_bot_p7,bot rang=7,P,Koerperpresse,3012,7,69,0,69,l,13,3012,69,0,32,63,32,4c0c,,,7,71,,,,,0,108,108.34,31,-286.6,-3.5781,-217.39,-217.39,,,,,,,,,,,,
boss_b_bot_p7,bot rang=7,R,Ansturm,3120,7,-157,1,157,r,10,3119,-158,1,20,33,14,4c0c,,,26,60,,,,,,,,,,,,,20,33,52.0,4.0,,,,,,,,
boss_b_bot_p7,bot rang=7,K,kurzer Schlag,3181,7,-50,1,50,r,7,3181,-50,1,7,17,11,4c02,7:7,ja,8,26,,,,,,,,,,,,,,,,,,,,,,,,
boss_b_bot_p7,bot rang=7,S,Armschwung,3379,7,-77,-1,77,r,7,3331,-248,-2,,,,,,,,33,1,,,33,,,,,,,,,,,,,,,,,,,,
boss_b_bot_p7,bot rang=7,K,kurzer Schlag,3482,7,-50,4,50,r,7,3482,-50,4,7,17,11,4c02,7:7,ja,10,28,,,,,,,,,,,,,,,,,,,,,,,,
boss_b_bot_p7,bot rang=7,P,Koerperpresse,3669,7,-240,3,240,r,13,3667,-243,3,32,63,32,4c0c,,,16,80,,,,,0,85,108.37,31,258.57,7.5312,19.36,19.36,,,,,,,,,,,,
boss_b_bot_p7,bot rang=7,K,kurzer Schlag,3754,7,49,-3,49,l,7,3754,49,-3,7,17,11,4c02,7:7,ja,8,26,,,,,,,,,,,,,,,,,,,,,,,,
boss_b_bot_p7,bot rang=7,K,kurzer Schlag,3918,7,-26,-3,26,r,7,3918,-26,-3,7,17,11,4c02,7:7,ja,10,28,,,,,,,,,,,,,,,,,,,,,,,,
boss_b_bot_p7,bot rang=7,S,Armschwung,4104,7,-78,0,78,r,7,4069,-190,4,,,,,,,,33,1,,,33,,,,,,,,,,,,,,,,,,,,
boss_b_bot_p7,bot rang=7,P,Koerperpresse,4223,7,-56,-1,56,r,13,4221,-56,-2,,,,,,,,,,,,,0,115,55.86,55,-131.25,1.75,-187.28,-187.28,,,,,,,,,,,,
boss_b_bot_q7,bot rang=7,S+,Armschwung,8,7,-83,0,83,r,10,1,-83,0,17,27,11,4c02,17:10,ja,9,37,,,,,,,,,,,,,,,,,,,,,,,,
boss_b_bot_q7,bot rang=7,S,Armschwung,232,7,-80,1,80,r,7,223,-114,1,,,,,,,,62,1,,,62,,,,,,,,,,,,,,,,,,,,
boss_b_bot_q7,bot rang=7,S,Armschwung,410,7,-76,-1,76,r,7,407,-85,-1,,,,,,,,32,1,,,32,,,,,,,,,,,,,,,,,,,,
boss_b_bot_q7,bot rang=7,S,Armschwung,680,7,-75,1,75,r,7,678,-79,1,,,,,,,,31,1,,,31,,,,,,,,,,,,,,,,,,,,
boss_b_bot_q7,bot rang=7,S,Armschwung,790,7,-79,1,79,r,7,788,-82,1,,,,,,,,33,1,,,33,,,,,,,,,,,,,,,,,,,,
boss_b_bot_q7,bot rang=7,P,Koerperpresse,1008,7,-72,1,72,r,13,1008,-72,1,32,63,32,4c0c,,,7,71,,,,,1,64,107.53,31,252.0,4.0,179.81,179.81,,,,,,,,,,,,
boss_b_bot_q7,bot rang=7,S,Armschwung,1187,7,79,1,79,l,7,1174,129,1,,,,,,,,34,1,,,34,,,,,,,,,,,,,,,,,,,,
boss_b_bot_q7,bot rang=7,S,Armschwung,1329,7,79,-1,79,l,7,1326,86,-1,,,,,,,,33,1,,,33,,,,,,,,,,,,,,,,,,,,
boss_b_bot_q7,bot rang=7,K,kurzer Schlag,1506,7,49,-5,49,l,7,1506,49,-5,7,17,11,4c02,7:7,ja,9,27,,,,,,,,,,,,,,,,,,,,,,,,
boss_b_bot_q7,bot rang=7,S,Armschwung,1682,7,79,0,79,l,7,1669,124,1,,,,,,,,34,1,,,34,,,,,,,,,,,,,,,,,,,,
boss_b_bot_q7,bot rang=7,S,Armschwung,1966,7,79,-1,79,l,7,1964,83,-1,,,,,,,,62,1,,,62,,,,,,,,,,,,,,,,,,,,
boss_b_bot_q7,bot rang=7,P,Koerperpresse,2188,7,68,-1,68,l,13,2188,68,-1,32,63,32,4c0c,,,7,71,,,,,1,64,107.56,31,-230.34,-3.6562,-161.68,-161.68,,,,,,,,,,,,
boss_b_bot_q7,bot rang=7,S,Armschwung,2313,7,-77,0,77,r,7,2296,-144,1,,,,,,,,32,1,,,32,,,,,,,,,,,,,,,,,,,,
boss_b_bot_q7,bot rang=7,P,Koerperpresse,2452,7,-89,-1,89,r,13,2450,-92,-1,,,,,,,,131,,,,,1,303,101.18,36,-200.34,1.4062,-288.57,-286.82,,,,,,,,,,,,
boss_b_bot_q7,bot rang=7,P,Koerperpresse,2755,7,-72,-1,72,r,13,2753,-72,-1,,,,,,,,126,,,,,0,127,111.09,38,-0.25,2.25,-71.82,-71.82,,,,,,,,,,,,
boss_b_bot_q7,bot rang=7,P,Koerperpresse,2882,7,-72,-1,72,r,13,2882,-72,-1,32,63,32,4c0c,,,7,71,,,,,0,177,108.09,31,283.29,4.0,211.46,211.46,,,,,,,,,,,,
boss_b_bot_q7,bot rang=7,S,Armschwung,3059,7,77,1,77,l,7,3045,131,1,,,,,,,,32,1,,,32,,,,,,,,,,,,,,,,,,,,
boss_b_bot_q7,bot rang=7,K,kurzer Schlag,3166,7,49,-3,49,l,7,3166,49,-3,7,17,11,4c02,7:7,ja,8,26,,,,,,,,,,,,,,,,,,,,,,,,
boss_b_bot_q7,bot rang=7,R,Ansturm,3338,7,207,-5,207,l,10,3337,207,-6,20,43,24,4c0c,,,26,70,,,,,,,,,,,,,20,43,-92.0,-4.0,,,,,,,,
boss_b_bot_q7,bot rang=7,K,kurzer Schlag,3410,7,48,-1,48,l,7,3410,48,-1,7,17,11,4c02,7:7,ja,9,27,,,,,,,,,,,,,,,,,,,,,,,,
boss_b_bot_q7,bot rang=7,S,Armschwung,3622,7,79,1,79,l,7,3549,319,11,,,,,,,,62,1,,,62,,,,,,,,,,,,,,,,,,,,
boss_b_bot_q7,bot rang=7,P,Koerperpresse,3716,7,53,-8,53,l,13,3714,53,-10,32,52,21,4c0c,,,126,179,,,,,0,246,114.18,79,197.26,-0.8281,250.89,250.89,,,,,,,,,,,,
boss_b_bot_q7,bot rang=7,S,Armschwung,3962,7,79,0,79,l,7,3955,104,0,,,,,,,,33,1,,,33,,,,,,,,,,,,,,,,,,,,
boss_b_bot_q7,bot rang=7,K,kurzer Schlag,4067,7,49,-3,49,l,7,4067,49,-3,7,17,11,4c02,7:7,ja,9,27,,,,,,,,,,,,,,,,,,,,,,,,
boss_b_bot_q7,bot rang=7,R,Ansturm,4242,7,254,-1,254,l,10,4241,254,-2,20,50,31,4c0c,,,,,,,,,,,,,,,,,20,50,-116.0,-4.0/0.0,,,,,,,,
boss_b_bot_p9,bot rang=9,S,Armschwung,124,9,78,0,78,l,8,112,108,12,,,,,,,,33,1,,,33,,,,,,,,,,,,,,,,,,,,
boss_b_bot_p9,bot rang=9,K,kurzer Schlag,228,9,49,-3,49,l,8,228,49,-3,7,17,11,4c02,7:8,ja,8,26,,,,,,,,,,,,,,,,,,,,,,,,
boss_b_bot_p9,bot rang=9,S,Armschwung,414,9,77,0,77,l,8,401,128,0,,,,,,,,61,1,,,61,,,,,,,,,,,,,,,,,,,,
boss_b_bot_p9,bot rang=9,K,kurzer Schlag,491,9,49,-7,49,l,8,491,49,-7,7,17,11,4c02,7:8,ja,7,25,,,,,,,,,,,,,,,,,,,,,,,,
boss_b_bot_p9,bot rang=9,P,Koerperpresse,637,9,296,15,296,l,14,635,296,15,32,51,20,4c0c,,,132,184,,,,,1,236,117.77,78,-65.12,-4.625,231.31,231.31,,,,,,,,,,,,
boss_b_bot_p9,bot rang=9,P,Koerperpresse,873,9,76,-4,76,l,14,871,76,-6,,,,,,,,136,,,,,0,199,80.47,32,218.38,-2.375,293.93,293.93,,,,,,,,,,,,
boss_b_bot_p9,bot rang=9,S,Armschwung,1072,9,77,0,77,l,8,1070,80,0,,,,,,,,32,1,,,32,,,,,,,,,,,,,,,,,,,,
boss_b_bot_p9,bot rang=9,P,Koerperpresse,1244,9,70,0,70,l,14,1244,70,0,32,63,32,4c0c,,,7,71,,,,,0,166,108.24,31,-327.63,-3.4844,-257.2,-257.2,,,,,,,,,,,,
boss_b_bot_p9,bot rang=9,P,Koerperpresse,1410,9,-121,-1,121,r,14,1408,-125,-1,32,63,32,4c0c,,,7,71,,,,,0,72,108.27,31,121.08,1.9219,0.38,0.38,,,,,,,,,,,,
boss_b_bot_p9,bot rang=9,K,kurzer Schlag,1482,9,-39,0,39,r,8,1482,-39,0,7,17,11,4c02,7:8,ja,7,25,,,,,,,,,,,,,,,,,,,,,,,,
boss_b_bot_p9,bot rang=9,P,Koerperpresse,2149,9,-71,1,71,r,14,2149,-71,1,32,63,32,4c0c,,,7,71,,,,,0,313,108.3,31,356.34,4.0,285.23,285.23,,,,,,,,,,,,
boss_b_bot_p9,bot rang=9,S,Armschwung,2462,9,78,0,78,l,8,2455,96,-6,,,,,,,,33,1,,,33,,,,,,,,,,,,,,,,,,,,
boss_b_bot_p9,bot rang=9,P,Koerperpresse,3012,9,69,0,69,l,14,3012,69,0,32,63,32,4c0c,,,7,71,,,,,0,108,108.34,31,-286.6,-3.5781,-217.39,-217.39,,,,,,,,,,,,
boss_b_bot_p9,bot rang=9,R,Ansturm,3120,9,-157,1,157,r,11,3119,-158,1,20,33,14,4c0c,,,26,60,,,,,,,,,,,,,20,33,52.0,4.0,,,,,,,,
boss_b_bot_p9,bot rang=9,K,kurzer Schlag,3181,9,-50,1,50,r,8,3181,-50,1,7,17,11,4c02,7:8,ja,8,26,,,,,,,,,,,,,,,,,,,,,,,,
boss_b_bot_p9,bot rang=9,S,Armschwung,3379,9,-77,-1,77,r,8,3331,-248,-2,,,,,,,,33,1,,,33,,,,,,,,,,,,,,,,,,,,
boss_b_bot_p9,bot rang=9,K,kurzer Schlag,3482,9,-50,4,50,r,8,3482,-50,4,7,17,11,4c02,7:8,ja,10,28,,,,,,,,,,,,,,,,,,,,,,,,
boss_b_bot_p9,bot rang=9,P,Koerperpresse,3669,9,-240,3,240,r,14,3667,-243,3,32,63,32,4c0c,,,16,80,,,,,0,85,108.37,31,258.57,7.5312,19.36,19.36,,,,,,,,,,,,
boss_b_bot_p9,bot rang=9,K,kurzer Schlag,3754,9,49,-3,49,l,8,3754,49,-3,7,17,11,4c02,7:8,ja,8,26,,,,,,,,,,,,,,,,,,,,,,,,
boss_b_bot_p9,bot rang=9,K,kurzer Schlag,3918,9,-26,-3,26,r,8,3918,-26,-3,7,17,11,4c02,7:8,ja,10,28,,,,,,,,,,,,,,,,,,,,,,,,
boss_b_bot_p9,bot rang=9,S,Armschwung,4104,9,-78,0,78,r,8,4069,-190,4,,,,,,,,33,1,,,33,,,,,,,,,,,,,,,,,,,,
boss_b_bot_p9,bot rang=9,R,Ansturm,4280,9,-96,0,96,r,11,4279,-97,0,,,,,,,,43,,,,,,,,,,,,,,,,,,,,,,,,
boss_b_bot_q9,bot rang=9,S+,Armschwung,8,9,-83,0,83,r,10,1,-83,0,17,27,11,4c02,17:10,ja,9,37,,,,,,,,,,,,,,,,,,,,,,,,
boss_b_bot_q9,bot rang=9,S,Armschwung,232,9,-80,1,80,r,8,223,-114,1,,,,,,,,62,1,,,62,,,,,,,,,,,,,,,,,,,,
boss_b_bot_q9,bot rang=9,S,Armschwung,410,9,-76,-1,76,r,8,407,-85,-1,,,,,,,,32,1,,,32,,,,,,,,,,,,,,,,,,,,
boss_b_bot_q9,bot rang=9,S,Armschwung,680,9,-75,1,75,r,8,678,-79,1,,,,,,,,31,1,,,31,,,,,,,,,,,,,,,,,,,,
boss_b_bot_q9,bot rang=9,P,Koerperpresse,1074,9,-72,1,72,r,14,1074,-72,1,32,63,32,4c0c,,,7,71,,,,,1,64,107.53,31,252.0,4.0,180.31,180.31,,,,,,,,,,,,
boss_b_bot_q9,bot rang=9,P,Koerperpresse,1239,9,121,3,121,l,14,1237,124,3,32,63,32,4c0c,,,7,71,,,,,1,64,107.56,31,-240.19,-3.8125,-119.55,-121.3,,,,,,,,,,,,
boss_b_bot_q9,bot rang=9,K,kurzer Schlag,1395,9,-50,1,50,r,8,1395,-50,1,7,17,11,4c02,7:8,ja,7,25,,,,,,,,,,,,,,,,,,,,,,,,
boss_b_bot_q9,bot rang=9,P,Koerperpresse,1576,9,-156,-5,156,r,14,1574,-156,-7,32,70,39,4c0c,51:14,ja,7,78,,,,,1,71,107.59,31,153.56,2.4375,-2.54,-2.54,,,,,,,,,,,,
boss_b_bot_q9,bot rang=9,P,Koerperpresse,1840,9,-126,-1,126,r,14,1838,-130,-1,32,63,32,4c0c,,,7,71,,,,,1,64,107.62,31,213.0,4.0,86.89,88.64,,,,,,,,,,,,
boss_b_bot_q9,bot rang=9,P,Koerperpresse,2272,9,69,0,69,l,14,2272,69,0,32,63,32,4c0c,,,7,71,,,,,1,64,107.66,31,-233.3,-3.7031,-164.36,-164.36,,,,,,,,,,,,
boss_b_bot_q9,bot rang=9,S,Armschwung,2468,9,-79,0,79,r,8,2457,-120,0,,,,,,,,61,1,,,61,,,,,,,,,,,,,,,,,,,,
boss_b_bot_q9,bot rang=9,K,kurzer Schlag,2599,9,-50,4,50,r,8,2599,-50,4,7,17,11,4c02,7:8,ja,7,25,,,,,,,,,,,,,,,,,,,,,,,,
boss_b_bot_q9,bot rang=9,S,Armschwung,2820,9,-79,-1,79,r,8,2788,-200,-7,,,,,,,,34,1,,,34,,,,,,,,,,,,,,,,,,,,
boss_b_bot_q9,bot rang=9,K,kurzer Schlag,2928,9,-50,4,50,r,8,2928,-50,4,7,17,11,4c02,7:8,ja,7,25,,,,,,,,,,,,,,,,,,,,,,,,
boss_b_bot_q9,bot rang=9,R,Ansturm,3127,9,-130,-1,130,r,11,3126,-131,-1,20,28,9,4c0c,,,26,55,,,,,,,,,,,,,20,28,32.0,4.0,,,,,,,,
boss_b_bot_q9,bot rang=9,K,kurzer Schlag,3184,9,-50,-1,50,r,8,3184,-50,-1,7,17,11,4c02,7:8,ja,8,26,,,,,,,,,,,,,,,,,,,,,,,,
boss_b_bot_q9,bot rang=9,S,Armschwung,3362,9,-79,0,79,r,8,3316,-193,23,,,,,,,,33,1,,,33,,,,,,,,,,,,,,,,,,,,
boss_b_bot_q9,bot rang=9,P,Koerperpresse,3513,9,-63,-10,63,r,14,3511,-63,-12,,,,,,,,124,,,,,1,74,106.05,37,-143.28,0.9844,-206.92,-206.92,,,,,,,,,,,,
boss_b_bot_q9,bot rang=9,P,Koerperpresse,3669,9,-95,-1,95,r,14,3667,-98,-1,,,,,,,,115,,,,,1,237,101.5,36,-119.34,3.0312,-214.11,-212.36,,,,,,,,,,,,
boss_b_bot_q9,bot rang=9,P,Koerperpresse,3906,9,-70,0,70,r,14,3906,-70,0,32,63,32,4c0c,,,7,71,,,,,0,120,108.36,31,239.2,4.0,168.58,168.58,,,,,,,,,,,,
boss_b_bot_q9,bot rang=9,S,Armschwung,4026,9,76,0,76,l,8,4002,173,1,,,,,,,,,1,,,,,,,,,,,,,,,,,,,,,,,
boss_b_bot_p12,bot rang=12,S,Armschwung,124,12,78,0,78,l,9,112,108,12,,,,,,,,33,1,,,33,,,,,,,,,,,,,,,,,,,,
boss_b_bot_p12,bot rang=12,K,kurzer Schlag,228,12,49,-3,49,l,9,228,49,-3,7,17,11,4c02,7:9,ja,8,26,,,,,,,,,,,,,,,,,,,,,,,,
boss_b_bot_p12,bot rang=12,S,Armschwung,414,12,77,0,77,l,9,401,128,0,,,,,,,,61,1,,,61,,,,,,,,,,,,,,,,,,,,
boss_b_bot_p12,bot rang=12,K,kurzer Schlag,491,12,49,-7,49,l,9,491,49,-7,7,17,11,4c02,7:9,ja,7,25,,,,,,,,,,,,,,,,,,,,,,,,
boss_b_bot_p12,bot rang=12,P,Koerperpresse,637,12,296,15,296,l,16,635,296,15,32,51,20,4c0c,,,132,184,,,,,1,236,117.77,78,-65.12,-4.625,231.31,231.31,,,,,,,,,,,,
boss_b_bot_p12,bot rang=12,P,Koerperpresse,873,12,76,-4,76,l,16,871,76,-6,,,,,,,,136,,,,,0,199,80.47,32,218.38,-2.375,293.93,293.93,,,,,,,,,,,,
boss_b_bot_p12,bot rang=12,S,Armschwung,1072,12,77,0,77,l,9,1070,80,0,,,,,,,,32,1,,,32,,,,,,,,,,,,,,,,,,,,
boss_b_bot_p12,bot rang=12,P,Koerperpresse,1244,12,70,0,70,l,16,1244,70,0,32,63,32,4c0c,,,7,71,,,,,0,166,108.24,31,-327.63,-3.4844,-257.2,-257.2,,,,,,,,,,,,
boss_b_bot_p12,bot rang=12,P,Koerperpresse,1410,12,-121,-1,121,r,16,1408,-125,-1,32,63,32,4c0c,,,7,71,,,,,0,72,108.27,31,121.08,1.9219,0.38,0.38,,,,,,,,,,,,
boss_b_bot_p12,bot rang=12,K,kurzer Schlag,1482,12,-39,0,39,r,9,1482,-39,0,7,17,11,4c02,7:9,ja,7,25,,,,,,,,,,,,,,,,,,,,,,,,
boss_b_bot_p12,bot rang=12,R,Ansturm,1632,12,-193,15,193,r,12,1631,-193,15,20,48,29,4c0c,,,26,75,,,,,,,,,,,,,20,48,112.0,4.0,,,,,,,,
boss_b_bot_p12,bot rang=12,K,kurzer Schlag,1710,12,-50,1,50,r,9,1710,-50,1,7,17,11,4c02,7:9,ja,10,28,,,,,,,,,,,,,,,,,,,,,,,,
boss_b_bot_p12,bot rang=12,S,Armschwung,1904,12,-78,0,78,r,9,1853,-255,0,,,,,,,,33,1,,,33,,,,,,,,,,,,,,,,,,,,
boss_b_bot_p12,bot rang=12,K,kurzer Schlag,2035,12,-49,5,49,r,9,2035,-49,5,7,17,11,4c02,7:9,ja,8,26,,,,,,,,,,,,,,,,,,,,,,,,
boss_b_bot_p12,bot rang=12,R,Ansturm,2279,12,-128,-1,128,r,12,2278,-130,-1,20,28,9,4c0c,,,26,55,,,,,,,,,,,,,20,28,32.0,4.0,,,,,,,,
boss_b_bot_p12,bot rang=12,G,Griff,2336,12,-49,0,49,r,12,2336,-49,0,105,117,13,7f10,105:16,ja,0,118,,,,,,,,,,,,,,,,,,,-49,-1,,,,
boss_b_bot_p12,bot rang=12,S,Armschwung,2640,12,77,-1,77,l,9,2613,175,-9,,,,,,,,61,1,,,61,,,,,,,,,,,,,,,,,,,,
boss_b_bot_p12,bot rang=12,K,kurzer Schlag,2717,12,48,-4,48,l,9,2717,48,-4,7,17,11,4c02,7:9,ja,10,28,,,,,,,,,,,,,,,,,,,,,,,,
boss_b_bot_p12,bot rang=12,P,Koerperpresse,2910,12,100,-7,100,l,16,2908,100,-9,32,63,32,4c0c,,,7,71,,,,,0,150,108.3,31,-15.16,-1.5625,84.81,84.81,,,,,,,,,,,,
boss_b_bot_p12,bot rang=12,S,Armschwung,3060,12,72,1,72,l,9,3058,76,1,,,,,,,,30,1,,,30,,,,,,,,,,,,,,,,,,,,
boss_b_bot_p12,bot rang=12,P,Koerperpresse,3460,12,71,1,71,l,16,3458,71,1,,,,,,,,69,,,,,0,19,12.55,10,-0.34,-2.2188,70.46,70.46,,,,,,,,,,,,
boss_b_bot_p12,bot rang=12,P,Koerperpresse,3562,12,71,1,71,l,16,3562,71,1,32,63,32,4c0c,,,7,71,,,,,1,64,107.74,31,-235.27,-3.7344,-164.8,-164.8,,,,,,,,,,,,
boss_b_bot_p12,bot rang=12,S,Armschwung,3678,12,-80,1,80,r,9,3659,-156,1,,,,,,,,34,1,,,34,,,,,,,,,,,,,,,,,,,,
boss_b_bot_p12,bot rang=12,P,Koerperpresse,4017,12,-96,-1,96,r,16,4015,-96,-1,,,,,,,,134,,,,,1,75,110.7,38,-76.0,3.0,-172.08,-172.08,,,,,,,,,,,,
boss_b_bot_p12,bot rang=12,P,Koerperpresse,4243,12,-71,-1,71,r,16,4243,-71,-1,32,63,32,4c0c,,,7,71,,,,,1,64,107.71,31,252.0,4.0,181.67,181.67,,,,,,,,,,,,
boss_b_bot_p12,bot rang=12,R,Ansturm,4341,12,140,1,140,l,12,4340,141,1,20,30,11,4c0c,,,26,57,,,,,,,,,,,,,20,30,-40.0,-4.0,,,,,,,,
boss_b_bot_p12,bot rang=12,K,kurzer Schlag,4400,12,49,1,49,l,9,4400,49,1,7,17,11,4c02,7:9,ja,9,27,,,,,,,,,,,,,,,,,,,,,,,,
boss_b_bot_p12,bot rang=12,R,Ansturm,4565,12,310,27,310,l,12,4564,310,27,20,64,45,4c0c,,,29,94,,,,,,,,,,,,,20,64,-176.0,-4.0,-7.25,3,,,,,,
boss_b_bot_p12,bot rang=12,K,kurzer Schlag,4694,12,49,-1,49,l,9,4694,49,-1,7,17,11,4c02,7:9,ja,10,28,,,,,,,,,,,,,,,,,,,,,,,,
boss_b_bot_p12,bot rang=12,S,Armschwung,4924,12,77,0,77,l,9,4852,303,-44,,,,,,,,60,1,,,60,,,,,,,,,,,,,,,,,,,,
boss_b_bot_q12,bot rang=12,S+,Armschwung,8,12,-83,0,83,r,10,1,-83,0,17,27,11,4c02,17:10,ja,9,37,,,,,,,,,,,,,,,,,,,,,,,,
boss_b_bot_q12,bot rang=12,S,Armschwung,233,12,-80,0,80,r,9,220,-130,-1,,,,,,,,62,1,,,62,,,,,,,,,,,,,,,,,,,,
boss_b_bot_q12,bot rang=12,K,kurzer Schlag,355,12,-50,6,50,r,9,355,-50,6,7,17,11,4c02,7:9,ja,10,28,,,,,,,,,,,,,,,,,,,,,,,,
boss_b_bot_q12,bot rang=12,S,Armschwung,584,12,-80,0,80,r,9,571,-130,-1,,,,,,,,62,1,,,62,,,,,,,,,,,,,,,,,,,,
boss_b_bot_q12,bot rang=12,P,Koerperpresse,738,12,-91,4,91,r,16,736,-91,4,32,63,32,4c0c,,,7,71,,,,,1,64,107.53,31,89.58,1.4219,-1.09,-1.09,,,,,,,,,,,,
boss_b_bot_q12,bot rang=12,S,Armschwung,942,12,-75,0,75,r,9,940,-78,0,,,,,,,,31,1,,,31,,,,,,,,,,,,,,,,,,,,
boss_b_bot_q12,bot rang=12,R,Ansturm,1195,12,-105,0,105,r,12,1194,-105,0,20,23,4,4c0c,,,26,50,,,,,,,,,,,,,20,23,12.0,4.0,,,,,,,,
boss_b_bot_q12,bot rang=12,K,kurzer Schlag,1279,12,-49,2,49,r,9,1279,-49,2,7,17,11,4c02,7:9,ja,7,25,,,,,,,,,,,,,,,,,,,,,,,,
boss_b_bot_q12,bot rang=12,S,Armschwung,1434,12,-78,2,78,r,9,1413,-84,26,17,17,1,4002,,,54,72,1,,54,72,,,,,,,,,,,,,,,,,,,,
boss_b_bot_q12,bot rang=12,S,Armschwung,1686,12,-78,-1,78,r,9,1679,-90,-2,,,,,,,,36,1,,,36,,,,,,,,,,,,,,,,,,,,
boss_b_bot_q12,bot rang=12,P,Koerperpresse,1892,12,-71,1,71,r,16,1890,-71,1,,,,,,,,106,,,,,1,59,61.55,29,0.34,1.1094,-71.07,-71.07,,,,,,,,,,,,
boss_b_bot_q12,bot rang=12,P,Koerperpresse,2088,12,-71,0,71,r,16,2088,-71,0,32,63,32,4c0c,,,7,71,,,,,1,64,107.78,31,252.0,4.0,180.68,180.68,,,,,,,,,,,,
boss_b_bot_q12,bot rang=12,R,Ansturm,2206,12,130,-2,130,l,12,2205,131,-2,20,28,9,4c0c,,,26,55,,,,,,,,,,,,,20,28,-32.0,-4.0,,,,,,,,
boss_b_bot_q12,bot rang=12,K,kurzer Schlag,2264,12,49,-2,49,l,9,2264,49,-2,7,17,11,4c02,7:9,ja,7,25,,,,,,,,,,,,,,,,,,,,,,,,
boss_b_bot_q12,bot rang=12,S,Armschwung,2449,12,78,0,78,l,9,2436,128,-1,,,,,,,,61,1,,,61,,,,,,,,,,,,,,,,,,,,
boss_b_bot_q12,bot rang=12,K,kurzer Schlag,2525,12,49,-4,49,l,9,2525,49,-4,7,17,11,4c02,7:9,ja,8,26,,,,,,,,,,,,,,,,,,,,,,,,
boss_b_bot_q12,bot rang=12,R,Ansturm,2686,12,263,-26,263,l,12,2685,263,-26,20,60,41,4c0c,,,26,87,,,,,,,,,,,,,20,60,-160.0,-4.0,,,,,,,,
boss_b_bot_q12,bot rang=12,K,kurzer Schlag,2777,12,49,-1,49,l,9,2777,49,-1,7,17,11,4c02,7:9,ja,7,25,,,,,,,,,,,,,,,,,,,,,,,,
boss_b_bot_q12,bot rang=12,P,Koerperpresse,2997,12,125,-1,125,l,16,2995,129,-1,32,70,39,4c0c,52:16,ja,7,78,,,,,1,71,107.81,31,-125.02,-1.9844,0.32,-1.43,,,,,,,,,,,,
boss_b_bot_q12,bot rang=12,R,Ansturm,3190,12,140,27,140,l,12,3189,140,27,20,41,22,4c0c,,,26,68,,,,,,,,,,,,,20,41,-82.77,-4.0/-3.918,,,,,,,,
boss_b_bot_q12,bot rang=12,G,Griff,3291,12,49,0,49,l,12,3291,49,0,59,64,6,7f10,59:16,ja,60,125,,,,,,,,,,,,,,,,,,,49,0,59,225.0,hinter den Boss,104
boss_b_bot_q12,bot rang=12,P,Koerperpresse,3542,12,-125,-1,125,r,16,3540,-129,-1,32,70,39,4c0c,56:16,ja,7,78,,,,,1,71,107.84,31,125.02,1.9844,-0.18,1.57,,,,,,,,,,,,
boss_b_bot_q12,bot rang=12,S,Armschwung,3808,12,-78,-1,78,r,9,3754,-278,-12,,,,,,,,33,1,,,33,,,,,,,,,,,,,,,,,,,,
boss_b_bot_q12,bot rang=12,P,Koerperpresse,4033,12,-81,2,81,r,16,4031,-81,2,32,63,32,4c0c,,,34,98,,,,,1,64,107.88,31,79.73,1.2656,-2.07,-2.07,,,,,,,,,,,,
boss_b_bot_q12,bot rang=12,P,Koerperpresse,4582,12,-71,0,71,r,16,4582,-71,0,32,63,32,4c0c,,,7,71,,,,,1,64,107.91,31,249.05,3.9531,177.48,177.48,,,,,,,,,,,,
boss_b_bot_q12,bot rang=12,S,Armschwung,4683,12,77,1,77,l,9,4662,162,1,,,,,,,,32,1,,,32,,,,,,,,,,,,,,,,,,,,
boss_b_bot_q12,bot rang=12,P,Koerperpresse,4858,12,78,-1,78,l,16,4856,81,-1,,,,,,,,,,,,,1,127,80.21,59,132.16,-2.4688,209.65,207.9,,,,,,,,,,,,
boss_b_bot_p16,bot rang=16,S,Armschwung,124,16,78,0,78,l,10,112,108,12,,,,,,,,33,1,,,33,,,,,,,,,,,,,,,,,,,,
boss_b_bot_p16,bot rang=16,K,kurzer Schlag,228,16,49,-3,49,l,10,228,49,-3,7,17,11,4c02,7:10,ja,8,26,,,,,,,,,,,,,,,,,,,,,,,,
boss_b_bot_p16,bot rang=16,S,Armschwung,414,16,77,0,77,l,10,401,128,0,,,,,,,,61,1,,,61,,,,,,,,,,,,,,,,,,,,
boss_b_bot_p16,bot rang=16,K,kurzer Schlag,491,16,49,-7,49,l,10,491,49,-7,7,17,11,4c02,7:10,ja,7,25,,,,,,,,,,,,,,,,,,,,,,,,
boss_b_bot_p16,bot rang=16,P,Koerperpresse,637,16,296,15,296,l,18,635,296,15,32,51,20,4c0c,,,132,184,,,,,1,236,117.77,78,-65.12,-4.625,231.31,231.31,,,,,,,,,,,,
boss_b_bot_p16,bot rang=16,P,Koerperpresse,873,16,76,-4,76,l,18,871,76,-6,,,,,,,,136,,,,,0,199,80.47,32,218.38,-2.375,293.93,293.93,,,,,,,,,,,,
boss_b_bot_p16,bot rang=16,S,Armschwung,1072,16,77,0,77,l,10,1070,80,0,,,,,,,,32,1,,,32,,,,,,,,,,,,,,,,,,,,
boss_b_bot_p16,bot rang=16,P,Koerperpresse,1244,16,70,0,70,l,18,1244,70,0,32,63,32,4c0c,,,7,71,,,,,0,166,108.24,31,-327.63,-3.4844,-257.2,-257.2,,,,,,,,,,,,
boss_b_bot_p16,bot rang=16,P,Koerperpresse,1410,16,-121,-1,121,r,18,1408,-125,-1,32,63,32,4c0c,,,7,71,,,,,0,72,108.27,31,121.08,1.9219,0.38,0.38,,,,,,,,,,,,
boss_b_bot_p16,bot rang=16,K,kurzer Schlag,1482,16,-39,0,39,r,10,1482,-39,0,7,17,11,4c02,7:10,ja,7,25,,,,,,,,,,,,,,,,,,,,,,,,
boss_b_bot_p16,bot rang=16,R,Ansturm,1632,16,-193,15,193,r,13,1631,-193,15,20,48,29,4c0c,,,26,75,,,,,,,,,,,,,20,48,112.0,4.0,,,,,,,,
boss_b_bot_p16,bot rang=16,K,kurzer Schlag,1710,16,-50,1,50,r,10,1710,-50,1,7,17,11,4c02,7:10,ja,10,28,,,,,,,,,,,,,,,,,,,,,,,,
boss_b_bot_p16,bot rang=16,S,Armschwung,1904,16,-78,0,78,r,10,1853,-255,0,,,,,,,,33,1,,,33,,,,,,,,,,,,,,,,,,,,
boss_b_bot_p16,bot rang=16,K,kurzer Schlag,2035,16,-49,5,49,r,10,2035,-49,5,7,17,11,4c02,7:10,ja,8,26,,,,,,,,,,,,,,,,,,,,,,,,
boss_b_bot_p16,bot rang=16,R,Ansturm,2279,16,-128,-1,128,r,13,2278,-130,-1,20,28,9,4c0c,,,26,55,,,,,,,,,,,,,20,28,32.0,4.0,,,,,,,,
boss_b_bot_p16,bot rang=16,G,Griff,2336,16,-49,0,49,r,13,2336,-49,0,105,117,13,7f10,105:18,ja,0,118,,,,,,,,,,,,,,,,,,,-49,-1,,,,
boss_b_bot_p16,bot rang=16,R,Ansturm,2584,16,195,-13,195,l,13,2583,195,-13,20,44,25,4c0c,,,26,71,,,,,,,,,,,,,20,44,-96.0,-4.0,70.61,108,,,,,,
boss_b_bot_p16,bot rang=16,S,Armschwung,2832,16,77,-1,77,l,10,2826,98,-1,,,,,,,,60,1,,,60,,,,,,,,,,,,,,,,,,,,
boss_b_bot_p16,bot rang=16,P,Koerperpresse,3136,16,70,-2,70,l,18,3136,70,-2,32,63,32,4c0c,,,7,71,,,,,0,108,108.3,31,-296.52,-3.7344,-225.71,-225.71,,,,,,,,,,,,
boss_b_bot_p16,bot rang=16,R,Ansturm,3244,16,-170,1,170,r,13,3243,-171,1,20,35,16,4c0c,,,26,62,,,,,,,,,,,,,20,35,60.0,4.0,,,,,,,,
boss_b_bot_p16,bot rang=16,K,kurzer Schlag,3308,16,-50,1,50,r,10,3308,-50,1,7,17,11,4c02,7:10,ja,8,26,,,,,,,,,,,,,,,,,,,,,,,,
boss_b_bot_p16,bot rang=16,R,Ansturm,3457,16,-178,1,178,r,13,3456,-178,1,20,41,22,4c0c,,,26,68,,,,,,,,,,,,,20,41,84.0,4.0,,,,,,,,
boss_b_bot_p16,bot rang=16,K,kurzer Schlag,3542,16,-50,2,50,r,10,3542,-50,2,7,17,11,4c02,7:10,ja,9,27,,,,,,,,,,,,,,,,,,,,,,,,
boss_b_bot_p16,bot rang=16,S,Armschwung,3782,16,-78,0,78,r,10,3733,-275,-4,,,,,,,,61,1,,,61,,,,,,,,,,,,,,,,,,,,
boss_b_bot_p16,bot rang=16,S,Armschwung,3895,16,-77,1,77,r,10,3893,-80,1,,,,,,,,32,1,,,32,,,,,,,,,,,,,,,,,,,,
boss_b_bot_p16,bot rang=16,S,Armschwung,4098,16,-73,1,73,r,10,4095,-75,1,,,,,,,,28,1,,,28,,,,,,,,,,,,,,,,,,,,
boss_b_bot_p16,bot rang=16,P,Koerperpresse,4178,16,-74,0,74,r,18,4176,-78,0,,,,,,,,118,,,,,0,140,74.73,31,-0.62,2.375,-74.71,-74.71,,,,,,,,,,,,
boss_b_bot_p16,bot rang=16,P,Koerperpresse,4318,16,-71,0,71,r,18,4318,-71,0,32,63,32,4c0c,,,7,71,,,,,0,115,108.27,31,286.48,4.0,215.27,215.27,,,,,,,,,,,,
boss_b_bot_p16,bot rang=16,R,Ansturm,4433,16,140,2,140,l,13,4432,140,3,20,30,11,4c0c,,,26,57,,,,,,,,,,,,,20,30,-40.0,-4.0,,,,,,,,
boss_b_bot_p16,bot rang=16,K,kurzer Schlag,4494,16,49,1,49,l,10,4494,49,1,7,17,11,4c02,7:10,ja,9,27,,,,,,,,,,,,,,,,,,,,,,,,
boss_b_bot_p16,bot rang=16,R,Ansturm,4674,16,220,2,220,l,13,4673,221,2,20,43,24,4c0c,,,26,70,,,,,,,,,,,,,20,43,-92.0,-4.0,28.2,54,,,,,,
boss_b_bot_p16,bot rang=16,S,Armschwung,4867,16,76,0,76,l,10,4859,105,0,,,,,,,,32,1,,,32,,,,,,,,,,,,,,,,,,,,
boss_b_bot_p16,bot rang=16,P,Koerperpresse,5138,16,76,-1,76,l,18,5136,80,-1,,,,,,,,117,,,,,0,272,80.57,32,75.41,-1.2188,152.25,152.25,,,,,,,,,,,,
boss_b_bot_q16,bot rang=16,S+,Armschwung,8,16,-83,0,83,r,10,1,-83,0,17,27,11,4c02,17:10,ja,9,37,,,,,,,,,,,,,,,,,,,,,,,,
boss_b_bot_q16,bot rang=16,S,Armschwung,233,16,-80,0,80,r,10,220,-130,-1,,,,,,,,62,1,,,62,,,,,,,,,,,,,,,,,,,,
boss_b_bot_q16,bot rang=16,K,kurzer Schlag,355,16,-50,6,50,r,10,355,-50,6,7,17,11,4c02,7:10,ja,10,28,,,,,,,,,,,,,,,,,,,,,,,,
boss_b_bot_q16,bot rang=16,S,Armschwung,584,16,-80,0,80,r,10,571,-130,-1,,,,,,,,62,1,,,62,,,,,,,,,,,,,,,,,,,,
boss_b_bot_q16,bot rang=16,P,Koerperpresse,738,16,-91,4,91,r,18,736,-91,4,32,63,32,4c0c,,,7,71,,,,,1,64,107.53,31,89.58,1.4219,-1.09,-1.09,,,,,,,,,,,,
boss_b_bot_q16,bot rang=16,S,Armschwung,942,16,-75,0,75,r,10,940,-78,0,,,,,,,,31,1,,,31,,,,,,,,,,,,,,,,,,,,
boss_b_bot_q16,bot rang=16,S,Armschwung,1111,16,-79,0,79,r,10,1109,-83,0,,,,,,,,62,1,,,62,,,,,,,,,,,,,,,,,,,,
boss_b_bot_q16,bot rang=16,P,Koerperpresse,1436,16,-68,0,68,r,18,1436,-68,0,32,63,32,4c0c,,,7,71,,,,,1,64,107.56,31,249.05,3.9531,181.06,181.06,,,,,,,,,,,,
boss_b_bot_q16,bot rang=16,P,Koerperpresse,1596,16,125,3,125,l,18,1594,128,3,32,63,32,4c0c,,,7,71,,,,,1,64,107.59,31,-248.06,-3.9375,-123.0,-124.75,,,,,,,,,,,,
boss_b_bot_q16,bot rang=16,P,Koerperpresse,2181,16,-71,1,71,r,18,2181,-71,1,32,63,32,4c0c,,,7,71,,,,,1,64,107.62,31,252.0,4.0,180.87,180.87,,,,,,,,,,,,
boss_b_bot_q16,bot rang=16,R,Ansturm,2340,16,129,3,129,l,13,2339,131,3,20,28,9,4c0c,,,26,55,,,,,,,,,,,,,20,28,-32.0,-4.0,,,,,,,,
boss_b_bot_q16,bot rang=16,G,Griff,2398,16,48,0,48,l,13,2398,48,0,59,64,6,7f10,59:18,ja,60,125,,,,,,,,,,,,,,,,,,,48,3,59,166.25,hinter den Boss,105
boss_b_bot_q16,bot rang=16,P,Koerperpresse,2590,16,-200,-23,200,r,18,2588,-200,-23,32,70,39,4c0c,51:18,ja,7,78,,,,,1,71,107.66,31,190.75,6.25,-8.58,-8.58,,,,,,,,,,,,
boss_b_bot_q16,bot rang=16,S,Armschwung,2835,16,-78,-1,78,r,10,2815,-155,-3,,,,,,,,33,1,,,33,,,,,,,,,,,,,,,,,,,,
boss_b_bot_q16,bot rang=16,K,kurzer Schlag,2938,16,-50,3,50,r,10,2938,-50,3,7,17,11,4c02,7:10,ja,10,28,,,,,,,,,,,,,,,,,,,,,,,,
boss_b_bot_q16,bot rang=16,R,Ansturm,3069,16,-99,-11,99,r,13,3068,-99,-11,20,46,27,4c0c,33:13,ja,14,61,,,,,,,,,,,,,20,46,99.87,1.918/3.918,-3.08,14,,,,,,
boss_b_bot_q16,bot rang=16,R,Ansturm,3276,16,-149,-8,149,r,13,3275,-149,-9,20,33,14,4c0c,,,26,60,,,,,,,,,,,,,20,33,52.0,4.0,,,,,,,,
boss_b_bot_q16,bot rang=16,S,Armschwung,3415,16,-78,1,78,r,10,3413,-78,3,,,,,,,,33,1,,,33,,,,,,,,,,,,,,,,,,,,
boss_b_bot_q16,bot rang=16,R,Ansturm,3499,16,-106,1,106,r,13,3498,-108,1,20,22,3,4c0c,,,26,49,,,,,,,,,,,,,20,22,8.0,4.0,,,,,,,,
boss_b_bot_q16,bot rang=16,K,kurzer Schlag,3589,16,-50,3,50,r,10,3589,-50,3,7,17,11,4c02,7:10,ja,8,26,,,,,,,,,,,,,,,,,,,,,,,,
boss_b_bot_q16,bot rang=16,S,Armschwung,3775,16,-78,0,78,r,10,3717,-220,-39,,,,,,,,61,1,,,61,,,,,,,,,,,,,,,,,,,,
boss_b_bot_q16,bot rang=16,S,Armschwung,4012,16,-80,1,80,r,10,4010,-83,1,,,,,,,,34,1,,,34,,,,,,,,,,,,,,,,,,,,
boss_b_bot_q16,bot rang=16,P,Koerperpresse,4474,16,-71,1,71,r,18,4474,-71,1,32,63,32,4c0c,,,7,71,,,,,1,64,107.69,31,252.0,4.0,181.43,181.43,,,,,,,,,,,,
boss_b_bot_q16,bot rang=16,R,Ansturm,4550,16,179,-1,179,l,13,4549,181,-1,20,36,17,4c0c,,,26,63,,,,,,,,,,,,,20,36,-64.0,-4.0,,,,,,,,
boss_b_bot_q16,bot rang=16,K,kurzer Schlag,4618,16,49,-2,49,l,10,4618,49,-2,,,,,,,,27,,,,,,,,,,,,,,,,,,,,,,,,
boss_b_bot_q16,bot rang=16,K,kurzer Schlag,4646,16,49,-2,49,l,10,4646,49,-2,7,17,11,4c02,7:10,ja,7,25,,,,,,,,,,,,,,,,,,,,,,,,
boss_b_bot_q16,bot rang=16,R,Ansturm,4790,16,318,15,318,l,13,4789,318,15,20,64,45,4c0c,,,35,100,,,,,,,,,,,,,20,64,-176.0,-4.0,-23.0,9,,,,,,
boss_b_bot_q16,bot rang=16,K,kurzer Schlag,4924,16,48,0,48,l,10,4924,48,0,7,17,11,4c02,7:10,ja,10,28,,,,,,,,,,,,,,,,,,,,,,,,
boss_b_bot_q16,bot rang=16,S,Armschwung,5174,16,76,-1,76,l,10,5116,301,-10,,,,,,,,60,1,,,60,,,,,,,,,,,,,,,,,,,,
boss_b_bot_q16,bot rang=16,G,Griff,5249,16,49,0,49,l,10,5249,49,0,59,64,6,7f10,59:18,ja,60,125,,,,,,,,,,,,,,,,,,,49,-4,59,225.0,hinter den Boss,104
boss_b_bot_q16,bot rang=16,P,Koerperpresse,5430,16,-268,17,268,r,18,5428,-268,17,32,51,20,4c0c,,,111,163,,,,,1,116,117.96,78,52.5,4.1875,-214.83,-214.83,,,,,,,,,,,,
boss_b_bot_q16,bot rang=16,S,Armschwung,5693,16,-76,-1,76,r,10,5691,-79,-1,,,,,,,,,1,,,,,,,,,,,,,,,,,,,,,,,
boss_b_bot_p20,bot rang=20,S,Armschwung,124,20,78,0,78,l,11,112,108,12,,,,,,,,33,1,,,33,,,,,,,,,,,,,,,,,,,,
boss_b_bot_p20,bot rang=20,K,kurzer Schlag,228,20,49,-3,49,l,11,228,49,-3,7,17,11,4c02,7:11,ja,8,26,,,,,,,,,,,,,,,,,,,,,,,,
boss_b_bot_p20,bot rang=20,S,Armschwung,414,20,77,0,77,l,11,401,128,0,,,,,,,,61,1,,,61,,,,,,,,,,,,,,,,,,,,
boss_b_bot_p20,bot rang=20,K,kurzer Schlag,491,20,49,-7,49,l,11,491,49,-7,7,17,11,4c02,7:11,ja,7,25,,,,,,,,,,,,,,,,,,,,,,,,
boss_b_bot_p20,bot rang=20,P,Koerperpresse,637,20,296,15,296,l,20,635,296,15,32,51,20,4c0c,,,132,184,,,,,1,236,117.77,78,-65.12,-4.625,231.31,231.31,,,,,,,,,,,,
boss_b_bot_p20,bot rang=20,P,Koerperpresse,873,20,76,-4,76,l,20,871,76,-6,,,,,,,,136,,,,,0,199,80.47,32,218.38,-2.375,293.93,293.93,,,,,,,,,,,,
boss_b_bot_p20,bot rang=20,S,Armschwung,1072,20,77,0,77,l,11,1070,80,0,,,,,,,,32,1,,,32,,,,,,,,,,,,,,,,,,,,
boss_b_bot_p20,bot rang=20,P,Koerperpresse,1244,20,70,0,70,l,20,1244,70,0,32,63,32,4c0c,,,7,71,,,,,0,94,108.24,31,-254.52,-3.4844,-184.08,-184.08,,,,,,,,,,,,
boss_b_bot_p20,bot rang=20,P,Koerperpresse,1338,20,-141,1,141,r,20,1336,-144,1,32,70,39,4c0c,51:20,ja,7,78,,,,,0,228,108.27,31,-30.73,2.2344,-171.07,-171.07,,,,,,,,,,,,
boss_b_bot_p20,bot rang=20,R,Ansturm,1566,20,-280,-14,280,r,15,1565,-280,-15,20,58,39,4c0c,,,26,85,,,,,,,,,,,,,20,58,152.0,4.0,,,,,,,,
boss_b_bot_p20,bot rang=20,K,kurzer Schlag,1654,20,-50,-1,50,r,11,1654,-50,-1,7,17,11,4c02,7:11,ja,10,28,,,,,,,,,,,,,,,,,,,,,,,,
boss_b_bot_p20,bot rang=20,R,Ansturm,1805,20,-241,1,241,r,15,1804,-241,1,20,51,32,4c0c,,,26,78,,,,,,,,,,,,,20,51,124.0,4.0,,,,,,,,
boss_b_bot_p20,bot rang=20,K,kurzer Schlag,1885,20,-50,1,50,r,11,1885,-50,1,7,17,11,4c02,7:11,ja,8,26,,,,,,,,,,,,,,,,,,,,,,,,
boss_b_bot_p20,bot rang=20,R,Ansturm,2037,20,-248,-14,248,r,15,2036,-248,-14,20,56,37,4c0c,,,26,83,,,,,,,,,,,,,20,56,144.0,4.0,,,,,,,,
boss_b_bot_p20,bot rang=20,G,Griff,2123,20,-49,0,49,r,15,2123,-49,0,88,100,13,7f10,88:20,ja,0,101,,,,,,,,,,,,,,,,,,,-49,-1,,,,
boss_b_bot_p20,bot rang=20,R,Ansturm,2388,20,170,-4,170,l,15,2387,170,-5,20,36,17,4c0c,,,54,91,,,,,,,,,,,,,20,36,-64.0,-4.0,48.0,54,,,,,,
boss_b_bot_p20,bot rang=20,G,Griff,2498,20,49,0,49,l,15,2498,49,0,85,97,13,7f10,85:20,ja,0,98,,,,,,,,,,,,,,,,,,,49,-4,,,,
boss_b_bot_p20,bot rang=20,R,Ansturm,2759,20,127,2,127,l,15,2758,129,2,20,27,8,4c0c,,,26,54,,,,,,,,,,,,,20,27,-28.0,-4.0,101.35,162,,,,,,
boss_b_bot_p20,bot rang=20,P,Koerperpresse,3299,20,71,0,71,l,20,3299,71,0,32,63,32,4c0c,,,7,71,,,,,0,95,108.3,31,-258.02,-3.4844,-187.3,-187.3,,,,,,,,,,,,
boss_b_bot_p20,bot rang=20,R,Ansturm,3394,20,-145,1,145,r,15,3393,-147,1,20,31,12,4c0c,,,54,86,,,,,,,,,,,,,20,31,44.0,4.0,-178.81,216,,,,,,
boss_b_bot_p20,bot rang=20,S,Armschwung,3709,20,-78,2,78,r,11,3706,-85,3,,,,,,,,33,1,,,33,,,,,,,,,,,,,,,,,,,,
boss_b_bot_p20,bot rang=20,P,Koerperpresse,3848,20,-74,-3,74,r,20,3846,-78,-3,,,,,,,,110,,,,,0,261,74.73,31,-30.38,2.375,-104.73,-104.73,,,,,,,,,,,,
boss_b_bot_p20,bot rang=20,P,Koerperpresse,4109,20,-68,-2,68,r,20,4109,-68,-2,32,63,32,4c0c,,,7,71,,,,,0,86,108.27,31,271.8,3.9531,203.81,203.81,,,,,,,,,,,,
boss_b_bot_p20,bot rang=20,R,Ansturm,4195,20,149,-3,149,l,15,4194,151,-3,20,31,12,4c0c,,,54,86,,,,,,,,,,,,,20,31,-44.0,-4.0,48.0,54,,,,,,
boss_b_bot_p20,bot rang=20,G,Griff,4298,20,49,0,49,l,15,4298,49,0,59,64,6,7f10,59:20,ja,60,125,,,,,,,,,,,,,,,,,,,49,-7,59,206.38,hinter den Boss,105
boss_b_bot_p20,bot rang=20,R,Ansturm,4504,20,-275,-17,275,r,15,4503,-275,-17,20,59,40,4c0c,,,26,86,,,,,,,,,,,,,20,59,156.0,4.0,,,,,,,,
boss_b_bot_p20,bot rang=20,K,kurzer Schlag,4593,20,-49,-1,49,r,11,4593,-49,-1,7,17,11,4c02,7:11,ja,8,26,,,,,,,,,,,,,,,,,,,,,,,,
boss_b_bot_p20,bot rang=20,S,Armschwung,4775,20,-78,-1,78,r,11,4731,-196,-22,,,,,,,,61,1,,,61,,,,,,,,,,,,,,,,,,,,
boss_b_bot_p20,bot rang=20,P,Koerperpresse,4868,20,-51,8,51,r,20,4866,-51,10,32,63,32,4c0c,,,7,71,,,,,0,72,108.3,31,100.41,1.5938,50.27,50.27,,,,,,,,,,,,
boss_b_bot_p20,bot rang=20,K,kurzer Schlag,4940,20,-24,-1,24,r,11,4940,-24,-1,7,17,11,4c02,7:11,ja,10,28,,,,,,,,,,,,,,,,,,,,,,,,
boss_b_bot_p20,bot rang=20,P,Koerperpresse,5090,20,-223,18,223,r,20,5088,-223,18,32,70,39,4c0c,51:20,ja,7,78,,,,,0,200,108.33,31,34.14,6.9688,-188.89,-188.89,,,,,,,,,,,,
boss_b_bot_p20,bot rang=20,P,Koerperpresse,5290,20,-190,7,190,r,20,5288,-190,7,32,70,39,4c0c,51:20,ja,7,78,,,,,0,180,108.36,31,37.84,2.9688,-151.68,-151.68,,,,,,,,,,,,
boss_b_bot_p20,bot rang=20,R,Ansturm,5470,20,-149,9,149,r,15,5469,-149,9,20,41,22,4c0c,,,54,96,,,,,,,,,,,,,20,41,83.51,3.918/4.0,-48.0,54,,,,,,
boss_b_bot_p20,bot rang=20,K,kurzer Schlag,5581,20,-50,4,50,r,11,5581,-50,4,7,17,11,4c02,7:11,ja,10,28,,,,,,,,,,,,,,,,,,,,,,,,
boss_b_bot_p20,bot rang=20,R,Ansturm,5742,20,-250,-7,250,r,15,5741,-250,-7,20,51,32,4c0c,,,54,106,,,,,,,,,,,,,20,51,124.0,4.0,-48.0,54,,,,,,
boss_b_bot_p20,bot rang=20,P,Koerperpresse,5918,20,-55,2,55,r,20,5916,-55,4,32,63,32,4c0c,,,7,71,,,,,0,212,108.39,31,-44.61,0.8594,-99.35,-99.35,,,,,,,,,,,,
boss_b_bot_p20,bot rang=20,S,Armschwung,6130,20,-77,-2,77,r,11,6128,-80,-2,,,,,,,,60,1,,,60,,,,,,,,,,,,,,,,,,,,
boss_b_bot_p20,bot rang=20,R,Ansturm,6221,20,-107,-1,107,r,15,6220,-108,-1,20,22,3,4c0c,,,54,77,,,,,,,,,,,,,20,22,8.0,4.0,-48.0,54,,,,,,
boss_b_bot_p20,bot rang=20,K,kurzer Schlag,6314,20,-50,5,50,r,11,6314,-50,5,7,17,11,4c02,7:11,ja,9,27,,,,,,,,,,,,,,,,,,,,,,,,
boss_b_bot_p20,bot rang=20,R,Ansturm,6474,20,-319,-14,319,r,15,6473,-319,-14,20,64,45,4c0c,,,29,94,,,,,,,,,,,,,20,64,176.0,4.0,7.25,3,,,,,,
boss_b_bot_p20,bot rang=20,S,Armschwung,6673,20,-78,0,78,r,11,6664,-111,0,,,,,,,,33,1,,,33,,,,,,,,,,,,,,,,,,,,
boss_b_bot_q20,bot rang=20,S+,Armschwung,8,20,-83,0,83,r,10,1,-83,0,17,27,11,4c02,17:10,ja,9,37,,,,,,,,,,,,,,,,,,,,,,,,
boss_b_bot_q20,bot rang=20,S,Armschwung,233,20,-80,0,80,r,11,220,-130,-1,,,,,,,,62,1,,,62,,,,,,,,,,,,,,,,,,,,
boss_b_bot_q20,bot rang=20,K,kurzer Schlag,355,20,-50,6,50,r,11,355,-50,6,7,17,11,4c02,7:11,ja,10,28,,,,,,,,,,,,,,,,,,,,,,,,
boss_b_bot_q20,bot rang=20,S,Armschwung,584,20,-80,0,80,r,11,571,-130,-1,,,,,,,,62,1,,,62,,,,,,,,,,,,,,,,,,,,
boss_b_bot_q20,bot rang=20,P,Koerperpresse,738,20,-91,4,91,r,20,736,-91,4,32,63,32,4c0c,,,7,71,,,,,1,64,107.53,31,89.58,1.4219,-1.09,-1.09,,,,,,,,,,,,
boss_b_bot_q20,bot rang=20,P,Koerperpresse,1419,20,-68,0,68,r,20,1419,-68,0,32,63,32,4c0c,,,7,71,,,,,1,64,107.56,31,249.05,3.9531,181.31,181.31,,,,,,,,,,,,
boss_b_bot_q20,bot rang=20,R,Ansturm,1518,20,157,1,157,l,15,1517,159,1,20,33,14,4c0c,,,26,60,,,,,,,,,,,,,20,33,-52.0,-4.0,,,,,,,,
boss_b_bot_q20,bot rang=20,K,kurzer Schlag,1580,20,49,1,49,l,11,1580,49,1,7,17,11,4c02,7:11,ja,8,26,,,,,,,,,,,,,,,,,,,,,,,,
boss_b_bot_q20,bot rang=20,S,Armschwung,1765,20,78,1,78,l,11,1752,128,1,,,,,,,,61,1,,,61,,,,,,,,,,,,,,,,,,,,
boss_b_bot_q20,bot rang=20,S,Armschwung,1950,20,75,-1,75,l,11,1943,98,-2,,,,,,,,31,1,,,31,,,,,,,,,,,,,,,,,,,,
boss_b_bot_q20,bot rang=20,K,kurzer Schlag,2079,20,48,-5,48,l,11,2079,48,-5,7,17,11,4c02,7:11,ja,8,26,,,,,,,,,,,,,,,,,,,,,,,,
boss_b_bot_q20,bot rang=20,R,Ansturm,2272,20,161,1,161,l,15,2271,161,2,20,33,14,4c0c,,,54,88,,,,,,,,,,,,,20,33,-52.0,-4.0,48.0,54,,,,,,
boss_b_bot_q20,bot rang=20,G,Griff,2380,20,49,0,49,l,15,2380,49,0,59,64,6,7f10,59:20,ja,60,125,,,,,,,,,,,,,,,,,,,49,-4,59,230.0,hinter den Boss,105
boss_b_bot_q20,bot rang=20,P,Koerperpresse,2581,20,-131,1,131,r,20,2579,-131,1,32,70,39,4c0c,52:20,ja,7,78,,,,,1,71,107.59,31,128.95,2.0469,-1.77,-1.77,,,,,,,,,,,,
boss_b_bot_q20,bot rang=20,R,Ansturm,2760,20,-258,5,258,r,15,2759,-258,5,20,60,41,4c0c,,,26,87,,,,,,,,,,,,,20,60,160.0,4.0,,,,,,,,
boss_b_bot_q20,bot rang=20,K,kurzer Schlag,2850,20,-50,1,50,r,11,2850,-50,1,7,17,11,4c02,7:11,ja,7,25,,,,,,,,,,,,,,,,,,,,,,,,
boss_b_bot_q20,bot rang=20,R,Ansturm,3002,20,-179,-25,179,r,15,3001,-179,-25,20,47,28,4c0c,,,26,74,,,,,,,,,,,,,20,47,107.75,3.918/4.0,,,,,,,,
boss_b_bot_q20,bot rang=20,K,kurzer Schlag,3078,20,-50,-1,50,r,11,3078,-50,-1,7,17,11,4c02,7:11,ja,8,26,,,,,,,,,,,,,,,,,,,,,,,,
boss_b_bot_q20,bot rang=20,P,Koerperpresse,3235,20,-226,-8,226,r,20,3233,-226,-8,32,70,39,4c0c,51:20,ja,7,78,,,,,1,71,107.62,31,222.47,3.5312,-3.23,-3.23,,,,,,,,,,,,
boss_b_bot_q20,bot rang=20,P,Koerperpresse,3428,20,-172,18,172,r,20,3426,-172,18,32,70,39,4c0c,51:20,ja,7,78,,,,,1,71,107.66,31,169.31,2.6875,-2.12,-2.12,,,,,,,,,,,,
boss_b_bot_q20,bot rang=20,S,Armschwung,3640,20,-80,1,80,r,11,3606,-168,7,,,,,,,,34,1,,,34,,,,,,,,,,,,,,,,,,,,
boss_b_bot_q20,bot rang=20,K,kurzer Schlag,3778,20,-50,-6,50,r,11,3778,-50,-6,7,17,11,4c02,7:11,ja,8,26,,,,,,,,,,,,,,,,,,,,,,,,
boss_b_bot_q20,bot rang=20,R,Ansturm,3962,20,-269,-3,269,r,15,3961,-270,-3,20,52,33,4c0c,,,26,79,,,,,,,,,,,,,20,52,128.0,4.0,,,,,,,,
boss_b_bot_q20,bot rang=20,K,kurzer Schlag,4044,20,-50,-3,50,r,11,4044,-50,-3,7,17,11,4c02,7:11,ja,9,27,,,,,,,,,,,,,,,,,,,,,,,,
boss_b_bot_q20,bot rang=20,R,Ansturm,4196,20,-259,-15,259,r,15,4195,-259,-15,20,58,39,4c0c,,,54,113,,,,,,,,,,,,,20,58,152.0,4.0,-48.0,54,,,,,,
boss_b_bot_q20,bot rang=20,K,kurzer Schlag,4352,20,-50,6,50,r,11,4352,-50,6,7,17,11,4c02,7:11,ja,7,25,,,,,,,,,,,,,,,,,,,,,,,,
boss_b_bot_q20,bot rang=20,S,Armschwung,4579,20,-78,-1,78,r,11,4525,-303,-2,,,,,,,,33,1,,,33,,,,,,,,,,,,,,,,,,,,
boss_b_bot_q20,bot rang=20,K,kurzer Schlag,4684,20,-50,3,50,r,11,4684,-50,3,7,17,11,4c02,7:11,ja,7,25,,,,,,,,,,,,,,,,,,,,,,,,
boss_b_bot_q20,bot rang=20,S,Armschwung,4906,20,-79,-1,79,r,11,4849,-307,-7,,,,,,,,34,1,,,34,,,,,,,,,,,,,,,,,,,,
boss_b_bot_q20,bot rang=20,K,kurzer Schlag,5012,20,-50,3,50,r,11,5012,-50,3,7,17,11,4c02,7:11,ja,9,27,,,,,,,,,,,,,,,,,,,,,,,,
boss_b_bot_q20,bot rang=20,P,Koerperpresse,5197,20,-267,-3,267,r,20,5195,-271,-3,32,70,39,4c0c,51:20,ja,7,78,,,,,1,71,107.69,31,264.8,4.2031,-2.43,-0.68,,,,,,,,,,,,
boss_b_bot_q20,bot rang=20,R,Ansturm,5377,20,-182,12,182,r,15,5376,-182,12,20,47,28,4c0c,,,26,74,,,,,,,,,,,,,20,47,107.26,3.918/4.0,,,,,,,,
boss_b_bot_q20,bot rang=20,K,kurzer Schlag,5453,20,-50,1,50,r,11,5453,-50,1,7,17,11,4c02,7:11,ja,9,27,,,,,,,,,,,,,,,,,,,,,,,,
boss_b_bot_q20,bot rang=20,P,Koerperpresse,5614,20,-267,11,267,r,20,5612,-267,11,32,70,39,4c0c,51:20,ja,7,78,,,,,1,71,107.72,31,262.83,4.1719,-4.24,-4.24,,,,,,,,,,,,
boss_b_bot_q20,bot rang=20,P,Koerperpresse,5814,20,-202,5,202,r,20,5812,-202,5,32,70,39,4c0c,51:20,ja,7,78,,,,,1,71,107.75,31,198.84,3.1562,-2.95,-2.95,,,,,,,,,,,,
boss_b_bot_q20,bot rang=20,S,Armschwung,6046,20,-80,0,80,r,11,6012,-204,2,,,,,,,,34,1,,,34,,,,,,,,,,,,,,,,,,,,
boss_b_bot_q20,bot rang=20,S,Armschwung,6174,20,-74,0,74,r,11,6165,-63,-13,,,,,,,,27,1,,,27,,,,,,,,,,,,,,,,,,,,
boss_b_bot_q20,bot rang=20,S,Armschwung,6233,20,-74,0,74,r,11,6231,-78,0,,,,,,,,59,1,,,59,,,,,,,,,,,,,,,,,,,,
boss_b_bot_q20,bot rang=20,S,Armschwung,6336,20,-80,0,80,r,11,6333,-87,0,,,,,,,,34,1,,,34,,,,,,,,,,,,,,,,,,,,
boss_b_bot_q20,bot rang=20,K,kurzer Schlag,6440,20,-50,4,50,r,11,6440,-50,4,7,17,11,4c02,7:11,ja,7,25,,,,,,,,,,,,,,,,,,,,,,,,
boss_b_bot_q20,bot rang=20,P,Koerperpresse,6591,20,-245,-18,245,r,20,6589,-245,-18,32,63,32,4c0c,,,7,71,,,,,1,64,107.78,31,339.34,7.6562,94.15,94.15,,,,,,,,,,,,
boss_b_bot_q20,bot rang=20,P,Koerperpresse,6748,20,51,-2,51,l,20,6746,51,-4,32,63,32,4c0c,,,7,71,,,,,1,64,107.81,31,-100.41,-1.5938,-49.55,-49.55,,,,,,,,,,,,
boss_b_bot_q20,bot rang=20,K,kurzer Schlag,6824,20,46,1,46,l,11,6824,46,1,7,17,11,4c02,7:11,ja,8,26,,,,,,,,,,,,,,,,,,,,,,,,
boss_b_bot_q20,bot rang=20,R,Ansturm,6959,20,236,25,236,l,15,6958,236,25,20,63,44,4c0c,,,,,,,,,,,,,,,,,20,63,-162.52,-4.0/-3.918/0.0,,,,,,,,
boss_b_bot_p24,bot rang=24,S,Armschwung,124,24,78,0,78,l,12,112,108,12,,,,,,,,33,1,,,33,,,,,,,,,,,,,,,,,,,,
boss_b_bot_p24,bot rang=24,K,kurzer Schlag,228,24,49,-3,49,l,12,228,49,-3,7,17,11,4c02,7:12,ja,8,26,,,,,,,,,,,,,,,,,,,,,,,,
boss_b_bot_p24,bot rang=24,S,Armschwung,414,24,77,0,77,l,12,401,128,0,,,,,,,,61,1,,,61,,,,,,,,,,,,,,,,,,,,
boss_b_bot_p24,bot rang=24,K,kurzer Schlag,491,24,49,-7,49,l,12,491,49,-7,7,17,11,4c02,7:12,ja,7,25,,,,,,,,,,,,,,,,,,,,,,,,
boss_b_bot_p24,bot rang=24,P,Koerperpresse,637,24,296,15,296,l,22,635,296,15,32,51,20,4c0c,,,132,184,,,,,1,236,117.77,78,-65.12,-4.625,231.31,231.31,,,,,,,,,,,,
boss_b_bot_p24,bot rang=24,P,Koerperpresse,873,24,76,-4,76,l,22,871,76,-6,,,,,,,,136,,,,,0,199,80.47,32,218.38,-2.375,293.93,293.93,,,,,,,,,,,,
boss_b_bot_p24,bot rang=24,S,Armschwung,1072,24,77,0,77,l,12,1070,80,0,,,,,,,,32,1,,,32,,,,,,,,,,,,,,,,,,,,
boss_b_bot_p24,bot rang=24,P,Koerperpresse,1244,24,70,0,70,l,22,1244,70,0,32,63,32,4c0c,,,7,71,,,,,0,94,108.24,31,-254.52,-3.4844,-184.08,-184.08,,,,,,,,,,,,
boss_b_bot_p24,bot rang=24,P,Koerperpresse,1338,24,-141,1,141,r,22,1336,-144,1,32,70,39,4c0c,51:22,ja,7,78,,,,,0,228,108.27,31,-30.73,2.2344,-171.07,-171.07,,,,,,,,,,,,
boss_b_bot_p24,bot rang=24,R,Ansturm,1566,24,-280,-14,280,r,17,1565,-280,-15,20,58,39,4c0c,,,26,85,,,,,,,,,,,,,20,58,152.0,4.0,,,,,,,,
boss_b_bot_p24,bot rang=24,K,kurzer Schlag,1654,24,-50,-1,50,r,12,1654,-50,-1,7,17,11,4c02,7:12,ja,10,28,,,,,,,,,,,,,,,,,,,,,,,,
boss_b_bot_p24,bot rang=24,R,Ansturm,1805,24,-241,1,241,r,17,1804,-241,1,20,51,32,4c0c,,,26,78,,,,,,,,,,,,,20,51,124.0,4.0,,,,,,,,
boss_b_bot_p24,bot rang=24,K,kurzer Schlag,1885,24,-50,1,50,r,12,1885,-50,1,7,17,11,4c02,7:12,ja,8,26,,,,,,,,,,,,,,,,,,,,,,,,
boss_b_bot_p24,bot rang=24,R,Ansturm,2037,24,-248,-14,248,r,17,2036,-248,-14,20,56,37,4c0c,,,26,83,,,,,,,,,,,,,20,56,144.0,4.0,,,,,,,,
boss_b_bot_p24,bot rang=24,G,Griff,2123,24,-49,0,49,r,17,2123,-49,0,88,100,13,7f10,88:22,ja,0,101,,,,,,,,,,,,,,,,,,,-49,-1,,,,
boss_b_bot_p24,bot rang=24,R,Ansturm,2388,24,170,-4,170,l,17,2387,170,-5,20,36,17,4c0c,,,54,91,,,,,,,,,,,,,20,36,-64.0,-4.0,48.0,54,,,,,,
boss_b_bot_p24,bot rang=24,G,Griff,2498,24,49,0,49,l,17,2498,49,0,85,97,13,7f10,85:22,ja,0,98,,,,,,,,,,,,,,,,,,,49,-4,,,,
boss_b_bot_p24,bot rang=24,R,Ansturm,2759,24,127,2,127,l,17,2758,129,2,20,27,8,4c0c,,,26,54,,,,,,,,,,,,,20,27,-28.0,-4.0,101.35,162,,,,,,
boss_b_bot_p24,bot rang=24,P,Koerperpresse,3299,24,71,0,71,l,22,3299,71,0,32,63,32,4c0c,,,7,71,,,,,0,95,108.3,31,-258.02,-3.4844,-187.3,-187.3,,,,,,,,,,,,
boss_b_bot_p24,bot rang=24,R,Ansturm,3394,24,-145,1,145,r,17,3393,-147,1,20,31,12,4c0c,,,54,86,,,,,,,,,,,,,20,31,44.0,4.0,-178.81,216,,,,,,
boss_b_bot_p24,bot rang=24,S,Armschwung,3709,24,-78,2,78,r,12,3706,-85,3,,,,,,,,33,1,,,33,,,,,,,,,,,,,,,,,,,,
boss_b_bot_p24,bot rang=24,P,Koerperpresse,3849,24,-86,-1,86,r,22,3847,-90,-1,,,,,,,,123,,,,,0,145,91.7,34,-0.12,2.75,-86.27,-86.27,,,,,,,,,,,,
boss_b_bot_p24,bot rang=24,P,Koerperpresse,3994,24,-71,-1,71,r,22,3994,-71,-1,32,63,32,4c0c,,,7,71,,,,,0,102,108.45,31,302.75,4.0,232.23,232.23,,,,,,,,,,,,
boss_b_bot_p24,bot rang=24,R,Ansturm,4096,24,161,-2,161,l,17,4095,162,-2,20,33,14,4c0c,,,26,60,,,,,,,,,,,,,20,33,-52.0,-4.0,,,,,,,,
boss_b_bot_p24,bot rang=24,K,kurzer Schlag,4171,24,48,-3,48,l,12,4171,48,-3,7,17,11,4c02,7:12,ja,8,26,,,,,,,,,,,,,,,,,,,,,,,,
boss_b_bot_p24,bot rang=24,R,Ansturm,4328,24,262,28,262,l,17,4327,262,28,20,62,43,4c0c,,,54,117,,,,,,,,,,,,,20,62,-168.0,-4.0,127.91,162,,,,,,
boss_b_bot_p24,bot rang=24,S,Armschwung,4618,24,77,-2,77,l,12,4616,81,-2,,,,,,,,61,1,,,61,,,,,,,,,,,,,,,,,,,,
boss_b_bot_p24,bot rang=24,P,Koerperpresse,5118,24,66,0,66,l,22,5118,66,0,32,63,32,4c0c,,,7,71,,,,,0,74,108.48,31,-213.39,-3.3594,-147.27,-147.27,,,,,,,,,,,,
boss_b_bot_p24,bot rang=24,R,Ansturm,5192,24,-120,1,120,r,17,5191,-121,1,20,26,7,4c0c,,,54,81,,,,,,,,,,,,,20,26,24.0,4.0,-48.0,54,,,,,,
boss_b_bot_p24,bot rang=24,K,kurzer Schlag,5290,24,-50,3,50,r,12,5290,-50,3,7,17,11,4c02,7:12,ja,8,26,,,,,,,,,,,,,,,,,,,,,,,,
boss_b_bot_p24,bot rang=24,R,Ansturm,5445,24,-218,-4,218,r,17,5444,-218,-4,20,47,28,4c0c,,,26,74,,,,,,,,,,,,,20,47,108.0,4.0,-42.82,54,,,,,,
boss_b_bot_p24,bot rang=24,S,Armschwung,5680,24,-78,1,78,r,12,5672,-94,3,,,,,,,,61,1,,,61,,,,,,,,,,,,,,,,,,,,
boss_b_bot_p24,bot rang=24,P,Koerperpresse,5773,24,-56,-9,56,r,22,5771,-56,-11,32,63,32,4c0c,,,33,97,,,,,0,64,108.51,31,55.12,0.875,-1.69,-1.69,,,,,,,,,,,,
boss_b_bot_p24,bot rang=24,P,Koerperpresse,5968,24,-76,-2,76,r,22,5966,-80,-2,,,,,,,,111,,,,,1,143,79.81,32,-186.07,1.2188,-262.55,-260.8,,,,,,,,,,,,
boss_b_bot_p24,bot rang=24,P,Koerperpresse,6111,24,-103,-1,103,r,22,6109,-107,-1,,,,,,,,117,,,,,0,291,106.71,37,-27.06,3.2812,-130.37,-130.37,,,,,,,,,,,,
boss_b_bot_q24,bot rang=24,S+,Armschwung,8,24,-83,0,83,r,10,1,-83,0,17,27,11,4c02,17:10,ja,9,37,,,,,,,,,,,,,,,,,,,,,,,,
boss_b_bot_q24,bot rang=24,S,Armschwung,233,24,-80,0,80,r,12,220,-130,-1,,,,,,,,62,1,,,62,,,,,,,,,,,,,,,,,,,,
boss_b_bot_q24,bot rang=24,K,kurzer Schlag,355,24,-50,6,50,r,12,355,-50,6,7,17,11,4c02,7:12,ja,10,28,,,,,,,,,,,,,,,,,,,,,,,,
boss_b_bot_q24,bot rang=24,R,Ansturm,621,24,-159,-1,159,r,17,620,-160,-1,20,33,14,4c0c,,,26,60,,,,,,,,,,,,,20,33,52.0,4.0,,,,,,,,
boss_b_bot_q24,bot rang=24,K,kurzer Schlag,683,24,-50,-1,50,r,12,683,-50,-1,7,17,11,4c02,7:12,ja,10,28,,,,,,,,,,,,,,,,,,,,,,,,
boss_b_bot_q24,bot rang=24,P,Koerperpresse,881,24,-127,0,127,r,22,879,-131,0,32,70,39,4c0c,56:22,ja,7,78,,,,,1,71,107.53,31,126.98,2.0156,-0.01,1.74,,,,,,,,,,,,
boss_b_bot_q24,bot rang=24,S,Armschwung,1112,24,-76,0,76,r,12,1070,-209,0,,,,,,,,32,1,,,32,,,,,,,,,,,,,,,,,,,,
boss_b_bot_q24,bot rang=24,K,kurzer Schlag,1241,24,-50,5,50,r,12,1241,-50,5,7,17,11,4c02,7:12,ja,10,28,,,,,,,,,,,,,,,,,,,,,,,,
boss_b_bot_q24,bot rang=24,R,Ansturm,1416,24,-227,-13,227,r,17,1415,-227,-14,20,48,29,4c0c,,,54,103,,,,,,,,,,,,,20,48,112.0,4.0,-48.0,54,,,,,,
boss_b_bot_q24,bot rang=24,K,kurzer Schlag,1563,24,-50,6,50,r,12,1563,-50,6,7,17,11,4c02,7:12,ja,8,26,,,,,,,,,,,,,,,,,,,,,,,,
boss_b_bot_q24,bot rang=24,S,Armschwung,1754,24,-77,0,77,r,12,1690,-272,-6,,,,,,,,32,1,,,32,,,,,,,,,,,,,,,,,,,,
boss_b_bot_q24,bot rang=24,S,Armschwung,2037,24,-78,0,78,r,12,2031,-88,1,,,,,,,,38,1,,,38,,,,,,,,,,,,,,,,,,,,
boss_b_bot_q24,bot rang=24,R,Ansturm,2275,24,-98,5,98,r,17,2274,-98,6,20,21,2,4c0c,,,54,76,,,,,,,,,,,,,20,21,4.0,4.0,-48.0,54,,,,,,
boss_b_bot_q24,bot rang=24,K,kurzer Schlag,2366,24,-50,6,50,r,12,2366,-50,6,7,17,11,4c02,7:12,ja,7,25,,,,,,,,,,,,,,,,,,,,,,,,
boss_b_bot_q24,bot rang=24,P,Koerperpresse,2544,24,-207,-18,207,r,22,2542,-207,-20,32,63,32,4c0c,,,7,71,,,,,1,64,107.56,31,355.53,6.4688,148.86,148.86,,,,,,,,,,,,
boss_b_bot_q24,bot rang=24,P,Koerperpresse,2620,24,128,1,128,l,22,2618,131,1,32,70,39,4c0c,51:22,ja,7,78,,,,,1,71,107.59,31,-127.97,-2.0312,-0.07,-1.82,,,,,,,,,,,,
boss_b_bot_q24,bot rang=24,P,Koerperpresse,2813,24,17,-34,17,l,22,2811,17,-34,32,70,39,4c0c,51:22,ja,7,78,,,,,1,71,107.62,31,-33.47,-0.5312,-15.95,-15.95,,,,,,,,,,,,
boss_b_bot_q24,bot rang=24,P,Koerperpresse,3004,24,281,-41,281,l,22,3002,281,-41,32,53,22,4c0c,,,134,188,,,,,1,308,109.3,80,-4.59,-4.3906,276.94,276.94,,,,,,,,,,,,
boss_b_bot_q24,bot rang=24,S,Armschwung,3312,24,79,-2,79,l,12,3310,82,-2,,,,,,,,33,1,,,33,,,,,,,,,,,,,,,,,,,,
boss_b_bot_q24,bot rang=24,R,Ansturm,3396,24,107,-1,107,l,17,3395,108,-1,20,22,3,4c0c,,,54,77,,,,,,,,,,,,,20,22,-8.0,-4.0,48.0,54,,,,,,
boss_b_bot_q24,bot rang=24,K,kurzer Schlag,3502,24,47,-7,47,l,12,3502,47,-7,7,17,11,4c02,7:12,ja,7,25,,,,,,,,,,,,,,,,,,,,,,,,
boss_b_bot_q24,bot rang=24,P,Koerperpresse,3758,24,126,3,126,l,22,3756,129,3,32,70,39,4c0c,51:22,ja,7,78,,,,,0,201,108.31,31,-55.82,-2.0,70.48,70.48,,,,,,,,,,,,
boss_b_bot_q24,bot rang=24,R,Ansturm,3959,24,204,-26,204,l,17,3958,204,-26,20,51,32,4c0c,,,26,78,,,,,,,,,,,,,20,51,-123.75,-4.0/-3.918,,,,,,,,
boss_b_bot_q24,bot rang=24,K,kurzer Schlag,4039,24,48,-1,48,l,12,4039,48,-1,7,17,11,4c02,7:12,ja,10,28,,,,,,,,,,,,,,,,,,,,,,,,
boss_b_bot_q24,bot rang=24,R,Ansturm,4199,24,190,17,190,l,17,4198,190,17,20,45,26,4c0c,,,54,100,,,,,,,,,,,,,20,45,-100.0,-4.0,48.0,54,,,,,,
boss_b_bot_q24,bot rang=24,K,kurzer Schlag,4344,24,49,-5,49,l,12,4344,49,-5,7,17,11,4c02,7:12,ja,10,28,,,,,,,,,,,,,,,,,,,,,,,,
boss_b_bot_q24,bot rang=24,S,Armschwung,4584,24,78,-1,78,l,12,4531,276,-13,,,,,,,,33,1,,,33,,,,,,,,,,,,,,,,,,,,
boss_b_bot_q24,bot rang=24,K,kurzer Schlag,4687,24,48,-3,48,l,12,4687,48,-3,7,17,11,4c02,7:12,ja,7,25,,,,,,,,,,,,,,,,,,,,,,,,
boss_b_bot_q24,bot rang=24,R,Ansturm,4827,24,290,26,290,l,17,4826,290,26,20,64,45,4c0c,,,61,126,,,,,,,,,,,,,20,64,-175.26,-4.0/-3.918,29.25,61,,,,,,
boss_b_bot_q24,bot rang=24,G,Griff,4969,24,49,0,49,l,17,4969,49,0,59,64,6,7f10,59:22,ja,60,125,,,,,,,,,,,,,,,,,,,49,-5,59,230.0,hinter den Boss,105
boss_b_bot_q24,bot rang=24,P,Koerperpresse,5213,24,-273,-2,273,r,22,5211,-276,-2,32,63,32,4c0c,,,7,71,,,,,0,79,108.34,31,424.65,8.5938,151.46,151.46,,,,,,,,,,,,
boss_b_bot_q24,bot rang=24,P,Koerperpresse,5292,24,125,1,125,l,22,5290,128,1,32,70,39,4c0c,51:22,ja,7,78,,,,,0,211,108.38,31,-180.51,-1.9844,-55.3,-55.3,,,,,,,,,,,,
boss_b_bot_q24,bot rang=24,S,Armschwung,5503,24,77,0,77,l,12,5482,125,1,,,,,,,,60,1,,,60,,,,,,,,,,,,,,,,,,,,
boss_b_bot_q24,bot rang=24,P,Koerperpresse,5699,24,96,-1,96,l,22,5697,100,-1,,,,,,,,135,,,,,0,278,111.34,38,81.78,-1.5312,178.62,178.62,,,,,,,,,,,,
boss_b_bot_q24,bot rang=24,P,Koerperpresse,5977,24,72,0,72,l,22,5977,72,0,32,63,32,4c0c,,,7,71,,,,,0,93,108.25,31,-249.27,-3.7344,-177.4,-177.4,,,,,,,,,,,,
boss_b_bot_q24,bot rang=24,P,Koerperpresse,6070,24,-128,1,128,r,22,6068,-132,1,32,70,39,4c0c,51:22,ja,7,78,,,,,0,237,108.28,31,99.04,2.0312,-29.36,-29.36,,,,,,,,,,,,
boss_b_bot_q24,bot rang=24,S,Armschwung,6307,24,-77,0,77,r,12,6248,-272,0,,,,,,,,32,1,,,32,,,,,,,,,,,,,,,,,,,,
boss_b_bot_q24,bot rang=24,S,Armschwung,6518,24,-79,0,79,r,12,6510,-101,5,,,,,,,,62,1,,,62,,,,,,,,,,,,,,,,,,,,
boss_b_bot_q24,bot rang=24,S,Armschwung,6786,24,-73,1,73,r,12,6784,-76,1,,,,,,,,58,1,,,58,,,,,,,,,,,,,,,,,,,,
boss_b_bot_q24,bot rang=24,S,Armschwung,6882,24,-80,1,80,r,12,6874,-109,1,,,,,,,,62,1,,,62,,,,,,,,,,,,,,,,,,,,
boss_b_bot_q24,bot rang=24,P,Koerperpresse,7264,24,-69,0,69,r,22,7264,-69,0,32,63,32,4c0c,,,7,71,,,,,0,80,108.31,31,261.52,3.9844,192.59,192.59,,,,,,,,,,,,
boss_b_bot_q24,bot rang=24,P,Koerperpresse,7344,24,151,-1,151,l,22,7342,154,-1,32,70,39,4c0c,51:22,ja,7,78,,,,,0,212,108.34,31,48.86,-2.375,199.45,199.45,,,,,,,,,,,,
boss_b_bot_q24,bot rang=24,R,Ansturm,7556,24,288,6,288,l,17,7555,288,7,20,57,38,4c0c,,,54,112,,,,,,,,,,,,,20,57,-148.0,-4.0,48.0,54,,,,,,
boss_b_bot_q24,bot rang=24,G,Griff,7711,24,49,0,49,l,17,7711,49,0,59,64,6,7f10,59:22,ja,60,125,,,,,,,,,,,,,,,,,,,49,-6,59,230.0,hinter den Boss,105
boss_b_bot_q24,bot rang=24,R,Ansturm,7885,24,-172,-13,172,r,17,7884,-172,-13,20,48,29,4c0c,,,26,75,,,,,,,,,,,,,20,48,111.02,3.918/4.0,,,,,,,,
boss_b_bot_q24,bot rang=24,K,kurzer Schlag,7980,24,-50,3,50,r,12,7980,-50,3,7,17,11,4c02,7:12,ja,,,,,,,,,,,,,,,,,,,,,,,,,,
boss_b_bot_kette,"bot mit kettendruck nach 16 F, rang=16",S,Armschwung,124,16,78,0,78,l,10,112,108,12,,,,,,,,78,1,,,78,,,,,,,,,,,,,,,,,,,,
boss_b_bot_kette,"bot mit kettendruck nach 16 F, rang=16",G,Griff,216,16,49,0,49,l,10,216,49,0,59,64,6,7f10,59:18,ja,60,125,,,,,,,,,,,,,,,,,,,49,-4,59,166.0,hinter den Boss,105
boss_b_bot_kette,"bot mit kettendruck nach 16 F, rang=16",R,Ansturm,440,16,-244,-22,244,r,13,439,-244,-23,20,54,35,4c0c,,,31,86,,,,,,,,,,,,,20,54,136.0,4.0,,,,,,,,
boss_b_bot_kette,"bot mit kettendruck nach 16 F, rang=16",K,kurzer Schlag,529,16,-49,-1,49,r,10,529,-49,-1,7,17,11,4c02,7:10,ja,7,25,,,,,,,,,,,,,,,,,,,,,,,,
boss_b_bot_kette,"bot mit kettendruck nach 16 F, rang=16",R,Ansturm,738,16,-200,-1,200,r,13,737,-202,-1,20,40,21,4c0c,,,31,72,,,,,,,,,,,,,20,40,80.0,4.0,,,,,,,,
boss_b_bot_kette,"bot mit kettendruck nach 16 F, rang=16",K,kurzer Schlag,813,16,-50,-1,50,r,10,813,-50,-1,7,17,11,4c02,7:10,ja,8,26,,,,,,,,,,,,,,,,,,,,,,,,
boss_b_bot_kette,"bot mit kettendruck nach 16 F, rang=16",R,Ansturm,963,16,-307,0,307,r,13,962,-307,0,20,63,44,4c0c,,,31,95,,,,,,,,,,,,,20,63,172.0,4.0,,,,,,,,
boss_b_bot_kette,"bot mit kettendruck nach 16 F, rang=16",K,kurzer Schlag,1063,16,-49,0,49,r,10,1063,-49,0,7,17,11,4c02,7:10,ja,8,26,,,,,,,,,,,,,,,,,,,,,,,,
boss_b_bot_kette,"bot mit kettendruck nach 16 F, rang=16",R,Ansturm,1203,16,-220,-16,220,r,13,1202,-220,-16,20,55,36,4c0c,,,71,127,,,,,,,,,,,,,20,55,140.0,4.0,-75.23,108,,,,,,
boss_b_bot_kette,"bot mit kettendruck nach 16 F, rang=16",R,Ansturm,1463,16,-96,17,96,r,13,1462,-96,18,20,27,8,4c0c,,,31,59,,,,,,,,,,,,,20,27,28.0,4.0,,,,,,,,
boss_b_bot_kette,"bot mit kettendruck nach 16 F, rang=16",K,kurzer Schlag,1524,16,-50,1,50,r,10,1524,-50,1,7,17,11,4c02,7:10,ja,10,28,,,,,,,,,,,,,,,,,,,,,,,,
boss_b_bot_kette,"bot mit kettendruck nach 16 F, rang=16",P,Koerperpresse,1690,16,-295,-6,295,r,18,1688,-295,-8,32,70,39,4c0c,51:18,ja,7,78,,,,,1,71,107.53,31,290.39,4.6094,-4.1,-4.1,,,,,,,,,,,,
boss_b_bot_kette,"bot mit kettendruck nach 16 F, rang=16",S,Armschwung,1928,16,-76,0,76,r,10,1902,-174,7,,,,,,,,60,1,,,60,,,,,,,,,,,,,,,,,,,,
boss_b_bot_kette,"bot mit kettendruck nach 16 F, rang=16",P,Koerperpresse,2113,16,-89,-1,89,r,18,2111,-90,-2,,,,,,,,132,,,,,1,289,90.93,34,-299.44,2.8125,-388.46,-386.71,,,,,,,,,,,,
boss_b_bot_kette,"bot mit kettendruck nach 16 F, rang=16",P,Koerperpresse,2402,16,-89,-1,89,r,18,2400,-89,-1,,,,,,,,140,,,,,0,141,101.8,36,-6.61,1.3906,-95.82,-95.82,,,,,,,,,,,,
boss_b_bot_kette,"bot mit kettendruck nach 16 F, rang=16",P,Koerperpresse,2543,16,-71,-1,71,r,18,2543,-71,-1,32,63,32,4c0c,,,7,71,,,,,0,166,108.2,31,253.28,4.0,181.95,181.95,,,,,,,,,,,,
boss_b_bot_kette,"bot mit kettendruck nach 16 F, rang=16",S,Armschwung,2709,16,77,1,77,l,10,2679,194,4,,,,,,,,60,1,,,60,,,,,,,,,,,,,,,,,,,,
boss_b_bot_kette,"bot mit kettendruck nach 16 F, rang=16",P,Koerperpresse,2876,16,93,-14,93,l,18,2874,93,-16,32,70,39,4c0c,51:18,ja,7,78,,,,,0,266,108.23,31,-99.87,-1.4531,-7.48,-7.48,,,,,,,,,,,,
boss_b_bot_kette,"bot mit kettendruck nach 16 F, rang=16",S,Armschwung,3142,16,79,1,79,l,10,3088,252,35,,,,,,,,38,1,,,38,,,,,,,,,,,,,,,,,,,,
boss_b_bot_kette,"bot mit kettendruck nach 16 F, rang=16",K,kurzer Schlag,3201,16,49,-4,49,l,10,3201,49,-4,7,17,11,4c02,7:10,ja,9,27,,,,,,,,,,,,,,,,,,,,,,,,
boss_b_bot_kette,"bot mit kettendruck nach 16 F, rang=16",R,Ansturm,3341,16,244,-33,244,l,13,3340,244,-33,20,64,45,4c0c,64:13,ja,18,83,,,,,,,,,,,,,20,64,-172.39,-3.918,-29.38,18,,,,,,
boss_b_bot_kette,"bot mit kettendruck nach 16 F, rang=16",S,Armschwung,3593,16,77,1,77,l,10,3539,224,15,,,,,,,,38,1,,,38,,,,,,,,,,,,,,,,,,,,
boss_b_bot_kette,"bot mit kettendruck nach 16 F, rang=16",G,Griff,3647,16,49,0,49,l,10,3647,49,0,59,64,6,7f10,59:18,ja,60,125,,,,,,,,,,,,,,,,,,,49,-5,59,230.0,hinter den Boss,105
boss_b_bot_kette,"bot mit kettendruck nach 16 F, rang=16",R,Ansturm,3825,16,-246,-17,246,r,13,3824,-246,-17,20,62,43,4c0c,,,71,134,,,,,,,,,,,,,20,62,167.75,3.918/4.0,-48.0,54,,,,,,
boss_b_bot_kette,"bot mit kettendruck nach 16 F, rang=16",K,kurzer Schlag,4035,16,-50,5,50,r,10,4035,-50,5,7,17,11,4c02,7:10,ja,7,25,,,,,,,,,,,,,,,,,,,,,,,,
boss_b_bot_kette,"bot mit kettendruck nach 16 F, rang=16",S,Armschwung,4243,16,-79,-1,79,r,10,4190,-261,-15,,,,,,,,79,1,,,79,,,,,,,,,,,,,,,,,,,,
boss_b_bot_kette,"bot mit kettendruck nach 16 F, rang=16",K,kurzer Schlag,4338,16,-50,6,50,r,10,4338,-50,6,,,,,,,,30,,,,,,,,,,,,,,,,,,,,,,,,
boss_b_bot_kette,"bot mit kettendruck nach 16 F, rang=16",K,kurzer Schlag,4369,16,-50,6,50,r,10,4369,-50,6,7,17,11,4c02,7:10,ja,8,26,,,,,,,,,,,,,,,,,,,,,,,,
boss_b_bot_kette,"bot mit kettendruck nach 16 F, rang=16",P,Koerperpresse,4513,16,-177,14,177,r,18,4511,-177,14,32,63,32,4c0c,,,16,80,,,,,0,3488,108.26,31,,5.5312,59.1,59.1,,,,,,,,,,,,
# D zusammenfassung: Kennwerte je Angriffsart und Rang (natuerlich gewaehlte Angriffe)
art,rang,anzahl,erster_aktiv,aktiv_ohne_treffer,aktiv_mit_treffer,schaden_8b,schaden_treffer,nachlauf,vorn_A,dz_A,umgeworfen,lauf_x,lauf_frames,auslauf_x,scheitel,scheitel_frame,landung,landung_minus_figur_A,wurf,wurf_figur_x,griff_dx,griff_dz,schwuenge,dx_entscheidung
G,9,6,"59..114 (n=6, Median 59.0)",,"6..13 (n=6, Median 6.0)","11..14 (n=6, Median 11.0)",14 (n=6),"0..60 (n=6, Median 60.0)","14..56 (n=6, Median 36.5)",0 (n=6),ja,,,,,,,,59 (n=4),"225.0..230.0 (n=4, Median 230.0)","-56..53 (n=6, Median 6.5)","-5..7 (n=6, Median -1.0)",,"14..257 (n=6, Median 238.5)"
G,12,2,"59..105 (n=2, Median 82.0)",,"6..13 (n=2, Median 9.5)",12 (n=2),16 (n=2),"0..60 (n=2, Median 30.0)",49 (n=2),0 (n=2),ja,,,,,,,,59 (n=1),225.0 (n=1),"-49..49 (n=2, Median 0.0)","-1..0 (n=2, Median -0.5)",,49 (n=2)
G,16,5,"59..105 (n=5, Median 59)",,"6..13 (n=5, Median 6)","10..13 (n=5, Median 10)",18 (n=5),"0..60 (n=5, Median 60)","48..49 (n=5, Median 49)",0 (n=5),ja,,,,,,,,59 (n=4),"166.0..230.0 (n=4, Median 195.625)","-49..49 (n=5, Median 49)","-5..3 (n=5, Median -4)",,"48..49 (n=5, Median 49)"
G,20,10,"59..88 (n=10, Median 59.0)",,"6..13 (n=10, Median 6.0)",15 (n=10),20 (n=10),"0..60 (n=10, Median 60.0)","25..55 (n=10, Median 49.0)",0 (n=10),ja,,,,,,,,59 (n=7),"206.38..230.0 (n=7, Median 230.0)","-55..55 (n=10, Median 45.0)","-7..7 (n=10, Median -0.5)",,"49..261 (n=10, Median 232.0)"
G,23,1,59 (n=1),,6 (n=1),17 (n=1),21 (n=1),60 (n=1),33 (n=1),0 (n=1),ja,,,,,,,,59 (n=1),230.0 (n=1),33 (n=1),0 (n=1),,236 (n=1)
G,24,5,"59..88 (n=5, Median 72)",,"6..13 (n=5, Median 13)",17 (n=5),22 (n=5),"0..60 (n=5, Median 0)","26..49 (n=5, Median 49)",0 (n=5),ja,,,,,,,,59 (n=2),230.0 (n=2),"-49..49 (n=5, Median 49)","-6..5 (n=5, Median -4)",,"49..231 (n=5, Median 49)"
K,7,11,7 (n=11),,11 (n=11),7 (n=11),7 (n=11),"7..10 (n=11, Median 8)","26..50 (n=11, Median 49)","-7..4 (n=11, Median -3)",ja,,,,,,,,,,,,,"26..50 (n=11, Median 49)"
K,9,13,7 (n=13),,11 (n=13),8 (n=13),8 (n=13),"7..10 (n=13, Median 8)","4..50 (n=13, Median 49)","-7..6 (n=13, Median 1)",ja,,,,,,,,,,,,,"4..50 (n=13, Median 49)"
K,12,13,7 (n=13),,11 (n=13),9 (n=13),9 (n=13),"7..10 (n=13, Median 8)","39..50 (n=13, Median 49)","-7..6 (n=13, Median -1)",ja,,,,,,,,,,,,,"39..50 (n=13, Median 49)"
K,16,22,7 (n=20),,11 (n=20),10 (n=22),10 (n=20),"7..10 (n=20, Median 8.0)","39..50 (n=22, Median 49.5)","-7..6 (n=22, Median 1.0)",ja,,,,,,,,,,,,,"39..50 (n=22, Median 49.5)"
K,20,21,7 (n=21),,11 (n=21),11 (n=21),11 (n=21),"7..10 (n=21, Median 8)","24..50 (n=21, Median 50)","-7..6 (n=21, Median 1)",ja,,,,,,,,,,,,,"24..50 (n=21, Median 50)"
K,24,16,7 (n=16),,11 (n=16),12 (n=16),12 (n=16),"7..10 (n=15, Median 8)","47..50 (n=16, Median 50.0)","-7..6 (n=16, Median -1.0)",ja,,,,,,,,,,,,,"47..50 (n=16, Median 50.0)"
P,7,14,32 (n=10),"20..32 (n=10, Median 32.0)",,13 (n=14),,"7..132 (n=10, Median 7.0)","53..296 (n=14, Median 72.0)","-8..15 (n=14, Median -1.0)",,,,,"55.86..117.77 (n=14, Median 108.255)","31..79 (n=14, Median 31.0)","64..313 (n=14, Median 146.5)","-288.57..293.93 (n=14, Median 9.87)",,,,,,"53..296 (n=14, Median 72.0)"
P,9,44,32 (n=41),"14..32 (n=14, Median 32.0)",39 (n=27),"14..15 (n=44, Median 14.0)","14..15 (n=27, Median 14)","7..132 (n=40, Median 7.0)","63..296 (n=44, Median 130.5)","-34..43 (n=44, Median 1.0)",ja,,,,"80.47..117.77 (n=44, Median 107.66)","31..78 (n=44, Median 31.0)","46..313 (n=44, Median 71.0)","-257.2..293.93 (n=44, Median -0.585)",,,,,,"63..296 (n=44, Median 130.5)"
P,12,17,32 (n=12),"20..32 (n=10, Median 32.0)",39 (n=2),16 (n=17),16 (n=2),"7..132 (n=12, Median 7.0)","70..296 (n=17, Median 78)","-7..15 (n=17, Median 0)",ja,,,,"12.55..117.77 (n=17, Median 107.81)","10..78 (n=17, Median 31)","19..236 (n=17, Median 71)","-257.2..293.93 (n=17, Median 0.38)",,,,,,"70..296 (n=17, Median 81)"
P,16,21,32 (n=16),"20..32 (n=13, Median 32)",39 (n=3),18 (n=21),18 (n=3),"7..132 (n=16, Median 7.0)","68..296 (n=21, Median 89)","-23..17 (n=21, Median 0)",ja,,,,"74.73..117.96 (n=21, Median 107.66)","31..78 (n=21, Median 31)","64..3488 (n=21, Median 116)","-388.46..293.93 (n=21, Median -1.09)",,,,,,"68..296 (n=21, Median 89)"
P,17,1,32 (n=1),,39 (n=1),18 (n=1),18 (n=1),7 (n=1),130 (n=1),1 (n=1),ja,,,,107.53 (n=1),31 (n=1),71 (n=1),3.0 (n=1),,,,,,130 (n=1)
P,18,1,32 (n=1),,39 (n=1),19 (n=1),19 (n=1),7 (n=1),166 (n=1),3 (n=1),ja,,,,107.53 (n=1),31 (n=1),71 (n=1),2.24 (n=1),,,,,,166 (n=1)
P,19,2,32 (n=2),,39 (n=2),19 (n=2),19 (n=2),7 (n=2),"124..174 (n=2, Median 149.0)","0..6 (n=2, Median 3.0)",ja,,,,107.56 (n=2),31 (n=2),71 (n=2),"-2.91..2.19 (n=2, Median -0.3600000000000001)",,,,,,"124..174 (n=2, Median 149.0)"
P,20,61,32 (n=59),"20..32 (n=11, Median 32)",39 (n=48),20 (n=61),20 (n=48),"7..132 (n=59, Median 7)","24..306 (n=61, Median 172)","-21..59 (n=61, Median 1)",ja,,,,"74.73..117.77 (n=61, Median 107.72)","31..78 (n=61, Median 31)","64..261 (n=61, Median 71)","-188.89..293.93 (n=61, Median -2.04)",,,,,,"24..306 (n=61, Median 172)"
P,21,1,32 (n=1),,39 (n=1),20 (n=1),20 (n=1),7 (n=1),124 (n=1),1 (n=1),ja,,,,107.62 (n=1),31 (n=1),71 (n=1),2.54 (n=1),,,,,,124 (n=1)
P,22,2,32 (n=2),,39 (n=2),21 (n=2),21 (n=2),7 (n=2),"159..252 (n=2, Median 205.5)","-7..19 (n=2, Median 6.0)",ja,,,,107.66 (n=2),31 (n=2),71 (n=2),"-1.86..4.13 (n=2, Median 1.1349999999999998)",,,,,,"159..252 (n=2, Median 205.5)"
P,23,2,32 (n=2),32 (n=2),,21 (n=2),,7 (n=2),"90..149 (n=2, Median 119.5)","-22..24 (n=2, Median 1.0)",,,,,"107.69..107.72 (n=2, Median 107.705)",31 (n=2),64 (n=2),"-86.93..145.05 (n=2, Median 29.060000000000002)",,,,,,"90..149 (n=2, Median 119.5)"
P,24,32,32 (n=27),"20..32 (n=11, Median 32)",39 (n=16),22 (n=32),22 (n=16),"7..134 (n=27, Median 7)","17..296 (n=32, Median 127.0)","-41..36 (n=32, Median 0.0)",ja,,,,"79.81..117.77 (n=32, Median 108.03999999999999)","31..80 (n=32, Median 31.0)","64..308 (n=32, Median 86.5)","-262.55..293.93 (n=32, Median -1.54)",,,,,,"17..296 (n=32, Median 128.5)"
R,7,3,20 (n=3),"14..31 (n=3, Median 24)",,10 (n=3),,26 (n=2),"157..254 (n=3, Median 207)","-5..1 (n=3, Median -1)",,"52.0..116.0 (n=3, Median 92.0)","14..31 (n=3, Median 24)",,,,,,,,,,,"158..254 (n=3, Median 207)"
R,9,27,20 (n=26),"9..45 (n=8, Median 45.0)","32..45 (n=18, Median 34.5)",11 (n=27),11 (n=18),"14..143 (n=25, Median 18)","96..309 (n=27, Median 148)","-32..27 (n=27, Median 0)",ja,"32.0..176.0 (n=26, Median 147.22)","9..45 (n=26, Median 38.0)","0.75..30.0 (n=24, Median 24.0)",,,,,,,,,,"97..309 (n=27, Median 148)"
R,12,8,20 (n=8),"4..45 (n=8, Median 16.5)",,12 (n=8),,"26..29 (n=8, Median 26.0)","105..310 (n=8, Median 140.0)","-26..27 (n=8, Median 0.5)",,"12.0..176.0 (n=8, Median 61.385)","4..45 (n=8, Median 16.5)",7.25 (n=1),,,,,,,,,,"105..310 (n=8, Median 140.5)"
R,16,20,20 (n=20),"3..45 (n=18, Median 21.5)","27..45 (n=2, Median 36.0)",13 (n=20),13 (n=2),"14..71 (n=20, Median 26.0)","96..318 (n=20, Median 186.0)","-33..17 (n=20, Median -0.5)",ja,"8.0..176.0 (n=20, Median 88.0)","3..45 (n=20, Median 23.0)","3.08..75.23 (n=7, Median 29.38)",,,,,,,,,,"96..318 (n=20, Median 187.0)"
R,17,1,20 (n=1),,34 (n=1),14 (n=1),14 (n=1),14 (n=1),124 (n=1),-18 (n=1),ja,123.89 (n=1),34 (n=1),2.7 (n=1),,,,,,,,,,124 (n=1)
R,18,2,20 (n=2),45 (n=1),45 (n=1),14 (n=2),14 (n=1),"15..18 (n=2, Median 16.5)","189..294 (n=2, Median 241.5)","12..24 (n=2, Median 18.0)",ja,"172.39..176.0 (n=2, Median 174.195)",45 (n=2),"29.25..29.38 (n=2, Median 29.314999999999998)",,,,,,,,,,"189..294 (n=2, Median 241.5)"
R,19,4,20 (n=4),,"33..45 (n=4, Median 39.5)",15 (n=4),15 (n=4),"15..18 (n=4, Median 16.5)","125..209 (n=4, Median 152.0)","-9..8 (n=4, Median 4.0)",ja,"125.87..176.0 (n=4, Median 151.0)","33..45 (n=4, Median 39.5)","0.25..29.25 (n=4, Median 23.189999999999998)",,,,,,,,,,"125..209 (n=4, Median 152.0)"
R,20,66,20 (n=66),"3..45 (n=32, Median 39.5)","30..45 (n=34, Median 44.5)",15 (n=66),15 (n=34),"14..143 (n=64, Median 18.0)","107..319 (n=66, Median 176.0)","-25..31 (n=66, Median 1.0)",ja,"8.0..176.0 (n=66, Median 165.4)","3..45 (n=66, Median 43.5)","0.25..178.81 (n=55, Median 29.25)",,,,,,,,,,"108..319 (n=66, Median 176.0)"
R,21,5,20 (n=5),45 (n=2),"35..43 (n=3, Median 36)",16 (n=5),16 (n=3),"15..18 (n=5, Median 18)","134..255 (n=5, Median 166)","0..28 (n=5, Median 8)",ja,"133.7..176.0 (n=5, Median 166.0)","35..45 (n=5, Median 43)","0.25..29.38 (n=5, Median 24.38)",,,,,,,,,,"134..255 (n=5, Median 166)"
R,22,2,20 (n=2),,"33..45 (n=2, Median 39.0)",16 (n=2),16 (n=2),15 (n=2),"126..170 (n=2, Median 148.0)","0..7 (n=2, Median 3.5)",ja,"126.0..167.75 (n=2, Median 146.875)","33..45 (n=2, Median 39.0)",0.25 (n=2),,,,,,,,,,"126..170 (n=2, Median 148.0)"
R,23,2,20 (n=2),45 (n=1),45 (n=1),17 (n=2),17 (n=1),"15..143 (n=2, Median 79.0)","172..236 (n=2, Median 204.0)","7..17 (n=2, Median 12.0)",ja,"169.75..173.13 (n=2, Median 171.44)",45 (n=2),"0.25..29.38 (n=2, Median 14.815)",,,,,,,,,,"172..236 (n=2, Median 204.0)"
R,24,31,20 (n=31),"2..45 (n=21, Median 29)","33..45 (n=10, Median 45.0)",17 (n=31),17 (n=10),"14..100 (n=31, Median 26)","98..290 (n=31, Median 184)","-26..35 (n=31, Median 1)",ja,"4.0..176.0 (n=31, Median 128.0)","2..45 (n=31, Median 33)","0.25..178.81 (n=24, Median 29.25)",,,,,,,,,,"98..290 (n=31, Median 184)"
S,7,18,,,,7 (n=18),,,"75..80 (n=18, Median 78.0)","-1..1 (n=18, Median 0.0)",,,,,,,,,,,,,1 (n=18),"79..319 (n=18, Median 111.0)"
S,9,47,17 (n=34),,10 (n=34),8 (n=47),8 (n=34),"80..86 (n=34, Median 83.0)","75..80 (n=47, Median 78)","-1..3 (n=47, Median 0)",nein,,,,,,,,,,,,"1..3 (n=47, Median 3)","79..301 (n=47, Median 131)"
S,12,16,17 (n=1),1 (n=1),,9 (n=16),,54 (n=1),"72..80 (n=16, Median 78.0)","-1..2 (n=16, Median 0.0)",,,,,,,,,,,,,1 (n=16),"76..303 (n=16, Median 129.0)"
S,16,27,17 (n=2),,10 (n=2),10 (n=27),10 (n=2),"83..84 (n=2, Median 83.5)","73..80 (n=27, Median 78)","-1..3 (n=27, Median 0)",nein,,,,,,,,,,,,"1..3 (n=27, Median 1)","75..301 (n=27, Median 128)"
S,17,2,17 (n=2),,10 (n=2),10 (n=2),10 (n=2),"83..84 (n=2, Median 83.5)",79 (n=2),"-1..1 (n=2, Median 0.0)",nein,,,,,,,,,,,,3 (n=2),"157..171 (n=2, Median 164.0)"
S,18,2,17 (n=2),,10 (n=2),10 (n=2),10 (n=2),84 (n=2),"78..80 (n=2, Median 79.0)","-1..1 (n=2, Median 0.0)",nein,,,,,,,,,,,,3 (n=2),"138..156 (n=2, Median 147.0)"
S,20,44,17 (n=25),,10 (n=25),11 (n=44),11 (n=25),"80..86 (n=25, Median 83)","74..80 (n=44, Median 79.0)","-2..3 (n=44, Median 0.0)",nein,,,,,,,,,,,,"1..3 (n=44, Median 3.0)","63..307 (n=44, Median 141.5)"
S,22,1,17 (n=1),,10 (n=1),11 (n=1),11 (n=1),83 (n=1),78 (n=1),1 (n=1),nein,,,,,,,,,,,,3 (n=1),254 (n=1)
S,23,1,17 (n=1),,10 (n=1),11 (n=1),11 (n=1),82 (n=1),79 (n=1),0 (n=1),nein,,,,,,,,,,,,3 (n=1),173 (n=1)
S,24,26,17 (n=9),,10 (n=9),12 (n=26),12 (n=9),"79..86 (n=8, Median 82.5)","73..80 (n=26, Median 78.5)","-2..2 (n=26, Median 0.0)",nein,,,,,,,,,,,,"1..3 (n=26, Median 1.0)","76..291 (n=26, Median 131.0)"
S (2./3. Schwung),7,1,17 (n=1),,11 (n=1),10 (n=1),10 (n=1),9 (n=1),83 (n=1),0 (n=1),ja,,,,,,,,,,,,,83 (n=1)
S (2./3. Schwung),9,70,17 (n=70),,"10..11 (n=70, Median 11.0)","8..10 (n=70, Median 8.0)","8..10 (n=70, Median 8.0)","7..49 (n=70, Median 10.0)","77..83 (n=70, Median 78.0)","-1..3 (n=70, Median 0.0)",ja/nein,,,,,,,,,,,,,"83..301 (n=70, Median 132.0)"
S (2./3. Schwung),12,1,17 (n=1),,11 (n=1),10 (n=1),10 (n=1),9 (n=1),83 (n=1),0 (n=1),ja,,,,,,,,,,,,,83 (n=1)
S (2./3. Schwung),16,6,17 (n=6),,"10..11 (n=6, Median 11.0)",10 (n=6),10 (n=6),"8..46 (n=6, Median 9.5)","78..83 (n=6, Median 79.0)","0..3 (n=6, Median 0.0)",ja/nein,,,,,,,,,,,,,"83..131 (n=6, Median 115.0)"
S (2./3. Schwung),17,4,17 (n=4),,"10..11 (n=4, Median 10.5)",10 (n=4),10 (n=4),"10..48 (n=4, Median 28.5)",79 (n=4),"-1..1 (n=4, Median 0.0)",ja/nein,,,,,,,,,,,,,"157..171 (n=4, Median 164.0)"
S (2./3. Schwung),18,4,17 (n=4),,"10..11 (n=4, Median 10.5)",10 (n=4),10 (n=4),"9..48 (n=4, Median 28.5)","78..80 (n=4, Median 79.0)","-1..1 (n=4, Median 0.0)",ja/nein,,,,,,,,,,,,,"138..156 (n=4, Median 147.0)"
S (2./3. Schwung),20,52,17 (n=52),,"10..11 (n=52, Median 11.0)","10..11 (n=52, Median 11.0)","10..11 (n=52, Median 11.0)","7..49 (n=52, Median 10.0)","77..83 (n=52, Median 79.0)","-1..3 (n=52, Median 0.0)",ja/nein,,,,,,,,,,,,,"83..293 (n=52, Median 154.0)"
S (2./3. Schwung),22,2,17 (n=2),,"10..11 (n=2, Median 10.5)",11 (n=2),11 (n=2),"7..45 (n=2, Median 26.0)",78 (n=2),1 (n=2),ja/nein,,,,,,,,,,,,,254 (n=2)
S (2./3. Schwung),23,2,17 (n=2),,"10..11 (n=2, Median 10.5)",11 (n=2),11 (n=2),"9..45 (n=2, Median 27.0)",79 (n=2),0 (n=2),ja/nein,,,,,,,,,,,,,173 (n=2)
S (2./3. Schwung),24,19,17 (n=19),,"10..11 (n=19, Median 11)","10..12 (n=19, Median 12)","10..12 (n=19, Median 12)","7..48 (n=17, Median 10)","79..83 (n=19, Median 79)","-1..1 (n=19, Median 0)",ja/nein,,,,,,,,,,,,,"83..291 (n=19, Median 171)"
# E rhythmus: Angriffe je Lauf (A = Angriffsbeginn; Armschwung zaehlt einmal), Abstand A bis naechstes A, Pause Ende bis naechste Entscheidung, Wahl nach |dx| bei der Entscheidung (nah < 80, mittel 80-160, fern > 160)
lauf,info,frames,angriffe,je_1000,folge,anteile,abstand_min,abstand_median,abstand_max,pause_min,pause_median,pause_max,wahl_nach_abstand
boss_e_p9,passiv rang=9,8000,29,3.65,SPSSPPKSSSPRGRSSSRPPPSRPPRSPR,G:1 K:1 P:10 R:6 S:11,83,287.5,405,-209,166.0,314,"fern: G1,P6,R4,S4 | mittel: P4,R2,S7 | nah: K1"
boss_e_p9b,"passiv rang=9, zuerst 30 F hoch",8000,35,4.41,SRGRGRSPPRRRPPPPPPPRSSRRPRSSRGRPKSS,G:3 K:1 P:11 R:12 S:8,79,211.5,397,-209,120.5,232,"fern: G3,P3,R4,S2 | mittel: P8,R8,S6 | nah: K1"
boss_e_q9,passiv rang=9,8000,31,3.91,SSSRGGPRPSSPSSSSSSSRSPRRPSPRPSP,G:2 P:8 R:6 S:15,83,234.5,407,-168,128.0,235,"fern: G1,P5,R2,S10 | mittel: P3,R4,S5 | nah: G1"
boss_e_p20,passiv rang=20,8000,38,4.79,SSPRPRRRGPSRGRRSRSPRSRGPSRRPRRRRPRSPSS,G:3 P:8 R:17 S:10,80,215,317,-209,115,200,"fern: G3,P7,R13,S1 | mittel: P1,R4,S9"
boss_e_p20b,"passiv rang=20, zuerst 30 F hoch",8000,39,4.91,SPSSRRPPPPPPRRPPSRGPRSRPRRSPPPPRGRGSPPP,G:3 P:18 R:11 S:7,79,199.0,372,-209,105.0,260,"fern: G3,P10,R6,S5 | mittel: P6,R5,S2 | nah: P2"
boss_e_q20,passiv rang=20,8000,35,4.41,SRSRPRPRRPPRRRRRPRSRSPRSPSSPSRRPPPR,P:11 R:16 S:8,131,218.0,378,50,117.0,268,"fern: P9,R12,S6 | mittel: P2,R4,S2"
boss_e_pnat,"passiv, rang natuerlich",8000,35,4.41,SSPSRSRRPRSPRRPPSRGPPSPSRPSRGRSPRPR,G:2 P:11 R:12 S:10,80,227.0,334,-209,113.5,222,"fern: G2,P5,R8,S4 | mittel: P6,R4,S6"
boss_e_qnat,"passiv, rang natuerlich",8000,35,4.41,SRSRPRPRRPPRRRRRPRSRPSPRSRPRPSRRSRS,P:9 R:18 S:8,131,216.0,426,50,115.0,268,"fern: P5,R14,S6 | mittel: P4,R4,S2"
boss_b_bot_p7,bot rang=7,8000,22,2.77,SKSKPPSPPKPSPRKSKPKKSP,K:7 P:8 R:1 S:6,61,166,667,1,93,642,"fern: P2,S2 | mittel: P1,R1,S4 | nah: K7,P5"
boss_b_bot_q7,bot rang=7,8000,24,3.02,SSSSPSSKSSPSPPPSKRKSPSKR,K:4 P:6 R:2 S:12,72,176,303,1,105,248,"fern: R2,S1 | mittel: P1,S10 | nah: K4,P5,S1"
boss_b_bot_p9,bot rang=9,8000,22,2.77,SKSKPPSPPKPSPRKSKPKKSR,K:7 P:7 R:2 S:6,61,172,667,1,119,642,"fern: P2,S2 | mittel: P1,R2,S4 | nah: K7,P4"
boss_b_bot_q9,bot rang=9,8000,20,2.52,SSSPPKPPPSKSKRKSPPPS,K:4 P:8 R:1 S:7,57,178,432,2,114,363,"fern: S3 | mittel: P4,R1,S3 | nah: K4,P4,S1"
boss_b_bot_p12,bot rang=12,8000,30,3.78,SKSKPPSPPKRKSKRGSKPSPPSPPRKRKS,G:1 K:8 P:9 R:4 S:8,57,150,400,1,92,368,"fern: P1,R2,S3 | mittel: P3,R2,S4 | nah: G1,K8,P5,S1"
boss_b_bot_q12,bot rang=12,8000,26,3.28,SKSPSRKSSPPRKSKRKPRGPSPPSP,G:1 K:5 P:8 R:4 S:8,58,185,549,3,124,451,"fern: R1,S2 | mittel: P5,R3,S5 | nah: G1,K5,P3,S1"
boss_b_bot_p16,bot rang=16,8000,33,4.16,SKSKPPSPPKRKSKRGRSPRKRKSSSPPRKRSP,G:1 K:8 P:8 R:7 S:9,57,149.5,304,1,95.5,244,"fern: P1,R5,S2 | mittel: P2,R2,S6 | nah: G1,K8,P5,S1"
boss_b_bot_q16,bot rang=16,8000,31,3.91,SKSPSSPPPRGPSKRRSRKSSPRKKRKSGPS,G:2 K:6 P:7 R:6 S:10,28,159.5,585,1,88.5,514,"fern: P2,R2,S2 | mittel: P2,R4,S5 | nah: G2,K6,P3,S3"
boss_b_bot_p20,bot rang=20,8000,41,5.17,SKSKPPSPPRKRKRGRGRPRSPPRGRKSPKPPRKRPSRKRS,G:3 K:8 P:11 R:12 S:7,72,151.5,540,1,88.0,486,"fern: P3,R7,S1 | mittel: P1,R5,S6 | nah: G3,K8,P7"
boss_b_bot_q20,bot rang=20,8000,43,5.42,SKSPPRKSSKRGPRKRKPPSKRKRKSKSKPRKPPSSSSKPPKR,G:1 K:13 P:10 R:8 S:11,59,153.0,681,2,100.0,610,"fern: P6,R7,S4 | mittel: P2,R1,S5 | nah: G1,K13,P2,S2"
boss_b_bot_p24,bot rang=24,8000,35,4.41,SKSKPPSPPRKRKRGRGRPRSPPRKRSPRKRSPPP,G:2 K:6 P:11 R:10 S:6,74,148.5,540,2,83.5,486,"fern: P1,R7 | mittel: P4,R3,S6 | nah: G2,K6,P6"
boss_b_bot_q24,bot rang=24,8000,45,5.67,SKRKPSKRKSSRKPPPPSRKPRKRKSKRGPPSPPPSSSSPPRGRK,G:2 K:10 P:13 R:9 S:11,62,176.5,382,2,111.0,320,"fern: P3,R6,S4 | mittel: P7,R3,S6 | nah: G2,K10,P3,S1"
boss_b_bot_kette,"bot mit kettendruck nach 16 F, rang=16",8000,29,3.65,SGRKRKRKRRKPSPPPSPSKRSGRKSKKP,G:2 K:8 P:6 R:7 S:6,31,158.0,289,1,101.5,183,"fern: P2,R6,S5 | mittel: P3,R1,S1 | nah: G2,K8,P1"
# F wellen: neu belegte Gegnerslots (ohne die Arena-WOOKY in Frame 3) mit den LP des Bosses
lauf,info,frame,slot,typ,lp_typ,boss_lp_vorframe,boss_lp,boss_lp_min_4f,x,kamera,rang
boss_f_e55,blp=55,70,15,EDDY,38,110,55,55,2016,2048,16
boss_f_e55,blp=55,70,18,EDDY,38,110,55,55,2016,2048,16
boss_f_e54,blp=54,70,15,EDDY,38,110,54,54,2016,2048,16
boss_f_e54,blp=54,70,18,EDDY,38,110,54,54,2016,2048,16
boss_f_d29,"blp=30 dann 29, EDDY in 100 entfernt",60,15,EDDY,38,110,30,30,2016,2048,16
boss_f_d29,"blp=30 dann 29, EDDY in 100 entfernt",60,18,EDDY,38,110,30,30,2016,2048,16
boss_f_d28,"blp=30 dann 28, EDDY in 100 entfernt",60,15,EDDY,38,110,30,30,2016,2048,16
boss_f_d28,"blp=30 dann 28, EDDY in 100 entfernt",60,18,EDDY,38,110,30,30,2016,2048,16
boss_f_d27,"blp=30 dann 27, EDDY in 100 entfernt",60,15,EDDY,38,110,30,30,2016,2048,16
boss_f_d27,"blp=30 dann 27, EDDY in 100 entfernt",60,18,EDDY,38,110,30,30,2016,2048,16
boss_f_d27,"blp=30 dann 27, EDDY in 100 entfernt",120,14,DICK,24,30,27,27,2016,2048,16
boss_f_d27,"blp=30 dann 27, EDDY in 100 entfernt",160,13,DICK,24,27,27,27,2016,2048,16
boss_f_d26,"blp=30 dann 26, EDDY in 100 entfernt",60,15,EDDY,38,110,30,30,2016,2048,16
boss_f_d26,"blp=30 dann 26, EDDY in 100 entfernt",60,18,EDDY,38,110,30,30,2016,2048,16
boss_f_d26,"blp=30 dann 26, EDDY in 100 entfernt",120,14,DICK,24,30,26,26,2016,2048,16
boss_f_d26,"blp=30 dann 26, EDDY in 100 entfernt",160,13,DICK,24,26,26,26,2016,2048,16
boss_f_r9_e51,rang=9 blp=51,151,16,WOOKY,24,100,100,0,2016,2048,9
boss_f_r9_e51,rang=9 blp=51,151,17,WOOKY,24,100,100,0,2016,2048,9
boss_f_r9_e50,rang=9 blp=50,151,16,WOOKY,24,100,100,0,2016,2048,9
boss_f_r9_e50,rang=9 blp=50,151,17,WOOKY,24,100,100,0,2016,2048,9
boss_f_r9_e50,rang=9 blp=50,200,15,EDDY,34,100,50,50,2016,2048,9
boss_f_r9_e50,rang=9 blp=50,200,18,EDDY,34,100,50,50,2016,2048,9
boss_f_r9_d26,"rang=9 blp=30 dann 26, EDDY in 210 entfernt",151,16,WOOKY,24,100,100,0,2016,2048,9
boss_f_r9_d26,"rang=9 blp=30 dann 26, EDDY in 210 entfernt",151,17,WOOKY,24,100,100,0,2016,2048,9
boss_f_r9_d26,"rang=9 blp=30 dann 26, EDDY in 210 entfernt",200,15,EDDY,34,100,30,30,2016,2048,9
boss_f_r9_d26,"rang=9 blp=30 dann 26, EDDY in 210 entfernt",200,18,EDDY,34,100,30,30,2016,2048,9
boss_f_r9_d25,"rang=9 blp=30 dann 25, EDDY in 210 entfernt",151,16,WOOKY,24,100,100,0,2016,2048,9
boss_f_r9_d25,"rang=9 blp=30 dann 25, EDDY in 210 entfernt",151,17,WOOKY,24,100,100,0,2016,2048,9
boss_f_r9_d25,"rang=9 blp=30 dann 25, EDDY in 210 entfernt",200,15,EDDY,34,100,30,30,2016,2048,9
boss_f_r9_d25,"rang=9 blp=30 dann 25, EDDY in 210 entfernt",200,18,EDDY,34,100,30,30,2016,2048,9
boss_f_r9_d25,"rang=9 blp=30 dann 25, EDDY in 210 entfernt",220,14,DICK,20,30,25,25,2016,2048,9
boss_f_rueck1,"blp=59, stufe 1 (dauerhaft 56), stufe 2 zurueck (52)",84,15,EDDY,38,52,56,52,2016,2048,16
boss_f_rueck1,"blp=59, stufe 1 (dauerhaft 56), stufe 2 zurueck (52)",84,18,EDDY,38,52,56,52,2016,2048,16
boss_f_rueck2,"blp=57, erster treffer zurueck (54)",158,15,EDDY,38,54,57,54,2016,2048,16
boss_f_rueck2,"blp=57, erster treffer zurueck (54)",158,18,EDDY,38,54,57,54,2016,2048,16
boss_f_dick_alle,"blp 30 dann 27, alle leben (WOOKY, EDDY ausserhalb)",60,15,EDDY,38,110,30,30,2016,2048,16
boss_f_dick_alle,"blp 30 dann 27, alle leben (WOOKY, EDDY ausserhalb)",60,18,EDDY,38,110,30,30,2016,2048,16
boss_f_dick_ohne_eddy,"blp 30 dann 27, beide EDDY in 100 entfernt",60,15,EDDY,38,110,30,30,2016,2048,16
boss_f_dick_ohne_eddy,"blp 30 dann 27, beide EDDY in 100 entfernt",60,18,EDDY,38,110,30,30,2016,2048,16
boss_f_dick_ohne_eddy,"blp 30 dann 27, beide EDDY in 100 entfernt",120,14,DICK,24,30,27,27,2016,2048,16
boss_f_dick_ohne_eddy,"blp 30 dann 27, beide EDDY in 100 entfernt",160,13,DICK,24,27,27,27,2016,2048,16
boss_f_dick_ein_eddy,"blp 30 dann 27, ein EDDY (Slot 15) in 100 entfernt",60,15,EDDY,38,110,30,30,2016,2048,16
boss_f_dick_ein_eddy,"blp 30 dann 27, ein EDDY (Slot 15) in 100 entfernt",60,18,EDDY,38,110,30,30,2016,2048,16
boss_f_dick_ein_eddy,"blp 30 dann 27, ein EDDY (Slot 15) in 100 entfernt",120,14,DICK,24,30,27,27,2016,2048,16
boss_b_bot_p7,bot rang=7,2334,15,EDDY,32,53,53,53,2016,2048,7
boss_b_bot_p7,bot rang=7,2334,18,EDDY,32,53,53,53,2016,2048,7
boss_b_bot_q7,bot rang=7,1886,15,EDDY,32,53,56,53,2088,2120,7
boss_b_bot_q7,bot rang=7,1886,18,EDDY,32,53,56,53,2088,2120,7
boss_b_bot_p9,bot rang=9,2334,15,EDDY,34,53,53,53,2016,2048,9
boss_b_bot_p9,bot rang=9,2334,18,EDDY,34,53,53,53,2016,2048,9
boss_b_bot_q9,bot rang=9,2148,15,EDDY,34,53,53,53,2144,2176,9
boss_b_bot_q9,bot rang=9,2148,18,EDDY,34,53,53,53,2144,2176,9
boss_b_bot_p12,bot rang=12,2455,17,DICK,22,59,59,59,2144,2176,12
boss_b_bot_p12,bot rang=12,3064,16,EDDY,36,53,53,53,2035,2067,12
boss_b_bot_p12,bot rang=12,3064,18,EDDY,36,53,53,53,2035,2067,12
boss_b_bot_p12,bot rang=12,3974,15,DICK,22,26,26,26,2059,2091,12
boss_b_bot_q12,bot rang=12,3815,15,EDDY,36,53,53,53,2129,2161,12
boss_b_bot_q12,bot rang=12,3815,18,EDDY,36,53,53,53,2129,2161,12
boss_b_bot_p16,bot rang=16,2661,16,EDDY,38,53,56,53,2140,2172,16
boss_b_bot_p16,bot rang=16,2661,17,EDDY,38,53,56,53,2140,2172,16
boss_b_bot_p16,bot rang=16,4183,18,DICK,24,26,26,26,2016,2048,16
boss_b_bot_p16,bot rang=16,4223,15,DICK,24,26,26,26,2016,2048,16
boss_b_bot_q16,bot rang=16,2874,15,EDDY,38,53,53,53,2130,2162,16
boss_b_bot_q16,bot rang=16,2874,18,EDDY,38,53,53,53,2130,2162,16
boss_b_bot_p20,bot rang=20,2225,17,DICK,26,68,68,68,2144,2176,20
boss_b_bot_p20,bot rang=20,3058,16,EDDY,40,53,53,53,2144,2176,20
boss_b_bot_p20,bot rang=20,3058,17,EDDY,40,53,53,53,2144,2176,20
boss_b_bot_p20,bot rang=20,4016,18,DICK,26,26,29,26,2016,2048,20
boss_b_bot_p20,bot rang=20,4127,15,DICK,26,26,26,26,2016,2048,20
boss_b_bot_q20,bot rang=20,3712,15,EDDY,40,53,53,53,2144,2176,20
boss_b_bot_q20,bot rang=20,3712,18,EDDY,40,53,53,53,2144,2176,20
boss_b_bot_p24,bot rang=24,2225,17,DICK,28,68,68,68,2144,2176,24
boss_b_bot_p24,bot rang=24,3058,16,EDDY,42,53,53,53,2144,2176,24
boss_b_bot_p24,bot rang=24,3058,17,EDDY,42,53,53,53,2144,2176,24
boss_b_bot_p24,bot rang=24,4893,18,DICK,28,26,29,26,2144,2176,24
boss_b_bot_p24,bot rang=24,5004,15,DICK,28,23,23,23,2144,2176,24
boss_b_bot_q24,bot rang=24,4245,15,EDDY,42,53,56,53,2016,2048,24
boss_b_bot_q24,bot rang=24,4245,18,EDDY,42,53,56,53,2016,2048,24
boss_b_bot_kette,"bot mit kettendruck nach 16 F, rang=16",2357,15,EDDY,38,53,53,53,2016,2048,16
boss_b_bot_kette,"bot mit kettendruck nach 16 F, rang=16",2357,18,EDDY,38,53,53,53,2016,2048,16
# G fall: t = erster Frame mit LP <= 0 (LP = 0 ueberlebt der Boss); Angaben relativ zu t (siegerpose: Aktion 0x18 der Figur; schriftzug: erster Frame mit STAGE 1 CLEAR in den Aufnahmen, Schritt 2 Frames)
lauf,info,t,lp_t,lp_t+1,boss_wechsel,andere,attr_nach_t,figur_treffer_nach_t,siegerpose,schriftzug,schriftzug_nach_siegerpose,stagewechsel,slot_frei
boss_g_lp0,"blp=3, stufe 1 trifft (3)",66,0,0,0:3/00/00 1:3/00/02 27:1/00/00 28:1/06/04 35:1/06/06 43:1/06/08 55:1/00/00 92:1/04/00 102:1/00/00 142:1/04/00 154:1/00/00 187:1/06/00 188:1/06/02,,35:4c02 36:4c02 37:4c02 38:4c02 39:4c02 40:4c02 41:4c02 42:4c02 43:4c02 44:4c02 45:4c02,35:10,,,,,
boss_g_lp0b,blp=0 ohne Treffer,60,0,0,0:1/0a/04 2:1/00/00 52:1/06/00 53:1/06/02 97:1/06/04 114:1/06/06 122:1/06/08 134:1/06/04 151:1/06/06 159:1/06/08 171:1/06/04 188:1/06/06 196:1/06/08 209:1/00/00 329:1/06/00 330:1/06/02 350:1/06/04 395:1/06/06 412:1/06/08 413:2/00/00,,,114:10 151:10 188:10 472:18 785:18 1110:10,,,,,
boss_g_tod_s,"blp=2, stufe 1 (-1), uebrige Gegner frei",66,-1,-1,0:3/00/00 1:2/00/00 2:2/02/00 92:2/04/00 112:2/08/00 542:0/00/00,slot14:DICK:2:st0201/lp24 slot15:EDDY:2:st0201/lp38 slot16:WOOKY:2:st0201/lp28 slot17:WOOKY:2:st0201/lp28 slot18:EDDY:2:st0201/lp38,,,127,232,105,540,542
boss_g_tod_sp,"blp=2, spezial (-4), uebrige Gegner frei",85,-4,-4,0:3/12/00 1:2/00/00 3:2/02/00 79:2/04/00 513:0/00/00,slot14:DICK:3:st0201/lp24 slot15:EDDY:3:st0201/lp38 slot16:WOOKY:100:st0101/lp22 slot17:WOOKY:0:st0301/lp22 slot18:EDDY:3:st0201/lp38,,,98,203,105,511,513
boss_g_k5,"blp=1 in A des kurzen Schlags, Tod in A+5",75,-2,-2,0:3/00/00 1:2/00/00 3:2/02/00 93:2/04/00 113:2/08/00,slot14:DICK:3:st0200/lp24 slot15:EDDY:3:st0200/lp38 slot16:WOOKY:3:st0200/lp28 slot17:WOOKY:3:st0200/lp28 slot18:EDDY:3:st0200/lp38,,,128,,,,
boss_g_k7,"blp=1, Tod im ersten aktiven Frame A+7",77,-2,-2,0:3/00/00 1:2/00/00 3:2/02/00 93:2/04/00 113:2/08/00,slot14:DICK:3:st0200/lp24 slot15:EDDY:3:st0200/lp38 slot16:WOOKY:3:st0200/lp28 slot17:WOOKY:3:st0200/lp28 slot18:EDDY:3:st0200/lp38,0:4c02 1:4c02 2:4c02,,128,,,,
boss_g_s15,"blp=1, Tod im Armschwung A+15",172,-2,-2,0:3/00/00 1:2/00/00 2:2/02/00,slot14:DICK:2:st0200/lp24 slot15:EDDY:2:st0200/lp38 slot16:WOOKY:2:st0200/lp28 slot17:WOOKY:2:st0200/lp28 slot18:EDDY:2:st0200/lp38,,,,,,,
boss_g_s17,"blp=1, Tod im ersten aktiven Frame A+17",174,-2,-2,0:3/00/00 1:2/00/00 2:2/02/00,slot14:DICK:2:st0200/lp24 slot15:EDDY:2:st0200/lp38 slot16:WOOKY:2:st0200/lp28 slot17:WOOKY:2:st0200/lp28 slot18:EDDY:2:st0200/lp38,0:4002 1:4002,,,,,,
boss_b_bot_p7,bot rang=7,4224,-1,-1,0:2/0c/00 1:2/00/00 2:2/02/00 96:2/04/00 116:2/08/00 546:0/00/00,slot15:EDDY:2:st0200/lp32 slot16:WOOKY:2:st0200/lp22 slot17:WOOKY:2:st0200/lp22 slot18:EDDY:2:st0200/lp32,,,131,,,544,546
boss_b_bot_q7,bot rang=7,4291,-1,-1,0:3/00/00 1:2/00/00 2:2/02/00 92:2/04/00 112:2/08/00 542:0/00/00,slot15:EDDY:2:st0200/lp32 slot16:WOOKY:2:st0200/lp28 slot17:WOOKY:2:st0200/lp28 slot18:EDDY:2:st0200/lp32,0:4c0c 1:4c0c,,127,,,540,542
boss_b_bot_p9,bot rang=9,4328,-1,-1,0:3/00/00 1:2/00/00 2:2/02/00 92:2/04/00 112:2/08/00 542:0/00/00,slot15:EDDY:2:st0200/lp34 slot16:WOOKY:2:st0200/lp24 slot17:WOOKY:2:st0200/lp24 slot18:EDDY:2:st0200/lp34,,,127,,,540,542
boss_b_bot_q9,bot rang=9,4031,-1,-1,0:3/00/00 1:2/00/00 2:2/02/00 92:2/04/00 112:2/08/00 542:0/00/00,slot15:EDDY:2:st0200/lp34 slot16:WOOKY:2:st0200/lp28 slot17:WOOKY:2:st0200/lp28 slot18:EDDY:2:st0200/lp34,,,127,,,540,542
boss_b_bot_p12,bot rang=12,5021,-1,-1,0:3/00/00 1:2/00/00 3:2/02/00 93:2/04/00 113:2/08/00 543:0/00/00,slot15:DICK:3:st0200/lp22 slot16:EDDY:3:st0200/lp36 slot17:DICK:3:st0200/lp22 slot18:EDDY:3:st0200/lp36,,,128,,,541,543
boss_b_bot_q12,bot rang=12,4863,-1,-1,0:2/0c/00 1:2/00/00 2:2/02/00 104:2/04/00 124:2/08/00 554:0/00/00,slot15:EDDY:2:st0200/lp36 slot16:WOOKY:2:st0200/lp28 slot17:WOOKY:2:st0200/lp28 slot18:EDDY:2:st0200/lp36,,,139,,,552,554
boss_b_bot_p16,bot rang=16,5382,-1,-1,0:3/00/00 1:2/00/00 2:2/02/00 18:2/06/00 30:2/08/00 470:0/00/00,slot15:DICK:2:st0200/lp24 slot16:EDDY:2:st0200/lp38 slot17:EDDY:2:st0200/lp38 slot18:DICK:2:st0200/lp24,,,55,,,468,470
boss_b_bot_q16,bot rang=16,5698,-1,-1,0:3/00/00 1:2/00/00 3:2/02/00 93:2/04/00 113:2/08/00 545:0/00/00,slot15:EDDY:3:st0200/lp38 slot16:WOOKY:3:st0200/lp28 slot17:WOOKY:3:st0200/lp28 slot18:EDDY:3:st0200/lp38,,,128,,,543,545
boss_b_bot_p20,bot rang=20,6743,-1,-1,0:3/00/00 1:2/00/00 3:2/02/00 93:2/04/00 113:2/08/00 548:0/00/00,slot15:DICK:3:st0200/lp26 slot16:EDDY:3:st0200/lp40 slot17:EDDY:3:st0200/lp40 slot18:DICK:3:st0200/lp26,,,128,,,546,548
boss_b_bot_q20,bot rang=20,7020,-1,-1,0:3/00/00 1:2/00/00 3:2/02/00 93:2/04/00 113:2/08/00 543:0/00/00,slot15:EDDY:3:st0200/lp40 slot16:WOOKY:3:st0200/lp28 slot17:WOOKY:3:st0200/lp28 slot18:EDDY:3:st0200/lp40,0:4c0c 1:4c0c 2:4c0c,,128,,,541,543
boss_b_bot_p24,bot rang=24,6291,-1,-1,0:3/00/00 1:2/00/00 3:2/02/00 93:2/04/00 113:2/08/00 583:0/00/00,slot15:DICK:3:st0200/lp28 slot16:EDDY:3:st0200/lp42 slot17:EDDY:3:st0200/lp42 slot18:DICK:3:st0200/lp28,,,128,,,581,583
boss_b_bot_kette,"bot mit kettendruck nach 16 F, rang=16",4652,-1,-1,0:3/04/00 1:2/00/00 2:2/02/00 20:2/06/00 36:2/08/00 476:0/00/00,slot15:EDDY:2:st0200/lp38 slot16:WOOKY:2:st0200/lp28 slot17:WOOKY:2:st0200/lp28 slot18:EDDY:2:st0200/lp38,,,61,,,474,476
# M treffer: Ketten (Rang 20 und 16), Sprung- und Sprintangriffe (Rang 20) ab boss_q_m; ergebnis zurueck = LP in h+1 auf den Wert vor dem Treffer, teilweise = nur ein Teil (Aktion 0x1E); weg_bis_G bzw. G-1 = Flugweite vom Trefferort bis zum Frame G bzw. G-1
lauf,info,h,figur,stufe,schaden,ergebnis,lp_zurueck,rang,richtung,boss_vorher,reaktion_h1,reaktion,frei_ab,reaktion_dauer,weg_bis_G,weg_bis_G-1
boss_m_k20_0,art=kette4 rang=20 versatz=0,14,Schlag,1,3,dauerhaft,,20,vorn,1/06/04/04a97e,3/00,Zucken,72,,48.0,48.0
boss_m_k20_0,art=kette4 rang=20 versatz=0,31,Schlag,2,4,zurueck,107,20,vorn,3/00/02/04b03e,3/08,Rueckzug,55,55,48.0,48.0
boss_m_k20_1,art=kette4 rang=20 versatz=1,19,Schlag,1,3,dauerhaft,,20,vorn,1/06/04/04a97e,3/00,Zucken,72,,48.0,48.0
boss_m_k20_1,art=kette4 rang=20 versatz=1,36,Schlag,2,4,zurueck,107,20,vorn,3/00/02/04b03e,3/08,Rueckzug,55,55,48.0,48.0
boss_m_k20_2,art=kette4 rang=20 versatz=2,24,Schlag,1,3,dauerhaft,,20,vorn,1/06/04/04a97e,3/00,Zucken,72,,48.0,48.0
boss_m_k20_2,art=kette4 rang=20 versatz=2,41,Schlag,2,4,zurueck,107,20,vorn,3/00/02/04b03e,3/08,Rueckzug,55,55,48.0,48.0
boss_m_k20_3,art=kette4 rang=20 versatz=3,29,Schlag,1,3,dauerhaft,,20,vorn,1/06/04/04a97e,3/00,Zucken,32,,0.0,0.0
boss_m_k20_3,art=kette4 rang=20 versatz=3,46,Schlag,2,4,dauerhaft,,20,vorn,3/00/02/04b03e,3/04,Zucken (Aktion 4),15,15,0.0,0.0
boss_m_k20_3,art=kette4 rang=20 versatz=3,64,Schlag,3,5,dauerhaft,,20,vorn,1/06/04/04a97e,3/00,Zucken,72,,48.0,48.0
boss_m_k20_3,art=kette4 rang=20 versatz=3,81,Schlag,4,10,zurueck,98,20,vorn,3/00/02/04b03e,3/08,Rueckzug,55,55,48.0,48.0
boss_m_k20_4,art=kette4 rang=20 versatz=4,34,Schlag,1,3,dauerhaft,,20,vorn,1/06/04/04a97e,3/00,Zucken,32,,0.0,0.0
boss_m_k20_4,art=kette4 rang=20 versatz=4,51,Schlag,2,4,dauerhaft,,20,vorn,3/00/02/04b03e,3/04,Zucken (Aktion 4),15,15,0.0,0.0
boss_m_k20_4,art=kette4 rang=20 versatz=4,69,Schlag,3,5,dauerhaft,,20,vorn,1/06/04/04a97e,3/00,Zucken,72,,48.0,48.0
boss_m_k20_4,art=kette4 rang=20 versatz=4,86,Schlag,4,10,zurueck,98,20,vorn,3/00/02/04b03e,3/08,Rueckzug,55,55,48.0,48.0
boss_m_k20_5,art=kette4 rang=20 versatz=5,39,Schlag,1,3,dauerhaft,,20,vorn,1/06/04/04a97e,3/00,Zucken,32,,0.0,0.0
boss_m_k20_5,art=kette4 rang=20 versatz=5,56,Schlag,2,4,dauerhaft,,20,vorn,3/00/02/04b03e,3/04,Zucken (Aktion 4),15,15,0.0,0.0
boss_m_k20_5,art=kette4 rang=20 versatz=5,74,Schlag,3,5,dauerhaft,,20,vorn,1/06/04/04a97e,3/00,Zucken,63,,109.25,106.38
boss_m_k20_5,art=kette4 rang=20 versatz=5,91,Schlag,4,10,teilweise,93,20,vorn,3/00/02/04b03e,2/1e,abgefangen (Aktion 1E),46,46,109.25,106.38
boss_m_k20_6,art=kette4 rang=20 versatz=6,44,Schlag,1,3,dauerhaft,,20,vorn,1/06/04/04a97e,3/00,Zucken,32,,0.0,0.0
boss_m_k20_6,art=kette4 rang=20 versatz=6,61,Schlag,2,4,dauerhaft,,20,vorn,3/00/02/04b03e,3/04,Zucken (Aktion 4),15,15,0.0,0.0
boss_m_k20_6,art=kette4 rang=20 versatz=6,79,Schlag,3,5,zurueck,103,20,vorn,1/06/04/04a97e,3/08,Rueckzug,55,55,48.0,48.0
boss_m_k20_7,art=kette4 rang=20 versatz=7,49,Schlag,1,3,zurueck,110,20,vorn,1/06/04/04a97e,3/08,Rueckzug,55,55,48.0,48.0
boss_m_k20_8,art=kette4 rang=20 versatz=8,54,Schlag,1,3,dauerhaft,,20,vorn,1/06/02/049efa,3/00,Zucken,32,,0.0,0.0
boss_m_k20_8,art=kette4 rang=20 versatz=8,71,Schlag,2,4,dauerhaft,,20,vorn,3/00/02/04b03e,3/04,Zucken (Aktion 4),15,15,0.0,0.0
boss_m_k20_8,art=kette4 rang=20 versatz=8,89,Schlag,3,5,dauerhaft,,20,vorn,1/00/00/049efa,3/00,Zucken,134,,127.25,127.25
boss_m_k20_8,art=kette4 rang=20 versatz=8,106,Schlag,4,10,dauerhaft,,20,vorn,3/00/02/04b03e,2/0c,umgeworfen (Aktion 0C),117,117,127.25,127.25
boss_m_k20_9,art=kette4 rang=20 versatz=9,59,Schlag,1,3,dauerhaft,,20,vorn,1/06/02/049f48,3/00,Zucken,32,,0.0,0.0
boss_m_k20_9,art=kette4 rang=20 versatz=9,76,Schlag,2,4,dauerhaft,,20,vorn,3/00/02/04b03e,3/04,Zucken (Aktion 4),15,15,0.0,0.0
boss_m_k20_9,art=kette4 rang=20 versatz=9,94,Schlag,3,5,dauerhaft,,20,vorn,1/00/00/049efa,3/00,Zucken,134,,127.25,127.25
boss_m_k20_9,art=kette4 rang=20 versatz=9,111,Schlag,4,10,dauerhaft,,20,vorn,3/00/02/04b03e,2/0c,umgeworfen (Aktion 0C),117,117,127.25,127.25
boss_m_k20_10,art=kette4 rang=20 versatz=10,64,Schlag,1,3,dauerhaft,,20,vorn,1/06/02/049f48,3/00,Zucken,32,,0.0,0.0
boss_m_k20_10,art=kette4 rang=20 versatz=10,81,Schlag,2,4,dauerhaft,,20,vorn,3/00/02/04b03e,3/04,Zucken (Aktion 4),15,15,0.0,0.0
boss_m_k20_10,art=kette4 rang=20 versatz=10,99,Schlag,3,5,dauerhaft,,20,vorn,1/00/00/049efa,3/00,Zucken,134,,127.25,127.25
boss_m_k20_10,art=kette4 rang=20 versatz=10,116,Schlag,4,10,dauerhaft,,20,vorn,3/00/02/04b03e,2/0c,umgeworfen (Aktion 0C),117,117,127.25,127.25
boss_m_k20_11,art=kette4 rang=20 versatz=11,69,Schlag,1,3,dauerhaft,,20,vorn,1/06/02/049f92,3/00,Zucken,72,,48.0,48.0
boss_m_k20_11,art=kette4 rang=20 versatz=11,86,Schlag,2,4,zurueck,107,20,vorn,3/00/02/04b03e,3/08,Rueckzug,55,55,48.0,48.0
boss_m_k20_12,art=kette4 rang=20 versatz=12,74,Schlag,1,3,dauerhaft,,20,vorn,1/06/02/049fd6,3/00,Zucken,32,,0.0,0.0
boss_m_k20_12,art=kette4 rang=20 versatz=12,91,Schlag,2,4,dauerhaft,,20,vorn,3/00/02/04b03e,3/04,Zucken (Aktion 4),15,15,0.0,0.0
boss_m_k20_12,art=kette4 rang=20 versatz=12,109,Schlag,3,5,dauerhaft,,20,vorn,1/00/00/049efa,3/00,Zucken,118,,127.25,127.25
boss_m_k20_12,art=kette4 rang=20 versatz=12,126,Schlag,4,10,dauerhaft,,20,vorn,3/00/02/04b03e,2/0c,umgeworfen (Aktion 0C),101,101,127.25,127.25
boss_m_k20_13,art=kette4 rang=20 versatz=13,79,Schlag,1,3,dauerhaft,,20,vorn,1/06/02/049fd6,3/00,Zucken,32,,0.0,0.0
boss_m_k20_13,art=kette4 rang=20 versatz=13,96,Schlag,2,4,dauerhaft,,20,vorn,3/00/02/04b03e,3/04,Zucken (Aktion 4),15,15,0.0,0.0
boss_m_k20_13,art=kette4 rang=20 versatz=13,114,Schlag,3,5,dauerhaft,,20,vorn,1/00/00/049efa,3/00,Zucken,118,,127.25,127.25
boss_m_k20_13,art=kette4 rang=20 versatz=13,131,Schlag,4,10,dauerhaft,,20,vorn,3/00/02/04b03e,2/0c,umgeworfen (Aktion 0C),101,101,127.25,127.25
boss_m_k20_14,art=kette4 rang=20 versatz=14,84,Schlag,1,3,dauerhaft,,20,vorn,1/06/02/04a022,3/00,Zucken,32,,0.0,0.0
boss_m_k20_14,art=kette4 rang=20 versatz=14,101,Schlag,2,4,dauerhaft,,20,vorn,3/00/02/04b03e,3/04,Zucken (Aktion 4),15,15,0.0,0.0
boss_m_k20_14,art=kette4 rang=20 versatz=14,119,Schlag,3,5,dauerhaft,,20,vorn,1/00/00/049efa,3/00,Zucken,118,,127.25,127.25
boss_m_k20_14,art=kette4 rang=20 versatz=14,136,Schlag,4,10,dauerhaft,,20,vorn,3/00/02/04b03e,2/0c,umgeworfen (Aktion 0C),101,101,127.25,127.25
boss_m_k20_15,art=kette4 rang=20 versatz=15,89,Schlag,1,3,dauerhaft,,20,vorn,1/06/02/04a022,3/00,Zucken,72,,48.0,48.0
boss_m_k20_15,art=kette4 rang=20 versatz=15,106,Schlag,2,4,zurueck,107,20,vorn,3/00/02/04b03e,3/08,Rueckzug,55,55,48.0,48.0
boss_m_k20_16,art=kette4 rang=20 versatz=16,94,Schlag,1,3,dauerhaft,,20,vorn,1/06/04/04a97e,3/00,Zucken,32,,0.0,0.0
boss_m_k20_16,art=kette4 rang=20 versatz=16,111,Schlag,2,4,dauerhaft,,20,vorn,3/00/02/04b03e,3/04,Zucken (Aktion 4),15,15,0.0,0.0
boss_m_k20_16,art=kette4 rang=20 versatz=16,129,Schlag,3,5,zurueck,103,20,vorn,1/06/04/04a97e,3/08,Rueckzug,55,55,48.0,48.0
boss_m_k20_17,art=kette4 rang=20 versatz=17,99,Schlag,1,3,zurueck,110,20,vorn,1/06/02/049efa,3/08,Rueckzug,55,55,48.0,48.0
boss_m_k20_18,art=kette4 rang=20 versatz=18,104,Schlag,1,3,zurueck,110,20,vorn,1/06/02/049efa,3/08,Rueckzug,55,55,48.0,48.0
boss_m_k20_19,art=kette4 rang=20 versatz=19,109,Schlag,1,3,dauerhaft,,20,vorn,1/06/02/049f48,3/00,Zucken,32,,0.0,0.0
boss_m_k20_19,art=kette4 rang=20 versatz=19,126,Schlag,2,4,dauerhaft,,20,vorn,3/00/02/04b03e,3/04,Zucken (Aktion 4),15,15,0.0,0.0
boss_m_k20_19,art=kette4 rang=20 versatz=19,144,Schlag,3,5,dauerhaft,,20,vorn,1/00/00/049efa,3/00,Zucken,72,,48.0,48.0
boss_m_k20_19,art=kette4 rang=20 versatz=19,161,Schlag,4,10,zurueck,98,20,vorn,3/00/02/04b03e,3/08,Rueckzug,55,55,48.0,48.0
boss_m_k20_20,art=kette4 rang=20 versatz=20,114,Schlag,1,3,dauerhaft,,20,vorn,1/06/04/04a6ca,3/00,Zucken,32,,0.0,0.0
boss_m_k20_20,art=kette4 rang=20 versatz=20,131,Schlag,2,4,dauerhaft,,20,vorn,3/00/02/04b03e,3/04,Zucken (Aktion 4),15,15,0.0,0.0
boss_m_k20_20,art=kette4 rang=20 versatz=20,149,Schlag,3,5,dauerhaft,,20,vorn,1/00/00/049efa,3/00,Zucken,72,,48.0,48.0
boss_m_k20_20,art=kette4 rang=20 versatz=20,166,Schlag,4,10,zurueck,98,20,vorn,3/00/02/04b03e,3/08,Rueckzug,55,55,48.0,48.0
boss_m_k20_21,art=kette4 rang=20 versatz=21,119,Schlag,1,3,dauerhaft,,20,vorn,1/06/04/04a71e,3/00,Zucken,32,,0.0,0.0
boss_m_k20_21,art=kette4 rang=20 versatz=21,136,Schlag,2,4,dauerhaft,,20,vorn,3/00/02/04b03e,3/04,Zucken (Aktion 4),15,15,0.0,0.0
boss_m_k20_21,art=kette4 rang=20 versatz=21,154,Schlag,3,5,dauerhaft,,20,vorn,1/00/00/049efa,3/00,Zucken,126,,127.25,127.25
boss_m_k20_21,art=kette4 rang=20 versatz=21,171,Schlag,4,10,dauerhaft,,20,vorn,3/00/02/04b03e,2/0c,umgeworfen (Aktion 0C),109,109,127.25,127.25
boss_m_k20_22,art=kette4 rang=20 versatz=22,124,Schlag,1,3,dauerhaft,,20,vorn,1/06/04/04a7c2,3/00,Zucken,32,,0.0,0.0
boss_m_k20_22,art=kette4 rang=20 versatz=22,141,Schlag,2,4,dauerhaft,,20,vorn,3/00/02/04b03e,3/04,Zucken (Aktion 4),15,15,0.0,0.0
boss_m_k20_22,art=kette4 rang=20 versatz=22,159,Schlag,3,5,dauerhaft,,20,vorn,1/00/00/049efa,3/00,Zucken,126,,127.25,127.25
boss_m_k20_22,art=kette4 rang=20 versatz=22,176,Schlag,4,10,dauerhaft,,20,vorn,3/00/02/04b03e,2/0c,umgeworfen (Aktion 0C),109,109,127.25,127.25
boss_m_k20_23,art=kette4 rang=20 versatz=23,162,Schlag,1,3,dauerhaft,,20,vorn,1/06/04/04a7c2,3/00,Zucken,34,,0.0,0.0
boss_m_k20_23,art=kette4 rang=20 versatz=23,181,Schlag,2,4,dauerhaft,,20,vorn,3/00/02/04b03e,3/04,Zucken (Aktion 4),15,15,0.0,0.0
boss_m_k16_0,art=kette4 rang=16 versatz=0,16,Schlag,1,3,dauerhaft,,16,vorn,1/06/04/04a97e,3/00,Zucken,72,,48.0,48.0
boss_m_k16_0,art=kette4 rang=16 versatz=0,33,Schlag,2,4,zurueck,107,16,vorn,3/00/02/04b03e,3/08,Rueckzug,55,55,48.0,48.0
boss_m_k16_1,art=kette4 rang=16 versatz=1,23,Schlag,1,3,dauerhaft,,16,vorn,1/06/04/04a97e,3/00,Zucken,72,,48.0,48.0
boss_m_k16_1,art=kette4 rang=16 versatz=1,40,Schlag,2,4,zurueck,107,16,vorn,3/00/02/04b03e,3/08,Rueckzug,55,55,48.0,48.0
boss_m_k16_2,art=kette4 rang=16 versatz=2,30,Schlag,1,3,dauerhaft,,16,vorn,1/06/04/04a97e,3/00,Zucken,32,,0.0,0.0
boss_m_k16_2,art=kette4 rang=16 versatz=2,47,Schlag,2,4,dauerhaft,,16,vorn,3/00/02/04b03e,3/04,Zucken (Aktion 4),15,15,0.0,0.0
boss_m_k16_2,art=kette4 rang=16 versatz=2,65,Schlag,3,5,dauerhaft,,16,vorn,1/06/04/04a97e,3/00,Zucken,72,,48.0,48.0
boss_m_k16_2,art=kette4 rang=16 versatz=2,82,Schlag,4,10,zurueck,98,16,vorn,3/00/02/04b03e,3/08,Rueckzug,55,55,48.0,48.0
boss_m_k16_3,art=kette4 rang=16 versatz=3,37,Schlag,1,3,dauerhaft,,16,vorn,1/06/04/04a97e,3/00,Zucken,32,,0.0,0.0
boss_m_k16_3,art=kette4 rang=16 versatz=3,54,Schlag,2,4,dauerhaft,,16,vorn,3/00/02/04b03e,3/04,Zucken (Aktion 4),15,15,0.0,0.0
boss_m_k16_3,art=kette4 rang=16 versatz=3,72,Schlag,3,5,dauerhaft,,16,vorn,1/06/04/04a97e,3/00,Zucken,63,,109.25,106.38
boss_m_k16_3,art=kette4 rang=16 versatz=3,89,Schlag,4,10,teilweise,93,16,vorn,3/00/02/04b03e,2/1e,abgefangen (Aktion 1E),46,46,109.25,106.38
boss_m_k16_4,art=kette4 rang=16 versatz=4,44,Schlag,1,3,dauerhaft,,16,vorn,1/06/04/04a97e,3/00,Zucken,32,,0.0,0.0
boss_m_k16_4,art=kette4 rang=16 versatz=4,61,Schlag,2,4,dauerhaft,,16,vorn,3/00/02/04b03e,3/04,Zucken (Aktion 4),15,15,0.0,0.0
boss_m_k16_4,art=kette4 rang=16 versatz=4,79,Schlag,3,5,zurueck,103,16,vorn,1/06/04/04a97e,3/08,Rueckzug,55,55,48.0,48.0
boss_m_k16_5,art=kette4 rang=16 versatz=5,51,Schlag,1,3,dauerhaft,,16,vorn,1/06/04/04a97e,3/00,Zucken,32,,0.0,0.0
boss_m_k16_5,art=kette4 rang=16 versatz=5,68,Schlag,2,4,dauerhaft,,16,vorn,3/00/02/04b03e,3/04,Zucken (Aktion 4),15,15,0.0,0.0
boss_m_k16_5,art=kette4 rang=16 versatz=5,86,Schlag,3,5,dauerhaft,,16,vorn,1/06/04/04a97e,3/00,Zucken,72,,48.0,48.0
boss_m_k16_5,art=kette4 rang=16 versatz=5,103,Schlag,4,10,zurueck,98,16,vorn,3/00/02/04b03e,3/08,Rueckzug,55,55,48.0,48.0
boss_m_k16_6,art=kette4 rang=16 versatz=6,58,Schlag,1,3,dauerhaft,,16,vorn,1/06/02/049f48,3/00,Zucken,32,,0.0,0.0
boss_m_k16_6,art=kette4 rang=16 versatz=6,75,Schlag,2,4,dauerhaft,,16,vorn,3/00/02/04b03e,3/04,Zucken (Aktion 4),15,15,0.0,0.0
boss_m_k16_6,art=kette4 rang=16 versatz=6,93,Schlag,3,5,dauerhaft,,16,vorn,1/00/00/049efa,3/00,Zucken,134,,127.25,127.25
boss_m_k16_6,art=kette4 rang=16 versatz=6,110,Schlag,4,10,dauerhaft,,16,vorn,3/00/02/04b03e,2/0c,umgeworfen (Aktion 0C),117,117,127.25,127.25
boss_m_k16_7,art=kette4 rang=16 versatz=7,65,Schlag,1,3,dauerhaft,,16,vorn,1/06/02/049f48,3/00,Zucken,32,,0.0,0.0
boss_m_k16_7,art=kette4 rang=16 versatz=7,82,Schlag,2,4,dauerhaft,,16,vorn,3/00/02/04b03e,3/04,Zucken (Aktion 4),15,15,0.0,0.0
boss_m_k16_7,art=kette4 rang=16 versatz=7,100,Schlag,3,5,dauerhaft,,16,vorn,1/00/00/049efa,3/00,Zucken,134,,127.25,127.25
boss_m_k16_7,art=kette4 rang=16 versatz=7,117,Schlag,4,10,dauerhaft,,16,vorn,3/00/02/04b03e,2/0c,umgeworfen (Aktion 0C),117,117,127.25,127.25
boss_m_k16_8,art=kette4 rang=16 versatz=8,72,Schlag,1,3,dauerhaft,,16,vorn,1/06/02/049f92,3/00,Zucken,32,,0.0,0.0
boss_m_k16_8,art=kette4 rang=16 versatz=8,89,Schlag,2,4,dauerhaft,,16,vorn,3/00/02/04b03e,3/04,Zucken (Aktion 4),15,15,0.0,0.0
boss_m_k16_8,art=kette4 rang=16 versatz=8,107,Schlag,3,5,dauerhaft,,16,vorn,1/00/00/049efa,3/00,Zucken,118,,127.25,127.25
boss_m_k16_8,art=kette4 rang=16 versatz=8,124,Schlag,4,10,dauerhaft,,16,vorn,3/00/02/04b03e,2/0c,umgeworfen (Aktion 0C),101,101,127.25,127.25
boss_m_k16_9,art=kette4 rang=16 versatz=9,79,Schlag,1,3,dauerhaft,,16,vorn,1/06/02/049fd6,3/00,Zucken,32,,0.0,0.0
boss_m_k16_9,art=kette4 rang=16 versatz=9,96,Schlag,2,4,dauerhaft,,16,vorn,3/00/02/04b03e,3/04,Zucken (Aktion 4),15,15,0.0,0.0
boss_m_k16_9,art=kette4 rang=16 versatz=9,114,Schlag,3,5,dauerhaft,,16,vorn,1/00/00/049efa,3/00,Zucken,118,,127.25,127.25
boss_m_k16_9,art=kette4 rang=16 versatz=9,131,Schlag,4,10,dauerhaft,,16,vorn,3/00/02/04b03e,2/0c,umgeworfen (Aktion 0C),101,101,127.25,127.25
boss_m_k16_10,art=kette4 rang=16 versatz=10,86,Schlag,1,3,dauerhaft,,16,vorn,1/06/02/04a022,3/00,Zucken,32,,0.0,0.0
boss_m_k16_10,art=kette4 rang=16 versatz=10,103,Schlag,2,4,dauerhaft,,16,vorn,3/00/02/04b03e,3/04,Zucken (Aktion 4),15,15,0.0,0.0
boss_m_k16_10,art=kette4 rang=16 versatz=10,121,Schlag,3,5,dauerhaft,,16,vorn,1/00/00/049efa,3/00,Zucken,118,,127.25,127.25
boss_m_k16_10,art=kette4 rang=16 versatz=10,138,Schlag,4,10,dauerhaft,,16,vorn,3/00/02/04b03e,2/0c,umgeworfen (Aktion 0C),101,101,127.25,127.25
boss_m_k16_11,art=kette4 rang=16 versatz=11,93,Schlag,1,3,dauerhaft,,16,vorn,1/06/02/04a06a,3/00,Zucken,32,,0.0,0.0
boss_m_k16_11,art=kette4 rang=16 versatz=11,110,Schlag,2,4,dauerhaft,,16,vorn,3/00/02/04b03e,3/04,Zucken (Aktion 4),15,15,0.0,0.0
boss_m_k16_11,art=kette4 rang=16 versatz=11,128,Schlag,3,5,dauerhaft,,16,vorn,1/00/00/049efa,3/00,Zucken,72,,48.0,48.0
boss_m_k16_11,art=kette4 rang=16 versatz=11,145,Schlag,4,10,zurueck,98,16,vorn,3/00/02/04b03e,3/08,Rueckzug,55,55,48.0,48.0
boss_m_k16_12,art=kette4 rang=16 versatz=12,100,Schlag,1,3,zurueck,110,16,vorn,1/06/02/049efa,3/08,Rueckzug,55,55,48.0,48.0
boss_m_k16_13,art=kette4 rang=16 versatz=13,107,Schlag,1,3,zurueck,110,16,vorn,1/06/02/049f48,3/08,Rueckzug,55,55,48.0,48.0
boss_m_k16_14,art=kette4 rang=16 versatz=14,114,Schlag,1,3,dauerhaft,,16,vorn,1/06/04/04a6ca,3/00,Zucken,32,,0.0,0.0
boss_m_k16_14,art=kette4 rang=16 versatz=14,131,Schlag,2,4,dauerhaft,,16,vorn,3/00/02/04b03e,3/04,Zucken (Aktion 4),15,15,0.0,0.0
boss_m_k16_14,art=kette4 rang=16 versatz=14,149,Schlag,3,5,dauerhaft,,16,vorn,1/00/00/049efa,3/00,Zucken,126,,127.25,127.25
boss_m_k16_14,art=kette4 rang=16 versatz=14,166,Schlag,4,10,dauerhaft,,16,vorn,3/00/02/04b03e,2/0c,umgeworfen (Aktion 0C),109,109,127.25,127.25
boss_m_k16_15,art=kette4 rang=16 versatz=15,121,Schlag,1,3,dauerhaft,,16,vorn,1/06/04/04a772,3/00,Zucken,32,,0.0,0.0
boss_m_k16_15,art=kette4 rang=16 versatz=15,138,Schlag,2,4,dauerhaft,,16,vorn,3/00/02/04b03e,3/04,Zucken (Aktion 4),15,15,0.0,0.0
boss_m_k16_15,art=kette4 rang=16 versatz=15,156,Schlag,3,5,dauerhaft,,16,vorn,1/00/00/049efa,3/00,Zucken,126,,127.25,127.25
boss_m_k16_15,art=kette4 rang=16 versatz=15,173,Schlag,4,10,dauerhaft,,16,vorn,3/00/02/04b03e,2/0c,umgeworfen (Aktion 0C),109,109,127.25,127.25
boss_m_sprn20_0,art=sprn rang=20 versatz=0,17,Sprungangriff,2,7,dauerhaft,,20,vorn,1/00/00/049f48,2/0c,umgeworfen (Aktion 0C),105,105,127.25,127.25
boss_m_sprn20_1,art=sprn rang=20 versatz=1,22,Sprungangriff,2,7,dauerhaft,,20,vorn,1/00/00/049f92,2/0c,umgeworfen (Aktion 0C),105,105,127.25,127.25
boss_m_sprn20_2,art=sprn rang=20 versatz=2,27,Sprungangriff,2,7,dauerhaft,,20,vorn,1/00/00/049fd6,2/0c,umgeworfen (Aktion 0C),113,113,127.25,127.25
boss_m_sprn20_3,art=sprn rang=20 versatz=3,32,Sprungangriff,2,7,dauerhaft,,20,vorn,1/00/00/049fd6,2/0c,umgeworfen (Aktion 0C),113,113,127.25,127.25
boss_m_sprn20_4,art=sprn rang=20 versatz=4,37,Sprungangriff,2,7,dauerhaft,,20,vorn,1/00/00/04a022,2/0c,umgeworfen (Aktion 0C),109,109,127.25,127.25
boss_m_sprn20_5,art=sprn rang=20 versatz=5,42,Sprungangriff,2,7,dauerhaft,,20,vorn,1/00/00/04a06a,2/0c,umgeworfen (Aktion 0C),109,109,127.25,127.25
boss_m_sprn20_6,art=sprn rang=20 versatz=6,47,Sprungangriff,2,7,teilweise,107,20,vorn,1/00/00/04a06a,2/1e,abgefangen (Aktion 1E),46,46,109.25,106.38
boss_m_sprn20_7,art=sprn rang=20 versatz=7,52,Sprungangriff,2,7,dauerhaft,,20,vorn,1/06/00/049efa,2/0c,umgeworfen (Aktion 0C),97,97,127.25,127.25
boss_m_sprn20_20,art=sprn rang=20 versatz=20,117,Sprungangriff,2,7,teilweise,107,20,vorn,1/06/04/04a71e,2/1e,abgefangen (Aktion 1E),46,46,109.25,106.38
boss_m_sprn20_21,art=sprn rang=20 versatz=21,122,Sprungangriff,2,7,teilweise,107,20,vorn,1/06/04/04a772,2/1e,abgefangen (Aktion 1E),46,46,109.25,106.38
boss_m_sprint20_0,art=sprint rang=20 versatz=0,25,Sprintangriff,2,9,dauerhaft,,20,vorn,1/06/04/04a9d2,2/0c,umgeworfen (Aktion 0C),113,113,127.25,127.25
boss_m_sprint20_1,art=sprint rang=20 versatz=1,30,Sprintangriff,2,9,dauerhaft,,20,vorn,1/06/04/04a9d2,2/0c,umgeworfen (Aktion 0C),113,113,127.25,127.25
boss_m_sprint20_2,art=sprint rang=20 versatz=2,35,Sprintangriff,2,9,dauerhaft,,20,vorn,1/06/04/04aa22,2/0c,umgeworfen (Aktion 0C),109,109,127.25,127.25
boss_m_sprint20_3,art=sprint rang=20 versatz=3,40,Sprintangriff,2,9,dauerhaft,,20,vorn,1/06/04/04aa22,2/0c,umgeworfen (Aktion 0C),125,125,127.25,127.25
boss_m_sprint20_4,art=sprint rang=20 versatz=4,45,Sprintangriff,2,9,teilweise,106,20,vorn,1/06/04/04aa22,2/1e,abgefangen (Aktion 1E),46,46,109.25,106.38
boss_m_sprint20_5,art=sprint rang=20 versatz=5,50,Sprintangriff,2,9,zurueck,110,20,vorn,1/06/04/04aa22,3/08,Rueckzug,55,55,48.0,48.0
boss_m_sprint20_6,art=sprint rang=20 versatz=6,55,Sprintangriff,2,9,zurueck,110,20,vorn,1/06/04/04aa22,3/08,Rueckzug,55,55,48.0,48.0
boss_m_sprint20_7,art=sprint rang=20 versatz=7,60,Sprintangriff,2,9,dauerhaft,,20,vorn,1/06/02/049f48,2/0c,umgeworfen (Aktion 0C),97,97,127.25,127.25
boss_m_sprint20_8,art=sprint rang=20 versatz=8,65,Sprintangriff,2,9,dauerhaft,,20,vorn,1/06/04/04a71e,2/0c,umgeworfen (Aktion 0C),97,97,127.25,127.25
boss_m_sprint20_9,art=sprint rang=20 versatz=9,70,Sprintangriff,2,9,dauerhaft,,20,vorn,1/06/04/04a71e,2/0c,umgeworfen (Aktion 0C),97,97,127.25,127.25
boss_m_sprint20_10,art=sprint rang=20 versatz=10,75,Sprintangriff,2,9,dauerhaft,,20,vorn,1/06/04/04a71e,2/0c,umgeworfen (Aktion 0C),97,97,127.25,127.25
boss_m_sprint20_11,art=sprint rang=20 versatz=11,80,Sprintangriff,2,9,dauerhaft,,20,vorn,1/06/04/04a71e,2/0c,umgeworfen (Aktion 0C),97,97,127.25,127.25
boss_m_sprint20_12,art=sprint rang=20 versatz=12,85,Sprintangriff,2,9,dauerhaft,,20,vorn,1/06/04/04a71e,2/0c,umgeworfen (Aktion 0C),101,101,127.25,127.25
boss_m_sprint20_13,art=sprint rang=20 versatz=13,90,Sprintangriff,2,9,dauerhaft,,20,vorn,1/06/04/04a71e,2/0c,umgeworfen (Aktion 0C),105,105,127.25,127.25
boss_m_sprint20_14,art=sprint rang=20 versatz=14,95,Sprintangriff,2,9,zurueck,110,20,vorn,1/06/04/04a71e,3/08,Rueckzug,55,55,48.0,48.0
boss_m_sprint20_15,art=sprint rang=20 versatz=15,100,Sprintangriff,2,9,zurueck,110,20,vorn,1/06/04/04a71e,3/08,Rueckzug,55,55,48.0,48.0
boss_m_sprint20_16,art=sprint rang=20 versatz=16,105,Sprintangriff,2,9,zurueck,110,20,vorn,1/06/04/04a71e,3/08,Rueckzug,55,55,48.0,48.0
boss_m_sprint20_17,art=sprint rang=20 versatz=17,110,Sprintangriff,2,9,teilweise,106,20,vorn,1/06/04/04a71e,2/1e,abgefangen (Aktion 1E),46,46,109.25,106.38
boss_m_sprint20_18,art=sprint rang=20 versatz=18,115,Sprintangriff,2,9,teilweise,106,20,vorn,1/06/04/04a71e,2/1e,abgefangen (Aktion 1E),46,46,109.25,106.38
boss_m_sprint20_19,art=sprint rang=20 versatz=19,120,Sprintangriff,2,9,teilweise,106,20,vorn,1/06/04/04a71e,2/1e,abgefangen (Aktion 1E),46,46,109.25,106.38
# M treffer summe: je Treffart und Rang
art,rang,treffer,zurueck,teilweise,dauerhaft,weg_abgefangen_G/G-1,G_minus_K
Schlag Stufe 1,16,16,2,0,14,,
Schlag Stufe 1,20,24,3,0,21,,
Schlag Stufe 2,16,14,2,0,12,,
Schlag Stufe 2,20,21,5,0,16,,
Schlag Stufe 3,16,12,1,0,11,,
Schlag Stufe 3,20,15,2,0,13,,
Schlag Stufe 4,16,11,3,1,7,109.25/106.38,"101..117 (n=7, Median 109)"
Schlag Stufe 4,20,13,4,1,8,109.25/106.38,"101..117 (n=8, Median 109.0)"
Sprintangriff,20,20,5,4,11,109.25/106.38,"97..125 (n=11, Median 101)"
Sprungangriff,20,10,0,3,7,109.25/106.38,"97..113 (n=7, Median 109)"
# M umwerfen: Phasen nach dem Umwerfen (K = Treffer, G = frei); ruhe_ab_K_plus = erster Frame mit Aktion 0x0C Phase 0x0A; liegen = G - Ruhe
lauf,figur,K,G_minus_K,ruhe_ab_K_plus,liegen,weg_bis_G,x_rel_kamera_G,phasen
boss_m_k20_8,Schlag,106,117,55,62,127.25,424.5,0:3/c/0 1:2/c/2 46:2/c/4 55:2/c/a 117:1/0/0
boss_m_k20_9,Schlag,111,117,55,62,127.25,429.5,0:3/c/0 1:2/c/2 46:2/c/4 55:2/c/a 117:1/0/0
boss_m_k20_10,Schlag,116,117,55,62,127.25,427.0,0:3/c/0 1:2/c/2 46:2/c/4 55:2/c/a 117:1/0/0
boss_m_k20_12,Schlag,126,101,55,46,127.25,429.5,0:3/c/0 1:2/c/2 46:2/c/4 55:2/c/a 101:1/0/0
boss_m_k20_13,Schlag,131,101,55,46,127.25,427.0,0:3/c/0 1:2/c/2 46:2/c/4 55:2/c/a 101:1/0/0
boss_m_k20_14,Schlag,136,101,55,46,127.25,429.5,0:3/c/0 1:2/c/2 46:2/c/4 55:2/c/a 101:1/0/0
boss_m_k20_21,Schlag,171,109,55,54,127.25,415.3,0:3/c/0 1:2/c/2 46:2/c/4 55:2/c/a 109:1/0/0
boss_m_k20_22,Schlag,176,109,55,54,127.25,415.3,0:3/c/0 1:2/c/2 46:2/c/4 55:2/c/a 109:1/0/0
boss_m_k16_6,Schlag,110,117,55,62,127.25,427.0,0:3/c/0 1:2/c/2 46:2/c/4 55:2/c/a 117:1/0/0
boss_m_k16_7,Schlag,117,117,55,62,127.25,429.5,0:3/c/0 1:2/c/2 46:2/c/4 55:2/c/a 117:1/0/0
boss_m_k16_8,Schlag,124,101,55,46,127.25,429.5,0:3/c/0 1:2/c/2 46:2/c/4 55:2/c/a 101:1/0/0
boss_m_k16_9,Schlag,131,101,55,46,127.25,427.0,0:3/c/0 1:2/c/2 46:2/c/4 55:2/c/a 101:1/0/0
boss_m_k16_10,Schlag,138,101,55,46,127.25,429.5,0:3/c/0 1:2/c/2 46:2/c/4 55:2/c/a 101:1/0/0
boss_m_k16_14,Schlag,166,109,55,54,127.25,415.3,0:3/c/0 1:2/c/2 46:2/c/4 55:2/c/a 109:1/0/0
boss_m_k16_15,Schlag,173,109,55,54,127.25,415.3,0:3/c/0 1:2/c/2 46:2/c/4 55:2/c/a 109:1/0/0
boss_m_sprn20_0,Sprungangriff,17,105,55,50,127.25,415.7,0:3/c/0 1:2/c/2 46:2/c/4 55:2/c/a 105:1/0/0
boss_m_sprn20_1,Sprungangriff,22,105,55,50,127.25,413.3,0:3/c/0 1:2/c/2 46:2/c/4 55:2/c/a 105:1/0/0
boss_m_sprn20_2,Sprungangriff,27,113,55,58,127.25,414.0,0:3/c/0 1:2/c/2 46:2/c/4 55:2/c/a 113:1/0/0
boss_m_sprn20_3,Sprungangriff,32,113,55,58,127.25,413.8,0:3/c/0 1:2/c/2 46:2/c/4 55:2/c/a 113:1/0/0
boss_m_sprn20_4,Sprungangriff,37,109,55,54,127.25,413.8,0:3/c/0 1:2/c/2 46:2/c/4 55:2/c/a 109:1/0/0
boss_m_sprn20_5,Sprungangriff,42,109,55,54,127.25,412.8,0:3/c/0 1:2/c/2 46:2/c/4 55:2/c/a 109:1/0/0
boss_m_sprn20_7,Sprungangriff,52,97,55,42,127.25,418.9,0:3/c/0 1:2/c/2 46:2/c/4 55:2/c/a 97:1/0/0
boss_m_sprint20_0,Sprintangriff,25,113,55,58,127.25,380.2,0:3/c/0 1:2/c/2 46:2/c/4 55:2/c/a 113:1/0/0
boss_m_sprint20_1,Sprintangriff,30,113,55,58,127.25,377.6,0:3/c/0 1:2/c/2 46:2/c/4 55:2/c/a 113:1/0/0
boss_m_sprint20_2,Sprintangriff,35,109,55,54,127.25,378.2,0:3/c/0 1:2/c/2 46:2/c/4 55:2/c/a 109:1/0/0
boss_m_sprint20_3,Sprintangriff,40,125,55,70,127.25,378.0,0:3/c/0 1:2/c/2 46:2/c/4 55:2/c/a 125:1/0/0
boss_m_sprint20_7,Sprintangriff,60,97,55,42,127.25,404.5,0:3/c/0 1:2/c/2 46:2/c/4 55:2/c/a 97:1/0/0
boss_m_sprint20_8,Sprintangriff,65,97,55,42,127.25,387.8,0:3/c/0 1:2/c/2 46:2/c/4 55:2/c/a 97:1/0/0
boss_m_sprint20_9,Sprintangriff,70,97,55,42,127.25,385.2,0:3/c/0 1:2/c/2 46:2/c/4 55:2/c/a 97:1/0/0
boss_m_sprint20_10,Sprintangriff,75,97,55,42,127.25,387.9,0:3/c/0 1:2/c/2 46:2/c/4 55:2/c/a 97:1/0/0
boss_m_sprint20_11,Sprintangriff,80,97,55,42,127.25,385.2,0:3/c/0 1:2/c/2 46:2/c/4 55:2/c/a 97:1/0/0
boss_m_sprint20_12,Sprintangriff,85,101,55,46,127.25,385.2,0:3/c/0 1:2/c/2 46:2/c/4 55:2/c/a 101:1/0/0
boss_m_sprint20_13,Sprintangriff,90,105,55,50,127.25,387.9,0:3/c/0 1:2/c/2 46:2/c/4 55:2/c/a 105:1/0/0
boss_m_mis_r,Stand,31,152,,,59.25,406.0,0:3/14/0 1:3/14/4 39:3/14/2 82:3/c/a 152:1/0/0
boss_m_mis_r120,Stand,31,140,,,56.25,413.0,0:3/14/0 1:3/14/4 39:3/14/2 82:3/c/a 140:1/0/0
boss_m_mis_l,Stand,33,140,,,109.25,-22.5,0:3/14/0 1:3/14/4 39:3/14/2 82:3/c/a 140:1/0/0
boss_m_mis_l100,Stand,33,140,,,109.25,27.5,0:3/14/0 1:3/14/4 39:3/14/2 82:3/c/a 140:1/0/0
boss_m_uw_wurf_0,Griff,31,140,,,149.81,61.2,0:3/2/0 21:3/6/0 56:3/6/2 67:3/6/4 74:3/c/a 140:1/0/0
boss_m_uw_knie_0,Griff,75,107,57,50,133.0,76.0,0:3/c/0 1:2/c/2 48:2/c/4 57:2/c/a 107:1/0/0
boss_m_uw_laser_0,Waffe,16,99,61,38,67.0,457.2,0:3/c/0 1:2/c/2 32:2/c/6 49:2/c/8 61:2/c/a 99:1/0/0
boss_m_uw_wurf_1,Griff,40,136,,,149.81,61.2,0:3/2/0 21:3/6/0 56:3/6/2 67:3/6/4 74:3/c/a 136:1/0/0
boss_m_uw_knie_1,Griff,84,107,57,50,133.0,76.0,0:3/c/0 1:2/c/2 48:2/c/4 57:2/c/a 107:1/0/0
boss_m_uw_laser_1,Waffe,23,100,66,34,71.75,457.4,0:3/c/0 1:2/c/2 34:2/c/6 54:2/c/8 66:2/c/a 100:1/0/0
boss_m_uw_wurf_2,Griff,49,136,,,149.81,61.2,0:3/2/0 21:3/6/0 56:3/6/2 67:3/6/4 74:3/c/a 136:1/0/0
boss_m_uw_knie_2,Griff,93,107,57,50,133.0,76.0,0:3/c/0 1:2/c/2 48:2/c/4 57:2/c/a 107:1/0/0
boss_m_uw_wurf_3,Griff,58,120,,,149.81,61.2,0:3/2/0 21:3/6/0 56:3/6/2 67:3/6/4 74:3/c/a 120:1/0/0
boss_m_uw_knie_3,Griff,102,107,57,50,133.0,76.0,0:3/c/0 1:2/c/2 48:2/c/4 57:2/c/a 107:1/0/0
boss_m_uw_laser_3,Waffe,37,100,62,38,70.88,457.6,0:3/c/0 1:2/c/2 33:2/c/6 50:2/c/8 62:2/c/a 100:1/0/0
# M zucken: erster Treffer je Lauf (Stufe 1); richtung = Figur vor oder hinter dem Boss (Blickrichtung im Vorframe); reaktion_h1 = S+4/Aktion in h+1; reaktion_dauer = Frames bis S+4 = 1 (leer, wenn ein weiterer Treffer davor kommt)
lauf,info,h,figur,stufe,schaden,ergebnis,lp_zurueck,rang,richtung,boss_vorher,reaktion_h1,reaktion,frei_ab,reaktion_dauer,weg_bis_G,weg_bis_G-1
boss_m_z_f20,zucken einzel F=20,20,Schlag,1,3,dauerhaft,,20,vorn,1/00/00/049f92,3/00,Zucken,27,27,0.0,0.0
boss_m_z_f24,zucken einzel F=24,24,Schlag,1,3,dauerhaft,,20,vorn,1/00/00/049f92,3/00,Zucken,27,27,0.0,0.0
boss_m_z_f28,zucken einzel F=28,28,Schlag,1,3,dauerhaft,,20,vorn,1/00/00/049fd6,3/00,Zucken,27,27,0.0,0.0
boss_m_z_f32,zucken einzel F=32,32,Schlag,1,3,dauerhaft,,20,vorn,1/00/00/049fd6,3/00,Zucken,27,27,0.0,0.0
boss_m_z_f36,zucken einzel F=36,36,Schlag,1,3,dauerhaft,,20,vorn,1/00/00/04a022,3/00,Zucken,27,27,0.0,0.0
boss_m_z_f40,zucken einzel F=40,40,Schlag,1,3,dauerhaft,,20,vorn,1/00/00/04a022,3/00,Zucken,27,27,0.0,0.0
boss_m_z_f44,zucken einzel F=44,44,Schlag,1,3,dauerhaft,,20,vorn,1/00/00/04a06a,3/00,Zucken,27,27,0.0,0.0
boss_m_z_f48,zucken einzel F=48,48,Schlag,1,3,dauerhaft,,20,vorn,1/00/00/04a06a,3/00,Zucken,27,27,0.0,0.0
boss_m_z_f52,zucken einzel F=52,52,Schlag,1,3,dauerhaft,,20,vorn,1/06/00/049efa,3/00,Zucken,27,27,0.0,0.0
boss_m_z_f56,zucken einzel F=56,56,Schlag,1,3,dauerhaft,,20,vorn,1/06/04/04a67c,3/00,Zucken,27,27,0.0,0.0
boss_m_z_f60,zucken einzel F=60,60,Schlag,1,3,dauerhaft,,20,vorn,1/06/04/04a67c,3/00,Zucken,27,27,0.0,0.0
boss_m_z_f64,zucken einzel F=64,64,Schlag,1,3,dauerhaft,,20,vorn,1/06/04/04a67c,3/00,Zucken,27,27,0.0,0.0
boss_m_z_f68,zucken einzel F=68,68,Schlag,1,3,dauerhaft,,20,vorn,1/06/04/04a67c,3/00,Zucken,27,27,0.0,0.0
boss_m_z_f72,zucken einzel F=72,72,Schlag,1,3,dauerhaft,,20,vorn,1/06/04/04a67c,3/00,Zucken,27,27,0.0,0.0
boss_m_z_f76,zucken einzel F=76,76,Schlag,1,3,dauerhaft,,20,vorn,1/06/04/04a67c,3/00,Zucken,27,27,0.0,0.0
boss_m_z_f80,zucken einzel F=80,80,Schlag,1,3,dauerhaft,,20,vorn,1/06/04/04a67c,3/00,Zucken,27,27,0.0,0.0
boss_m_z_f84,zucken einzel F=84,84,Schlag,1,3,dauerhaft,,20,vorn,1/06/04/04a67c,3/00,Zucken,27,27,0.0,0.0
boss_m_z_f88,zucken einzel F=88,88,Schlag,1,3,dauerhaft,,20,vorn,1/06/04/04a67c,3/00,Zucken,27,27,0.0,0.0
boss_m_z_f92,zucken einzel F=92,92,Schlag,1,3,dauerhaft,,20,vorn,1/06/04/04a67c,3/00,Zucken,27,27,0.0,0.0
boss_m_z_f96,zucken einzel F=96,96,Schlag,1,3,zurueck,110,20,vorn,1/06/04/04a67c,3/08,Rueckzug,55,55,48.0,48.0
boss_m_z_k41,zucken kurzer schlag druck=41,43,Schlag,1,3,dauerhaft,,20,vorn,1/06/04/04a97e,3/00,Zucken,27,27,0.0,0.0
boss_m_z_k42,zucken kurzer schlag druck=42,44,Schlag,1,3,dauerhaft,,20,vorn,1/06/04/04a97e,3/00,Zucken,27,27,0.0,0.0
boss_m_z_k43,zucken kurzer schlag druck=43,45,Schlag,1,3,zurueck,110,20,vorn,1/06/04/04a97e,3/08,Rueckzug,55,55,48.0,48.0
boss_m_z_k44,zucken kurzer schlag druck=44,46,Schlag,1,3,zurueck,110,20,vorn,1/06/04/04a9d2,3/08,Rueckzug,55,55,48.0,48.0
boss_m_z_k45,zucken kurzer schlag druck=45,47,Schlag,1,3,zurueck,110,20,vorn,1/06/04/04a9d2,3/08,Rueckzug,55,55,48.0,48.0
boss_m_z_k46,zucken kurzer schlag druck=46,48,Schlag,1,3,zurueck,110,20,vorn,1/06/04/04a9d2,3/08,Rueckzug,55,55,48.0,48.0
boss_m_z_k47,zucken kurzer schlag druck=47,49,Schlag,1,3,zurueck,110,20,vorn,1/06/04/04aa22,3/08,Rueckzug,55,55,48.0,48.0
boss_m_z_h24,zucken gehen von hinten X=24,24,Schlag,1,3,dauerhaft,,20,hinten,1/00/00/049f92,3/00,Zucken,27,27,0.0,0.0
boss_m_z_h32,zucken gehen von hinten X=32,32,Schlag,1,3,dauerhaft,,20,hinten,1/00/00/049fd6,3/00,Zucken,27,27,0.0,0.0
boss_m_z_h40,zucken gehen von hinten X=40,40,Schlag,1,3,dauerhaft,,20,hinten,1/00/00/04a022,3/00,Zucken,27,27,0.0,0.0
boss_m_z_h48,zucken gehen von hinten X=48,48,Schlag,1,3,zurueck,110,20,hinten,1/00/00/04a06a,3/08,Rueckzug,55,55,48.0,48.0
boss_m_z_h56,zucken gehen von hinten X=56,56,Schlag,1,3,dauerhaft,,20,hinten,1/06/02/049efa,3/00,Zucken,27,27,0.0,0.0
boss_m_z_kh46,"kurzer schlag (A 42, aktiv 49-52) von hinten X=46",46,Schlag,1,3,zurueck,110,20,hinten,1/06/04/04a9d2,3/08,Rueckzug,55,55,48.0,48.0
boss_m_z_kh49,"kurzer schlag (A 42, aktiv 49-52) von hinten X=49",49,Schlag,1,3,zurueck,110,20,hinten,1/06/04/04aa22,3/08,Rueckzug,55,55,48.0,48.0
boss_m_z_kh50,"kurzer schlag (A 42, aktiv 49-52) von hinten X=50",50,Schlag,1,3,zurueck,110,20,hinten,1/06/06/04aa82,3/08,Rueckzug,55,55,48.0,48.0
boss_m_z_kh51,"kurzer schlag (A 42, aktiv 49-52) von hinten X=51",51,Schlag,1,3,zurueck,110,20,hinten,1/06/06/04aa82,3/08,Rueckzug,55,55,48.0,48.0
boss_m_z_kh52,"kurzer schlag (A 42, aktiv 49-52) von hinten X=52",52,Schlag,1,3,zurueck,110,20,hinten,1/06/06/04aa82,3/08,Rueckzug,55,55,48.0,48.0
boss_m_z_kh53,"kurzer schlag (A 42, aktiv 49-52) von hinten X=53",53,Schlag,1,3,zurueck,110,20,hinten,1/06/06/04aa82,3/08,Rueckzug,55,55,48.0,48.0
boss_m_z_sh110,armschwung (A 107) von hinten X=110,110,Schlag,1,3,dauerhaft,,20,hinten,1/06/04/04a67c,3/06,st3 akt06,15,15,0.0,0.0
boss_m_z_sh115,armschwung (A 107) von hinten X=115,115,Schlag,1,3,dauerhaft,,20,hinten,1/06/04/04a6ca,3/06,st3 akt06,15,15,0.0,0.0
boss_m_z_sh120,armschwung (A 107) von hinten X=120,120,Schlag,1,3,dauerhaft,,20,hinten,1/06/04/04a772,3/06,st3 akt06,15,15,0.0,0.0
boss_m_z_sh124,armschwung (A 107) von hinten X=124,124,Schlag,1,3,dauerhaft,,20,hinten,1/06/04/04a7c2,3/06,st3 akt06,15,15,0.0,0.0
boss_m_z_sv110,armschwung (A 107) von vorn X=110,110,Schlag,1,3,dauerhaft,,20,vorn,1/06/04/04a67c,3/00,Zucken,27,27,0.0,0.0
boss_m_z_sv115,armschwung (A 107) von vorn X=115,115,Schlag,1,3,dauerhaft,,20,vorn,1/06/04/04a6ca,3/00,Zucken,27,27,0.0,0.0
boss_m_z_sv120,armschwung (A 107) von vorn X=120,120,Schlag,1,3,dauerhaft,,20,vorn,1/06/04/04a772,3/00,Zucken,27,27,0.0,0.0
boss_m_z_wbv1188,warten von vorn X=1188,1188,Schlag,1,3,zurueck,110,20,vorn,1/04/00/049ea4,3/08,Rueckzug,55,55,48.0,48.0
boss_m_z_wbh1188,warten von hinten X=1188,1188,Schlag,1,3,zurueck,110,20,hinten,1/04/00/049ea4,3/08,Rueckzug,55,55,48.0,48.0
boss_m_z_wbv1192,warten von vorn X=1192,1192,Schlag,1,3,dauerhaft,,20,vorn,1/04/00/049ea4,3/00,Zucken,27,27,0.0,0.0
boss_m_z_wbh1192,warten von hinten X=1192,1192,Schlag,1,3,dauerhaft,,20,hinten,1/04/00/049ea4,3/06,st3 akt06,15,15,0.0,0.0
boss_m_z_wbv1196,warten von vorn X=1196,1196,Schlag,1,3,dauerhaft,,20,vorn,1/04/00/049ea4,3/00,Zucken,27,27,0.0,0.0
boss_m_z_wbh1196,warten von hinten X=1196,1196,Schlag,1,3,dauerhaft,,20,hinten,1/04/00/049ea4,3/06,st3 akt06,15,15,0.0,0.0
boss_m_z_wpv751,warten von vorn X=751,751,Schlag,1,3,dauerhaft,,20,vorn,1/04/00/049ea4,3/00,Zucken,27,27,0.0,0.0
boss_m_z_wph751,warten von hinten X=751,751,Schlag,1,3,dauerhaft,,20,hinten,1/04/00/049ea4,3/06,st3 akt06,15,15,0.0,0.0
boss_m_z_wpv755,warten von vorn X=755,755,Schlag,1,3,dauerhaft,,20,vorn,1/04/00/049ea4,3/00,Zucken,27,27,0.0,0.0
boss_m_z_wph755,warten von hinten X=755,755,Schlag,1,3,dauerhaft,,20,hinten,1/04/00/049ea4,3/06,st3 akt06,15,15,0.0,0.0
boss_m_z_wpv759,warten von vorn X=759,759,Schlag,1,3,dauerhaft,,20,vorn,1/04/00/049ea4,3/00,Zucken,27,27,0.0,0.0
boss_m_z_wph759,warten von hinten X=759,759,Schlag,1,3,dauerhaft,,20,hinten,1/04/00/049ea4,3/06,st3 akt06,15,15,0.0,0.0
# M zucken summe: Dauer der Reaktion nach Richtung und Aktion im Vorframe (nur dauerhafte Treffer)
richtung,boss_vorher,reaktion_h1,dauer
hinten,Aktion 00,3/00,27 (n=3)
hinten,Aktion 04,3/06,15 (n=5)
hinten,Aktion 06,3/00,27 (n=1)
hinten,Aktion 06,3/06,15 (n=4)
vorn,Aktion 00,3/00,27 (n=8)
vorn,Aktion 04,3/00,27 (n=5)
vorn,Aktion 06,3/00,27 (n=16)
# M stufe2: Reaktion auf Stufe 2 und Aktion danach (Abstand in h+15)
lauf,h,reaktion_h1,frei_ab,dx_h+15,dz_h+15,aktion_h+16
boss_m_k20_3,46,3/04,15,48,0,1/06/04/04a97e
boss_m_k20_4,51,3/04,15,48,0,1/06/04/04a97e
boss_m_k20_5,56,3/04,15,48,-1,1/06/04/04a97e
boss_m_k20_6,61,3/04,15,48,-1,1/06/04/04a97e
boss_m_k20_8,71,3/04,15,55,0,1/00/00/049efa
boss_m_k20_9,76,3/04,15,60,0,1/00/00/049efa
boss_m_k20_10,81,3/04,15,57,-2,1/00/00/049efa
boss_m_k20_12,91,3/04,15,60,0,1/00/00/049efa
boss_m_k20_13,96,3/04,15,57,-2,1/00/00/049efa
boss_m_k20_14,101,3/04,15,60,0,1/00/00/049efa
boss_m_k20_16,111,3/04,15,49,-2,1/06/04/04a97e
boss_m_k20_19,126,3/04,15,57,-2,1/00/00/049efa
boss_m_k20_20,131,3/04,15,50,0,1/00/00/049efa
boss_m_k20_21,136,3/04,15,50,0,1/00/00/049efa
boss_m_k20_22,141,3/04,15,50,0,1/00/00/049efa
boss_m_k20_23,181,3/04,15,50,0,1/00/00/049efa
boss_m_k16_2,47,3/04,15,48,0,1/06/04/04a97e
boss_m_k16_3,54,3/04,15,48,-1,1/06/04/04a97e
boss_m_k16_4,61,3/04,15,48,-1,1/06/04/04a97e
boss_m_k16_5,68,3/04,15,49,-1,1/06/04/04a97e
boss_m_k16_6,75,3/04,15,57,-2,1/00/00/049efa
boss_m_k16_7,82,3/04,15,60,0,1/00/00/049efa
boss_m_k16_8,89,3/04,15,60,0,1/00/00/049efa
boss_m_k16_9,96,3/04,15,57,-2,1/00/00/049efa
boss_m_k16_10,103,3/04,15,60,0,1/00/00/049efa
boss_m_k16_11,110,3/04,15,60,0,1/00/00/049efa
boss_m_k16_14,131,3/04,15,50,0,1/00/00/049efa
boss_m_k16_15,138,3/04,15,50,0,1/00/00/049efa
# M griff: Figur in X nahe vor den Boss gesetzt (gf: Figur geht auf ihn zu; bg: Figur passiv); erste_reaktion = Frame relativ zu X und Art
lauf,info,X,boss_in_X-1,erste_reaktion
boss_m_gf_k43,griff von vorn im ausholen kurzer schlag X=43,43,1/06/04/04a97e,1:Figur packt
boss_m_gf_k45,griff von vorn im ausholen kurzer schlag X=45,45,1/06/04/04a97e,1:Figur packt
boss_m_gf_k47,griff von vorn im ausholen kurzer schlag X=47,47,1/06/04/04a9d2,1:Figur packt
boss_m_gf_s110,griff von vorn im ausholen armschwung X=110,110,1/06/04/04a67c,1:Figur packt
boss_m_gf_s115,griff von vorn im ausholen armschwung X=115,115,1/06/04/04a6ca,1:Figur packt
boss_m_gf_s120,griff von vorn im ausholen armschwung X=120,120,1/06/04/04a772,1:Figur packt
boss_m_gf_g20,"griff von vorn, boss geht X=20",20,1/00/00/049f92,1:Figur packt
boss_m_gf_g30,"griff von vorn, boss geht X=30",30,1/00/00/049fd6,1:Figur packt
boss_m_gf_w1190,"griff von vorn, boss wartet X=1190",1190,1/04/00/049ea4,1:Figur packt
boss_m_gf_w1196,"griff von vorn, boss wartet X=1196",1196,1/04/00/049ea4,1:Figur packt
boss_m_bg_g20,"boss geht, figur in X=20 bei d=20",20,1/00/00/049f92,0:Angriff K (04a97e)
boss_m_bg_h20,"boss geht, figur in X=26 bei d=20",26,1/00/00/049fd6,0:Angriff K (04a97e)
boss_m_bg_w20,"boss wartet, figur in X=1190 bei d=20",1190,1/04/00/049ea4,13:Angriff K (04a97e)
boss_m_bg_g34,"boss geht, figur in X=20 bei d=34",20,1/00/00/049f92,0:Angriff K (04a97e)
boss_m_bg_h34,"boss geht, figur in X=26 bei d=34",26,1/00/00/049fd6,0:Angriff K (04a97e)
boss_m_bg_w34,"boss wartet, figur in X=1190 bei d=34",1190,1/04/00/049ea4,13:Angriff K (04a97e)
boss_m_bg_g40,"boss geht, figur in X=20 bei d=40",20,1/00/00/049f92,0:Angriff K (04a97e)
boss_m_bg_h40,"boss geht, figur in X=26 bei d=40",26,1/00/00/049fd6,0:Angriff K (04a97e)
boss_m_bg_w40,"boss wartet, figur in X=1190 bei d=40",1190,1/04/00/049ea4,13:Angriff K (04a97e)
boss_m_bg_g45,"boss geht, figur in X=20 bei d=45",20,1/00/00/049f92,0:Angriff K (04a97e)
boss_m_bg_h45,"boss geht, figur in X=26 bei d=45",26,1/00/00/049fd6,0:Angriff K (04a97e)
boss_m_bg_w45,"boss wartet, figur in X=1190 bei d=45",1190,1/04/00/049ea4,13:Angriff K (04a97e)
boss_m_bg_g47,"boss geht, figur in X=20 bei d=47",20,1/00/00/049f92,0:Angriff K (04a97e)
boss_m_bg_h47,"boss geht, figur in X=26 bei d=47",26,1/00/00/049fd6,0:Angriff K (04a97e)
boss_m_bg_w47,"boss wartet, figur in X=1190 bei d=47",1190,1/04/00/049ea4,13:Angriff K (04a97e)
boss_m_bg_g49,"boss geht, figur in X=20 bei d=49",20,1/00/00/049f92,0:Angriff K (04a97e)
boss_m_bg_h49,"boss geht, figur in X=26 bei d=49",26,1/00/00/049fd6,0:Angriff K (04a97e)
boss_m_bg_w49,"boss wartet, figur in X=1190 bei d=49",1190,1/04/00/049ea4,13:Angriff K (04a97e)
boss_m_bg_g51,"boss geht, figur in X=20 bei d=51",20,1/00/00/049f92,3:Angriff K (04a97e)
boss_m_bg_h51,"boss geht, figur in X=26 bei d=51",26,1/00/00/049fd6,2:Angriff K (04a97e)
boss_m_bg_w51,"boss wartet, figur in X=1190 bei d=51",1190,1/04/00/049ea4,32:Angriff Annaeherung (049f92)
boss_m_bg_c2,"boss geht, figur in X=2 bei d=40",2,1/00/00/049efa,0:Boss packt
boss_m_bg_c4,"boss geht, figur in X=4 bei d=40",4,1/00/00/049efa,0:Angriff K (04a97e)
boss_m_bg_c6,"boss geht, figur in X=6 bei d=40",6,1/00/00/049efa,0:Angriff K (04a97e)
boss_m_bg_c8,"boss geht, figur in X=8 bei d=40",8,1/00/00/049efa,0:Angriff K (04a97e)
boss_m_bg_c10,"boss geht, figur in X=10 bei d=40",10,1/00/00/049f48,0:Angriff K (04a97e)
boss_m_bg_c13,"boss geht, figur in X=13 bei d=40",13,1/00/00/049f48,0:Angriff K (04a97e)
boss_m_bg_c16,"boss geht, figur in X=16 bei d=40",16,1/00/00/049f48,0:Angriff K (04a97e)
boss_m_bg_c49,"boss geht, figur in X=49 bei d=40",49,1/00/00/04a06a,0:Angriff K (04a97e)
boss_m_bg_c51,"boss geht, figur in X=51 bei d=40",51,1/00/00/049efa,0:Boss packt
boss_m_bg_c54,"boss geht, figur in X=54 bei d=40",54,1/06/02/049efa,0:Angriff K (04a97e)
# M proben: Figur ab A+1 relativ zum Boss (K, S) bzw. in Tiefe/Hoehe mitgefuehrt (R); treffer = Frame relativ zu A (leer: keiner im Fenster)
lauf,info,A,treffer,dx,dz,ph,blick
boss_m_dk_l-18,art=K blick=l d=-18,42,28,-18,-1,0.88,r
boss_m_dk_l-17,art=K blick=l d=-17,42,28,-17,-1,0.88,r
boss_m_dk_l-16,art=K blick=l d=-16,42,7,-16,-1,0.88,l
boss_m_dk_l-15,art=K blick=l d=-15,42,7,-15,-1,0.88,l
boss_m_dk_l-14,art=K blick=l d=-14,42,7,-14,-1,0.88,l
boss_m_dk_l102,art=K blick=l d=102,42,7,102,-1,0.88,l
boss_m_dk_l103,art=K blick=l d=103,42,7,103,-1,0.88,l
boss_m_dk_l104,art=K blick=l d=104,42,7,104,-1,0.88,l
boss_m_dk_l105,art=K blick=l d=105,42,7,105,-1,0.88,l
boss_m_dk_l106,art=K blick=l d=106,42,68,51,3,0.88,l
boss_m_dk_l107,art=K blick=l d=107,42,68,52,3,0.88,l
boss_m_dk_r-40,art=K blick=r d=-40,36,28,40,0,0.88,l
boss_m_dk_r-30,art=K blick=r d=-30,36,28,30,0,0.88,l
boss_m_dk_r-25,art=K blick=r d=-25,36,7,25,0,0.88,r
boss_m_dk_r-22,art=K blick=r d=-22,36,7,22,0,0.88,r
boss_m_dk_r-20,art=K blick=r d=-20,36,7,20,0,0.88,r
boss_m_dk_r-19,art=K blick=r d=-19,36,7,19,0,0.88,r
boss_m_dk_r-18,art=K blick=r d=-18,36,7,18,0,0.88,r
boss_m_dk_r-17,art=K blick=r d=-17,36,7,17,0,0.88,r
boss_m_dk_r-16,art=K blick=r d=-16,36,7,16,0,0.88,r
boss_m_dk_r-15,art=K blick=r d=-15,36,7,15,0,0.88,r
boss_m_dk_r-14,art=K blick=r d=-14,36,7,14,0,0.88,r
boss_m_dk_r40,art=K blick=r d=40,36,7,-40,0,0.88,r
boss_m_dk_r60,art=K blick=r d=60,36,7,-60,0,0.88,r
boss_m_dk_r80,art=K blick=r d=80,36,7,-80,0,0.88,r
boss_m_dk_r90,art=K blick=r d=90,36,7,-90,0,0.88,r
boss_m_dk_r95,art=K blick=r d=95,36,7,-95,0,0.88,r
boss_m_dk_r97,art=K blick=r d=97,36,,-97,0,0.88,r
boss_m_dk_r99,art=K blick=r d=99,36,,-99,0,0.88,r
boss_m_dk_r101,art=K blick=r d=101,36,,-101,0,0.88,r
boss_m_dk_r102,art=K blick=r d=102,36,,-102,0,0.88,r
boss_m_dk_r103,art=K blick=r d=103,36,,-103,0,0.88,r
boss_m_dk_r104,art=K blick=r d=104,36,,-104,0,0.88,r
boss_m_dk_r105,art=K blick=r d=105,36,,-105,0,0.88,r
boss_m_dk_r106,art=K blick=r d=106,36,,-106,0,0.88,r
boss_m_dk_r107,art=K blick=r d=107,36,,-107,0,0.88,r
boss_m_ds_l-18,art=S blick=l d=-18,107,37,-18,0,0.88,r
boss_m_ds_l-17,art=S blick=l d=-17,107,37,-17,0,0.88,r
boss_m_ds_l-16,art=S blick=l d=-16,107,17,-16,0,0.88,l
boss_m_ds_l-15,art=S blick=l d=-15,107,17,-15,0,0.88,l
boss_m_ds_l103,art=S blick=l d=103,107,17,103,0,0.88,l
boss_m_ds_l104,art=S blick=l d=104,107,17,104,0,0.88,l
boss_m_ds_l105,art=S blick=l d=105,107,17,105,0,0.88,l
boss_m_ds_l106,art=S blick=l d=106,107,,106,0,0.88,l
boss_m_ds_r-28,art=S blick=r d=-28,258,37,28,0,0.65,l
boss_m_ds_r-25,art=S blick=r d=-25,258,37,25,0,0.65,l
boss_m_ds_r-23,art=S blick=r d=-23,258,37,23,0,0.65,l
boss_m_ds_r-21,art=S blick=r d=-21,258,37,21,0,0.65,l
boss_m_ds_r-19,art=S blick=r d=-19,258,37,19,0,0.65,l
boss_m_ds_r-17,art=S blick=r d=-17,258,17,17,0,0.65,r
boss_m_ds_r-16,art=S blick=r d=-16,258,17,16,0,0.65,r
boss_m_dr_h90,art=R h=90,645,36,48,0,81.5,l
boss_m_dr_h95,art=R h=95,645,36,48,0,86.5,l
boss_m_dr_h100,art=R h=100,645,39,36,0,90.75,l
boss_m_dr_h105,art=R h=105,645,,192,45,0.73,l
boss_m_dr_h110,art=R h=110,645,,192,45,0.73,l
boss_m_dr_h115,art=R h=115,645,,192,45,0.73,l
boss_m_dr_z-13,art=R dz=-13,645,37,48,-12,0.73,l
boss_m_dr_z-12,art=R dz=-12,645,36,51,-12,0.73,l
boss_m_dr_z12,art=R dz=12,645,36,50,11,0.73,l
boss_m_dr_z13,art=R dz=13,645,36,51,12,0.73,l
# M ausloeser: Boss in Frame 40 bei 45 px vor die Figur gesetzt, Tiefe dz = Boss - Figur
lauf,info,angriff_ab,art,dz_dabei
boss_m_dkz_-9,K-Ausloeser dz=-9 (Boss 45 px vor der Figur),42,04a97e,-4
boss_m_dkz_-8,K-Ausloeser dz=-8 (Boss 45 px vor der Figur),42,04a97e,-4
boss_m_dkz_-7,K-Ausloeser dz=-7 (Boss 45 px vor der Figur),40,04a97e,-7
boss_m_dkz_-6,K-Ausloeser dz=-6 (Boss 45 px vor der Figur),40,04a97e,-6
boss_m_dkz_6,K-Ausloeser dz=6 (Boss 45 px vor der Figur),40,04a97e,6
boss_m_dkz_7,K-Ausloeser dz=7 (Boss 45 px vor der Figur),42,04a97e,6
boss_m_dkz_8,K-Ausloeser dz=8 (Boss 45 px vor der Figur),44,04a97e,6
boss_m_dkz_9,K-Ausloeser dz=9 (Boss 45 px vor der Figur),47,04a97e,6
# M presse: Figur nur im Frame A+F bei d vor dem Boss bzw. am Landepunkt (x unveraendert), sonst 40 px in der Tiefe entfernt; treffer = A+F oder A+F+1
lauf,info,A,F,treffer,bh_F,dx_F,x_boss_F,x_figur_F,blick,landung
boss_m_dp_f48_d0,art=P F=48 d=0 (nur Frame A+F),1224,48,,80.78,0,2530.74,2530.0,r,64
boss_m_dp_f48_d15,art=P F=48 d=15 (nur Frame A+F),1224,48,,80.78,15,2530.74,2515.0,r,64
boss_m_dp_f48_d23,art=P F=48 d=23 (nur Frame A+F),1224,48,,80.78,23,2530.74,2507.0,r,64
boss_m_dp_f48_d27,art=P F=48 d=27 (nur Frame A+F),1224,48,,80.78,27,2530.74,2503.0,r,64
boss_m_dp_f48_d35,art=P F=48 d=35 (nur Frame A+F),1224,48,,80.78,35,2530.74,2495.0,r,64
boss_m_dp_f51_d0,art=P F=51 d=0 (nur Frame A+F),1224,51,51,69.53,0,2530.31,2530.0,r,71
boss_m_dp_f51_d15,art=P F=51 d=15 (nur Frame A+F),1224,51,51,69.53,15,2530.31,2515.0,r,71
boss_m_dp_f51_d23,art=P F=51 d=23 (nur Frame A+F),1224,51,51,69.53,23,2530.31,2507.0,r,71
boss_m_dp_f51_d27,art=P F=51 d=27 (nur Frame A+F),1224,51,51,69.53,27,2530.31,2503.0,r,71
boss_m_dp_f51_d35,art=P F=51 d=35 (nur Frame A+F),1224,51,,69.53,35,2530.31,2495.0,r,64
boss_m_dp_f55_d0,art=P F=55 d=0 (nur Frame A+F),1224,55,55,51.47,0,2530.06,2530.0,r,71
boss_m_dp_f55_d15,art=P F=55 d=15 (nur Frame A+F),1224,55,55,51.47,15,2530.06,2515.0,r,71
boss_m_dp_f55_d23,art=P F=55 d=23 (nur Frame A+F),1224,55,55,51.47,23,2530.06,2507.0,r,71
boss_m_dp_f55_d27,art=P F=55 d=27 (nur Frame A+F),1224,55,55,51.47,27,2530.06,2503.0,r,71
boss_m_dp_f55_d35,art=P F=55 d=35 (nur Frame A+F),1224,55,,51.47,35,2530.06,2495.0,r,64
boss_m_dp_f60_d0,art=P F=60 d=0 (nur Frame A+F),1224,60,60,23.97,0,2530.99,2530.0,r,71
boss_m_dp_f60_d15,art=P F=60 d=15 (nur Frame A+F),1224,60,60,23.97,15,2530.99,2515.0,r,71
boss_m_dp_f60_d23,art=P F=60 d=23 (nur Frame A+F),1224,60,60,23.97,23,2530.99,2507.0,r,71
boss_m_dp_f60_d27,art=P F=60 d=27 (nur Frame A+F),1224,60,60,23.97,27,2530.99,2503.0,r,71
boss_m_dp_f60_d35,art=P F=60 d=35 (nur Frame A+F),1224,60,,23.97,35,2530.99,2495.0,r,64
boss_m_dp_f66_d0,art=P F=66 d=0 (nur Frame A+F),1224,66,,0.03,0,2531.74,2531.0,r,64
boss_m_dp_f66_d15,art=P F=66 d=15 (nur Frame A+F),1224,66,,0.03,15,2531.74,2516.0,r,64
boss_m_dp_f66_d23,art=P F=66 d=23 (nur Frame A+F),1224,66,,0.03,23,2531.74,2508.0,r,64
boss_m_dp_f66_d27,art=P F=66 d=27 (nur Frame A+F),1224,66,,0.03,27,2531.74,2504.0,r,64
boss_m_dp_f66_d35,art=P F=66 d=35 (nur Frame A+F),1224,66,,0.03,35,2531.74,2496.0,r,64
boss_m_dp_l48,art=P Landepunkt F=48,1224,48,,80.78,1,2530.74,2529.5,r,64
boss_m_dp_l51,art=P Landepunkt F=51,1224,51,51,69.53,1,2530.31,2529.5,r,71
boss_m_dp_l55,art=P Landepunkt F=55,1224,55,55,51.47,1,2530.06,2529.5,r,71
boss_m_dp_l58,art=P Landepunkt F=58,1224,58,58,35.62,1,2530.62,2529.5,r,71
boss_m_dp_l62,art=P Landepunkt F=62,1224,62,62,11.44,2,2531.37,2529.5,r,71
boss_m_dp_l66,art=P Landepunkt F=66,1224,66,,0.03,2,2531.74,2529.5,r,64
boss_m_dp_l70,art=P Landepunkt F=70,1224,70,,0.03,2,2531.74,2529.5,r,64
# M rhythmus: lange Laeufe ab boss_q_m (passiv Rang 9, 16, 24; Bot Rang 20 und 16)
lauf,info,frames,angriffe,anteile,abstand_min,abstand_median,abstand_max,wahl_nach_abstand
boss_m_e_r9,passiv rang=9,8000,35,G:3 P:12 R:9 S:11,76,221.5,407,"fern: G3,P4,R6,S3 | mittel: P8,R3,S8"
boss_m_e_r16,passiv rang=16,8000,34,P:13 R:11 S:10,134,221,450,"fern: P5,R3,S1 | mittel: P8,R8,S9"
boss_m_e_r24,passiv rang=24,8000,38,P:14 R:17 S:7,134,206,299,"fern: P5,R7,S4 | mittel: P8,R10,S3 | nah: P1"
boss_m_bot_t20,bot rang=20 takt=20,8000,22,K:1 P:13 R:1 S:7,58,193,358,"fern: P2,S2 | mittel: P4,R1,S4 | nah: K1,P7,S1"
boss_m_bot_t32,bot rang=20 takt=32,8000,41,K:6 P:17 R:6 S:12,58,165.0,431,"fern: P5,R4,S4 | mittel: P7,R2,S2 | nah: K6,P5,S6"
boss_m_bot_r16,bot rang=16 takt=26,8000,17,G:1 K:2 P:7 R:2 S:5,74,165.5,349,"fern: R1,S1 | mittel: P4,R1,S2 | nah: G1,K2,P3,S2"
# M presse schutz: jeder Beginn der Koerperpresse; schutz = S+0xAE; vorher = letzter Zustand vor der Aktion 6 (S+4/Aktion/Animation@Frames davor)
lauf,A,rang,schutz_A,schutz_A+1,vorher,direkt_aus_st3
boss_m_e_r9,1081,9,0,0,1/00/049f48@3,nein
boss_m_e_r9,1261,9,0,0,1/00/049efa@3,nein
boss_m_e_r9,1720,9,0,0,1/00/049efa@3,nein
boss_m_e_r9,1928,9,0,0,1/00/04a022@3,nein
boss_m_e_r9,4251,9,0,0,1/00/049efa@3,nein
boss_m_e_r9,4898,9,0,0,1/00/049efa@10,nein
boss_m_e_r9,5680,9,0,0,1/00/049f92@10,nein
boss_m_e_r9,5984,9,0,0,1/00/049efa@3,nein
boss_m_e_r9,7090,9,0,0,1/00/049efa@10,nein
boss_m_e_r9,7166,9,0,0,1/00/049efa@3,nein
boss_m_e_r9,7364,9,0,0,1/00/04a06a@3,nein
boss_m_e_r9,7995,9,0,0,1/00/049fd6@3,nein
boss_m_e_r16,1081,16,0,0,1/00/049f48@3,nein
boss_m_e_r16,1261,16,0,0,1/00/049efa@3,nein
boss_m_e_r16,1720,16,0,0,1/00/049efa@3,nein
boss_m_e_r16,1928,16,0,0,1/00/04a022@3,nein
boss_m_e_r16,2582,16,0,0,1/00/049fd6@3,nein
boss_m_e_r16,2777,16,0,0,1/00/049efa@3,nein
boss_m_e_r16,2970,16,0,0,1/00/049fd6@3,nein
boss_m_e_r16,3180,16,0,0,1/00/049efa@3,nein
boss_m_e_r16,3486,16,0,0,1/00/049efa@3,nein
boss_m_e_r16,4138,16,0,0,1/00/049efa@3,nein
boss_m_e_r16,5141,16,0,0,1/00/049f92@10,nein
boss_m_e_r16,5989,16,0,0,1/00/049fd6@3,nein
boss_m_e_r16,6241,16,0,0,1/00/049f92@3,nein
boss_m_e_r24,773,24,0,0,1/00/049f92@3,nein
boss_m_e_r24,1169,24,0,0,1/00/049efa@10,nein
boss_m_e_r24,2847,24,0,0,1/00/049f48@3,nein
boss_m_e_r24,3027,24,0,0,1/00/049efa@3,nein
boss_m_e_r24,3229,24,0,0,1/00/049fd6@3,nein
boss_m_e_r24,3808,24,0,0,1/00/04a06a@10,nein
boss_m_e_r24,4005,24,0,0,1/00/049f92@3,nein
boss_m_e_r24,4415,24,0,0,1/00/049fd6@10,nein
boss_m_e_r24,5087,24,0,0,1/00/049f92@10,nein
boss_m_e_r24,5307,24,0,0,1/00/049efa@3,nein
boss_m_e_r24,6330,24,0,0,1/00/049efa@10,nein
boss_m_e_r24,6553,24,0,0,1/00/049efa@3,nein
boss_m_e_r24,7190,24,0,0,1/00/049fd6@10,nein
boss_m_e_r24,7398,24,0,0,1/00/049efa@3,nein
boss_m_bot_t20,175,20,0,0,1/00/04a06a@3,nein
boss_m_bot_t20,700,20,32,31,3/00/04aff0@1,ja
boss_m_bot_t20,1023,20,0,0,1/00/049fd6@3,nein
boss_m_bot_t20,1312,20,0,0,1/00/049f48@3,nein
boss_m_bot_t20,1747,20,0,0,1/00/049efa@3,nein
boss_m_bot_t20,1923,20,0,0,1/00/049efa@3,nein
boss_m_bot_t20,2149,20,31,30,1/00/049efa@1,nein
boss_m_bot_t20,2644,20,0,0,1/00/049f48@3,nein
boss_m_bot_t20,2865,20,32,31,3/00/04b03e@1,ja
boss_m_bot_t20,2961,20,0,0,1/00/049f92@3,nein
boss_m_bot_t20,3293,20,0,0,1/00/049fd6@3,nein
boss_m_bot_t20,3719,20,0,0,1/00/049f48@3,nein
boss_m_bot_t20,3881,20,0,0,1/00/049fd6@3,nein
boss_m_bot_t32,175,20,0,0,1/00/04a06a@3,nein
boss_m_bot_t32,902,20,31,30,1/00/049efa@1,nein
boss_m_bot_t32,1702,20,0,0,1/00/049efa@3,nein
boss_m_bot_t32,2078,20,0,0,1/00/049fd6@3,nein
boss_m_bot_t32,2373,20,0,0,1/00/049f92@3,nein
boss_m_bot_t32,2913,20,0,0,1/00/049fd6@3,nein
boss_m_bot_t32,3154,20,0,0,1/00/049fd6@3,nein
boss_m_bot_t32,3549,20,0,0,1/00/049f92@3,nein
boss_m_bot_t32,3878,20,0,0,1/00/049fd6@3,nein
boss_m_bot_t32,4237,20,0,0,1/00/049fd6@3,nein
boss_m_bot_t32,4418,20,0,0,1/00/049f92@3,nein
boss_m_bot_t32,4780,20,0,0,1/00/049f92@3,nein
boss_m_bot_t32,5770,20,0,0,1/00/049fd6@3,nein
boss_m_bot_t32,6007,20,0,0,1/00/049f92@3,nein
boss_m_bot_t32,6577,20,0,0,1/00/049fd6@3,nein
boss_m_bot_t32,6733,20,0,0,1/00/049fd6@3,nein
boss_m_bot_t32,6820,20,31,30,1/00/049efa@1,nein
boss_m_bot_r16,175,16,0,0,1/00/04a06a@3,nein
boss_m_bot_r16,498,16,0,0,1/00/049efa@3,nein
boss_m_bot_r16,706,16,32,31,3/00/04b0d4@1,ja
boss_m_bot_r16,871,16,0,0,1/00/049f48@3,nein
boss_m_bot_r16,1220,16,31,30,1/00/049efa@1,nein
boss_m_bot_r16,1593,16,0,0,1/00/049efa@3,nein
boss_m_bot_r16,1963,16,32,31,3/00/04b086@1,ja
# M presse schutz Summe: aus der Trefferreaktion: 4 Pressen, davon 4 mit Schutzzaehler > 0; mit Vorphase (Aktion 6 Phase 0/2): 68 Pressen, davon 0 mit Schutzzaehler > 0; ohne Vorphase (1 Frame nach Gehen): 4 Pressen, davon 4 mit Schutzzaehler > 0
# M ausbruch Summe: 4 Pressen direkt aus der Trefferreaktion bei 71 Zuck-Reaktionen in den Bot-Laeufen der dritten Messung
# M wellen: neu belegte Gegnerslots (gegner_lebend_vorher = belegte Slots 0-18 mit LP >= 0 im Frame davor)
lauf,info,frame,slot,typ,lp_typ,boss_lp_vorframe,boss_lp,boss_lp_min_4f,x,kamera,rang,gegner_lebend_vorher
boss_m_f_alle20,"rang=20 blp 30 in 5, 27 in 80, alle Gegner leben im Bild",5,15,EDDY,40,110,30,30,2016,2048,20,2
boss_m_f_alle20,"rang=20 blp 30 in 5, 27 in 80, alle Gegner leben im Bild",5,18,EDDY,40,110,30,30,2016,2048,20,2
boss_m_f_ow12,"rang=12 WOOKY in 5 entfernt, blp 30 in 30, 27 in 80",6,18,DICK,22,110,110,110,2016,2048,12,2
boss_m_f_ow12,"rang=12 WOOKY in 5 entfernt, blp 30 in 30, 27 in 80",30,14,EDDY,36,110,30,30,2016,2048,12,3
boss_m_f_ow12,"rang=12 WOOKY in 5 entfernt, blp 30 in 30, 27 in 80",30,15,EDDY,36,110,30,30,2016,2048,12,3
boss_m_f_ow12,"rang=12 WOOKY in 5 entfernt, blp 30 in 30, 27 in 80",80,13,DICK,22,30,27,27,2016,2048,12,5
boss_m_f_owe12,"rang=12 WOOKY in 5, EDDY in 60 entfernt, blp 30 in 30, 27 in 80",6,18,DICK,22,110,110,110,2016,2048,12,2
boss_m_f_owe12,"rang=12 WOOKY in 5, EDDY in 60 entfernt, blp 30 in 30, 27 in 80",30,14,EDDY,36,110,30,30,2016,2048,12,3
boss_m_f_owe12,"rang=12 WOOKY in 5, EDDY in 60 entfernt, blp 30 in 30, 27 in 80",30,15,EDDY,36,110,30,30,2016,2048,12,3
boss_m_f_owe12,"rang=12 WOOKY in 5, EDDY in 60 entfernt, blp 30 in 30, 27 in 80",61,12,WOOKY,26,30,30,30,2016,2048,12,5
boss_m_f_owe12,"rang=12 WOOKY in 5, EDDY in 60 entfernt, blp 30 in 30, 27 in 80",61,13,WOOKY,26,30,30,30,2016,2048,12,5
boss_m_f_owe12,"rang=12 WOOKY in 5, EDDY in 60 entfernt, blp 30 in 30, 27 in 80",80,11,DICK,22,30,27,27,2016,2048,12,7
boss_m_f_ow16,"rang=16 WOOKY in 5 entfernt, blp 30 in 30, 27 in 80",30,15,EDDY,38,110,30,30,2016,2048,16,2
boss_m_f_ow16,"rang=16 WOOKY in 5 entfernt, blp 30 in 30, 27 in 80",30,18,EDDY,38,110,30,30,2016,2048,16,2
boss_m_f_ow16,"rang=16 WOOKY in 5 entfernt, blp 30 in 30, 27 in 80",80,14,DICK,24,30,27,27,2016,2048,16,4
boss_m_f_ow16,"rang=16 WOOKY in 5 entfernt, blp 30 in 30, 27 in 80",120,13,DICK,24,27,27,27,2016,2048,16,5
boss_m_f_owe16,"rang=16 WOOKY in 5, EDDY in 60 entfernt, blp 30 in 30, 27 in 80",30,15,EDDY,38,110,30,30,2016,2048,16,2
boss_m_f_owe16,"rang=16 WOOKY in 5, EDDY in 60 entfernt, blp 30 in 30, 27 in 80",30,18,EDDY,38,110,30,30,2016,2048,16,2
boss_m_f_owe16,"rang=16 WOOKY in 5, EDDY in 60 entfernt, blp 30 in 30, 27 in 80",61,13,WOOKY,28,30,30,30,2016,2048,16,4
boss_m_f_owe16,"rang=16 WOOKY in 5, EDDY in 60 entfernt, blp 30 in 30, 27 in 80",61,14,WOOKY,28,30,30,30,2016,2048,16,4
boss_m_f_owe16,"rang=16 WOOKY in 5, EDDY in 60 entfernt, blp 30 in 30, 27 in 80",80,12,DICK,24,30,27,27,2016,2048,16,6
boss_m_f_owe16,"rang=16 WOOKY in 5, EDDY in 60 entfernt, blp 30 in 30, 27 in 80",120,11,DICK,24,27,27,27,2016,2048,16,7
boss_m_f_ow20,"rang=20 WOOKY in 5 entfernt, blp 30 in 30, 27 in 80",6,18,DICK,26,110,110,110,2016,2048,20,2
boss_m_f_ow20,"rang=20 WOOKY in 5 entfernt, blp 30 in 30, 27 in 80",30,14,EDDY,40,110,30,30,2016,2048,20,3
boss_m_f_ow20,"rang=20 WOOKY in 5 entfernt, blp 30 in 30, 27 in 80",30,15,EDDY,40,110,30,30,2016,2048,20,3
boss_m_f_ow20,"rang=20 WOOKY in 5 entfernt, blp 30 in 30, 27 in 80",80,13,DICK,26,30,27,27,2016,2048,20,5
boss_m_f_owe20,"rang=20 WOOKY in 5, EDDY in 60 entfernt, blp 30 in 30, 27 in 80",6,18,DICK,26,110,110,110,2016,2048,20,2
boss_m_f_owe20,"rang=20 WOOKY in 5, EDDY in 60 entfernt, blp 30 in 30, 27 in 80",30,14,EDDY,40,110,30,30,2016,2048,20,3
boss_m_f_owe20,"rang=20 WOOKY in 5, EDDY in 60 entfernt, blp 30 in 30, 27 in 80",30,15,EDDY,40,110,30,30,2016,2048,20,3
boss_m_f_owe20,"rang=20 WOOKY in 5, EDDY in 60 entfernt, blp 30 in 30, 27 in 80",61,12,WOOKY,32,30,30,30,2016,2048,20,5
boss_m_f_owe20,"rang=20 WOOKY in 5, EDDY in 60 entfernt, blp 30 in 30, 27 in 80",61,13,WOOKY,32,30,30,30,2016,2048,20,5
boss_m_f_owe20,"rang=20 WOOKY in 5, EDDY in 60 entfernt, blp 30 in 30, 27 in 80",80,11,DICK,26,30,27,27,2016,2048,20,7
boss_m_f_leer12,"rang=12 WOOKY in 5, Pistolen-DICK in 10 entfernt, blp 30 in 30, 27 in 80",6,18,DICK,22,110,110,110,2016,2048,12,2
boss_m_f_leer12,"rang=12 WOOKY in 5, Pistolen-DICK in 10 entfernt, blp 30 in 30, 27 in 80",30,14,EDDY,36,110,30,30,2016,2048,12,3
boss_m_f_leer12,"rang=12 WOOKY in 5, Pistolen-DICK in 10 entfernt, blp 30 in 30, 27 in 80",30,15,EDDY,36,110,30,30,2016,2048,12,3
boss_m_f_leer12,"rang=12 WOOKY in 5, Pistolen-DICK in 10 entfernt, blp 30 in 30, 27 in 80",80,13,DICK,22,30,27,27,2016,2048,12,5
boss_m_f_leer15,"rang=15 WOOKY in 5, Pistolen-DICK in 10 entfernt, blp 30 in 30, 27 in 80",6,18,DICK,23,110,110,110,2016,2048,15,2
boss_m_f_leer15,"rang=15 WOOKY in 5, Pistolen-DICK in 10 entfernt, blp 30 in 30, 27 in 80",30,14,EDDY,36,110,30,30,2016,2048,15,3
boss_m_f_leer15,"rang=15 WOOKY in 5, Pistolen-DICK in 10 entfernt, blp 30 in 30, 27 in 80",30,15,EDDY,36,110,30,30,2016,2048,15,3
boss_m_f_leer15,"rang=15 WOOKY in 5, Pistolen-DICK in 10 entfernt, blp 30 in 30, 27 in 80",80,13,DICK,23,30,27,27,2016,2048,15,5
boss_m_f_leer16,"rang=16 WOOKY in 5, Pistolen-DICK in 10 entfernt, blp 30 in 30, 27 in 80",30,15,EDDY,38,110,30,30,2016,2048,16,2
boss_m_f_leer16,"rang=16 WOOKY in 5, Pistolen-DICK in 10 entfernt, blp 30 in 30, 27 in 80",30,18,EDDY,38,110,30,30,2016,2048,16,2
boss_m_f_leer16,"rang=16 WOOKY in 5, Pistolen-DICK in 10 entfernt, blp 30 in 30, 27 in 80",80,14,DICK,24,30,27,27,2016,2048,16,4
boss_m_f_leer16,"rang=16 WOOKY in 5, Pistolen-DICK in 10 entfernt, blp 30 in 30, 27 in 80",120,13,DICK,24,27,27,27,2016,2048,16,5
boss_m_f_leer20,"rang=20 WOOKY in 5, Pistolen-DICK in 10 entfernt, blp 30 in 30, 27 in 80",6,18,DICK,26,110,110,110,2016,2048,20,2
boss_m_f_leer20,"rang=20 WOOKY in 5, Pistolen-DICK in 10 entfernt, blp 30 in 30, 27 in 80",30,14,EDDY,40,110,30,30,2016,2048,20,3
boss_m_f_leer20,"rang=20 WOOKY in 5, Pistolen-DICK in 10 entfernt, blp 30 in 30, 27 in 80",30,15,EDDY,40,110,30,30,2016,2048,20,3
boss_m_f_leer20,"rang=20 WOOKY in 5, Pistolen-DICK in 10 entfernt, blp 30 in 30, 27 in 80",80,13,DICK,26,30,27,27,2016,2048,20,5
boss_m_f_leer20,"rang=20 WOOKY in 5, Pistolen-DICK in 10 entfernt, blp 30 in 30, 27 in 80",120,12,DICK,26,27,27,27,2016,2048,20,6
boss_m_f_e20,"rang=20 EDDY in 60 entfernt (WOOKY leben), blp 30 in 30, 27 in 80",30,15,EDDY,40,110,30,30,2016,2048,20,2
boss_m_f_e20,"rang=20 EDDY in 60 entfernt (WOOKY leben), blp 30 in 30, 27 in 80",30,18,EDDY,40,110,30,30,2016,2048,20,2
boss_m_f_e20,"rang=20 EDDY in 60 entfernt (WOOKY leben), blp 30 in 30, 27 in 80",80,14,DICK,26,30,27,27,2016,2048,20,4
boss_m_f_e20,"rang=20 EDDY in 60 entfernt (WOOKY leben), blp 30 in 30, 27 in 80",120,13,DICK,26,27,27,27,2016,2048,20,5
boss_m_f_h56,"rang=20 blp 57 in 5, Schlag trifft (54)",44,15,EDDY,40,54,54,54,2016,2048,20,2
boss_m_f_h56,"rang=20 blp 57 in 5, Schlag trifft (54)",44,18,EDDY,40,54,54,54,2016,2048,20,2
boss_m_f_h28,"rang=20 blp 30 in 5, 28 in 30, Schlag trifft (25)",5,15,EDDY,40,110,30,30,2016,2048,20,2
boss_m_f_h28,"rang=20 blp 30 in 5, 28 in 30, Schlag trifft (25)",5,18,EDDY,40,110,30,30,2016,2048,20,2
# M fall: Tod (t = LP < 0); Schriftzug in den Aufnahmen (jedes Frame): erstes Goldpixel, erster Frame mit 100 Goldpixeln (Kriterium des Messagenten), erstes Goldpixel in den rechten 40 Bildspalten
lauf,info,t,siegerpose,gold_erstes_pixel,gold_100_pixel,gold_rechter_rand,stagewechsel,slot_frei,andere
boss_m_t_tod,"rang=20 blp 2 in 30, Schlag (-1)",43,127,107,232,231,540,542,slot14:DICK:2:st0201/lp26 slot15:EDDY:2:st0201/lp40 slot16:WOOKY:2:st0201/lp32 slot17:WOOKY:2:st0201/lp32 slot18:EDDY:2:st0201/lp40
boss_m_t_todw,"rang=20 blp 2 in 30, Schlag (-1), Gegner festgehalten",43,127,107,232,231,540,542,slot14:DICK:2:st0200/lp26 slot15:EDDY:2:st0200/lp40 slot16:WOOKY:2:st0200/lp32 slot17:WOOKY:2:st0200/lp32 slot18:EDDY:2:st0200/lp40
boss_m_t_todsp,"rang=20 blp 2 in 30, Spezial",55,97,65,202,76,510,512,slot14:DICK:2:st0201/lp26 slot15:EDDY:2:st0201/lp40 slot16:WOOKY:2:st0201/lp32 slot17:WOOKY:2:st0201/lp32 slot18:EDDY:2:st0201/lp40
# M wurf: Wurf des Bosses; boden_minus_griffort = x der Figur beim ersten Bodenkontakt minus x beim Griff (positiv = in Blickrichtung des Bosses); ruhe_minus_wurfort = Weg der Figur vom Wurf bis zur Ruhe (Mass des Messagenten)
lauf,A,blick,wurf_A+,x_boss_rel_kamera,boden_A+,boden_minus_griffort,ruhe_minus_wurfort,richtung
boss_m_wurf_2,2,l,59,376.0,92,-92.0,95.0,hinter den Boss
boss_m_wurf_51,51,l,59,320.5,92,-148.0,151.0,hinter den Boss
boss_m_e_r9,2862,l,59,56.5,92,-180.0,225.0,hinter den Boss
boss_m_e_r9,6906,l,59,50.3,92,-174.0,230.0,hinter den Boss
boss_m_bot_r16,2428,l,59,183.8,92,-196.0,230.0,hinter den Boss
# M aufstehen: erste Aktion nach dem Aufstehen (Sprintangriff wirft um)
lauf,info,K,G,dx_G,erste_aktion
boss_m_au_v45,"aufstehen, Figur ab G-5 bei d=45",60,157,45,G+1:K (04a97e)
boss_m_au_g45,"aufstehen, Figur in G bei d=45",60,157,45,G+1:K (04a97e)
boss_m_au_v55,"aufstehen, Figur ab G-5 bei d=55",60,157,55,
boss_m_au_g55,"aufstehen, Figur in G bei d=55",60,157,55,
boss_m_au_v65,"aufstehen, Figur ab G-5 bei d=65",60,157,65,
boss_m_au_g65,"aufstehen, Figur in G bei d=65",60,157,65,
