# boss_v.csv: Gegenpruefung V6 zum Boss DOLG (Praefix boss_v), erzeugt von scripts/belege_boss.sh (Teil V)
# mit scripts/messen_boss_v.py belege. Boss = Slot 19. h = Frame, in dem die LP des Bosses sinken; A = erster
# Frame der ersten Angriffsanimation (K 4A97E, S 4A67C, R Laufbeginn 4A26A bzw. Ausholen, P 4B842, G 4ABDE).
# EINGRIFFE: LP der Figur vor jedem Frame 72; Rang festgehalten (Spalte rang bzw. Lauf-Info); Lagen per
# CC_SETZ/CC_FIG/CC_FIGV/CC_FIGA/CC_BOSS (Info-Spalte bzw. belege_boss.sh); LP des Bosses CC_BLP (Teil W, T);
# Gegner entfernt CC_ENTF (Teil A2, Q, W); Bot: LP des Bosses unter 30 auf 97 (BV_BLP_MIN).

# V a rang
lauf,savestate,info,kamera_2048_ab,lp_ab,rang_im_frame,rang_vorher,lp,S+0xB7,S+0x9A,lp_ende,rang_ende
boss_v_a_r7,boss_v_b1_s1_cam01984,rang=7 rechts 2-60,39,40,7,7,90,90,72,90,7
boss_v_a_r8,boss_v_b1_s1_cam01984,rang=8 rechts 2-60,39,40,8,8,90,90,72,90,8
boss_v_a_r9,boss_v_b1_s1_cam01984,rang=9 rechts 2-60,39,40,9,9,100,100,72,100,9
boss_v_a_r12,boss_v_b1_s1_cam01984,rang=12 rechts 2-60,39,40,12,12,100,100,72,100,12
boss_v_a_r15,boss_v_b1_s1_cam01984,rang=15 rechts 2-60,39,40,15,15,100,100,72,100,15
boss_v_a_r16,boss_v_b1_s1_cam01984,rang=16 rechts 2-60,39,40,16,16,110,110,72,110,16
boss_v_a_r20,boss_v_b1_s1_cam01984,rang=20 rechts 2-60,39,40,20,20,110,110,72,110,20
boss_v_a_r23,boss_v_b1_s1_cam01984,rang=23 rechts 2-60,39,40,23,23,110,110,72,110,23
boss_v_a_r24,boss_v_b1_s1_cam01984,rang=24 rechts 2-60,39,40,24,24,120,120,72,120,24
boss_v_a2_r7,boss_v_b1_s1_cam01920,rang=7 hoch 2-20 rechts 21-160,95,96,7,7,90,90,72,90,7
boss_v_a2_r8,boss_v_b1_s1_cam01920,rang=8 hoch 2-20 rechts 21-160,95,96,8,8,90,90,72,90,8
boss_v_a2_r9,boss_v_b1_s1_cam01920,rang=9 hoch 2-20 rechts 21-160,95,96,9,9,100,100,72,100,9
boss_v_a2_r11,boss_v_b1_s1_cam01920,rang=11 hoch 2-20 rechts 21-160,95,96,11,11,100,100,72,100,11
boss_v_a2_r15,boss_v_b1_s1_cam01920,rang=15 hoch 2-20 rechts 21-160,95,96,15,15,100,100,72,100,15
boss_v_a2_r16,boss_v_b1_s1_cam01920,rang=16 hoch 2-20 rechts 21-160,95,96,16,16,110,110,72,110,16
boss_v_a2_r19,boss_v_b1_s1_cam01920,rang=19 hoch 2-20 rechts 21-160,95,96,19,19,110,110,72,110,19
boss_v_a2_r23,boss_v_b1_s1_cam01920,rang=23 hoch 2-20 rechts 21-160,95,96,23,23,110,110,72,110,23
boss_v_a2_r24,boss_v_b1_s1_cam01920,rang=24 hoch 2-20 rechts 21-160,95,96,24,24,120,120,72,120,24
boss_v_a_w8_24_40,boss_v_b1_s1_cam01984,rang 8 bis 40; 24 ab 41,39,40,8,8,90,90,72,90,24
boss_v_a_w8_24_39,boss_v_b1_s1_cam01984,rang 8 bis 39; 24 ab 40,39,40,24,8,120,120,72,120,24
boss_v_a_w24_9_40,boss_v_b1_s1_cam01984,rang 24 bis 40; 9 ab 41,39,40,24,24,120,120,72,120,9
boss_v_a_w24_9_39,boss_v_b1_s1_cam01984,rang 24 bis 39; 9 ab 40,39,40,9,24,100,100,72,100,9
boss_v_a_nat,boss_v_b1_s1_cam01984,natuerlicher Rang,39,40,16,16,110,110,72,110,17
boss_v_a2_nat,boss_v_b1_s1_cam01920,natuerlicher Rang,95,96,16,16,110,110,72,110,17

# V b treffer
lauf,teil,h,art,schaden,zurueck,stand,rang,b_st_vor,b_akt_vor,b_anim_vor,att_vor,att_h,flaeche_h-1,flaeche_h,st3_dauer,rueckzug,rueckzug_dx,folge
boss_v_k_10,B,13,stufe1,3,3,zurueck,12,1,0,49f48,0,0,1,1,55,54,-48,3/0@0 3/8@1 1/0@55 1/4@105 1/0@119 1/6@150 1/0@230
boss_v_e_10,B,13,stufe1,3,3,zurueck,12,1,0,49f48,0,0,1,1,55,54,-48,3/0@0 3/8@1 1/0@55 1/4@105 1/0@119 1/6@150
boss_v_k_17,B,20,stufe1,3,3,zurueck,12,1,0,49f92,0,0,1,1,55,54,-48,3/0@0 3/8@1 1/0@55 1/4@98 1/0@112 1/6@143 1/0@223
boss_v_e_17,B,20,stufe1,3,3,zurueck,12,1,0,49f92,0,0,1,1,55,54,-48,3/0@0 3/8@1 1/0@55 1/4@98 1/0@112 1/6@143
boss_v_k_24,B,27,stufe1,3,0,dauerhaft,12,1,4,49ea4,0,0,1,1,15,,,3/6@0 1/0@15 T@17
boss_v_k_24,B,44,stufe2,4,0,dauerhaft,12,1,0,49efa,0,0,1,1,15,,,3/6@0 1/0@15 T@18
boss_v_k_24,B,62,stufe3,5,0,dauerhaft,12,1,0,49efa,0,0,1,1,17,,,3/0@0 T@17
boss_v_k_24,B,79,stufe4,10,0,dauerhaft,12,3,0,4b03e,0,0,1,1,1,,,3/c@0 2/c@1 1/0@125 1/6@156
boss_v_e_24,B,27,stufe1,3,0,dauerhaft,12,1,4,49ea4,0,0,1,1,15,,,3/6@0 1/0@15 1/6@21 1/0@49 1/4@84 1/0@100
boss_v_k_31,B,34,stufe1,3,0,dauerhaft,12,1,4,49ea4,0,0,1,1,15,,,3/6@0 1/0@15 T@17
boss_v_k_31,B,51,stufe2,4,0,dauerhaft,12,1,0,49efa,0,0,1,1,15,,,3/6@0 1/0@15 T@18
boss_v_k_31,B,69,stufe3,5,0,dauerhaft,12,1,0,49efa,0,0,1,1,17,,,3/0@0 T@17
boss_v_k_31,B,86,stufe4,10,0,dauerhaft,12,3,0,4b03e,0,0,1,1,1,,,3/c@0 2/c@1 1/0@125 1/6@156
boss_v_e_31,B,34,stufe1,3,0,dauerhaft,12,1,4,49ea4,0,0,1,1,15,,,3/6@0 1/0@15 1/6@21 1/0@49 1/4@84 1/0@100
boss_v_k_38,B,41,stufe1,3,0,dauerhaft,12,1,0,49efa,0,0,1,1,17,,,3/0@0 T@17
boss_v_k_38,B,58,stufe2,4,0,dauerhaft,12,3,0,4b03e,0,0,1,1,15,,,3/4@0 1/0@15 1/6@17 T@18
boss_v_k_38,B,76,stufe3,5,0,dauerhaft,12,1,6,4a97e,0,0,1,1,17,,,3/0@0 T@17
boss_v_k_38,B,93,stufe4,10,5,halb,12,3,0,4b03e,0,0,1,1,1,,,3/c@0 2/1e@1 1/0@46 1/6@60 1/0@133 1/4@152 1/0@168 1/6@201
boss_v_e_38,B,41,stufe1,3,0,dauerhaft,12,1,0,49efa,0,0,1,1,27,,,3/0@0 1/0@27 1/6@29 1/0@57
boss_v_k_45,B,48,stufe1,3,0,dauerhaft,12,1,0,49f48,0,0,1,1,17,,,3/0@0 T@17
boss_v_k_45,B,65,stufe2,4,0,dauerhaft,12,3,0,4b03e,0,0,1,1,15,,,3/4@0 1/0@15 1/6@17 T@18
boss_v_k_45,B,83,stufe3,5,0,dauerhaft,12,1,6,4a97e,0,0,1,1,17,,,3/0@0 T@17
boss_v_k_45,B,100,stufe4,10,5,halb,12,3,0,4b03e,0,0,1,1,1,,,3/c@0 2/1e@1 1/0@46 1/6@64 1/0@137 1/4@145 1/0@155 1/4@195
boss_v_e_45,B,48,stufe1,3,0,dauerhaft,12,1,0,49f48,0,0,1,1,27,,,3/0@0 1/0@27 1/6@29 1/0@57
boss_v_k_52,B,55,stufe1,3,0,dauerhaft,12,1,6,4aa82,4c02,4c02,1,1,15,,,3/6@0 1/0@15 T@17
boss_v_k_52,B,72,stufe2,4,0,dauerhaft,12,1,0,49efa,0,0,1,1,15,,,3/4@0 1/0@15 T@18
boss_v_k_52,B,90,stufe3,5,0,dauerhaft,12,1,0,49efa,0,0,1,1,17,,,3/0@0 T@17
boss_v_k_52,B,107,stufe4,10,5,halb,12,3,0,4b03e,0,0,1,1,1,,,3/c@0 2/1e@1 1/0@46 1/6@68 1/0@141 1/4@144 1/0@158
boss_v_e_52,B,55,stufe1,3,0,dauerhaft,12,1,6,4aa82,4c02,4c02,1,1,15,,,3/6@0 1/0@15 1/6@21 1/0@48 1/4@73 1/0@85
boss_v_sp_10,B,25,spezial,6,0,dauerhaft,12,1,6,4aa82,4c02,4c02,1,1,78,,,3/12@0 1/0@78 1/6@110
boss_v_sp_19,B,34,spezial,6,0,dauerhaft,12,1,4,49ea4,0,0,1,1,78,,,3/12@0 1/0@78 1/6@99 1/0@186 1/4@205 1/0@215
boss_v_sp_28,B,43,spezial,6,0,dauerhaft,12,1,6,4a97e,0,0,1,1,78,,,3/12@0 1/0@78 1/6@111 1/0@181 1/4@223 1/0@233
boss_v_sp_37,B,52,spezial,6,0,dauerhaft,12,1,6,4aa82,4c02,4c02,1,1,78,,,3/12@0 1/0@78 1/6@111 1/0@181 1/4@222 1/0@232
boss_v_sp_46,B,61,spezial,6,0,dauerhaft,12,1,6,4aa82,4c02,4c02,1,1,78,,,3/12@0 1/0@78 1/4@103 1/0@117 1/6@127 1/0@214 1/4@244
boss_v_sa_10,B,27,sprintangriff,9,0,dauerhaft,12,1,4,49ea4,0,0,1,1,1,,,3/c@0 2/c@1 1/0@105 1/6@121 1/0@191 1/4@215 1/0@227
boss_v_sa_21,B,38,sprintangriff,9,0,dauerhaft,12,1,0,49efa,0,0,1,1,1,,,3/c@0 2/c@1 1/0@105 1/6@123 1/0@196
boss_v_gk_21,B,46,knie,4,0,dauerhaft,12,3,2,49d08,6,6,1,1,20,,,3/4@0 3/2@15 T@20
boss_v_gk_21,B,66,knie,4,0,dauerhaft,12,3,2,49d08,6,6,1,1,20,,,3/4@0 3/2@15 T@20
boss_v_gk_21,B,86,knie,4,0,dauerhaft,12,3,2,49d08,6,6,1,1,1,,,3/c@0 2/c@1 1/0@103 1/6@117
boss_v_gw_21,B,42,wurf,14,0,dauerhaft,12,3,2,49d08,6,6,1,1,116,,,3/2@0 3/6@21 3/c@74 1/0@116 1/6@139
boss_v_gr_21,B,42,wurf,14,0,dauerhaft,12,3,2,49d08,6,6,1,1,44,,,3/2@0 3/6@21 2/6@44 2/c@75 1/0@121 1/6@144
boss_v_sa_32,B,49,sprintangriff,9,0,dauerhaft,12,1,6,4a6ca,0,0,1,1,1,,,3/c@0 2/c@1 1/0@109 1/6@138 1/0@218 1/4@228
boss_v_gk_32,B,57,knie,4,0,dauerhaft,12,3,2,49d08,6,6,1,1,20,,,3/4@0 3/2@15 T@20
boss_v_gk_32,B,77,knie,4,0,dauerhaft,12,3,2,49d08,6,6,1,1,20,,,3/4@0 3/2@15 T@20
boss_v_gk_32,B,97,knie,4,0,dauerhaft,12,3,2,49d08,6,6,1,1,1,,,3/c@0 2/c@1 1/0@119 1/6@133
boss_v_gw_32,B,53,wurf,14,0,dauerhaft,12,3,2,49d08,6,6,1,1,144,,,3/2@0 3/6@21 3/c@74 1/0@144 1/6@165
boss_v_gr_32,B,53,wurf,14,0,dauerhaft,12,3,2,49d08,6,6,1,1,44,,,3/2@0 3/6@21 2/6@44 2/c@75 1/0@117 1/6@138
boss_v_sa_43,B,60,sprintangriff,9,0,dauerhaft,12,1,6,4b842,0,0,1,1,1,,,3/c@0 2/c@1 1/0@116 1/4@135 1/0@145 1/6@149 1/0@219
boss_v_gk_43,B,68,knie,4,0,dauerhaft,12,3,2,49d08,6,6,1,1,20,,,3/4@0 3/2@15 T@20
boss_v_gk_43,B,88,knie,4,0,dauerhaft,12,3,2,49d08,6,6,1,1,20,,,3/4@0 3/2@15 T@20
boss_v_gk_43,B,108,knie,4,0,dauerhaft,12,3,2,49d08,6,6,1,1,1,,,3/c@0 2/c@1 1/0@119 1/6@133
boss_v_gw_43,B,64,wurf,14,0,dauerhaft,12,3,2,49d08,6,6,1,1,144,,,3/2@0 3/6@21 3/c@74 1/0@144 1/6@158
boss_v_gr_43,B,64,wurf,14,0,dauerhaft,12,3,2,49d08,6,6,1,1,44,,,3/2@0 3/6@21 2/6@44 2/c@75 1/0@117 1/6@131 1/0@256
boss_v_m_70,B,33,rakete,8,0,dauerhaft,17,1,0,49fd6,0,0,1,1,132,,,3/14@0 3/c@82 1/0@132 1/4@182 1/0@192 1/6@224
boss_v_m_90,B,33,rakete,8,0,dauerhaft,17,1,6,4b886,0,0,1,1,138,,,3/14@0 3/c@88 1/0@138 1/4@155 1/0@165 1/4@205 1/0@217 1/4@257
boss_v_m_110,B,33,rakete,8,0,dauerhaft,17,1,6,49fd6,0,0,1,1,140,,,3/14@0 3/c@82 1/0@140 1/6@176 1/0@256
boss_v_m_150,B,33,rakete,8,0,dauerhaft,17,1,0,49fd6,0,0,1,1,132,,,3/14@0 3/c@82 1/0@132 1/4@182 1/0@192 1/6@224
boss_v_m_170,B,33,rakete,8,0,dauerhaft,17,1,0,49fd6,0,0,1,1,132,,,3/14@0 3/c@82 1/0@132 1/4@182 1/0@192 1/6@224
boss_v_l_80,B,12,laser,6,0,dauerhaft,16,1,0,49efa,0,0,1,1,1,,,3/c@0 2/c@1 1/0@125 1/6@134 1/0@214 1/4@243 1/0@259
boss_v_l_100,B,14,laser,6,0,dauerhaft,16,1,0,49efa,0,0,1,1,1,,,3/c@0 2/c@1 1/0@125 1/6@132 1/0@212 1/4@241 1/0@255
boss_v_l_120,B,16,laser,6,0,dauerhaft,16,1,6,49efa,0,0,1,1,1,,,3/c@0 2/c@1 1/0@121 1/4@156 1/0@170 1/6@186
boss_v_l_140,B,17,laser,6,0,dauerhaft,16,1,0,49efa,0,0,1,1,1,,,3/c@0 2/c@1 1/0@125 1/6@129 1/0@209 1/4@238 1/0@250
boss_v_l_160,B,18,laser,6,0,dauerhaft,16,1,0,49efa,0,0,1,1,1,,,3/c@0 2/c@1 1/0@125 1/6@128 1/0@208 1/4@237 1/0@249
boss_v_k20_130,B,153,knie,4,0,dauerhaft,20,3,2,49d08,6,6,1,1,35,,,3/4@0 3/2@15 T@35
boss_v_k20_130,B,188,knie,4,0,dauerhaft,20,3,2,49d08,6,6,1,1,62,,,3/4@0 3/2@15 1/0@62 2/0@63 2/2@64 2/4@71 2/a@121 1/0@188
boss_v_k20_136,B,159,knie,4,0,dauerhaft,20,3,2,49d08,6,6,1,1,35,,,3/4@0 3/2@15 T@35
boss_v_k20_136,B,194,knie,4,0,dauerhaft,20,3,2,49d08,6,6,1,1,62,,,3/4@0 3/2@15 1/0@62 2/0@63 2/2@64 2/4@71 2/a@121 1/0@188
boss_v_k20_142,B,165,knie,4,0,dauerhaft,20,3,2,49d08,6,6,1,1,35,,,3/4@0 3/2@15 T@35
boss_v_k20_142,B,200,knie,4,0,dauerhaft,20,3,2,49d08,6,6,1,1,62,,,3/4@0 3/2@15 1/0@62 1/6@63 1/0@91 1/6@229
boss_v_k20_148,B,171,knie,4,0,dauerhaft,20,3,2,49d08,6,6,1,1,35,,,3/4@0 3/2@15 T@35
boss_v_k20_148,B,206,knie,4,0,dauerhaft,20,3,2,49d08,6,6,1,1,62,,,3/4@0 3/2@15 1/0@62 1/6@63 1/0@91 1/6@229
boss_v_k20_154,B,177,knie,4,0,dauerhaft,20,3,2,49d08,6,6,1,1,35,,,3/4@0 3/2@15 T@35
boss_v_k20_154,B,212,knie,4,0,dauerhaft,20,3,2,49d08,6,6,1,1,62,,,3/4@0 3/2@15 1/0@62 1/6@63 1/0@90 1/4@120 1/0@134 1/4@174 1/0@186 1/6@218
boss_v_k20_160,B,183,knie,4,0,dauerhaft,20,3,2,49d08,6,6,1,1,35,,,3/4@0 3/2@15 T@35
boss_v_k20_160,B,218,knie,4,0,dauerhaft,20,3,2,49d08,6,6,1,1,62,,,3/4@0 3/2@15 1/0@62 1/6@63 1/0@90 1/4@120 1/0@134 1/4@174 1/0@186 1/6@218
boss_v_k20_166,B,189,knie,4,0,dauerhaft,20,3,2,49d08,6,6,1,1,35,,,3/4@0 3/2@15 T@35
boss_v_k20_166,B,224,knie,4,0,dauerhaft,20,3,2,49d08,6,6,1,1,62,,,3/4@0 3/2@15 1/0@62 1/6@63 1/0@90 1/4@120 1/0@134 1/4@174 1/0@186 1/6@218
boss_v_k20_172,B,195,knie,4,0,dauerhaft,20,3,2,49d08,6,6,1,1,35,,,3/4@0 3/2@15 T@35
boss_v_k20_172,B,230,knie,4,0,dauerhaft,20,3,2,49d08,6,6,1,1,62,,,3/4@0 3/2@15 1/0@62 1/6@63 1/0@90 1/4@120 1/0@134 1/4@174 1/0@186 1/6@218
boss_v_k20_178,B,201,knie,4,0,dauerhaft,20,3,2,49d08,6,6,1,1,35,,,3/4@0 3/2@15 T@35
boss_v_k20_178,B,236,knie,4,0,dauerhaft,20,3,2,49d08,6,6,1,1,62,,,3/4@0 3/2@15 1/0@62 1/6@63 1/0@90 1/4@120 1/0@134 1/4@174 1/0@186 1/6@218
boss_v_k20_184,B,207,knie,4,0,dauerhaft,20,3,2,49d08,6,6,1,1,35,,,3/4@0 3/2@15 T@35
boss_v_k20_184,B,242,knie,4,0,dauerhaft,20,3,2,49d08,6,6,1,1,62,,,3/4@0 3/2@15 1/0@62 2/0@63 2/2@64 2/4@71 2/a@121 1/0@188
boss_v_k20_190,B,213,knie,4,0,dauerhaft,20,3,2,49d08,6,6,1,1,35,,,3/4@0 3/2@15 T@35
boss_v_k20_190,B,248,knie,4,0,dauerhaft,20,3,2,49d08,6,6,1,1,62,,,3/4@0 3/2@15 1/0@62 2/0@63 2/2@64 2/4@71 2/a@121 1/0@188
boss_v_r24jn_10,B,20,sprungangriff_neutral,7,7,zurueck,24,1,6,4a97e,0,0,1,1,55,54,-48,3/c@0 3/8@1 1/0@55 1/6@81
boss_v_r24jh_10,B,22,sprungangriff_hoch,12,12,zurueck,24,1,6,4a9d2,0,0,1,1,55,54,-48,3/c@0 3/8@1 1/0@55 1/6@81
boss_v_r24sa_10,B,27,sprintangriff,9,9,zurueck,24,1,4,49ea4,0,0,1,1,55,54,-48,3/c@0 3/8@1 1/0@55 1/4@95 1/0@109 1/6@141
boss_v_r24sp_10,B,25,spezial,6,0,dauerhaft,24,1,6,4aa82,4c02,4c02,1,1,78,,,3/12@0 1/0@78 1/6@110
boss_v_r24k_10,B,13,stufe1,3,3,zurueck,24,1,0,49f48,0,0,1,1,55,54,-48,3/0@0 3/8@1 1/0@55 1/4@105 1/0@119 1/6@150
boss_v_r24jn_15,B,25,sprungangriff_neutral,7,7,zurueck,24,1,6,4a97e,0,0,1,1,55,54,-48,3/c@0 3/8@1 1/0@55 1/6@76
boss_v_r24jh_15,B,27,sprungangriff_hoch,12,12,zurueck,24,1,6,4a9d2,0,0,1,1,55,54,-48,3/c@0 3/8@1 1/0@55 1/6@76
boss_v_r24sa_15,B,32,sprintangriff,9,9,zurueck,24,1,4,49ea4,0,0,1,1,55,54,-48,3/c@0 3/8@1 1/0@55 1/4@95 1/0@109 1/6@141
boss_v_r24sp_15,B,30,spezial,6,0,dauerhaft,24,1,6,4aa82,4c02,4c02,1,1,78,,,3/12@0 1/0@78 1/6@110
boss_v_r24k_15,B,18,stufe1,3,3,zurueck,24,1,0,49f92,0,0,1,1,55,54,-48,3/0@0 3/8@1 1/0@55 1/4@100 1/0@114 1/6@145
boss_v_r24jn_20,B,30,sprungangriff_neutral,7,7,zurueck,24,1,4,49ea4,0,0,1,1,55,54,-48,3/c@0 3/8@1 1/0@55 1/4@95 1/0@109 1/6@141
boss_v_r24jh_20,B,32,sprungangriff_hoch,12,12,zurueck,24,1,4,49ea4,0,0,1,1,55,54,-48,3/c@0 3/8@1 1/0@55 1/4@95 1/0@109 1/6@141
boss_v_r24sa_20,B,37,sprintangriff,9,9,zurueck,24,1,0,49efa,0,0,1,1,55,54,-48,3/c@0 3/8@1 1/0@55 1/4@93 1/0@107 1/6@139
boss_v_r24sp_20,B,35,spezial,6,0,dauerhaft,24,1,4,49ea4,0,0,1,1,78,,,3/12@0 1/0@78 1/6@99
boss_v_r24g_20,B,45,knie,4,0,dauerhaft,24,3,2,49d08,6,6,1,1,16,,,3/4@0 3/2@15 T@16
boss_v_r24g_20,B,61,wurf,14,0,dauerhaft,24,3,2,49d08,6,6,1,1,116,,,3/2@0 3/6@21 3/c@74 1/0@116 1/6@139
boss_v_r24k_20,B,23,stufe1,3,3,zurueck,24,1,0,49f92,0,0,1,1,55,54,-48,3/0@0 3/8@1 1/0@55 1/4@95 1/0@109 1/6@141
boss_v_r24jn_25,B,35,sprungangriff_neutral,7,7,zurueck,24,1,4,49ea4,0,0,1,1,55,54,-48,3/c@0 3/8@1 1/0@55 1/4@95 1/0@109 1/6@141
boss_v_r24jh_25,B,37,sprungangriff_hoch,12,12,zurueck,24,1,0,49efa,0,0,1,1,55,54,-48,3/c@0 3/8@1 1/0@55 1/4@93 1/0@107 1/6@139
boss_v_r24sa_25,B,42,sprintangriff,9,9,zurueck,24,1,0,49efa,0,0,1,1,55,54,-48,3/c@0 3/8@1 1/0@55 1/4@88 1/0@102 1/6@134
boss_v_r24sp_25,B,40,spezial,6,0,dauerhaft,24,1,0,49efa,0,0,1,1,78,,,3/12@0 1/0@78 1/6@94 1/0@181
boss_v_r24g_25,B,50,knie,4,0,dauerhaft,24,3,2,49d08,6,6,1,1,16,,,3/4@0 3/2@15 T@16
boss_v_r24g_25,B,66,wurf,14,0,dauerhaft,24,3,2,49d08,6,6,1,1,116,,,3/2@0 3/6@21 3/c@74 1/0@116 1/6@140
boss_v_r24k_25,B,28,stufe1,3,3,zurueck,24,1,4,49ea4,0,0,1,1,55,54,-48,3/6@0 3/8@1 1/0@55 1/4@95 1/0@109 1/6@141
boss_v_r24jn_30,B,40,sprungangriff_neutral,7,7,zurueck,24,1,0,49efa,0,0,1,1,55,54,-48,3/c@0 3/8@1 1/0@55 1/4@90 1/0@104 1/6@136
boss_v_r24jh_30,B,42,sprungangriff_hoch,12,12,zurueck,24,1,0,49efa,0,0,1,1,55,54,-48,3/c@0 3/8@1 1/0@55 1/4@88 1/0@102 1/6@134
boss_v_r24sa_30,B,47,sprintangriff,9,9,zurueck,24,1,0,49f48,0,0,1,1,55,54,-48,3/c@0 3/8@1 1/0@55 1/4@83 1/0@97 1/6@129
boss_v_r24sp_30,B,45,spezial,6,0,dauerhaft,24,1,6,4a9d2,0,0,1,1,78,,,3/12@0 1/0@78 1/6@111 1/0@181
boss_v_r24g_30,B,55,knie,4,0,dauerhaft,24,3,2,49d08,6,6,1,1,16,,,3/4@0 3/2@15 T@16
boss_v_r24g_30,B,71,wurf,14,0,dauerhaft,24,3,2,49d08,6,6,1,1,144,,,3/2@0 3/6@21 3/c@74 1/0@144
boss_v_r24k_30,B,33,stufe1,3,3,zurueck,24,1,4,49ea4,0,0,1,1,55,54,-48,3/6@0 3/8@1 1/0@55 1/4@95 1/0@109 1/6@141
boss_v_r24jn_35,B,45,sprungangriff_neutral,7,0,dauerhaft,24,1,0,49f48,0,0,1,1,1,,,3/c@0 2/c@1 1/0@113 1/6@125
boss_v_r24jh_35,B,47,sprungangriff_hoch,12,0,dauerhaft,24,1,6,4a97e,0,0,1,1,1,,,3/c@0 2/c@1 1/0@113 1/6@125
boss_v_r24sa_35,B,52,sprintangriff,9,0,dauerhaft,24,1,6,4a6ca,0,0,1,1,1,,,3/c@0 2/c@1 1/0@109 1/6@138
boss_v_r24sp_35,B,50,spezial,6,0,dauerhaft,24,1,6,4aa82,4c02,4c02,1,1,78,,,3/12@0 1/0@78 1/6@111 1/0@181
boss_v_r24g_35,B,60,knie,4,0,dauerhaft,24,3,2,49d08,6,6,1,1,16,,,3/4@0 3/2@15 T@16
boss_v_r24g_35,B,76,wurf,14,0,dauerhaft,24,3,2,49d08,6,6,1,1,144,,,3/2@0 3/6@21 3/c@74 1/0@144
boss_v_r24k_35,B,38,stufe1,3,3,zurueck,24,1,0,49efa,0,0,1,1,55,54,-48,3/0@0 3/8@1 1/0@55 1/4@92 1/0@106 1/6@138
boss_v_r24jn_40,B,50,sprungangriff_neutral,7,0,dauerhaft,24,1,6,4a97e,0,0,1,1,1,,,3/c@0 2/c@1 1/0@113 1/6@122
boss_v_r24jh_40,B,52,sprungangriff_hoch,12,0,dauerhaft,24,1,6,4a9d2,0,0,1,1,1,,,3/c@0 2/c@1 1/0@113 1/6@122
boss_v_r24sa_40,B,57,sprintangriff,9,0,dauerhaft,24,1,6,49f92,0,0,1,1,1,,,3/c@0 2/c@1 1/0@109 1/6@123
boss_v_r24sp_40,B,55,spezial,6,0,dauerhaft,24,1,6,4aa82,4c02,4c02,1,1,78,,,3/12@0 1/0@78 1/4@109 1/0@123 1/6@126
boss_v_r24g_40,B,65,knie,4,0,dauerhaft,24,3,2,49d08,6,6,1,1,16,,,3/4@0 3/2@15 T@16
boss_v_r24g_40,B,81,wurf,14,0,dauerhaft,24,3,2,49d08,6,6,1,1,144,,,3/2@0 3/6@21 3/c@74 1/0@144
boss_v_r24k_40,B,43,stufe1,3,3,zurueck,24,1,0,49efa,0,0,1,1,55,54,-48,3/0@0 3/8@1 1/0@55 1/4@87 1/0@101 1/6@133
boss_v_r24jn_45,B,55,sprungangriff_neutral,7,0,dauerhaft,24,1,6,4a97e,0,0,1,1,1,,,3/c@0 2/c@1 1/0@113 1/6@116
boss_v_r24jh_45,B,57,sprungangriff_hoch,12,0,dauerhaft,24,1,6,4a97e,0,0,1,1,1,,,3/c@0 2/c@1 1/0@113 1/6@116
boss_v_r24sa_45,B,62,sprintangriff,9,0,dauerhaft,24,1,6,4b886,0,0,1,1,1,,,3/c@0 2/c@1 1/0@118 1/4@137 1/0@147 1/6@154
boss_v_r24sp_45,B,60,spezial,6,0,dauerhaft,24,1,6,4aa82,4c02,4c02,1,1,78,,,3/12@0 1/0@78 1/4@104 1/0@118 1/6@127
boss_v_r24g_45,B,70,knie,4,0,dauerhaft,24,3,2,49d08,6,6,1,1,16,,,3/4@0 3/2@15 T@16
boss_v_r24g_45,B,86,wurf,14,0,dauerhaft,24,3,2,49d08,6,6,1,1,144,,,3/2@0 3/6@21 3/c@74 1/0@144 1/6@156
boss_v_r24k_45,B,48,stufe1,3,3,zurueck,24,1,0,49f48,0,0,1,1,55,54,-48,3/0@0 3/8@1 1/0@55 1/4@82 1/0@96 1/6@128
boss_v_r24jn_50,B,60,sprungangriff_neutral,7,0,dauerhaft,24,1,6,4aae2,0,0,1,1,1,,,3/c@0 2/c@1 1/0@113 1/6@124
boss_v_r24jh_50,B,62,sprungangriff_hoch,12,0,dauerhaft,24,1,6,4ab32,0,0,1,1,1,,,3/c@0 2/c@1 1/0@113 1/6@124
boss_v_r24sa_50,B,67,sprintangriff,9,0,dauerhaft,24,1,0,49efa,0,0,1,1,1,,,3/c@0 2/c@1 1/0@113 1/6@123
boss_v_r24sp_50,B,71,spezial,6,0,dauerhaft,24,1,0,49efa,0,0,1,1,78,,,3/12@0 1/0@78 1/4@103 1/0@117 1/6@149
boss_v_r24g_50,B,75,knie,4,0,dauerhaft,24,3,2,49d08,6,6,1,1,16,,,3/4@0 3/2@15 T@16
boss_v_r24g_50,B,91,wurf,14,0,dauerhaft,24,3,2,49d08,6,6,1,1,144,,,3/2@0 3/6@21 3/c@74 1/0@144 1/6@155
boss_v_r24k_50,B,53,stufe1,3,0,dauerhaft,24,1,6,4aa22,8000,4c02,1,1,15,,,3/6@0 1/0@15 T@17
boss_v_r24k_50,B,70,stufe2,4,0,dauerhaft,24,1,0,49efa,0,0,1,1,15,,,3/4@0 1/0@15 T@18
boss_v_r24k_50,B,88,stufe3,5,0,dauerhaft,24,1,0,49efa,0,0,1,1,17,,,3/0@0 T@17
boss_v_r24k_50,B,105,stufe4,10,5,halb,24,3,0,4b03e,0,0,1,1,1,,,3/c@0 2/1e@1 1/0@46 1/6@52 1/0@125 1/4@144
boss_v_r24l_70,B,12,laser,6,0,dauerhaft,24,1,0,49efa,0,0,1,1,1,,,3/c@0 2/c@1 1/0@125 1/6@134
boss_v_r24l_80,B,12,laser,6,0,dauerhaft,24,1,0,49efa,0,0,1,1,1,,,3/c@0 2/c@1 1/0@125 1/6@134
boss_v_r24l_90,B,14,laser,6,0,dauerhaft,24,1,0,49efa,0,0,1,1,1,,,3/c@0 2/c@1 1/0@125 1/6@132
boss_v_r24l_100,B,14,laser,6,0,dauerhaft,24,1,0,49efa,0,0,1,1,1,,,3/c@0 2/c@1 1/0@125 1/6@132
boss_v_r24l_110,B,15,laser,6,0,dauerhaft,24,1,0,49efa,0,0,1,1,1,,,3/c@0 2/c@1 1/0@125 1/6@131
boss_v_r24l_120,B,16,laser,6,0,dauerhaft,24,1,6,49efa,0,0,1,1,1,,,3/c@0 2/c@1 1/0@121 1/4@156 1/0@170
boss_v_r24l_130,B,16,laser,6,0,dauerhaft,24,1,6,4a6ca,0,0,1,1,1,,,3/c@0 2/c@1 1/0@121 1/4@160 1/0@174
boss_v_r24l_140,B,17,laser,6,0,dauerhaft,24,1,0,49efa,0,0,1,1,1,,,3/c@0 2/c@1 1/0@125 1/6@129
boss_v_w_h56,W,15,stufe1,3,3,zurueck,12,1,0,49f48,0,0,1,1,55,54,-48,3/0@0 3/8@1 1/0@55 1/4@63 1/0@79 1/6@100
boss_v_w_h57,W,15,stufe1,3,3,zurueck,12,1,0,49f48,0,0,1,1,55,54,-48,3/0@0 3/8@1 1/0@55 1/4@63 1/0@79 1/6@100
boss_v_w_h58,W,15,stufe1,3,3,zurueck,12,1,0,49f48,0,0,1,1,55,54,-48,3/0@0 3/8@1 1/0@55 1/4@63 1/0@79 1/6@100
boss_v_w_h59,W,15,stufe1,3,3,zurueck,12,1,0,49f48,0,0,1,1,55,54,-48,3/0@0 3/8@1 1/0@55 1/4@103 1/0@117 1/6@148
boss_v_w_r58_20,W,23,stufe1,3,0,dauerhaft,12,1,0,49f92,0,0,1,1,27,,,3/0@0 1/0@27 1/6@30 1/0@58 1/4@136
boss_v_w_r58_34,W,37,stufe1,3,0,dauerhaft,12,1,0,49efa,0,0,1,1,15,,,3/6@0 1/0@15 1/6@19 1/0@47 1/4@122 1/0@134
boss_v_w_r58_48,W,51,stufe1,3,0,dauerhaft,12,1,6,4a6ca,0,0,1,1,15,,,3/6@0 1/0@15 1/4@48 1/0@62 1/6@71 1/0@140
boss_v_w_r58_62,W,65,stufe1,3,0,dauerhaft,12,1,6,4a26a,4c0c,0,1,1,15,,,3/6@0 1/0@15 1/6@19 1/0@47 1/4@77 1/0@93
boss_v_w_r58_76,W,79,stufe1,3,0,dauerhaft,12,1,6,4a3f6,0,0,1,1,15,,,3/6@0 1/0@15 1/6@16 1/0@44 1/4@77 1/0@91
boss_v_w_v28,W,63,stufe1,3,0,dauerhaft,12,1,6,4a6ca,0,4c0c,1,1,15,,,3/6@0 1/0@15 1/6@55 1/0@140 1/6@170 1/0@250 1/4@253
boss_v_w_v28_e1,W,63,stufe1,3,0,dauerhaft,12,1,6,4a6ca,0,4c0c,1,1,15,,,3/6@0 1/0@15 1/6@55 1/0@124 1/6@214
boss_v_w_v28_e2,W,63,stufe1,3,0,dauerhaft,12,1,6,4a6ca,0,4c0c,1,1,15,,,3/6@0 1/0@15 1/6@57 1/0@144 1/6@204
boss_v_w_v29,W,63,stufe1,3,0,dauerhaft,12,1,6,4a6ca,0,4c0c,1,1,15,,,3/6@0 1/0@15 1/6@55 1/0@140 1/6@170 1/0@250 1/4@253
boss_v_w_v29_e1,W,63,stufe1,3,0,dauerhaft,12,1,6,4a6ca,0,4c0c,1,1,15,,,3/6@0 1/0@15 1/6@55 1/0@124 1/6@214
boss_v_w_v29_e2,W,63,stufe1,3,0,dauerhaft,12,1,6,4a6ca,0,4c0c,1,1,15,,,3/6@0 1/0@15 1/6@57 1/0@144 1/6@204
boss_v_w_v30,W,63,stufe1,3,0,dauerhaft,12,1,6,4a6ca,0,4c0c,1,1,15,,,3/6@0 1/0@15 1/6@55 1/0@140 1/6@170 1/0@250 1/4@253
boss_v_w_v30_e1,W,63,stufe1,3,0,dauerhaft,12,1,6,4a6ca,0,4c0c,1,1,15,,,3/6@0 1/0@15 1/6@55 1/0@124 1/6@214
boss_v_w_v30_e2,W,63,stufe1,3,0,dauerhaft,12,1,6,4a6ca,0,4c0c,1,1,15,,,3/6@0 1/0@15 1/6@57 1/0@144 1/6@204
boss_v_w_v31,W,63,stufe1,3,0,dauerhaft,12,1,6,4a6ca,0,4c0c,1,1,15,,,3/6@0 1/0@15 1/6@56 1/0@125 1/4@157 1/0@173 1/6@237
boss_v_w_v31_e1,W,63,stufe1,3,0,dauerhaft,12,1,6,4a6ca,0,4c0c,1,1,15,,,3/6@0 1/0@15 1/6@55 1/0@140 1/6@190
boss_v_w_v31_e2,W,63,stufe1,3,0,dauerhaft,12,1,6,4a6ca,0,4c0c,1,1,15,,,3/6@0 1/0@15 1/4@48 1/0@58 1/6@66 1/0@150 1/4@182 1/0@196 1/6@215
boss_v_t_lp3,T,15,stufe1,3,3,zurueck,12,1,0,49f48,0,0,1,1,55,54,-48,3/0@0 3/8@1 1/0@55 1/6@113 1/0@186 1/4@256
boss_v_t_todk,T,923,knie,4,0,dauerhaft,12,3,2,49d08,6,6,1,1,1,,,3/4@0 2/0@1 2/2@3 2/4@97 2/8@117
boss_v_t_k1100r,T,1103,stufe1,3,0,dauerhaft,12,1,0,49f92,0,0,1,1,1,,,3/0@0 2/0@1 2/2@3 2/4@93 2/8@113
boss_v_t_todsp,T,934,spezial,6,0,dauerhaft,12,1,6,4a67c,0,0,1,1,1,,,3/12@0 2/0@1 2/2@2 2/4@78
boss_v_li_s0,LI,27,sprintangriff,9,0,dauerhaft,12,1,4,49ea4,0,0,1,1,1,,,3/c@0 2/c@1 1/0@105 T@123
boss_v_li_s0,LI,150,stufe1,3,0,dauerhaft,12,1,0,49f92,0,0,1,1,17,,,3/0@0 T@17
boss_v_li_s0,LI,167,stufe2,4,0,dauerhaft,12,3,0,4b03e,0,0,1,1,15,,,3/4@0 1/0@15 T@17
boss_v_li_s0,LI,184,stufe3,5,5,zurueck,12,1,0,49efa,0,0,1,1,55,54,-48,3/0@0 3/8@1 1/0@55 T@63
boss_v_li_s0,LI,247,stufe1,3,0,dauerhaft,12,1,0,49efa,0,0,0,1,14,,,3/0@0
boss_v_li_p0,LI,25,spezial,6,0,dauerhaft,12,1,6,4aa82,4c02,4c02,1,1,78,,,3/12@0 1/0@78 T@87
boss_v_li_p0,LI,112,stufe1,3,0,dauerhaft,12,1,0,49f48,0,0,1,1,17,,,3/0@0 T@17
boss_v_li_p0,LI,129,stufe2,4,4,zurueck,12,3,0,4b03e,0,0,1,1,55,54,-48,3/4@0 3/8@1 1/0@55 T@63
boss_v_li_p0,LI,192,stufe1,3,0,dauerhaft,12,1,0,49efa,0,0,0,1,19,,,3/0@0
boss_v_li_r0,LI,13,stufe1,3,3,zurueck,12,1,0,49f48,0,0,1,1,55,54,-48,3/0@0 3/8@1 1/0@55 T@63
boss_v_li_r0,LI,76,stufe1,3,0,dauerhaft,12,1,0,49efa,0,0,0,1,15,,,3/0@0 T@15
boss_v_li_r0,LI,91,stufe2,4,0,dauerhaft,12,3,0,4b03e,0,0,1,1,15,,,3/4@0 1/0@15 T@17
boss_v_li_r0,LI,108,stufe3,5,0,dauerhaft,12,1,0,49efa,0,0,1,1,15,,,3/0@0 T@15
boss_v_li_r0,LI,123,stufe4,10,5,halb,12,3,0,4b03e,0,0,1,1,1,,,3/c@0 2/1e@1
boss_v_li_s2,LI,27,sprintangriff,9,0,dauerhaft,12,1,4,49ea4,0,0,1,1,1,,,3/c@0 2/c@1 1/0@105 T@125
boss_v_li_s2,LI,152,stufe1,3,0,dauerhaft,12,1,0,49f92,0,0,1,1,17,,,3/0@0 T@17
boss_v_li_s2,LI,169,stufe2,4,0,dauerhaft,12,3,0,4b03e,0,0,1,1,15,,,3/4@0 1/0@15 1/6@16 T@17
boss_v_li_s2,LI,186,stufe3,5,0,dauerhaft,12,1,6,49efa,0,0,1,1,15,,,3/0@0 T@15
boss_v_li_s2,LI,201,stufe4,10,10,zurueck,12,3,0,4b03e,0,0,1,1,55,54,-48,3/c@0 3/8@1 1/0@55
boss_v_li_p2,LI,25,spezial,6,0,dauerhaft,12,1,6,4aa82,4c02,4c02,1,1,78,,,3/12@0 1/0@78 T@81
boss_v_li_p2,LI,106,stufe1,3,0,dauerhaft,12,1,0,49efa,0,0,1,1,17,,,3/0@0 T@17
boss_v_li_p2,LI,123,stufe2,4,0,dauerhaft,12,3,0,4b03e,0,0,1,1,15,,,3/4@0 1/0@15 T@17
boss_v_li_p2,LI,140,stufe3,5,5,zurueck,12,1,0,49efa,0,0,1,1,55,54,-48,3/0@0 3/8@1 1/0@55 T@63
boss_v_li_p2,LI,203,stufe1,3,0,dauerhaft,12,1,0,49efa,0,0,0,1,8,,,3/0@0
boss_v_li_r2,LI,13,stufe1,3,3,zurueck,12,1,0,49f48,0,0,1,1,55,54,-48,3/0@0 3/8@1 1/0@55 T@63
boss_v_li_r2,LI,76,stufe1,3,0,dauerhaft,12,1,0,49efa,0,0,0,1,17,,,3/0@0 T@17
boss_v_li_r2,LI,93,stufe2,4,0,dauerhaft,12,3,0,4b03e,0,0,1,1,15,,,3/4@0 1/0@15 T@17
boss_v_li_r2,LI,110,stufe3,5,0,dauerhaft,12,1,0,49efa,0,0,1,1,21,,,3/0@0
boss_v_li_s4,LI,27,sprintangriff,9,0,dauerhaft,12,1,4,49ea4,0,0,1,1,1,,,3/c@0 2/c@1 1/0@105 T@121
boss_v_li_s4,LI,148,stufe1,3,0,dauerhaft,12,1,0,49f48,0,0,0,1,15,,,3/0@0 T@15
boss_v_li_s4,LI,163,stufe2,4,0,dauerhaft,12,3,0,4b03e,0,0,1,1,15,,,3/4@0 1/0@15 T@17
boss_v_li_s4,LI,180,stufe3,5,5,zurueck,12,1,0,49efa,0,0,1,1,55,54,-48,3/0@0 3/8@1 1/0@55 T@63
boss_v_li_s4,LI,243,stufe1,3,0,dauerhaft,12,1,0,49efa,0,0,0,1,18,,,3/0@0
boss_v_li_p4,LI,25,spezial,6,0,dauerhaft,12,1,6,4aa82,4c02,4c02,1,1,78,,,3/12@0 1/0@78 T@83
boss_v_li_p4,LI,108,stufe1,3,0,dauerhaft,12,1,0,49efa,0,0,1,1,17,,,3/0@0 T@17
boss_v_li_p4,LI,125,stufe2,4,0,dauerhaft,12,3,0,4b03e,0,0,1,1,15,,,3/4@0 1/0@15 T@17
boss_v_li_p4,LI,142,stufe3,5,5,zurueck,12,1,0,49efa,0,0,1,1,55,54,-48,3/0@0 3/8@1 1/0@55
boss_v_li_r4,LI,13,stufe1,3,3,zurueck,12,1,0,49f48,0,0,1,1,55,54,-48,3/0@0 3/8@1 1/0@55 T@65
boss_v_li_r4,LI,78,stufe1,3,0,dauerhaft,12,1,0,49f48,0,0,1,1,17,,,3/0@0 T@17
boss_v_li_r4,LI,95,stufe2,4,4,zurueck,12,3,0,4b03e,0,0,1,1,36,35,-45,3/4@0 3/8@1
boss_v_li_s6,LI,27,sprintangriff,9,0,dauerhaft,12,1,4,49ea4,0,0,1,1,1,,,3/c@0 2/c@1 1/0@105 T@121
boss_v_li_s6,LI,148,stufe1,3,0,dauerhaft,12,1,0,49f48,0,0,0,1,17,,,3/0@0 T@17
boss_v_li_s6,LI,165,stufe2,4,0,dauerhaft,12,3,0,4b03e,0,0,1,1,15,,,3/4@0 1/0@15 T@17
boss_v_li_s6,LI,182,stufe3,5,5,zurueck,12,1,0,49efa,0,0,1,1,55,54,-48,3/0@0 3/8@1 1/0@55 T@63
boss_v_li_s6,LI,245,stufe1,3,0,dauerhaft,12,1,0,49efa,0,0,0,1,16,,,3/0@0
boss_v_li_p6,LI,25,spezial,6,0,dauerhaft,12,1,6,4aa82,4c02,4c02,1,1,78,,,3/12@0 1/0@78 T@85
boss_v_li_p6,LI,110,stufe1,3,0,dauerhaft,12,1,0,49efa,0,0,1,1,17,,,3/0@0 T@17
boss_v_li_p6,LI,127,stufe2,4,0,dauerhaft,12,3,0,4b03e,0,0,1,1,15,,,3/4@0 1/0@15 T@17
boss_v_li_p6,LI,144,stufe3,5,0,dauerhaft,12,1,0,49efa,0,0,1,1,15,,,3/0@0 T@15
boss_v_li_p6,LI,159,stufe4,10,5,halb,12,3,0,4b03e,0,0,1,1,1,,,3/c@0 2/1e@1 1/0@46
boss_v_li_r6,LI,13,stufe1,3,3,zurueck,12,1,0,49f48,0,0,1,1,55,54,-48,3/0@0 3/8@1 1/0@55 T@67
boss_v_li_r6,LI,80,stufe1,3,0,dauerhaft,12,1,0,49f48,0,0,1,1,17,,,3/0@0 T@17
boss_v_li_r6,LI,97,stufe2,4,4,zurueck,12,3,0,4b03e,0,0,1,1,34,33,-43,3/4@0 3/8@1
boss_v_u31_20,U,34,stufe1,3,0,dauerhaft,12,1,4,49ea4,0,0,1,1,15,,,3/6@0 1/0@15 T@21
boss_v_u31_20,U,55,stufe2,4,0,dauerhaft,12,1,0,49efa,0,0,1,1,15,,,3/4@0 1/0@15 1/6@16 1/0@44 1/4@79 1/0@91
boss_v_u31_24,U,34,stufe1,3,0,dauerhaft,12,1,4,49ea4,0,0,1,1,15,,,3/6@0 1/0@15 1/6@21 T@25
boss_v_u31_24,U,59,stufe2,4,0,dauerhaft,12,1,6,4a9d2,0,0,1,1,15,,,3/4@0 1/0@15 1/6@16 1/0@44 1/4@79 1/0@91
boss_v_u31_28,U,34,stufe1,3,0,dauerhaft,12,1,4,49ea4,0,0,1,1,15,,,3/6@0 1/0@15 1/6@21 1/0@49 1/4@84 1/0@100
boss_v_u31_30,U,34,stufe1,3,0,dauerhaft,12,1,4,49ea4,0,0,1,1,15,,,3/6@0 1/0@15 1/6@21 1/0@49 1/4@84 1/0@100
boss_v_u31_32,U,34,stufe1,3,0,dauerhaft,12,1,4,49ea4,0,0,1,1,15,,,3/6@0 1/0@15 1/6@21 1/0@49 1/4@84 1/0@100
boss_v_u31_34,U,34,stufe1,3,0,dauerhaft,12,1,4,49ea4,0,0,1,1,15,,,3/6@0 1/0@15 1/6@21 1/0@49 1/4@84 1/0@100
boss_v_u31_36,U,34,stufe1,3,0,dauerhaft,12,1,4,49ea4,0,0,1,1,15,,,3/6@0 1/0@15 1/6@21 1/0@49 1/4@84 1/0@100
boss_v_u31_38,U,34,stufe1,3,0,dauerhaft,12,1,4,49ea4,0,0,1,1,15,,,3/6@0 1/0@15 1/6@21 1/0@49 1/4@84 1/0@100
boss_v_u31_40,U,34,stufe1,3,0,dauerhaft,12,1,4,49ea4,0,0,1,1,15,,,3/6@0 1/0@15 1/6@21 1/0@49 1/4@84 1/0@100
boss_v_u31_42,U,34,stufe1,3,0,dauerhaft,12,1,4,49ea4,0,0,1,1,15,,,3/6@0 1/0@15 1/6@21 1/0@49 1/4@84 1/0@100
boss_v_u31_44,U,34,stufe1,3,0,dauerhaft,12,1,4,49ea4,0,0,1,1,15,,,3/6@0 1/0@15 1/6@21 1/0@49 1/4@84 1/0@100
boss_v_u31_48,U,34,stufe1,3,0,dauerhaft,12,1,4,49ea4,0,0,1,1,15,,,3/6@0 1/0@15 1/6@21 1/0@49 1/4@84 1/0@100
boss_v_u45_20,U,48,stufe1,3,0,dauerhaft,12,1,0,49f48,0,0,1,1,21,,,3/0@0 T@21
boss_v_u45_20,U,69,stufe2,4,0,dauerhaft,12,3,0,4b086,0,0,1,1,15,,,3/4@0 1/0@15 1/6@17 1/0@44 1/4@70 1/0@82
boss_v_u45_24,U,48,stufe1,3,0,dauerhaft,12,1,0,49f48,0,0,1,1,25,,,3/0@0 T@25
boss_v_u45_24,U,73,stufe2,4,0,dauerhaft,12,3,0,4b086,0,0,1,1,15,,,3/4@0 1/0@15 1/6@17 1/0@44 1/4@70 1/0@82
boss_v_u45_28,U,48,stufe1,3,0,dauerhaft,12,1,0,49f48,0,0,1,1,27,,,3/0@0 1/0@27 T@29
boss_v_u45_28,U,77,stufe2,4,0,dauerhaft,12,1,0,49efa,0,0,1,1,15,,,3/4@0 1/0@15 1/6@16 1/0@44 1/4@70 1/0@84
boss_v_u45_30,U,48,stufe1,3,0,dauerhaft,12,1,0,49f48,0,0,1,1,27,,,3/0@0 1/0@27 1/6@29 T@30
boss_v_u45_30,U,78,stufe1,3,0,dauerhaft,12,1,6,4a97e,0,0,1,1,27,,,3/0@0 1/0@27 1/6@28 1/0@56 1/4@82 1/0@96
boss_v_u45_32,U,48,stufe1,3,0,dauerhaft,12,1,0,49f48,0,0,1,1,27,,,3/0@0 1/0@27 1/6@29 T@32
boss_v_u45_32,U,80,stufe1,3,0,dauerhaft,12,1,6,4a97e,0,0,1,1,27,,,3/0@0 1/0@27 1/6@28 1/0@56 1/4@82 1/0@96
boss_v_u45_34,U,48,stufe1,3,0,dauerhaft,12,1,0,49f48,0,0,1,1,27,,,3/0@0 1/0@27 1/6@29 T@34
boss_v_u45_34,U,82,stufe1,3,0,dauerhaft,12,1,6,4a9d2,0,0,1,1,27,,,3/0@0 1/0@27 1/6@28 1/0@56 1/4@82 1/0@96
boss_v_u45_36,U,48,stufe1,3,0,dauerhaft,12,1,0,49f48,0,0,1,1,27,,,3/0@0 1/0@27 1/6@29 T@36
boss_v_u45_36,U,84,stufe1,3,0,dauerhaft,12,1,6,4aa22,8000,4c02,1,1,27,,,3/0@0 1/0@27 1/6@28 1/0@56 1/4@82 1/0@96
boss_v_u45_38,U,48,stufe1,3,0,dauerhaft,12,1,0,49f48,0,0,1,1,27,,,3/0@0 1/0@27 1/6@29 1/0@57
boss_v_u45_40,U,48,stufe1,3,0,dauerhaft,12,1,0,49f48,0,0,1,1,27,,,3/0@0 1/0@27 1/6@29 1/0@57
boss_v_u45_42,U,48,stufe1,3,0,dauerhaft,12,1,0,49f48,0,0,1,1,27,,,3/0@0 1/0@27 1/6@29 1/0@57
boss_v_u45_44,U,48,stufe1,3,0,dauerhaft,12,1,0,49f48,0,0,1,1,27,,,3/0@0 1/0@27 1/6@29 1/0@57
boss_v_u45_48,U,48,stufe1,3,0,dauerhaft,12,1,0,49f48,0,0,1,1,27,,,3/0@0 1/0@27 1/6@29 1/0@57
boss_v_au_45,AU,27,sprintangriff,9,0,dauerhaft,12,1,4,49ea4,0,0,1,1,1,,,3/c@0 2/c@1 1/0@105 1/6@106 1/0@134 1/4@214 1/0@228
boss_v_au_55,AU,27,sprintangriff,9,0,dauerhaft,12,1,4,49ea4,0,0,1,1,1,,,3/c@0 2/c@1 1/0@105 1/6@109 1/0@137 1/4@174 1/0@188
boss_v_au_65,AU,27,sprintangriff,9,0,dauerhaft,12,1,4,49ea4,0,0,1,1,1,,,3/c@0 2/c@1 1/0@105 1/6@115 1/0@143 1/4@174 1/0@188
boss_v_au_sp120,AU,27,sprintangriff,9,0,dauerhaft,12,1,4,49ea4,0,0,1,1,1,,,3/c@0 2/c@1 1/0@105 1/6@112 1/0@140 1/4@214 1/0@228
boss_v_au_sp124,AU,27,sprintangriff,9,0,dauerhaft,12,1,4,49ea4,0,0,1,1,1,,,3/c@0 2/c@1 1/0@105 1/6@112 1/0@140 1/4@214 1/0@228
boss_v_bot_r7,BOT,39,stufe1,3,0,dauerhaft,7,1,0,49efa,0,0,1,1,27,,,3/0@0 1/0@27 1/6@44 T@49
boss_v_bot_r7,BOT,88,stufe1,3,0,dauerhaft,7,1,6,49f92,0,0,1,1,16,,,3/0@0 T@16
boss_v_bot_r7,BOT,104,stufe2,4,4,zurueck,7,3,0,4b03e,0,0,1,1,55,54,3,3/4@0 3/8@1 1/0@55 T@63
boss_v_bot_r7,BOT,167,stufe1,3,0,dauerhaft,7,1,0,49efa,0,0,0,1,17,,,3/0@0 T@17
boss_v_bot_r7,BOT,184,stufe2,4,0,dauerhaft,7,3,0,4b03e,0,0,1,1,15,,,3/4@0 1/0@15 T@17
boss_v_bot_r7,BOT,201,stufe3,5,0,dauerhaft,7,1,0,49efa,0,0,1,1,15,,,3/0@0 T@15
boss_v_bot_r7,BOT,216,stufe4,10,10,zurueck,7,3,0,4b03e,0,0,1,1,55,54,3,3/c@0 3/8@1 1/0@55 T@67
boss_v_bot_r7,BOT,283,stufe1,3,0,dauerhaft,7,1,0,49f48,0,0,1,1,17,,,3/0@0 T@17
boss_v_bot_r7,BOT,300,stufe2,4,4,zurueck,7,3,0,4b03e,0,0,1,1,55,54,3,3/4@0 3/8@1 1/0@55 T@63
boss_v_bot_r7,BOT,363,stufe1,3,0,dauerhaft,7,1,0,49efa,0,0,0,1,27,,,3/0@0 1/0@27 1/6@31 1/0@57 1/6@58 1/0@129 1/4@235 1/0@247
boss_v_bot_r7,BOT,704,stufe1,3,3,zurueck,7,1,6,4a3f6,0,0,1,1,55,54,-48,3/0@0 3/8@1 1/0@55 1/6@58 T@61
boss_v_bot_r7,BOT,765,stufe1,3,0,dauerhaft,7,1,6,4a97e,0,0,0,1,15,,,3/0@0 T@15
boss_v_bot_r7,BOT,780,stufe2,4,0,dauerhaft,7,3,0,4b03e,0,0,1,1,15,,,3/4@0 1/0@15 1/6@16 T@17
boss_v_bot_r7,BOT,797,stufe3,5,0,dauerhaft,7,1,6,4a97e,0,0,1,1,15,,,3/0@0 T@15
boss_v_bot_r7,BOT,812,stufe4,10,0,dauerhaft,7,3,0,4b03e,0,0,1,1,1,,,3/c@0 2/c@1 1/0@97 1/6@121 1/0@194 1/6@241
boss_v_bot_r7,BOT,1288,stufe1,3,0,dauerhaft,7,1,6,4a772,0,8000,1,1,16,,,3/0@0 T@16
boss_v_bot_r7,BOT,1304,stufe2,4,0,dauerhaft,7,3,0,4b03e,0,0,1,1,15,,,3/4@0 1/0@15 T@17
boss_v_bot_r7,BOT,1321,stufe3,5,0,dauerhaft,7,1,0,49efa,0,0,1,1,16,,,3/0@0 3/c@15 2/c@16 1/0@128 1/4@163 1/0@173 1/6@187
boss_v_bot_r7,BOT,1700,stufe1,3,0,dauerhaft,7,1,6,4a772,0,0,1,1,16,,,3/0@0 T@16
boss_v_bot_r7,BOT,1716,stufe2,4,0,dauerhaft,7,3,0,4b03e,0,0,1,1,15,,,3/4@0 1/0@15 T@17
boss_v_bot_r7,BOT,1733,stufe3,5,5,zurueck,7,1,0,49efa,0,0,1,1,55,54,48,3/0@0 3/8@1 1/0@55 1/6@60 T@63
boss_v_bot_r7,BOT,1796,stufe1,3,0,dauerhaft,7,1,6,4a97e,0,0,0,1,16,,,3/0@0 T@16
boss_v_bot_r7,BOT,1812,stufe2,4,0,dauerhaft,7,3,0,4b03e,0,0,1,1,15,,,3/4@0 1/0@15 2/0@16 2/2@17 2/4@24 2/a@74 1/0@141 1/4@151 1/0@161 1/6@196
boss_v_bot_r7,BOT,3244,stufe1,3,0,dauerhaft,7,1,6,4b912,0,0,1,1,0,,,2/c@0 1/0@135 1/6@224 T@255
boss_v_bot_r7,BOT,3499,stufe1,3,0,dauerhaft,7,1,6,4a7c2,8000,4002,1,1,17,,,3/0@0 T@17
boss_v_bot_r7,BOT,3516,stufe2,4,0,dauerhaft,7,3,0,4b03e,0,0,1,1,15,,,3/4@0 1/0@15 T@17
boss_v_bot_r7,BOT,3533,stufe3,5,0,dauerhaft,7,1,0,49efa,0,0,1,1,15,,,3/0@0 T@15
boss_v_bot_r7,BOT,3548,stufe4,10,10,zurueck,7,3,0,4b03e,0,0,1,1,55,54,-48,3/c@0 3/8@1 1/0@55 1/6@59 T@62
boss_v_bot_r7,BOT,3610,stufe1,3,0,dauerhaft,7,1,6,4a97e,0,0,0,1,14,,,3/0@0 T@14
boss_v_bot_r7,BOT,3624,stufe2,4,0,dauerhaft,7,3,0,4aff0,0,0,1,1,15,,,3/4@0 1/0@15 1/6@16 T@17
boss_v_bot_r7,BOT,3641,stufe3,5,0,dauerhaft,7,1,6,4a97e,0,0,1,1,15,,,3/0@0 T@15
boss_v_bot_r7,BOT,3656,stufe4,10,10,zurueck,7,3,0,4b03e,0,0,1,1,55,54,-48,3/c@0 3/8@1 1/0@55 1/6@60 T@67
boss_v_bot_r7,BOT,3723,stufe1,3,0,dauerhaft,7,1,6,4aa22,8000,4c02,1,1,17,,,3/0@0 T@17
boss_v_bot_r7,BOT,3740,stufe2,4,0,dauerhaft,7,3,0,4b03e,0,0,1,1,15,,,3/4@0 1/0@15 1/6@16 T@17
boss_v_bot_r7,BOT,3757,stufe3,5,5,zurueck,7,1,6,4a97e,0,0,1,1,55,54,-48,3/0@0 3/8@1 1/0@55 T@63
boss_v_bot_r7,BOT,3820,stufe1,3,0,dauerhaft,7,1,0,49efa,0,0,0,1,27,,,3/0@0 1/0@27 1/6@60 T@67
boss_v_bot_r7,BOT,3887,stufe1,3,0,dauerhaft,7,1,6,4b886,0,0,1,1,0,,,2/c@0 1/0@111 1/4@117 1/0@129 1/4@169 1/0@185
boss_v_bot_r7,BOT,4251,stufe1,3,0,dauerhaft,7,1,6,4a6ca,0,0,1,1,17,,,3/0@0 T@17
boss_v_bot_r7,BOT,4268,stufe2,4,0,dauerhaft,7,3,0,4b03e,0,0,1,1,15,,,3/4@0 1/0@15 T@17
boss_v_bot_r7,BOT,4285,stufe3,5,0,dauerhaft,7,1,0,49efa,0,0,1,1,70,,,3/0@0 3/c@15 3/8@16 1/0@70 1/6@74 T@77
boss_v_bot_r7,BOT,4362,stufe1,3,0,dauerhaft,7,1,6,4a97e,0,0,0,1,14,,,3/0@0 T@14
boss_v_bot_r7,BOT,4376,stufe2,4,4,zurueck,7,3,0,4aff0,0,0,1,1,55,54,-48,3/4@0 3/8@1 1/0@55 1/6@60 T@63
boss_v_bot_r7,BOT,4439,stufe1,3,0,dauerhaft,7,1,6,4a97e,0,0,0,1,17,,,3/0@0 T@17
boss_v_bot_r7,BOT,4456,stufe2,4,0,dauerhaft,7,3,0,4b03e,0,0,1,1,15,,,3/4@0 1/0@15 1/6@16 T@17
boss_v_bot_r7,BOT,4473,stufe3,5,0,dauerhaft,7,1,6,4a97e,0,0,1,1,15,,,3/0@0 T@15
boss_v_bot_r7,BOT,4488,stufe4,10,5,halb,7,3,0,4b03e,0,0,1,1,1,,,3/c@0 2/1e@1 1/0@46 1/4@51 1/0@67 T@103
boss_v_bot_r7,BOT,4591,stufe1,3,0,dauerhaft,7,1,0,4a022,0,0,1,1,17,,,3/0@0 T@17
boss_v_bot_r7,BOT,4608,stufe2,4,0,dauerhaft,7,3,0,4b03e,0,0,1,1,15,,,3/4@0 1/0@15 1/6@16 T@17
boss_v_bot_r7,BOT,4625,stufe3,5,0,dauerhaft,7,1,6,49efa,0,0,1,1,15,,,3/0@0 T@15
boss_v_bot_r7,BOT,4640,stufe4,10,5,halb,7,3,0,4b03e,0,0,1,1,1,,,3/c@0 2/1e@1 1/0@46 1/4@49 1/0@59 1/6@105 1/0@178 1/4@212 1/0@226 1/6@243
boss_v_bot_r7,BOT,4931,stufe1,3,0,dauerhaft,7,1,6,4a71e,0,0,1,1,17,,,3/0@0 T@17
boss_v_bot_r7,BOT,4948,stufe2,4,0,dauerhaft,7,3,0,4b03e,0,0,1,1,15,,,3/4@0 1/0@15 T@17
boss_v_bot_r7,BOT,4965,stufe3,5,0,dauerhaft,7,1,0,49efa,0,0,1,1,27,,,3/0@0 1/0@27 1/6@75 T@78
boss_v_bot_r7,BOT,5043,stufe1,3,0,dauerhaft,7,1,6,4b842,0,0,1,1,0,,,2/c@0 1/0@88 1/6@89 1/0@114 1/4@127 1/0@141 1/4@221 1/0@231 1/6@232
boss_v_bot_r7,BOT,5304,stufe1,3,0,dauerhaft,7,1,6,4a7c2,8000,4002,1,1,16,,,3/0@0 T@16
boss_v_bot_r7,BOT,5320,stufe2,4,4,zurueck,7,3,0,4b03e,0,0,1,1,55,54,-48,3/4@0 3/8@1 1/0@55 1/6@59 T@63
boss_v_bot_r7,BOT,5383,stufe1,3,0,dauerhaft,7,1,6,4a9d2,0,0,1,1,17,,,3/0@0 T@17
boss_v_bot_r7,BOT,5400,stufe2,4,0,dauerhaft,7,3,0,4b03e,0,0,1,1,15,,,3/4@0 1/0@15 1/6@16 T@17
boss_v_bot_r7,BOT,5417,stufe3,5,0,dauerhaft,7,1,6,4a97e,0,0,1,1,70,,,3/0@0 3/c@15 3/8@16 1/0@70 1/6@74 T@77
boss_v_bot_r7,BOT,5494,stufe1,3,0,dauerhaft,7,1,6,4a97e,0,0,0,1,14,,,3/0@0 T@14
boss_v_bot_r7,BOT,5508,stufe2,4,0,dauerhaft,7,3,0,4aff0,0,0,1,1,15,,,3/4@0 1/0@15 2/0@16 2/2@17 2/4@24 2/6@74 1/0@136 T@240
boss_v_bot_r7,BOT,5748,stufe1,3,0,dauerhaft,7,1,0,49efa,0,0,1,1,16,,,3/0@0 T@16
boss_v_bot_r7,BOT,5764,stufe2,4,0,dauerhaft,7,3,0,4b03e,0,0,1,1,15,,,3/4@0 1/0@15 1/6@16 T@17
boss_v_bot_r7,BOT,5781,stufe3,5,0,dauerhaft,7,1,6,4a97e,0,0,1,1,15,,,3/0@0 T@15
boss_v_bot_r7,BOT,5796,stufe4,10,0,dauerhaft,7,3,0,4b03e,0,0,1,1,1,,,3/c@0 2/c@1 1/0@125 1/6@126 1/0@153 1/4@162 1/0@178 1/6@253
boss_v_bot_r7,BOT,6283,stufe1,3,0,dauerhaft,7,1,6,4a772,0,8000,1,1,17,,,3/0@0 T@17
boss_v_bot_r7,BOT,6300,stufe2,4,0,dauerhaft,7,3,0,4b03e,0,0,1,1,15,,,3/4@0 1/0@15 T@17
boss_v_bot_r7,BOT,6317,stufe3,5,0,dauerhaft,7,1,0,49efa,0,0,1,1,15,,,3/0@0 T@15
boss_v_bot_r7,BOT,6332,stufe4,10,10,zurueck,7,3,0,4b03e,0,0,1,1,55,54,-48,3/c@0 3/8@1 1/0@55 1/6@59 T@62
boss_v_bot_r7,BOT,6394,stufe1,3,0,dauerhaft,7,1,6,4a97e,0,0,0,1,14,,,3/0@0 T@14
boss_v_bot_r7,BOT,6408,stufe2,4,4,zurueck,7,3,0,4aff0,0,0,1,1,55,54,-48,3/4@0 3/8@1 1/0@55 1/6@58 T@63
boss_v_bot_r7,BOT,6471,stufe1,3,0,dauerhaft,7,1,6,4a9d2,0,0,1,1,17,,,3/0@0 T@17
boss_v_bot_r7,BOT,6488,stufe2,4,0,dauerhaft,7,3,0,4b03e,0,0,1,1,15,,,3/4@0 1/0@15 1/6@16 T@17
boss_v_bot_r7,BOT,6505,stufe3,5,0,dauerhaft,7,1,6,4a97e,0,0,1,1,15,,,3/0@0 T@15
boss_v_bot_r7,BOT,6520,stufe4,10,5,halb,7,3,0,4b03e,0,0,1,1,1,,,3/c@0 2/1e@1 1/0@46 1/4@60 1/0@74 T@100
boss_v_bot_r7,BOT,6620,stufe1,3,0,dauerhaft,7,1,0,49fd6,0,0,1,1,27,,,3/0@0 1/0@27 1/6@31 T@36
boss_v_bot_r7,BOT,6656,stufe1,3,0,dauerhaft,7,1,6,4b842,0,0,1,1,0,,,2/c@0 1/0@125 1/4@135 1/0@147 1/4@187 1/0@203
boss_v_bot_r7,BOT,7048,stufe2,4,0,dauerhaft,7,1,0,49efa,0,0,1,1,15,,,3/4@0 1/0@15 T@17
boss_v_bot_r7,BOT,7065,stufe3,5,0,dauerhaft,7,1,0,49efa,0,0,1,1,15,,,3/0@0 T@15
boss_v_bot_r7,BOT,7080,stufe4,10,10,zurueck,7,3,0,4b03e,0,0,1,1,55,54,3,3/c@0 3/8@1 1/0@55 T@67
boss_v_bot_r7,BOT,7147,stufe1,3,0,dauerhaft,7,1,0,49f48,0,0,1,1,27,,,3/0@0 1/0@27 1/6@89 1/0@159 1/4@179 1/0@193 1/6@235
boss_v_bot_r7,BOT,7994,stufe1,3,0,dauerhaft,7,1,6,4b9d0,4c0c,4c0c,1,1,0,,,2/c@0
boss_v_bot_r24,BOT,39,stufe1,3,3,zurueck,24,1,0,49efa,0,0,1,1,55,54,25,3/0@0 3/8@1 1/0@55 T@64
boss_v_bot_r24,BOT,103,stufe1,3,0,dauerhaft,24,1,0,49f48,0,0,1,1,17,,,3/0@0 T@17
boss_v_bot_r24,BOT,120,stufe2,4,4,zurueck,24,3,0,4b03e,0,0,1,1,55,54,3,3/4@0 3/8@1 1/0@55 T@63
boss_v_bot_r24,BOT,183,stufe1,3,0,dauerhaft,24,1,0,49efa,0,0,0,1,17,,,3/0@0 T@17
boss_v_bot_r24,BOT,200,stufe2,4,0,dauerhaft,24,3,0,4b03e,0,0,1,1,15,,,3/4@0 1/0@15 T@17
boss_v_bot_r24,BOT,217,stufe3,5,5,zurueck,24,1,0,49efa,0,0,1,1,55,54,0,3/0@0 3/8@1 1/0@55 T@66
boss_v_bot_r24,BOT,283,stufe1,3,0,dauerhaft,24,1,0,49f48,0,0,1,1,17,,,3/0@0 T@17
boss_v_bot_r24,BOT,300,stufe2,4,4,zurueck,24,3,0,4b03e,0,0,1,1,55,54,3,3/4@0 3/8@1 1/0@55 T@63
boss_v_bot_r24,BOT,363,stufe1,3,0,dauerhaft,24,1,0,49efa,0,0,0,1,27,,,3/0@0 1/0@27 1/6@29 1/0@54 1/4@91 1/0@101 1/4@181 1/0@195 1/6@208 T@212
boss_v_bot_r24,BOT,575,stufe1,3,3,zurueck,24,1,6,4a9d2,0,0,1,1,55,54,-48,3/0@0 3/8@1 1/0@55 1/6@56 T@63
boss_v_bot_r24,BOT,638,stufe1,3,3,zurueck,24,1,6,49efa,0,0,0,1,55,54,-48,3/0@0 3/8@1 1/0@55 1/6@105 T@141
boss_v_bot_r24,BOT,779,stufe1,3,3,zurueck,24,1,6,4a772,0,0,1,1,55,54,-48,3/0@0 3/8@1 1/0@55 T@76
boss_v_bot_r24,BOT,855,stufe1,3,0,dauerhaft,24,1,0,49f92,0,0,1,1,17,,,3/0@0 T@17
boss_v_bot_r24,BOT,872,stufe2,4,4,zurueck,24,3,0,4b03e,0,0,1,1,55,54,-3,3/4@0 3/8@1 1/0@55 T@63
boss_v_bot_r24,BOT,935,stufe1,3,0,dauerhaft,24,1,0,49efa,0,0,0,1,17,,,3/0@0 T@17
boss_v_bot_r24,BOT,952,stufe2,4,4,zurueck,24,3,0,4b03e,0,0,1,1,55,54,-3,3/4@0 3/8@1 1/0@55 1/6@76 1/0@149 1/4@196 1/0@212 1/6@216 T@219
boss_v_bot_r24,BOT,1171,stufe1,3,0,dauerhaft,24,1,6,4b842,0,0,1,1,0,,,2/c@0 1/0@114 1/4@150 1/0@166 1/6@181 T@234
boss_v_bot_r24,BOT,1405,stufe1,3,0,dauerhaft,24,1,6,4b9d0,4c0c,4c0c,1,1,0,,,2/c@0 1/0@116 1/6@164 T@217
boss_v_bot_r24,BOT,1622,stufe1,3,0,dauerhaft,24,1,6,4b9d0,4c0c,4c0c,1,1,0,,,2/c@0 1/0@108 1/6@158 1/0@238 1/4@245 1/0@259
boss_v_bot_r24,BOT,2087,stufe1,3,0,dauerhaft,24,1,6,4a7c2,8000,4002,1,1,17,,,3/0@0 T@17
boss_v_bot_r24,BOT,2104,stufe2,4,0,dauerhaft,24,3,0,4b03e,0,0,1,1,15,,,3/4@0 1/0@15 T@17
boss_v_bot_r24,BOT,2121,stufe3,5,5,zurueck,24,1,0,49efa,0,0,1,1,55,54,-48,3/0@0 3/8@1 1/0@55 1/4@90 1/0@106 1/6@120 1/0@193 T@228
boss_v_bot_r24,BOT,2349,stufe2,4,0,dauerhaft,24,1,0,4a022,0,0,1,1,15,,,3/6@0 1/0@15 T@16
boss_v_bot_r24,BOT,2365,stufe3,5,0,dauerhaft,24,1,0,49efa,0,0,1,1,15,,,3/6@0 T@15
boss_v_bot_r24,BOT,2380,stufe4,10,5,halb,24,3,6,4b1f8,ff00,0,1,1,1,,,3/c@0 2/1e@1 1/0@46 1/6@60 2/0@144 2/2@145 2/4@152 2/a@202
boss_v_bot_r24,BOT,2979,stufe4,10,0,dauerhaft,24,1,6,49fd6,0,0,1,1,1,,,3/c@0 2/c@1 1/0@105 1/4@111 1/0@121 1/4@161 1/0@175 1/6@181 1/0@254
boss_v_bot_r24,BOT,3495,stufe1,3,0,dauerhaft,24,1,0,49efa,0,0,1,1,32,,,3/0@0 3/4@17 1/0@32 1/6@33 1/0@59 1/4@120 1/0@136 1/6@173
boss_v_bot_r24,BOT,3763,stufe1,3,0,dauerhaft,24,1,6,4a772,0,0,1,1,17,,,3/0@0 T@17
boss_v_bot_r24,BOT,3780,stufe2,4,4,zurueck,24,3,0,4b03e,0,0,1,1,55,54,-48,3/4@0 3/8@1 1/0@55 1/4@58 1/0@72 T@76
boss_v_bot_r24,BOT,3856,stufe2,4,0,dauerhaft,24,1,0,49efa,0,0,1,1,15,,,3/4@0 1/0@15 1/4@51 1/0@61 1/6@66 T@95
boss_v_bot_r24,BOT,3951,stufe4,10,0,dauerhaft,24,1,6,4a2be,4c0c,4c0c,1,1,1,,,3/c@0 2/c@1 1/0@97 1/6@134 T@140
boss_v_bot_r24,BOT,4091,stufe1,3,0,dauerhaft,24,1,6,4a9d2,0,8000,1,1,17,,,3/0@0 T@17
boss_v_bot_r24,BOT,4108,stufe2,4,0,dauerhaft,24,3,0,4b03e,0,0,1,1,15,,,3/4@0 1/0@15 1/6@16 T@17
boss_v_bot_r24,BOT,4125,stufe3,5,0,dauerhaft,24,1,6,4a97e,0,0,1,1,15,,,3/0@0 T@15
boss_v_bot_r24,BOT,4140,stufe4,10,0,dauerhaft,24,3,0,4b03e,0,0,1,1,1,,,3/c@0 2/c@1 1/0@121 1/6@122 1/0@193 1/6@257
boss_v_bot_r24,BOT,4423,stufe1,3,0,dauerhaft,24,1,6,4a772,0,0,1,1,17,,,3/0@0 T@17
boss_v_bot_r24,BOT,4440,stufe2,4,4,zurueck,24,3,0,4b03e,0,0,1,1,55,54,48,3/4@0 3/8@1 1/0@55 1/4@70 1/0@82 1/6@118 1/0@181 1/4@185 1/0@197
boss_v_bot_r24,BOT,4738,knie,4,0,dauerhaft,24,3,2,49d08,6,6,1,1,20,,,3/4@0 3/2@15 T@20
boss_v_bot_r24,BOT,4758,knie,4,0,dauerhaft,24,3,2,49d08,6,6,1,1,20,,,3/4@0 3/2@15 T@20
boss_v_bot_r24,BOT,4778,knie,4,0,dauerhaft,24,3,2,49d08,6,6,1,1,1,,,3/c@0 2/c@1 1/0@116 1/6@117 1/0@142 1/4@222 1/0@234
boss_v_bot_r24,BOT,5092,stufe1,3,0,dauerhaft,24,1,6,4a772,0,0,1,1,16,,,3/0@0 T@16
boss_v_bot_r24,BOT,5108,stufe2,4,0,dauerhaft,24,3,0,4b03e,0,0,1,1,15,,,3/4@0 1/0@15 1/4@16 T@17
boss_v_bot_r24,BOT,5125,stufe3,5,5,zurueck,24,1,4,49ea4,0,0,1,1,55,54,-48,3/0@0 3/8@1 1/0@55 1/6@58 T@61
boss_v_bot_r24,BOT,5186,stufe1,3,0,dauerhaft,24,1,6,4a97e,0,0,0,1,29,,,3/0@0 3/4@14 1/0@29 1/6@30 T@31
boss_v_bot_r24,BOT,5217,stufe3,5,5,zurueck,24,1,6,4a97e,0,0,1,1,55,54,-48,3/0@0 3/8@1 1/0@55 1/6@59 T@62
boss_v_bot_r24,BOT,5279,stufe1,3,0,dauerhaft,24,1,6,4a97e,0,0,0,1,17,,,3/0@0 T@17
boss_v_bot_r24,BOT,5296,stufe2,4,0,dauerhaft,24,3,0,4b03e,0,0,1,1,15,,,3/4@0 1/0@15 1/6@16 T@17
boss_v_bot_r24,BOT,5313,stufe3,5,5,zurueck,24,1,6,4a97e,0,0,1,1,55,54,-48,3/0@0 3/8@1 1/0@55 1/6@59 T@62
boss_v_bot_r24,BOT,5375,stufe1,3,0,dauerhaft,24,1,6,4a97e,0,0,0,1,17,,,3/0@0 T@17
boss_v_bot_r24,BOT,5392,stufe2,4,4,zurueck,24,3,0,4b03e,0,0,1,1,55,54,-48,3/4@0 3/8@1 1/0@55 1/6@60 T@63
boss_v_bot_r24,BOT,5455,stufe1,3,0,dauerhaft,24,1,6,4a97e,0,0,0,1,17,,,3/0@0 T@17
boss_v_bot_r24,BOT,5472,stufe2,4,0,dauerhaft,24,3,0,4b03e,0,0,1,1,15,,,3/4@0 1/0@15 1/6@16 T@17
boss_v_bot_r24,BOT,5489,stufe3,5,5,zurueck,24,1,6,4a97e,0,0,1,1,55,54,-48,3/0@0 3/8@1 1/0@55 1/6@93 1/0@174 1/4@204 1/0@216 1/6@237
boss_v_bot_r24,BOT,6163,stufe1,3,0,dauerhaft,24,1,6,4a71e,0,0,1,1,17,,,3/0@0 T@17
boss_v_bot_r24,BOT,6180,stufe2,4,4,zurueck,24,3,0,4b03e,0,0,1,1,55,54,-48,3/4@0 3/8@1 1/0@55 1/4@104 T@111
boss_v_bot_r24,BOT,6291,stufe1,3,0,dauerhaft,24,1,4,49ea4,0,0,1,1,17,,,3/0@0 T@17
boss_v_bot_r24,BOT,6308,stufe2,4,4,zurueck,24,3,0,4b03e,0,0,1,1,55,54,-48,3/4@0 3/8@1 1/0@55 1/6@57 T@83
boss_v_bot_r24,BOT,6391,stufe1,3,3,zurueck,24,1,6,4a772,0,0,1,1,55,54,-8,3/0@0 3/8@1 1/0@55 T@63
boss_v_bot_r24,BOT,6454,stufe1,3,0,dauerhaft,24,1,0,49efa,0,0,0,1,14,,,3/0@0 T@14
boss_v_bot_r24,BOT,6468,stufe2,4,4,zurueck,24,3,0,4aff0,0,0,1,1,55,54,-3,3/4@0 3/8@1 1/0@55 T@63
boss_v_bot_r24,BOT,6531,stufe1,3,0,dauerhaft,24,1,0,49efa,0,0,0,1,17,,,3/0@0 T@17
boss_v_bot_r24,BOT,6548,stufe2,4,0,dauerhaft,24,3,0,4b03e,0,0,1,1,15,,,3/4@0 1/0@15 1/6@30 1/0@55 1/4@63 1/0@77 1/4@117 1/0@129 1/4@169 1/0@185 2/0@197 2/2@198 2/4@205 2/a@255
boss_v_bot_nat,BOT,39,stufe1,3,3,zurueck,18,1,0,49efa,0,0,1,1,55,54,25,3/0@0 3/8@1 1/0@55 T@64
boss_v_bot_nat,BOT,103,stufe1,3,0,dauerhaft,18,1,0,49f48,0,0,1,1,17,,,3/0@0 T@17
boss_v_bot_nat,BOT,120,stufe2,4,4,zurueck,18,3,0,4b03e,0,0,1,1,55,54,3,3/4@0 3/8@1 1/0@55 T@63
boss_v_bot_nat,BOT,183,stufe1,3,0,dauerhaft,18,1,0,49efa,0,0,0,1,17,,,3/0@0 T@17
boss_v_bot_nat,BOT,200,stufe2,4,0,dauerhaft,18,3,0,4b03e,0,0,1,1,15,,,3/4@0 1/0@15 T@17
boss_v_bot_nat,BOT,217,stufe3,5,5,zurueck,19,1,0,49efa,0,0,1,1,55,54,0,3/0@0 3/8@1 1/0@55 T@66
boss_v_bot_nat,BOT,283,stufe1,3,0,dauerhaft,19,1,0,49f48,0,0,1,1,17,,,3/0@0 T@17
boss_v_bot_nat,BOT,300,stufe2,4,0,dauerhaft,19,3,0,4b03e,0,0,1,1,15,,,3/4@0 1/0@15 T@17
boss_v_bot_nat,BOT,317,stufe3,5,5,zurueck,19,1,0,49efa,0,0,1,1,55,54,0,3/0@0 3/8@1 1/0@55 1/6@59 1/0@86 1/4@87 1/0@103 2/0@188 3/2@189 T@238
boss_v_bot_nat,BOT,555,stufe1,3,3,zurueck,19,3,2,49ea4,0,0,1,1,55,54,48,3/0@0 3/8@1 1/0@55 1/6@59 T@64
boss_v_bot_nat,BOT,619,stufe1,3,0,dauerhaft,19,1,6,4a9d2,0,0,1,1,17,,,3/0@0 T@17
boss_v_bot_nat,BOT,636,stufe2,4,0,dauerhaft,19,3,0,4b03e,0,0,1,1,15,,,3/4@0 1/0@15 2/0@16 2/2@17 2/4@24 2/6@74 1/0@111 1/6@125 1/0@209 T@215
boss_v_bot_nat,BOT,851,stufe1,3,0,dauerhaft,20,1,0,49efa,0,0,1,1,17,,,3/0@0 T@17
boss_v_bot_nat,BOT,868,stufe2,4,0,dauerhaft,20,3,0,4b03e,0,0,1,1,15,,,3/4@0 1/0@15 2/0@16 2/2@17 2/4@24 2/6@74 1/0@142 1/4@194 1/0@204 1/4@244 1/0@256
boss_v_bot_nat,BOT,1155,stufe1,3,0,dauerhaft,20,1,6,4a772,0,0,1,1,32,,,3/0@0 3/4@17 1/0@32 T@34
boss_v_bot_nat,BOT,1189,stufe3,5,0,dauerhaft,20,1,0,49efa,0,0,1,1,15,,,3/0@0 T@15
boss_v_bot_nat,BOT,1204,stufe4,10,10,zurueck,20,3,0,4b03e,0,0,1,1,55,54,48,3/c@0 3/8@1 1/0@55 1/6@59 T@62
boss_v_bot_nat,BOT,1266,stufe1,3,0,dauerhaft,20,1,6,4a97e,0,0,0,1,14,,,3/0@0 T@14
boss_v_bot_nat,BOT,1280,stufe2,4,4,zurueck,20,3,0,4aff0,0,0,1,1,55,54,48,3/4@0 3/8@1 1/0@55 1/6@59 T@63
boss_v_bot_nat,BOT,1343,stufe1,3,0,dauerhaft,20,1,6,4a9d2,0,0,1,1,17,,,3/0@0 T@17
boss_v_bot_nat,BOT,1360,stufe2,4,0,dauerhaft,20,3,0,4b03e,0,0,1,1,15,,,3/4@0 1/0@15 2/0@16 2/2@17 2/4@24 2/6@74 1/0@97 1/4@125 1/0@135 1/6@233
boss_v_bot_nat,BOT,1623,stufe1,3,3,zurueck,21,1,6,4a772,0,8000,1,1,55,54,48,3/0@0 3/8@1 1/0@55 2/0@60 2/2@61 2/4@68 2/6@118 1/0@148 1/4@166 1/0@180
boss_v_bot_nat,BOT,2123,stufe1,3,3,zurueck,22,1,6,49f48,0,0,1,1,55,54,0,3/0@0 3/8@1 1/0@55 T@64
boss_v_bot_nat,BOT,2187,stufe1,3,0,dauerhaft,22,1,0,49f48,0,0,1,1,17,,,3/0@0 T@17
boss_v_bot_nat,BOT,2204,stufe2,4,4,zurueck,22,3,0,4b03e,0,0,1,1,55,54,-3,3/4@0 3/8@1 1/0@55 1/4@112 1/0@124 1/6@159 1/0@232 T@235
boss_v_bot_nat,BOT,2439,stufe1,3,0,dauerhaft,22,1,0,49efa,0,0,1,1,17,,,3/0@0 T@17
boss_v_bot_nat,BOT,2456,stufe2,4,0,dauerhaft,22,3,0,4b03e,0,0,1,1,15,,,3/4@0 1/0@15 2/0@16 2/2@17 2/4@24 2/a@74 1/0@141 1/4@223 1/0@235
boss_v_bot_nat,BOT,2779,stufe1,3,0,dauerhaft,23,1,6,4a7c2,8000,4002,1,1,17,,,3/0@0 T@17
boss_v_bot_nat,BOT,2796,stufe2,4,0,dauerhaft,23,3,0,4b03e,0,0,1,1,15,,,3/4@0 1/0@15 T@17
boss_v_bot_nat,BOT,2813,stufe3,5,5,zurueck,23,1,0,49efa,0,0,1,1,55,54,48,3/0@0 3/8@1 1/0@55 1/6@59 T@62
boss_v_bot_nat,BOT,2875,stufe1,3,0,dauerhaft,23,1,6,4a97e,0,0,0,1,17,,,3/0@0 T@17
boss_v_bot_nat,BOT,2892,stufe2,4,0,dauerhaft,23,3,0,4b03e,0,0,1,1,15,,,3/4@0 1/0@15 2/0@16 2/2@17 2/4@24 2/a@74 1/0@141 1/4@252
boss_v_bot_nat,BOT,3220,stufe2,4,0,dauerhaft,24,3,0,4b03e,0,0,1,1,15,,,3/4@0 1/0@15 T@17
boss_v_bot_nat,BOT,3237,stufe3,5,5,zurueck,24,1,0,49efa,0,0,1,1,55,54,-48,3/0@0 3/8@1 1/0@55 1/6@58 T@62
boss_v_bot_nat,BOT,3299,stufe1,3,0,dauerhaft,24,1,6,4a9d2,0,0,1,1,17,,,3/0@0 T@17
boss_v_bot_nat,BOT,3316,stufe2,4,0,dauerhaft,24,3,0,4b03e,0,0,1,1,15,,,3/4@0 1/0@15 1/6@16 T@17
boss_v_bot_nat,BOT,3333,stufe3,5,0,dauerhaft,24,1,6,4a97e,0,0,1,1,15,,,3/0@0 T@15
boss_v_bot_nat,BOT,3348,stufe4,10,10,zurueck,24,3,0,4b03e,0,0,1,1,55,54,-48,3/c@0 3/8@1 1/0@55 1/6@59 T@62
boss_v_bot_nat,BOT,3410,stufe1,3,0,dauerhaft,24,1,6,4a97e,0,0,0,1,14,,,3/0@0 T@14
boss_v_bot_nat,BOT,3424,stufe2,4,0,dauerhaft,24,3,0,4aff0,0,0,1,1,15,,,3/4@0 1/0@15 1/4@36 1/0@48 1/6@71 1/0@155 1/4@172 1/0@182 1/6@216
boss_v_bot_nat,BOT,5218,stufe1,3,0,dauerhaft,24,1,6,4a302,4c0c,4c0c,1,1,14,,,3/0@0 T@14
boss_v_bot_nat,BOT,5232,stufe2,4,4,zurueck,24,3,0,4aff0,0,0,1,1,55,54,-48,3/4@0 3/8@1 1/0@55 1/6@64 T@67
boss_v_bot_nat,BOT,5299,stufe1,3,3,zurueck,24,1,6,4a97e,0,0,1,1,55,54,-48,3/0@0 3/8@1 1/0@55 T@64
boss_v_bot_nat,BOT,5363,stufe1,3,0,dauerhaft,24,1,0,49f48,0,0,1,1,17,,,3/0@0 T@17
boss_v_bot_nat,BOT,5380,stufe2,4,0,dauerhaft,24,3,0,4b03e,0,0,1,1,15,,,3/4@0 1/0@15 T@17
boss_v_bot_nat,BOT,5397,stufe3,5,0,dauerhaft,24,1,0,49efa,0,0,1,1,16,,,3/0@0 3/c@15 2/1e@16 1/0@61 1/6@86 1/0@146 1/4@196 1/0@212 1/4@252
boss_v_bot_nat,BOT,5751,stufe1,3,3,zurueck,24,1,6,4a71e,0,0,1,1,55,54,-48,3/0@0 3/8@1 1/0@55 1/6@59 T@64
boss_v_bot_nat,BOT,5815,stufe1,3,0,dauerhaft,24,1,6,4a9d2,0,0,1,1,17,,,3/0@0 T@17
boss_v_bot_nat,BOT,5832,stufe2,4,4,zurueck,24,3,0,4b03e,0,0,1,1,55,54,-48,3/4@0 3/8@1 1/0@55 1/6@58 T@63
boss_v_bot_nat,BOT,5895,stufe1,3,0,dauerhaft,24,1,6,4a9d2,0,0,1,1,17,,,3/0@0 T@17
boss_v_bot_nat,BOT,5912,stufe2,4,0,dauerhaft,24,3,0,4b03e,0,0,1,1,15,,,3/4@0 1/0@15 1/6@16 T@17
boss_v_bot_nat,BOT,5929,stufe3,5,5,zurueck,24,1,6,4a97e,0,0,1,1,55,54,-48,3/0@0 3/8@1 1/0@55 1/6@61 T@62
boss_v_bot_nat,BOT,5991,stufe1,3,0,dauerhaft,24,1,6,4a97e,0,0,1,1,10,,,3/0@0

# V b arten
art,rang,n,dauerhaft,zurueck,halb,schaden
knie,12,10,10,0,0,4:10
knie,20,22,22,0,0,4:22
knie,24,10,10,0,0,4:10
laser,16,5,5,0,0,6:5
laser,24,8,8,0,0,6:8
rakete,17,5,5,0,0,8:5
spezial,12,10,10,0,0,6:10
spezial,24,9,9,0,0,6:9
sprintangriff,12,13,13,0,0,9:13
sprintangriff,24,9,4,5,0,9:9
sprungangriff_hoch,24,9,4,5,0,12:9
sprungangriff_neutral,24,9,4,5,0,7:9
stufe1,7,33,32,1,0,3:33
stufe1,12,86,73,13,0,3:86
stufe1,18,3,2,1,0,3:3
stufe1,19,3,2,1,0,3:3
stufe1,20,4,4,0,0,3:4
stufe1,21,1,0,1,0,3:1
stufe1,22,3,2,1,0,3:3
stufe1,23,2,2,0,0,3:2
stufe1,24,46,31,15,0,3:46
stufe2,7,23,18,5,0,4:23
stufe2,12,22,19,3,0,4:22
stufe2,18,2,1,1,0,4:2
stufe2,19,2,2,0,0,4:2
stufe2,20,3,2,1,0,4:3
stufe2,22,2,1,1,0,4:2
stufe2,23,2,2,0,0,4:2
stufe2,24,27,15,12,0,4:27
stufe3,7,16,14,2,0,5:16
stufe3,12,14,9,5,0,5:14
stufe3,19,2,0,2,0,5:2
stufe3,20,1,1,0,0,5:1
stufe3,23,1,0,1,0,5:1
stufe3,24,13,5,8,0,5:13
stufe4,7,10,2,5,3,10:10
stufe4,12,8,2,1,5,10:8
stufe4,20,1,0,1,0,10:1
stufe4,24,6,3,1,2,10:6
wurf,12,6,6,0,0,14:6
wurf,24,7,7,0,0,14:7

# V b arten gesamt
art,n,dauerhaft,zurueck,halb
knie,42,42,0,0
laser,13,13,0,0
rakete,5,5,0,0
spezial,19,19,0,0
sprintangriff,22,17,5,0
sprungangriff_hoch,9,4,5,0
sprungangriff_neutral,9,4,5,0
stufe1,181,148,33,0
stufe2,83,60,23,0
stufe3,47,29,18,0
stufe4,25,7,8,10
wurf,13,13,0,0

# V b rueckzug
groesse,werte (Wert:Anzahl)
Dauer Aktion 8 (Frames),33:1 35:1 54:95
|dx| im Rueckzug (px),0:4 3:11 8:1 25:2 43:1 45:1 48:77
aktive Frames im Rueckzug (1 = ja),0:97
Figur verliert LP im Rueckzug (1 = ja),0:97
frei ab h+,55:95
Schutzzaehler S+0xAE dort,5:95
Frames ohne Trefferflaeche ab h+1 (min/median/max),60/62.0/71 (n=94)

# V c flaeche
S+0x28 in h-1 / h,anzahl
0/1,33
1/1,435

# V c im angriff
lauf,h,art,b_anim_vor,att_vor,att_h,d_figur,stand
boss_v_k_52,55,stufe1,4aa82,4c02,4c02,-58,dauerhaft
boss_v_e_52,55,stufe1,4aa82,4c02,4c02,-58,dauerhaft
boss_v_sp_10,25,spezial,4aa82,4c02,4c02,50,dauerhaft
boss_v_sp_37,52,spezial,4aa82,4c02,4c02,50,dauerhaft
boss_v_sp_46,61,spezial,4aa82,4c02,4c02,50,dauerhaft
boss_v_r24sp_10,25,spezial,4aa82,4c02,4c02,50,dauerhaft
boss_v_r24sp_15,30,spezial,4aa82,4c02,4c02,50,dauerhaft
boss_v_r24sp_35,50,spezial,4aa82,4c02,4c02,50,dauerhaft
boss_v_r24sp_40,55,spezial,4aa82,4c02,4c02,50,dauerhaft
boss_v_r24sp_45,60,spezial,4aa82,4c02,4c02,50,dauerhaft
boss_v_r24k_50,53,stufe1,4aa22,8000,4c02,-58,dauerhaft
boss_v_w_r58_62,65,stufe1,4a26a,4c0c,0,-54,dauerhaft
boss_v_w_v28,63,stufe1,4a6ca,0,4c0c,-58,dauerhaft
boss_v_w_v28_e1,63,stufe1,4a6ca,0,4c0c,-58,dauerhaft
boss_v_w_v28_e2,63,stufe1,4a6ca,0,4c0c,-58,dauerhaft
boss_v_w_v29,63,stufe1,4a6ca,0,4c0c,-58,dauerhaft
boss_v_w_v29_e1,63,stufe1,4a6ca,0,4c0c,-58,dauerhaft
boss_v_w_v29_e2,63,stufe1,4a6ca,0,4c0c,-58,dauerhaft
boss_v_w_v30,63,stufe1,4a6ca,0,4c0c,-58,dauerhaft
boss_v_w_v30_e1,63,stufe1,4a6ca,0,4c0c,-58,dauerhaft
boss_v_w_v30_e2,63,stufe1,4a6ca,0,4c0c,-58,dauerhaft
boss_v_w_v31,63,stufe1,4a6ca,0,4c0c,-58,dauerhaft
boss_v_w_v31_e1,63,stufe1,4a6ca,0,4c0c,-58,dauerhaft
boss_v_w_v31_e2,63,stufe1,4a6ca,0,4c0c,-58,dauerhaft
boss_v_li_p0,25,spezial,4aa82,4c02,4c02,50,dauerhaft
boss_v_li_p2,25,spezial,4aa82,4c02,4c02,50,dauerhaft
boss_v_li_p4,25,spezial,4aa82,4c02,4c02,50,dauerhaft
boss_v_li_p6,25,spezial,4aa82,4c02,4c02,50,dauerhaft
boss_v_u45_36,84,stufe1,4aa22,8000,4c02,50,dauerhaft
boss_v_bot_r7,3499,stufe1,4a7c2,8000,4002,53,dauerhaft
boss_v_bot_r7,3723,stufe1,4aa22,8000,4c02,49,dauerhaft
boss_v_bot_r7,5304,stufe1,4a7c2,8000,4002,54,dauerhaft
boss_v_bot_r7,7994,stufe1,4b9d0,4c0c,4c0c,-6,dauerhaft
boss_v_bot_r24,1405,stufe1,4b9d0,4c0c,4c0c,-9,dauerhaft
boss_v_bot_r24,1622,stufe1,4b9d0,4c0c,4c0c,-6,dauerhaft
boss_v_bot_r24,2087,stufe1,4a7c2,8000,4002,54,dauerhaft
boss_v_bot_r24,3951,stufe4,4a2be,4c0c,4c0c,97,dauerhaft
boss_v_bot_nat,2779,stufe1,4a7c2,8000,4002,54,dauerhaft
boss_v_bot_nat,5218,stufe1,4a302,4c0c,4c0c,39,dauerhaft

# V c zittern
lauf,h,art,b_akt_vor,st3_dauer,zittern (dx@h+n)
boss_v_k_24,27,stufe1,4,15,-3@9 -2@11 -1@13 +1@16 +3@17 +3@18 +3@19 +3@20 +3@21 +3@22 +3@23 +3@24 +3@25
boss_v_e_24,27,stufe1,4,15,-3@9 -2@11 -1@13 +1@16 +3@17 +5@18 +6@19 +8@20 +8@21 +8@22 +8@23 +8@24 +8@25 +8@26
boss_v_k_31,34,stufe1,4,15,-3@9 -2@11 -1@13 +1@16 +3@17 +3@18 +3@19 +3@20 +3@21 +3@22 +3@23 +3@24 +3@25
boss_v_e_31,34,stufe1,4,15,-3@9 -2@11 -1@13 +1@16 +3@17 +5@18 +6@19 +8@20 +8@21 +8@22 +8@23 +8@24 +8@25 +8@26
boss_v_k_38,41,stufe1,0,17,-3@9 -2@11 -1@13 -3@26
boss_v_e_38,41,stufe1,0,27,-3@9 -2@11 -1@13
boss_v_k_45,48,stufe1,0,17,-3@9 -2@11 -1@13 -3@26
boss_v_e_45,48,stufe1,0,27,-3@9 -2@11 -1@13
boss_v_k_52,55,stufe1,6,15,-3@9 -2@11 -1@13 +1@16 +3@17 +3@18 +3@19 +3@20 +3@21 +3@22 +3@23 +3@24 +3@25
boss_v_e_52,55,stufe1,6,15,-3@9 -2@11 -1@13 +1@16 +3@17 +4@18 +6@19 +8@20 +8@21 +8@22 +8@23 +8@24 +8@25 +8@26
boss_v_r24k_50,53,stufe1,6,15,-3@9 -2@11 -1@13 +1@16 +3@17 +3@18 +3@19 +3@20 +3@21 +3@22 +3@23 +3@24 +3@25

# V c umwerfen
lauf,K,art,schaden,zurueck,x_K,scheitel,scheitel_bei,boden_bei,dx_boden,G,dx_G,x_G,flaeche_ab_G+,ae_G,phasen
boss_v_k_24,79,stufe4,10,0,2388,48.242,27,46,109.25,125,127.25,2261,16,10,3/c/0@0 2/c/2@1 2/c/4@46 2/c/a@55 1/0/0@125
boss_v_k_31,86,stufe4,10,0,2388,48.242,27,46,109.25,125,127.25,2261,16,10,3/c/0@0 2/c/2@1 2/c/4@46 2/c/a@55 1/0/0@125
boss_v_k_38,93,stufe4,10,5,2388,48.242,27,46,109.25,46,109.25,2279,0,0,3/c/0@0 2/1e/2@1 1/0/0@46
boss_v_k_45,100,stufe4,10,5,2388,48.242,27,46,109.25,46,109.25,2279,0,0,3/c/0@0 2/1e/2@1 1/0/0@46
boss_v_k_52,107,stufe4,10,5,2388,48.242,27,46,109.25,46,109.25,2278,0,0,3/c/0@0 2/1e/2@1 1/0/0@46
boss_v_sp_10,25,spezial,6,0,2388,49.242,20,39,109.25,78,135.125,2253,0,0,3/12/0@0 3/12/2@1 3/12/4@39 3/12/6@48 1/0/0@78
boss_v_sp_19,34,spezial,6,0,2387,49.242,20,39,109.25,78,135.125,2251,0,0,3/12/0@0 3/12/2@1 3/12/4@39 3/12/6@48 1/0/0@78
boss_v_sp_28,43,spezial,6,0,2388,49.242,20,39,109.25,78,135.125,2253,0,0,3/12/0@0 3/12/2@1 3/12/4@39 3/12/6@48 1/0/0@78
boss_v_sp_37,52,spezial,6,0,2388,49.242,20,39,109.25,78,135.125,2253,0,0,3/12/0@0 3/12/2@1 3/12/4@39 3/12/6@48 1/0/0@78
boss_v_sp_46,61,spezial,6,0,2388,49.242,20,39,109.25,78,135.125,2253,0,0,3/12/0@0 3/12/2@1 3/12/4@39 3/12/6@48 1/0/0@78
boss_v_sa_10,27,sprintangriff,9,0,2362,48.242,27,46,109.25,105,127.25,2235,16,10,3/c/0@0 2/c/2@1 2/c/4@46 2/c/a@55 1/0/0@105
boss_v_sa_21,38,sprintangriff,9,0,2348,48.242,27,46,109.25,105,127.25,2221,16,10,3/c/0@0 2/c/2@1 2/c/4@46 2/c/a@55 1/0/0@105
boss_v_gk_21,86,knie,4,0,2392,57.242,27,48,115.0,103,133.0,2259,16,10,3/c/0@0 2/c/2@1 2/c/4@48 2/c/a@57 1/0/0@103
boss_v_sa_32,49,sprintangriff,9,0,2340,48.242,27,46,109.25,109,127.25,2212,16,10,3/c/0@0 2/c/2@1 2/c/4@46 2/c/a@55 1/0/0@109
boss_v_gk_32,97,knie,4,0,2392,57.242,27,48,115.0,119,133.0,2259,16,10,3/c/0@0 2/c/2@1 2/c/4@48 2/c/a@57 1/0/0@119
boss_v_sa_43,60,sprintangriff,9,0,2365,61.523,27,48,115.0,116,135.875,2229,17,10,3/c/0@0 2/c/2@1 2/c/4@49 2/c/a@58 1/0/0@116
boss_v_gk_43,108,knie,4,0,2392,57.242,27,48,115.0,119,133.0,2259,16,10,3/c/0@0 2/c/2@1 2/c/4@48 2/c/a@57 1/0/0@119
boss_v_m_70,33,rakete,8,0,2195,49.242,20,39,109.25,132,109.25,2086,16,10,3/14/0@0 3/14/4@1 3/14/2@39 3/c/a@82 1/0/0@132
boss_v_m_90,33,rakete,8,0,2199,80.805,20,44,123.625,138,126.5,2072,16,10,3/14/0@0 3/14/4@1 3/14/2@45 3/c/a@88 1/0/0@138
boss_v_m_110,33,rakete,8,0,2231,49.242,20,39,109.25,140,109.25,2121,16,10,3/14/0@0 3/14/4@1 3/14/2@39 3/c/a@82 1/0/0@140
boss_v_m_150,33,rakete,8,0,2146,49.242,20,39,98.25,132,98.25,2048,16,10,3/14/0@0 3/14/4@1 3/14/2@39 3/c/a@82 1/0/0@132
boss_v_m_170,33,rakete,8,0,2126,49.242,20,39,78.25,132,78.25,2048,16,10,3/14/0@0 3/14/4@1 3/14/2@39 3/c/a@82 1/0/0@132
boss_v_l_80,12,laser,6,0,2236,48.242,27,46,109.25,125,127.25,2109,11,10,3/c/0@0 2/c/2@1 2/c/4@46 2/c/a@55 1/0/0@125
boss_v_l_100,14,laser,6,0,2213,48.242,27,46,109.25,125,127.25,2086,12,10,3/c/0@0 2/c/2@1 2/c/4@46 2/c/a@55 1/0/0@125
boss_v_l_120,16,laser,6,0,2193,48.242,27,46,109.25,121,127.25,2066,16,10,3/c/0@0 2/c/2@1 2/c/4@46 2/c/a@55 1/0/0@121
boss_v_l_140,17,laser,6,0,2169,48.242,27,46,109.25,125,121.25,2048,12,10,3/c/0@0 2/c/2@1 2/c/4@46 2/c/a@55 1/0/0@125
boss_v_l_160,18,laser,6,0,2148,48.242,27,46,100.25,125,100.25,2048,11,10,3/c/0@0 2/c/2@1 2/c/4@46 2/c/a@55 1/0/0@125
boss_v_r24sp_10,25,spezial,6,0,2388,49.242,20,39,109.25,78,135.125,2253,0,0,3/12/0@0 3/12/2@1 3/12/4@39 3/12/6@48 1/0/0@78
boss_v_r24sp_15,30,spezial,6,0,2388,49.242,20,39,109.25,78,135.125,2253,0,0,3/12/0@0 3/12/2@1 3/12/4@39 3/12/6@48 1/0/0@78
boss_v_r24sp_20,35,spezial,6,0,2385,49.242,20,39,109.25,78,135.125,2250,0,0,3/12/0@0 3/12/2@1 3/12/4@39 3/12/6@48 1/0/0@78
boss_v_r24sp_25,40,spezial,6,0,2388,49.242,20,39,109.25,78,135.125,2253,0,0,3/12/0@0 3/12/2@1 3/12/4@39 3/12/6@48 1/0/0@78
boss_v_r24sp_30,45,spezial,6,0,2388,49.242,20,39,109.25,78,135.125,2253,0,0,3/12/0@0 3/12/2@1 3/12/4@39 3/12/6@48 1/0/0@78
boss_v_r24jn_35,45,sprungangriff_neutral,7,0,2394,48.242,27,46,109.25,113,127.25,2267,14,10,3/c/0@0 2/c/2@1 2/c/4@46 2/c/a@55 1/0/0@113
boss_v_r24jh_35,47,sprungangriff_hoch,12,0,2394,48.242,27,46,109.25,113,127.25,2267,14,10,3/c/0@0 2/c/2@1 2/c/4@46 2/c/a@55 1/0/0@113
boss_v_r24sa_35,52,sprintangriff,9,0,2340,48.242,27,46,109.25,109,127.25,2212,16,10,3/c/0@0 2/c/2@1 2/c/4@46 2/c/a@55 1/0/0@109
boss_v_r24sp_35,50,spezial,6,0,2388,49.242,20,39,109.25,78,135.125,2253,0,0,3/12/0@0 3/12/2@1 3/12/4@39 3/12/6@48 1/0/0@78
boss_v_r24jn_40,50,sprungangriff_neutral,7,0,2394,48.242,27,46,109.25,113,127.25,2266,11,10,3/c/0@0 2/c/2@1 2/c/4@46 2/c/a@55 1/0/0@113
boss_v_r24jh_40,52,sprungangriff_hoch,12,0,2394,48.242,27,46,109.25,113,127.25,2266,11,10,3/c/0@0 2/c/2@1 2/c/4@46 2/c/a@55 1/0/0@113
boss_v_r24sa_40,57,sprintangriff,9,0,2368,48.242,27,46,109.25,109,127.25,2240,16,10,3/c/0@0 2/c/2@1 2/c/4@46 2/c/a@55 1/0/0@109
boss_v_r24sp_40,55,spezial,6,0,2388,49.242,20,39,109.25,78,135.125,2253,0,0,3/12/0@0 3/12/2@1 3/12/4@39 3/12/6@48 1/0/0@78
boss_v_r24jn_45,55,sprungangriff_neutral,7,0,2395,48.242,27,46,109.25,113,127.25,2268,11,10,3/c/0@0 2/c/2@1 2/c/4@46 2/c/a@55 1/0/0@113
boss_v_r24jh_45,57,sprungangriff_hoch,12,0,2395,48.242,27,46,109.25,113,127.25,2268,11,10,3/c/0@0 2/c/2@1 2/c/4@46 2/c/a@55 1/0/0@113
boss_v_r24sa_45,62,sprintangriff,9,0,2364,73.93,27,50,120.75,118,141.625,2222,17,10,3/c/0@0 2/c/2@1 2/c/4@51 2/c/a@60 1/0/0@118
boss_v_r24sp_45,60,spezial,6,0,2388,49.242,20,39,109.25,78,135.125,2253,0,0,3/12/0@0 3/12/2@1 3/12/4@39 3/12/6@48 1/0/0@78
boss_v_r24jn_50,60,sprungangriff_neutral,7,0,2380,48.242,27,46,109.25,113,127.25,2252,13,10,3/c/0@0 2/c/2@1 2/c/4@46 2/c/a@55 1/0/0@113
boss_v_r24jh_50,62,sprungangriff_hoch,12,0,2380,48.242,27,46,109.25,113,127.25,2252,13,10,3/c/0@0 2/c/2@1 2/c/4@46 2/c/a@55 1/0/0@113
boss_v_r24sa_50,67,sprintangriff,9,0,2338,48.242,27,46,109.25,113,127.25,2211,12,10,3/c/0@0 2/c/2@1 2/c/4@46 2/c/a@55 1/0/0@113
boss_v_r24sp_50,71,spezial,6,0,2371,49.242,20,39,109.25,78,135.125,2236,0,0,3/12/0@0 3/12/2@1 3/12/4@39 3/12/6@48 1/0/0@78
boss_v_r24k_50,105,stufe4,10,5,2388,48.242,27,46,109.25,46,109.25,2278,0,0,3/c/0@0 2/1e/2@1 1/0/0@46
boss_v_r24l_70,12,laser,6,0,2246,48.242,27,46,109.25,125,127.25,2119,11,10,3/c/0@0 2/c/2@1 2/c/4@46 2/c/a@55 1/0/0@125
boss_v_r24l_80,12,laser,6,0,2236,48.242,27,46,109.25,125,127.25,2109,11,10,3/c/0@0 2/c/2@1 2/c/4@46 2/c/a@55 1/0/0@125
boss_v_r24l_90,14,laser,6,0,2223,48.242,27,46,109.25,125,127.25,2096,12,10,3/c/0@0 2/c/2@1 2/c/4@46 2/c/a@55 1/0/0@125
boss_v_r24l_100,14,laser,6,0,2213,48.242,27,46,109.25,125,127.25,2086,12,10,3/c/0@0 2/c/2@1 2/c/4@46 2/c/a@55 1/0/0@125
boss_v_r24l_110,15,laser,6,0,2201,48.242,27,46,109.25,125,127.25,2074,11,10,3/c/0@0 2/c/2@1 2/c/4@46 2/c/a@55 1/0/0@125
boss_v_r24l_120,16,laser,6,0,2193,48.242,27,46,109.25,121,127.25,2066,16,10,3/c/0@0 2/c/2@1 2/c/4@46 2/c/a@55 1/0/0@121
boss_v_r24l_130,16,laser,6,0,2190,48.242,27,46,109.25,121,127.25,2062,16,10,3/c/0@0 2/c/2@1 2/c/4@46 2/c/a@55 1/0/0@121
boss_v_r24l_140,17,laser,6,0,2169,48.242,27,46,109.25,125,121.25,2048,12,10,3/c/0@0 2/c/2@1 2/c/4@46 2/c/a@55 1/0/0@125
boss_v_li_s0,27,sprintangriff,9,0,2362,48.242,27,46,109.25,105,127.25,2235,16,10,3/c/0@0 2/c/2@1 2/c/4@46 2/c/a@55 1/0/0@105
boss_v_li_p0,25,spezial,6,0,2388,49.242,20,39,109.25,78,135.125,2253,0,0,3/12/0@0 3/12/2@1 3/12/4@39 3/12/6@48 1/0/0@78
boss_v_li_r0,123,stufe4,10,5,2353,0,,,,,,,,,3/c/0@0 2/1e/2@1
boss_v_li_s2,27,sprintangriff,9,0,2362,48.242,27,46,109.25,105,127.25,2235,16,10,3/c/0@0 2/c/2@1 2/c/4@46 2/c/a@55 1/0/0@105
boss_v_li_p2,25,spezial,6,0,2388,49.242,20,39,109.25,78,135.125,2253,0,0,3/12/0@0 3/12/2@1 3/12/4@39 3/12/6@48 1/0/0@78
boss_v_li_s4,27,sprintangriff,9,0,2362,48.242,27,46,109.25,105,127.25,2235,16,10,3/c/0@0 2/c/2@1 2/c/4@46 2/c/a@55 1/0/0@105
boss_v_li_p4,25,spezial,6,0,2388,49.242,20,39,109.25,78,135.125,2253,0,0,3/12/0@0 3/12/2@1 3/12/4@39 3/12/6@48 1/0/0@78
boss_v_li_s6,27,sprintangriff,9,0,2362,48.242,27,46,109.25,105,127.25,2235,16,10,3/c/0@0 2/c/2@1 2/c/4@46 2/c/a@55 1/0/0@105
boss_v_li_p6,25,spezial,6,0,2388,49.242,20,39,109.25,78,135.125,2253,0,0,3/12/0@0 3/12/2@1 3/12/4@39 3/12/6@48 1/0/0@78
boss_v_li_p6,159,stufe4,10,5,2266,0.93,0,1,0.0,46,109.25,2157,0,0,3/c/0@0 2/1e/2@1 1/0/0@46
boss_v_au_45,27,sprintangriff,9,0,2362,48.242,27,46,109.25,105,127.25,2235,19,10,3/c/0@0 2/c/2@1 2/c/4@46 2/c/a@55 1/0/0@105
boss_v_au_55,27,sprintangriff,9,0,2362,48.242,27,46,109.25,105,127.25,2235,11,10,3/c/0@0 2/c/2@1 2/c/4@46 2/c/a@55 1/0/0@105
boss_v_au_65,27,sprintangriff,9,0,2362,48.242,27,46,109.25,105,127.25,2235,13,10,3/c/0@0 2/c/2@1 2/c/4@46 2/c/a@55 1/0/0@105
boss_v_au_sp120,27,sprintangriff,9,0,2362,48.242,27,46,109.25,105,127.25,2235,13,10,3/c/0@0 2/c/2@1 2/c/4@46 2/c/a@55 1/0/0@105
boss_v_au_sp124,27,sprintangriff,9,0,2362,48.242,27,46,109.25,105,127.25,2235,13,10,3/c/0@0 2/c/2@1 2/c/4@46 2/c/a@55 1/0/0@105
boss_v_bot_r7,812,stufe4,10,0,2320,0.031,0,1,0.0,97,127.25,2192,16,10,3/c/0@0 2/c/2@1 2/c/4@46 2/c/a@55 1/0/0@97
boss_v_bot_r7,3244,stufe1,3,0,2388,115.758,27,56,138.0,135,156.0,2232,16,10,2/c/0@0 2/c/2@1 2/c/4@56 2/c/a@65 1/0/0@135
boss_v_bot_r7,3887,stufe1,3,0,2161,80.039,27,51,112.625,111,112.625,2048,18,10,2/c/0@0 2/c/2@1 2/c/4@51 2/c/a@61 1/0/0@111
boss_v_bot_r7,4488,stufe4,10,5,2227,0.578,0,1,0.0,46,109.25,2118,0,0,3/c/0@0 2/1e/2@1 1/0/0@46
boss_v_bot_r7,4640,stufe4,10,5,2164,0.352,0,1,0.0,46,109.25,2054,0,0,3/c/0@0 2/1e/2@1 1/0/0@46
boss_v_bot_r7,5043,stufe1,3,0,2519,36.164,15,30,18.125,88,18.125,2537,19,10,2/c/0@0 2/c/2@1 2/c/6@15 2/c/8@30 2/c/a@42 1/0/0@88
boss_v_bot_r7,5796,stufe4,10,0,2323,0.953,0,1,0.0,125,127.25,2450,19,10,3/c/0@0 2/c/2@1 2/c/4@46 2/c/a@55 1/0/0@125
boss_v_bot_r7,6520,stufe4,10,5,2260,0.883,0,1,0.0,46,109.25,2150,0,0,3/c/0@0 2/1e/2@1 1/0/0@46
boss_v_bot_r7,6656,stufe1,3,0,2201,68.492,27,50,120.75,125,138.75,2062,22,10,2/c/0@0 2/c/2@1 2/c/4@50 2/c/a@59 1/0/0@125
boss_v_bot_r7,7994,stufe1,3,0,2391,69.539,0,,,,,,,,2/c/0@0 2/c/2@1
boss_v_bot_r24,1171,stufe1,3,0,2253,55.023,27,47,112.125,114,130.125,2123,16,10,2/c/0@0 2/c/2@1 2/c/4@47 2/c/a@56 1/0/0@114
boss_v_bot_r24,1405,stufe1,3,0,2368,118.094,27,57,140.875,116,158.875,2209,17,10,2/c/0@0 2/c/2@1 2/c/4@57 2/c/a@66 1/0/0@116
boss_v_bot_r24,1622,stufe1,3,0,2389,118.219,27,57,140.875,108,158.875,2230,16,10,2/c/0@0 2/c/2@1 2/c/4@57 2/c/a@66 1/0/0@108
boss_v_bot_r24,2380,stufe4,10,5,2272,0.602,0,1,0.0,46,109.25,2381,0,0,3/c/0@0 2/1e/2@1 1/0/0@46
boss_v_bot_r24,2979,stufe4,10,0,2352,0.406,0,1,0.0,105,127.25,2224,16,10,3/c/0@0 2/c/2@1 2/c/4@46 2/c/a@55 1/0/0@105
boss_v_bot_r24,3951,stufe4,10,0,2119,0.367,0,1,0.0,97,71.25,2048,17,10,3/c/0@0 2/c/2@1 2/c/4@46 2/c/a@55 1/0/0@97
boss_v_bot_r24,4140,stufe4,10,0,2066,0.297,0,1,0.0,121,18.25,2048,33,10,3/c/0@0 2/c/2@1 2/c/4@46 2/c/a@55 1/0/0@121
boss_v_bot_r24,4778,knie,4,0,2316,57.5,27,48,115.0,116,135.0,2451,19,10,3/c/0@0 2/c/2@1 2/c/4@48 2/c/a@58 1/0/0@116

# V c wurf
lauf,h,frei_ab_h+,x_h,x_G
boss_v_gw_21,42,116,2394,2244
boss_v_gr_21,42,121,2432,2518
boss_v_gw_32,53,144,2394,2244
boss_v_gr_32,53,117,2432,2518
boss_v_gw_43,64,144,2394,2244
boss_v_gr_43,64,117,2432,2518
boss_v_r24g_20,61,116,2394,2244
boss_v_r24g_25,66,116,2389,2239
boss_v_r24g_30,71,144,2394,2244
boss_v_r24g_35,76,144,2394,2244
boss_v_r24g_40,81,144,2394,2244
boss_v_r24g_45,86,144,2394,2244
boss_v_r24g_50,91,144,2389,2239

# V b griff
lauf,teil,griff_frame,d_vorher,dz_vorher,boss_blick_vorher,b_akt_vorher,b_anim_vorher,von
boss_v_gk_21,B,27,35,0,32,6,4a9d2,vorn
boss_v_gw_21,B,27,35,0,32,6,4a9d2,vorn
boss_v_gr_21,B,27,35,0,32,6,4a9d2,vorn
boss_v_gk_32,B,38,35,0,32,6,4a97e,vorn
boss_v_gw_32,B,38,35,0,32,6,4a97e,vorn
boss_v_gr_32,B,38,35,0,32,6,4a97e,vorn
boss_v_gk_43,B,49,35,0,32,6,4a9d2,vorn
boss_v_gw_43,B,49,35,0,32,6,4a9d2,vorn
boss_v_gr_43,B,49,35,0,32,6,4a9d2,vorn
boss_v_k20_130,B,132,31,1,32,6,4a97e,vorn
boss_v_k20_136,B,138,31,1,32,6,4a97e,vorn
boss_v_k20_142,B,144,31,1,32,6,4a97e,vorn
boss_v_k20_148,B,150,31,1,32,6,4a97e,vorn
boss_v_k20_154,B,156,29,2,32,6,4a97e,vorn
boss_v_k20_160,B,162,29,2,32,6,4a97e,vorn
boss_v_k20_166,B,168,29,2,32,6,4a97e,vorn
boss_v_k20_172,B,174,29,2,32,6,4a97e,vorn
boss_v_k20_178,B,180,29,2,32,6,4a97e,vorn
boss_v_k20_184,B,186,-29,0,0,6,4a6ca,hinten
boss_v_k20_190,B,192,-29,0,0,6,4a772,hinten
boss_v_r24g_20,B,26,35,0,32,6,4a9d2,vorn
boss_v_r24g_25,B,34,-30,0,0,4,49ea4,hinten
boss_v_r24g_30,B,36,-35,0,0,0,49efa,hinten
boss_v_r24g_35,B,41,35,0,32,6,4a9d2,vorn
boss_v_r24g_40,B,46,35,0,32,6,4a9d2,vorn
boss_v_r24g_45,B,51,35,0,32,6,4a9d2,vorn
boss_v_r24g_50,B,59,-30,0,0,6,4aae2,hinten

# V b boss packt
lauf,teil,griff_frame,d_vorher,dz_vorher,b_akt_vorher
boss_v_gk_10,B,10,11,-8,0
boss_v_gw_10,B,10,11,-8,0
boss_v_gr_10,B,10,11,-8,0
boss_v_k20_130,B,251,18,0,0
boss_v_k20_136,B,257,18,0,0
boss_v_k20_184,B,305,18,0,0
boss_v_k20_190,B,311,18,0,0
boss_v_r24g_10,B,10,11,-8,0
boss_v_r24g_15,B,15,2,-8,0

# V d angriffe
lauf,teil,typ,A,entscheidung,d_ent,dz_ent,d_A,dz_A,aktiv,treffer,umgeworfen,p_lage_treffer,ende,rang,dmg,hoehe,scheitel,landung,x_A,x_ende,p_x_A,halten_bis,wurfweite
boss_v_p_r7,P,R,57,-1,189,-29,189,-29,20-64,64:10,1,16/-12/0,82,7,10,0,0,,2439,2237,2250,,
boss_v_p_r7,P,S3,381,-35,143,5,79,0,17-26;55-64;90-100,17:7;55:7;90:7,1,79/0/0,108,7,7,0,0,,2193,2193,2114,,
boss_v_p_r7,P,R,654,-1,271,32,271,32,20-64,,0,,82,7,10,0,0,,2343,2141,2072,,
boss_v_p_r7,P,S3,916,-66,237,7,78,0,17-26;55-64;92-102,17:7;55:7;92:7,1,78/0/0,110,7,7,0,0,,2150,2150,2072,,
boss_v_p_r7,P,R,1178,-1,272,20,272,20,20-64,,0,,82,7,10,0,0,,2344,2142,2072,,
boss_v_p_r7,P,G,1261,0,70,0,70,0,59-64,59:13,1,17/0/41,124,7,10,0,0,,2142,2142,2072,105,-283
boss_v_p_r7,P,P,1474,-2,210,28,210,28,32-70,58:13,1,23/4/0,77,7,13,107,30,71,2145,2352,2355,,
boss_v_p_r7,P,S3,1755,-26,138,4,79,0,17-26;55-64;92-102,17:7;55:7;92:7,1,79/0/0,112,7,7,0,0,,2411,2411,2490,,
boss_v_p_r7,P,S3,2011,-20,125,1,80,1,17-26;55-64;92-102,17:7;55:7;92:7,1,80/1/0,112,7,7,0,0,,2438,2438,2518,,
boss_v_p_r7,P,S3,2366,-84,281,19,80,1,17-26;55-64;90-100,17:7;55:7;90:7,1,80/1/0,108,7,7,0,0,,2438,2438,2518,,
boss_v_p_r7,P,R,2631,-1,259,26,259,26,20-64,,0,,78,7,10,0,0,,2259,2459,2518,,
boss_v_p_r7,P,G,2710,0,59,0,59,0,69-81,69:13,0,16/0/36,81,7,10,0,0,,2459,2499,2518,113,-223
boss_v_p_r7,P,P,2924,-2,200,4,200,4,32-70,58:13,1,21/0/0,77,7,13,107,30,71,2495,2298,2295,,
boss_v_p_r7,P,R,3150,-1,131,1,131,1,20-53,40:10,1,51/1/0,71,7,10,0,0,,2291,2129,2160,,
boss_v_p_r7,P,P,3348,-9,202,-13,202,-13,32-70,55:13,1,31/-3/0,77,7,13,107,29,71,2274,2075,2072,,
boss_v_p_r7,P,R,3594,-1,155,-23,155,-23,20-60,49:10,1,42/-12/0,78,7,10,0,0,,2227,2048,2072,,
boss_v_p_r7,P,S3,4003,-83,260,-16,78,-1,17-26;52-61;88-98,17:7;52:7;88:7,1,78/-1/0,106,7,7,0,0,,2150,2150,2072,,
boss_v_p_r7,P,S3,4259,-21,110,-18,78,-1,17-26;55-64;90-100,17:7;55:7;90:7,1,78/-1/0,108,7,7,0,0,,2150,2150,2072,,
boss_v_p_r7,P,S3,4523,-47,188,-13,78,-2,17-26;55-64;90-100,17:7;55:7;90:7,1,78/-2/0,108,7,7,0,0,,2150,2150,2072,,
boss_v_p_r7,P,S3,4786,-46,184,-14,78,-1,17-26;52-61;88-98,17:7;52:7;88:7,1,78/-1/0,106,7,7,0,0,,2150,2150,2072,,
boss_v_p_r7,P,S3,5045,-47,186,-13,78,0,17-26;54-63;92-102,17:7;54:7;92:7,1,78/0/0,109,7,7,0,0,,2150,2150,2072,,
boss_v_p_r7,P,S3,5400,-72,250,-15,78,-1,17-26;52-61;88-98,17:7;52:7;88:7,1,78/-1/0,106,7,7,0,0,,2150,2150,2072,,
boss_v_p_r7,P,P,5626,-2,240,-3,240,-3,32-70,57:13,1,30/-1/0,77,7,13,107,29,71,2312,2075,2072,,
boss_v_p_r7,P,R,5852,-1,189,-11,189,-11,20-64,55:10,1,51/-4/0,82,7,10,0,0,,2261,2058,2072,,
boss_v_p_r7,P,P,6039,-9,124,1,124,1,32-70,51:13,1,-24/-2/0,77,7,13,107,29,71,2196,2048,2072,,
boss_v_p_r7,P,S3,6259,-12,71,-15,74,-3,17-26;53-62;88-98,17:7;53:7;88:7,1,74/-3/0,105,7,7,0,0,,2146,2146,2072,,
boss_v_p_r7,P,R,6474,-1,205,-1,205,-1,20-64,59:10,1,49/-1/0,82,7,10,0,0,,2277,2071,2072,,
boss_v_p_r7,P,P,6831,-9,296,-15,296,-15,32-70,58:13,1,32/-2/0,77,7,13,107,29,71,2368,2077,2072,,
boss_v_p_r7,P,P,7141,-2,265,-17,265,-17,32-70,58:13,1,29/-3/0,77,7,13,107,29,71,2337,2076,2072,,
boss_v_p_r7,P,R,7370,-1,259,10,259,10,20-64,,0,,82,7,10,0,0,,2331,2125,2072,,
boss_v_p_r7,P,S3,7548,-20,124,1,79,1,17-26;55-64;92-102,17:7;55:7;92:7,1,79/1/0,112,7,7,0,0,,2151,2151,2072,,
boss_v_p_r7,P,R,7849,-1,297,-15,297,-15,20-64,,0,,82,7,10,0,0,,2369,2163,2072,,
boss_v_p_r9,P,R,57,-1,189,-29,189,-29,20-64,64:11,1,16/-12/0,82,9,11,0,0,,2439,2237,2250,,
boss_v_p_r9,P,S3,381,-35,143,5,79,0,17-26;55-64;90-100,17:8;55:8;90:8,1,79/0/0,108,9,8,0,0,,2193,2193,2114,,
boss_v_p_r9,P,R,654,-1,271,32,271,32,20-64,,0,,82,9,11,0,0,,2343,2141,2072,,
boss_v_p_r9,P,S3,916,-66,237,7,78,0,17-26;55-64;92-102,17:8;55:8;92:8,1,78/0/0,110,9,8,0,0,,2150,2150,2072,,
boss_v_p_r9,P,R,1178,-1,272,20,272,20,20-64,,0,,82,9,11,0,0,,2344,2142,2072,,
boss_v_p_r9,P,G,1261,0,70,0,70,0,59-64,59:14,1,17/0/41,124,9,11,0,0,,2142,2142,2072,105,-283
boss_v_p_r9,P,P,1474,-2,210,28,210,28,32-70,58:14,1,23/4/0,77,9,14,107,30,71,2145,2352,2355,,
boss_v_p_r9,P,S3,1755,-26,138,4,79,0,17-26;55-64;92-102,17:8;55:8;92:8,1,79/0/0,112,9,8,0,0,,2411,2411,2490,,
boss_v_p_r9,P,S3,2011,-20,125,1,80,1,17-26;55-64;92-102,17:8;55:8;92:8,1,80/1/0,112,9,8,0,0,,2438,2438,2518,,
boss_v_p_r9,P,S3,2366,-84,281,19,80,1,17-26;55-64;90-100,17:8;55:8;90:8,1,80/1/0,108,9,8,0,0,,2438,2438,2518,,
boss_v_p_r9,P,R,2631,-1,259,26,259,26,20-64,,0,,78,9,11,0,0,,2259,2459,2518,,
boss_v_p_r9,P,G,2710,0,59,0,59,0,69-81,69:14,0,16/0/36,81,9,11,0,0,,2459,2499,2518,113,-223
boss_v_p_r9,P,P,2924,-2,200,4,200,4,32-70,58:14,1,21/0/0,77,9,14,107,30,71,2495,2298,2295,,
boss_v_p_r9,P,R,3150,-1,131,1,131,1,20-53,40:11,1,51/1/0,71,9,11,0,0,,2291,2129,2160,,
boss_v_p_r9,P,P,3348,-9,202,-13,202,-13,32-70,55:14,1,31/-3/0,77,9,14,107,29,71,2274,2075,2072,,
boss_v_p_r9,P,R,3594,-1,155,-23,155,-23,20-60,49:11,1,42/-12/0,78,9,11,0,0,,2227,2048,2072,,
boss_v_p_r9,P,S3,4003,-83,260,-16,78,-1,17-26;52-61;88-98,17:8;52:8;88:8,1,78/-1/0,106,9,8,0,0,,2150,2150,2072,,
boss_v_p_r9,P,S3,4259,-21,110,-18,78,-1,17-26;55-64;90-100,17:8;55:8;90:8,1,78/-1/0,108,9,8,0,0,,2150,2150,2072,,
boss_v_p_r9,P,S3,4523,-47,188,-13,78,-2,17-26;55-64;90-100,17:8;55:8;90:8,1,78/-2/0,108,9,8,0,0,,2150,2150,2072,,
boss_v_p_r9,P,S3,4786,-46,184,-14,78,-1,17-26;52-61;88-98,17:8;52:8;88:8,1,78/-1/0,106,9,8,0,0,,2150,2150,2072,,
boss_v_p_r9,P,S3,5045,-47,186,-13,78,0,17-26;54-63;92-102,17:8;54:8;92:8,1,78/0/0,109,9,8,0,0,,2150,2150,2072,,
boss_v_p_r9,P,S3,5400,-72,250,-15,78,-1,17-26;52-61;88-98,17:8;52:8;88:8,1,78/-1/0,106,9,8,0,0,,2150,2150,2072,,
boss_v_p_r9,P,P,5626,-2,240,-3,240,-3,32-70,57:14,1,30/-1/0,77,9,14,107,29,71,2312,2075,2072,,
boss_v_p_r9,P,R,5852,-1,189,-11,189,-11,20-64,55:11,1,51/-4/0,82,9,11,0,0,,2261,2058,2072,,
boss_v_p_r9,P,P,6039,-9,124,1,124,1,32-70,51:14,1,-24/-2/0,77,9,14,107,29,71,2196,2048,2072,,
boss_v_p_r9,P,S3,6259,-12,71,-15,74,-3,17-26;53-62;88-98,17:8;53:8;88:8,1,74/-3/0,105,9,8,0,0,,2146,2146,2072,,
boss_v_p_r9,P,R,6474,-1,205,-1,205,-1,20-64,59:11,1,49/-1/0,82,9,11,0,0,,2277,2071,2072,,
boss_v_p_r9,P,P,6831,-9,296,-15,296,-15,32-70,58:14,1,32/-2/0,77,9,14,107,29,71,2368,2077,2072,,
boss_v_p_r9,P,P,7141,-2,265,-17,265,-17,32-70,58:14,1,29/-3/0,77,9,14,107,29,71,2337,2076,2072,,
boss_v_p_r9,P,R,7370,-1,259,10,259,10,20-64,,0,,82,9,11,0,0,,2331,2125,2072,,
boss_v_p_r9,P,S3,7548,-20,124,1,79,1,17-26;55-64;92-102,17:8;55:8;92:8,1,79/1/0,112,9,8,0,0,,2151,2151,2072,,
boss_v_p_r9,P,R,7849,-1,297,-15,297,-15,20-64,,0,,82,9,11,0,0,,2369,2163,2072,,
boss_v_p_r12,P,R,57,-1,189,-29,189,-29,20-64,64:12,1,16/-12/0,82,12,12,0,0,,2439,2237,2250,,
boss_v_p_r12,P,S3,381,-35,143,5,79,0,17-26;55-64;90-100,17:9;55:9;90:9,1,79/0/0,108,12,9,0,0,,2193,2193,2114,,
boss_v_p_r12,P,R,654,-1,271,32,271,32,20-64,,0,,82,12,12,0,0,,2343,2141,2072,,
boss_v_p_r12,P,S3,916,-66,237,7,78,0,17-26;55-64;92-102,17:9;55:9;92:9,1,78/0/0,110,12,9,0,0,,2150,2150,2072,,
boss_v_p_r12,P,R,1178,-1,272,20,272,20,20-64,,0,,82,12,12,0,0,,2344,2142,2072,,
boss_v_p_r12,P,G,1261,0,70,0,70,0,59-64,59:16,1,17/0/41,124,12,12,0,0,,2142,2142,2072,105,-283
boss_v_p_r12,P,P,1474,-2,210,28,210,28,32-70,58:16,1,23/4/0,77,12,16,107,30,71,2145,2352,2355,,
boss_v_p_r12,P,P,1681,-2,208,26,208,26,32-63,,0,,70,12,16,107,30,64,2282,2499,2490,,
boss_v_p_r12,P,S3,1830,-11,73,-13,76,-2,17-26;54-63;92-102,17:9;54:9;92:9,1,76/-2/0,109,12,9,0,0,,2414,2414,2490,,
boss_v_p_r12,P,S3,2087,-15,110,4,78,1,17-26;54-63;92-102,17:9;54:9;92:9,1,78/1/0,109,12,9,0,0,,2440,2440,2518,,
boss_v_p_r12,P,P,2377,-2,281,31,281,31,32-70,58:16,1,31/3/0,77,12,16,107,29,71,2237,2514,2518,,
boss_v_p_r12,P,R,2671,-1,200,28,200,28,20-64,61:12,1,39/12/0,78,12,12,0,0,,2318,2518,2518,,
boss_v_p_r12,P,R,2862,-1,156,20,156,20,20-60,47:12,1,51/10/0,74,12,12,0,0,,2362,2519,2518,,
boss_v_p_r12,P,R,3053,-1,170,2,170,2,20-63,50:12,1,50/2/0,78,12,12,0,0,,2348,2519,2518,,
boss_v_p_r12,P,P,3241,-9,171,2,171,2,32-70,51:16,1,0/-1/0,77,12,16,107,29,71,2347,2517,2518,,
boss_v_p_r12,P,S3,3536,-21,126,4,79,1,17-26;55-64;92-102,17:9;55:9;92:9,1,79/1/0,112,12,9,0,0,,2439,2439,2518,,
boss_v_p_r12,P,P,3808,-2,125,1,125,1,32-70,51:16,1,28/0/0,77,12,16,107,29,71,2393,2516,2518,,
boss_v_p_r12,P,P,4089,-2,264,24,264,24,32-70,58:16,1,28/3/0,77,12,16,107,29,71,2254,2514,2518,,
boss_v_p_r12,P,S3,4441,-62,218,29,80,2,17-26;55-64;90-100,17:9;55:9;90:9,1,80/2/0,108,12,9,0,0,,2438,2438,2518,,
boss_v_p_r12,P,P,4665,-2,117,22,117,22,32-63,,0,,70,12,16,107,29,64,2401,2502,2518,,
boss_v_p_r12,P,R,4823,-1,125,-1,125,-1,20-52,39:12,1,49/-1/0,67,12,12,0,0,,2393,2518,2518,,
boss_v_p_r12,P,S3,5014,-27,125,0,80,0,17-26;55-64;92-102,17:9;55:9;92:9,1,80/0/0,110,12,9,0,0,,2438,2438,2518,,
boss_v_p_r12,P,S3,5364,-84,282,18,80,1,17-26;52-61;88-98,17:9;52:9;88:9,1,80/1/0,106,12,9,0,0,,2438,2438,2518,,
boss_v_p_r12,P,P,5578,-2,201,10,201,10,32-70,56:16,1,29/2/0,77,12,16,107,29,71,2317,2514,2518,,
boss_v_p_r12,P,S3,5930,-73,248,28,80,2,17-26;54-63;92-102,17:9;54:9;92:9,1,80/2/0,109,12,9,0,0,,2438,2438,2518,,
boss_v_p_r12,P,S3,6269,-62,217,29,79,1,17-26;52-61;88-98,17:9;52:9;88:9,1,79/1/0,106,12,9,0,0,,2439,2439,2518,,
boss_v_p_r12,P,S3,6524,-20,110,19,80,3,17-26;55-64;90-100,17:9;55:9;90:9,1,80/3/0,108,12,9,0,0,,2438,2438,2518,,
boss_v_p_r12,P,S3,6860,-72,245,28,79,1,17-26;55-64;90-100,17:9;55:9;90:9,1,79/1/0,108,12,9,0,0,,2439,2439,2518,,
boss_v_p_r12,P,S3,7128,-38,157,25,80,2,17-26;52-61;88-98,17:9;52:9;88:9,1,80/2/0,106,12,9,0,0,,2438,2438,2518,,
boss_v_p_r12,P,S3,7418,-66,235,16,78,0,17-26;54-63;92-102,17:9;54:9;92:9,1,78/0/0,109,12,9,0,0,,2440,2440,2518,,
boss_v_p_r12,P,R,7689,-1,265,24,265,24,20-64,,0,,78,12,12,0,0,,2253,2453,2518,,
boss_v_p_r12,P,G,7768,0,65,0,65,0,70-82,70:16,0,14/-1/41,82,12,12,0,0,,2453,2499,2518,116,-235
boss_v_p_r12,P,P,7983,-2,211,4,211,4,,,0,,17,12,16,85,17,,2494,2438,2283,,
boss_v_p_r16,P,R,57,-1,189,-29,189,-29,20-64,64:13,1,16/-12/0,82,16,13,0,0,,2439,2237,2250,,
boss_v_p_r16,P,S3,336,-68,216,27,79,1,17-26;52-61;90-100,17:10;52:10;90:10,1,79/1/0,109,16,10,0,0,,2193,2193,2114,,
boss_v_p_r16,P,P,600,-2,279,33,279,33,32-63,,0,,70,16,18,107,30,64,2351,2048,2072,,
boss_v_p_r16,P,S3,801,-20,124,-1,79,-1,17-26;54-63;92-102,17:10;54:10;92:10,1,79/-1/0,111,16,10,0,0,,2151,2151,2072,,
boss_v_p_r16,P,R,1071,-1,294,9,294,9,20-64,,0,,82,16,13,0,0,,2366,2160,2072,,
boss_v_p_r16,P,R,1266,-1,121,-11,121,-11,20-51,38:13,1,51/-4/0,69,16,13,0,0,,2193,2048,2072,,
boss_v_p_r16,P,P,1490,-9,24,-9,24,-9,32-70,51:18,1,5/-2/0,77,16,18,107,30,71,2048,2072,2072,,
boss_v_p_r16,P,P,1687,-2,26,-9,26,-9,32-70,51:18,1,6/-2/0,77,16,18,107,29,71,2233,2208,2207,,
boss_v_p_r16,P,S3,1913,-21,126,-3,79,-1,17-26;54-63;92-102,17:10;54:10;92:10,1,79/-1/0,109,16,10,0,0,,2151,2151,2072,,
boss_v_p_r16,P,P,2192,-2,273,31,273,31,32-70,58:18,1,30/3/0,77,16,18,107,29,71,2345,2076,2072,,
boss_v_p_r16,P,S3,2495,-75,260,6,79,0,17-26;54-63;92-102,17:10;54:10;92:10,1,79/0/0,111,16,10,0,0,,2151,2151,2072,,
boss_v_p_r16,P,S3,2890,-90,294,-19,78,0,17-26;55-64;90-100,17:10;55:10;90:10,1,78/0/0,108,16,10,0,0,,2150,2150,2072,,
boss_v_p_r16,P,P,3118,-2,113,-20,113,-20,32-70,51:18,1,-24/10/0,77,16,18,107,29,71,2185,2048,2072,,
boss_v_p_r16,P,R,3306,-1,124,2,124,2,20-51,38:13,1,52/2/0,69,16,13,0,0,,2196,2048,2072,,
boss_v_p_r16,P,P,3626,-9,260,-20,260,-20,32-70,57:18,1,32/-4/0,77,16,18,107,29,71,2332,2076,2072,,
boss_v_p_r16,P,R,3952,-1,265,32,265,32,20-64,,0,,82,16,13,0,0,,2337,2135,2072,,
boss_v_p_r16,P,S3,4200,-65,234,12,79,0,17-26;55-64;92-102,17:10;55:10;92:10,1,79/0/0,112,16,10,0,0,,2151,2151,2072,,
boss_v_p_r16,P,S3,4544,-73,253,-19,79,-1,17-26;54-63;92-102,17:10;54:10;92:10,1,79/-1/0,109,16,10,0,0,,2151,2151,2072,,
boss_v_p_r16,P,S3,4882,-61,217,-24,78,-1,17-26;52-61;88-98,17:10;52:10;88:10,1,78/-1/0,106,16,10,0,0,,2150,2150,2072,,
boss_v_p_r16,P,S3,5182,-59,217,-12,77,0,17-26;54-63;92-102,17:10;54:10;92:10,1,77/0/0,109,16,10,0,0,,2149,2149,2072,,
boss_v_p_r16,P,S3,5527,-67,230,29,79,1,17-26;52-61;88-98,17:10;52:10;88:10,1,79/1/0,106,16,10,0,0,,2151,2151,2072,,
boss_v_p_r16,P,P,5753,-2,240,-7,240,-7,32-70,57:18,1,30/-2/0,77,16,18,107,29,71,2312,2076,2072,,
boss_v_p_r16,P,S3,6019,-55,209,2,77,0,17-26;54-63;92-102,17:10;54:10;92:10,1,77/0/0,111,16,10,0,0,,2149,2149,2072,,
boss_v_p_r16,P,S3,6405,-86,277,33,79,1,17-26;55-64;90-100,17:10;55:10;90:10,1,79/1/0,108,16,10,0,0,,2151,2151,2072,,
boss_v_p_r16,P,S3,6652,-23,117,-19,79,-1,17-26;55-64;92-102,17:10;55:10;92:10,1,79/-1/0,112,16,10,0,0,,2151,2151,2072,,
boss_v_p_r16,P,S3,6998,-75,252,26,78,1,17-26;54-63;92-102,17:10;54:10;92:10,1,78/1/0,109,16,10,0,0,,2150,2150,2072,,
boss_v_p_r16,P,S3,7341,-62,217,29,79,1,17-26;55-64;90-100,17:10;55:10;90:10,1,79/1/0,108,16,10,0,0,,2151,2151,2072,,
boss_v_p_r16,P,S3,7638,-60,218,18,78,1,17-26;54-63;92-102,17:10;54:10;92:10,1,78/1/0,109,16,10,0,0,,2150,2150,2072,,
boss_v_p_r16,P,P,7910,-2,247,-20,247,-20,32-70,57:18,1,31/-3/0,77,16,18,107,29,71,2319,2076,2072,,
boss_v_p_r20,P,R,57,-1,189,-29,189,-29,20-64,64:15,1,16/-12/0,82,20,15,0,0,,2439,2237,2250,,
boss_v_p_r20,P,S3,336,-68,216,27,79,1,17-26;52-61;90-100,17:11;52:11;90:11,1,79/1/0,109,20,11,0,0,,2193,2193,2114,,
boss_v_p_r20,P,P,600,-2,269,32,269,32,32-63,,0,,70,20,20,107,30,64,2341,2048,2072,,
boss_v_p_r20,P,S3,801,-20,124,-2,79,-1,17-26;54-63;92-102,17:11;54:11;92:11,1,79/-1/0,111,20,11,0,0,,2151,2151,2072,,
boss_v_p_r20,P,R,1071,-1,294,8,294,8,20-64,,0,,82,20,15,0,0,,2366,2160,2072,,
boss_v_p_r20,P,G,1154,0,88,0,88,0,59-64,59:20,1,17/0/41,124,20,15,0,0,,2160,2160,2072,105,-301
boss_v_p_r20,P,P,1376,-2,226,29,226,29,32-70,59:20,1,22/3/0,77,20,20,107,30,71,2147,2369,2373,,
boss_v_p_r20,P,P,1617,-2,194,21,194,21,32-70,55:20,1,31/3/0,77,20,20,107,29,71,2314,2505,2508,,
boss_v_p_r20,P,P,1842,-2,177,8,177,8,32-70,54:20,1,30/1/0,77,20,20,107,29,71,2341,2516,2518,,
boss_v_p_r20,P,R,2101,-1,257,8,257,8,20-64,,0,,79,20,15,0,0,,2261,2466,2518,,
boss_v_p_r20,P,G,2181,0,52,0,52,0,67-79,67:20,0,14/-1/36,79,20,15,0,0,,2466,2498,2518,112,-231
boss_v_p_r20,P,R,2391,-1,173,26,173,26,20-64,54:15,1,40/12/0,82,20,15,0,0,,2460,2259,2287,,
boss_v_p_r20,P,R,2607,-1,175,30,175,30,20-64,53:15,1,51/10/0,82,20,15,0,0,,2324,2131,2149,,
boss_v_p_r20,P,R,2792,-1,209,8,209,8,20-64,60:15,1,49/8/0,82,20,15,0,0,,2281,2075,2072,,
boss_v_p_r20,P,P,3018,-9,170,-1,170,-1,32-70,53:20,1,31/-1/0,77,20,20,107,29,71,2242,2074,2072,,
boss_v_p_r20,P,S3,3285,-55,208,8,77,0,17-26;54-63;92-102,17:11;54:11;92:11,1,77/0/0,111,20,11,0,0,,2149,2149,2072,,
boss_v_p_r20,P,S3,3676,-90,295,-13,78,0,17-26;55-64;90-100,17:11;55:11;90:11,1,78/0/0,108,20,11,0,0,,2150,2150,2072,,
boss_v_p_r20,P,R,3947,-1,306,-5,306,-5,20-64,,0,,82,20,15,0,0,,2378,2172,2072,,
boss_v_p_r20,P,R,4081,-1,184,3,184,3,20-64,53:15,1,52/3/0,82,20,15,0,0,,2256,2050,2072,,
boss_v_p_r20,P,S3,4302,-38,149,5,77,0,17-26;55-64;92-102,17:11;55:11;92:11,1,77/0/0,112,20,11,0,0,,2149,2149,2072,,
boss_v_p_r20,P,P,4558,-2,293,14,293,14,32-70,51:20,1,-24/-10/0,77,20,20,107,29,71,2365,2048,2072,,
boss_v_p_r20,P,P,4754,-2,125,-1,125,-1,32-70,51:20,1,-24/-1/0,77,20,20,107,29,71,2197,2048,2072,,
boss_v_p_r20,P,S3,4975,-30,146,4,77,0,17-26;52-61;90-100,17:11;52:11;90:11,1,77/0/0,109,20,11,0,0,,2149,2149,2072,,
boss_v_p_r20,P,S3,5319,-89,293,14,78,1,17-26;54-63;92-102,17:11;54:11;92:11,1,78/1/0,111,20,11,0,0,,2150,2150,2072,,
boss_v_p_r20,P,R,5611,-1,219,-18,219,-18,20-64,63:15,1,51/-2/0,82,20,15,0,0,,2291,2089,2072,,
boss_v_p_r20,P,P,5931,-9,281,-14,281,-14,32-70,58:20,1,31/-2/0,77,20,20,107,29,71,2353,2076,2072,,
boss_v_p_r20,P,R,6160,-1,259,12,259,12,20-64,,0,,82,20,15,0,0,,2331,2128,2072,,
boss_v_p_r20,P,G,6243,0,56,0,56,0,59-64,59:20,1,17/0/41,124,20,15,0,0,,2128,2128,2072,104,-264
boss_v_p_r20,P,S3,6478,-43,172,24,80,2,17-26;54-63;92-102,17:11;54:11;92:11,1,80/2/0,111,20,11,0,0,,2256,2256,2336,,
boss_v_p_r20,P,R,6700,-1,298,35,298,35,20-64,,0,,78,20,15,0,0,,2173,2373,2471,,
boss_v_p_r20,P,S3,6891,-45,178,22,80,1,17-26;54-63;92-102,17:11;54:11;92:11,1,80/1/0,109,20,11,0,0,,2391,2391,2471,,
boss_v_p_r20,P,S3,7193,-77,264,15,79,0,17-26;54-63;92-102,17:11;54:11;92:11,1,79/0/0,111,20,11,0,0,,2436,2436,2515,,
boss_v_p_r20,P,P,7420,-2,125,26,125,26,32-70,51:20,1,27/6/0,77,20,20,107,29,71,2390,2513,2515,,
boss_v_p_r20,P,R,7702,-1,139,16,139,16,20-56,43:15,1,48/7/0,70,20,15,0,0,,2376,2515,2515,,
boss_v_p_r20,P,P,7910,-9,163,10,163,10,32-70,53:20,1,31/2/0,77,20,20,107,29,71,2352,2512,2515,,
boss_v_p_r24,P,R,57,-1,189,-29,189,-29,20-64,64:17,1,16/-12/0,82,24,17,0,0,,2439,2237,2250,,
boss_v_p_r24,P,S3,336,-68,216,27,79,1,17-26;52-61;90-100,17:12;52:12;90:12,1,79/1/0,109,24,12,0,0,,2193,2193,2114,,
boss_v_p_r24,P,P,600,-2,269,32,269,32,32-63,,0,,70,24,22,107,30,64,2341,2048,2072,,
boss_v_p_r24,P,S3,801,-20,124,-2,79,-1,17-26;54-63;92-102,17:12;54:12;92:12,1,79/-1/0,111,24,12,0,0,,2151,2151,2072,,
boss_v_p_r24,P,R,1071,-1,294,8,294,8,20-64,,0,,82,24,17,0,0,,2366,2160,2072,,
boss_v_p_r24,P,G,1154,0,88,0,88,0,59-64,59:22,1,17/0/41,124,24,17,0,0,,2160,2160,2072,105,-301
boss_v_p_r24,P,P,1376,-2,226,29,226,29,32-70,59:22,1,22/3/0,77,24,22,107,30,71,2147,2369,2373,,
boss_v_p_r24,P,R,1566,-1,272,26,272,26,20-64,,0,,78,24,17,0,0,,2236,2436,2508,,
boss_v_p_r24,P,G,1645,0,72,0,72,0,74-86,74:22,0,14/0/41,86,24,17,0,0,,2436,2498,2508,120,-226
boss_v_p_r24,P,R,1893,-1,124,2,124,2,20-51,40:17,1,44/2/0,69,24,17,0,0,,2406,2252,2282,,
boss_v_p_r24,P,S3,2143,-69,211,35,78,1,17-26;55-64;90-100,17:12;55:12;90:12,1,78/1/0,108,24,12,0,0,,2225,2225,2147,,
boss_v_p_r24,P,R,2387,-1,233,15,233,15,20-64,,0,,82,24,17,0,0,,2305,2100,2072,,
boss_v_p_r24,P,S3,2704,-56,210,-16,79,-2,17-26;54-63;90-100,17:12;54:12;90:12,1,79/-2/0,107,24,12,0,0,,2151,2151,2072,,
boss_v_p_r24,P,P,2979,-2,294,-9,294,-9,32-70,59:22,1,28/-2/0,77,24,22,107,29,71,2366,2077,2072,,
boss_v_p_r24,P,S3,3248,-54,208,8,79,0,17-26;54-63;92-102,17:12;54:12;92:12,1,79/0/0,111,24,12,0,0,,2151,2151,2072,,
boss_v_p_r24,P,S3,3605,-88,292,13,79,0,17-26;54-63;90-100,17:12;54:12;90:12,1,79/0/0,107,24,12,0,0,,2151,2151,2072,,
boss_v_p_r24,P,P,3880,-2,279,-13,279,-13,32-70,58:22,1,31/-2/0,77,24,22,107,29,71,2351,2077,2072,,
boss_v_p_r24,P,R,4109,-1,259,12,259,12,20-64,,0,,82,24,17,0,0,,2331,2128,2072,,
boss_v_p_r24,P,G,4192,0,56,0,56,0,59-64,59:22,1,17/0/41,124,24,17,0,0,,2128,2128,2072,105,-269
boss_v_p_r24,P,S3,4429,-45,176,24,80,2,17-26;54-63;92-102,17:12;54:12;92:12,1,80/2/0,111,24,12,0,0,,2261,2261,2341,,
boss_v_p_r24,P,R,4678,-1,156,6,156,6,20-59,47:17,1,48/6/0,74,24,17,0,0,,2320,2505,2476,,
boss_v_p_r24,P,P,4892,-9,174,12,174,12,32-70,54:22,1,30/2/0,77,24,22,107,29,71,2341,2512,2515,,
boss_v_p_r24,P,R,5084,-1,172,6,172,6,20-63,51:17,1,48/6/0,78,24,17,0,0,,2343,2518,2515,,
boss_v_p_r24,P,S3,5321,-45,168,5,79,0,17-26;54-63;92-102,17:12;54:12;92:12,1,79/0/0,111,24,12,0,0,,2436,2436,2515,,
boss_v_p_r24,P,P,5535,-2,248,12,248,12,32-70,51:22,1,3/-7/0,77,24,22,107,29,71,2267,2506,2515,,
boss_v_p_r24,P,S3,5779,-38,166,11,79,0,17-26;54-63;90-100,17:12;54:12;90:12,1,79/0/0,107,24,12,0,0,,2436,2436,2515,,
boss_v_p_r24,P,P,6045,-2,266,30,266,30,32-70,58:22,1,29/3/0,77,24,22,107,29,71,2249,2511,2515,,
boss_v_p_r24,P,R,6224,-1,175,6,175,6,20-64,51:17,1,51/6/0,79,24,17,0,0,,2340,2518,2515,,
boss_v_p_r24,P,P,6413,-9,168,6,168,6,32-70,54:22,1,29/1/0,77,24,22,107,29,71,2347,2512,2515,,
boss_v_p_r24,P,R,6592,-1,125,0,125,0,20-52,39:17,1,49/0/0,67,24,17,0,0,,2390,2515,2515,,
boss_v_p_r24,P,S3,6785,-28,126,0,78,0,17-26;55-64;90-100,17:12;55:12;90:12,1,78/0/0,108,24,12,0,0,,2437,2437,2515,,
boss_v_p_r24,P,R,7051,-1,263,31,263,31,20-64,,0,,78,24,17,0,0,,2252,2452,2515,,
boss_v_p_r24,P,R,7231,-1,234,11,234,11,20-64,,0,,79,24,17,0,0,,2281,2486,2515,,
boss_v_p_r24,P,P,7380,-2,112,5,112,5,32-70,51:22,1,25/1/0,77,24,22,107,29,71,2403,2513,2515,,
boss_v_p_r24,P,R,7551,-1,126,0,126,0,20-52,39:17,1,50/0/0,67,24,17,0,0,,2389,2515,2515,,
boss_v_p_r24,P,P,7745,-9,170,5,170,5,32-70,51:22,1,1/-2/0,77,24,22,107,29,71,2345,2513,2515,,
boss_v_p_r24,P,P,7951,-2,160,13,160,13,32-49,,0,,49,24,22,107,29,,2355,2475,2515,,
boss_v_q_r9,P,S3,178,-27,75,-35,75,-3,17-26;54-63;92-102,17:8;54:8;92:8,1,75/-3/0,111,9,8,0,0,,2363,2363,2288,,
boss_v_q_r9,P,R,448,-1,131,-1,131,-1,20-53,40:11,1,51/-1/0,71,9,11,0,0,,2283,2121,2152,,
boss_v_q_r9,P,S3,714,-64,212,-16,79,-1,17-26;52-61;88-98,17:8;52:8;88:8,1,79/-1/0,106,9,8,0,0,,2151,2151,2072,,
boss_v_q_r9,P,P,926,-2,201,-14,201,-14,32-70,55:14,1,31/-3/0,77,9,14,107,30,71,2273,2075,2072,,
boss_v_q_r9,P,S3,1129,-21,125,-3,78,0,17-26;53-62;90-100,17:8;53:8;90:8,1,78/0/0,110,9,8,0,0,,2150,2150,2072,,
boss_v_q_r9,P,P,1436,-2,278,-42,278,-42,32-70,58:14,1,30/-5/0,77,9,14,107,30,71,2350,2076,2072,,
boss_v_q_r9,P,R,1662,-1,160,-26,160,-26,20-63,48:11,1,52/-11/0,81,9,11,0,0,,2232,2048,2072,,
boss_v_q_r9,P,S3,1871,-27,124,1,79,0,17-26;53-62;90-100,17:8;53:8;90:8,1,79/0/0,110,9,8,0,0,,2151,2151,2072,,
boss_v_q_r9,P,P,2162,-2,124,41,124,41,32-70,51:14,1,27/8/0,77,9,14,107,29,71,2196,2074,2072,,
boss_v_q_r9,P,R,2475,-1,282,-40,282,-40,20-64,,0,,82,9,11,0,0,,2354,2152,2072,,
boss_v_q_r9,P,R,2609,-1,166,-20,166,-20,20-63,49:11,1,52/-9/0,81,9,11,0,0,,2238,2048,2072,,
boss_v_q_r9,P,P,2798,-9,125,0,125,0,32-70,51:14,1,-24/-2/0,77,9,14,107,29,71,2197,2048,2072,,
boss_v_q_r9,P,P,2994,-2,124,0,124,0,32-70,51:14,1,-24/-2/0,77,9,14,107,29,71,2196,2048,2072,,
boss_v_q_r9,P,S3,3361,-46,165,34,78,0,17-26;54-63;92-102,17:8;54:8;92:8,1,78/0/0,109,9,8,0,0,,2150,2150,2072,,
boss_v_q_r9,P,R,3641,-1,216,-35,216,-35,20-64,,0,,82,9,11,0,0,,2288,2086,2072,,
boss_v_q_r9,P,S3,3874,-37,166,0,78,0,17-26;55-64;92-102,17:8;55:8;92:8,1,78/0/0,110,9,8,0,0,,2150,2150,2072,,
boss_v_q_r9,P,R,4090,-1,179,-23,179,-23,20-64,53:11,1,49/-10/0,82,9,11,0,0,,2251,2049,2072,,
boss_v_q_r9,P,R,4275,-1,125,0,125,0,20-52,39:11,1,49/0/0,70,9,11,0,0,,2197,2048,2072,,
boss_v_q_r9,P,P,4589,-9,258,-38,258,-38,32-70,57:14,1,32/-6/0,77,9,14,107,29,71,2330,2076,2072,,
boss_v_q_r9,P,R,4898,-1,284,-40,284,-40,20-64,,0,,82,9,11,0,0,,2356,2154,2072,,
boss_v_q_r9,P,R,5032,-1,168,-20,168,-20,20-63,50:11,1,51/-8/0,81,9,11,0,0,,2240,2048,2072,,
boss_v_q_r9,P,P,5223,-9,125,0,125,0,32-70,51:14,1,-24/-2/0,77,9,14,107,29,71,2197,2048,2072,,
boss_v_q_r9,P,R,5406,-1,124,0,124,0,20-51,38:11,1,52/0/0,69,9,11,0,0,,2196,2048,2072,,
boss_v_q_r9,P,R,5578,-1,125,0,125,0,20-52,39:11,1,49/0/0,70,9,11,0,0,,2197,2048,2072,,
boss_v_q_r9,P,K,5799,-37,24,-17,24,-6,7-17,7:8,1,24/-6/0,26,9,8,0,0,,2048,2048,2072,,
boss_v_q_r9,P,P,5827,0,61,-6,61,-6,32-63,,0,,70,9,14,107,29,64,2048,2300,2109,,
boss_v_q_r9,P,S3,5995,-34,158,-2,79,-1,17-26;55-64;92-102,17:8;55:8;92:8,1,79/-1/0,110,9,8,0,0,,2286,2286,2207,,
boss_v_q_r9,P,R,6231,-1,158,-10,158,-10,20-60,47:11,1,51/-3/0,78,9,11,0,0,,2230,2048,2072,,
boss_v_q_r9,P,S3,6439,-28,125,0,77,0,17-26;54-63;90-100,17:8;54:8;90:8,1,77/0/0,108,9,8,0,0,,2149,2149,2072,,
boss_v_q_r9,P,R,6715,-1,251,2,251,2,20-64,,0,,82,9,11,0,0,,2323,2117,2072,,
boss_v_q_r9,P,G,6798,0,45,0,45,0,59-64,59:14,1,17/0/41,124,9,11,0,0,,2117,2117,2072,105,-258
boss_v_q_r9,P,S3,7112,-23,132,1,79,0,17-26;54-63;92-102,17:8;54:8;92:8,1,79/0/0,109,9,8,0,0,,2251,2251,2330,,
boss_v_q_r9,P,S3,7447,-30,148,4,79,1,17-26;52-61;88-98,17:8;52:8;88:8,1,79/1/0,106,9,8,0,0,,2386,2386,2465,,
boss_v_q_r9,P,S3,7729,-47,187,18,80,2,17-26;55-64;90-100,17:8;55:8;90:8,1,80/2/0,108,9,8,0,0,,2451,2451,2531,,
boss_v_q_r20,P,S3,178,-27,75,-35,75,-3,17-26;54-63;92-102,17:11;54:11;92:11,1,75/-3/0,111,20,11,0,0,,2363,2363,2288,,
boss_v_q_r20,P,R,448,-1,131,-1,131,-1,20-53,40:15,1,51/-1/0,71,20,15,0,0,,2283,2121,2152,,
boss_v_q_r20,P,S3,714,-64,212,-16,79,-1,17-26;52-61;88-98,17:11;52:11;88:11,1,79/-1/0,106,20,11,0,0,,2151,2151,2072,,
boss_v_q_r20,P,P,926,-2,201,-14,201,-14,32-70,55:20,1,31/-3/0,77,20,20,107,30,71,2273,2075,2072,,
boss_v_q_r20,P,R,1106,-1,125,-3,125,-3,20-52,39:15,1,49/-3/0,70,20,15,0,0,,2197,2048,2072,,
boss_v_q_r20,P,P,1425,-9,218,-37,218,-37,32-70,56:20,1,30/-6/0,77,20,20,107,30,71,2290,2075,2072,,
boss_v_q_r20,P,R,1654,-1,258,-14,258,-14,20-64,,0,,82,20,15,0,0,,2330,2124,2072,,
boss_v_q_r20,P,R,1805,-1,136,-11,136,-11,20-55,42:15,1,49/-5/0,73,20,15,0,0,,2208,2048,2072,,
boss_v_q_r20,P,R,2030,-1,230,-12,230,-12,20-64,,0,,82,20,15,0,0,,2302,2096,2072,,
boss_v_q_r20,P,R,2195,-1,124,-2,124,-2,20-51,38:15,1,52/-2/0,69,20,15,0,0,,2196,2048,2072,,
boss_v_q_r20,P,P,2398,-9,24,-8,24,-8,32-70,51:20,1,6/-1/0,77,20,20,107,29,71,2048,2071,2072,,
boss_v_q_r20,P,P,2602,-2,0,-26,0,-26,32-63,,0,,70,20,20,107,29,64,2207,2207,2207,,
boss_v_q_r20,P,S3,2824,-38,166,6,78,0,17-26;55-64;92-102,17:11;55:11;92:11,1,78/0/0,110,20,11,0,0,,2285,2285,2207,,
boss_v_q_r20,P,S3,3105,-57,206,-26,78,-1,17-26;54-63;92-102,17:11;54:11;92:11,1,78/-1/0,111,20,11,0,0,,2150,2150,2072,,
boss_v_q_r20,P,R,3375,-1,292,-16,292,-16,20-64,,0,,82,20,15,0,0,,2364,2158,2072,,
boss_v_q_r20,P,P,3571,-2,135,7,135,7,32-70,51:20,1,29/1/0,77,20,20,107,29,71,2207,2074,2072,,
boss_v_q_r20,P,S3,3772,-20,124,0,79,0,17-26;54-63;90-100,17:11;54:11;90:11,1,79/0/0,107,20,11,0,0,,2151,2151,2072,,
boss_v_q_r20,P,P,4053,-2,266,-1,266,-1,32-70,58:20,1,29/-1/0,77,20,20,107,29,71,2338,2076,2072,,
boss_v_q_r20,P,S3,4382,-71,246,-22,79,-2,17-26;54-63;90-100,17:11;54:11;90:11,1,79/-2/0,107,20,11,0,0,,2151,2151,2072,,
boss_v_q_r20,P,P,4647,-2,260,-33,260,-33,32-70,57:20,1,32/-5/0,77,20,20,107,29,71,2332,2076,2072,,
boss_v_q_r20,P,S3,4950,-75,258,-14,79,-1,17-26;54-63;92-102,17:11;54:11;92:11,1,79/-1/0,111,20,11,0,0,,2151,2151,2072,,
boss_v_q_r20,P,R,5207,-1,292,-17,292,-17,20-64,,0,,82,20,15,0,0,,2364,2158,2072,,
boss_v_q_r20,P,R,5350,-1,131,1,131,1,20-53,40:15,1,51/1/0,71,20,15,0,0,,2203,2048,2072,,
boss_v_q_r20,P,P,5546,-9,146,-5,146,-5,32-70,51:20,1,32/-2/0,77,20,20,107,29,71,2218,2075,2072,,
boss_v_q_r20,P,S3,5777,-40,171,-7,77,-1,17-26;55-64;92-102,17:11;55:11;92:11,1,77/-1/0,112,20,11,0,0,,2149,2149,2072,,
boss_v_q_r20,P,P,6050,-2,293,-17,293,-17,32-70,58:20,1,32/-2/0,77,20,20,107,29,71,2365,2076,2072,,
boss_v_q_r20,P,R,6301,-1,104,28,104,28,20-50,39:15,1,36/12/0,68,20,15,0,0,,2176,2048,2072,,
boss_v_q_r20,P,P,6509,-9,75,-27,75,-27,32-70,51:20,1,17/-6/0,77,20,20,107,29,71,2147,2074,2072,,
boss_v_q_r20,P,S3,6826,-74,256,-14,79,-1,17-26;54-63;92-102,17:11;54:11;92:11,1,79/-1/0,111,20,11,0,0,,2151,2151,2072,,
boss_v_q_r20,P,S3,7221,-91,284,-43,78,-1,17-26;54-63;90-100,17:11;54:11;90:11,1,78/-1/0,107,20,11,0,0,,2150,2150,2072,,
boss_v_q_r20,P,P,7487,-2,243,-34,243,-34,32-70,57:20,1,30/-5/0,77,20,20,107,29,71,2315,2075,2072,,
boss_v_q_r20,P,R,7681,-1,174,-7,174,-7,20-64,51:15,1,50/-7/0,82,20,15,0,0,,2246,2048,2072,,
boss_v_q_r20,P,S3,7911,-36,145,-5,78,-1,17-26;54-63,17:11;54:11,0,78/-1/0,89,20,11,0,0,,2150,2150,2072,,
boss_v_bot_r7,BOT,K,394,0,49,-1,49,-1,7-17,7:7,1,37/-1/0,25,7,7,0,0,,2515,2515,2466,,
boss_v_bot_r7,BOT,P,421,0,71,-1,71,-1,32-63,,0,,70,7,13,107,30,64,2515,2308,2444,,
boss_v_bot_r7,BOT,R,635,-1,259,16,261,16,20-64,,0,,68,7,10,0,0,,2175,2361,2436,,
boss_v_bot_r7,BOT,K,762,0,49,2,49,2,,,0,,2,7,7,0,0,,2320,2320,2369,,
boss_v_bot_r7,BOT,K,796,0,49,2,49,2,,,0,,0,7,7,0,0,,2320,2320,2369,,
boss_v_bot_r7,BOT,P,935,-2,132,0,132,0,32-63,,0,,70,7,13,108,30,64,2231,2490,2363,,
boss_v_bot_r7,BOT,K,1053,0,48,-5,48,-5,7-17,7:7,1,48/-5/0,25,7,7,0,0,,2411,2411,2363,,
boss_v_bot_r7,BOT,S,1272,-50,163,5,78,-3,,,0,,15,7,7,0,0,,2282,2282,2204,,
boss_v_bot_r7,BOT,R,1509,-1,195,24,196,24,20-64,,0,,82,7,10,0,0,,2408,2206,2212,,
boss_v_bot_r7,BOT,S,1685,-43,205,-1,76,-1,,,0,,14,7,7,0,0,,2183,2183,2107,,
boss_v_bot_r7,BOT,K,1793,0,48,1,48,1,,,0,,2,7,7,0,0,,2221,2221,2173,,
boss_v_bot_r7,BOT,G,1828,0,48,0,48,0,59-64,59:13,1,17/0/41,124,7,7,0,0,,2221,2221,2173,105,-261
boss_v_bot_r7,BOT,R,2009,-1,168,-16,169,-17,20-64,60:10,1,48/-2/0,82,7,10,0,0,,2276,2467,2445,,
boss_v_bot_r7,BOT,R,2219,-1,191,0,190,0,20-51,38:10,1,51/0/0,66,7,10,0,0,,2308,2462,2498,,
boss_v_bot_r7,BOT,R,2499,-1,288,1,289,0,20-64,,0,,82,7,10,0,0,,2234,2434,2523,,
boss_v_bot_r7,BOT,R,2633,-1,181,-26,181,-26,20-64,56:10,1,40/4/0,82,7,10,0,0,,2355,2543,2536,,
boss_v_bot_r7,BOT,S,2930,-59,198,18,79,-1,17-19,,0,,28,7,7,0,0,,2453,2453,2532,,
boss_v_bot_r7,BOT,P,3011,-2,167,-43,167,-43,32-70,51:13,1,22/-1/0,77,7,13,108,30,71,2369,2535,2536,,
boss_v_bot_r7,BOT,P,3232,-2,88,-2,84,-2,,,0,,11,7,13,63,11,,2372,2386,2456,,
boss_v_bot_r7,BOT,S,3482,-14,132,2,78,2,,,0,,16,7,7,0,0,,2333,2333,2411,,
boss_v_bot_r7,BOT,K,3607,0,49,0,49,0,,,0,,2,7,7,0,0,,2293,2293,2342,,
boss_v_bot_r7,BOT,K,3640,0,49,0,49,0,,,0,,0,7,7,0,0,,2293,2293,2342,,
boss_v_bot_r7,BOT,K,3716,0,49,-3,49,-3,,,0,,6,7,7,0,0,,2250,2250,2299,,
boss_v_bot_r7,BOT,K,3756,0,49,-3,49,-3,,,0,,0,7,7,0,0,,2250,2250,2299,,
boss_v_bot_r7,BOT,P,3882,-2,58,-2,55,-2,,,0,,4,7,13,25,4,,2156,2160,2211,,
boss_v_bot_r7,BOT,S2,4205,-27,191,2,80,1,17-26,17:7,0,54/1/0,45,7,7,0,0,,2310,2310,2390,,
boss_v_bot_r7,BOT,K,4359,0,49,0,49,0,,,0,,2,7,7,0,0,,2270,2270,2319,,
boss_v_bot_r7,BOT,K,4436,0,50,-2,50,-2,,,0,,2,7,7,0,0,,2227,2227,2277,,
boss_v_bot_r7,BOT,K,4472,0,50,-2,50,-2,,,0,,0,7,7,0,0,,2227,2227,2277,,
boss_v_bot_r7,BOT,P,4747,-2,128,3,125,3,32-63,,0,,70,7,13,107,29,64,2106,2356,2231,,
boss_v_bot_r7,BOT,S2,4885,-2,82,-2,79,-2,17-26,17:7,0,54/-2/0,45,7,7,0,0,,2435,2435,2356,,
boss_v_bot_r7,BOT,P,5042,-2,56,-2,55,-2,,,0,,0,7,13,0,0,,2521,2521,2466,,
boss_v_bot_r7,BOT,K,5132,0,-1,-2,-1,-2,7-17,7:7,1,-1/-2/0,24,7,7,0,0,,2537,2537,2536,,
boss_v_bot_r7,BOT,S,5287,-12,126,-3,80,-1,,,0,,16,7,7,0,0,,2410,2410,2490,,
boss_v_bot_r7,BOT,K,5379,0,50,0,50,0,,,0,,3,7,7,0,0,,2367,2367,2417,,
boss_v_bot_r7,BOT,K,5416,0,50,0,50,0,,,0,,0,7,7,0,0,,2367,2367,2417,,
boss_v_bot_r7,BOT,K,5491,0,49,1,49,1,,,0,,2,7,7,0,0,,2324,2324,2373,,
boss_v_bot_r7,BOT,G,5524,0,49,0,49,0,107-119,107:13,0,16/0/41,119,7,7,0,0,,2324,2502,2373,153,-85
boss_v_bot_r7,BOT,K,5780,0,32,0,32,0,,,0,,0,7,7,0,0,,2323,2323,2291,,
boss_v_bot_r7,BOT,K,5922,0,9,0,9,0,7-17,7:7,1,6/0/0,26,7,7,0,0,,2450,2450,2459,,
boss_v_bot_r7,BOT,R,6050,-1,208,0,206,0,20-55,41:10,1,51/0/0,70,7,10,0,0,,2309,2478,2515,,
boss_v_bot_r7,BOT,S,6267,-20,141,4,79,1,,,0,,15,7,7,0,0,,2345,2345,2424,,
boss_v_bot_r7,BOT,K,6391,0,49,-1,49,-1,,,0,,2,7,7,0,0,,2305,2305,2354,,
boss_v_bot_r7,BOT,K,6466,0,50,-2,50,-2,,,0,,4,7,7,0,0,,2260,2260,2310,,
boss_v_bot_r7,BOT,K,6504,0,50,-2,50,-2,,,0,,0,7,7,0,0,,2260,2260,2310,,
boss_v_bot_r7,BOT,P,6653,-2,52,-8,49,-6,,,0,,2,7,13,13,2,,2199,2200,2248,,
boss_v_bot_r7,BOT,P,6963,-2,252,2,248,2,32-63,,0,,82,7,13,108,30,64,2210,2516,2458,,
boss_v_bot_r7,BOT,S,7277,-41,125,0,79,0,17-19,,0,,28,7,7,0,0,,2398,2398,2319,,
boss_v_bot_r7,BOT,S3,7397,-15,129,0,77,0,17-26;54-63,17:7;54:7,0,56/0/0,84,7,7,0,0,,2434,2434,2357,,
boss_v_bot_r7,BOT,K,7533,0,1,0,1,0,7-17,7:7,1,-12/0/0,25,7,7,0,0,,2419,2419,2418,,
boss_v_bot_r7,BOT,K,7747,-12,40,12,42,7,,,0,,4,7,7,0,0,,2486,2486,2444,,
boss_v_bot_r7,BOT,K,7803,0,1,0,1,0,7-17,7:7,1,-12/0/0,24,7,7,0,0,,2471,2471,2470,,
boss_v_bot_r7,BOT,P,7943,-2,131,2,128,2,32-50,,0,,50,7,13,107,30,,2492,2393,2364,,
boss_v_bot_r24,BOT,K,392,0,49,-3,49,-3,7-17,7:12,1,37/-3/0,24,24,12,0,0,,2512,2512,2463,,
boss_v_bot_r24,BOT,K,571,0,43,7,43,7,,,0,,3,24,12,0,0,,2356,2356,2399,,
boss_v_bot_r24,BOT,S,765,-22,61,0,73,0,,,0,,13,24,12,0,0,,2111,2111,2184,,
boss_v_bot_r24,BOT,P,1030,-2,121,32,123,33,32-63,,0,,70,24,22,107,30,64,2048,2168,2171,,
boss_v_bot_r24,BOT,P,1170,-2,52,9,52,9,,,0,,0,24,22,0,0,,2252,2252,2304,,
boss_v_bot_r24,BOT,P,1354,-2,206,3,202,3,32-50,,0,,50,24,22,107,29,,2208,2365,2410,,
boss_v_bot_r24,BOT,P,1571,-2,130,1,127,1,32-50,,0,,50,24,22,107,29,,2289,2387,2416,,
boss_v_bot_r24,BOT,P,1782,-2,150,-11,148,-9,32-70,51:22,1,-9/5/0,77,24,22,108,31,71,2293,2440,2441,,
boss_v_bot_r24,BOT,S,2070,-10,115,1,79,1,,,0,,16,24,12,0,0,,2269,2269,2348,,
boss_v_bot_r24,BOT,S2,2247,-6,83,-12,80,-1,17-26;55-57,17:12,0,81/10/0,66,24,12,0,0,,2211,2211,2291,,
boss_v_bot_r24,BOT,R,2441,-1,145,26,147,27,20-64,,0,,82,24,17,0,0,,2400,2210,2253,,
boss_v_bot_r24,BOT,G,2524,0,60,0,60,0,59-64,,0,,124,24,17,0,0,,2210,2210,2150,104,
boss_v_bot_r24,BOT,P,2714,-2,194,27,191,27,32-70,53:22,1,-2/5/0,77,24,22,107,29,71,2196,2386,2387,,
boss_v_bot_r24,BOT,P,3162,-2,118,10,121,9,32-63,,0,,70,24,22,107,29,64,2240,2358,2361,,
boss_v_bot_r24,BOT,G,3267,0,48,0,48,0,111-123,111:22,0,17/-1/41,123,24,22,0,0,,2300,2504,2348,157,-57
boss_v_bot_r24,BOT,R,3409,-1,105,-1,110,-1,20-64,,0,,82,24,17,0,0,,2476,2270,2366,,
boss_v_bot_r24,BOT,K,3528,0,16,-1,16,-1,7-17,7:12,1,16/-1/0,25,24,12,0,0,,2275,2275,2291,,
boss_v_bot_r24,BOT,S,3748,-80,262,19,73,0,,,0,,14,24,12,0,0,,2226,2226,2299,,
boss_v_bot_r24,BOT,R,3923,-1,125,-1,125,-1,20-27,,0,,27,24,17,0,0,,2087,2115,2212,,
boss_v_bot_r24,BOT,K,4085,0,41,-6,41,-6,,,0,,5,24,12,0,0,,2066,2066,2107,,
boss_v_bot_r24,BOT,K,4124,0,38,-2,38,-2,,,0,,0,24,12,0,0,,2066,2066,2104,,
boss_v_bot_r24,BOT,P,4262,0,182,34,182,34,32-63,,0,,70,24,22,107,29,64,2048,2300,2230,,
boss_v_bot_r24,BOT,S,4409,-12,91,24,73,3,,,0,,13,24,12,0,0,,2406,2406,2333,,
boss_v_bot_r24,BOT,R,4559,-1,117,-2,115,-2,20-43,25:17,1,52/-2/0,61,24,17,0,0,,2514,2392,2399,,
boss_v_bot_r24,BOT,K,4895,0,26,0,26,0,7-17,7:12,1,22/0/0,24,24,12,0,0,,2451,2451,2477,,
boss_v_bot_r24,BOT,S,5077,-26,181,5,77,1,,,0,,14,24,12,0,0,,2365,2365,2442,,
boss_v_bot_r24,BOT,K,5183,0,50,1,50,1,,,0,,2,24,12,0,0,,2320,2320,2370,,
boss_v_bot_r24,BOT,K,5216,0,50,1,50,1,,,0,,0,24,12,0,0,,2320,2320,2370,,
boss_v_bot_r24,BOT,K,5276,0,49,-1,49,-1,,,0,,2,24,12,0,0,,2277,2277,2326,,
boss_v_bot_r24,BOT,K,5312,0,49,-1,49,-1,,,0,,0,24,12,0,0,,2277,2277,2326,,
boss_v_bot_r24,BOT,K,5372,0,50,-2,50,-2,,,0,,2,24,12,0,0,,2233,2233,2283,,
boss_v_bot_r24,BOT,K,5452,0,50,-5,50,-5,,,0,,2,24,12,0,0,,2189,2189,2239,,
boss_v_bot_r24,BOT,K,5488,0,50,-5,50,-5,,,0,,0,24,12,0,0,,2189,2189,2239,,
boss_v_bot_r24,BOT,R,5583,-1,175,14,176,15,20-64,,0,,79,24,17,0,0,,2115,2319,2291,,
boss_v_bot_r24,BOT,S3,5805,-79,262,30,79,1,17-26;54-63;90-100,17:12;54:12;90:12,1,79/1/0,107,24,12,0,0,,2430,2430,2509,,
boss_v_bot_r24,BOT,S2,6114,-45,155,38,73,0,17-26,17:12,0,43/0/0,48,24,12,0,0,,2261,2261,2334,,
boss_v_bot_r24,BOT,S,6377,-12,55,0,73,0,,,0,,13,24,12,0,0,,2056,2056,2129,,
boss_v_bot_r24,BOT,K,6578,0,49,-3,49,-3,7-17,7:12,1,41/-8/0,24,24,12,0,0,,2048,2048,2097,,
boss_v_bot_r24,BOT,G,6745,0,30,0,30,0,59-64,59:22,1,17/0/41,124,24,12,0,0,,2191,2191,2221,105,-149
boss_v_bot_r24,BOT,P,6976,-2,96,-3,92,-3,32-70,51:22,1,-4/-1/0,77,24,22,108,30,71,2252,2160,2160,,
boss_v_bot_r24,BOT,P,7156,-2,246,21,244,19,32-70,51:22,1,-4/-7/0,77,24,22,108,30,71,2323,2082,2079,,
boss_v_bot_r24,BOT,S2,7390,-10,115,0,77,0,17-26,17:12,0,47/0/0,51,24,12,0,0,,2249,2249,2172,,
boss_v_bot_r24,BOT,K,7473,0,4,-5,4,-5,7-10,,0,,19,24,12,0,0,,2234,2234,2238,,
boss_v_bot_r24,BOT,R,7568,-1,156,7,157,7,20-64,,0,,79,24,17,0,0,,2252,2457,2409,,
boss_v_bot_r24,BOT,G,7648,0,62,0,62,0,70-82,70:22,0,16/-1/41,82,24,17,0,0,,2457,2498,2519,116,-235
boss_v_bot_r24,BOT,P,7850,-2,176,0,172,0,32-70,51:22,1,-11/-1/0,77,24,22,108,30,71,2490,2318,2318,,
boss_v_bot_nat,BOT,K,376,0,48,-3,48,-3,7-17,7:10,1,36/-3/0,26,19,10,0,0,,2514,2514,2466,,
boss_v_bot_nat,BOT,K,614,0,49,0,49,0,,,0,,4,19,10,0,0,,2404,2404,2355,,
boss_v_bot_nat,BOT,G,652,0,49,0,49,0,82-94,82:19,0,14/0/41,94,19,10,0,0,,2404,2499,2355,128,72
boss_v_bot_nat,BOT,R,762,-1,98,0,103,0,20-64,,0,,82,19,15,0,0,,2476,2270,2373,,
boss_v_bot_nat,BOT,G,884,0,2,0,2,0,113-125,113:20,0,15/0/36,125,20,15,0,0,,2281,2499,2283,158,6
boss_v_bot_nat,BOT,S,1140,-12,114,14,76,0,,,0,,14,20,11,0,0,,2405,2405,2329,,
boss_v_bot_nat,BOT,K,1263,0,48,-1,48,-1,,,0,,2,20,11,0,0,,2444,2444,2396,,
boss_v_bot_nat,BOT,K,1339,0,49,-1,49,-1,,,0,,3,20,11,0,0,,2487,2487,2438,,
boss_v_bot_nat,BOT,G,1376,0,49,0,49,0,68-80,68:20,0,17/-2/36,80,20,11,0,0,,2487,2501,2438,112,140
boss_v_bot_nat,BOT,S,1607,-14,129,3,76,1,,,0,,15,21,11,0,0,,2445,2445,2369,,
boss_v_bot_nat,BOT,G,1683,0,48,0,48,0,75-87,75:20,0,18/-2/41,87,21,11,0,0,,2487,2499,2439,120,147
boss_v_bot_nat,BOT,P,1918,-2,130,3,127,3,32-63,,0,,70,21,20,107,30,64,2482,2228,2355,,
boss_v_bot_nat,BOT,P,2365,-2,196,35,198,35,32-63,,0,,70,22,21,107,30,64,2048,2242,2246,,
boss_v_bot_nat,BOT,G,2472,0,49,0,49,0,59-64,59:21,1,17/0/41,124,22,21,0,0,,2247,2247,2296,105,-224
boss_v_bot_nat,BOT,S,2762,-13,129,3,79,1,,,0,,16,23,11,0,0,,2319,2319,2240,,
boss_v_bot_nat,BOT,K,2872,0,48,1,48,1,,,0,,2,23,11,0,0,,2358,2358,2310,,
boss_v_bot_nat,BOT,G,2908,0,48,0,48,0,59-64,59:21,1,17/0/41,124,23,11,0,0,,2358,2358,2310,104,-196
boss_v_bot_nat,BOT,S,3186,-14,134,3,80,1,,,0,,16,23,11,0,0,,2264,2264,2344,,
boss_v_bot_nat,BOT,K,3295,0,50,0,50,0,,,0,,3,24,12,0,0,,2222,2222,2272,,
boss_v_bot_nat,BOT,K,3332,0,50,0,50,0,,,0,,0,24,12,0,0,,2222,2222,2272,,
boss_v_bot_nat,BOT,K,3407,0,50,-2,50,-2,,,0,,2,24,12,0,0,,2178,2178,2228,,
boss_v_bot_nat,BOT,R,3496,-1,152,-53,154,-53,20-64,,0,,82,24,17,0,0,,2151,2339,2305,,
boss_v_bot_nat,BOT,R,3641,-1,259,-8,259,-8,20-64,,0,,79,24,17,0,0,,2277,2482,2536,,
boss_v_bot_nat,BOT,S3,3801,-30,134,-23,79,-2,17-26;55-64;92-102,17:12;55:12;92:12,1,79/-2/0,112,24,12,0,0,,2457,2457,2536,,
boss_v_bot_nat,BOT,R,4028,-1,216,-17,214,-16,20-60,45:17,1,48/2/0,75,24,17,0,0,,2305,2494,2519,,
boss_v_bot_nat,BOT,R,4250,-1,113,-2,112,-2,20-42,25:17,1,48/-2/0,57,24,17,0,0,,2322,2439,2434,,
boss_v_bot_nat,BOT,P,4417,-9,245,-5,232,-2,32-63,,0,,70,24,22,107,29,64,2270,2499,2502,,
boss_v_bot_nat,BOT,P,4572,-2,96,-24,96,-24,32-70,51:22,1,20/-6/0,77,24,22,107,29,71,2440,2536,2536,,
boss_v_bot_nat,BOT,P,4769,-2,123,-24,120,-24,32-63,,0,,70,24,22,107,29,64,2374,2493,2494,,
boss_v_bot_nat,BOT,K,4848,0,45,-1,45,-1,7-10,,0,,19,24,12,0,0,,2481,2481,2436,,
boss_v_bot_nat,BOT,K,4869,0,2,-1,2,-1,7-17,7:12,1,9/-1/0,26,24,12,0,0,,2481,2481,2483,,
boss_v_bot_nat,BOT,R,5005,-1,154,4,154,4,20-59,47:17,1,46/4/0,74,24,17,0,0,,2382,2543,2536,,
boss_v_bot_nat,BOT,R,5181,-1,144,-26,143,-26,20-36,,0,,36,24,17,0,0,,2384,2441,2527,,
boss_v_bot_nat,BOT,K,5296,0,45,-6,45,-6,,,0,,2,24,12,0,0,,2405,2405,2450,,
boss_v_bot_nat,BOT,R,5484,-1,128,4,126,4,20-43,27:17,1,51/4/0,58,24,17,0,0,,2272,2392,2398,,
boss_v_bot_nat,BOT,S2,5705,-32,186,-13,80,-1,17-26,17:12,0,53/-1/0,45,24,12,0,0,,2307,2307,2387,,
boss_v_bot_nat,BOT,K,5810,0,50,0,50,0,,,0,,4,24,12,0,0,,2263,2263,2313,,
boss_v_bot_nat,BOT,K,5890,0,50,1,50,1,,,0,,4,24,12,0,0,,2219,2219,2269,,
boss_v_bot_nat,BOT,K,5928,0,50,1,50,1,,,0,,0,24,12,0,0,,2219,2219,2269,,
boss_v_bot_nat,BOT,K,5990,0,50,3,50,3,,,0,,0,24,12,0,0,,2176,2176,2226,,

# V d schaden
typ,rang,schaden:anzahl,umgeworfen:anzahl
G,7,13:4,0:2 1:2
G,9,14:3,0:1 1:2
G,12,16:5,0:1 1:4
G,19,19:1,0:1
G,20,20:5,0:3 1:2
G,21,20:1,0:1
G,22,21:1,1:1
G,23,21:1,1:1
G,24,22:8,0:3 1:5
K,7,7:6,1:6
K,9,8:1,1:1
K,12,9:88,1:88
K,17,10:1,1:1
K,19,10:1,1:1
K,20,11:8,1:8
K,24,12:53,1:53
P,7,13:8,1:8
P,9,14:14,1:14
P,12,16:23,1:23
P,16,18:11,1:11
P,17,18:2,1:2
P,20,20:19,1:19
P,24,22:50,1:50
R,7,10:9,1:9
R,9,11:14,1:14
R,12,12:49,1:49
R,16,13:4,1:4
R,20,15:14,1:14
R,24,17:34,1:34
S,7,7:43,0:3 1:13
S,9,8:72,1:24
S,12,9:97,0:15 1:25
S,16,10:48,1:16
S,17,10:11,0:3 1:3
S,20,11:63,0:1 1:21
S,24,12:73,0:16 1:16

# V d einzelheiten
typ,groesse,werte (Wert:Anzahl)
G,Figur erster Bodenkontakt: dx zum Ort beim Griff (Blickrichtung des Bosses),-223:2 -226:1 -231:1 -235:1 -258:1 -264:1 -269:1 -283:3 -301:2
G,Flaeche S+0x28 gesetzt in allen Halteframes,1:13
G,Wurftreffer A+,59:8 67:1 69:2 70:1 74:1
G,Zustand 2 (Halten bis Ende) Frames,125:8 80:1 82:2 83:1 87:1
G,aktive Abschnitte (A+von-bis),59-64:8 67-79:1 69-81:2 70-82:1 74-86:1
K,aktive Abschnitte (A+von-bis),7-17:1
P,Landung A+,64:7 71:62
P,Landung minus x(Figur in A),-1:3 -16:1 -2:9 -3:18 -4:18 -5:4 -9:1 0:2 191:1 24:11 9:1
P,Scheitel px @ erster Frame A+,107.531@31:8 107.562@31:8 107.594@31:8 107.625@31:8 107.656@31:8 107.688@31:8 107.719@31:8 107.750@31:6 107.781@31:3 107.812@31:3 107.844@31:2 85.250@17:1
P,aktive Abschnitte (A+von-bis),:1 32-49:1 32-63:7 32-70:62
R,Auslauf px,0:4 1:2 2:1 21:4 22:3 23:4 24:6 27:1 28:7 29:17 3:1 30:32
R,Lauf Frames,31:1 32:5 33:6 34:5 36:1 37:1 40:1 41:4 44:5 45:53
R,Laufweg px,105.18:1 121.46:1 124.0:4 125.0:2 126.0:1 128.0:3 132.0:5 137.62:1 140.05:1 156.0:1 156.72:3 157.46:1 162.81:1 165.14:1 168.47:2 171.0:1 172.0:1 172.39:25 172.64:1 173.62:2 173.87:2 175.02:1 176.0:21
R,Nachlauf (Frames nach letztem aktiven bis Aktionsende),14:9 15:9 18:64
R,Tempo px/Frame (haeufigster Wert),3.691:3 3.918:39 4.0:40
R,aktive Abschnitte (A+von-bis),20-50:1 20-51:5 20-52:6 20-53:5 20-55:1 20-56:1 20-59:1 20-60:4 20-63:5 20-64:53
S,aktive Abschnitte (A+von-bis),17-26;52-61;88-98:14 17-26;52-61;90-100:4 17-26;53-62;88-98:2 17-26;53-62;90-100:2 17-26;54-63:1 17-26;54-63;90-100:7 17-26;54-63;92-102:31 17-26;55-64;90-100:19 17-26;55-64;92-102:18

# V d proben
lauf,info,A,erster_treffer_A+,schaden,d_treffer,dz_treffer,h_treffer,d_erster_aktiver,dz_erster_aktiver,h_erster_aktiver,aktiv_von,aktiv_bis
boss_v_ds_x-20,S (A=381) d=-20,381,37,9,20,0,0.281,-20,0,0.281,17,39
boss_v_ds_x-19,S (A=381) d=-19,381,37,9,19,0,0.281,-19,0,0.281,17,39
boss_v_ds_x-18,S (A=381) d=-18,381,37,9,18,0,0.281,-18,0,0.281,17,39
boss_v_ds_x-17,S (A=381) d=-17,381,37,9,17,0,0.281,-17,0,0.281,17,39
boss_v_ds_x-16,S (A=381) d=-16,381,17,9,-16,0,0.281,-16,0,0.281,17,26
boss_v_ds_x-15,S (A=381) d=-15,381,17,9,-15,0,0.281,-15,0,0.281,17,26
boss_v_ds_x-14,S (A=381) d=-14,381,17,9,-14,0,0.281,-14,0,0.281,17,26
boss_v_ds_x-10,S (A=381) d=-10,381,17,9,-10,0,0.281,-10,0,0.281,17,26
boss_v_ds_x40,S (A=381) d=40,381,17,9,40,0,0.281,40,0,0.281,17,26
boss_v_ds_x80,S (A=381) d=80,381,17,9,80,0,0.281,80,0,0.281,17,26
boss_v_ds_x100,S (A=381) d=100,381,17,9,100,0,0.281,100,0,0.281,17,26
boss_v_ds_x103,S (A=381) d=103,381,17,9,103,0,0.281,103,0,0.281,17,26
boss_v_ds_x104,S (A=381) d=104,381,17,9,104,0,0.281,104,0,0.281,17,26
boss_v_ds_x105,S (A=381) d=105,381,17,9,105,0,0.281,105,0,0.281,17,26
boss_v_ds_x106,S (A=381) d=106,381,,,,,,106,0,0.281,17,19
boss_v_ds_x110,S (A=381) d=110,381,,,,,,110,0,0.281,17,19
boss_v_ds_z-14,S d=70 dz=-14,381,,,,,,70,-14,0.281,17,19
boss_v_ds_z-13,S d=70 dz=-13,381,,,,,,70,-13,0.281,17,19
boss_v_ds_z-12,S d=70 dz=-12,381,17,9,70,-12,0.281,70,-12,0.281,17,26
boss_v_ds_z12,S d=70 dz=12,381,17,9,70,12,0.281,70,12,0.281,17,26
boss_v_ds_z13,S d=70 dz=13,381,,,,,,70,13,0.281,17,19
boss_v_ds_z14,S d=70 dz=14,381,,,,,,70,14,0.281,17,19
boss_v_ds_h60,S d=70 Hoehe 60,381,17,9,70,0,56.25,70,0,56.25,17,26
boss_v_ds_h66,S d=70 Hoehe 66,381,17,9,70,0,62.25,70,0,62.25,17,26
boss_v_ds_h67,S d=70 Hoehe 67,381,17,9,70,0,63.25,70,0,63.25,17,26
boss_v_ds_h70,S d=70 Hoehe 70,381,17,9,70,0,66.25,70,0,66.25,17,26
boss_v_ds_h72,S d=70 Hoehe 72,381,,,,,,70,0,68.25,17,19
boss_v_ds_h74,S d=70 Hoehe 74,381,,,,,,70,0,70.25,17,19
boss_v_ds_h76,S d=70 Hoehe 76,381,,,,,,70,0,72.25,17,19
boss_v_ds_h78,S d=70 Hoehe 78,381,,,,,,70,0,74.25,17,19
boss_v_dk_x-20,K (q_r9; A=5799; Boss am linken Rand) d=-20,5799,7,8,24,0,0.633,24,0,0.633,7,17
boss_v_dk_x-16,K (q_r9; A=5799; Boss am linken Rand) d=-16,5799,7,8,24,0,0.633,24,0,0.633,7,17
boss_v_dk_x-15,K (q_r9; A=5799; Boss am linken Rand) d=-15,5799,7,8,24,0,0.633,24,0,0.633,7,17
boss_v_dk_x-14,K (q_r9; A=5799; Boss am linken Rand) d=-14,5799,7,8,24,0,0.633,24,0,0.633,7,17
boss_v_dk_x-10,K (q_r9; A=5799; Boss am linken Rand) d=-10,5799,7,8,24,0,0.633,24,0,0.633,7,17
boss_v_dk_x40,K (q_r9; A=5799; Boss am linken Rand) d=40,5799,7,8,40,0,0.633,40,0,0.633,7,17
boss_v_dk_x80,K (q_r9; A=5799; Boss am linken Rand) d=80,5799,7,8,80,0,0.633,80,0,0.633,7,17
boss_v_dk_x84,K (q_r9; A=5799; Boss am linken Rand) d=84,5799,7,8,84,0,0.633,84,0,0.633,7,17
boss_v_dk_x88,K (q_r9; A=5799; Boss am linken Rand) d=88,5799,7,8,88,0,0.633,88,0,0.633,7,17
boss_v_dk_x90,K (q_r9; A=5799; Boss am linken Rand) d=90,5799,7,8,90,0,0.633,90,0,0.633,7,17
boss_v_dk_x92,K (q_r9; A=5799; Boss am linken Rand) d=92,5799,7,8,92,0,0.633,92,0,0.633,7,17
boss_v_dk_x95,K (q_r9; A=5799; Boss am linken Rand) d=95,5799,7,8,95,0,0.633,95,0,0.633,7,17
boss_v_dk_x96,K (q_r9; A=5799; Boss am linken Rand) d=96,5799,7,8,96,0,0.633,96,0,0.633,7,17
boss_v_dk_x97,K (q_r9; A=5799; Boss am linken Rand) d=97,5799,,,,,,97,0,0.633,7,10
boss_v_dk_x98,K (q_r9; A=5799; Boss am linken Rand) d=98,5799,,,,,,98,0,0.633,7,10
boss_v_dk_x100,K (q_r9; A=5799; Boss am linken Rand) d=100,5799,,,,,,100,0,0.633,7,10
boss_v_dk_x104,K (q_r9; A=5799; Boss am linken Rand) d=104,5799,,,,,,104,0,0.633,7,10
boss_v_dk_x105,K (q_r9; A=5799; Boss am linken Rand) d=105,5799,,,,,,105,0,0.633,7,10
boss_v_dk_x106,K (q_r9; A=5799; Boss am linken Rand) d=106,5799,,,,,,106,0,0.633,7,10
boss_v_dk_x110,K (q_r9; A=5799; Boss am linken Rand) d=110,5799,,,,,,110,0,0.633,7,10
boss_v_dk_z-14,K d=40 dz=-14,5799,,,,,,40,-14,0.633,7,10
boss_v_dk_z-13,K d=40 dz=-13,5799,,,,,,40,-13,0.633,7,10
boss_v_dk_z-12,K d=40 dz=-12,5799,7,8,40,-12,0.633,40,-12,0.633,7,17
boss_v_dk_z12,K d=40 dz=12,5799,7,8,40,12,0.633,40,12,0.633,7,17
boss_v_dk_z13,K d=40 dz=13,5799,,,,,,40,13,0.633,7,10
boss_v_dk_z14,K d=40 dz=14,5799,,,,,,40,14,0.633,7,10
boss_v_dk_h60,K d=40 Hoehe 60,5799,7,8,40,0,58.75,40,0,58.75,7,17
boss_v_dk_h66,K d=40 Hoehe 66,5799,7,8,40,0,64.75,40,0,64.75,7,17
boss_v_dk_h67,K d=40 Hoehe 67,5799,7,8,40,0,65.75,40,0,65.75,7,17
boss_v_dk_h68,K d=40 Hoehe 68,5799,7,8,40,0,66.75,40,0,66.75,7,17
boss_v_dk_h69,K d=40 Hoehe 69,5799,,,,,,40,0,67.75,7,10
boss_v_dk_h70,K d=40 Hoehe 70,5799,,,,,,40,0,68.75,7,10
boss_v_dk_h71,K d=40 Hoehe 71,5799,,,,,,40,0,69.75,7,10
boss_v_dk_h72,K d=40 Hoehe 72,5799,,,,,,40,0,70.75,7,10
boss_v_dk2_x-20,K (wie boss_v_e_24; A=48) d=-20,48,28,9,20,0,0.352,-20,0,0.352,7,38
boss_v_dk2_x-19,K (wie boss_v_e_24; A=48) d=-19,48,28,9,19,0,0.352,-19,0,0.352,7,38
boss_v_dk2_x-18,K (wie boss_v_e_24; A=48) d=-18,48,28,9,18,0,0.352,-18,0,0.352,7,38
boss_v_dk2_x-17,K (wie boss_v_e_24; A=48) d=-17,48,7,9,-17,0,0.352,-17,0,0.352,7,17
boss_v_dk2_x-16,K (wie boss_v_e_24; A=48) d=-16,48,7,9,-16,0,0.352,-16,0,0.352,7,17
boss_v_dk2_x-15,K (wie boss_v_e_24; A=48) d=-15,48,7,9,-15,0,0.352,-15,0,0.352,7,17
boss_v_dk2_x-14,K (wie boss_v_e_24; A=48) d=-14,48,7,9,-14,0,0.352,-14,0,0.352,7,17
boss_v_dk2_x-10,K (wie boss_v_e_24; A=48) d=-10,48,7,9,-10,0,0.352,-10,0,0.352,7,17
boss_v_dk3_x-18,K (wie boss_v_dg_31_x46; A=36) d=-18,36,28,9,18,0,0.352,-18,0,0.352,7,38
boss_v_dk3_x-17,K (wie boss_v_dg_31_x46; A=36) d=-17,36,28,9,17,0,0.352,-17,0,0.352,7,38
boss_v_dk3_x-16,K (wie boss_v_dg_31_x46; A=36) d=-16,36,7,9,-16,0,0.352,-16,0,0.352,7,17
boss_v_dk3_x94,K (wie boss_v_dg_31_x46; A=36) d=94,36,7,9,94,0,0.352,94,0,0.352,7,17
boss_v_dk3_x96,K (wie boss_v_dg_31_x46; A=36) d=96,36,7,9,96,0,0.352,96,0,0.352,7,17
boss_v_dk3_x97,K (wie boss_v_dg_31_x46; A=36) d=97,36,7,9,97,0,0.352,97,0,0.352,7,17
boss_v_dk3_x100,K (wie boss_v_dg_31_x46; A=36) d=100,36,7,9,100,0,0.352,100,0,0.352,7,17
boss_v_dk3_x105,K (wie boss_v_dg_31_x46; A=36) d=105,36,7,9,105,0,0.352,105,0,0.352,7,17
boss_v_dk3_x106,K (wie boss_v_dg_31_x46; A=36) d=106,36,,,,,,106,0,0.352,7,10
boss_v_dp_x-40,P (A=1474) Figur ab A+40 bei dx=-40 zu ihrer Lage in A,1474,51,16,6,7,0.32,108,15,0.32,32,70
boss_v_dp_x-35,P (A=1474) Figur ab A+40 bei dx=-35 zu ihrer Lage in A,1474,51,16,11,7,0.32,108,15,0.32,32,70
boss_v_dp_x-30,P (A=1474) Figur ab A+40 bei dx=-30 zu ihrer Lage in A,1474,51,16,16,7,0.32,108,15,0.32,32,70
boss_v_dp_x-27,P (A=1474) Figur ab A+40 bei dx=-27 zu ihrer Lage in A,1474,51,16,19,7,0.32,108,15,0.32,32,70
boss_v_dp_x-26,P (A=1474) Figur ab A+40 bei dx=-26 zu ihrer Lage in A,1474,51,16,20,7,0.32,108,15,0.32,32,70
boss_v_dp_x-25,P (A=1474) Figur ab A+40 bei dx=-25 zu ihrer Lage in A,1474,51,16,21,7,0.32,108,15,0.32,32,70
boss_v_dp_x-20,P (A=1474) Figur ab A+40 bei dx=-20 zu ihrer Lage in A,1474,52,16,22,6,0.32,108,15,0.32,32,70
boss_v_dp_x0,P (A=1474) Figur ab A+40 bei dx=0 zu ihrer Lage in A,1474,58,16,23,4,0.32,108,15,0.32,32,70
boss_v_dp_x5,P (A=1474) Figur ab A+40 bei dx=5 zu ihrer Lage in A,1474,60,16,21,3,0.32,108,15,0.32,32,70
boss_v_dp_x10,P (A=1474) Figur ab A+40 bei dx=10 zu ihrer Lage in A,1474,61,16,23,2,0.32,108,15,0.32,32,70
boss_v_dp_x15,P (A=1474) Figur ab A+40 bei dx=15 zu ihrer Lage in A,1474,63,16,21,1,0.32,108,15,0.32,32,70
boss_v_dp_x20,P (A=1474) Figur ab A+40 bei dx=20 zu ihrer Lage in A,1474,79,9,23,1,0.32,108,15,0.32,32,79
boss_v_dp_x25,P (A=1474) Figur ab A+40 bei dx=25 zu ihrer Lage in A,1474,79,9,28,1,0.32,108,15,0.32,32,79
boss_v_dp_x26,P (A=1474) Figur ab A+40 bei dx=26 zu ihrer Lage in A,1474,79,9,29,1,0.32,108,15,0.32,32,79
boss_v_dp_x27,P (A=1474) Figur ab A+40 bei dx=27 zu ihrer Lage in A,1474,79,9,30,1,0.32,108,15,0.32,32,79
boss_v_dp_z-14,P Figur ab A+40 dz=-14,1474,58,16,23,-10,0.32,108,15,0.32,32,70
boss_v_dp_z-13,P Figur ab A+40 dz=-13,1474,58,16,23,-9,0.32,108,15,0.32,32,70
boss_v_dp_z-12,P Figur ab A+40 dz=-12,1474,58,16,23,-8,0.32,108,15,0.32,32,70
boss_v_dp_z12,P Figur ab A+40 dz=12,1474,,,,,,108,15,0.32,32,63
boss_v_dp_z13,P Figur ab A+40 dz=13,1474,,,,,,108,15,0.32,32,63
boss_v_dp_z14,P Figur ab A+40 dz=14,1474,,,,,,108,15,0.32,32,63
boss_v_dp_j1500,P Figur springt in 1500,1474,57,16,26,4,39.695,108,15,22.508,32,70
boss_v_dp_j1512,P Figur springt in 1512,1474,57,16,26,4,50.945,108,15,0.32,32,70

# V d griffweite
lauf,info,d_Q,dz_Q,b_akt_Q,erste_reaktion (Frame-Q:Art)
boss_v_dg_2_x46,Boss in 2 bei x 2380; Figur d=46,46,0,0,0:G
boss_v_dg_2_x47,Boss in 2 bei x 2380; Figur d=47,47,0,0,0:G
boss_v_dg_2_x48,Boss in 2 bei x 2380; Figur d=48,48,0,0,0:G
boss_v_dg_2_x49,Boss in 2 bei x 2380; Figur d=49,49,0,0,0:G
boss_v_dg_2_x50,Boss in 2 bei x 2380; Figur d=50,51,0,0,
boss_v_dg_2_x51,Boss in 2 bei x 2380; Figur d=51,52,0,0,
boss_v_dg_2_z-9,Boss in 2 bei x 2380; Figur d=44 dz=-9,45,-9,0,
boss_v_dg_2_z-8,Boss in 2 bei x 2380; Figur d=44 dz=-8,45,-8,0,
boss_v_dg_2_z-7,Boss in 2 bei x 2380; Figur d=44 dz=-7,45,-7,0,
boss_v_dg_2_z6,Boss in 2 bei x 2380; Figur d=44 dz=6,44,0,0,0:G
boss_v_dg_2_z7,Boss in 2 bei x 2380; Figur d=44 dz=7,44,0,0,0:G
boss_v_dg_2_z8,Boss in 2 bei x 2380; Figur d=44 dz=8,45,8,0,
boss_v_dg_31_x46,Boss in 31 bei x 2380; Figur d=46,46,0,4,5:K
boss_v_dg_31_x47,Boss in 31 bei x 2380; Figur d=47,47,0,4,5:K
boss_v_dg_31_x48,Boss in 31 bei x 2380; Figur d=48,48,0,4,5:K
boss_v_dg_31_x49,Boss in 31 bei x 2380; Figur d=49,49,0,4,5:K
boss_v_dg_31_x50,Boss in 31 bei x 2380; Figur d=50,50,0,4,27:P
boss_v_dg_31_x51,Boss in 31 bei x 2380; Figur d=51,51,0,4,27:P
boss_v_dg_31_z-9,Boss in 31 bei x 2380; Figur d=44 dz=-9,44,-9,4,27:P
boss_v_dg_31_z-8,Boss in 31 bei x 2380; Figur d=44 dz=-8,44,-8,4,27:P
boss_v_dg_31_z-7,Boss in 31 bei x 2380; Figur d=44 dz=-7,44,-7,4,6:K
boss_v_dg_31_z6,Boss in 31 bei x 2380; Figur d=44 dz=6,44,6,4,5:K
boss_v_dg_31_z7,Boss in 31 bei x 2380; Figur d=44 dz=7,44,7,4,5:K
boss_v_dg_31_z8,Boss in 31 bei x 2380; Figur d=44 dz=8,44,8,4,27:P
boss_v_dg_60_x46,Boss in 60 bei x 2380; Figur d=46,46,0,6,0:R-Ausholen
boss_v_dg_60_x47,Boss in 60 bei x 2380; Figur d=47,47,0,6,0:R-Ausholen
boss_v_dg_60_x48,Boss in 60 bei x 2380; Figur d=48,48,0,6,0:R-Ausholen
boss_v_dg_60_x49,Boss in 60 bei x 2380; Figur d=49,49,0,6,0:R-Ausholen
boss_v_dg_60_x50,Boss in 60 bei x 2380; Figur d=50,50,0,6,0:R-Ausholen
boss_v_dg_60_x51,Boss in 60 bei x 2380; Figur d=51,51,0,6,0:R-Ausholen
boss_v_dg_60_z-9,Boss in 60 bei x 2380; Figur d=44 dz=-9,44,-9,6,0:R-Ausholen
boss_v_dg_60_z-8,Boss in 60 bei x 2380; Figur d=44 dz=-8,44,-8,6,0:R-Ausholen
boss_v_dg_60_z-7,Boss in 60 bei x 2380; Figur d=44 dz=-7,44,-7,6,0:R-Ausholen
boss_v_dg_60_z6,Boss in 60 bei x 2380; Figur d=44 dz=6,44,6,6,0:R-Ausholen
boss_v_dg_60_z7,Boss in 60 bei x 2380; Figur d=44 dz=7,44,7,6,0:R-Ausholen
boss_v_dg_60_z8,Boss in 60 bei x 2380; Figur d=44 dz=8,44,8,6,0:R-Ausholen
boss_v_dg_2_z-6,Boss in 2; Figur d=44 dz=-6,44,0,0,0:G
boss_v_dg_2_z-5,Boss in 2; Figur d=44 dz=-5,44,0,0,0:G

# V e rhythmus
lauf,teil,frames,angriffe,K,S,R,P,G,abstand_median,abstand_min,abstand_max
boss_v_bot_nat,BOT,6000,40,15,6,8,5,6,122,21,447
boss_v_bot_r24,BOT,8000,46,15,10,6,11,4,175,33,448
boss_v_bot_r7,BOT,8000,53,24,10,7,10,2,135.0,27,323
boss_v_p_r12,P,8000,33,0,14,8,9,2,262.0,79,352
boss_v_p_r16,P,8000,29,0,16,5,8,0,275.5,188,395
boss_v_p_r20,P,8000,35,0,10,12,10,3,226.5,80,391
boss_v_p_r24,P,8000,37,0,10,13,11,3,225.5,79,357
boss_v_p_r7,P,8000,32,0,13,10,7,2,256,79,409
boss_v_p_r9,P,8000,32,0,13,10,7,2,256,79,409
boss_v_q_r20,P,8000,33,0,11,11,11,0,230.5,143,395
boss_v_q_r9,P,8000,34,1,11,13,8,1,221,28,367

# V e wahl nach abstand
bereich (d bei Beginn der Aktion 6 bzw. A),typ,anzahl
fern >160,P,50
fern >160,R,57
fern >160,S,61
mittel 80-160,G,2
mittel 80-160,P,15
mittel 80-160,R,25
mittel 80-160,S,32
nah <80,G,11
nah <80,K,1
nah <80,P,6
nah <80,S,5

# V c ausbruch
lauf,A,S+0xAE,vorher (Zustand/Aktion/Animation in A-2, A-1),treffer_auf_boss_in_A-30..A
boss_v_q_r9,5827,31,1/6/4ab86 1/0/49efa,0
boss_v_bot_r7,421,31,1/6/4ab32 1/0/49efa,0
boss_v_bot_r24,4262,31,2/c/4b67e 1/0/49efa,0

# V c zucken danach
teil,zucken (angenommene Treffer ohne Umwerfen),davon Presse innerhalb 27 Frames
B,58,0
BOT,127,0
LI,30,0
T,3,0
U,33,0
W,17,0

# V f wellen
lauf,info,max_lp,lp_wechsel (frame:lp),neue Gegner (Typ@Frame Slot)
boss_v_w_h56,blp 56; Schlag in 13,110,2:56 15:53 16:56,EDDY@16(s16) EDDY@16(s18)
boss_v_w_h57,blp 57; Schlag in 13,110,2:57 15:54 16:57,EDDY@16(s16) EDDY@16(s18)
boss_v_w_h58,blp 58; Schlag in 13,110,2:58 15:55 16:58,EDDY@16(s16) EDDY@16(s18)
boss_v_w_h59,blp 59; Schlag in 13,110,2:59 15:56 16:59,
boss_v_w_r58_20,blp 58; Schlag ab 20,110,2:58 23:55,EDDY@24(s16) EDDY@24(s18)
boss_v_w_r58_34,blp 58; Schlag ab 34,110,2:58 37:55,EDDY@38(s16) EDDY@38(s18)
boss_v_w_r58_48,blp 58; Schlag ab 48,110,2:58 51:55,EDDY@52(s16) EDDY@52(s18)
boss_v_w_r58_62,blp 58; Schlag ab 62,110,2:58 65:55,EDDY@66(s16) EDDY@66(s18)
boss_v_w_r58_76,blp 58; Schlag ab 76,110,2:58 79:55,EDDY@80(s16) EDDY@80(s18)
boss_v_w_r58_90,blp 58; Schlag ab 90,110,2:58,
boss_v_w_v28,blp 28; Schlag in 61; EDDY leben,110,2:28 63:25,EDDY@2(s16) EDDY@2(s18) DICK@64(s17)
boss_v_w_v28_e1,blp 28; EDDY Slot 16 in 20 entfernt,110,2:28 63:25,EDDY@2(s16) EDDY@2(s18) weg:s16@20 WOOKY@21(s15) WOOKY@21(s17) DICK@64(s14)
boss_v_w_v28_e2,blp 28; EDDY Slot 16 und 18 in 20 entfernt,110,2:28 63:25,EDDY@2(s16) EDDY@2(s18) weg:s16@20 weg:s18@20 WOOKY@21(s15) WOOKY@21(s17) DICK@64(s14)
boss_v_w_v29,blp 29; Schlag in 61; EDDY leben,110,2:29 63:26,EDDY@2(s16) EDDY@2(s18) DICK@64(s17)
boss_v_w_v29_e1,blp 29; EDDY Slot 16 in 20 entfernt,110,2:29 63:26,EDDY@2(s16) EDDY@2(s18) weg:s16@20 WOOKY@21(s15) WOOKY@21(s17) DICK@64(s14)
boss_v_w_v29_e2,blp 29; EDDY Slot 16 und 18 in 20 entfernt,110,2:29 63:26,EDDY@2(s16) EDDY@2(s18) weg:s16@20 weg:s18@20 WOOKY@21(s15) WOOKY@21(s17) DICK@64(s14)
boss_v_w_v30,blp 30; Schlag in 61; EDDY leben,110,2:30 63:27,EDDY@2(s16) EDDY@2(s18) DICK@64(s17)
boss_v_w_v30_e1,blp 30; EDDY Slot 16 in 20 entfernt,110,2:30 63:27,EDDY@2(s16) EDDY@2(s18) weg:s16@20 WOOKY@21(s15) WOOKY@21(s17) DICK@64(s14)
boss_v_w_v30_e2,blp 30; EDDY Slot 16 und 18 in 20 entfernt,110,2:30 63:27,EDDY@2(s16) EDDY@2(s18) weg:s16@20 weg:s18@20 WOOKY@21(s15) WOOKY@21(s17) DICK@64(s14)
boss_v_w_v31,blp 31; Schlag in 61; EDDY leben,110,2:31 63:28,EDDY@2(s16) EDDY@2(s18)
boss_v_w_v31_e1,blp 31; EDDY Slot 16 in 20 entfernt,110,2:31 63:28,EDDY@2(s16) EDDY@2(s18) weg:s16@20 WOOKY@21(s15) WOOKY@21(s17)
boss_v_w_v31_e2,blp 31; EDDY Slot 16 und 18 in 20 entfernt,110,2:31 63:28,EDDY@2(s16) EDDY@2(s18) weg:s16@20 weg:s18@20 WOOKY@21(s15) WOOKY@21(s17)
boss_v_w9s_50,rang 9; blp 50 ohne Treffer,100,2:50,EDDY@2(s14) EDDY@2(s15)
boss_v_w9s_51,rang 9; blp 51 ohne Treffer,100,2:51,
boss_v_w9s_25,rang 9; blp 25 ohne Treffer,100,2:25,DICK@2(s13) EDDY@2(s14) EDDY@2(s15)
boss_v_w9s_26,rang 9; blp 26 ohne Treffer,100,2:26,EDDY@2(s14) EDDY@2(s15)
boss_v_ws_55,blp 55 ohne Treffer,110,2:55,EDDY@2(s16) EDDY@2(s18)
boss_v_ws_56,blp 56 ohne Treffer,110,2:56,
boss_v_ws_27,blp 27 ohne Treffer,110,2:27,EDDY@2(s16) DICK@2(s17) EDDY@2(s18)
boss_v_ws_28,blp 28 ohne Treffer,110,2:28,EDDY@2(s16) EDDY@2(s18)

# V g fall
lauf,info,t,art,boss_zustand2_ab_t+,andere_gegner (slot:t+Zustand2 / t+frei),pose_t+,stagewechsel_t+,slot_frei_t+,angriffe_mit_lp0,treffer_auf_figur_mit_lp0
boss_v_t_lp3,blp 3; Schlag in 13,,,,,,,,0,0
boss_v_t_lp0,blp 0; Figur passiv,,,,,,,,6,7
boss_v_t_todk,blp 0; Kette ab 901,923,knie,1,s16:3/146 s17:3/147 s18:3/146,132,545,547,4,5
boss_v_t_k1100r,blp 0; Kette ab 1101,1103,stufe1,1,s16:3/135 s17:47/167 s18:3/144,128,553,555,5,6
boss_v_t_todsp,blp 0; Spezialangriff in 901,934,spezial,1,s16:2/128 s17:1/183 s18:1/166,97,520,522,5,6

# V g sterben im angriff
lauf,info,t,att t..t+3,figur_lp t..t+3
boss_v_t_s397,blp 0 in 370; Treffer in 397 (Armschwung A=381; aktiv ab 398),397,8000 8000 8000 0,72 72 72 72
boss_v_t_s398,blp 0 in 370; Treffer in 398 (Armschwung A=381; aktiv ab 398),398,4002 4002 0 0,72 72 72 72
boss_v_t_s399,blp 0 in 370; Treffer in 399 (Armschwung A=381; aktiv ab 398),,,

# V g schriftzug
lauf,info,t,erster Frame mit Schriftzug am rechten Rand,= t+
boss_v_t_k1100r_s,wie boss_v_t_k1100r; Aufnahmen 1336-1360,1103,1347,244
boss_v_t_todsp_s,wie boss_v_t_todsp; Aufnahmen 1130-1180,934,1145,211

# V bot
lauf,info,schlagtreffer,zurueckgewiesen,anteil_%,je Stufe (stufe:dauerhaft/zurueck/halb)
boss_v_bot_r7,Bot; rang 7,82,13,16,stufe1:32/1/0 stufe2:18/5/0 stufe3:14/2/0 stufe4:2/5/3
boss_v_bot_r24,Bot; rang 24,59,21,36,stufe1:23/5/0 stufe2:9/10/0 stufe3:2/6/0 stufe4:3/0/1
boss_v_bot_nat,Bot; natuerlicher Rang 18-24,53,18,34,stufe1:19/6/0 stufe2:13/5/0 stufe3:3/5/0 stufe4:0/2/0

# V c nach dem aufstehen
lauf,info,K,G-K,d_bei_G,folge (G+n:Zustand/Aktion Art),boss_packt_ab
boss_v_au_45,Figur in 127 (G-5) d=45 vor dem Boss; passiv,27,105,45,G-1:2/c G+0:1/0 G+1:1/6K G+4:1/6 G+29:1/0 G+109:1/4 G+123:1/0,
boss_v_au_55,Figur in 127 (G-5) d=55 vor dem Boss; passiv,27,105,55,G-1:2/c G+0:1/0 G+4:1/6K G+7:1/6 G+32:1/0 G+69:1/4 G+83:1/0,
boss_v_au_65,Figur in 127 (G-5) d=65 vor dem Boss; passiv,27,105,65,G-1:2/c G+0:1/0 G+10:1/6K G+13:1/6 G+38:1/0 G+69:1/4 G+83:1/0,
boss_v_au_sp120,Figur in 119 d=60; Spezialangriff in 120,27,105,60,G-1:2/c G+0:1/0 G+7:1/6K G+10:1/6 G+35:1/0 G+109:1/4 G+123:1/0,
boss_v_au_sp124,Figur in 123 d=60; Spezialangriff in 124,27,105,60,G-1:2/c G+0:1/0 G+7:1/6K G+10:1/6 G+35:1/0 G+109:1/4 G+123:1/0,
