# Gegenpruefung V7 "Fernkampf und Messerwurf" (Praefix fern_v), erzeugt von scripts/belege_fern.sh
# (Block V7, Szenario scenarios/fern_v_frei.lua, Bot scenarios/fern_v_bot.lua), Auswertung
# scripts/messen_fern_v.py belege. Frames lokal je Lauf; A = Angriffsbeginn, G = erster Frame des
# Geschosses; vorn = (x Figur - x Geschoss) * Flugrichtung am Frame-Ende; dz = z(Geschoss bzw. Werfer) - z(Figur).
# Abschnitte (erste Spalte): wurf, stich, serien, rhythmus_skip (SKIP natuerlich, Laeufe s_*);
# angriff_dick, rhythmus_dick, rakete, kugel_ende, dick_* (DICK natuerlich, p_*, z_*, r_*, g_*);
# probe (Einzelframe-Probe: Lauf, K, Flugrichtung, Blick der Figur zum Werfer, vorn, dz, Hoehe, Attribut,
#   Animation der Figur, Treffer in K); bahn (je Geschoss: Lauf, G, Slot, Typ, Richtung, Rang, Schaden,
#   Treffer rel. G, Hoehe und dz beim Treffer, LP-Verlust, umgeworfen, Zustand 3, frei rel. G, letzte Lage
#   x - Kamera, dann je Frame mit Attribut rel:vorn:dz:h:attr:T); objekt (Glas/Fass: Slot, Typ, LP vorher,
#   Trefferframe, LP danach, frei); erscheinen (Rang, Tod WOOKY 17, Belegungen frame:slot:typ[:Waffe:MaxLP]);
#   tod (Slot, Tod t, Art vorher, Schuesse, Hoehe max, dx, Gegenstand nach, Art, Munition, Liegezeit);
#   gegner_auf_bahn (Geschossart, Gegnertyp, Frames im Trefferbereich, LP-Verlust); schutz (Treffer durch
#   DICK-Geschosse nach Zustand der Figur im Vorframe); mehrere_dick (DICK, Angriffe, ueberlappende Angriffe).
# EINGRIFFE je Lauf in belege_fern.sh (LP 72 immer; CC_RANG; DOLG gehalten; entf/glp/pos/obj/fig/hoch/frac0).
bahn,fern_v_bkh1_61,16,28,86022,links,12,5,,,,,,,1,152,0:90:-6:0:2:-
bahn,fern_v_bkh1_61,33,29,86022,links,12,5,9,58,-6,5,True,,22,80,0:90:-6:60:2:- 1:82:-6:60:2:- 2:74:-6:60:2:- 3:66:-6:59:2:- 4:58:-6:59:2:- 5:50:-6:59:2:- 6:42:-6:59:2:- 7:34:-6:58:2:- 8:26:-6:58:2:- 9:18:-6:58:2:T 21:30:-6:65:FF00:-
bahn,fern_v_bkh1_61,50,27,86022,links,12,5,,,,,,,11,72,0:90:-6:61:C02:- 1:85:-6:66:C02:- 2:80:-6:65:C02:- 3:75:-6:65:C02:- 4:70:-6:65:C02:- 5:65:-6:64:C02:- 6:60:-6:64:C02:- 7:54:-6:64:C02:- 8:49:-6:64:C02:- 9:44:-6:63:C02:- 10:39:-6:63:C02:-
bahn,fern_v_bkh1_62,16,28,86022,links,12,5,,,,,,,1,152,0:90:-6:0:2:-
bahn,fern_v_bkh1_62,33,29,86022,links,12,5,9,59,-6,5,True,,22,80,0:90:-6:61:2:- 1:82:-6:61:2:- 2:74:-6:61:2:- 3:66:-6:60:2:- 4:58:-6:60:2:- 5:50:-6:60:2:- 6:42:-6:60:2:- 7:34:-6:59:2:- 8:26:-6:59:2:- 9:18:-6:59:2:T 21:30:-6:66:FF00:-
bahn,fern_v_bkh1_62,50,27,86022,links,12,5,,,,,,,11,72,0:90:-6:62:C02:- 1:85:-6:67:C02:- 2:80:-6:66:C02:- 3:75:-6:66:C02:- 4:70:-6:66:C02:- 5:65:-6:65:C02:- 6:60:-6:65:C02:- 7:54:-6:65:C02:- 8:49:-6:65:C02:- 9:44:-6:64:C02:- 10:39:-6:64:C02:-
bahn,fern_v_bkh1_63,16,28,86022,links,12,5,,,,,,,1,152,0:90:-6:0:2:-
bahn,fern_v_bkh1_63,33,29,86022,links,12,5,11,59,-6,5,True,,24,64,0:90:-6:62:2:- 1:82:-6:62:2:- 2:74:-6:62:2:- 3:66:-6:61:2:- 4:58:-6:61:2:- 5:50:-6:61:2:- 6:42:-6:61:2:- 7:34:-6:60:2:- 8:26:-6:60:2:- 9:18:-6:60:2:- 10:10:-6:60:2:- 11:2:-6:59:2:T 23:14:-6:67:FF00:-
bahn,fern_v_bkh1_63,50,27,86022,links,12,5,,,,,,,11,72,0:90:-6:63:C02:- 1:82:-6:63:C02:- 2:74:-6:63:C02:- 3:69:-6:68:C02:- 4:64:-6:67:C02:- 5:59:-6:67:C02:- 6:54:-6:67:C02:- 7:49:-6:66:C02:- 8:44:-6:66:C02:- 9:38:-6:66:C02:- 10:33:-6:66:C02:-
bahn,fern_v_bkh1_64,16,28,86022,links,12,5,,,,,,,1,152,0:90:-6:0:2:-
bahn,fern_v_bkh1_64,33,29,86022,links,12,5,26,57,-6,5,True,,28,-64,0:90:-6:63:2:- 1:82:-6:63:2:- 2:74:-6:63:2:- 3:66:-6:62:2:- 4:58:-6:62:2:- 5:50:-6:62:2:- 6:42:-6:62:2:- 7:34:-6:61:2:- 8:26:-6:61:2:- 9:18:-6:61:2:- 10:10:-6:61:2:- 11:2:-6:60:2:- 12:-6:-6:60:2:- 13:-14:-6:60:2:- 14:-22:-6:60:2:- 15:-30:-6:59:2:- 16:-38:-6:59:2:- 17:-46:-6:59:2:- 18:-54:-6:59:2:- 19:-62:-6:58:2:- 20:-70:-6:58:2:- 21:-78:-6:58:2:- 22:-86:-6:58:2:- 23:-94:-6:57:2:- 24:-102:-6:57:2:- 25:-110:-6:57:2:- 26:-118:-6:57:2:T 27:-126:-6:64:2:-
bahn,fern_v_bkh1_64,50,27,86022,links,12,5,9,57,-6,5,True,,11,80,0:90:-6:59:C02:- 1:82:-6:59:C02:- 2:74:-6:58:C02:- 3:66:-6:58:C02:- 4:58:-6:58:C02:- 5:50:-6:58:C02:- 6:42:-6:57:C02:- 7:34:-6:57:C02:- 8:26:-6:57:C02:- 9:18:-6:57:C02:T
bahn,fern_v_bkh1_65,16,28,86022,links,12,5,,,,,,,1,152,0:90:-6:0:2:-
bahn,fern_v_bkh1_65,33,29,86022,links,12,5,26,58,-6,5,True,,28,-64,0:90:-6:64:2:- 1:82:-6:64:2:- 2:74:-6:64:2:- 3:66:-6:63:2:- 4:58:-6:63:2:- 5:50:-6:63:2:- 6:42:-6:63:2:- 7:34:-6:62:2:- 8:26:-6:62:2:- 9:18:-6:62:2:- 10:10:-6:62:2:- 11:2:-6:61:2:- 12:-6:-6:61:2:- 13:-14:-6:61:2:- 14:-22:-6:61:2:- 15:-30:-6:60:2:- 16:-38:-6:60:2:- 17:-46:-6:60:2:- 18:-54:-6:60:2:- 19:-62:-6:59:2:- 20:-70:-6:59:2:- 21:-78:-6:59:2:- 22:-86:-6:59:2:- 23:-94:-6:58:2:- 24:-102:-6:58:2:- 25:-110:-6:58:2:- 26:-118:-6:58:2:T 27:-126:-6:65:2:-
bahn,fern_v_bkh1_65,50,27,86022,links,12,5,9,58,-6,5,True,,11,80,0:90:-6:60:C02:- 1:82:-6:60:C02:- 2:74:-6:59:C02:- 3:66:-6:59:C02:- 4:58:-6:59:C02:- 5:50:-6:59:C02:- 6:42:-6:58:C02:- 7:34:-6:58:C02:- 8:26:-6:58:C02:- 9:18:-6:58:C02:T
probe,fern_v_bkux2_-27,52,rechts,zum,19,0,0,0C02,AFF30,ja
probe,fern_v_bkux2_-28,52,rechts,zum,20,0,0,0C02,AFF30,ja
probe,fern_v_bkux2_-29,52,rechts,zum,21,0,0,0C02,AFF30,nein
probe,fern_v_bkux2_-30,52,rechts,zum,22,0,0,0C02,AFF30,nein
probe,fern_v_bkux2_4,52,rechts,zum,-12,0,0,0C02,AFF30,ja
probe,fern_v_bkux2_5,52,rechts,zum,-13,0,0,0C02,AFF30,ja
probe,fern_v_bkux2_6,52,rechts,zum,-14,0,0,0C02,AFF30,nein
probe,fern_v_bkux2_7,52,rechts,zum,-15,0,0,0C02,AFF30,nein
probe,fern_v_bkux3_-11,35,links,weg,-19,0,0,0C02,AFF30,ja
probe,fern_v_bkux3_-12,35,links,weg,-20,0,0,0C02,AFF30,ja
probe,fern_v_bkux3_-13,35,links,weg,-21,0,0,0C02,AFF30,nein
probe,fern_v_bkux3_-14,35,links,weg,-22,0,0,0C02,AFF30,nein
probe,fern_v_bkux3_20,35,links,weg,12,0,0,0C02,AFF30,ja
probe,fern_v_bkux3_21,35,links,weg,13,0,0,0C02,AFF30,ja
probe,fern_v_bkux3_22,35,links,weg,14,0,0,0C02,AFF30,nein
probe,fern_v_bkux3_23,35,links,weg,15,0,0,0C02,AFF30,nein
probe,fern_v_bkx1_-4,18,links,zum,-12,0,0,0002,AFF30,ja
probe,fern_v_bkx1_-5,18,links,zum,-13,0,0,0002,AFF30,nein
probe,fern_v_bkx1_-6,18,links,zum,-14,0,0,0002,AFF30,nein
probe,fern_v_bkx1_-7,18,links,zum,-15,0,0,0002,AFF30,nein
probe,fern_v_bkx1_27,18,links,zum,19,0,0,0002,AFF30,ja
probe,fern_v_bkx1_28,18,links,zum,20,0,0,0002,AFF30,ja
probe,fern_v_bkx1_29,18,links,zum,21,0,0,0002,AFF30,ja
probe,fern_v_bkx1_30,18,links,zum,22,0,0,0002,AFF30,nein
probe,fern_v_bkx2_-27,18,rechts,zum,19,0,0,0002,AFF30,ja
probe,fern_v_bkx2_-28,18,rechts,zum,20,0,0,0002,AFF30,ja
probe,fern_v_bkx2_-29,18,rechts,zum,21,0,0,0002,AFF30,nein
probe,fern_v_bkx2_-30,18,rechts,zum,22,0,0,0002,AFF30,nein
probe,fern_v_bkx2_4,18,rechts,zum,-12,0,0,0002,AFF30,ja
probe,fern_v_bkx2_5,18,rechts,zum,-13,0,0,0002,AFF30,ja
probe,fern_v_bkx2_6,18,rechts,zum,-14,0,0,0002,AFF30,nein
probe,fern_v_bkx2_7,18,rechts,zum,-15,0,0,0002,AFF30,nein
probe,fern_v_bkx2w_-19,18,rechts,weg,11,0,0,0002,AFF30,ja
probe,fern_v_bkx2w_-20,18,rechts,weg,12,0,0,0002,AFF30,ja
probe,fern_v_bkx2w_-21,18,rechts,weg,13,0,0,0002,AFF30,nein
probe,fern_v_bkx2w_-22,18,rechts,weg,14,0,0,0002,AFF30,nein
probe,fern_v_bkx2w_12,18,rechts,weg,-20,0,0,0002,AFF30,ja
probe,fern_v_bkx2w_13,18,rechts,weg,-21,0,0,0002,AFF30,ja
probe,fern_v_bkx2w_14,18,rechts,weg,-22,0,0,0002,AFF30,nein
probe,fern_v_bkx2w_15,18,rechts,weg,-23,0,0,0002,AFF30,nein
probe,fern_v_bkx3_-12,18,links,weg,-20,0,0,0002,AFF30,ja
probe,fern_v_bkx3_-13,18,links,weg,-21,0,0,0002,AFF30,nein
probe,fern_v_bkx3_-14,18,links,weg,-22,0,0,0002,AFF30,nein
probe,fern_v_bkx3_-15,18,links,weg,-23,0,0,0002,AFF30,nein
probe,fern_v_bkx3_19,18,links,weg,11,0,0,0002,AFF30,ja
probe,fern_v_bkx3_20,18,links,weg,12,0,0,0002,AFF30,ja
probe,fern_v_bkx3_21,18,links,weg,13,0,0,0002,AFF30,ja
probe,fern_v_bkx3_22,18,links,weg,14,0,0,0002,AFF30,nein
bahn,fern_v_bkz1u_5,16,28,86022,links,12,5,9,0,-11,5,False,,22,80,0:90:-11:0:2:- 1:82:-11:0:2:- 2:74:-11:0:2:- 3:66:-11:0:2:- 4:58:-11:0:2:- 5:50:-11:0:2:- 6:42:-11:0:2:- 7:34:-11:0:2:- 8:26:-11:0:2:- 9:18:-11:0:2:T 21:18:-11:0:FF00:-
bahn,fern_v_bkz1u_6,16,28,86022,links,12,5,9,0,-12,5,False,,22,80,0:90:-11:0:2:- 1:82:-12:0:2:- 2:74:-12:0:2:- 3:66:-12:0:2:- 4:58:-12:0:2:- 5:50:-12:0:2:- 6:42:-12:0:2:- 7:34:-12:0:2:- 8:26:-12:0:2:- 9:18:-12:0:2:T 21:18:-12:0:FF00:-
bahn,fern_v_bkz1u_7,16,28,86022,links,12,5,,,,,,,25,-40,0:90:-11:0:2:- 1:82:-12:0:2:- 2:74:-13:0:2:- 3:66:-13:0:2:- 4:58:-13:0:2:- 5:50:-13:0:2:- 6:42:-13:0:2:- 7:34:-13:0:2:- 8:26:-13:0:2:- 9:18:-13:0:2:- 10:10:-13:0:2:- 11:2:-13:0:2:- 12:-6:-13:0:2:- 13:-14:-13:0:2:- 14:-22:-13:0:2:- 15:-30:-13:0:2:- 16:-38:-13:0:2:- 17:-46:-13:0:2:- 18:-54:-13:0:2:- 19:-62:-13:0:2:- 20:-70:-13:0:2:- 21:-78:-13:0:2:- 22:-86:-13:0:2:- 23:-94:-13:0:2:- 24:-102:-13:0:2:-
bahn,fern_v_bkz1u_8,16,28,86022,links,12,5,,,,,,,25,-40,0:90:-11:0:2:- 1:82:-12:0:2:- 2:74:-13:0:2:- 3:66:-14:0:2:- 4:58:-14:0:2:- 5:50:-14:0:2:- 6:42:-14:0:2:- 7:34:-14:0:2:- 8:26:-14:0:2:- 9:18:-14:0:2:- 10:10:-14:0:2:- 11:2:-14:0:2:- 12:-6:-14:0:2:- 13:-14:-14:0:2:- 14:-22:-14:0:2:- 15:-30:-14:0:2:- 16:-38:-14:0:2:- 17:-46:-14:0:2:- 18:-54:-14:0:2:- 19:-62:-14:0:2:- 20:-70:-14:0:2:- 21:-78:-14:0:2:- 22:-86:-14:0:2:- 23:-94:-14:0:2:- 24:-102:-14:0:2:-
bahn,fern_v_bkz3d_6,16,29,86022,links,12,5,10,0,11,5,False,,23,206,0:89:10:0:2:- 1:81:11:0:2:- 2:73:11:0:2:- 3:65:11:0:2:- 4:57:11:0:2:- 5:49:11:0:2:- 6:41:11:0:2:- 7:33:11:0:2:- 8:25:11:0:2:- 9:17:11:0:2:- 10:9:11:0:2:T 22:9:11:0:FF00:-
bahn,fern_v_bkz3d_7,16,29,86022,links,12,5,10,0,12,5,False,,23,206,0:89:10:0:2:- 1:81:11:0:2:- 2:73:12:0:2:- 3:65:12:0:2:- 4:57:12:0:2:- 5:49:12:0:2:- 6:41:12:0:2:- 7:33:12:0:2:- 8:25:12:0:2:- 9:17:12:0:2:- 10:9:12:0:2:T 22:9:12:0:FF00:-
bahn,fern_v_bkz3d_8,16,29,86022,links,12,5,,,,,,,25,94,0:89:10:0:2:- 1:81:11:0:2:- 2:73:12:0:2:- 3:65:13:0:2:- 4:57:13:0:2:- 5:49:13:0:2:- 6:41:13:0:2:- 7:33:13:0:2:- 8:25:13:0:2:- 9:17:13:0:2:- 10:9:13:0:2:- 11:1:13:0:2:- 12:-7:13:0:2:- 13:-15:13:0:2:- 14:-23:13:0:2:- 15:-31:13:0:2:- 16:-39:13:0:2:- 17:-47:13:0:2:- 18:-55:13:0:2:- 19:-63:13:0:2:- 20:-71:13:0:2:- 21:-79:13:0:2:- 22:-87:13:0:2:- 23:-95:13:0:2:- 24:-103:13:0:2:-
bahn,fern_v_bkz3d_9,16,29,86022,links,12,5,,,,,,,25,94,0:89:10:0:2:- 1:81:11:0:2:- 2:73:12:0:2:- 3:65:13:0:2:- 4:57:14:0:2:- 5:49:14:0:2:- 6:41:14:0:2:- 7:33:14:0:2:- 8:25:14:0:2:- 9:17:14:0:2:- 10:9:14:0:2:- 11:1:14:0:2:- 12:-7:14:0:2:- 13:-15:14:0:2:- 14:-23:14:0:2:- 15:-31:14:0:2:- 16:-39:14:0:2:- 17:-47:14:0:2:- 18:-55:14:0:2:- 19:-63:14:0:2:- 20:-71:14:0:2:- 21:-79:14:0:2:- 22:-87:14:0:2:- 23:-95:14:0:2:- 24:-103:14:0:2:-
bahn,fern_v_bmh2_57,2,29,85B42,links,21,12,9,55,-4,12,True,,22,185,0:62:-4:57:C08:- 1:58:-4:57:C08:- 2:54:-4:56:C08:- 3:50:-4:56:C08:- 4:46:-4:56:C08:- 5:42:-4:56:C08:- 6:38:-4:55:C08:- 7:34:-4:55:C08:- 8:30:-4:55:C08:- 9:26:-4:55:C08:T 21:38:-4:61:FF00:-
bahn,fern_v_bmh2_58,2,29,85B42,links,21,12,9,56,-4,12,True,,22,185,0:62:-4:58:C08:- 1:58:-4:58:C08:- 2:54:-4:57:C08:- 3:50:-4:57:C08:- 4:46:-4:57:C08:- 5:42:-4:57:C08:- 6:38:-4:56:C08:- 7:34:-4:56:C08:- 8:30:-4:56:C08:- 9:26:-4:56:C08:T 21:38:-4:62:FF00:-
bahn,fern_v_bmh2_59,2,29,85B42,links,21,12,9,57,-4,12,True,,22,185,0:62:-4:59:C08:- 1:58:-4:59:C08:- 2:54:-4:58:C08:- 3:50:-4:58:C08:- 4:46:-4:58:C08:- 5:42:-4:58:C08:- 6:38:-4:57:C08:- 7:34:-4:57:C08:- 8:30:-4:57:C08:- 9:26:-4:57:C08:T 21:38:-4:63:FF00:-
bahn,fern_v_bmh2_60,2,29,85B42,links,21,12,9,58,-4,12,True,,22,185,0:62:-4:60:C08:- 1:58:-4:60:C08:- 2:54:-4:59:C08:- 3:50:-4:59:C08:- 4:46:-4:59:C08:- 5:42:-4:59:C08:- 6:38:-4:58:C08:- 7:34:-4:58:C08:- 8:30:-4:58:C08:- 9:26:-4:58:C08:T 21:38:-4:64:FF00:-
bahn,fern_v_bmh2_61,2,29,85B42,links,21,12,9,59,-4,12,True,,22,185,0:62:-4:61:C08:- 1:58:-4:61:C08:- 2:54:-4:60:C08:- 3:50:-4:60:C08:- 4:46:-4:60:C08:- 5:42:-4:60:C08:- 6:38:-4:59:C08:- 7:34:-4:59:C08:- 8:30:-4:59:C08:- 9:26:-4:59:C08:T 21:38:-4:65:FF00:-
bahn,fern_v_bmh2_62,2,29,85B42,links,21,12,10,59,-4,12,True,,23,181,0:62:-4:62:C08:- 1:58:-4:62:C08:- 2:54:-4:61:C08:- 3:50:-4:61:C08:- 4:46:-4:61:C08:- 5:42:-4:61:C08:- 6:38:-4:60:C08:- 7:34:-4:60:C08:- 8:30:-4:60:C08:- 9:26:-4:60:C08:- 10:22:-4:59:C08:T 22:34:-4:66:FF00:-
bahn,fern_v_bmh3_57,2,29,85B42,rechts,12,11,9,55,-5,11,True,,22,134,0:61:-5:57:C08:- 1:57:-5:57:C08:- 2:53:-5:56:C08:- 3:49:-5:56:C08:- 4:45:-5:56:C08:- 5:41:-5:56:C08:- 6:37:-5:55:C08:- 7:33:-5:55:C08:- 8:29:-5:55:C08:- 9:25:-5:55:C08:T 21:36:-5:61:FF00:-
bahn,fern_v_bmh3_58,2,29,85B42,rechts,12,11,9,56,-5,11,True,,22,134,0:61:-5:58:C08:- 1:57:-5:58:C08:- 2:53:-5:57:C08:- 3:49:-5:57:C08:- 4:45:-5:57:C08:- 5:41:-5:57:C08:- 6:37:-5:56:C08:- 7:33:-5:56:C08:- 8:29:-5:56:C08:- 9:25:-5:56:C08:T 21:36:-5:62:FF00:-
bahn,fern_v_bmh3_59,2,29,85B42,rechts,12,11,9,57,-5,11,True,,22,134,0:61:-5:59:C08:- 1:57:-5:59:C08:- 2:53:-5:58:C08:- 3:49:-5:58:C08:- 4:45:-5:58:C08:- 5:41:-5:58:C08:- 6:37:-5:57:C08:- 7:33:-5:57:C08:- 8:29:-5:57:C08:- 9:25:-5:57:C08:T 21:36:-5:63:FF00:-
bahn,fern_v_bmh3_60,2,29,85B42,rechts,12,11,9,58,-5,11,True,,22,134,0:61:-5:60:C08:- 1:57:-5:60:C08:- 2:53:-5:59:C08:- 3:49:-5:59:C08:- 4:45:-5:59:C08:- 5:41:-5:59:C08:- 6:37:-5:58:C08:- 7:33:-5:58:C08:- 8:29:-5:58:C08:- 9:25:-5:58:C08:T 21:36:-5:64:FF00:-
bahn,fern_v_bmh3_61,2,29,85B42,rechts,12,11,9,59,-5,11,True,,22,134,0:61:-5:61:C08:- 1:57:-5:61:C08:- 2:53:-5:60:C08:- 3:49:-5:60:C08:- 4:45:-5:60:C08:- 5:41:-5:60:C08:- 6:37:-5:59:C08:- 7:33:-5:59:C08:- 8:29:-5:59:C08:- 9:25:-5:59:C08:T 21:36:-5:65:FF00:-
bahn,fern_v_bmh3_62,2,29,85B42,rechts,12,11,10,59,-5,11,True,,23,138,0:61:-5:62:C08:- 1:57:-5:62:C08:- 2:53:-5:61:C08:- 3:49:-5:61:C08:- 4:45:-5:61:C08:- 5:41:-5:61:C08:- 6:37:-5:60:C08:- 7:33:-5:60:C08:- 8:29:-5:60:C08:- 9:25:-5:60:C08:- 10:21:-5:59:C08:T 22:32:-5:66:FF00:-
bahn,fern_v_bmh3_63,2,29,85B42,rechts,12,11,14,59,-5,11,True,,27,154,0:61:-5:63:C08:- 1:57:-5:63:C08:- 2:53:-5:62:C08:- 3:49:-5:62:C08:- 4:45:-5:62:C08:- 5:41:-5:62:C08:- 6:37:-5:61:C08:- 7:33:-5:61:C08:- 8:29:-5:61:C08:- 9:25:-5:61:C08:- 10:21:-5:60:C08:- 11:17:-5:60:C08:- 12:13:-5:60:C08:- 13:9:-5:60:C08:- 14:5:-5:59:C08:T 26:16:-5:81:FF00:-
bahn,fern_v_bmh3_64,2,29,85B42,rechts,12,11,18,59,-5,11,True,,29,170,0:61:-5:64:C08:- 1:57:-5:64:C08:- 2:53:-5:63:C08:- 3:49:-5:63:C08:- 4:45:-5:63:C08:- 5:41:-5:63:C08:- 6:37:-5:62:C08:- 7:33:-5:62:C08:- 8:29:-5:62:C08:- 9:25:-5:62:C08:- 10:21:-5:61:C08:- 11:17:-5:61:C08:- 12:13:-5:61:C08:- 13:9:-5:61:C08:- 14:5:-5:60:C08:- 15:1:-5:60:C08:- 16:-3:-5:60:C08:- 17:-7:-5:60:C08:- 18:-11:-5:59:C08:T
bahn,fern_v_bmh3_65,2,29,85B42,rechts,12,11,,,,,,,29,210,0:61:-5:65:C08:- 1:57:-5:65:C08:- 2:53:-5:64:C08:- 3:49:-5:64:C08:- 4:45:-5:64:C08:- 5:41:-5:64:C08:- 6:37:-5:63:C08:- 7:33:-5:63:C08:- 8:29:-5:63:C08:- 9:25:-5:63:C08:- 10:21:-5:62:C08:- 11:17:-5:62:C08:- 12:13:-5:62:C08:- 13:9:-5:62:C08:- 14:5:-5:61:C08:- 15:1:-5:61:C08:- 16:-3:-5:61:C08:- 17:-7:-5:61:C08:- 18:-11:-5:60:C08:- 19:-15:-5:60:C08:- 20:-19:-5:60:C08:- 21:-23:-5:60:C08:- 22:-27:-5:59:C08:- 23:-31:-5:54:C08:- 24:-35:-5:48:C08:- 25:-39:-5:42:C08:- 26:-43:-5:36:C08:- 27:-47:-5:29:C08:- 28:-51:-5:23:C08:-
bahn,fern_v_bmh3_66,2,29,85B42,rechts,12,11,,,,,,,29,210,0:61:-5:66:C08:- 1:57:-5:66:C08:- 2:53:-5:65:C08:- 3:49:-5:65:C08:- 4:45:-5:65:C08:- 5:41:-5:65:C08:- 6:37:-5:64:C08:- 7:33:-5:64:C08:- 8:29:-5:64:C08:- 9:25:-5:64:C08:- 10:21:-5:63:C08:- 11:17:-5:63:C08:- 12:13:-5:63:C08:- 13:9:-5:63:C08:- 14:5:-5:62:C08:- 15:1:-5:62:C08:- 16:-3:-5:62:C08:- 17:-7:-5:62:C08:- 18:-11:-5:61:C08:- 19:-15:-5:61:C08:- 20:-19:-5:61:C08:- 21:-23:-5:61:C08:- 22:-27:-5:60:C08:- 23:-31:-5:55:C08:- 24:-35:-5:49:C08:- 25:-39:-5:43:C08:- 26:-43:-5:37:C08:- 27:-47:-5:30:C08:- 28:-51:-5:24:C08:-
bahn,fern_v_bmrand3,2,29,85B42,rechts,12,11,,,,,,,77,402,0:61:-5:75:C08:- 1:57:-5:75:C08:- 2:53:-5:74:C08:- 3:49:-5:74:C08:- 4:45:-5:74:C08:- 5:41:-5:74:C08:- 6:37:-5:73:C08:- 7:33:-5:73:C08:- 8:29:-5:73:C08:- 9:25:-5:73:C08:- 10:21:-5:72:C08:- 11:17:-5:72:C08:- 12:13:-5:72:C08:- 13:9:-5:72:C08:- 14:5:-5:71:C08:- 15:1:-5:71:C08:- 16:-3:-5:71:C08:- 17:-7:-5:71:C08:- 18:-11:-5:70:C08:- 19:-15:-5:70:C08:- 20:-19:-5:70:C08:- 21:-23:-5:70:C08:- 22:-27:-5:69:C08:- 23:-31:-5:69:C08:- 24:-35:-5:69:C08:- 25:-39:-5:69:C08:- 26:-43:-5:68:C08:- 27:-47:-5:68:C08:- 28:-51:-5:68:C08:- 29:-55:-5:68:C08:- 30:-59:-5:67:C08:- 31:-63:-5:67:C08:- 32:-67:-5:67:C08:- 33:-71:-5:67:C08:- 34:-75:-5:66:C08:- 35:-79:-5:66:C08:- 36:-83:-5:66:C08:- 37:-87:-5:66:C08:- 38:-91:-5:65:C08:- 39:-95:-5:65:C08:- 40:-99:-5:65:C08:- 41:-103:-5:65:C08:- 42:-107:-5:64:C08:- 43:-111:-5:64:C08:- 44:-115:-5:64:C08:- 45:-119:-5:64:C08:- 46:-123:-5:63:C08:- 47:-127:-5:63:C08:- 48:-131:-5:63:C08:- 49:-135:-5:63:C08:- 50:-139:-5:62:C08:- 51:-143:-5:62:C08:- 52:-147:-5:62:C08:- 53:-151:-5:62:C08:- 54:-155:-5:61:C08:- 55:-159:-5:61:C08:- 56:-163:-5:61:C08:- 57:-167:-5:61:C08:- 58:-171:-5:60:C08:- 59:-175:-5:60:C08:- 60:-179:-5:60:C08:- 61:-183:-5:60:C08:- 62:-187:-5:59:C08:- 63:-191:-5:59:C08:- 64:-195:-5:59:C08:- 65:-199:-5:59:C08:- 66:-203:-5:58:C08:- 67:-207:-5:58:C08:- 68:-211:-5:58:C08:- 69:-215:-5:58:C08:- 70:-219:-5:57:C08:- 71:-223:-5:57:C08:- 72:-227:-5:57:C08:- 73:-231:-5:57:C08:- 74:-235:-5:56:C08:- 75:-239:-5:56:C08:- 76:-243:-5:56:C08:-
probe,fern_v_bmx1_-13,5,links,zum,-17,0,0,0C08,AFF30,ja
probe,fern_v_bmx1_-14,5,links,zum,-18,0,0,0C08,AFF30,ja
probe,fern_v_bmx1_-15,5,links,zum,-19,0,0,0C08,AFF30,ja
probe,fern_v_bmx1_-16,5,links,zum,-20,0,0,0C08,AFF30,nein
probe,fern_v_bmx1_-17,5,links,zum,-21,0,0,0C08,AFF30,nein
probe,fern_v_bmx1_-18,5,links,zum,-22,0,0,0C08,AFF30,nein
probe,fern_v_bmx1_32,5,links,zum,28,0,0,0C08,AFF30,ja
probe,fern_v_bmx1_33,5,links,zum,29,0,0,0C08,AFF30,ja
probe,fern_v_bmx1_34,5,links,zum,30,0,0,0C08,AFF30,ja
probe,fern_v_bmx1_35,5,links,zum,31,0,0,0C08,AFF30,nein
probe,fern_v_bmx1_36,5,links,zum,32,0,0,0C08,AFF30,nein
probe,fern_v_bmx1_37,5,links,zum,33,0,0,0C08,AFF30,nein
probe,fern_v_bmx2_-21,6,links,weg,-25,0,0,0C08,AFF30,ja
probe,fern_v_bmx2_-22,6,links,weg,-26,0,0,0C08,AFF30,ja
probe,fern_v_bmx2_-23,6,links,weg,-27,0,0,0C08,AFF30,ja
probe,fern_v_bmx2_-24,6,links,weg,-28,0,0,0C08,AFF30,nein
probe,fern_v_bmx2_-25,6,links,weg,-29,0,0,0C08,AFF30,nein
probe,fern_v_bmx2_-26,6,links,weg,-30,0,0,0C08,AFF30,nein
probe,fern_v_bmx2_24,6,links,weg,20,0,0,0C08,AFF30,ja
probe,fern_v_bmx2_25,6,links,weg,21,0,0,0C08,AFF30,ja
probe,fern_v_bmx2_26,6,links,weg,22,0,0,0C08,AFF30,ja
probe,fern_v_bmx2_27,6,links,weg,23,0,0,0C08,AFF30,nein
probe,fern_v_bmx2_28,6,links,weg,24,0,0,0C08,AFF30,nein
probe,fern_v_bmx2_29,6,links,weg,25,0,0,0C08,AFF30,nein
probe,fern_v_bmx3_-32,8,rechts,zum,28,0,0,0C08,AFF30,ja
probe,fern_v_bmx3_-33,8,rechts,zum,29,0,0,0C08,AFF30,ja
probe,fern_v_bmx3_-34,8,rechts,zum,30,0,0,0C08,AFF30,nein
probe,fern_v_bmx3_-35,8,rechts,zum,31,0,0,0C08,AFF30,nein
probe,fern_v_bmx3_-36,8,rechts,zum,32,0,0,0C08,AFF30,nein
probe,fern_v_bmx3_14,8,rechts,zum,-18,0,0,0C08,AFF30,ja
probe,fern_v_bmx3_15,8,rechts,zum,-19,0,0,0C08,AFF30,ja
probe,fern_v_bmx3_16,8,rechts,zum,-20,0,0,0C08,AFF30,ja
probe,fern_v_bmx3_17,8,rechts,zum,-21,0,0,0C08,AFF30,nein
probe,fern_v_bmx3_18,8,rechts,zum,-22,0,0,0C08,AFF30,nein
probe,fern_v_bmx3w_-24,8,rechts,weg,20,0,0,0C08,AFF30,ja
probe,fern_v_bmx3w_-25,8,rechts,weg,21,0,0,0C08,AFF30,ja
probe,fern_v_bmx3w_-26,8,rechts,weg,22,0,0,0C08,AFF30,nein
probe,fern_v_bmx3w_-27,8,rechts,weg,23,0,0,0C08,AFF30,nein
probe,fern_v_bmx3w_-28,8,rechts,weg,24,0,0,0C08,AFF30,nein
probe,fern_v_bmx3w_22,8,rechts,weg,-26,0,0,0C08,AFF30,ja
probe,fern_v_bmx3w_23,8,rechts,weg,-27,0,0,0C08,AFF30,ja
probe,fern_v_bmx3w_24,8,rechts,weg,-28,0,0,0C08,AFF30,ja
probe,fern_v_bmx3w_25,8,rechts,weg,-29,0,0,0C08,AFF30,nein
probe,fern_v_bmx3w_26,8,rechts,weg,-30,0,0,0C08,AFF30,nein
probe,fern_v_bmx3w_27,8,rechts,weg,-31,0,0,0C08,AFF30,nein
bahn,fern_v_bmz1d_5,20,29,85B42,links,11,10,8,0,11,10,True,,21,53,0:61:11:0:C08:- 1:57:11:0:C08:- 2:53:11:0:C08:- 3:49:11:0:C08:- 4:45:11:0:C08:- 5:41:11:0:C08:- 6:37:11:0:C08:- 7:33:11:0:C08:- 8:29:11:0:C08:T 20:29:11:19:FF00:-
bahn,fern_v_bmz1d_6,20,29,85B42,links,11,10,8,0,12,10,True,,21,53,0:61:12:0:C08:- 1:57:12:0:C08:- 2:53:12:0:C08:- 3:49:12:0:C08:- 4:45:12:0:C08:- 5:41:12:0:C08:- 6:37:12:0:C08:- 7:33:12:0:C08:- 8:29:12:0:C08:T 20:29:12:19:FF00:-
bahn,fern_v_bmz1d_7,20,29,85B42,links,11,10,,,,,,,27,-19,0:61:13:0:C08:- 1:57:13:0:C08:- 2:53:13:0:C08:- 3:49:13:0:C08:- 4:45:13:0:C08:- 5:41:13:0:C08:- 6:37:13:0:C08:- 7:33:13:0:C08:- 8:29:13:0:C08:- 9:25:13:0:C08:- 10:21:13:0:C08:- 11:17:13:0:C08:- 12:13:13:0:C08:- 13:9:13:0:C08:- 14:5:13:0:C08:- 15:1:13:0:C08:- 16:-3:13:0:C08:- 17:-7:13:0:C08:- 18:-11:13:0:C08:- 19:-15:13:0:C08:- 20:-19:13:0:C08:- 21:-23:13:0:C08:- 22:-27:13:0:C08:- 23:-31:13:0:C08:- 24:-35:13:0:C08:- 25:-39:13:0:C08:- 26:-43:13:0:C08:-
bahn,fern_v_bmz1d_8,20,29,85B42,links,11,10,,,,,,,27,-19,0:61:14:0:C08:- 1:57:14:0:C08:- 2:53:14:0:C08:- 3:49:14:0:C08:- 4:45:14:0:C08:- 5:41:14:0:C08:- 6:37:14:0:C08:- 7:33:14:0:C08:- 8:29:14:0:C08:- 9:25:14:0:C08:- 10:21:14:0:C08:- 11:17:14:0:C08:- 12:13:14:0:C08:- 13:9:14:0:C08:- 14:5:14:0:C08:- 15:1:14:0:C08:- 16:-3:14:0:C08:- 17:-7:14:0:C08:- 18:-11:14:0:C08:- 19:-15:14:0:C08:- 20:-19:14:0:C08:- 21:-23:14:0:C08:- 22:-27:14:0:C08:- 23:-31:14:0:C08:- 24:-35:14:0:C08:- 25:-39:14:0:C08:- 26:-43:14:0:C08:-
bahn,fern_v_bmz1u_17,20,29,85B42,links,11,10,8,0,-11,10,True,,21,53,0:61:-11:0:C08:- 1:57:-11:0:C08:- 2:53:-11:0:C08:- 3:49:-11:0:C08:- 4:45:-11:0:C08:- 5:41:-11:0:C08:- 6:37:-11:0:C08:- 7:33:-11:0:C08:- 8:29:-11:0:C08:T 20:29:-11:19:FF00:-
bahn,fern_v_bmz1u_18,20,29,85B42,links,11,10,8,0,-12,10,True,,21,53,0:61:-12:0:C08:- 1:57:-12:0:C08:- 2:53:-12:0:C08:- 3:49:-12:0:C08:- 4:45:-12:0:C08:- 5:41:-12:0:C08:- 6:37:-12:0:C08:- 7:33:-12:0:C08:- 8:29:-12:0:C08:T 20:29:-12:19:FF00:-
bahn,fern_v_bmz1u_19,20,29,85B42,links,11,10,,,,,,,27,-19,0:61:-12:0:C08:- 1:57:-13:0:C08:- 2:53:-13:0:C08:- 3:49:-13:0:C08:- 4:45:-13:0:C08:- 5:41:-13:0:C08:- 6:37:-13:0:C08:- 7:33:-13:0:C08:- 8:29:-13:0:C08:- 9:25:-13:0:C08:- 10:21:-13:0:C08:- 11:17:-13:0:C08:- 12:13:-13:0:C08:- 13:9:-13:0:C08:- 14:5:-13:0:C08:- 15:1:-13:0:C08:- 16:-3:-13:0:C08:- 17:-7:-13:0:C08:- 18:-11:-13:0:C08:- 19:-15:-13:0:C08:- 20:-19:-13:0:C08:- 21:-23:-13:0:C08:- 22:-27:-13:0:C08:- 23:-31:-13:0:C08:- 24:-35:-13:0:C08:- 25:-39:-13:0:C08:- 26:-43:-13:0:C08:-
bahn,fern_v_bmz1u_20,20,29,85B42,links,11,10,,,,,,,27,-19,0:61:-12:0:C08:- 1:57:-13:0:C08:- 2:53:-14:0:C08:- 3:49:-14:0:C08:- 4:45:-14:0:C08:- 5:41:-14:0:C08:- 6:37:-14:0:C08:- 7:33:-14:0:C08:- 8:29:-14:0:C08:- 9:25:-14:0:C08:- 10:21:-14:0:C08:- 11:17:-14:0:C08:- 12:13:-14:0:C08:- 13:9:-14:0:C08:- 14:5:-14:0:C08:- 15:1:-14:0:C08:- 16:-3:-14:0:C08:- 17:-7:-14:0:C08:- 18:-11:-14:0:C08:- 19:-15:-14:0:C08:- 20:-19:-14:0:C08:- 21:-23:-14:0:C08:- 22:-27:-14:0:C08:- 23:-31:-14:0:C08:- 24:-35:-14:0:C08:- 25:-39:-14:0:C08:- 26:-43:-14:0:C08:-
bahn,fern_v_brh1_24,2,28,86022,links,12,13,21,24,-5,13,True,,39,225,20:-30:-5:23:1402:- 21:-30:-5:24:1402:T 22:-30:-5:24:1402:- 23:-30:-5:24:1402:- 24:-30:-5:24:1402:- 25:-30:-5:24:1402:- 26:-30:-5:24:1402:- 27:-30:-5:24:1402:- 28:-30:-5:24:1402:- 29:-30:-5:24:1402:-
bahn,fern_v_brh1_25,2,28,86022,links,12,13,21,25,-5,13,True,,39,225,20:-30:-5:24:1402:- 21:-30:-5:25:1402:T 22:-30:-5:25:1402:- 23:-30:-5:25:1402:- 24:-30:-5:25:1402:- 25:-30:-5:25:1402:- 26:-30:-5:25:1402:- 27:-30:-5:25:1402:- 28:-30:-5:25:1402:- 29:-30:-5:25:1402:-
bahn,fern_v_brh1_26,2,28,86022,links,12,13,21,26,-5,13,True,,39,225,20:-30:-5:25:1402:- 21:-30:-5:26:1402:T 22:-30:-5:26:1402:- 23:-30:-5:26:1402:- 24:-30:-5:26:1402:- 25:-30:-5:26:1402:- 26:-30:-5:26:1402:- 27:-30:-5:26:1402:- 28:-30:-5:26:1402:- 29:-30:-5:26:1402:-
bahn,fern_v_brh1_27,2,28,86022,links,12,13,24,26,-5,13,True,,39,225,20:-30:-5:26:1402:- 21:-30:-5:26:1402:- 22:-30:-5:26:1402:- 23:-30:-5:26:1402:- 24:-30:-5:26:1402:T 25:-30:-5:27:1402:- 26:-30:-5:27:1402:- 27:-30:-5:27:1402:- 28:-30:-5:27:1402:- 29:-30:-5:27:1402:-
bahn,fern_v_brh1_28,2,28,86022,links,12,13,28,26,-5,13,True,,39,225,20:-30:-5:27:1402:- 21:-30:-5:27:1402:- 22:-30:-5:27:1402:- 23:-30:-5:27:1402:- 24:-30:-5:26:1402:- 25:-30:-5:26:1402:- 26:-30:-5:26:1402:- 27:-30:-5:26:1402:- 28:-30:-5:26:1402:T 29:-30:-5:28:1402:-
bahn,fern_v_brt1_22,2,28,86022,links,12,13,21,1,0,13,True,,39,225,20:-5:0:0:1402:- 21:-5:0:1:1402:T 22:-5:0:1:1402:- 23:-5:0:1:1402:- 24:-5:0:1:1402:- 25:-5:0:1:1402:- 26:-5:0:1:1402:- 27:-5:0:1:1402:- 28:-5:0:1:1402:- 29:-5:0:1:1402:-
bahn,fern_v_brt1_23,2,28,86022,links,12,13,21,1,0,13,True,,39,225,20:-30:-40:0:1402:- 21:0:0:1:1402:T 22:0:0:1:1402:- 23:0:0:1:1402:- 24:0:0:1:1402:- 25:0:0:1:1402:- 26:0:0:1:1402:- 27:0:0:1:1402:- 28:0:0:1:1402:- 29:0:0:1:1402:-
bahn,fern_v_brt1_24,2,28,86022,links,12,13,22,1,0,13,True,,39,225,20:-30:-40:0:1402:- 21:-30:-40:0:1402:- 22:0:0:1:1402:T 23:0:0:1:1402:- 24:0:0:1:1402:- 25:0:0:1:1402:- 26:0:0:1:1402:- 27:0:0:1:1402:- 28:0:0:1:1402:- 29:0:0:1:1402:-
bahn,fern_v_brt1_30,2,28,86022,links,12,13,28,1,0,13,True,,39,225,20:-30:-40:0:1402:- 21:-30:-40:0:1402:- 22:-30:-40:0:1402:- 23:-30:-40:0:1402:- 24:-30:-40:0:1402:- 25:-30:-40:0:1402:- 26:-30:-40:0:1402:- 27:-30:-40:0:1402:- 28:0:0:1:1402:T 29:0:0:1:1402:-
bahn,fern_v_brt1_31,2,28,86022,links,12,13,29,1,0,13,True,,39,225,20:-30:-40:0:1402:- 21:-30:-40:0:1402:- 22:-30:-40:0:1402:- 23:-30:-40:0:1402:- 24:-30:-40:0:1402:- 25:-30:-40:0:1402:- 26:-30:-40:0:1402:- 27:-30:-40:0:1402:- 28:-30:-40:0:1402:- 29:0:0:1:1402:T
bahn,fern_v_brt1_32,2,28,86022,links,12,13,,,,,,,39,225,20:-30:-40:0:1402:- 21:-30:-40:0:1402:- 22:-30:-40:0:1402:- 23:-30:-40:0:1402:- 24:-30:-40:0:1402:- 25:-30:-40:0:1402:- 26:-30:-40:0:1402:- 27:-30:-40:0:1402:- 28:-30:-40:0:1402:- 29:-30:-40:0:1402:-
bahn,fern_v_brt1_33,2,28,86022,links,12,13,,,,,,,39,225,20:-30:-40:0:1402:- 21:-30:-40:0:1402:- 22:-30:-40:0:1402:- 23:-30:-40:0:1402:- 24:-30:-40:0:1402:- 25:-30:-40:0:1402:- 26:-30:-40:0:1402:- 27:-30:-40:0:1402:- 28:-30:-40:0:1402:- 29:-30:-40:0:1402:-
probe,fern_v_brx1_-55,24,links,weg,-55,0,1,1402,AFF30,ja
probe,fern_v_brx1_-56,24,links,weg,-56,0,0,1402,AFF30,nein
probe,fern_v_brx1_-57,24,links,weg,-57,0,0,1402,AFF30,nein
probe,fern_v_brx1_-58,24,links,weg,-58,0,0,1402,AFF30,nein
probe,fern_v_brx1_46,24,links,weg,46,0,1,1402,AFF30,ja
probe,fern_v_brx1_47,24,links,weg,47,0,1,1402,AFF30,ja
probe,fern_v_brx1_48,24,links,weg,48,0,1,1402,AFF30,ja
probe,fern_v_brx1_49,24,links,weg,49,0,0,1402,AFF30,nein
probe,fern_v_brx1t_-45,24,links,zum,-45,0,1,1402,AFF30,ja
probe,fern_v_brx1t_-46,24,links,zum,-46,0,1,1402,AFF30,ja
probe,fern_v_brx1t_-47,24,links,zum,-47,0,1,1402,AFF30,ja
probe,fern_v_brx1t_-48,24,links,zum,-48,0,0,1402,AFF30,nein
probe,fern_v_brx1t_-49,24,links,zum,-49,0,0,1402,AFF30,nein
probe,fern_v_brx1t_-50,24,links,zum,-50,0,0,1402,AFF30,nein
probe,fern_v_brx1t_-55,24,links,zum,-55,0,0,1402,AFF30,nein
probe,fern_v_brx1t_-56,24,links,zum,-56,0,0,1402,AFF30,nein
probe,fern_v_brx1t_-57,24,links,zum,-57,0,0,1402,AFF30,nein
probe,fern_v_brx1t_-58,24,links,zum,-58,0,0,1402,AFF30,nein
probe,fern_v_brx1t_46,24,links,zum,46,0,1,1402,AFF30,ja
probe,fern_v_brx1t_47,24,links,zum,47,0,1,1402,AFF30,ja
probe,fern_v_brx1t_48,24,links,zum,48,0,1,1402,AFF30,ja
probe,fern_v_brx1t_49,24,links,zum,49,0,1,1402,AFF30,ja
probe,fern_v_brx1t_53,24,links,zum,53,0,1,1402,AFF30,ja
probe,fern_v_brx1t_54,24,links,zum,54,0,1,1402,AFF30,ja
probe,fern_v_brx1t_55,24,links,zum,55,0,1,1402,AFF30,ja
probe,fern_v_brx1t_56,24,links,zum,56,0,1,1402,AFF30,ja
probe,fern_v_brx1t_57,24,links,zum,57,0,0,1402,AFF30,nein
probe,fern_v_brx1t_58,24,links,zum,58,0,0,1402,AFF30,nein
probe,fern_v_brx2_-45,24,rechts,zum,-45,0,1,1402,AFF30,ja
probe,fern_v_brx2_-46,24,rechts,zum,-46,0,1,1402,AFF30,ja
probe,fern_v_brx2_-47,24,rechts,zum,-47,0,1,1402,AFF30,ja
probe,fern_v_brx2_-48,24,rechts,zum,-48,0,1,1402,AFF30,ja
probe,fern_v_brx2_-49,24,rechts,zum,-49,0,0,1402,AFF30,nein
probe,fern_v_brx2_-50,24,rechts,zum,-50,0,0,1402,AFF30,nein
probe,fern_v_brx2_-55,24,rechts,zum,-55,0,0,1402,AFF30,nein
probe,fern_v_brx2_-56,24,rechts,zum,-56,0,0,1402,AFF30,nein
probe,fern_v_brx2_-57,24,rechts,zum,-57,0,0,1402,AFF30,nein
probe,fern_v_brx2_-58,24,rechts,zum,-58,0,0,1402,AFF30,nein
probe,fern_v_brx2_46,24,rechts,zum,46,0,1,1402,AFF30,ja
probe,fern_v_brx2_47,24,rechts,zum,47,0,1,1402,AFF30,ja
probe,fern_v_brx2_48,24,rechts,zum,48,0,1,1402,AFF30,ja
probe,fern_v_brx2_49,24,rechts,zum,49,0,1,1402,AFF30,ja
probe,fern_v_brx2_53,24,rechts,zum,53,0,1,1402,AFF30,ja
probe,fern_v_brx2_54,24,rechts,zum,54,0,1,1402,AFF30,ja
probe,fern_v_brx2_55,24,rechts,zum,55,0,1,1402,AFF30,ja
probe,fern_v_brx2_56,24,rechts,zum,56,0,0,1402,AFF30,nein
probe,fern_v_brx2_57,24,rechts,zum,57,0,0,1402,AFF30,nein
probe,fern_v_brx2_58,24,rechts,zum,58,0,0,1402,AFF30,nein
probe,fern_v_brx2t_-55,24,rechts,weg,-55,0,1,1402,AFF30,ja
probe,fern_v_brx2t_-56,24,rechts,weg,-56,0,1,1402,AFF30,ja
probe,fern_v_brx2t_-57,24,rechts,weg,-57,0,0,1402,AFF30,nein
probe,fern_v_brx2t_-58,24,rechts,weg,-58,0,0,1402,AFF30,nein
probe,fern_v_brx2t_46,24,rechts,weg,46,0,1,1402,AFF30,ja
probe,fern_v_brx2t_47,24,rechts,weg,47,0,1,1402,AFF30,ja
probe,fern_v_brx2t_48,24,rechts,weg,48,0,0,1402,AFF30,nein
probe,fern_v_brx2t_49,24,rechts,weg,49,0,0,1402,AFF30,nein
bahn,fern_v_brz1d_16,16,28,86022,links,12,13,21,1,11,13,True,,35,225,20:-30:11:0:1402:- 21:-30:11:1:1402:T 22:-30:11:1:1402:- 23:-30:11:1:1402:- 24:-30:11:1:1402:- 25:-30:11:1:1402:- 26:-30:11:1:1402:- 27:-30:11:1:1402:- 28:-30:11:1:1402:- 29:-30:11:1:1402:-
bahn,fern_v_brz1d_17,16,28,86022,links,12,13,21,1,12,13,True,,35,225,20:-30:12:0:1402:- 21:-30:12:1:1402:T 22:-30:12:1:1402:- 23:-30:12:1:1402:- 24:-30:12:1:1402:- 25:-30:12:1:1402:- 26:-30:12:1:1402:- 27:-30:12:1:1402:- 28:-30:12:1:1402:- 29:-30:12:1:1402:-
bahn,fern_v_brz1d_18,16,28,86022,links,12,13,,,,,,,35,225,20:-30:13:0:1402:- 21:-30:13:0:1402:- 22:-30:13:0:1402:- 23:-30:13:0:1402:- 24:-30:13:0:1402:- 25:-30:13:0:1402:- 26:-30:13:0:1402:- 27:-30:13:0:1402:- 28:-30:13:0:1402:- 29:-30:13:0:1402:-
bahn,fern_v_brz1d_19,16,28,86022,links,12,13,,,,,,,35,225,20:-30:13:0:1402:- 21:-30:13:0:1402:- 22:-30:13:0:1402:- 23:-30:13:0:1402:- 24:-30:13:0:1402:- 25:-30:13:0:1402:- 26:-30:13:0:1402:- 27:-30:13:0:1402:- 28:-30:13:0:1402:- 29:-30:13:0:1402:-
bahn,fern_v_brz1u_6,16,28,86022,links,12,13,21,1,-11,13,True,,35,225,20:-30:-11:0:1402:- 21:-30:-11:1:1402:T 22:-30:-11:1:1402:- 23:-30:-11:1:1402:- 24:-30:-11:1:1402:- 25:-30:-11:1:1402:- 26:-30:-11:1:1402:- 27:-30:-11:1:1402:- 28:-30:-11:1:1402:- 29:-30:-11:1:1402:-
bahn,fern_v_brz1u_7,16,28,86022,links,12,13,21,1,-12,13,True,,35,225,20:-30:-12:0:1402:- 21:-30:-12:1:1402:T 22:-30:-12:1:1402:- 23:-30:-12:1:1402:- 24:-30:-12:1:1402:- 25:-30:-12:1:1402:- 26:-30:-12:1:1402:- 27:-30:-12:1:1402:- 28:-30:-12:1:1402:- 29:-30:-12:1:1402:-
bahn,fern_v_brz1u_8,16,28,86022,links,12,13,,,,,,,35,225,20:-30:-13:0:1402:- 21:-30:-13:0:1402:- 22:-30:-13:0:1402:- 23:-30:-13:0:1402:- 24:-30:-13:0:1402:- 25:-30:-13:0:1402:- 26:-30:-13:0:1402:- 27:-30:-13:0:1402:- 28:-30:-13:0:1402:- 29:-30:-13:0:1402:-
bahn,fern_v_brz1u_9,16,28,86022,links,12,13,,,,,,,35,225,20:-30:-14:0:1402:- 21:-30:-14:0:1402:- 22:-30:-14:0:1402:- 23:-30:-14:0:1402:- 24:-30:-14:0:1402:- 25:-30:-14:0:1402:- 26:-30:-14:0:1402:- 27:-30:-14:0:1402:- 28:-30:-14:0:1402:- 29:-30:-14:0:1402:-
bahn,fern_v_ckglas,16,28,86022,links,12,5,,,,,,,9,152,0:90:-6:0:2:- 8:90:-6:0:FF00:-
bahn,fern_v_ckglas,33,28,86022,links,12,5,,,,,,,8,96,0:90:-6:0:2:- 1:82:-6:0:2:- 2:74:-6:0:2:- 3:66:-6:0:2:- 4:58:-6:0:2:- 5:50:-6:0:2:- 6:42:-6:0:2:- 7:34:-6:0:2:-
objekt,fern_v_ckglas,44,95F9C,0,,,
objekt,fern_v_ckglas,47,98D64,1,16,0,18
bahn,fern_v_ckj1_12,16,28,86022,links,12,5,9,43,-6,5,True,,22,80,0:90:-6:14:2:- 1:82:-6:19:2:- 2:74:-6:22:2:- 3:66:-6:26:2:- 4:58:-6:30:2:- 5:50:-6:33:2:- 6:42:-6:36:2:- 7:34:-6:38:2:- 8:26:-6:41:2:- 9:18:-6:43:2:T 21:30:-6:61:FF00:-
bahn,fern_v_ckj1_12,33,29,86022,links,12,5,,,,,,,8,96,0:90:-6:43:2:- 1:85:-6:48:2:- 2:80:-6:53:2:- 3:75:-6:57:2:- 4:70:-6:61:2:- 5:65:-6:65:2:- 6:60:-6:69:2:- 7:54:-6:72:2:-
bahn,fern_v_ckj1_16,16,28,86022,links,12,5,9,33,-6,5,True,,22,80,0:90:-6:0:2:- 1:82:-6:0:2:- 2:74:-6:5:2:- 3:66:-6:10:2:- 4:58:-6:14:2:- 5:50:-6:19:2:- 6:42:-6:22:2:- 7:34:-6:26:2:- 8:26:-6:30:2:- 9:18:-6:33:2:T 21:30:-6:51:FF00:-
bahn,fern_v_ckj1_16,33,29,86022,links,12,5,,,,,,,8,96,0:90:-6:33:2:- 1:85:-6:38:2:- 2:80:-6:43:2:- 3:75:-6:47:2:- 4:70:-6:51:2:- 5:65:-6:55:2:- 6:60:-6:59:2:- 7:54:-6:62:2:-
bahn,fern_v_ckj1_20,16,28,86022,links,12,5,9,19,-6,5,True,,22,80,0:90:-6:0:2:- 1:82:-6:0:2:- 2:74:-6:0:2:- 3:66:-6:0:2:- 4:58:-6:0:2:- 5:50:-6:0:2:- 6:42:-6:5:2:- 7:34:-6:10:2:- 8:26:-6:14:2:- 9:18:-6:19:2:T 21:30:-6:37:FF00:-
bahn,fern_v_ckj1_20,33,29,86022,links,12,5,,,,,,,8,96,0:90:-6:19:2:- 1:85:-6:24:2:- 2:80:-6:28:2:- 3:75:-6:33:2:- 4:70:-6:37:2:- 5:65:-6:41:2:- 6:60:-6:44:2:- 7:54:-6:48:2:-
bahn,fern_v_ckj1_4,16,28,86022,links,12,5,9,52,-6,5,True,,22,80,0:90:-6:41:2:- 1:82:-6:43:2:- 2:74:-6:45:2:- 3:66:-6:47:2:- 4:58:-6:48:2:- 5:50:-6:49:2:- 6:42:-6:50:2:- 7:34:-6:51:2:- 8:26:-6:51:2:- 9:18:-6:52:2:T 21:30:-6:70:FF00:-
bahn,fern_v_ckj1_4,33,29,86022,links,12,5,,,,,,,8,96,0:90:-6:52:2:- 1:85:-6:57:2:- 2:80:-6:61:2:- 3:75:-6:66:2:- 4:70:-6:70:2:- 5:65:-6:74:2:- 6:60:-6:77:2:- 7:54:-6:81:2:-
bahn,fern_v_ckj1_8,16,28,86022,links,12,5,9,49,-6,5,True,,22,80,0:90:-6:30:2:- 1:82:-6:33:2:- 2:74:-6:36:2:- 3:66:-6:38:2:- 4:58:-6:41:2:- 5:50:-6:43:2:- 6:42:-6:45:2:- 7:34:-6:47:2:- 8:26:-6:48:2:- 9:18:-6:49:2:T 21:30:-6:68:FF00:-
bahn,fern_v_ckj1_8,33,29,86022,links,12,5,,,,,,,8,96,0:90:-6:49:2:- 1:85:-6:54:2:- 2:80:-6:59:2:- 3:75:-6:63:2:- 4:70:-6:68:2:- 5:65:-6:72:2:- 6:60:-6:75:2:- 7:54:-6:79:2:-
bahn,fern_v_cks1_-2,16,28,86022,links,12,5,9,0,-6,5,False,,22,80,0:90:-6:0:2:- 1:82:-6:0:2:- 2:74:-6:0:2:- 3:66:-6:0:2:- 4:58:-6:0:2:- 5:50:-6:0:2:- 6:42:-6:0:2:- 7:34:-6:0:2:- 8:26:-6:0:2:- 9:18:-6:0:2:T 21:18:-6:0:FF00:-
bahn,fern_v_cks1_-2,33,29,86022,links,12,5,,,,,,,8,96,0:90:-6:0:2:- 1:82:-6:0:2:- 2:74:-6:0:2:- 3:66:-6:0:2:- 4:58:-6:0:2:- 5:50:-6:0:2:- 6:42:-6:0:2:- 7:34:-6:0:2:-
bahn,fern_v_cks1_-4,16,28,86022,links,12,5,9,0,-6,5,False,,22,80,0:90:-6:0:2:- 1:82:-6:0:2:- 2:74:-6:0:2:- 3:66:-6:0:2:- 4:58:-6:0:2:- 5:50:-6:0:2:- 6:42:-6:0:2:- 7:34:-6:0:2:- 8:26:-6:0:2:- 9:18:-6:0:2:T 21:18:-6:0:FF00:-
bahn,fern_v_cks1_-4,33,29,86022,links,12,5,,,,,,,8,96,0:90:-6:0:2:- 1:82:-6:0:2:- 2:74:-6:0:2:- 3:66:-6:0:2:- 4:58:-6:0:2:- 5:50:-6:0:2:- 6:42:-6:0:2:- 7:34:-6:0:2:-
bahn,fern_v_cks1_-6,16,28,86022,links,12,5,9,0,-6,5,False,,22,80,0:90:-6:0:2:- 1:82:-6:0:2:- 2:74:-6:0:2:- 3:66:-6:0:2:- 4:58:-6:0:2:- 5:50:-6:0:2:- 6:42:-6:0:2:- 7:34:-6:0:2:- 8:26:-6:0:2:- 9:18:-6:0:2:T 21:18:-6:0:FF00:-
bahn,fern_v_cks1_-6,33,29,86022,links,12,5,,,,,,,8,96,0:90:-6:0:2:- 1:82:-6:0:2:- 2:74:-6:0:2:- 3:66:-6:0:2:- 4:58:-6:0:2:- 5:50:-6:0:2:- 6:42:-6:0:2:- 7:34:-6:0:2:-
bahn,fern_v_cks1_0,16,28,86022,links,12,5,9,0,-6,5,False,,22,80,0:90:-6:0:2:- 1:82:-6:0:2:- 2:74:-6:0:2:- 3:66:-6:0:2:- 4:58:-6:0:2:- 5:50:-6:0:2:- 6:42:-6:0:2:- 7:34:-6:0:2:- 8:26:-6:0:2:- 9:18:-6:0:2:T 21:18:-6:0:FF00:-
bahn,fern_v_cks1_0,33,29,86022,links,12,5,,,,,,,8,96,0:90:-6:0:2:- 1:82:-6:0:2:- 2:74:-6:0:2:- 3:66:-6:0:2:- 4:58:-6:0:2:- 5:50:-6:0:2:- 6:42:-6:0:2:- 7:34:-6:0:2:-
bahn,fern_v_cks1_2,16,28,86022,links,12,5,9,0,-6,5,False,,22,80,0:90:-6:0:2:- 1:82:-6:0:2:- 2:74:-6:0:2:- 3:66:-6:0:2:- 4:58:-6:0:2:- 5:50:-6:0:2:- 6:42:-6:0:2:- 7:34:-6:0:2:- 8:26:-6:0:2:- 9:18:-6:0:2:T 21:18:-6:0:FF00:-
bahn,fern_v_cks1_2,33,29,86022,links,12,5,,,,,,,8,96,0:90:-6:0:2:- 1:82:-6:0:2:- 2:74:-6:0:2:- 3:66:-6:0:2:- 4:58:-6:0:2:- 5:50:-6:0:2:- 6:42:-6:0:2:- 7:34:-6:0:2:-
bahn,fern_v_cks1_4,16,28,86022,links,12,5,9,0,-6,5,False,,22,80,0:90:-6:0:2:- 1:82:-6:0:2:- 2:74:-6:0:2:- 3:66:-6:0:2:- 4:58:-6:0:2:- 5:50:-6:0:2:- 6:42:-6:0:2:- 7:34:-6:0:2:- 8:26:-6:0:2:- 9:18:-6:0:2:T 21:18:-6:0:FF00:-
bahn,fern_v_cks1_4,33,29,86022,links,12,5,,,,,,,8,96,0:90:-6:0:2:- 1:82:-6:0:2:- 2:74:-6:0:2:- 3:66:-6:0:2:- 4:58:-6:0:2:- 5:50:-6:0:2:- 6:42:-6:0:2:- 7:34:-6:0:2:-
bahn,fern_v_cks1_6,16,28,86022,links,12,5,9,0,-6,5,False,,22,80,0:90:-6:0:2:- 1:82:-6:0:2:- 2:74:-6:0:2:- 3:66:-6:0:2:- 4:58:-6:0:2:- 5:50:-6:0:2:- 6:42:-6:0:2:- 7:34:-6:0:2:- 8:26:-6:0:2:- 9:18:-6:0:2:T 21:18:-6:0:FF00:-
bahn,fern_v_cks1_6,33,29,86022,links,12,5,,,,,,,8,96,0:90:-6:0:2:- 1:82:-6:0:2:- 2:74:-6:0:2:- 3:66:-6:0:2:- 4:58:-6:0:2:- 5:50:-6:0:2:- 6:42:-6:0:2:- 7:34:-6:0:2:-
bahn,fern_v_cks1_8,16,28,86022,links,12,5,9,0,-6,5,False,,22,80,0:90:-6:0:2:- 1:82:-6:0:2:- 2:74:-6:0:2:- 3:66:-6:0:2:- 4:58:-6:0:2:- 5:50:-6:0:2:- 6:42:-6:0:2:- 7:34:-6:0:2:- 8:26:-6:0:2:- 9:18:-6:0:2:T 21:18:-6:0:FF00:-
bahn,fern_v_cks1_8,33,29,86022,links,12,5,,,,,,,8,96,0:90:-6:0:2:- 1:82:-6:0:2:- 2:74:-6:0:2:- 3:66:-6:0:2:- 4:58:-6:0:2:- 5:50:-6:0:2:- 6:42:-6:0:2:- 7:34:-6:0:2:-
bahn,fern_v_cmfass,2,29,85B42,links,11,10,,,,,,,9,85,0:61:6:0:C08:- 8:61:6:0:FF00:-
objekt,fern_v_cmfass,44,9DA2A,777,2,0,40
objekt,fern_v_cmfass,47,98D64,1,,,
bahn,fern_v_cmglas,2,29,85B42,links,11,10,,,,,,,9,85,0:61:6:0:C08:- 8:61:6:0:FF00:-
objekt,fern_v_cmglas,44,9DA2A,777,,,
objekt,fern_v_cmglas,47,98D64,1,2,0,4
bahn,fern_v_cmj1_12,20,29,85B42,links,11,10,9,49,6,10,True,,22,49,0:61:6:29:C08:- 1:57:6:33:C08:- 2:53:6:36:C08:- 3:49:6:38:C08:- 4:45:6:41:C08:- 5:41:6:43:C08:- 6:37:6:45:C08:- 7:33:6:47:C08:- 8:29:6:48:C08:- 9:25:6:49:C08:T 21:25:6:68:FF00:-
bahn,fern_v_cmj1_16,20,29,85B42,links,11,10,9,43,6,10,True,,22,49,0:61:6:14:C08:- 1:57:6:18:C08:- 2:53:6:22:C08:- 3:49:6:26:C08:- 4:45:6:29:C08:- 5:41:6:33:C08:- 6:37:6:36:C08:- 7:33:6:38:C08:- 8:29:6:41:C08:- 9:25:6:43:C08:T 21:25:6:61:FF00:-
bahn,fern_v_cmj1_2,20,29,85B42,links,11,10,9,47,6,10,True,,22,49,0:61:6:50:C08:- 1:57:6:51:C08:- 2:53:6:51:C08:- 3:49:6:51:C08:- 4:45:6:51:C08:- 5:41:6:51:C08:- 6:37:6:50:C08:- 7:33:6:50:C08:- 8:29:6:49:C08:- 9:25:6:47:C08:T 21:25:6:66:FF00:-
bahn,fern_v_cmj1_20,20,29,85B42,links,11,10,9,33,6,10,True,,22,49,0:61:6:0:C08:- 1:57:6:0:C08:- 2:53:6:5:C08:- 3:49:6:10:C08:- 4:45:6:14:C08:- 5:41:6:18:C08:- 6:37:6:22:C08:- 7:33:6:26:C08:- 8:29:6:29:C08:- 9:25:6:33:C08:T 21:25:6:51:FF00:-
bahn,fern_v_cmj1_24,20,29,85B42,links,11,10,9,18,6,10,True,,22,49,0:61:6:0:C08:- 1:57:6:0:C08:- 2:53:6:0:C08:- 3:49:6:0:C08:- 4:45:6:0:C08:- 5:41:6:0:C08:- 6:37:6:5:C08:- 7:33:6:10:C08:- 8:29:6:14:C08:- 9:25:6:18:C08:T 21:25:6:37:FF00:-
bahn,fern_v_cmj1_4,20,29,85B42,links,11,10,9,50,6,10,True,,22,49,0:61:6:48:C08:- 1:57:6:49:C08:- 2:53:6:50:C08:- 3:49:6:51:C08:- 4:45:6:51:C08:- 5:41:6:51:C08:- 6:37:6:51:C08:- 7:33:6:51:C08:- 8:29:6:50:C08:- 9:25:6:50:C08:T 21:25:6:68:FF00:-
bahn,fern_v_cmj1_7,20,29,85B42,links,11,10,9,51,6,10,True,,22,49,0:61:6:43:C08:- 1:57:6:45:C08:- 2:53:6:47:C08:- 3:49:6:48:C08:- 4:45:6:49:C08:- 5:41:6:50:C08:- 6:37:6:51:C08:- 7:33:6:51:C08:- 8:29:6:51:C08:- 9:25:6:51:C08:T 21:25:6:70:FF00:-
bahn,fern_v_cmj1_9,20,29,85B42,links,11,10,9,51,6,10,True,,22,49,0:61:6:38:C08:- 1:57:6:41:C08:- 2:53:6:43:C08:- 3:49:6:45:C08:- 4:45:6:47:C08:- 5:41:6:48:C08:- 6:37:6:49:C08:- 7:33:6:50:C08:- 8:29:6:51:C08:- 9:25:6:51:C08:T 21:25:6:70:FF00:-
bahn,fern_v_cms1_-1,20,29,85B42,links,11,10,,,,,,zustand3,40,85,0:61:6:0:C08:- 1:57:6:0:C08:- 2:57:6:0:C08:- 3:58:6:0:C08:- 4:59:6:0:C08:- 5:60:6:0:C08:- 6:61:6:0:C08:- 7:62:6:0:C08:- 8:63:6:0:C08:- 9:64:6:0:C08:- 10:65:6:0:C08:- 11:66:6:0:C08:- 12:67:6:0:C08:- 13:68:6:0:C08:- 14:69:6:0:C08:- 15:70:6:0:C08:- 16:71:6:0:C08:- 17:72:6:0:C08:- 18:73:6:0:C08:- 19:74:6:0:C08:- 20:75:6:0:C08:- 21:76:6:0:C08:- 22:77:6:0:C08:- 23:78:6:0:C08:- 24:79:6:0:C08:- 25:80:6:0:C08:- 26:81:6:0:C08:- 27:82:6:0:C08:- 28:83:6:0:C08:- 29:84:6:0:C08:- 30:85:6:0:C08:- 31:86:6:0:C08:- 32:87:6:0:C08:- 33:88:6:0:C08:- 34:89:6:0:C08:- 35:90:6:0:C08:- 36:91:6:0:C08:- 37:92:6:0:C08:- 38:93:6:0:C08:- 39:94:6:0:C08:-
bahn,fern_v_cms1_-2,20,29,85B42,links,11,10,,,,,,zustand3,39,,0:61:6:0:C08:- 1:61:6:0:C08:- 2:62:6:0:C08:- 3:63:6:0:C08:- 4:64:6:0:C08:- 5:65:6:0:C08:- 6:66:6:0:C08:- 7:67:6:0:C08:- 8:68:6:0:C08:- 9:69:6:0:C08:- 10:70:6:0:C08:- 11:71:6:0:C08:- 12:72:6:0:C08:- 13:73:6:0:C08:- 14:74:6:0:C08:- 15:75:6:0:C08:- 16:76:6:0:C08:- 17:77:6:0:C08:- 18:78:6:0:C08:- 19:79:6:0:C08:- 20:80:6:0:C08:- 21:81:6:0:C08:- 22:82:6:0:C08:- 23:83:6:0:C08:- 24:84:6:0:C08:- 25:85:6:0:C08:- 26:86:6:0:C08:- 27:87:6:0:C08:- 28:88:6:0:C08:- 29:89:6:0:C08:- 30:90:6:0:C08:- 31:91:6:0:C08:- 32:92:6:0:C08:- 33:93:6:0:C08:- 34:94:6:0:C08:- 35:95:6:0:C08:- 36:96:6:0:C08:- 37:97:6:0:C08:- 38:98:6:0:C08:-
bahn,fern_v_cms1_-3,20,29,85B42,links,11,10,,,,,,zustand3,39,,0:61:6:0:C08:- 1:61:6:0:C08:- 2:62:6:0:C08:- 3:63:6:0:C08:- 4:64:6:0:C08:- 5:65:6:0:C08:- 6:66:6:0:C08:- 7:67:6:0:C08:- 8:68:6:0:C08:- 9:69:6:0:C08:- 10:70:6:0:C08:- 11:71:6:0:C08:- 12:72:6:0:C08:- 13:73:6:0:C08:- 14:74:6:0:C08:- 15:75:6:0:C08:- 16:76:6:0:C08:- 17:77:6:0:C08:- 18:78:6:0:C08:- 19:79:6:0:C08:- 20:80:6:0:C08:- 21:81:6:0:C08:- 22:82:6:0:C08:- 23:83:6:0:C08:- 24:84:6:0:C08:- 25:85:6:0:C08:- 26:86:6:0:C08:- 27:87:6:0:C08:- 28:88:6:0:C08:- 29:89:6:0:C08:- 30:90:6:0:C08:- 31:91:6:0:C08:- 32:92:6:0:C08:- 33:93:6:0:C08:- 34:94:6:0:C08:- 35:95:6:0:C08:- 36:96:6:0:C08:- 37:97:6:0:C08:- 38:98:6:0:C08:-
bahn,fern_v_cms1_-4,20,29,85B42,links,11,10,,,,,,zustand3,39,,0:61:6:0:C08:- 1:61:6:0:C08:- 2:62:6:0:C08:- 3:63:6:0:C08:- 4:64:6:0:C08:- 5:65:6:0:C08:- 6:66:6:0:C08:- 7:67:6:0:C08:- 8:68:6:0:C08:- 9:69:6:0:C08:- 10:70:6:0:C08:- 11:71:6:0:C08:- 12:72:6:0:C08:- 13:73:6:0:C08:- 14:74:6:0:C08:- 15:75:6:0:C08:- 16:76:6:0:C08:- 17:77:6:0:C08:- 18:78:6:0:C08:- 19:79:6:0:C08:- 20:80:6:0:C08:- 21:81:6:0:C08:- 22:82:6:0:C08:- 23:83:6:0:C08:- 24:84:6:0:C08:- 25:85:6:0:C08:- 26:86:6:0:C08:- 27:87:6:0:C08:- 28:88:6:0:C08:- 29:89:6:0:C08:- 30:90:6:0:C08:- 31:91:6:0:C08:- 32:92:6:0:C08:- 33:93:6:0:C08:- 34:94:6:0:C08:- 35:95:6:0:C08:- 36:96:6:0:C08:- 37:97:6:0:C08:- 38:98:6:0:C08:-
bahn,fern_v_cms1_-5,20,29,85B42,links,11,10,,,,,,zustand3,39,,0:61:6:0:C08:- 1:61:6:0:C08:- 2:62:6:0:C08:- 3:63:6:0:C08:- 4:64:6:0:C08:- 5:65:6:0:C08:- 6:66:6:0:C08:- 7:67:6:0:C08:- 8:68:6:0:C08:- 9:69:6:0:C08:- 10:70:6:0:C08:- 11:71:6:0:C08:- 12:72:6:0:C08:- 13:73:6:0:C08:- 14:74:6:0:C08:- 15:75:6:0:C08:- 16:76:6:0:C08:- 17:77:6:0:C08:- 18:78:6:0:C08:- 19:79:6:0:C08:- 20:80:6:0:C08:- 21:81:6:0:C08:- 22:82:6:0:C08:- 23:83:6:0:C08:- 24:84:6:0:C08:- 25:85:6:0:C08:- 26:86:6:0:C08:- 27:87:6:0:C08:- 28:88:6:0:C08:- 29:89:6:0:C08:- 30:90:6:0:C08:- 31:91:6:0:C08:- 32:92:6:0:C08:- 33:93:6:0:C08:- 34:94:6:0:C08:- 35:95:6:0:C08:- 36:96:6:0:C08:- 37:97:6:0:C08:- 38:98:6:0:C08:-
bahn,fern_v_cms1_-6,20,29,85B42,links,11,10,8,0,6,10,True,,21,53,0:61:6:0:C08:- 1:57:6:0:C08:- 2:53:6:0:C08:- 3:49:6:0:C08:- 4:45:6:0:C08:- 5:41:6:0:C08:- 6:37:6:0:C08:- 7:33:6:0:C08:- 8:29:6:0:C08:T 20:29:6:19:FF00:-
bahn,fern_v_cms1_-7,20,29,85B42,links,11,10,8,0,6,10,True,,21,53,0:61:6:0:C08:- 1:57:6:0:C08:- 2:53:6:0:C08:- 3:49:6:0:C08:- 4:45:6:0:C08:- 5:41:6:0:C08:- 6:37:6:0:C08:- 7:33:6:0:C08:- 8:29:6:0:C08:T 20:29:6:19:FF00:-
bahn,fern_v_cms1_-8,20,29,85B42,links,11,10,8,0,6,10,True,,21,53,0:61:6:0:C08:- 1:57:6:0:C08:- 2:53:6:0:C08:- 3:49:6:0:C08:- 4:45:6:0:C08:- 5:41:6:0:C08:- 6:37:6:0:C08:- 7:33:6:0:C08:- 8:29:6:0:C08:T 20:29:6:19:FF00:-
bahn,fern_v_cms1_0,20,29,85B42,links,11,10,,,,,,zustand3,41,81,0:61:6:0:C08:- 1:57:6:0:C08:- 2:53:6:0:C08:- 3:53:6:0:C08:- 4:54:6:0:C08:- 5:55:6:0:C08:- 6:56:6:0:C08:- 7:57:6:0:C08:- 8:58:6:0:C08:- 9:59:6:0:C08:- 10:60:6:0:C08:- 11:61:6:0:C08:- 12:62:6:0:C08:- 13:63:6:0:C08:- 14:64:6:0:C08:- 15:65:6:0:C08:- 16:66:6:0:C08:- 17:67:6:0:C08:- 18:68:6:0:C08:- 19:69:6:0:C08:- 20:70:6:0:C08:- 21:71:6:0:C08:- 22:72:6:0:C08:- 23:73:6:0:C08:- 24:74:6:0:C08:- 25:75:6:0:C08:- 26:76:6:0:C08:- 27:77:6:0:C08:- 28:78:6:0:C08:- 29:79:6:0:C08:- 30:80:6:0:C08:- 31:81:6:0:C08:- 32:82:6:0:C08:- 33:83:6:0:C08:- 34:84:6:0:C08:- 35:85:6:0:C08:- 36:86:6:0:C08:- 37:87:6:0:C08:- 38:88:6:0:C08:- 39:89:6:0:C08:- 40:90:6:0:C08:-
bahn,fern_v_cms1_1,20,29,85B42,links,11,10,,,,,,zustand3,42,77,0:61:6:0:C08:- 1:57:6:0:C08:- 2:53:6:0:C08:- 3:49:6:0:C08:- 4:49:6:0:C08:- 5:50:6:0:C08:- 6:51:6:0:C08:- 7:52:6:0:C08:- 8:53:6:0:C08:- 9:54:6:0:C08:- 10:55:6:0:C08:- 11:56:6:0:C08:- 12:57:6:0:C08:- 13:58:6:0:C08:- 14:59:6:0:C08:- 15:60:6:0:C08:- 16:61:6:0:C08:- 17:62:6:0:C08:- 18:63:6:0:C08:- 19:64:6:0:C08:- 20:65:6:0:C08:- 21:66:6:0:C08:- 22:67:6:0:C08:- 23:68:6:0:C08:- 24:69:6:0:C08:- 25:70:6:0:C08:- 26:71:6:0:C08:- 27:72:6:0:C08:- 28:73:6:0:C08:- 29:74:6:0:C08:- 30:75:6:0:C08:- 31:76:6:0:C08:- 32:77:6:0:C08:- 33:78:6:0:C08:- 34:79:6:0:C08:- 35:80:6:0:C08:- 36:81:6:0:C08:- 37:82:6:0:C08:- 38:83:6:0:C08:- 39:84:6:0:C08:- 40:85:6:0:C08:- 41:86:6:0:C08:-
bahn,fern_v_cms1_2,20,29,85B42,links,11,10,,,,,,zustand3,43,73,0:61:6:0:C08:- 1:57:6:0:C08:- 2:53:6:0:C08:- 3:49:6:0:C08:- 4:45:6:0:C08:- 5:45:6:0:C08:- 6:46:6:0:C08:- 7:47:6:0:C08:- 8:48:6:0:C08:- 9:49:6:0:C08:- 10:50:6:0:C08:- 11:51:6:0:C08:- 12:52:6:0:C08:- 13:53:6:0:C08:- 14:54:6:0:C08:- 15:55:6:0:C08:- 16:56:6:0:C08:- 17:57:6:0:C08:- 18:58:6:0:C08:- 19:59:6:0:C08:- 20:60:6:0:C08:- 21:61:6:0:C08:- 22:62:6:0:C08:- 23:63:6:0:C08:- 24:64:6:0:C08:- 25:65:6:0:C08:- 26:66:6:0:C08:- 27:67:6:0:C08:- 28:68:6:0:C08:- 29:69:6:0:C08:- 30:70:6:0:C08:- 31:71:6:0:C08:- 32:72:6:0:C08:- 33:73:6:0:C08:- 34:74:6:0:C08:- 35:75:6:0:C08:- 36:76:6:0:C08:- 37:77:6:0:C08:- 38:78:6:0:C08:- 39:79:6:0:C08:- 40:80:6:0:C08:- 41:81:6:0:C08:- 42:82:6:0:C08:-
bahn,fern_v_cms1_3,20,29,85B42,links,11,10,,,,,,zustand3,44,69,0:61:6:0:C08:- 1:57:6:0:C08:- 2:53:6:0:C08:- 3:49:6:0:C08:- 4:45:6:0:C08:- 5:41:6:0:C08:- 6:41:6:0:C08:- 7:42:6:0:C08:- 8:43:6:0:C08:- 9:44:6:0:C08:- 10:45:6:0:C08:- 11:46:6:0:C08:- 12:47:6:0:C08:- 13:48:6:0:C08:- 14:49:6:0:C08:- 15:50:6:0:C08:- 16:51:6:0:C08:- 17:52:6:0:C08:- 18:53:6:0:C08:- 19:54:6:0:C08:- 20:55:6:0:C08:- 21:56:6:0:C08:- 22:57:6:0:C08:- 23:58:6:0:C08:- 24:59:6:0:C08:- 25:60:6:0:C08:- 26:61:6:0:C08:- 27:62:6:0:C08:- 28:63:6:0:C08:- 29:64:6:0:C08:- 30:65:6:0:C08:- 31:66:6:0:C08:- 32:67:6:0:C08:- 33:68:6:0:C08:- 34:69:6:0:C08:- 35:70:6:0:C08:- 36:71:6:0:C08:- 37:72:6:0:C08:- 38:73:6:0:C08:- 39:74:6:0:C08:- 40:75:6:0:C08:- 41:76:6:0:C08:- 42:77:6:0:C08:- 43:78:6:0:C08:-
bahn,fern_v_cms1_4,20,29,85B42,links,11,10,,,,,,zustand3,45,65,0:61:6:0:C08:- 1:57:6:0:C08:- 2:53:6:0:C08:- 3:49:6:0:C08:- 4:45:6:0:C08:- 5:41:6:0:C08:- 6:37:6:0:C08:- 7:37:6:0:C08:- 8:38:6:0:C08:- 9:39:6:0:C08:- 10:40:6:0:C08:- 11:41:6:0:C08:- 12:42:6:0:C08:- 13:43:6:0:C08:- 14:44:6:0:C08:- 15:45:6:0:C08:- 16:46:6:0:C08:- 17:47:6:0:C08:- 18:48:6:0:C08:- 19:49:6:0:C08:- 20:50:6:0:C08:- 21:51:6:0:C08:- 22:52:6:0:C08:- 23:53:6:0:C08:- 24:54:6:0:C08:- 25:55:6:0:C08:- 26:56:6:0:C08:- 27:57:6:0:C08:- 28:58:6:0:C08:- 29:59:6:0:C08:- 30:60:6:0:C08:- 31:61:6:0:C08:- 32:62:6:0:C08:- 33:63:6:0:C08:- 34:64:6:0:C08:- 35:65:6:0:C08:- 36:66:6:0:C08:- 37:67:6:0:C08:- 38:68:6:0:C08:- 39:69:6:0:C08:- 40:70:6:0:C08:- 41:71:6:0:C08:- 42:72:6:0:C08:- 43:73:6:0:C08:- 44:74:6:0:C08:-
bahn,fern_v_cms1_5,20,29,85B42,links,11,10,,,,,,zustand3,46,61,0:61:6:0:C08:- 1:57:6:0:C08:- 2:53:6:0:C08:- 3:49:6:0:C08:- 4:45:6:0:C08:- 5:41:6:0:C08:- 6:37:6:0:C08:- 7:33:6:0:C08:- 8:33:6:0:C08:- 9:34:6:0:C08:- 10:35:6:0:C08:- 11:36:6:0:C08:- 12:37:6:0:C08:- 13:38:6:0:C08:- 14:39:6:0:C08:- 15:40:6:0:C08:- 16:41:6:0:C08:- 17:42:6:0:C08:- 18:43:6:0:C08:- 19:44:6:0:C08:- 20:45:6:0:C08:- 21:46:6:0:C08:- 22:47:6:0:C08:- 23:48:6:0:C08:- 24:49:6:0:C08:- 25:50:6:0:C08:- 26:51:6:0:C08:- 27:52:6:0:C08:- 28:53:6:0:C08:- 29:54:6:0:C08:- 30:55:6:0:C08:- 31:56:6:0:C08:- 32:57:6:0:C08:- 33:58:6:0:C08:- 34:59:6:0:C08:- 35:60:6:0:C08:- 36:61:6:0:C08:- 37:62:6:0:C08:- 38:63:6:0:C08:- 39:64:6:0:C08:- 40:65:6:0:C08:- 41:66:6:0:C08:- 42:67:6:0:C08:- 43:68:6:0:C08:- 44:69:6:0:C08:- 45:70:6:0:C08:-
bahn,fern_v_cms1_6,20,29,85B42,links,11,10,,,,,,zustand3,47,57,0:61:6:0:C08:- 1:57:6:0:C08:- 2:53:6:0:C08:- 3:49:6:0:C08:- 4:45:6:0:C08:- 5:41:6:0:C08:- 6:37:6:0:C08:- 7:33:6:0:C08:- 8:29:6:0:C08:- 9:29:6:0:C08:- 10:30:6:0:C08:- 11:31:6:0:C08:- 12:32:6:0:C08:- 13:33:6:0:C08:- 14:34:6:0:C08:- 15:35:6:0:C08:- 16:36:6:0:C08:- 17:37:6:0:C08:- 18:38:6:0:C08:- 19:39:6:0:C08:- 20:40:6:0:C08:- 21:41:6:0:C08:- 22:42:6:0:C08:- 23:43:6:0:C08:- 24:44:6:0:C08:- 25:45:6:0:C08:- 26:46:6:0:C08:- 27:47:6:0:C08:- 28:48:6:0:C08:- 29:49:6:0:C08:- 30:50:6:0:C08:- 31:51:6:0:C08:- 32:52:6:0:C08:- 33:53:6:0:C08:- 34:54:6:0:C08:- 35:55:6:0:C08:- 36:56:6:0:C08:- 37:57:6:0:C08:- 38:58:6:0:C08:- 39:59:6:0:C08:- 40:60:6:0:C08:- 41:61:6:0:C08:- 42:62:6:0:C08:- 43:63:6:0:C08:- 44:64:6:0:C08:- 45:65:6:0:C08:- 46:66:6:0:C08:-
bahn,fern_v_cms1_7,20,29,85B42,links,11,10,8,0,6,10,True,,21,53,0:61:6:0:C08:- 1:57:6:0:C08:- 2:53:6:0:C08:- 3:49:6:0:C08:- 4:45:6:0:C08:- 5:41:6:0:C08:- 6:37:6:0:C08:- 7:33:6:0:C08:- 8:29:6:0:C08:T 20:29:6:19:FF00:-
bahn,fern_v_cms1_8,20,29,85B42,links,11,10,8,0,6,10,True,,21,53,0:61:6:0:C08:- 1:57:6:0:C08:- 2:53:6:0:C08:- 3:49:6:0:C08:- 4:45:6:0:C08:- 5:41:6:0:C08:- 6:37:6:0:C08:- 7:33:6:0:C08:- 8:29:6:0:C08:T 20:29:6:19:FF00:-
bahn,fern_v_cms1_9,20,29,85B42,links,11,10,8,0,6,10,True,,21,53,0:61:6:0:C08:- 1:57:6:0:C08:- 2:53:6:0:C08:- 3:49:6:0:C08:- 4:45:6:0:C08:- 5:41:6:0:C08:- 6:37:6:0:C08:- 7:33:6:0:C08:- 8:29:6:0:C08:T 20:29:6:19:FF00:-
bahn,fern_v_cms3_-1,20,29,85B42,rechts,12,11,,,,,,zustand3,40,98,0:61:-5:0:C08:- 1:57:-5:0:C08:- 2:57:-5:0:C08:- 3:58:-5:0:C08:- 4:59:-5:0:C08:- 5:60:-5:0:C08:- 6:61:-5:0:C08:- 7:62:-5:0:C08:- 8:63:-5:0:C08:- 9:64:-5:0:C08:- 10:65:-5:0:C08:- 11:66:-5:0:C08:- 12:67:-5:0:C08:- 13:68:-5:0:C08:- 14:69:-5:0:C08:- 15:70:-5:0:C08:- 16:71:-5:0:C08:- 17:72:-5:0:C08:- 18:73:-5:0:C08:- 19:74:-5:0:C08:- 20:75:-5:0:C08:- 21:76:-5:0:C08:- 22:77:-5:0:C08:- 23:78:-5:0:C08:- 24:79:-5:0:C08:- 25:80:-5:0:C08:- 26:81:-5:0:C08:- 27:82:-5:0:C08:- 28:83:-5:0:C08:- 29:84:-5:0:C08:- 30:85:-5:0:C08:- 31:86:-5:0:C08:- 32:87:-5:0:C08:- 33:88:-5:0:C08:- 34:89:-5:0:C08:- 35:90:-5:0:C08:- 36:91:-5:0:C08:- 37:92:-5:0:C08:- 38:93:-5:0:C08:- 39:94:-5:0:C08:-
bahn,fern_v_cms3_-2,20,29,85B42,rechts,12,11,,,,,,zustand3,39,,0:61:-5:0:C08:- 1:61:-5:0:C08:- 2:62:-5:0:C08:- 3:63:-5:0:C08:- 4:64:-5:0:C08:- 5:65:-5:0:C08:- 6:66:-5:0:C08:- 7:67:-5:0:C08:- 8:68:-5:0:C08:- 9:69:-5:0:C08:- 10:70:-5:0:C08:- 11:71:-5:0:C08:- 12:72:-5:0:C08:- 13:73:-5:0:C08:- 14:74:-5:0:C08:- 15:75:-5:0:C08:- 16:76:-5:0:C08:- 17:77:-5:0:C08:- 18:78:-5:0:C08:- 19:79:-5:0:C08:- 20:80:-5:0:C08:- 21:81:-5:0:C08:- 22:82:-5:0:C08:- 23:83:-5:0:C08:- 24:84:-5:0:C08:- 25:85:-5:0:C08:- 26:86:-5:0:C08:- 27:87:-5:0:C08:- 28:88:-5:0:C08:- 29:89:-5:0:C08:- 30:90:-5:0:C08:- 31:91:-5:0:C08:- 32:92:-5:0:C08:- 33:93:-5:0:C08:- 34:94:-5:0:C08:- 35:95:-5:0:C08:- 36:96:-5:0:C08:- 37:97:-5:0:C08:- 38:98:-5:0:C08:-
bahn,fern_v_cms3_-3,20,29,85B42,rechts,12,11,,,,,,zustand3,39,,0:61:-5:0:C08:- 1:61:-5:0:C08:- 2:62:-5:0:C08:- 3:63:-5:0:C08:- 4:64:-5:0:C08:- 5:65:-5:0:C08:- 6:66:-5:0:C08:- 7:67:-5:0:C08:- 8:68:-5:0:C08:- 9:69:-5:0:C08:- 10:70:-5:0:C08:- 11:71:-5:0:C08:- 12:72:-5:0:C08:- 13:73:-5:0:C08:- 14:74:-5:0:C08:- 15:75:-5:0:C08:- 16:76:-5:0:C08:- 17:77:-5:0:C08:- 18:78:-5:0:C08:- 19:79:-5:0:C08:- 20:80:-5:0:C08:- 21:81:-5:0:C08:- 22:82:-5:0:C08:- 23:83:-5:0:C08:- 24:84:-5:0:C08:- 25:85:-5:0:C08:- 26:86:-5:0:C08:- 27:87:-5:0:C08:- 28:88:-5:0:C08:- 29:89:-5:0:C08:- 30:90:-5:0:C08:- 31:91:-5:0:C08:- 32:92:-5:0:C08:- 33:93:-5:0:C08:- 34:94:-5:0:C08:- 35:95:-5:0:C08:- 36:96:-5:0:C08:- 37:97:-5:0:C08:- 38:98:-5:0:C08:-
bahn,fern_v_cms3_-4,20,29,85B42,rechts,12,11,,,,,,zustand3,39,,0:61:-5:0:C08:- 1:61:-5:0:C08:- 2:62:-5:0:C08:- 3:63:-5:0:C08:- 4:64:-5:0:C08:- 5:65:-5:0:C08:- 6:66:-5:0:C08:- 7:67:-5:0:C08:- 8:68:-5:0:C08:- 9:69:-5:0:C08:- 10:70:-5:0:C08:- 11:71:-5:0:C08:- 12:72:-5:0:C08:- 13:73:-5:0:C08:- 14:74:-5:0:C08:- 15:75:-5:0:C08:- 16:76:-5:0:C08:- 17:77:-5:0:C08:- 18:78:-5:0:C08:- 19:79:-5:0:C08:- 20:80:-5:0:C08:- 21:81:-5:0:C08:- 22:82:-5:0:C08:- 23:83:-5:0:C08:- 24:84:-5:0:C08:- 25:85:-5:0:C08:- 26:86:-5:0:C08:- 27:87:-5:0:C08:- 28:88:-5:0:C08:- 29:89:-5:0:C08:- 30:90:-5:0:C08:- 31:91:-5:0:C08:- 32:92:-5:0:C08:- 33:93:-5:0:C08:- 34:94:-5:0:C08:- 35:95:-5:0:C08:- 36:96:-5:0:C08:- 37:97:-5:0:C08:- 38:98:-5:0:C08:-
bahn,fern_v_cms3_-5,20,29,85B42,rechts,12,11,,,,,,zustand3,39,,0:61:-5:0:C08:- 1:61:-5:0:C08:- 2:62:-5:0:C08:- 3:63:-5:0:C08:- 4:64:-5:0:C08:- 5:65:-5:0:C08:- 6:66:-5:0:C08:- 7:67:-5:0:C08:- 8:68:-5:0:C08:- 9:69:-5:0:C08:- 10:70:-5:0:C08:- 11:71:-5:0:C08:- 12:72:-5:0:C08:- 13:73:-5:0:C08:- 14:74:-5:0:C08:- 15:75:-5:0:C08:- 16:76:-5:0:C08:- 17:77:-5:0:C08:- 18:78:-5:0:C08:- 19:79:-5:0:C08:- 20:80:-5:0:C08:- 21:81:-5:0:C08:- 22:82:-5:0:C08:- 23:83:-5:0:C08:- 24:84:-5:0:C08:- 25:85:-5:0:C08:- 26:86:-5:0:C08:- 27:87:-5:0:C08:- 28:88:-5:0:C08:- 29:89:-5:0:C08:- 30:90:-5:0:C08:- 31:91:-5:0:C08:- 32:92:-5:0:C08:- 33:93:-5:0:C08:- 34:94:-5:0:C08:- 35:95:-5:0:C08:- 36:96:-5:0:C08:- 37:97:-5:0:C08:- 38:98:-5:0:C08:-
bahn,fern_v_cms3_-6,20,29,85B42,rechts,12,11,8,0,-5,11,True,,21,130,0:61:-5:0:C08:- 1:57:-5:0:C08:- 2:53:-5:0:C08:- 3:49:-5:0:C08:- 4:45:-5:0:C08:- 5:41:-5:0:C08:- 6:37:-5:0:C08:- 7:33:-5:0:C08:- 8:29:-5:0:C08:T 20:40:-5:18:FF00:-
bahn,fern_v_cms3_-7,20,29,85B42,rechts,12,11,8,0,-5,11,True,,21,130,0:61:-5:0:C08:- 1:57:-5:0:C08:- 2:53:-5:0:C08:- 3:49:-5:0:C08:- 4:45:-5:0:C08:- 5:41:-5:0:C08:- 6:37:-5:0:C08:- 7:33:-5:0:C08:- 8:29:-5:0:C08:T 20:40:-5:18:FF00:-
bahn,fern_v_cms3_0,20,29,85B42,rechts,12,11,,,,,,zustand3,41,102,0:61:-5:0:C08:- 1:57:-5:0:C08:- 2:53:-5:0:C08:- 3:53:-5:0:C08:- 4:54:-5:0:C08:- 5:55:-5:0:C08:- 6:56:-5:0:C08:- 7:57:-5:0:C08:- 8:58:-5:0:C08:- 9:59:-5:0:C08:- 10:60:-5:0:C08:- 11:61:-5:0:C08:- 12:62:-5:0:C08:- 13:63:-5:0:C08:- 14:64:-5:0:C08:- 15:65:-5:0:C08:- 16:66:-5:0:C08:- 17:67:-5:0:C08:- 18:68:-5:0:C08:- 19:69:-5:0:C08:- 20:70:-5:0:C08:- 21:71:-5:0:C08:- 22:72:-5:0:C08:- 23:73:-5:0:C08:- 24:74:-5:0:C08:- 25:75:-5:0:C08:- 26:76:-5:0:C08:- 27:77:-5:0:C08:- 28:78:-5:0:C08:- 29:79:-5:0:C08:- 30:80:-5:0:C08:- 31:81:-5:0:C08:- 32:82:-5:0:C08:- 33:83:-5:0:C08:- 34:84:-5:0:C08:- 35:85:-5:0:C08:- 36:86:-5:0:C08:- 37:87:-5:0:C08:- 38:88:-5:0:C08:- 39:89:-5:0:C08:- 40:90:-5:0:C08:-
bahn,fern_v_cms3_1,20,29,85B42,rechts,12,11,,,,,,zustand3,42,106,0:61:-5:0:C08:- 1:57:-5:0:C08:- 2:53:-5:0:C08:- 3:49:-5:0:C08:- 4:49:-5:0:C08:- 5:50:-5:0:C08:- 6:51:-5:0:C08:- 7:52:-5:0:C08:- 8:53:-5:0:C08:- 9:54:-5:0:C08:- 10:55:-5:0:C08:- 11:56:-5:0:C08:- 12:57:-5:0:C08:- 13:58:-5:0:C08:- 14:59:-5:0:C08:- 15:60:-5:0:C08:- 16:61:-5:0:C08:- 17:62:-5:0:C08:- 18:63:-5:0:C08:- 19:64:-5:0:C08:- 20:65:-5:0:C08:- 21:66:-5:0:C08:- 22:67:-5:0:C08:- 23:68:-5:0:C08:- 24:69:-5:0:C08:- 25:70:-5:0:C08:- 26:71:-5:0:C08:- 27:72:-5:0:C08:- 28:73:-5:0:C08:- 29:74:-5:0:C08:- 30:75:-5:0:C08:- 31:76:-5:0:C08:- 32:77:-5:0:C08:- 33:78:-5:0:C08:- 34:79:-5:0:C08:- 35:80:-5:0:C08:- 36:81:-5:0:C08:- 37:82:-5:0:C08:- 38:83:-5:0:C08:- 39:84:-5:0:C08:- 40:85:-5:0:C08:- 41:86:-5:0:C08:-
bahn,fern_v_cms3_10,20,29,85B42,rechts,12,11,8,0,-5,11,True,,21,130,0:61:-5:0:C08:- 1:57:-5:0:C08:- 2:53:-5:0:C08:- 3:49:-5:0:C08:- 4:45:-5:0:C08:- 5:41:-5:0:C08:- 6:37:-5:0:C08:- 7:33:-5:0:C08:- 8:29:-5:0:C08:T 20:40:-5:18:FF00:-
bahn,fern_v_cms3_11,20,29,85B42,rechts,12,11,8,0,-5,11,True,,21,130,0:61:-5:0:C08:- 1:57:-5:0:C08:- 2:53:-5:0:C08:- 3:49:-5:0:C08:- 4:45:-5:0:C08:- 5:41:-5:0:C08:- 6:37:-5:0:C08:- 7:33:-5:0:C08:- 8:29:-5:0:C08:T 20:40:-5:18:FF00:-
bahn,fern_v_cms3_12,20,29,85B42,rechts,12,11,8,0,-5,11,True,,21,130,0:61:-5:0:C08:- 1:57:-5:0:C08:- 2:53:-5:0:C08:- 3:49:-5:0:C08:- 4:45:-5:0:C08:- 5:41:-5:0:C08:- 6:37:-5:0:C08:- 7:33:-5:0:C08:- 8:29:-5:0:C08:T 20:40:-5:18:FF00:-
bahn,fern_v_cms3_13,20,29,85B42,rechts,12,11,8,0,-5,11,True,,21,130,0:61:-5:0:C08:- 1:57:-5:0:C08:- 2:53:-5:0:C08:- 3:49:-5:0:C08:- 4:45:-5:0:C08:- 5:41:-5:0:C08:- 6:37:-5:0:C08:- 7:33:-5:0:C08:- 8:29:-5:0:C08:T 20:40:-5:18:FF00:-
bahn,fern_v_cms3_2,20,29,85B42,rechts,12,11,,,,,,zustand3,43,110,0:61:-5:0:C08:- 1:57:-5:0:C08:- 2:53:-5:0:C08:- 3:49:-5:0:C08:- 4:45:-5:0:C08:- 5:45:-5:0:C08:- 6:46:-5:0:C08:- 7:47:-5:0:C08:- 8:48:-5:0:C08:- 9:49:-5:0:C08:- 10:50:-5:0:C08:- 11:51:-5:0:C08:- 12:52:-5:0:C08:- 13:53:-5:0:C08:- 14:54:-5:0:C08:- 15:55:-5:0:C08:- 16:56:-5:0:C08:- 17:57:-5:0:C08:- 18:58:-5:0:C08:- 19:59:-5:0:C08:- 20:60:-5:0:C08:- 21:61:-5:0:C08:- 22:62:-5:0:C08:- 23:63:-5:0:C08:- 24:64:-5:0:C08:- 25:65:-5:0:C08:- 26:66:-5:0:C08:- 27:67:-5:0:C08:- 28:68:-5:0:C08:- 29:69:-5:0:C08:- 30:70:-5:0:C08:- 31:71:-5:0:C08:- 32:72:-5:0:C08:- 33:73:-5:0:C08:- 34:74:-5:0:C08:- 35:75:-5:0:C08:- 36:76:-5:0:C08:- 37:77:-5:0:C08:- 38:78:-5:0:C08:- 39:79:-5:0:C08:- 40:80:-5:0:C08:- 41:81:-5:0:C08:- 42:82:-5:0:C08:-
bahn,fern_v_cms3_3,20,29,85B42,rechts,12,11,,,,,,zustand3,44,114,0:61:-5:0:C08:- 1:57:-5:0:C08:- 2:53:-5:0:C08:- 3:49:-5:0:C08:- 4:45:-5:0:C08:- 5:41:-5:0:C08:- 6:41:-5:0:C08:- 7:42:-5:0:C08:- 8:43:-5:0:C08:- 9:44:-5:0:C08:- 10:45:-5:0:C08:- 11:46:-5:0:C08:- 12:47:-5:0:C08:- 13:48:-5:0:C08:- 14:49:-5:0:C08:- 15:50:-5:0:C08:- 16:51:-5:0:C08:- 17:52:-5:0:C08:- 18:53:-5:0:C08:- 19:54:-5:0:C08:- 20:55:-5:0:C08:- 21:56:-5:0:C08:- 22:57:-5:0:C08:- 23:58:-5:0:C08:- 24:59:-5:0:C08:- 25:60:-5:0:C08:- 26:61:-5:0:C08:- 27:62:-5:0:C08:- 28:63:-5:0:C08:- 29:64:-5:0:C08:- 30:65:-5:0:C08:- 31:66:-5:0:C08:- 32:67:-5:0:C08:- 33:68:-5:0:C08:- 34:69:-5:0:C08:- 35:70:-5:0:C08:- 36:71:-5:0:C08:- 37:72:-5:0:C08:- 38:73:-5:0:C08:- 39:74:-5:0:C08:- 40:75:-5:0:C08:- 41:76:-5:0:C08:- 42:77:-5:0:C08:- 43:78:-5:0:C08:-
bahn,fern_v_cms3_4,20,29,85B42,rechts,12,11,,,,,,zustand3,45,118,0:61:-5:0:C08:- 1:57:-5:0:C08:- 2:53:-5:0:C08:- 3:49:-5:0:C08:- 4:45:-5:0:C08:- 5:41:-5:0:C08:- 6:37:-5:0:C08:- 7:37:-5:0:C08:- 8:38:-5:0:C08:- 9:39:-5:0:C08:- 10:40:-5:0:C08:- 11:41:-5:0:C08:- 12:42:-5:0:C08:- 13:43:-5:0:C08:- 14:44:-5:0:C08:- 15:45:-5:0:C08:- 16:46:-5:0:C08:- 17:47:-5:0:C08:- 18:48:-5:0:C08:- 19:49:-5:0:C08:- 20:50:-5:0:C08:- 21:51:-5:0:C08:- 22:52:-5:0:C08:- 23:53:-5:0:C08:- 24:54:-5:0:C08:- 25:55:-5:0:C08:- 26:56:-5:0:C08:- 27:57:-5:0:C08:- 28:58:-5:0:C08:- 29:59:-5:0:C08:- 30:60:-5:0:C08:- 31:61:-5:0:C08:- 32:62:-5:0:C08:- 33:63:-5:0:C08:- 34:64:-5:0:C08:- 35:65:-5:0:C08:- 36:66:-5:0:C08:- 37:67:-5:0:C08:- 38:68:-5:0:C08:- 39:69:-5:0:C08:- 40:70:-5:0:C08:- 41:71:-5:0:C08:- 42:72:-5:0:C08:- 43:73:-5:0:C08:- 44:74:-5:0:C08:-
bahn,fern_v_cms3_5,20,29,85B42,rechts,12,11,,,,,,zustand3,46,122,0:61:-5:0:C08:- 1:57:-5:0:C08:- 2:53:-5:0:C08:- 3:49:-5:0:C08:- 4:45:-5:0:C08:- 5:41:-5:0:C08:- 6:37:-5:0:C08:- 7:33:-5:0:C08:- 8:33:-5:0:C08:- 9:34:-5:0:C08:- 10:35:-5:0:C08:- 11:36:-5:0:C08:- 12:37:-5:0:C08:- 13:38:-5:0:C08:- 14:39:-5:0:C08:- 15:40:-5:0:C08:- 16:41:-5:0:C08:- 17:42:-5:0:C08:- 18:43:-5:0:C08:- 19:44:-5:0:C08:- 20:45:-5:0:C08:- 21:46:-5:0:C08:- 22:47:-5:0:C08:- 23:48:-5:0:C08:- 24:49:-5:0:C08:- 25:50:-5:0:C08:- 26:51:-5:0:C08:- 27:52:-5:0:C08:- 28:53:-5:0:C08:- 29:54:-5:0:C08:- 30:55:-5:0:C08:- 31:56:-5:0:C08:- 32:57:-5:0:C08:- 33:58:-5:0:C08:- 34:59:-5:0:C08:- 35:60:-5:0:C08:- 36:61:-5:0:C08:- 37:62:-5:0:C08:- 38:63:-5:0:C08:- 39:64:-5:0:C08:- 40:65:-5:0:C08:- 41:66:-5:0:C08:- 42:67:-5:0:C08:- 43:68:-5:0:C08:- 44:69:-5:0:C08:- 45:70:-5:0:C08:-
bahn,fern_v_cms3_6,20,29,85B42,rechts,12,11,,,,,,zustand3,47,126,0:61:-5:0:C08:- 1:57:-5:0:C08:- 2:53:-5:0:C08:- 3:49:-5:0:C08:- 4:45:-5:0:C08:- 5:41:-5:0:C08:- 6:37:-5:0:C08:- 7:33:-5:0:C08:- 8:29:-5:0:C08:- 9:29:-5:0:C08:- 10:30:-5:0:C08:- 11:31:-5:0:C08:- 12:32:-5:0:C08:- 13:33:-5:0:C08:- 14:34:-5:0:C08:- 15:35:-5:0:C08:- 16:36:-5:0:C08:- 17:37:-5:0:C08:- 18:38:-5:0:C08:- 19:39:-5:0:C08:- 20:40:-5:0:C08:- 21:41:-5:0:C08:- 22:42:-5:0:C08:- 23:43:-5:0:C08:- 24:44:-5:0:C08:- 25:45:-5:0:C08:- 26:46:-5:0:C08:- 27:47:-5:0:C08:- 28:48:-5:0:C08:- 29:49:-5:0:C08:- 30:50:-5:0:C08:- 31:51:-5:0:C08:- 32:52:-5:0:C08:- 33:53:-5:0:C08:- 34:54:-5:0:C08:- 35:55:-5:0:C08:- 36:56:-5:0:C08:- 37:57:-5:0:C08:- 38:58:-5:0:C08:- 39:59:-5:0:C08:- 40:60:-5:0:C08:- 41:61:-5:0:C08:- 42:62:-5:0:C08:- 43:63:-5:0:C08:- 44:64:-5:0:C08:- 45:65:-5:0:C08:- 46:66:-5:0:C08:-
bahn,fern_v_cms3_7,20,29,85B42,rechts,12,11,8,0,-5,11,True,,21,130,0:61:-5:0:C08:- 1:57:-5:0:C08:- 2:53:-5:0:C08:- 3:49:-5:0:C08:- 4:45:-5:0:C08:- 5:41:-5:0:C08:- 6:37:-5:0:C08:- 7:33:-5:0:C08:- 8:29:-5:0:C08:T 20:40:-5:18:FF00:-
bahn,fern_v_cms3_8,20,29,85B42,rechts,12,11,8,0,-5,11,True,,21,130,0:61:-5:0:C08:- 1:57:-5:0:C08:- 2:53:-5:0:C08:- 3:49:-5:0:C08:- 4:45:-5:0:C08:- 5:41:-5:0:C08:- 6:37:-5:0:C08:- 7:33:-5:0:C08:- 8:29:-5:0:C08:T 20:40:-5:18:FF00:-
bahn,fern_v_cms3_9,20,29,85B42,rechts,12,11,8,0,-5,11,True,,21,130,0:61:-5:0:C08:- 1:57:-5:0:C08:- 2:53:-5:0:C08:- 3:49:-5:0:C08:- 4:45:-5:0:C08:- 5:41:-5:0:C08:- 6:37:-5:0:C08:- 7:33:-5:0:C08:- 8:29:-5:0:C08:T 20:40:-5:18:FF00:-
bahn,fern_v_crglas_ex,2,28,86022,links,12,13,21,1,-5,13,True,,59,225,20:-30:-5:0:1402:- 21:-30:-5:1:1402:T 22:-30:-5:1:1402:- 23:-30:-5:1:1402:- 24:-30:-5:1:1402:- 25:-30:-5:1:1402:- 26:-30:-5:1:1402:- 27:-30:-5:1:1402:- 28:-30:-5:1:1402:- 29:-30:-5:1:1402:-
objekt,fern_v_crglas_ex,44,9597A,777,,,
objekt,fern_v_crglas_ex,47,98D64,1,23,0,25
bahn,fern_v_crglas_flug,2,28,86022,links,12,13,21,1,-5,13,True,,59,225,20:-30:-5:0:1402:- 21:-30:-5:1:1402:T 22:-30:-5:1:1402:- 23:-30:-5:1:1402:- 24:-30:-5:1:1402:- 25:-30:-5:1:1402:- 26:-30:-5:1:1402:- 27:-30:-5:1:1402:- 28:-30:-5:1:1402:- 29:-30:-5:1:1402:-
objekt,fern_v_crglas_flug,44,9597A,777,,,
objekt,fern_v_crglas_flug,47,98D64,1,23,0,25
bahn,fern_v_crj1_10,16,28,86022,links,12,13,,,,,,,35,225,20:-30:-5:33:1402:- 21:-30:-5:36:1402:- 22:-30:-5:38:1402:- 23:-30:-5:41:1402:- 24:-30:-5:43:1402:- 25:-30:-5:45:1402:- 26:-30:-5:47:1402:- 27:-30:-5:48:1402:- 28:-30:-5:49:1402:- 29:-30:-5:50:1402:-
bahn,fern_v_crj1_14,16,28,86022,links,12,13,,,,,,,35,225,20:-30:-5:43:1402:- 21:-30:-5:45:1402:- 22:-30:-5:47:1402:- 23:-30:-5:48:1402:- 24:-30:-5:49:1402:- 25:-30:-5:50:1402:- 26:-30:-5:51:1402:- 27:-30:-5:51:1402:- 28:-30:-5:52:1402:- 29:-30:-5:51:1402:-
bahn,fern_v_crj1_18,16,28,86022,links,12,13,,,,,,,35,225,20:-30:-5:49:1402:- 21:-30:-5:50:1402:- 22:-30:-5:51:1402:- 23:-30:-5:51:1402:- 24:-30:-5:52:1402:- 25:-30:-5:51:1402:- 26:-30:-5:51:1402:- 27:-30:-5:51:1402:- 28:-30:-5:50:1402:- 29:-30:-5:49:1402:-
bahn,fern_v_crj1_22,16,28,86022,links,12,13,,,,,,,35,225,20:-30:-5:52:1402:- 21:-30:-5:51:1402:- 22:-30:-5:51:1402:- 23:-30:-5:51:1402:- 24:-30:-5:50:1402:- 25:-30:-5:49:1402:- 26:-30:-5:47:1402:- 27:-30:-5:46:1402:- 28:-30:-5:44:1402:- 29:-30:-5:42:1402:-
bahn,fern_v_crj1_26,16,28,86022,links,12,13,,,,,,,35,225,20:-30:-5:50:1402:- 21:-30:-5:49:1402:- 22:-30:-5:47:1402:- 23:-30:-5:46:1402:- 24:-30:-5:44:1402:- 25:-30:-5:42:1402:- 26:-30:-5:40:1402:- 27:-30:-5:37:1402:- 28:-30:-5:34:1402:- 29:-30:-5:31:1402:-
bahn,fern_v_crj1_28,16,28,86022,links,12,13,29,25,-5,13,True,,35,225,20:-30:-5:47:1402:- 21:-30:-5:46:1402:- 22:-30:-5:44:1402:- 23:-30:-5:42:1402:- 24:-30:-5:40:1402:- 25:-30:-5:37:1402:- 26:-30:-5:34:1402:- 27:-30:-5:31:1402:- 28:-30:-5:28:1402:- 29:-30:-5:25:1402:T
bahn,fern_v_crj1_30,16,28,86022,links,12,13,27,25,-5,13,True,,35,225,20:-30:-5:44:1402:- 21:-30:-5:42:1402:- 22:-30:-5:40:1402:- 23:-30:-5:37:1402:- 24:-30:-5:34:1402:- 25:-30:-5:31:1402:- 26:-30:-5:28:1402:- 27:-30:-5:25:1402:T 28:-30:-5:25:1402:- 29:-30:-5:25:1402:-
bahn,fern_v_crj1_4,16,28,86022,links,12,13,21,15,-5,13,True,,35,225,20:-30:-5:10:1402:- 21:-30:-5:15:1402:T 22:-30:-5:15:1402:- 23:-30:-5:15:1402:- 24:-30:-5:15:1402:- 25:-30:-5:15:1402:- 26:-30:-5:15:1402:- 27:-30:-5:15:1402:- 28:-30:-5:15:1402:- 29:-30:-5:15:1402:-
bahn,fern_v_crj1_6,16,28,86022,links,12,13,21,23,-5,13,True,,35,225,20:-30:-5:19:1402:- 21:-30:-5:23:1402:T 22:-30:-5:23:1402:- 23:-30:-5:23:1402:- 24:-30:-5:23:1402:- 25:-30:-5:23:1402:- 26:-30:-5:23:1402:- 27:-30:-5:23:1402:- 28:-30:-5:23:1402:- 29:-30:-5:23:1402:-
bahn,fern_v_crj1_8,16,28,86022,links,12,13,,,,,,,35,225,20:-30:-5:26:1402:- 21:-30:-5:30:1402:- 22:-30:-5:33:1402:- 23:-30:-5:36:1402:- 24:-30:-5:38:1402:- 25:-30:-5:41:1402:- 26:-30:-5:43:1402:- 27:-30:-5:45:1402:- 28:-30:-5:47:1402:- 29:-30:-5:48:1402:-
bahn,fern_v_crs1_16,16,28,86022,links,12,13,21,1,-5,13,True,,35,225,20:-30:-5:0:1402:- 21:-30:-5:1:1402:T 22:-30:-5:1:1402:- 23:-30:-5:1:1402:- 24:-30:-5:1:1402:- 25:-30:-5:1:1402:- 26:-30:-5:1:1402:- 27:-30:-5:1:1402:- 28:-30:-5:1:1402:- 29:-30:-5:1:1402:-
bahn,fern_v_crs1_19,16,28,86022,links,12,13,21,1,-5,13,True,,35,225,20:-30:-5:0:1402:- 21:-30:-5:1:1402:T 22:-30:-5:1:1402:- 23:-30:-5:1:1402:- 24:-30:-5:1:1402:- 25:-30:-5:1:1402:- 26:-30:-5:1:1402:- 27:-30:-5:1:1402:- 28:-30:-5:1:1402:- 29:-30:-5:1:1402:-
bahn,fern_v_crs1_22,16,28,86022,links,12,13,21,1,-5,13,True,,35,225,20:-30:-5:0:1402:- 21:-30:-5:1:1402:T 22:-30:-5:1:1402:- 23:-30:-5:1:1402:- 24:-30:-5:1:1402:- 25:-30:-5:1:1402:- 26:-30:-5:1:1402:- 27:-30:-5:1:1402:- 28:-30:-5:1:1402:- 29:-30:-5:1:1402:-
bahn,fern_v_crs1_25,16,28,86022,links,12,13,21,1,-5,13,True,,35,225,20:-30:-5:0:1402:- 21:-30:-5:1:1402:T 22:-30:-5:1:1402:- 23:-30:-5:1:1402:- 24:-30:-5:1:1402:- 25:-30:-5:1:1402:- 26:-30:-5:1:1402:- 27:-30:-5:1:1402:- 28:-30:-5:1:1402:- 29:-30:-5:1:1402:-
bahn,fern_v_crs1_28,16,28,86022,links,12,13,21,1,-5,13,True,,35,225,20:-30:-5:0:1402:- 21:-30:-5:1:1402:T 22:-30:-5:1:1402:- 23:-30:-5:1:1402:- 24:-30:-5:1:1402:- 25:-30:-5:1:1402:- 26:-30:-5:1:1402:- 27:-30:-5:1:1402:- 28:-30:-5:1:1402:- 29:-30:-5:1:1402:-
bahn,fern_v_crs1_31,16,28,86022,links,12,13,21,1,-5,13,True,,35,225,20:-30:-5:0:1402:- 21:-30:-5:1:1402:T 22:-30:-5:1:1402:- 23:-30:-5:1:1402:- 24:-30:-5:1:1402:- 25:-30:-5:1:1402:- 26:-30:-5:1:1402:- 27:-30:-5:1:1402:- 28:-30:-5:1:1402:- 29:-30:-5:1:1402:-
bahn,fern_v_crs1_34,16,28,86022,links,12,13,21,1,-5,13,True,,35,225,20:-30:-5:0:1402:- 21:-30:-5:1:1402:T 22:-30:-5:1:1402:- 23:-30:-5:1:1402:- 24:-30:-5:1:1402:- 25:-30:-5:1:1402:- 26:-30:-5:1:1402:- 27:-30:-5:1:1402:- 28:-30:-5:1:1402:- 29:-30:-5:1:1402:-
bahn,fern_v_dk_14,16,28,86022,links,14,5,9,0,-6,5,False,,22,80,0:90:-6:0:2:- 1:82:-6:0:2:- 2:74:-6:0:2:- 3:66:-6:0:2:- 4:58:-6:0:2:- 5:50:-6:0:2:- 6:42:-6:0:2:- 7:34:-6:0:2:- 8:26:-6:0:2:- 9:18:-6:0:2:T 21:18:-6:0:FF00:-
bahn,fern_v_dk_14,33,29,86022,links,14,5,,,,,,,8,96,0:90:-6:0:2:- 1:82:-6:0:2:- 2:74:-6:0:2:- 3:66:-6:0:2:- 4:58:-6:0:2:- 5:50:-6:0:2:- 6:42:-6:0:2:- 7:34:-6:0:2:-
bahn,fern_v_dk_15,16,28,86022,links,15,6,9,0,-6,6,False,,22,80,0:90:-6:0:2:- 1:82:-6:0:2:- 2:74:-6:0:2:- 3:66:-6:0:2:- 4:58:-6:0:2:- 5:50:-6:0:2:- 6:42:-6:0:2:- 7:34:-6:0:2:- 8:26:-6:0:2:- 9:18:-6:0:2:T 21:18:-6:0:FF00:-
bahn,fern_v_dk_15,33,29,86022,links,15,6,,,,,,,8,96,0:90:-6:0:2:- 1:82:-6:0:2:- 2:74:-6:0:2:- 3:66:-6:0:2:- 4:58:-6:0:2:- 5:50:-6:0:2:- 6:42:-6:0:2:- 7:34:-6:0:2:-
bahn,fern_v_dk_21,16,28,86022,links,21,6,9,0,-6,6,False,,22,80,0:90:-6:0:2:- 1:82:-6:0:2:- 2:74:-6:0:2:- 3:66:-6:0:2:- 4:58:-6:0:2:- 5:50:-6:0:2:- 6:42:-6:0:2:- 7:34:-6:0:2:- 8:26:-6:0:2:- 9:18:-6:0:2:T 21:18:-6:0:FF00:-
bahn,fern_v_dk_21,33,29,86022,links,21,6,,,,,,,8,96,0:90:-6:0:2:- 1:82:-6:0:2:- 2:74:-6:0:2:- 3:66:-6:0:2:- 4:58:-6:0:2:- 5:50:-6:0:2:- 6:42:-6:0:2:- 7:34:-6:0:2:-
bahn,fern_v_dk_22,16,28,86022,links,22,7,9,0,-6,7,False,,22,80,0:90:-6:0:2:- 1:82:-6:0:2:- 2:74:-6:0:2:- 3:66:-6:0:2:- 4:58:-6:0:2:- 5:50:-6:0:2:- 6:42:-6:0:2:- 7:34:-6:0:2:- 8:26:-6:0:2:- 9:18:-6:0:2:T 21:18:-6:0:FF00:-
bahn,fern_v_dk_22,33,29,86022,links,22,7,,,,,,,8,96,0:90:-6:0:2:- 1:82:-6:0:2:- 2:74:-6:0:2:- 3:66:-6:0:2:- 4:58:-6:0:2:- 5:50:-6:0:2:- 6:42:-6:0:2:- 7:34:-6:0:2:-
bahn,fern_v_dk_24,16,28,86022,links,24,7,9,0,-6,7,False,,22,80,0:90:-6:0:2:- 1:82:-6:0:2:- 2:74:-6:0:2:- 3:66:-6:0:2:- 4:58:-6:0:2:- 5:50:-6:0:2:- 6:42:-6:0:2:- 7:34:-6:0:2:- 8:26:-6:0:2:- 9:18:-6:0:2:T 21:18:-6:0:FF00:-
bahn,fern_v_dk_24,33,29,86022,links,24,7,,,,,,,8,96,0:90:-6:0:2:- 1:82:-6:0:2:- 2:74:-6:0:2:- 3:66:-6:0:2:- 4:58:-6:0:2:- 5:50:-6:0:2:- 6:42:-6:0:2:- 7:34:-6:0:2:-
bahn,fern_v_dk_7,16,28,86022,links,7,4,9,0,-6,4,False,,22,80,0:90:-6:0:2:- 1:82:-6:0:2:- 2:74:-6:0:2:- 3:66:-6:0:2:- 4:58:-6:0:2:- 5:50:-6:0:2:- 6:42:-6:0:2:- 7:34:-6:0:2:- 8:26:-6:0:2:- 9:18:-6:0:2:T 21:18:-6:0:FF00:-
bahn,fern_v_dk_7,33,29,86022,links,7,4,,,,,,,8,96,0:90:-6:0:2:- 1:82:-6:0:2:- 2:74:-6:0:2:- 3:66:-6:0:2:- 4:58:-6:0:2:- 5:50:-6:0:2:- 6:42:-6:0:2:- 7:34:-6:0:2:-
bahn,fern_v_dk_8,16,28,86022,links,8,5,9,0,-6,5,False,,22,80,0:90:-6:0:2:- 1:82:-6:0:2:- 2:74:-6:0:2:- 3:66:-6:0:2:- 4:58:-6:0:2:- 5:50:-6:0:2:- 6:42:-6:0:2:- 7:34:-6:0:2:- 8:26:-6:0:2:- 9:18:-6:0:2:T 21:18:-6:0:FF00:-
bahn,fern_v_dk_8,33,29,86022,links,8,5,,,,,,,8,96,0:90:-6:0:2:- 1:82:-6:0:2:- 2:74:-6:0:2:- 3:66:-6:0:2:- 4:58:-6:0:2:- 5:50:-6:0:2:- 6:42:-6:0:2:- 7:34:-6:0:2:-
bahn,fern_v_dm_11,20,29,85B42,links,11,10,8,0,6,10,True,,21,53,0:61:6:0:C08:- 1:57:6:0:C08:- 2:53:6:0:C08:- 3:49:6:0:C08:- 4:45:6:0:C08:- 5:41:6:0:C08:- 6:37:6:0:C08:- 7:33:6:0:C08:- 8:29:6:0:C08:T 20:29:6:19:FF00:-
bahn,fern_v_dm_12,20,29,85B42,links,12,11,8,0,6,11,True,,21,53,0:61:6:0:C08:- 1:57:6:0:C08:- 2:53:6:0:C08:- 3:49:6:0:C08:- 4:45:6:0:C08:- 5:41:6:0:C08:- 6:37:6:0:C08:- 7:33:6:0:C08:- 8:29:6:0:C08:T 20:29:6:19:FF00:-
bahn,fern_v_dm_16,20,29,85B42,links,16,11,8,0,6,11,True,,21,53,0:61:6:0:C08:- 1:57:6:0:C08:- 2:53:6:0:C08:- 3:49:6:0:C08:- 4:45:6:0:C08:- 5:41:6:0:C08:- 6:37:6:0:C08:- 7:33:6:0:C08:- 8:29:6:0:C08:T 20:29:6:19:FF00:-
bahn,fern_v_dm_17,20,29,85B42,links,17,12,8,0,6,12,True,,21,53,0:61:6:0:C08:- 1:57:6:0:C08:- 2:53:6:0:C08:- 3:49:6:0:C08:- 4:45:6:0:C08:- 5:41:6:0:C08:- 6:37:6:0:C08:- 7:33:6:0:C08:- 8:29:6:0:C08:T 20:29:6:19:FF00:-
bahn,fern_v_dm_21,20,29,85B42,links,21,12,8,0,6,12,True,,21,53,0:61:6:0:C08:- 1:57:6:0:C08:- 2:53:6:0:C08:- 3:49:6:0:C08:- 4:45:6:0:C08:- 5:41:6:0:C08:- 6:37:6:0:C08:- 7:33:6:0:C08:- 8:29:6:0:C08:T 20:29:6:19:FF00:-
bahn,fern_v_dm_22,20,29,85B42,links,22,13,8,0,6,13,True,,21,53,0:61:6:0:C08:- 1:57:6:0:C08:- 2:53:6:0:C08:- 3:49:6:0:C08:- 4:45:6:0:C08:- 5:41:6:0:C08:- 6:37:6:0:C08:- 7:33:6:0:C08:- 8:29:6:0:C08:T 20:29:6:19:FF00:-
bahn,fern_v_dm_24,20,29,85B42,links,24,13,8,0,6,13,True,,21,53,0:61:6:0:C08:- 1:57:6:0:C08:- 2:53:6:0:C08:- 3:49:6:0:C08:- 4:45:6:0:C08:- 5:41:6:0:C08:- 6:37:6:0:C08:- 7:33:6:0:C08:- 8:29:6:0:C08:T 20:29:6:19:FF00:-
bahn,fern_v_dm_7,20,29,85B42,links,7,10,8,0,6,10,True,,21,53,0:61:6:0:C08:- 1:57:6:0:C08:- 2:53:6:0:C08:- 3:49:6:0:C08:- 4:45:6:0:C08:- 5:41:6:0:C08:- 6:37:6:0:C08:- 7:33:6:0:C08:- 8:29:6:0:C08:T 20:29:6:19:FF00:-
bahn,fern_v_dm_8,20,29,85B42,links,8,10,8,0,6,10,True,,21,53,0:61:6:0:C08:- 1:57:6:0:C08:- 2:53:6:0:C08:- 3:49:6:0:C08:- 4:45:6:0:C08:- 5:41:6:0:C08:- 6:37:6:0:C08:- 7:33:6:0:C08:- 8:29:6:0:C08:T 20:29:6:19:FF00:-
bahn,fern_v_dr_14,16,28,86022,links,14,13,21,1,-5,13,True,,35,225,20:-30:-5:0:1402:- 21:-30:-5:1:1402:T 22:-30:-5:1:1402:- 23:-30:-5:1:1402:- 24:-30:-5:1:1402:- 25:-30:-5:1:1402:- 26:-30:-5:1:1402:- 27:-30:-5:1:1402:- 28:-30:-5:1:1402:- 29:-30:-5:1:1402:-
bahn,fern_v_dr_15,16,28,86022,links,15,14,21,1,-5,14,True,,35,225,20:-30:-5:0:1402:- 21:-30:-5:1:1402:T 22:-30:-5:1:1402:- 23:-30:-5:1:1402:- 24:-30:-5:1:1402:- 25:-30:-5:1:1402:- 26:-30:-5:1:1402:- 27:-30:-5:1:1402:- 28:-30:-5:1:1402:- 29:-30:-5:1:1402:-
bahn,fern_v_dr_21,16,28,86022,links,21,14,21,1,-5,14,True,,35,225,20:-30:-5:0:1402:- 21:-30:-5:1:1402:T 22:-30:-5:1:1402:- 23:-30:-5:1:1402:- 24:-30:-5:1:1402:- 25:-30:-5:1:1402:- 26:-30:-5:1:1402:- 27:-30:-5:1:1402:- 28:-30:-5:1:1402:- 29:-30:-5:1:1402:-
bahn,fern_v_dr_22,16,28,86022,links,22,15,21,1,-5,15,True,,35,225,20:-30:-5:0:1402:- 21:-30:-5:1:1402:T 22:-30:-5:1:1402:- 23:-30:-5:1:1402:- 24:-30:-5:1:1402:- 25:-30:-5:1:1402:- 26:-30:-5:1:1402:- 27:-30:-5:1:1402:- 28:-30:-5:1:1402:- 29:-30:-5:1:1402:-
bahn,fern_v_dr_24,16,28,86022,links,24,15,21,1,-5,15,True,,35,225,20:-30:-5:0:1402:- 21:-30:-5:1:1402:T 22:-30:-5:1:1402:- 23:-30:-5:1:1402:- 24:-30:-5:1:1402:- 25:-30:-5:1:1402:- 26:-30:-5:1:1402:- 27:-30:-5:1:1402:- 28:-30:-5:1:1402:- 29:-30:-5:1:1402:-
bahn,fern_v_dr_7,16,28,86022,links,7,12,21,1,-5,12,True,,35,225,20:-30:-5:0:1402:- 21:-30:-5:1:1402:T 22:-30:-5:1:1402:- 23:-30:-5:1:1402:- 24:-30:-5:1:1402:- 25:-30:-5:1:1402:- 26:-30:-5:1:1402:- 27:-30:-5:1:1402:- 28:-30:-5:1:1402:- 29:-30:-5:1:1402:-
bahn,fern_v_dr_8,16,28,86022,links,8,13,21,1,-5,13,True,,35,225,20:-30:-5:0:1402:- 21:-30:-5:1:1402:T 22:-30:-5:1:1402:- 23:-30:-5:1:1402:- 24:-30:-5:1:1402:- 25:-30:-5:1:1402:- 26:-30:-5:1:1402:- 27:-30:-5:1:1402:- 28:-30:-5:1:1402:- 29:-30:-5:1:1402:-
tod,fern_v_e_p0,18,344,0,0,78,-19.0/-2.0,47,0,5,700,700
tod,fern_v_e_p0b,18,195,0,0,62,-20.0/2.0,44,0,5,700,700
tod,fern_v_e_p13,18,5985,0,13,62,-2.0/0.0/10.0,44,0,5,700,700
tod,fern_v_e_p15,18,2607,0,15,62,-10.0/2.0,44,0,5,700,700
tod,fern_v_e_p4,18,1002,0,4,62,-2.0/10.0,44,0,5,700,700
tod,fern_v_e_r0,13,360,4,0,61,-2.0/10.0,44,8,3,700,700
tod,fern_v_e_r1b,12,1113,4,1,61,-10.0/0.0/2.0,44,8,3,700,700
tod,fern_v_e_r6,14,3279,4,6,61,-1.25/10.0,44,8,3,700,700
erscheinen,fern_v_fe_14,14,42,3:16:WOOKY 3:17:WOOKY 45:18:DICK:w0:lp23
erscheinen,fern_v_fe_15,15,42,3:16:WOOKY 3:17:WOOKY 45:18:DICK:w0:lp23
erscheinen,fern_v_fe_16,16,42,3:16:WOOKY 3:17:WOOKY
erscheinen,fern_v_fe_17,17,42,3:16:WOOKY 3:17:WOOKY
erscheinen,fern_v_fe_18,18,42,3:16:WOOKY 3:17:WOOKY
erscheinen,fern_v_fe_19,19,42,3:16:WOOKY 3:17:WOOKY
erscheinen,fern_v_fe_20,20,42,3:16:WOOKY 3:17:WOOKY 45:18:DICK:w0:lp26
erscheinen,fern_v_fe_21,21,42,3:16:WOOKY 3:17:WOOKY 45:18:DICK:w0:lp26
erscheinen,fern_v_fe_24,24,42,3:16:WOOKY 3:17:WOOKY 45:18:DICK:w0:lp28
erscheinen,fern_v_fe_7,7,42,3:16:WOOKY 3:17:WOOKY 45:18:DICK:w0:lp19
erscheinen,fern_v_fe_8,8,42,3:16:WOOKY 3:17:WOOKY 45:18:DICK:w0:lp20
angriff_dick,fern_v_g_r12,13,rakete,551,1,,12,112,-6,13,0.0/1.125,-120/-24,-112/-20,N,0x685f8:5/0x6862a:1/0x6865c:10/0x68690:1,17:0x67806:akt0,6/45/44/13/29,27:-33:zum:13:U,22
angriff_dick,fern_v_g_r12,13,rakete,2237,1,,12,135,4,1,0.0,-128/0,-135/4,N,0x685f8:5/0x6862a:1/0x6865c:10/0x68690:1,17:0x67806:akt0,6/45/44/13/29,27:-10:weg:13:U,22
angriff_dick,fern_v_g_r12,13,rakete,2450,1,,12,128,-5,16,0.0/1.125,-120/-24,-128/-22,N,0x685f8:5/0x6862a:1/0x6865c:10/0x68690:1,17:0x67806:akt0,6/45/44/13/28,,22
angriff_dick,fern_v_g_r12,13,rakete,2761,1,,12,120,-3,1,0.0,-128/0,-120/-3,N,0x685f8:5/0x6862a:1/0x6865c:10/0x68690:1,17:0x67806:akt0,6/45/44/13/28,24:-6:zum:13:U,22
angriff_dick,fern_v_g_r12,13,rakete,3248,1,,12,120,-3,1,0.0,-128/0,-120/-3,N,0x685f8:5/0x6862a:1/0x6865c:10/0x68690:1,17:0x67806:akt0,6/45/44/13/27,24:-6:zum:13:U,22
angriff_dick,fern_v_g_r12,13,rakete,3267,1,,12,120,-3,1,0.0,-128/0,-120/-3,N,0x685f8:5/0x6862a:1/0x6865c:10/0x68690:1,17:0x67806:akt0,6/45/44/13/28,,22
angriff_dick,fern_v_g_r12,13,rakete,3557,1,,12,125,-6,12,0.0/1.125,-120/-24,-125/-19,N,0x685f8:5/0x6862a:1/0x6865c:10/0x68690:1,17:0x67806:akt0,6/45/44/13/28,25:-7:weg:13:U,22
angriff_dick,fern_v_g_r12,13,rakete,5143,1,,12,121,-3,1,0.0,-128/0,-121/-3,N,0x685f8:5/0x6862a:1/0x6865c:10/0x68690:1,17:0x67806:akt0,6/45/44/13/28,43:-6:zum:13:U,22
angriff_dick,fern_v_g_r12,13,rakete,5162,1,,12,121,-3,1,0.0,-128/0,-121/-3,N,0x685f8:5/0x6862a:1/0x6865c:10/0x68690:1,17:0x67806:akt0,6/45/44/13/27,24:-6:zum:13:U,22
angriff_dick,fern_v_g_r12,13,rakete,5956,1,,12,136,4,1,0.0,-128/0,-136/4,N,0x685f8:5/0x6862a:1/0x6865c:10/0x68690:1,17:0x67806:akt0,6/45/44/13/27,26:-2:zum:13:U,22
rhythmus_dick,fern_v_g_r12,13,4,10,10,5800,1.72,1686/213/311/487/19/290/1586/19/794
angriff_dick,fern_v_g_r12,18,pistole,2440,6,17/17/17/17/17,12,126,5,1,0.0,-128/0,-126/5,NUNUNN,0x68528:5/0x6855c:1/0x68590:10/0x685c4:1,17:0x67806:akt0,6/34/58/5/27 6/34/58/5/29,16:12:weg:5:U,22
angriff_dick,fern_v_g_r12,18,pistole,3030,4,17/17/17,12,120,-3,1,0.0,-128/0,-120/-3,NNUN,0x68528:5/0x6855c:1/0x68590:10/0x685c4:1,17:0x67806:akt0,6/34/58/5/27 6/34/58/5/28,16:6:weg:5:N/16:6:weg:5:N/16:6:weg:5:U,22
angriff_dick,fern_v_g_r12,18,pistole,4553,4,17/17/17,12,127,5,1,0.0,-128/0,-127/5,NUNU,0x68528:5/0x6855c:1/0x68590:10/0x685c4:1,17:0x67806:akt0,6/34/58/5/27 6/34/58/5/28,16:13:zum:5:N/16:13:zum:5:U,22
angriff_dick,fern_v_g_r12,18,pistole,5027,6,17/17/17/17/17,12,124,-6,13,0.0/1.125,-120/-24,-124/-19,NUNUNN,0x68528:5/0x6855c:1/0x68590:10/0x685c4:1,17:0x67806:akt0,6/34/58/5/27 6/34/58/5/28,,22
rhythmus_dick,fern_v_g_r12,18,0,4,20,5989,0.67,590/1523/474
rakete,fern_v_g_r12,13,557,29,rechts,45,44,13,20,100,145,2416,44..1,5.0,0,20..29,115,21:-33:-6:1:13:U
rakete,fern_v_g_r12,13,2243,29,rechts,45,44,13,20,100,145,2410,44..1,5.0,0,20..29,115,21:-10:4:1:13:U
rakete,fern_v_g_r12,13,2456,28,rechts,45,44,13,19,90,135,2543,44..5,5.0,0,19..28,114,
rakete,fern_v_g_r12,13,2767,28,rechts,45,44,13,17,81,126,2542,44..14,5.0,0,17..26,112,18:-6:-3:1:13:U
rakete,fern_v_g_r12,13,3254,27,rechts,45,44,13,17,81,126,2542,44..14,5.0,0,17..26,112,18:-6:-3:1:13:U
rakete,fern_v_g_r12,13,3273,28,rechts,45,44,13,17,81,126,2542,44..14,5.0,0,17..26,112,
rakete,fern_v_g_r12,13,3563,28,rechts,45,44,13,18,87,132,2543,44..10,5.0,0,18..27,113,19:-7:-6:1:13:U
rakete,fern_v_g_r12,13,5149,28,rechts,45,44,13,17,82,127,2542,44..14,5.0,0,17..26,112,37:-6:-3:1:13:U
rakete,fern_v_g_r12,13,5168,27,rechts,45,44,13,17,82,127,2542,44..14,5.0,0,17..26,112,18:-6:-3:1:13:U
rakete,fern_v_g_r12,13,5962,27,rechts,45,44,13,19,93,138,2538,44..5,5.0,0,19..28,39,20:-2:4:1:13:U
kugel_ende,fern_v_g_r12,2446,rechts,wand,2532,356
kugel_ende,fern_v_g_r12,2480,rechts,wand,2532,356
kugel_ende,fern_v_g_r12,2497,rechts,wand,2532,356
kugel_ende,fern_v_g_r12,2514,rechts,wand,2532,356
kugel_ende,fern_v_g_r12,2531,rechts,wand,2532,356
kugel_ende,fern_v_g_r12,3087,rechts,wand,2538,362
kugel_ende,fern_v_g_r12,4593,rechts,wand,2531,355
kugel_ende,fern_v_g_r12,4610,rechts,wand,2531,355
kugel_ende,fern_v_g_r12,5033,rechts,wand,2542,366
kugel_ende,fern_v_g_r12,5050,rechts,wand,2542,366
kugel_ende,fern_v_g_r12,5067,rechts,wand,2542,366
kugel_ende,fern_v_g_r12,5084,rechts,wand,2542,366
kugel_ende,fern_v_g_r12,5101,rechts,wand,2542,366
kugel_ende,fern_v_g_r12,5118,rechts,wand,2542,366
dick_gehen,fern_v_g_r12,13,1.75/0.875:1797 2.25/1.125:634 sonst:424,blick_weg:13 blick_zur_figur:993
dick_abstand,fern_v_g_r12,13,1544,100-139:61% 20-99:22% <20:6% >=140:10%
dick_annaeherung,fern_v_g_r12,13,
dick_pose,fern_v_g_r12,13,10,30/ph0:1 30/ph4:1 60/ph4:2 90/ph0:2 90/ph4:2 120/ph0:2,2,131,akt0:10
dick_pose_folge,fern_v_g_r12,13,686C4,5
dick_pose_folge,fern_v_g_r12,13,686C4-686FE-68730-68760-6878E-687B8-677CE,2
dick_pose_folge,fern_v_g_r12,13,686C4-686FE-68730-68760-6878E-687B8-686FE-68730-68760-6878E-687B8-677CE,2
dick_pose_folge,fern_v_g_r12,13,686C4-686FE-68730-68760,1
dick_gehen,fern_v_g_r12,18,1.75/0.875:1695 2.25/1.125:363 sonst:409,blick_weg:13 blick_zur_figur:841
dick_abstand,fern_v_g_r12,18,1733,100-139:58% 20-99:20% <20:19% >=140:4%
dick_annaeherung,fern_v_g_r12,18,
dick_pose,fern_v_g_r12,18,23,30/ph0:4 30/ph4:1 60/ph0:4 60/ph4:2 90/ph0:7 90/ph4:2 120/ph0:2 120/ph4:1,1,193,akt0:23
dick_pose_folge,fern_v_g_r12,18,686C4,11
dick_pose_folge,fern_v_g_r12,18,686C4-686FE-68730-68760-6878E-687B8-67760,6
dick_pose_folge,fern_v_g_r12,18,686C4-686FE-68730-68760-6878E-687B8-686FE-68730-68760-6878E-687B8-67760,4
dick_pose_folge,fern_v_g_r12,18,686C4-686FE-68730-68760-6878E-687B8-686FE-68730-68760,1
dick_pose_folge,fern_v_g_r12,18,686C4-686FE-68730-68760,1
schutz,fern_v_g_r12,zustand1:6 zustand3:7
mehrere_dick,fern_v_g_r12,2,14,1,2440/18+2450/13
erscheinen,fern_v_g_r12,12,,3:16:WOOKY 3:17:WOOKY 11:18:DICK:w0:lp22 200:13:DICK:w4:lp22 200:14:EDDY 200:15:EDDY
gegner_auf_bahn,fern_v_g_r12,explosion,DICK,10,nein
gegner_auf_bahn,fern_v_g_r12,explosion,EDDY,50,nein
gegner_auf_bahn,fern_v_g_r12,kugel,DICK,34,nein
gegner_auf_bahn,fern_v_g_r12,kugel,EDDY,77,nein
gegner_auf_bahn,fern_v_g_r12,rakete_flug,DICK,204,nein
gegner_auf_bahn,fern_v_g_r12,rakete_flug,EDDY,219,nein
angriff_dick,fern_v_g_r20,13,rakete,597,1,,20,113,5,18,-1.125/0.0,120/24,113/25,N,0x685f8:5/0x6862a:1/0x6865c:10/0x68690:1,17:0x67806:akt0,6/45/44/14/28,27:-32:weg:14:U,26
angriff_dick,fern_v_g_r20,13,rakete,843,1,,20,113,-6,15,0.0/1.125,120/-24,113/-22,N,0x685f8:5/0x6862a:1/0x6865c:10/0x68690:1,17:0x67806:akt0,6/45/44/14/28,27:-32:weg:14:U,26
angriff_dick,fern_v_g_r20,13,rakete,3047,1,,20,116,-6,12,0.0/1.125,-120/-24,-116/-19,N,0x685f8:5/0x6862a:1/0x6865c:10/0x68690:1,17:0x67806:akt0,6/45/44/14/27,23:-7:zum:14:U,26
angriff_dick,fern_v_g_r20,13,rakete,3598,1,,20,120,-2,1,0.0,-128/0,-120/-2,N,0x685f8:5/0x6862a:1/0x6865c:10/0x68690:1,17:0x67806:akt0,6/45/44/14/27,24:-5:zum:14:U,26
angriff_dick,fern_v_g_r20,13,rakete,4063,1,,20,127,5,1,0.0,-128/0,-127/5,N,0x685f8:5/0x6862a:1/0x6865c:10/0x68690:1,17:0x67806:akt0,6/45/44/14/27,24:-2:zum:14:U,26
angriff_dick,fern_v_g_r20,13,rakete,4716,1,,20,120,-3,1,0.0,-128/0,-120/-3,N,0x685f8:5/0x6862a:1/0x6865c:10/0x68690:1,17:0x67806:akt0,6/45/44/14/27,24:-6:zum:14:U,26
angriff_dick,fern_v_g_r20,13,rakete,5247,1,,20,122,-6,12,0.0/1.125,-120/-24,-122/-19,N,0x685f8:5/0x6862a:1/0x6865c:10/0x68690:1,17:0x67806:akt0,6/45/44/14/27,24:-7:zum:14:U,26
angriff_dick,fern_v_g_r20,13,rakete,5783,1,,20,126,-5,13,0.0/1.1016/1.125,-120/-24,-127/-19,N,0x685f8:5/0x6862a:1/0x6865c:10/0x68690:1,17:0x67806:akt0,6/45/44/14/27,,26
rhythmus_dick,fern_v_g_r20,13,4,8,8,5800,1.38,246/2204/551/465/653/531/536
angriff_dick,fern_v_g_r20,18,pistole,222,4,17/17/17,20,120,3,1,0.0,-128/0,-120/3,NUNU,0x68528:5/0x6855c:1/0x68590:10/0x685c4:1,17:0x67806:akt0,6/34/58/6/28 6/34/58/6/29,16:6:weg:6:N/16:6:weg:6:U,26
angriff_dick,fern_v_g_r20,18,pistole,1988,4,17/17/17,20,135,-2,1,0.0,-128/0,-135/-2,NUNU,0x68528:5/0x6855c:1/0x68590:10/0x685c4:1,17:0x67806:akt0,6/34/58/6/27 6/34/58/6/28 6/34/58/6/29,34:-123:zum:6:U/17:13:zum:6:U,26
angriff_dick,fern_v_g_r20,18,pistole,2226,4,17/17/17,20,136,0,1,0.0,-128/0,-136/0,NUNN,0x68528:5/0x6855c:1/0x68590:10/0x685c4:1,17:0x67806:akt0,6/34/58/6/27 6/34/58/6/28,17:14:zum:6:N/17:14:zum:6:U,26
angriff_dick,fern_v_g_r20,18,pistole,3343,5,17/17/17/17,20,120,-3,1,0.0,-128/0,-120/-3,NUNNU,0x68528:5/0x6855c:1/0x68590:10/0x685c4:1,17:0x67806:akt0,6/34/58/6/27 6/34/58/6/28,16:6:weg:6:N/16:6:weg:6:U,26
angriff_dick,fern_v_g_r20,18,pistole,3853,3,17/17,20,121,-2,1,0.0,-128/0,-121/-2,NUN,0x68528:5/0x6855c:1/0x68590:10/0x685c4:1,17:0x67806:akt0,6/34/58/6/27 6/34/58/6/28,16:7:weg:6:N/16:7:weg:6:U,26
angriff_dick,fern_v_g_r20,18,pistole,4502,5,17/17/17/17,20,128,-6,14,0.0/1.125,-120/-24,-128/-21,NUNUN,0x68528:5/0x6855c:1/0x68590:10/0x685c4:1,17:0x67806:akt0,6/34/58/6/27 6/34/58/6/28,16:14:zum:6:N/16:14:zum:6:U,26
angriff_dick,fern_v_g_r20,18,pistole,4917,8,17/17/17/17/17/17/17,20,121,-2,1,0.0,-128/0,-121/-2,NUNUNUNU,0x68528:5/0x6855c:1/0x68590:10/0x685c4:1,17:0x67806:akt0,6/34/58/6/27 6/34/58/6/28,16:7:weg:6:U,26
angriff_dick,fern_v_g_r20,18,pistole,5184,2,17,20,125,5,13,-1.125/0.0,-120/24,-125/18,NN,0x68528:5/0x6855c:1/0x68590:10/0x685c4:1,17:0x67806:akt0,6/34/58/6/27 6/34/58/6/28,15:19:zum:6:N/15:19:zum:6:N,26
rhythmus_dick,fern_v_g_r20,18,0,8,35,5989,1.34,1766/238/1117/510/649/415/267
rakete,fern_v_g_r20,13,603,28,links,45,44,14,20,100,145,2351,44..1,-5.0,0,20..29,115,21:-32:5:1:14:U
rakete,fern_v_g_r20,13,849,28,links,45,44,14,20,100,145,2216,44..1,-5.0,0,20..29,115,21:-32:-6:1:14:U
rakete,fern_v_g_r20,13,3053,27,rechts,45,44,14,16,78,123,2543,44..17,5.0,0,16..25,111,17:-7:-6:1:14:U
rakete,fern_v_g_r20,13,3604,27,rechts,45,44,14,17,80,125,2541,44..14,5.0,0,17..26,112,18:-5:-2:1:14:U
rakete,fern_v_g_r20,13,4069,27,rechts,45,44,14,17,84,129,2538,44..14,5.0,0,17..26,112,18:-2:5:1:14:U
rakete,fern_v_g_r20,13,4722,27,rechts,45,44,14,17,81,126,2542,44..14,5.0,0,17..26,112,18:-6:-3:1:14:U
rakete,fern_v_g_r20,13,5253,27,rechts,45,44,14,17,84,129,2543,44..14,5.0,0,17..26,112,18:-7:-6:1:14:U
rakete,fern_v_g_r20,13,5789,27,rechts,45,44,14,18,88,133,2543,44..10,5.0,0,18..27,113,
kugel_ende,fern_v_g_r20,262,rechts,wand,2538,410
kugel_ende,fern_v_g_r20,279,rechts,wand,2538,410
kugel_ende,fern_v_g_r20,2028,rechts,bild,2538,452
kugel_ende,fern_v_g_r20,2045,rechts,bild,2538,452
kugel_ende,fern_v_g_r20,2266,rechts,wand,2536,360
kugel_ende,fern_v_g_r20,2283,rechts,wand,2536,360
kugel_ende,fern_v_g_r20,3383,rechts,wand,2538,362
kugel_ende,fern_v_g_r20,3400,rechts,wand,2538,362
kugel_ende,fern_v_g_r20,3417,rechts,wand,2538,362
kugel_ende,fern_v_g_r20,3893,rechts,wand,2537,361
kugel_ende,fern_v_g_r20,4542,rechts,wand,2538,362
kugel_ende,fern_v_g_r20,4559,rechts,wand,2538,362
kugel_ende,fern_v_g_r20,4576,rechts,wand,2538,362
kugel_ende,fern_v_g_r20,4923,rechts,wand,2537,361
kugel_ende,fern_v_g_r20,4957,rechts,wand,2537,361
kugel_ende,fern_v_g_r20,4974,rechts,wand,2537,361
kugel_ende,fern_v_g_r20,4991,rechts,wand,2537,361
kugel_ende,fern_v_g_r20,5008,rechts,wand,2537,361
kugel_ende,fern_v_g_r20,5025,rechts,wand,2537,361
kugel_ende,fern_v_g_r20,5042,rechts,wand,2537,361
dick_gehen,fern_v_g_r20,13,1.75/0.875:1664 2.25/1.125:808 sonst:288,blick_weg:10 blick_zur_figur:983
dick_abstand,fern_v_g_r20,13,1590,100-139:42% 20-99:33% <20:16% >=140:9%
dick_annaeherung,fern_v_g_r20,13,
dick_pose,fern_v_g_r20,13,19,30/ph0:3 30/ph4:2 60/ph4:3 90/ph0:3 90/ph4:4 120/ph0:1 120/ph4:3,1,211,akt0:19
dick_pose_folge,fern_v_g_r20,13,686C4,9
dick_pose_folge,fern_v_g_r20,13,686C4-686FE-68730-68760-6878E-687B8-686FE-68730-68760-6878E-687B8-677CE,4
dick_pose_folge,fern_v_g_r20,13,686C4-686FE-68730-68760-6878E-687B8-677CE,3
dick_pose_folge,fern_v_g_r20,13,686C4-686FE-68730-68760,2
dick_pose_folge,fern_v_g_r20,13,686C4-686FE-68730-68760-6878E-687B8-686FE-68730-68760,1
dick_gehen,fern_v_g_r20,18,1.75/0.875:1698 2.25/1.125:470 sonst:345,blick_weg:12 blick_zur_figur:847
dick_abstand,fern_v_g_r20,18,1779,100-139:54% 20-99:29% <20:10% >=140:7%
dick_annaeherung,fern_v_g_r20,18,
dick_pose,fern_v_g_r20,18,14,30/ph4:1 60/ph0:2 60/ph4:5 90/ph0:3 90/ph4:3,2,229,akt0:14
dick_pose_folge,fern_v_g_r20,18,686C4-686FE-68730-68760-6878E-687B8-686FE-68730-68760,4
dick_pose_folge,fern_v_g_r20,18,686C4,4
dick_pose_folge,fern_v_g_r20,18,686C4-686FE-68730-68760-6878E-687B8-67760,4
dick_pose_folge,fern_v_g_r20,18,686C4-686FE-68730-68760,1
dick_pose_folge,fern_v_g_r20,18,686C4-686FE-68730-68760-6878E-687B8-686FE-68730-68760-6878E-687B8-67760,1
schutz,fern_v_g_r20,zustand1:14 zustand3:7
mehrere_dick,fern_v_g_r20,2,16,0,
erscheinen,fern_v_g_r20,20,,3:16:WOOKY 3:17:WOOKY 11:18:DICK:w0:lp26 200:13:DICK:w4:lp26 200:14:EDDY 200:15:EDDY
gegner_auf_bahn,fern_v_g_r20,explosion,DICK,7,nein
gegner_auf_bahn,fern_v_g_r20,explosion,EDDY,30,nein
gegner_auf_bahn,fern_v_g_r20,kugel,DICK,21,nein
gegner_auf_bahn,fern_v_g_r20,kugel,EDDY,117,nein
gegner_auf_bahn,fern_v_g_r20,rakete_flug,DICK,11,nein
gegner_auf_bahn,fern_v_g_r20,rakete_flug,EDDY,220,nein
angriff_dick,fern_v_p_mov,18,pistole,473,2,17,20,120,-5,1,0.0,-128/0,-120/-5,NN,0x68528:5/0x6855c:1/0x68590:10/0x685c4:1,17:0x67806:akt0,6/34/58/6/28 6/34/58/6/29,16:6:weg:6:N/16:6:weg:6:N,26
angriff_dick,fern_v_p_mov,18,pistole,1237,5,17/17/17/17,20,105,0,38,-1.125/-1.1016/-1.0352/-0.9336/-0.793/-0.6211/-0.4258/-0.2188/0.0,120/24,113/22,NNUNN,0x68528:5/0x6855c:1/0x68590:10/0x685c4:1,17:0x67806:akt0,6/34/58/6/28 6/34/58/6/29,11:12:zum:6:N/10:20:zum:6:N/10:20:zum:6:U,26
angriff_dick,fern_v_p_mov,18,pistole,1757,3,17/17,20,128,-5,16,0.0/1.125,120/-24,128/-22,NUN,0x68528:5/0x6855c:1/0x68590:10/0x685c4:1,17:0x67806:akt0,6/34/58/6/28 6/34/58/6/29,17:6:weg:6:N/17:6:weg:6:U,26
angriff_dick,fern_v_p_mov,18,pistole,2306,5,17/17/17/17,20,112,-6,13,0.0/1.125,-120/-24,-112/-20,NNUNU,0x68528:5/0x6855c:1/0x68590:10/0x685c4:1,17:0x67806:akt0,6/34/58/6/28 6/34/58/6/29,15:6:weg:6:N/15:6:weg:6:N/15:6:weg:6:U,26
angriff_dick,fern_v_p_mov,18,pistole,3084,4,17/17/17,20,122,-5,1,0.0,-128/0,-122/-5,NUNN,0x68528:5/0x6855c:1/0x68590:10/0x685c4:1,17:0x67806:akt0,6/34/58/6/28 6/34/58/6/29,16:8:weg:6:N/16:8:weg:6:U,26
angriff_dick,fern_v_p_mov,18,pistole,3456,4,17/17/17,20,127,5,1,0.0,-128/0,-127/5,NUNU,0x68528:5/0x6855c:1/0x68590:10/0x685c4:1,17:0x67806:akt0,6/34/58/6/28 6/34/58/6/29,16:13:zum:6:N/16:13:zum:6:U,26
angriff_dick,fern_v_p_mov,18,pistole,3805,5,17/17/17/17,20,128,5,15,-1.125/0.0,-120/24,-128/21,NNUNU,0x68528:5/0x6855c:1/0x68590:10/0x685c4:1,17:0x67806:akt0,6/34/58/6/28 6/34/58/6/29,17:6:weg:6:N/17:6:weg:6:N/17:6:weg:6:U,26
angriff_dick,fern_v_p_mov,18,pistole,4124,4,17/17/17,20,112,-6,15,0.0/1.125,-120/-24,-112/-22,NUNU,0x68528:5/0x6855c:1/0x68590:10/0x685c4:1,17:0x67806:akt0,6/34/58/6/28 6/34/58/6/29,14:14:zum:6:N/14:14:zum:6:U,26
angriff_dick,fern_v_p_mov,18,pistole,4865,4,17/17/17,20,105,-2,25,0.0/0.4258/0.6211/0.793/0.9336/1.0352/1.1016/1.125,-120/-24,-113/-22,NUNU,0x68528:5/0x6855c:1/0x68590:10/0x685c4:1,17:0x67806:akt0,6/34/58/6/28 6/34/58/6/29,13:15:zum:6:N/13:15:zum:6:U,26
angriff_dick,fern_v_p_mov,18,pistole,5422,5,17/17/17/17,20,128,-6,1,0.0,-128/0,-128/-6,NUNUN,0x68528:5/0x6855c:1/0x68590:10/0x685c4:1,17:0x67806:akt0,6/34/58/6/28 6/34/58/6/29,17:6:weg:6:N/17:6:weg:6:U,26
angriff_dick,fern_v_p_mov,18,pistole,6262,3,17/17,20,128,-6,14,0.0/1.125,-120/-24,-128/-20,NUN,0x68528:5/0x6855c:1/0x68590:10/0x685c4:1,17:0x67806:akt0,6/34/58/6/28 6/34/58/6/29,17:6:weg:6:N/17:6:weg:6:U,26
angriff_dick,fern_v_p_mov,18,pistole,6676,5,17/17/17/17,20,130,-6,1,0.0,-128/0,-130/-6,NNUNU,0x68528:5/0x6855c:1/0x68590:10/0x685c4:1,17:0x67806:akt0,6/34/58/6/28 6/34/58/6/29,16:16:zum:6:N/16:16:zum:6:N/16:16:zum:6:U,26
angriff_dick,fern_v_p_mov,18,pistole,6894,4,17/17/17,20,128,-6,14,0.0/1.125,-120/-24,-128/-21,NNUN,0x68528:5/0x6855c:1/0x68590:10/0x685c4:1,17:0x67806:akt0,6/34/58/6/28 6/34/58/6/29,17:6:weg:6:N/17:6:weg:6:N/17:6:weg:6:U,26
angriff_dick,fern_v_p_mov,18,pistole,7758,2,17,20,120,-3,1,0.0,-128/0,-120/-3,NN,0x68528:5/0x6855c:1/0x68590:10/0x685c4:1,17:0x67806:akt0,6/34/58/6/28 6/34/58/6/29,16:6:weg:6:N/16:6:weg:6:N,26
rhythmus_dick,fern_v_p_mov,18,0,14,55,7955,1.76,764/520/549/778/372/349/319/741/557/840/414/218/864
kugel_ende,fern_v_p_mov,1294,links,bild,1997,-68
kugel_ende,fern_v_p_mov,1311,links,bild,1997,-68
kugel_ende,fern_v_p_mov,1797,links,bild,1981,-67
kugel_ende,fern_v_p_mov,2363,rechts,bild,2508,451
kugel_ende,fern_v_p_mov,2380,rechts,bild,2508,451
kugel_ende,fern_v_p_mov,3124,rechts,wand,2539,363
kugel_ende,fern_v_p_mov,3141,rechts,wand,2539,363
kugel_ende,fern_v_p_mov,3496,rechts,wand,2535,359
kugel_ende,fern_v_p_mov,3513,rechts,wand,2535,359
kugel_ende,fern_v_p_mov,3862,rechts,wand,2538,362
kugel_ende,fern_v_p_mov,3879,rechts,wand,2538,362
kugel_ende,fern_v_p_mov,4164,rechts,wand,2543,367
kugel_ende,fern_v_p_mov,4181,rechts,wand,2543,367
kugel_ende,fern_v_p_mov,4905,rechts,wand,2534,358
kugel_ende,fern_v_p_mov,4922,rechts,wand,2534,358
kugel_ende,fern_v_p_mov,5462,rechts,wand,2538,362
kugel_ende,fern_v_p_mov,5479,rechts,wand,2538,362
kugel_ende,fern_v_p_mov,5496,rechts,wand,2538,362
kugel_ende,fern_v_p_mov,6302,rechts,wand,2538,362
kugel_ende,fern_v_p_mov,6733,rechts,wand,2540,364
kugel_ende,fern_v_p_mov,6750,rechts,wand,2540,364
kugel_ende,fern_v_p_mov,6951,rechts,wand,2538,362
dick_gehen,fern_v_p_mov,18,1.75/0.875:2536 2.25/1.125:133 sonst:273,blick_weg:14 blick_zur_figur:925
dick_abstand,fern_v_p_mov,18,5431,100-139:28% 20-99:37% <20:29% >=140:6%
dick_annaeherung,fern_v_p_mov,18,steht:101 zurueck:145
dick_pose,fern_v_p_mov,18,43,14/ph4:1 30/ph4:2 40/ph4:1 58/ph0:1 60/ph0:9 60/ph4:11 90/ph0:4 90/ph4:8 119/ph4:1 120/ph0:2 120/ph4:3,0,209,akt0:39 akt8:4
dick_pose_folge,fern_v_p_mov,18,686C4,17
dick_pose_folge,fern_v_p_mov,18,686C4-686FE-68730-68760-6878E-687B8-67760,12
dick_pose_folge,fern_v_p_mov,18,686C4-686FE-68730-68760-6878E-687B8-686FE-68730-68760-6878E-687B8-67760,4
dick_pose_folge,fern_v_p_mov,18,68260,4
dick_pose_folge,fern_v_p_mov,18,686C4-686FE-68730-68760-6878E-687B8-686FE-68730-68760,3
dick_pose_folge,fern_v_p_mov,18,686C4-686FE-68730-68760,2
schutz,fern_v_p_mov,zustand1:14 zustand3:19
mehrere_dick,fern_v_p_mov,1,14,0,
erscheinen,fern_v_p_mov,20,42,3:16:WOOKY 3:17:WOOKY 45:18:DICK:w0:lp26
angriff_dick,fern_v_p_r12,18,pistole,719,4,17/17/17,12,123,5,12,-1.125/0.0,120/24,123/18,NUNU,0x68528:5/0x6855c:1/0x68590:10/0x685c4:1,17:0x67806:akt0,6/34/58/5/28 6/34/58/5/29,16:9:weg:5:N/16:9:weg:5:U,22
angriff_dick,fern_v_p_r12,18,pistole,4809,4,17/17/17,12,124,-6,1,0.0,128/0,124/-6,NNUN,0x68528:5/0x6855c:1/0x68590:10/0x685c4:1,17:0x67806:akt0,6/34/58/5/28 6/34/58/5/29,15:18:zum:5:N/15:18:zum:5:N/15:18:zum:5:U,22
angriff_dick,fern_v_p_r12,18,pistole,5332,5,17/17/17/17,12,113,5,16,-1.125/0.0,120/24,113/22,NUNUN,0x68528:5/0x6855c:1/0x68590:10/0x685c4:1,17:0x67806:akt0,6/34/58/5/28 6/34/58/5/29,14:15:zum:5:N/14:15:zum:5:U,22
rhythmus_dick,fern_v_p_r12,18,0,3,13,7955,0.38,4090/523
kugel_ende,fern_v_p_r12,759,links,bild,1982,-66
kugel_ende,fern_v_p_r12,776,links,bild,1982,-66
kugel_ende,fern_v_p_r12,4866,links,bild,1984,-64
kugel_ende,fern_v_p_r12,5372,links,bild,1983,-65
kugel_ende,fern_v_p_r12,5389,links,bild,1983,-65
kugel_ende,fern_v_p_r12,5406,links,bild,1983,-65
dick_gehen,fern_v_p_r12,18,1.75/0.875:802 2.25/1.125:3217 sonst:77,blick_weg:11 blick_zur_figur:1809
dick_abstand,fern_v_p_r12,18,7385,100-139:34% 20-99:48% <20:15% >=140:2%
dick_annaeherung,fern_v_p_r12,18,
dick_pose,fern_v_p_r12,18,32,30/ph0:1 30/ph4:5 60/ph0:2 60/ph4:9 90/ph0:1 90/ph4:13 120/ph4:1,1,200,akt0:32
dick_pose_folge,fern_v_p_r12,18,686C4,16
dick_pose_folge,fern_v_p_r12,18,686C4-686FE-68730-68760-6878E-687B8-67760,6
dick_pose_folge,fern_v_p_r12,18,686C4-686FE-68730-68760-6878E-687B8-686FE-68730-68760,5
dick_pose_folge,fern_v_p_r12,18,686C4-686FE-68730-68760,3
dick_pose_folge,fern_v_p_r12,18,686C4-686FE-68730-68760-6878E-687B8-686FE-68730-68760-6878E-687B8-67760,2
schutz,fern_v_p_r12,zustand1:3 zustand3:4
mehrere_dick,fern_v_p_r12,1,3,0,
erscheinen,fern_v_p_r12,12,42,3:16:WOOKY 3:17:WOOKY 45:18:DICK:w0:lp22
angriff_dick,fern_v_p_r22,18,pistole,925,4,17/17/17,22,127,-6,1,0.0,-128/0,-127/-6,NNUN,0x68528:5/0x6855c:1/0x68590:10/0x685c4:1,17:0x67806:akt0,6/34/58/7/28 6/34/58/7/29,16:13:zum:7:N/16:13:zum:7:N/16:13:zum:7:U,27
angriff_dick,fern_v_p_r22,18,pistole,1270,4,17/17/17,22,121,-3,1,0.0,-128/0,-121/-3,NUNN,0x68528:5/0x6855c:1/0x68590:10/0x685c4:1,17:0x67806:akt0,6/34/58/7/28 6/34/58/7/29,15:15:zum:7:N/15:15:zum:7:U,27
angriff_dick,fern_v_p_r22,18,pistole,1659,3,17/17,22,121,-1,1,0.0,-128/0,-121/-1,NUN,0x68528:5/0x6855c:1/0x68590:10/0x685c4:1,17:0x67806:akt0,6/34/58/7/28 6/34/58/7/29,15:15:zum:7:N/15:15:zum:7:U,27
angriff_dick,fern_v_p_r22,18,pistole,2378,4,17/17/17,22,120,-3,1,0.0,-128/0,-120/-3,NUNN,0x68528:5/0x6855c:1/0x68590:10/0x685c4:1,17:0x67806:akt0,6/34/58/7/28 6/34/58/7/29,15:14:zum:7:N/15:14:zum:7:U,27
angriff_dick,fern_v_p_r22,18,pistole,2805,4,17/17/17,22,128,-6,15,0.0/1.125,-120/-24,-128/-21,NUNU,0x68528:5/0x6855c:1/0x68590:10/0x685c4:1,17:0x67806:akt0,6/34/58/7/28 6/34/58/7/29,16:14:zum:7:N/16:14:zum:7:U,27
angriff_dick,fern_v_p_r22,18,pistole,3595,5,17/17/17/17,22,121,-3,1,0.0,-128/0,-121/-3,NUNUN,0x68528:5/0x6855c:1/0x68590:10/0x685c4:1,17:0x67806:akt0,6/34/58/7/28 6/34/58/7/29,15:15:zum:7:N/15:15:zum:7:U,27
angriff_dick,fern_v_p_r22,18,pistole,4240,3,17/17,22,120,-2,1,0.0,-128/0,-120/-2,NUN,0x68528:5/0x6855c:1/0x68590:10/0x685c4:1,17:0x67806:akt0,6/34/58/7/28 6/34/58/7/29,15:14:zum:7:N/15:14:zum:7:U,27
angriff_dick,fern_v_p_r22,18,pistole,4686,4,17/17/17,22,120,-2,1,0.0,-128/0,-120/-2,NUNU,0x68528:5/0x6855c:1/0x68590:10/0x685c4:1,17:0x67806:akt0,6/34/58/7/28 6/34/58/7/29,15:14:zum:7:N/15:14:zum:7:U,27
angriff_dick,fern_v_p_r22,18,pistole,5210,5,17/17/17/17,22,122,-6,13,0.0/1.125,-120/-24,-122/-19,NUNUN,0x68528:5/0x6855c:1/0x68590:10/0x685c4:1,17:0x67806:akt0,6/34/58/7/28 6/34/58/7/29,15:16:zum:7:N/15:16:zum:7:U,27
angriff_dick,fern_v_p_r22,18,pistole,5469,3,17/17,22,136,4,1,0.0,-128/0,-136/4,NUN,0x68528:5/0x6855c:1/0x68590:10/0x685c4:1,17:0x67806:akt0,6/34/58/7/28 6/34/58/7/29,17:14:zum:7:N/17:14:zum:7:U,27
angriff_dick,fern_v_p_r22,18,pistole,6147,5,17/17/17/17,22,120,-3,1,0.0,-128/0,-120/-3,NNUNU,0x68528:5/0x6855c:1/0x68590:10/0x685c4:1,17:0x67806:akt0,6/34/58/7/28 6/34/58/7/29,15:14:zum:7:N/15:14:zum:7:N/15:14:zum:7:U,27
angriff_dick,fern_v_p_r22,18,pistole,6405,6,17/17/17/17/17,22,128,-5,15,0.0/1.125,-120/-24,-128/-21,NUNUNU,0x68528:5/0x6855c:1/0x68590:10/0x685c4:1,17:0x67806:akt0,6/34/58/7/28 6/34/58/7/29,16:14:zum:7:N/16:14:zum:7:U,27
angriff_dick,fern_v_p_r22,18,pistole,6694,5,17/17/17/17,22,112,-6,13,0.0/1.125,-120/-24,-112/-19,NUNUN,0x68528:5/0x6855c:1/0x68590:10/0x685c4:1,17:0x67806:akt0,6/34/58/7/28 6/34/58/7/29,14:14:zum:7:N/14:14:zum:7:U,27
angriff_dick,fern_v_p_r22,18,pistole,7905,4,17/17/17,22,124,5,13,-1.125/0.0,-120/24,-124/18,NNUN,0x68528:5/0x6855c:1/0x68590:10/0x685c4:1,17:0x67806:akt0,6/34/58/7/28 6/34/58/7/29,15:18:zum:7:N/15:18:zum:7:N/15:18:zum:7:U,27
rhythmus_dick,fern_v_p_r22,18,0,14,59,7955,1.76,345/389/719/427/790/645/446/524/259/678/258/289/1211
kugel_ende,fern_v_p_r22,982,rechts,wand,2536,412
kugel_ende,fern_v_p_r22,1310,rechts,wand,2541,365
kugel_ende,fern_v_p_r22,1327,rechts,wand,2541,365
kugel_ende,fern_v_p_r22,1699,rechts,wand,2540,364
kugel_ende,fern_v_p_r22,2418,rechts,wand,2538,362
kugel_ende,fern_v_p_r22,2435,rechts,wand,2538,362
kugel_ende,fern_v_p_r22,2845,rechts,wand,2538,362
kugel_ende,fern_v_p_r22,2862,rechts,wand,2538,362
kugel_ende,fern_v_p_r22,3635,rechts,wand,2537,361
kugel_ende,fern_v_p_r22,3652,rechts,wand,2537,361
kugel_ende,fern_v_p_r22,3669,rechts,wand,2537,361
kugel_ende,fern_v_p_r22,4280,rechts,wand,2538,362
kugel_ende,fern_v_p_r22,4726,rechts,wand,2538,362
kugel_ende,fern_v_p_r22,4743,rechts,wand,2538,362
kugel_ende,fern_v_p_r22,5250,rechts,wand,2536,360
kugel_ende,fern_v_p_r22,5267,rechts,wand,2536,360
kugel_ende,fern_v_p_r22,5284,rechts,wand,2536,360
kugel_ende,fern_v_p_r22,5509,rechts,wand,2538,362
kugel_ende,fern_v_p_r22,6204,rechts,wand,2538,362
kugel_ende,fern_v_p_r22,6221,rechts,wand,2538,362
kugel_ende,fern_v_p_r22,6445,rechts,wand,2538,362
kugel_ende,fern_v_p_r22,6462,rechts,wand,2538,362
kugel_ende,fern_v_p_r22,6479,rechts,wand,2538,362
kugel_ende,fern_v_p_r22,6496,rechts,wand,2538,362
kugel_ende,fern_v_p_r22,6734,rechts,wand,2538,362
kugel_ende,fern_v_p_r22,6751,rechts,wand,2538,362
kugel_ende,fern_v_p_r22,6768,rechts,wand,2538,362
kugel_ende,fern_v_p_r22,7962,rechts,wand,2534,358
dick_gehen,fern_v_p_r22,18,1.75/0.875:2310 2.25/1.125:328 sonst:722,blick_weg:17 blick_zur_figur:1114
dick_abstand,fern_v_p_r22,18,5546,100-139:30% 20-99:31% <20:35% >=140:5%
dick_annaeherung,fern_v_p_r22,18,
dick_pose,fern_v_p_r22,18,28,30/ph0:1 30/ph4:1 60/ph0:6 60/ph4:5 90/ph0:5 90/ph4:7 120/ph4:3,0,223,akt0:28
dick_pose_folge,fern_v_p_r22,18,686C4,13
dick_pose_folge,fern_v_p_r22,18,686C4-686FE-68730-68760-6878E-687B8-67760,8
dick_pose_folge,fern_v_p_r22,18,686C4-686FE-68730-68760-6878E-687B8-686FE-68730-68760,4
dick_pose_folge,fern_v_p_r22,18,686C4-686FE-68730-68760-6878E-687B8-686FE-68730-68760-6878E-687B8-67760,3
schutz,fern_v_p_r22,zustand1:14 zustand3:17
mehrere_dick,fern_v_p_r22,1,14,0,
erscheinen,fern_v_p_r22,22,42,3:16:WOOKY 3:17:WOOKY 45:18:DICK:w0:lp27
angriff_dick,fern_v_r_r17,11,rakete,448,1,,17,122,5,12,-1.125/0.0,-120/24,-122/18,N,0x685f8:5/0x6862a:1/0x6865c:10/0x68690:1,17:0x67806:akt0,6/45/44/14/29,27:-23:weg:14:U,24
angriff_dick,fern_v_r_r17,11,rakete,1588,1,,17,120,-6,13,0.0/1.125,-120/-24,-120/-19,N,0x685f8:5/0x6862a:1/0x6865c:10/0x68690:1,17:0x67806:akt0,6/45/44/14/28,,24
angriff_dick,fern_v_r_r17,11,rakete,1857,1,,17,125,-6,13,0.0/1.125,120/-24,125/-19,N,0x685f8:5/0x6862a:1/0x6865c:10/0x68690:1,17:0x67806:akt0,6/45/44/14/28,27:-20:weg:14:U,24
angriff_dick,fern_v_r_r17,11,rakete,3013,1,,17,121,-3,1,0.0,-128/0,-121/-3,N,0x685f8:5/0x6862a:1/0x6865c:10/0x68690:1,17:0x67806:akt0,6/45/44/14/29,,24
angriff_dick,fern_v_r_r17,11,rakete,3577,1,,17,112,5,17,-1.125/0.0,120/24,112/23,N,0x685f8:5/0x6862a:1/0x6865c:10/0x68690:1,17:0x67806:akt0,6/45/44/14/29,27:-33:zum:14:U,24
angriff_dick,fern_v_r_r17,11,rakete,3800,1,,17,135,5,1,0.0,128/0,135/5,N,0x685f8:5/0x6862a:1/0x6865c:10/0x68690:1,17:0x67806:akt0,6/45/44/14/29,27:-10:weg:14:U,24
angriff_dick,fern_v_r_r17,11,rakete,4007,1,,17,126,5,1,0.0,128/0,126/5,N,0x685f8:5/0x6862a:1/0x6865c:10/0x68690:1,17:0x67806:akt0,6/45/44/14/29,27:-19:weg:14:U,24
angriff_dick,fern_v_r_r17,11,rakete,4735,1,,17,128,-6,15,0.0/1.125,120/-24,128/-22,N,0x685f8:5/0x6862a:1/0x6865c:10/0x68690:1,17:0x67806:akt0,6/45/44/14/29,27:-17:weg:14:U,24
angriff_dick,fern_v_r_r17,11,rakete,5402,1,,17,113,-6,15,0.0/1.125,120/-24,113/-22,N,0x685f8:5/0x6862a:1/0x6865c:10/0x68690:1,17:0x67806:akt0,6/45/44/14/29,27:-32:zum:14:U,24
angriff_dick,fern_v_r_r17,11,rakete,6660,1,,17,121,3,1,0.0,-128/0,-121/3,N,0x685f8:5/0x6862a:1/0x6865c:10/0x68690:1,17:0x67806:akt0,6/45/44/14/29,27:-24:zum:14:U,24
angriff_dick,fern_v_r_r17,11,rakete,7143,1,,17,112,-6,14,0.0/1.125,-120/-24,-112/-20,N,0x685f8:5/0x6862a:1/0x6865c:10/0x68690:1,17:0x67806:akt0,6/45/44/14/28,27:-33:weg:14:U,24
angriff_dick,fern_v_r_r17,11,rakete,7874,1,,17,127,5,14,-1.125/0.0,-120/24,-127/20,N,0x685f8:5/0x6862a:1/0x6865c:10/0x68690:1,17:0x67806:akt0,6/45/44/14/28,24:-2:zum:14:U,24
rhythmus_dick,fern_v_r_r17,11,4,12,12,7760,1.55,1140/269/1156/564/223/207/728/667/1258/483/731
angriff_dick,fern_v_r_r17,14,rakete,969,1,,17,128,-6,15,0.0/1.125,-120/-24,-128/-22,N,0x685f8:5/0x6862a:1/0x6865c:10/0x68690:1,17:0x67806:akt0,6/45/44/14/29,27:-17:zum:14:U,24
angriff_dick,fern_v_r_r17,14,rakete,1258,1,,17,128,5,15,-1.125/0.0,-120/24,-128/21,N,0x685f8:5/0x6862a:1/0x6865c:10/0x68690:1,17:0x67806:akt0,6/45/44/14/29,,24
angriff_dick,fern_v_r_r17,14,rakete,1567,1,,17,130,5,1,0.0,128/0,130/5,N,0x685f8:5/0x6862a:1/0x6865c:10/0x68690:1,17:0x67806:akt0,6/45/44/14/29,27:-15:zum:14:U,24
angriff_dick,fern_v_r_r17,14,rakete,2418,1,,17,130,5,1,0.0,128/0,130/5,N,0x685f8:5/0x6862a:1/0x6865c:10/0x68690:1,17:0x67806:akt0,6/45/44/14/28,27:-15:zum:14:U,24
angriff_dick,fern_v_r_r17,14,rakete,2711,1,,17,113,5,17,-1.125/0.0,120/24,113/23,N,0x685f8:5/0x6862a:1/0x6865c:10/0x68690:1,17:0x67806:akt0,6/45/44/14/28,,24
angriff_dick,fern_v_r_r17,14,rakete,2987,1,,17,112,5,16,-1.125/0.0,120/24,112/22,N,0x685f8:5/0x6862a:1/0x6865c:10/0x68690:1,17:0x67806:akt0,6/45/44/14/28,27:-33:weg:14:U,24
angriff_dick,fern_v_r_r17,14,rakete,4495,1,,17,120,-2,1,0.0,128/0,120/-2,N,0x685f8:5/0x6862a:1/0x6865c:10/0x68690:1,17:0x67806:akt0,6/45/44/14/29,29:-25:weg:14:U,24
angriff_dick,fern_v_r_r17,14,rakete,6681,1,,17,118,-6,13,0.0/1.125,120/-24,118/-20,N,0x685f8:5/0x6862a:1/0x6865c:10/0x68690:1,17:0x67806:akt0,6/45/44/14/28,,24
rhythmus_dick,fern_v_r_r17,14,4,8,8,7800,1.03,289/309/851/293/276/1508/2186
rakete,fern_v_r_r17,11,454,29,rechts,45,44,14,20,100,145,2271,44..1,5.0,0,20..29,115,21:-23:5:1:14:U
rakete,fern_v_r_r17,14,975,29,rechts,45,44,14,20,100,145,2536,44..1,5.0,0,20..29,115,21:-17:-6:1:14:U
rakete,fern_v_r_r17,14,1264,29,rechts,45,44,14,18,85,130,2538,44..10,5.0,0,18..27,113,
rakete,fern_v_r_r17,14,1573,29,links,45,44,14,20,100,145,2385,44..2,-5.0,0,20..29,115,21:-15:5:1:14:U
rakete,fern_v_r_r17,11,1594,28,rechts,45,44,14,20,100,145,2425,44..1,5.0,0,20..29,115,
rakete,fern_v_r_r17,11,1863,28,links,45,44,14,20,100,145,2245,44..1,-5.0,0,20..29,115,21:-20:-6:1:14:U
rakete,fern_v_r_r17,14,2424,28,links,45,44,14,20,100,145,2057,44..1,-5.0,0,20..29,115,21:-15:5:1:14:U
rakete,fern_v_r_r17,14,2717,28,links,45,44,14,20,100,145,2040,44..1,-5.0,0,20..29,115,
rakete,fern_v_r_r17,14,2993,28,links,45,44,14,20,100,145,2174,44..1,-5.0,0,20..29,115,21:-33:5:1:14:U
rakete,fern_v_r_r17,11,3019,29,rechts,45,44,14,20,100,145,2231,44..1,5.0,0,20..29,115,
rakete,fern_v_r_r17,11,3583,29,links,45,44,14,20,100,145,2039,44..2,-5.0,0,20..29,115,21:-33:5:1:14:U
rakete,fern_v_r_r17,11,3806,29,links,45,44,14,20,100,145,2062,44..1,-5.0,0,20..29,115,21:-10:5:1:14:U
rakete,fern_v_r_r17,11,4013,29,links,45,44,14,20,100,145,2053,44..2,-5.0,0,20..29,115,21:-19:5:1:14:U
rakete,fern_v_r_r17,14,4501,29,links,45,44,14,20,100,145,2182,44..1,-5.0,0,20..29,115,23:-25:-2:1:14:U
rakete,fern_v_r_r17,11,4741,29,links,45,44,14,20,100,145,2055,44..2,-5.0,0,20..29,115,21:-17:-6:1:14:U
rakete,fern_v_r_r17,11,5408,29,links,45,44,14,20,100,145,2040,44..1,-5.0,0,20..29,115,21:-32:-6:1:14:U
rakete,fern_v_r_r17,11,6666,29,rechts,45,44,14,20,100,145,2231,44..2,5.0,0,20..29,115,21:-24:3:1:14:U
rakete,fern_v_r_r17,14,6687,28,links,45,44,14,20,100,145,2180,44..1,-5.0,0,20..29,115,
rakete,fern_v_r_r17,11,7149,28,rechts,45,44,14,20,100,145,2375,44..1,5.0,0,20..29,115,21:-33:-6:1:14:U
rakete,fern_v_r_r17,11,7880,28,rechts,45,44,14,17,84,129,2538,44..14,5.0,0,17..26,112,18:-2:5:1:14:U
dick_gehen,fern_v_r_r17,11,1.75/0.875:2050 2.25/1.125:1715 sonst:73,blick_weg:8 blick_zur_figur:1547
dick_abstand,fern_v_r_r17,11,2405,100-139:48% 20-99:32% <20:11% >=140:9%
dick_annaeherung,fern_v_r_r17,11,
dick_pose,fern_v_r_r17,11,21,30/ph4:6 60/ph0:2 60/ph4:6 90/ph4:4 120/ph0:1 120/ph4:2,0,196,akt0:21
dick_pose_folge,fern_v_r_r17,11,686C4,12
dick_pose_folge,fern_v_r_r17,11,686C4-686FE-68730-68760-6878E-687B8-686FE-68730-68760-6878E-687B8-677CE,3
dick_pose_folge,fern_v_r_r17,11,686C4-686FE-68730-68760-6878E-687B8-677CE,3
dick_pose_folge,fern_v_r_r17,11,686C4-686FE-68730-68760,2
dick_pose_folge,fern_v_r_r17,11,686C4-686FE-68730-68760-6878E-687B8-686FE-68730-68760,1
dick_gehen,fern_v_r_r17,14,1.75/0.875:2278 2.25/1.125:1072 sonst:148,blick_weg:6 blick_zur_figur:1341
dick_abstand,fern_v_r_r17,14,2445,100-139:56% 20-99:32% <20:6% >=140:7%
dick_annaeherung,fern_v_r_r17,14,
dick_pose,fern_v_r_r17,14,24,30/ph0:3 30/ph4:2 60/ph0:1 60/ph4:6 90/ph0:2 90/ph4:9 120/ph4:1,1,226,akt0:24
dick_pose_folge,fern_v_r_r17,14,686C4,9
dick_pose_folge,fern_v_r_r17,14,686C4-686FE-68730-68760-6878E-687B8-677CE,8
dick_pose_folge,fern_v_r_r17,14,686C4-686FE-68730-68760,3
dick_pose_folge,fern_v_r_r17,14,686C4-686FE-68730-68760-6878E-687B8-686FE-68730-68760,3
dick_pose_folge,fern_v_r_r17,14,686C4-686FE-68730-68760-6878E-687B8-686FE-68730-68760-6878E-687B8-677CE,1
schutz,fern_v_r_r17,zustand1:9 zustand3:6
mehrere_dick,fern_v_r_r17,2,20,0,
erscheinen,fern_v_r_r17,17,,3:16:WOOKY 3:17:WOOKY 200:14:DICK:w4:lp24 200:15:EDDY 200:18:EDDY 208:12:WOOKY 208:13:WOOKY 240:11:DICK:w4:lp24
gegner_auf_bahn,fern_v_r_r17,explosion,DICK,20,nein
gegner_auf_bahn,fern_v_r_r17,explosion,WOOKY,78,nein
gegner_auf_bahn,fern_v_r_r17,rakete_flug,DICK,74,nein
gegner_auf_bahn,fern_v_r_r17,rakete_flug,WOOKY,554,nein
wurf,fern_v_s_fest12,3682,12,147,10,31,-3,-10,760/319,289F2:4/28A2E:3/28A64:1/28A9E:1/28AD8:32/28B12:1,42,8,29,80,56,329,0/C08/FF00,11,0.0/4.0,10,27,zum,11,True,,
wurf,fern_v_s_fest12,3968,12,159,4,33,9,-4,760/319,289F2:4/28A2E:3/28A64:1/28A9E:1/28AD8:32/28B12:1,42,8,29,80,56,323,0/C08/FF00,11,0.0/4.0,13,27,zum,11,True,,
wurf,fern_v_s_fest12,5743,12,140,-5,26,-10,5,760/319,289F2:4/28A2E:3/28A64:1/28A9E:1/28AD8:32/28B12:1,42,8,29,80,56,314,0/C08/FF00,11,0.0/4.0,10,20,weg,11,True,,
wurf,fern_v_s_fest12,5959,12,140,0,30,-10,0,760/319,289F2:4/28A2E:3/28A64:1/28A9E:1/28AD8:32/28B12:1,42,8,29,80,56,319,0/C08/FF00,11,0.0/4.0,8,28,zum,11,True,,
wurf,fern_v_s_fest12,7422,12,140,-1,20,-10,1,760/319,289F2:4/28A2E:3/28A64:1/28A9E:1/28AD8:32/28B12:1,42,8,29,80,56,318,0/C08/FF00,11,0.0/4.0,8,28,zum,11,True,,
stich,fern_v_s_fest12,1931,12,71,-2,13,8,False,282F4
stich,fern_v_s_fest12,1979,12,58,-1,13,8,False,2849E
stich,fern_v_s_fest12,2016,12,58,-1,13,8,False,2849E
stich,fern_v_s_fest12,2053,12,58,-1,13,8,False,2849E
stich,fern_v_s_fest12,2090,12,58,-1,13,8,False,282F4
stich,fern_v_s_fest12,2179,12,72,-3,13,8,False,2849E
stich,fern_v_s_fest12,2216,12,72,-3,13,8,False,2849E
stich,fern_v_s_fest12,2253,12,72,-3,13,8,False,2849E
stich,fern_v_s_fest12,2290,12,72,-3,13,8,False,282F4
stich,fern_v_s_fest12,2339,12,57,-2,13,8,False,282F4
stich,fern_v_s_fest12,2480,12,72,-3,13,8,False,2849E
stich,fern_v_s_fest12,2517,12,72,-3,13,8,False,2849E
stich,fern_v_s_fest12,2858,12,71,3,13,8,False,2849E
stich,fern_v_s_fest12,2895,12,71,3,13,8,False,2849E
stich,fern_v_s_fest12,3205,12,71,3,13,8,False,282F4
stich,fern_v_s_fest12,3479,12,56,6,13,8,False,2849E
stich,fern_v_s_fest12,3516,12,56,6,13,8,False,2849E
stich,fern_v_s_fest12,3553,12,56,6,13,8,False,2849E
stich,fern_v_s_fest12,3590,12,56,6,13,8,False,282F4
stich,fern_v_s_fest12,4431,12,70,3,13,8,False,2849E
stich,fern_v_s_fest12,4468,12,70,3,13,8,False,282F4
stich,fern_v_s_fest12,5044,12,72,4,13,8,False,2849E
stich,fern_v_s_fest12,5081,12,72,4,13,8,False,2849E
stich,fern_v_s_fest12,5482,12,70,-3,13,8,False,2849E
stich,fern_v_s_fest12,5519,12,70,-3,13,8,False,282F4
stich,fern_v_s_fest12,5567,12,57,-2,13,8,False,2849E
stich,fern_v_s_fest12,5604,12,57,-2,13,8,False,282F4
stich,fern_v_s_fest12,6555,12,70,2,13,8,False,2849E
stich,fern_v_s_fest12,6592,12,70,2,13,8,False,282F4
stich,fern_v_s_fest12,6638,12,57,2,13,8,False,282F4
stich,fern_v_s_fest12,6736,12,70,4,13,8,False,2849E
stich,fern_v_s_fest12,6773,13,70,4,13,8,False,2849E
stich,fern_v_s_fest12,6810,12,70,4,13,8,False,2849E
stich,fern_v_s_fest12,6847,12,70,4,13,8,False,282F4
stich,fern_v_s_fest12,6993,12,70,-3,13,8,False,2849E
stich,fern_v_s_fest12,7030,12,70,-3,13,8,False,2849E
stich,fern_v_s_fest12,7067,12,70,-3,13,8,False,2849E
stich,fern_v_s_fest12,7104,12,70,-3,13,8,False,282F4
stich,fern_v_s_fest12,7150,12,57,-1,13,8,False,2849E
stich,fern_v_s_fest12,7187,12,57,-1,13,8,False,2849E
stich,fern_v_s_fest12,7658,12,56,-4,13,8,False,2849E
stich,fern_v_s_fest12,7695,12,56,-4,13,8,False,282F4
stich,fern_v_s_fest12,7786,12,71,-2,13,8,False,2849E
stich,fern_v_s_fest12,7823,12,71,-2,13,8,False,2849E
serien,fern_v_s_fest12,1:4 2:10 4:5,37:25
rhythmus_skip,fern_v_s_fest12,5,8000,0.62,286/1775/216/1463,12/12/12/12/12
wurf,fern_v_s_fest895,865,17,141,-7,27,9,7,1045/319,289F2:4/28A2E:3/28A64:1/28A9E:1/28AD8:32/28B12:1,42,8,29,80,56,312,0/C08/FF00,12,-4.0/0.0,8,29,zum,12,True,,
wurf,fern_v_s_fest895,3034,17,141,-1,21,9,1,1045/319,289F2:4/28A2E:3/28A64:1/28A9E:1/28AD8:32/28B12:1,42,8,29,80,56,318,0/C08/FF00,12,-4.0/0.0,8,29,zum,12,True,,
wurf,fern_v_s_fest895,5268,17,123,5,34,27,-5,1045/319,289F2:4/28A2E:3/28A64:1/28A9E:1/28AD8:32/28B12:1,42,8,29,80,56,324,0/C08/FF00,12,-4.0/0.0,4,27,zum,12,True,,
wurf,fern_v_s_fest895,5610,17,141,0,30,9,0,1045/319,289F2:4/28A2E:3/28A64:1/28A9E:1/28AD8:32/28B12:1,42,8,29,80,56,319,0/C08/FF00,12,-4.0/0.0,8,29,zum,12,True,,
wurf,fern_v_s_fest895,6358,17,141,1,21,9,-1,1045/319,289F2:4/28A2E:3/28A64:1/28A9E:1/28AD8:32/28B12:1,42,8,29,80,56,320,0/C08/FF00,12,-4.0/0.0,8,29,zum,12,True,,
wurf,fern_v_s_fest895,6764,17,142,-4,27,8,4,1045/319,289F2:4/28A2E:3/28A64:1/28A9E:1/28AD8:32/28B12:1,42,8,29,80,56,315,0/C08/FF00,12,-4.0/0.0,8,30,zum,12,True,,
wurf,fern_v_s_fest895,7003,17,142,0,31,8,0,1045/319,289F2:4/28A2E:3/28A64:1/28A9E:1/28AD8:32/28B12:1,42,8,29,80,56,319,0/C08/FF00,12,-4.0/0.0,8,30,zum,12,True,,
stich,fern_v_s_fest895,109,17,72,-4,13,9,False,2849E
stich,fern_v_s_fest895,146,17,72,-4,13,9,False,2849E
stich,fern_v_s_fest895,183,17,72,-4,13,9,False,2849E
stich,fern_v_s_fest895,220,17,72,-4,13,9,False,282F4
stich,fern_v_s_fest895,745,17,58,-2,13,9,False,282F4
stich,fern_v_s_fest895,1093,17,72,-4,13,9,False,2849E
stich,fern_v_s_fest895,1130,17,72,-4,13,9,False,2849E
stich,fern_v_s_fest895,1167,17,72,-4,13,9,False,2849E
stich,fern_v_s_fest895,1204,17,72,-4,13,9,False,282F4
stich,fern_v_s_fest895,1253,17,57,-2,13,9,False,2849E
stich,fern_v_s_fest895,1290,17,57,-2,13,9,False,2849E
stich,fern_v_s_fest895,1509,17,59,-1,13,9,False,2849E
stich,fern_v_s_fest895,1546,17,59,-1,13,9,False,2849E
stich,fern_v_s_fest895,1813,17,57,4,13,9,False,2849E
stich,fern_v_s_fest895,1850,17,57,4,13,9,False,2849E
stich,fern_v_s_fest895,1887,17,57,4,13,9,False,2849E
stich,fern_v_s_fest895,1924,17,57,4,13,9,False,282F4
stich,fern_v_s_fest895,2327,17,72,4,13,9,False,2849E
stich,fern_v_s_fest895,2364,17,72,4,13,9,False,2849E
stich,fern_v_s_fest895,2401,17,72,4,13,9,False,2849E
stich,fern_v_s_fest895,2438,17,72,4,13,9,False,282F4
stich,fern_v_s_fest895,2601,17,71,-3,13,9,False,2849E
stich,fern_v_s_fest895,2638,17,71,-3,13,9,False,2849E
stich,fern_v_s_fest895,2675,17,71,-3,13,9,False,2849E
stich,fern_v_s_fest895,2712,17,71,-3,13,9,False,282F4
stich,fern_v_s_fest895,2761,17,57,-3,13,9,False,2849E
stich,fern_v_s_fest895,2798,17,57,-3,13,9,False,2849E
stich,fern_v_s_fest895,3651,17,71,-4,13,9,False,2849E
stich,fern_v_s_fest895,3688,17,71,-4,13,9,False,282F4
stich,fern_v_s_fest895,3966,17,72,4,13,9,False,2849E
stich,fern_v_s_fest895,4003,17,72,4,13,9,False,2849E
stich,fern_v_s_fest895,4040,17,72,4,13,9,False,2849E
stich,fern_v_s_fest895,4077,17,72,4,13,9,False,282F4
stich,fern_v_s_fest895,4557,17,71,-3,13,9,False,282F4
stich,fern_v_s_fest895,4605,17,58,-2,13,9,False,2849E
stich,fern_v_s_fest895,4642,17,58,-2,13,9,False,2849E
stich,fern_v_s_fest895,4679,17,58,-2,13,9,False,2849E
stich,fern_v_s_fest895,4716,17,58,-2,13,9,False,282F4
stich,fern_v_s_fest895,4805,17,72,-3,13,9,False,2849E
stich,fern_v_s_fest895,4842,17,72,-3,13,9,False,2849E
stich,fern_v_s_fest895,4879,17,72,-3,13,9,False,2849E
stich,fern_v_s_fest895,4916,17,72,-3,13,9,False,282F4
stich,fern_v_s_fest895,4965,17,57,-3,13,9,False,282F4
stich,fern_v_s_fest895,5999,17,71,3,13,9,False,2849E
stich,fern_v_s_fest895,6036,17,71,3,13,9,False,282F4
stich,fern_v_s_fest895,6085,17,57,2,13,9,False,2849E
stich,fern_v_s_fest895,6122,17,57,2,13,9,False,2849E
stich,fern_v_s_fest895,7546,17,57,-2,13,9,False,282F4
stich,fern_v_s_fest895,7698,17,72,-3,13,9,False,2849E
stich,fern_v_s_fest895,7735,17,72,-3,13,9,False,2849E
serien,fern_v_s_fest895,1:4 2:7 4:8,37:31
rhythmus_skip,fern_v_s_fest895,7,8000,0.88,2169/2234/342/748/406/239,17/17/17/17/17/17/17
wurf,fern_v_s_fest900,929,14,151,-9,19,-1,9,1050/319,289F2:4/28A2E:3/28A64:1/28A9E:1/28AD8:32/28B12:1,42,8,29,80,56,310,0/C08/FF00,11,-4.0/0.0,11,27,zum,11,True,,
wurf,fern_v_s_fest900,1210,14,114,5,29,36,-5,1050/319,289F2:4/28A2E:3/28A64:1/28A9E:1/28AD8:32/28B12:1,42,8,29,80,56,324,0/C08/FF00,11,-4.0/0.0,1,30,zum,11,True,,
wurf,fern_v_s_fest900,2085,14,151,-9,24,-1,9,1050/319,289F2:4/28A2E:3/28A64:1/28A9E:1/28AD8:32/28B12:1,42,8,29,80,56,310,0/C08/FF00,11,-4.0/0.0,11,27,zum,11,True,,
wurf,fern_v_s_fest900,2404,14,159,1,26,-9,-1,1050/319,289F2:4/28A2E:3/28A64:1/28A9E:1/28AD8:32/28B12:1,42,8,29,80,56,320,0/C08/FF00,11,-4.0/0.0,13,27,zum,11,True,,
wurf,fern_v_s_fest900,3111,14,142,0,21,8,0,1050/319,289F2:4/28A2E:3/28A64:1/28A9E:1/28AD8:32/28B12:1,42,8,29,80,56,319,0/C08/FF00,11,-4.0/0.0,8,30,zum,11,True,,
wurf,fern_v_s_fest900,5971,14,111,6,37,39,-6,1050/319,289F2:4/28A2E:3/28A64:1/28A9E:1/28AD8:32/28B12:1,42,8,29,80,56,325,0/C08/FF00,11,-4.0/0.0,1,27,zum,11,True,,
wurf,fern_v_s_fest900,6490,14,141,-4,26,9,4,1050/319,289F2:4/28A2E:3/28A64:1/28A9E:1/28AD8:32/28B12:1,42,8,29,80,56,315,0/C08/FF00,11,-4.0/0.0,8,29,zum,11,True,,
stich,fern_v_s_fest900,1689,14,57,-3,13,8,False,2849E
stich,fern_v_s_fest900,1726,14,57,-3,13,8,False,2849E
stich,fern_v_s_fest900,2676,14,71,3,13,8,False,2849E
stich,fern_v_s_fest900,2713,14,71,3,13,8,False,2849E
stich,fern_v_s_fest900,2750,14,71,3,13,8,False,2849E
stich,fern_v_s_fest900,2787,14,71,3,13,8,False,282F4
stich,fern_v_s_fest900,2838,14,57,1,13,8,False,2849E
stich,fern_v_s_fest900,2875,14,57,1,13,8,False,2849E
stich,fern_v_s_fest900,5262,14,71,-3,13,8,False,2849E
stich,fern_v_s_fest900,5299,14,71,-3,13,8,False,282F4
stich,fern_v_s_fest900,5347,14,58,-2,13,8,False,2849E
stich,fern_v_s_fest900,5384,14,58,-2,13,8,False,2849E
stich,fern_v_s_fest900,5421,14,58,-2,13,8,False,2849E
stich,fern_v_s_fest900,5458,14,58,-2,13,8,False,282F4
stich,fern_v_s_fest900,6215,14,57,-6,13,8,False,2849E
stich,fern_v_s_fest900,6252,14,57,-6,13,8,False,2849E
stich,fern_v_s_fest900,7594,14,57,4,13,8,False,2849E
stich,fern_v_s_fest900,7631,14,57,4,13,8,False,2849E
stich,fern_v_s_fest900,7668,14,57,4,13,8,False,2849E
stich,fern_v_s_fest900,7705,14,57,4,13,8,False,282F4
stich,fern_v_s_fest900,7839,14,70,3,13,8,False,2849E
stich,fern_v_s_fest900,7876,14,70,3,13,8,False,2849E
serien,fern_v_s_fest900,2:5 4:3,37:14
rhythmus_skip,fern_v_s_fest900,7,8000,0.88,281/875/319/707/2860/519,14/14/14/14/14/14/14
wurf,fern_v_s_mov,1663,11,142,-4,26,8,4,1136/297,289F2:4/28A2E:3/28A64:1/28A9E:1/28AD8:32/28B12:1,42,8,29,80,56,293,0/C08/FF00,10,-4.0/0.0,10,22,weg,10,True,,
wurf,fern_v_s_mov,3743,15,140,6,27,-10,-6,971/312,289F2:4/28A2E:3/28A64:1/28A9E:1/28AD8:32/28B12:1,42,8,29,80,56,318,0/C08/FF00,11,0.0/4.0,8,28,zum,11,True,,
wurf,fern_v_s_mov,5488,17,160,-9,8,-10,9,1230/322,289F2:4/28A2E:3/28A64:1/28A9E:1/28AD8:32/28B12:1,42,8,29,80,56,313,0/C08/FF00,12,-4.0/0.0,13,28,zum,12,True,,
wurf,fern_v_s_mov,6154,19,160,0,26,-10,0,1365/322,289F2:4/28A2E:3/28A64:1/28A9E:1/28AD8:32/28B12:1,42,8,29,80,56,322,0/C08/FF00,12,-4.0/0.0,15,20,weg,12,True,,
wurf,fern_v_s_mov,7406,21,142,-4,27,8,4,1365/322,289F2:4/28A2E:3/28A64:1/28A9E:1/28AD8:32/28B12:1,42,8,29,80,56,318,0/C08/FF00,12,-4.0/0.0,10,22,weg,12,True,,
wurf,fern_v_s_mov,7635,21,141,2,21,9,-2,1230/322,289F2:4/28A2E:3/28A64:1/28A9E:1/28AD8:32/28B12:1,42,8,29,80,56,324,0/C08/FF00,12,-4.0/0.0,8,29,zum,12,True,,
stich,fern_v_s_mov,55,8,58,-1,13,7,False,2849E
stich,fern_v_s_mov,92,8,58,-1,13,7,False,2849E
stich,fern_v_s_mov,298,9,71,-2,,,None,28210
stich,fern_v_s_mov,640,9,72,-2,,,None,282F4
stich,fern_v_s_mov,689,9,57,-3,,,None,28210
stich,fern_v_s_mov,796,10,58,0,13,8,False,2849E
stich,fern_v_s_mov,833,10,58,0,13,8,False,2849E
stich,fern_v_s_mov,870,10,58,0,13,8,False,2849E
stich,fern_v_s_mov,907,10,58,0,,,None,282F4
stich,fern_v_s_mov,2074,12,71,-3,13,8,False,2849E
stich,fern_v_s_mov,2111,12,71,-3,13,8,False,2849E
stich,fern_v_s_mov,2148,12,71,-3,13,8,False,2849E
stich,fern_v_s_mov,2185,12,71,-3,13,8,False,282F4
stich,fern_v_s_mov,2233,12,58,-2,13,8,False,2849E
stich,fern_v_s_mov,2270,12,58,-2,,,None,282F4
stich,fern_v_s_mov,3244,14,57,0,13,8,False,2849E
stich,fern_v_s_mov,3281,14,57,0,13,8,False,2849E
stich,fern_v_s_mov,3564,14,71,0,,,None,282F4
stich,fern_v_s_mov,4179,15,72,-4,,,None,282F4
stich,fern_v_s_mov,4889,16,57,4,13,9,False,2849E
stich,fern_v_s_mov,4926,17,57,4,,,None,282F4
stich,fern_v_s_mov,6573,19,57,-5,14,9,False,2849E
stich,fern_v_s_mov,6610,19,57,-5,,,None,284D8
stich,fern_v_s_mov,6827,20,72,-3,,,None,282F4
serien,fern_v_s_mov,1:6 2:5 4:2,37:11
rhythmus_skip,fern_v_s_mov,6,8000,0.75,2080/1745/666/1252/229,11/15/17/19/21/21
gegner_auf_bahn,fern_v_s_mov,messer,EDDY,14,nein
gegner_auf_bahn,fern_v_s_mov,messer,WOOKY,18,nein
wurf,fern_v_s_nat,1382,11,141,6,27,9,-6,942/319,289F2:4/28A2E:3/28A64:1/28A9E:1/28AD8:32/28B12:1,42,8,29,80,56,325,0/C08/FF00,10,-4.0/0.0,8,29,zum,10,True,,
wurf,fern_v_s_nat,2124,12,141,1,20,9,-1,942/319,289F2:4/28A2E:3/28A64:1/28A9E:1/28AD8:32/28B12:1,42,8,29,80,56,320,0/C08/FF00,11,-4.0/0.0,8,29,zum,11,True,,
wurf,fern_v_s_nat,2484,12,142,-1,28,8,1,942/319,289F2:4/28A2E:3/28A64:1/28A9E:1/28AD8:32/28B12:1,42,8,29,80,56,318,0/C08/FF00,11,-4.0/0.0,8,30,zum,11,True,,
wurf,fern_v_s_nat,3187,14,142,10,7,8,-10,942/319,289F2:4/28A2E:3/28A64:1/28A9E:1/28AD8:32/28B12:1,42,8,29,80,56,329,0/C08/FF00,11,-4.0/0.0,8,30,zum,11,True,,
wurf,fern_v_s_nat,3511,14,141,4,26,9,-4,942/319,289F2:4/28A2E:3/28A64:1/28A9E:1/28AD8:32/28B12:1,42,8,29,80,56,323,0/C08/FF00,11,-4.0/0.0,8,29,zum,11,True,,
wurf,fern_v_s_nat,4814,16,151,10,8,-1,-10,942/319,289F2:4/28A2E:3/28A64:1/28A9E:1/28AD8:32/28B12:1,42,8,29,80,56,329,0/C08/FF00,11,-4.0/0.0,11,27,zum,11,True,,
stich,fern_v_s_nat,109,8,57,-4,13,7,False,2849E
stich,fern_v_s_nat,146,8,57,-4,13,7,False,282F4
stich,fern_v_s_nat,655,9,72,5,13,8,False,2849E
stich,fern_v_s_nat,692,9,72,5,13,8,False,282F4
stich,fern_v_s_nat,943,10,72,4,13,8,False,2849E
stich,fern_v_s_nat,980,10,72,4,13,8,False,2849E
stich,fern_v_s_nat,1690,11,72,3,13,8,False,2849E
stich,fern_v_s_nat,1727,11,72,3,13,8,False,2849E
stich,fern_v_s_nat,1764,11,72,3,13,8,False,2849E
stich,fern_v_s_nat,1801,11,72,3,13,8,False,282F4
stich,fern_v_s_nat,1852,11,59,2,13,8,False,2849E
stich,fern_v_s_nat,1889,11,59,2,13,8,False,2849E
stich,fern_v_s_nat,3826,15,72,4,13,8,False,2849E
stich,fern_v_s_nat,3863,15,72,4,13,8,False,282F4
stich,fern_v_s_nat,4218,15,71,3,13,8,False,282F4
stich,fern_v_s_nat,5075,17,72,8,13,9,False,2849E
stich,fern_v_s_nat,5112,17,72,8,13,9,False,282F4
stich,fern_v_s_nat,5421,17,71,4,13,9,False,2849E
stich,fern_v_s_nat,5458,17,71,4,13,9,False,2849E
stich,fern_v_s_nat,5987,18,71,3,13,9,False,2849E
stich,fern_v_s_nat,6024,18,71,3,13,9,False,282F4
stich,fern_v_s_nat,6073,18,57,2,13,9,False,2849E
stich,fern_v_s_nat,6110,18,57,2,13,9,False,282F4
stich,fern_v_s_nat,6228,19,72,7,13,9,False,2849E
stich,fern_v_s_nat,6265,19,72,7,13,9,False,2849E
stich,fern_v_s_nat,7475,21,71,3,13,9,False,2849E
stich,fern_v_s_nat,7512,21,71,3,13,9,False,2849E
stich,fern_v_s_nat,7549,21,71,3,13,9,False,2849E
stich,fern_v_s_nat,7586,21,71,3,13,9,False,282F4
stich,fern_v_s_nat,7635,21,57,2,13,9,False,282F4
stich,fern_v_s_nat,7711,21,71,4,13,9,False,2849E
stich,fern_v_s_nat,7748,21,71,4,13,9,False,2849E
stich,fern_v_s_nat,7785,21,71,4,13,9,False,2849E
stich,fern_v_s_nat,7822,21,71,4,13,9,False,282F4
serien,fern_v_s_nat,1:2 2:10 4:3,37:19
rhythmus_skip,fern_v_s_nat,6,8000,0.75,742/360/703/324/1303,11/12/12/14/14/16
wurf,fern_v_s_r12,934,12,178,-5,26,9,5,1218/319,289F2:4/28A2E:3/28A64:1/28A9E:1/28AD8:32/28B12:1,42,8,29,80,56,314,C08,11,-4.0,,,,,,-17,36
wurf,fern_v_s_r12,2012,12,141,-5,23,-9,5,1015/319,289F2:4/28A2E:3/28A64:1/28A9E:1/28AD8:32/28B12:1,42,8,29,80,56,314,0/C08/FF00,11,0.0/4.0,8,29,zum,11,True,,
wurf,fern_v_s_r12,4839,12,140,-5,22,-10,5,1453/319,289F2:4/28A2E:3/28A64:1/28A9E:1/28AD8:32/28B12:1,42,8,29,80,56,314,0/C08/FF00,11,0.0/4.0,8,28,zum,11,True,,
wurf,fern_v_s_r12,5349,12,140,-8,20,-10,8,1453/319,289F2:4/28A2E:3/28A64:1/28A9E:1/28AD8:32/28B12:1,42,8,29,80,56,311,0/C08/FF00,11,0.0/4.0,8,28,zum,11,True,,
wurf,fern_v_s_r12,7750,12,149,-8,24,-1,8,1453/319,289F2:4/28A2E:3/28A64:1/28A9E:1/28AD8:32/28B12:1,42,8,29,80,56,311,0/C08/FF00,11,0.0/4.0,10,29,zum,11,True,,
stich,fern_v_s_r12,2548,12,70,2,13,8,False,282F4
stich,fern_v_s_r12,4228,12,70,2,13,8,False,2849E
stich,fern_v_s_r12,4265,12,70,2,13,8,False,282F4
stich,fern_v_s_r12,4313,12,57,2,13,8,False,282F4
stich,fern_v_s_r12,4435,12,57,-3,13,8,False,2849E
stich,fern_v_s_r12,4472,12,57,-3,,,None,282F4
stich,fern_v_s_r12,5580,12,56,-5,15,8,False,2849E
stich,fern_v_s_r12,5617,12,56,-5,13,8,False,2849E
stich,fern_v_s_r12,6080,12,2,-5,13,8,False,2849E
stich,fern_v_s_r12,6123,12,2,-4,13,8,False,2849E
stich,fern_v_s_r12,6162,12,2,-4,13,8,False,2849E
stich,fern_v_s_r12,6201,12,2,-4,13,8,False,282F4
stich,fern_v_s_r12,6231,12,2,-4,13,8,False,2849E
stich,fern_v_s_r12,6270,12,2,-4,13,8,False,2849E
stich,fern_v_s_r12,6883,12,72,1,13,8,False,2849E
stich,fern_v_s_r12,6920,12,72,1,13,8,False,2849E
stich,fern_v_s_r12,6957,12,72,1,13,8,False,2849E
stich,fern_v_s_r12,6994,12,72,1,13,8,False,282F4
stich,fern_v_s_r12,7548,12,57,-3,13,8,False,2849E
stich,fern_v_s_r12,7585,12,57,-3,13,8,False,2849E
stich,fern_v_s_r12,7622,12,57,-3,13,8,False,2849E
stich,fern_v_s_r12,7659,12,57,-3,13,8,False,282F4
serien,fern_v_s_r12,1:8 2:3 4:2,37:9
rhythmus_skip,fern_v_s_r12,5,8000,0.62,1078/2827/510/2401,12/12/12/12/12
gegner_auf_bahn,fern_v_s_r12,messer,EDDY,26,nein
gegner_auf_bahn,fern_v_s_r12,messer,WOOKY,46,nein
wurf,fern_v_s_r22,1151,22,145,10,14,-5,-10,1015/290,289F2:4/28A2E:3/28A64:1/28A9E:1/28AD8:32/28B12:1,42,8,29,80,56,300,0/C08/FF00,13,0.0/4.0,9,29,zum,13,True,,
stich,fern_v_s_r22,55,22,58,-1,13,9,False,2849E
stich,fern_v_s_r22,92,22,58,-1,13,9,False,2849E
stich,fern_v_s_r22,1951,22,72,-3,,,None,282F4
stich,fern_v_s_r22,2334,22,71,3,,,None,282F4
stich,fern_v_s_r22,2383,22,57,2,,,None,282F4
stich,fern_v_s_r22,2830,22,72,4,,,None,282F4
stich,fern_v_s_r22,2991,22,57,0,13,9,False,282F4
stich,fern_v_s_r22,3148,22,71,4,,,None,284D8
stich,fern_v_s_r22,4372,22,71,5,13,9,False,2849E
stich,fern_v_s_r22,4409,22,71,5,,,None,282F4
stich,fern_v_s_r22,4668,22,70,3,,,None,282F4
stich,fern_v_s_r22,4714,22,57,1,13,9,False,2849E
stich,fern_v_s_r22,4751,22,57,1,13,9,False,2849E
stich,fern_v_s_r22,4788,22,57,1,13,9,False,2849E
stich,fern_v_s_r22,4825,22,57,1,13,9,False,282F4
stich,fern_v_s_r22,4901,22,71,4,14,9,False,2849E
stich,fern_v_s_r22,4938,22,71,4,,,None,282F4
stich,fern_v_s_r22,6269,22,57,4,,,None,282F4
stich,fern_v_s_r22,6500,22,71,4,13,9,False,2849E
stich,fern_v_s_r22,6537,22,71,4,13,9,False,2849E
stich,fern_v_s_r22,6894,22,72,3,,,None,282F4
stich,fern_v_s_r22,7081,22,56,-3,13,9,False,2849E
stich,fern_v_s_r22,7118,22,56,-3,13,9,False,2849E
serien,fern_v_s_r22,1:9 2:5 4:1,37:8
rhythmus_skip,fern_v_s_r22,1,8000,0.12,,22
gegner_auf_bahn,fern_v_s_r22,messer,WOOKY,9,nein
wurf,fern_v_s_rand14,258,14,141,-4,24,9,4,1050/329,289F2:4/28A2E:3/28A64:1/28A9E:1/28AD8:32/28B12:1,42,8,29,80,56,325,0/C08/FF00,11,-4.0/0.0,10,21,weg,11,True,,
wurf,fern_v_s_rand14,941,14,141,-5,27,9,5,942/329,289F2:4/28A2E:3/28A64:1/28A9E:1/28AD8:32/28B12:1,42,8,29,80,56,324,0/C08/FF00,11,-4.0/0.0,8,29,zum,11,True,,
wurf,fern_v_s_rand14,1245,14,156,-9,15,-6,9,942/329,289F2:4/28A2E:3/28A64:1/28A9E:1/28AD8:32/28B12:1,42,8,29,80,56,320,0/C08/FF00,11,-4.0/0.0,12,28,zum,11,True,,
wurf,fern_v_s_rand14,2173,14,142,-9,27,8,9,942/329,289F2:4/28A2E:3/28A64:1/28A9E:1/28AD8:32/28B12:1,42,8,29,80,56,320,0/C08/FF00,11,-4.0/0.0,8,30,zum,11,True,,
wurf,fern_v_s_rand14,2888,14,141,-5,22,9,5,942/329,289F2:4/28A2E:3/28A64:1/28A9E:1/28AD8:32/28B12:1,42,8,29,80,56,324,0/C08/FF00,11,-4.0/0.0,8,29,zum,11,True,,
wurf,fern_v_s_rand14,3094,14,153,-9,17,-3,9,942/329,289F2:4/28A2E:3/28A64:1/28A9E:1/28AD8:32/28B12:1,42,8,29,80,56,320,0/C08/FF00,11,-4.0/0.0,11,29,zum,11,True,,
wurf,fern_v_s_rand14,4243,14,158,-9,31,-8,9,942/329,289F2:4/28A2E:3/28A64:1/28A9E:1/28AD8:32/28B12:1,42,8,29,80,56,320,0/C08/FF00,11,-4.0/0.0,12,30,zum,11,True,,
wurf,fern_v_s_rand14,5311,14,156,-9,28,-6,9,942/329,289F2:4/28A2E:3/28A64:1/28A9E:1/28AD8:32/28B12:1,42,8,29,80,56,320,0/C08/FF00,11,-4.0/0.0,12,28,zum,11,True,,
wurf,fern_v_s_rand14,5940,14,142,-1,28,8,1,942/329,289F2:4/28A2E:3/28A64:1/28A9E:1/28AD8:32/28B12:1,42,8,29,80,56,328,0/C08/FF00,11,-4.0/0.0,8,30,zum,11,True,,
stich,fern_v_s_rand14,1572,14,71,4,13,8,False,2849E
stich,fern_v_s_rand14,1609,14,71,4,13,8,False,2849E
stich,fern_v_s_rand14,3625,14,72,6,13,8,False,2849E
stich,fern_v_s_rand14,3662,14,72,6,13,8,False,2849E
stich,fern_v_s_rand14,3699,14,72,6,13,8,False,2849E
stich,fern_v_s_rand14,3736,14,72,6,13,8,False,282F4
stich,fern_v_s_rand14,4839,14,57,-4,13,8,False,2849E
stich,fern_v_s_rand14,4876,14,57,-4,13,8,False,282F4
stich,fern_v_s_rand14,5100,14,72,3,13,8,False,2849E
stich,fern_v_s_rand14,5137,14,72,3,13,8,False,282F4
stich,fern_v_s_rand14,5188,14,58,1,13,8,False,282F4
serien,fern_v_s_rand14,1:1 2:3 4:1,37:6
rhythmus_skip,fern_v_s_rand14,9,6000,1.5,683/304/928/715/206/1149/1068/629,14/14/14/14/14/14/14/14/14
wurf,fern_v_s_rand20,2828,20,141,10,14,9,-10,942/319,289F2:4/28A2E:3/28A64:1/28A9E:1/28AD8:32/28B12:1,42,8,29,80,56,329,0/C08/FF00,12,-4.0/0.0,8,29,zum,12,True,,
wurf,fern_v_s_rand20,4631,20,156,-9,27,-6,9,942/319,289F2:4/28A2E:3/28A64:1/28A9E:1/28AD8:32/28B12:1,42,8,29,80,56,310,0/C08/FF00,12,-4.0/0.0,12,28,zum,12,True,,
wurf,fern_v_s_rand20,5295,20,141,-7,31,9,7,942/319,289F2:4/28A2E:3/28A64:1/28A9E:1/28AD8:32/28B12:1,42,8,29,80,56,312,0/C08/FF00,12,-4.0/0.0,8,29,zum,12,True,,
wurf,fern_v_s_rand20,5707,20,141,-1,33,9,1,942/319,289F2:4/28A2E:3/28A64:1/28A9E:1/28AD8:32/28B12:1,42,8,29,80,56,318,0/C08/FF00,12,-4.0/0.0,8,29,zum,12,True,,
stich,fern_v_s_rand20,1274,20,72,4,13,9,False,2849E
stich,fern_v_s_rand20,1311,20,72,4,13,9,False,282F4
stich,fern_v_s_rand20,1362,20,58,2,13,9,False,2849E
stich,fern_v_s_rand20,1399,20,58,2,13,9,False,282F4
stich,fern_v_s_rand20,1518,20,72,6,13,9,False,2849E
stich,fern_v_s_rand20,1555,20,72,6,13,9,False,2849E
stich,fern_v_s_rand20,3113,20,71,-3,13,9,False,2849E
stich,fern_v_s_rand20,3150,20,71,-3,13,9,False,2849E
stich,fern_v_s_rand20,3962,20,71,-2,13,9,False,2849E
stich,fern_v_s_rand20,3999,20,71,-2,13,9,False,2849E
serien,fern_v_s_rand20,2:5,37:5
rhythmus_skip,fern_v_s_rand20,4,6000,0.67,1803/664/412,20/20/20/20
wurf,fern_v_s_rand9,929,9,151,-9,19,-1,9,1050/319,289F2:4/28A2E:3/28A64:1/28A9E:1/28AD8:32/28B12:1,42,8,29,80,56,310,0/C08/FF00,10,-4.0/0.0,13,19,weg,10,True,,
wurf,fern_v_s_rand9,2062,9,141,-8,20,9,8,942/319,289F2:4/28A2E:3/28A64:1/28A9E:1/28AD8:32/28B12:1,42,8,29,80,56,311,0/C08/FF00,10,-4.0/0.0,8,29,zum,10,True,,
wurf,fern_v_s_rand9,2721,9,148,-8,31,2,8,942/319,289F2:4/28A2E:3/28A64:1/28A9E:1/28AD8:32/28B12:1,42,8,29,80,56,311,0/C08/FF00,10,-4.0/0.0,10,28,zum,10,True,,
wurf,fern_v_s_rand9,4980,9,141,-5,26,9,5,942/319,289F2:4/28A2E:3/28A64:1/28A9E:1/28AD8:32/28B12:1,42,8,29,80,56,314,0/C08/FF00,10,-4.0/0.0,8,29,zum,10,True,,
stich,fern_v_s_rand9,3382,9,71,8,13,8,False,2849E
stich,fern_v_s_rand9,3419,9,71,8,13,8,False,282F4
stich,fern_v_s_rand9,3725,9,72,4,13,8,False,2849E
stich,fern_v_s_rand9,3762,9,72,4,13,8,False,2849E
stich,fern_v_s_rand9,3799,9,72,4,13,8,False,2849E
stich,fern_v_s_rand9,3836,9,72,4,13,8,False,282F4
stich,fern_v_s_rand9,4812,9,72,-4,13,8,False,282F4
stich,fern_v_s_rand9,4861,9,58,-2,13,8,False,282F4
stich,fern_v_s_rand9,5595,9,72,4,13,8,False,2849E
stich,fern_v_s_rand9,5632,9,72,4,13,8,False,282F4
serien,fern_v_s_rand9,1:2 2:2 4:1,37:5
rhythmus_skip,fern_v_s_rand9,4,6000,0.67,1133/659/2259,9/9/9/9
angriff_dick,fern_v_z_r12,13,rakete,617,1,,12,115,-5,13,0.0/1.125,120/-24,115/-19,N,0x685f8:5/0x6862a:1/0x6865c:10/0x68690:1,17:0x67806:akt0,6/45/44/13/28,27:-30:weg:13:U,22
angriff_dick,fern_v_z_r12,13,rakete,876,1,,12,124,5,1,0.0,-128/0,-124/5,N,0x685f8:5/0x6862a:1/0x6865c:10/0x68690:1,17:0x67806:akt0,6/45/44/13/28,27:-21:zum:13:U,22
angriff_dick,fern_v_z_r12,13,rakete,1124,1,,12,120,5,1,0.0,-128/0,-120/5,N,0x685f8:5/0x6862a:1/0x6865c:10/0x68690:1,17:0x67806:akt0,6/45/44/13/28,28:-25:weg:13:U,22
angriff_dick,fern_v_z_r12,13,rakete,1384,1,,12,112,5,13,-1.125/0.0,-120/24,-112/19,N,0x685f8:5/0x6862a:1/0x6865c:10/0x68690:1,17:0x67806:akt0,6/45/44/13/28,25:-19:weg:13:U,22
angriff_dick,fern_v_z_r12,13,rakete,1806,1,,12,120,-2,1,0.0,-128/0,-120/-2,N,0x685f8:5/0x6862a:1/0x6865c:10/0x68690:1,17:0x67806:akt0,6/45/44/13/28,24:-5:weg:13:U,22
angriff_dick,fern_v_z_r12,13,rakete,2058,1,,12,120,-3,1,0.0,-128/0,-120/-3,N,0x685f8:5/0x6862a:1/0x6865c:10/0x68690:1,17:0x67806:akt0,6/45/44/13/28,24:-6:weg:13:U,22
angriff_dick,fern_v_z_r12,13,rakete,2931,1,,12,136,5,1,0.0,-128/0,-136/5,N,0x685f8:5/0x6862a:1/0x6865c:10/0x68690:1,17:0x67806:akt0,6/45/44/13/28,26:-2:weg:13:U,22
angriff_dick,fern_v_z_r12,13,rakete,3197,1,,12,121,-6,13,0.0/1.125,-120/-24,-121/-19,N,0x685f8:5/0x6862a:1/0x6865c:10/0x68690:1,17:0x67806:akt0,6/45/44/13/28,24:-7:weg:13:U,22
angriff_dick,fern_v_z_r12,13,rakete,3448,1,,12,121,5,13,-1.125/0.0,-120/24,-121/18,N,0x685f8:5/0x6862a:1/0x6865c:10/0x68690:1,17:0x67806:akt0,6/45/44/13/28,23:-2:weg:13:U,22
angriff_dick,fern_v_z_r12,13,rakete,4583,1,,12,120,-3,1,0.0,-128/0,-120/-3,N,0x685f8:5/0x6862a:1/0x6865c:10/0x68690:1,17:0x67806:akt0,6/45/44/13/28,24:-6:zum:13:U,22
angriff_dick,fern_v_z_r12,13,rakete,5693,1,,12,120,-3,1,0.0,-128/0,-120/-3,N,0x685f8:5/0x6862a:1/0x6865c:10/0x68690:1,17:0x67806:akt0,6/45/44/13/28,24:-6:zum:13:U,22
angriff_dick,fern_v_z_r12,13,rakete,6395,1,,12,128,-6,14,0.0/1.125,-120/-24,-128/-21,N,0x685f8:5/0x6862a:1/0x6865c:10/0x68690:1,17:0x67806:akt0,6/45/44/13/28,26:-7:zum:13:U,22
angriff_dick,fern_v_z_r12,13,rakete,7271,1,,12,127,-6,14,0.0/1.125,-120/-24,-127/-21,N,0x685f8:5/0x6862a:1/0x6865c:10/0x68690:1,17:0x67806:akt0,6/45/44/13/28,25:-7:zum:13:U,22
rhythmus_dick,fern_v_z_r12,13,4,13,13,7800,1.67,259/248/260/422/252/873/266/251/1135/1110/702/876
angriff_dick,fern_v_z_r12,18,pistole,345,4,17/17/17,12,112,5,14,-1.125/0.0,-120/24,-112/20,NUNU,0x68528:5/0x6855c:1/0x68590:10/0x685c4:1,17:0x67806:akt0,6/34/58/5/28 6/34/58/5/29,15:6:weg:5:N/15:6:weg:5:U,22
angriff_dick,fern_v_z_r12,18,pistole,1136,3,17/17,12,120,-2,1,0.0,128/0,120/-2,NUN,0x68528:5/0x6855c:1/0x68590:10/0x685c4:1,17:0x67806:akt0,6/34/58/5/27 6/34/58/5/29,15:14:zum:5:N,22
angriff_dick,fern_v_z_r12,18,pistole,1396,4,17/17/17,12,120,-6,13,0.0/1.125,-120/-24,-120/-19,NUNU,0x68528:5/0x6855c:1/0x68590:10/0x685c4:1,17:0x67806:akt0,6/34/58/5/27 6/34/58/5/29,,22
angriff_dick,fern_v_z_r12,18,pistole,3716,2,17,12,125,4,13,-1.125/0.0,-120/24,-125/18,NN,0x68528:5/0x6855c:1/0x68590:10/0x685c4:1,17:0x67806:akt0,6/34/58/5/27 6/34/58/5/28,16:11:weg:5:N/16:11:weg:5:N,22
angriff_dick,fern_v_z_r12,18,pistole,4211,4,17/17/17,12,124,4,13,-1.125/0.0,-120/24,-124/18,NUNU,0x68528:5/0x6855c:1/0x68590:10/0x685c4:1,17:0x67806:akt0,6/34/58/5/27 6/34/58/5/28,16:10:weg:5:N/16:10:weg:5:U,22
angriff_dick,fern_v_z_r12,18,pistole,4868,3,17/17,12,128,-5,15,0.0/1.125,-120/-24,-128/-21,NUN,0x68528:5/0x6855c:1/0x68590:10/0x685c4:1,17:0x67806:akt0,6/34/58/5/27 6/34/58/5/28,17:6:weg:5:N/17:6:weg:5:U,22
angriff_dick,fern_v_z_r12,18,pistole,5916,5,17/17/17/17,12,121,-2,1,0.0,-128/0,-121/-2,NUNUN,0x68528:5/0x6855c:1/0x68590:10/0x685c4:1,17:0x67806:akt0,6/34/58/5/27 6/34/58/5/28,16:7:weg:5:N/16:7:weg:5:U,22
angriff_dick,fern_v_z_r12,18,pistole,6162,3,17/17,12,135,-3,1,0.0,-128/0,-135/-3,NUN,0x68528:5/0x6855c:1/0x68590:10/0x685c4:1,17:0x67806:akt0,6/34/58/5/27 6/34/58/5/28,17:13:zum:5:N/17:13:zum:5:U,22
angriff_dick,fern_v_z_r12,18,pistole,6589,4,17/17/17,12,120,-2,1,0.0,-128/0,-120/-2,NUNU,0x68528:5/0x6855c:1/0x68590:10/0x685c4:1,17:0x67806:akt0,6/34/58/5/27 6/34/58/5/28,16:6:weg:5:U,22
angriff_dick,fern_v_z_r12,18,pistole,7083,4,17/17/17,12,122,-5,13,0.0/1.125,-120/-24,-122/-19,NUNU,0x68528:5/0x6855c:1/0x68590:10/0x685c4:1,17:0x67806:akt0,6/34/58/5/27 6/34/58/5/28,15:16:zum:5:N/15:16:zum:5:U,22
angriff_dick,fern_v_z_r12,18,pistole,7609,5,17/17/17/17,12,123,5,13,-1.125/0.0,-120/24,-123/18,NUNNU,0x68528:5/0x6855c:1/0x68590:10/0x685c4:1,17:0x67806:akt0,6/34/58/5/27 6/34/58/5/28,16:9:weg:5:N/16:9:weg:5:U,22
rhythmus_dick,fern_v_z_r12,18,0,11,41,7989,1.38,791/260/2320/495/657/1048/246/427/494/526
rakete,fern_v_z_r12,13,623,28,links,45,44,13,20,100,145,2353,44..1,-5.0,0,20..29,115,21:-30:-5:1:13:U
rakete,fern_v_z_r12,13,882,28,rechts,45,44,13,20,100,145,2269,44..1,5.0,0,20..29,115,21:-21:5:1:13:U
rakete,fern_v_z_r12,13,1130,28,rechts,45,44,13,20,100,145,2408,44..1,5.0,0,20..29,115,22:-25:5:1:13:U
rakete,fern_v_z_r12,13,1390,28,rechts,45,44,13,18,86,131,2538,44..10,5.0,0,18..27,113,19:-19:5:1:13:U
rakete,fern_v_z_r12,13,1812,28,rechts,45,44,13,17,80,125,2541,44..14,5.0,0,17..26,112,18:-5:-2:1:13:U
rakete,fern_v_z_r12,13,2064,28,rechts,45,44,13,17,81,126,2542,44..14,5.0,0,17..26,112,18:-6:-3:1:13:U
rakete,fern_v_z_r12,13,2937,28,rechts,45,44,13,19,93,138,2538,44..6,5.0,0,19..28,114,20:-2:5:1:13:U
rakete,fern_v_z_r12,13,3203,28,rechts,45,44,13,17,83,128,2543,44..14,5.0,0,17..26,112,18:-7:-6:1:13:U
rakete,fern_v_z_r12,13,3454,28,rechts,45,44,13,16,78,123,2538,44..18,5.0,0,16..25,111,17:-2:5:1:13:U
rakete,fern_v_z_r12,13,4589,28,rechts,45,44,13,17,81,126,2542,44..14,5.0,0,17..26,112,18:-6:-3:1:13:U
rakete,fern_v_z_r12,13,5699,28,rechts,45,44,13,17,81,126,2542,44..14,5.0,0,17..26,112,18:-6:-3:1:13:U
rakete,fern_v_z_r12,13,6401,28,rechts,45,44,13,19,90,135,2543,44..6,5.0,0,19..28,114,20:-7:-6:1:13:U
rakete,fern_v_z_r12,13,7277,28,rechts,45,44,13,18,89,134,2543,44..10,5.0,0,18..27,113,19:-7:-6:1:13:U
kugel_ende,fern_v_z_r12,385,rechts,wand,2538,410
kugel_ende,fern_v_z_r12,402,rechts,wand,2538,410
kugel_ende,fern_v_z_r12,1159,links,bild,2109,-67
kugel_ende,fern_v_z_r12,1176,links,bild,2109,-67
kugel_ende,fern_v_z_r12,1402,rechts,wand,2537,362
kugel_ende,fern_v_z_r12,1419,rechts,wand,2537,361
kugel_ende,fern_v_z_r12,1436,rechts,wand,2537,361
kugel_ende,fern_v_z_r12,1453,rechts,wand,2537,361
kugel_ende,fern_v_z_r12,4251,rechts,wand,2534,358
kugel_ende,fern_v_z_r12,4268,rechts,wand,2534,358
kugel_ende,fern_v_z_r12,4908,rechts,wand,2538,362
kugel_ende,fern_v_z_r12,5956,rechts,wand,2537,361
kugel_ende,fern_v_z_r12,5973,rechts,wand,2537,361
kugel_ende,fern_v_z_r12,5990,rechts,wand,2537,361
kugel_ende,fern_v_z_r12,6202,rechts,wand,2539,363
kugel_ende,fern_v_z_r12,6595,rechts,wand,2538,362
kugel_ende,fern_v_z_r12,6629,rechts,wand,2538,362
kugel_ende,fern_v_z_r12,6646,rechts,wand,2538,362
kugel_ende,fern_v_z_r12,7123,rechts,wand,2536,360
kugel_ende,fern_v_z_r12,7140,rechts,wand,2536,360
kugel_ende,fern_v_z_r12,7649,rechts,wand,2535,359
kugel_ende,fern_v_z_r12,7666,rechts,wand,2535,359
kugel_ende,fern_v_z_r12,7683,rechts,wand,2535,359
dick_gehen,fern_v_z_r12,13,1.75/0.875:2811 2.25/1.125:353 sonst:696,blick_weg:23 blick_zur_figur:1417
dick_abstand,fern_v_z_r12,13,3779,100-139:44% 20-99:23% <20:27% >=140:6%
dick_annaeherung,fern_v_z_r12,13,
dick_pose,fern_v_z_r12,13,27,30/ph0:4 30/ph4:3 60/ph0:1 60/ph4:3 90/ph0:5 90/ph4:8 120/ph0:3,1,155,akt0:27
dick_pose_folge,fern_v_z_r12,13,686C4,13
dick_pose_folge,fern_v_z_r12,13,686C4-686FE-68730-68760-6878E-687B8-677CE,5
dick_pose_folge,fern_v_z_r12,13,686C4-686FE-68730-68760,4
dick_pose_folge,fern_v_z_r12,13,686C4-686FE-68730-68760-6878E-687B8-686FE-68730-68760-6878E-687B8-677CE,4
dick_pose_folge,fern_v_z_r12,13,686C4-686FE-68730-68760-6878E-687B8-686FE-68730-68760,1
dick_gehen,fern_v_z_r12,18,1.75/0.875:2479 2.25/1.125:193 sonst:577,blick_weg:18 blick_zur_figur:1295
dick_abstand,fern_v_z_r12,18,3968,100-139:42% 20-99:23% <20:32% >=140:4%
dick_annaeherung,fern_v_z_r12,18,
dick_pose,fern_v_z_r12,18,28,30/ph0:1 60/ph0:5 60/ph4:4 90/ph0:8 90/ph4:7 120/ph0:2 120/ph4:1,0,192,akt0:28
dick_pose_folge,fern_v_z_r12,18,686C4,15
dick_pose_folge,fern_v_z_r12,18,686C4-686FE-68730-68760-6878E-687B8-67760,8
dick_pose_folge,fern_v_z_r12,18,686C4-686FE-68730-68760-6878E-687B8-686FE-68730-68760-6878E-687B8-67760,4
dick_pose_folge,fern_v_z_r12,18,686C4-686FE-68730-68760-6878E-687B8-686FE-68730-68760,1
schutz,fern_v_z_r12,zustand1:22 zustand3:9
mehrere_dick,fern_v_z_r12,2,24,2,1124/13+1136/18 1384/13+1396/18
erscheinen,fern_v_z_r12,12,,3:16:WOOKY 3:17:WOOKY 11:18:DICK:w0:lp22 200:13:DICK:w4:lp22 200:14:EDDY 200:15:EDDY
gegner_auf_bahn,fern_v_z_r12,explosion,DICK,20,nein
gegner_auf_bahn,fern_v_z_r12,kugel,DICK,45,nein
gegner_auf_bahn,fern_v_z_r12,rakete_flug,DICK,74,nein
angriff_dick,fern_v_z_r22,12,rakete,955,1,,22,122,-6,12,0.0/1.125,-120/-24,-122/-19,N,0x685f8:5/0x6862a:1/0x6865c:10/0x68690:1,17:0x67806:akt0,6/45/44/15/28,,27
angriff_dick,fern_v_z_r22,12,rakete,2050,1,,22,113,-5,14,0.0/1.125,-120/-24,-113/-20,N,0x685f8:5/0x6862a:1/0x6865c:10/0x68690:1,17:0x67806:akt0,6/45/44/15/29,23:-7:weg:15:U,27
angriff_dick,fern_v_z_r22,12,rakete,2913,1,,22,127,5,1,0.0,-128/0,-127/5,N,0x685f8:5/0x6862a:1/0x6865c:10/0x68690:1,17:0x67806:akt0,6/45/44/15/28,24:-2:zum:15:U,27
angriff_dick,fern_v_z_r22,12,rakete,3436,1,,22,125,4,13,-1.125/0.0,-120/24,-125/18,N,0x685f8:5/0x6862a:1/0x6865c:10/0x68690:1,17:0x67806:akt0,6/45/44/15/29,24:-2:zum:15:U,27
angriff_dick,fern_v_z_r22,12,rakete,4220,1,,22,120,-2,1,0.0,-128/0,-120/-2,N,0x685f8:5/0x6862a:1/0x6865c:10/0x68690:1,17:0x67806:akt0,6/45/44/15/29,24:-5:weg:15:U,27
angriff_dick,fern_v_z_r22,12,rakete,5012,1,,22,121,-2,1,0.0,-128/0,-121/-2,N,0x685f8:5/0x6862a:1/0x6865c:10/0x68690:1,17:0x67806:akt0,6/45/44/15/29,24:-5:weg:15:U,27
angriff_dick,fern_v_z_r22,12,rakete,6121,1,,22,126,5,1,0.0,-128/0,-126/5,N,0x685f8:5/0x6862a:1/0x6865c:10/0x68690:1,17:0x67806:akt0,6/45/44/15/28,30:-2:weg:15:U,27
angriff_dick,fern_v_z_r22,12,rakete,6715,1,,22,120,-3,1,0.0,-128/0,-120/-3,N,0x685f8:5/0x6862a:1/0x6865c:10/0x68690:1,17:0x67806:akt0,6/45/44/15/28,,27
angriff_dick,fern_v_z_r22,12,rakete,7635,1,,22,120,3,1,0.0,-128/0,-120/3,N,0x685f8:5/0x6862a:1/0x6865c:10/0x68690:1,17:0x67806:akt0,6/45/44/15/27,23:-3:weg:15:U,27
rhythmus_dick,fern_v_z_r22,12,4,9,9,7759,1.16,1095/863/523/784/792/1109/594/920
angriff_dick,fern_v_z_r22,13,rakete,437,1,,22,119,5,22,-1.125/0.0,-120/24,-119/29,N,0x685f8:5/0x6862a:1/0x6865c:10/0x68690:1,17:0x67806:akt0,6/45/44/15/28,27:-26:zum:15:U,27
angriff_dick,fern_v_z_r22,13,rakete,653,1,,22,128,5,16,-1.125/0.0,-120/24,-128/22,N,0x685f8:5/0x6862a:1/0x6865c:10/0x68690:1,17:0x67806:akt0,6/45/44/15/29,27:-17:weg:15:U,27
angriff_dick,fern_v_z_r22,13,rakete,1119,1,,22,122,4,13,-1.125/0.0,-120/24,-122/18,N,0x685f8:5/0x6862a:1/0x6865c:10/0x68690:1,17:0x67806:akt0,6/45/44/15/28,23:-2:zum:15:U,27
angriff_dick,fern_v_z_r22,13,rakete,1565,1,,22,124,4,13,-1.125/0.0,-120/24,-124/18,N,0x685f8:5/0x6862a:1/0x6865c:10/0x68690:1,17:0x67806:akt0,6/45/44/15/28,24:-2:zum:15:U,27
angriff_dick,fern_v_z_r22,13,rakete,1788,1,,22,120,-2,1,0.0,-128/0,-120/-2,N,0x685f8:5/0x6862a:1/0x6865c:10/0x68690:1,17:0x67806:akt0,6/45/44/15/28,24:-5:weg:15:U,27
angriff_dick,fern_v_z_r22,13,rakete,2370,1,,22,128,-6,14,0.0/1.125,-120/-24,-128/-21,N,0x685f8:5/0x6862a:1/0x6865c:10/0x68690:1,17:0x67806:akt0,6/45/44/15/29,26:-7:weg:15:U,27
angriff_dick,fern_v_z_r22,13,rakete,2929,1,,22,120,-3,1,0.0,-128/0,-120/-3,N,0x685f8:5/0x6862a:1/0x6865c:10/0x68690:1,17:0x67806:akt0,6/45/44/15/29,,27
angriff_dick,fern_v_z_r22,13,rakete,4014,1,,22,124,-6,12,0.0/1.125,-120/-24,-124/-19,N,0x685f8:5/0x6862a:1/0x6865c:10/0x68690:1,17:0x67806:akt0,6/45/44/15/29,25:-7:zum:15:U,27
angriff_dick,fern_v_z_r22,13,rakete,4595,1,,22,128,-6,14,0.0/1.125,-120/-24,-128/-21,N,0x685f8:5/0x6862a:1/0x6865c:10/0x68690:1,17:0x67806:akt0,6/45/44/15/29,26:-7:weg:15:U,27
angriff_dick,fern_v_z_r22,13,rakete,5462,1,,22,128,-6,14,0.0/1.125,-120/-24,-128/-21,N,0x685f8:5/0x6862a:1/0x6865c:10/0x68690:1,17:0x67806:akt0,6/45/44/15/28,26:-7:zum:15:U,27
angriff_dick,fern_v_z_r22,13,rakete,5927,1,,22,120,-3,1,0.0,-128/0,-120/-3,N,0x685f8:5/0x6862a:1/0x6865c:10/0x68690:1,17:0x67806:akt0,6/45/44/15/28,24:-6:zum:15:U,27
angriff_dick,fern_v_z_r22,13,rakete,6393,1,,22,124,4,13,-1.125/0.0,-120/24,-124/18,N,0x685f8:5/0x6862a:1/0x6865c:10/0x68690:1,17:0x67806:akt0,6/45/44/15/28,24:-2:weg:15:U,27
angriff_dick,fern_v_z_r22,13,rakete,6918,1,,22,127,-6,15,0.0/1.125,-120/-24,-127/-21,N,0x685f8:5/0x6862a:1/0x6865c:10/0x68690:1,17:0x67806:akt0,6/45/44/15/28,25:-7:zum:15:U,27
angriff_dick,fern_v_z_r22,13,rakete,7310,1,,22,120,-3,1,0.0,-128/0,-120/-3,N,0x685f8:5/0x6862a:1/0x6865c:10/0x68690:1,17:0x67806:akt0,6/45/44/15/27,24:-6:zum:15:U,27
angriff_dick,fern_v_z_r22,13,rakete,7656,1,,22,120,-3,1,0.0,-128/0,-120/-3,N,0x685f8:5/0x6862a:1/0x6865c:10/0x68690:1,17:0x67806:akt0,6/45/44/15/28,,27
angriff_dick,fern_v_z_r22,13,rakete,7876,1,,22,123,5,1,0.0,-128/0,-123/5,N,0x685f8:5/0x6862a:1/0x6865c:10/0x68690:1,17:0x67806:akt0,6/45/44/15/28,24:-2:weg:15:U,27
rhythmus_dick,fern_v_z_r22,13,4,16,16,7800,2.05,216/466/446/223/582/559/1085/581/867/465/466/525/392/346/220
angriff_dick,fern_v_z_r22,18,pistole,222,4,17/17/17,22,120,3,1,0.0,-128/0,-120/3,NUNU,0x68528:5/0x6855c:1/0x68590:10/0x685c4:1,17:0x67806:akt0,6/34/58/7/28 6/34/58/7/29,16:6:weg:7:N/16:6:weg:7:U,27
angriff_dick,fern_v_z_r22,18,pistole,645,4,17/17/17,22,136,-1,1,0.0,-128/0,-136/-1,NUNU,0x68528:5/0x6855c:1/0x68590:10/0x685c4:1,17:0x67806:akt0,6/34/58/7/27 6/34/58/7/28,19:-2:weg:7:N,27
angriff_dick,fern_v_z_r22,18,pistole,916,3,17/17,22,128,-6,15,0.0/1.125,-120/-24,-128/-21,NUN,0x68528:5/0x6855c:1/0x68590:10/0x685c4:1,17:0x67806:akt0,6/34/58/7/27 6/34/58/7/29,17:6:weg:7:N/17:6:weg:7:U,27
angriff_dick,fern_v_z_r22,18,pistole,1342,3,17/17,22,112,5,15,-1.125/0.0,-120/24,-112/21,NUN,0x68528:5/0x6855c:1/0x68590:10/0x685c4:1,17:0x67806:akt0,6/34/58/7/28 6/34/58/7/29,15:6:weg:7:N/15:6:weg:7:U,27
angriff_dick,fern_v_z_r22,18,pistole,1818,5,17/17/17/17,22,127,4,16,-1.125/0.0,-120/24,-127/21,NUNUN,0x68528:5/0x6855c:1/0x68590:10/0x685c4:1,17:0x67806:akt0,6/34/58/7/27 6/34/58/7/29,,27
angriff_dick,fern_v_z_r22,18,pistole,2705,6,17/17/17/17/17,22,120,-3,1,0.0,-128/0,-120/-3,NUNUNU,0x68528:5/0x6855c:1/0x68590:10/0x685c4:1,17:0x67806:akt0,6/34/58/7/28 6/34/58/7/29,16:6:weg:7:N/16:6:weg:7:U,27
angriff_dick,fern_v_z_r22,18,pistole,3253,5,17/17/17/17,22,121,-2,1,0.0,-128/0,-121/-2,NUNUN,0x68528:5/0x6855c:1/0x68590:10/0x685c4:1,17:0x67806:akt0,6/34/58/7/28 6/34/58/7/29,16:7:weg:7:N/16:7:weg:7:U,27
angriff_dick,fern_v_z_r22,18,pistole,3676,3,17/17,22,128,-6,14,0.0/1.125,-120/-24,-128/-21,NUN,0x68528:5/0x6855c:1/0x68590:10/0x685c4:1,17:0x67806:akt0,6/34/58/7/28 6/34/58/7/29,17:6:weg:7:N/17:6:weg:7:U,27
angriff_dick,fern_v_z_r22,18,pistole,4608,5,17/17/17/17,22,121,-2,1,0.0,-128/0,-121/-2,NUNUN,0x68528:5/0x6855c:1/0x68590:10/0x685c4:1,17:0x67806:akt0,6/34/58/7/27 6/34/58/7/28,,27
angriff_dick,fern_v_z_r22,18,pistole,5259,4,17/17/17,22,122,5,12,-1.125/0.0,-120/24,-122/18,NNUN,0x68528:5/0x6855c:1/0x68590:10/0x685c4:1,17:0x67806:akt0,6/34/58/7/28 6/34/58/7/29,16:8:weg:7:N/16:8:weg:7:N/16:8:weg:7:U,27
angriff_dick,fern_v_z_r22,18,pistole,5691,3,17/17,22,120,-2,1,0.0,-128/0,-120/-2,NUN,0x68528:5/0x6855c:1/0x68590:10/0x685c4:1,17:0x67806:akt0,6/34/58/7/28 6/34/58/7/29,16:6:weg:7:N/16:6:weg:7:U,27
angriff_dick,fern_v_z_r22,18,pistole,6690,5,17/17/17/17,22,122,-6,13,0.0/1.125,-120/-24,-122/-19,NUNNU,0x68528:5/0x6855c:1/0x68590:10/0x685c4:1,17:0x67806:akt0,6/34/58/7/27 6/34/58/7/28 6/34/58/7/29,16:8:weg:7:N/16:8:weg:7:U,27
angriff_dick,fern_v_z_r22,18,pistole,7112,8,17/17/17/17/17/17/17,22,121,-2,1,0.0,-128/0,-121/-2,NUNUNUNN,0x68528:5/0x6855c:1/0x68590:10/0x685c4:1,17:0x67806:akt0,6/34/58/7/27 6/34/58/7/28,16:7:weg:7:U,27
angriff_dick,fern_v_z_r22,18,pistole,7890,4,17/17/17,22,124,5,13,-1.125/0.0,-120/24,-124/18,NUNU,0x68528:5/0x6855c:1/0x68590:10/0x685c4:1,17:0x67806:akt0,6/34/58/7/27 6/34/58/7/29,,27
rhythmus_dick,fern_v_z_r22,18,0,14,62,7989,1.75,423/271/426/476/887/548/423/932/651/432/999/422/778
rakete,fern_v_z_r22,13,443,28,rechts,45,44,15,20,100,145,2409,44..1,5.0,0,20..29,115,21:-26:5:1:15:U
rakete,fern_v_z_r22,13,659,29,rechts,45,44,15,20,100,145,2536,44..1,5.0,0,20..29,115,21:-17:5:1:15:U
rakete,fern_v_z_r22,12,961,28,rechts,45,44,15,17,84,129,2543,44..14,5.0,0,17..26,112,
rakete,fern_v_z_r22,13,1125,28,rechts,45,44,15,16,79,124,2538,44..18,5.0,0,16..25,111,17:-2:4:1:15:U
rakete,fern_v_z_r22,13,1571,28,rechts,45,44,15,17,81,126,2538,44..14,5.0,0,17..26,112,18:-2:4:1:15:U
rakete,fern_v_z_r22,13,1794,28,rechts,45,44,15,17,80,125,2541,44..14,5.0,0,17..26,112,18:-5:-2:1:15:U
rakete,fern_v_z_r22,12,2056,29,rechts,45,44,15,16,75,120,2543,44..18,5.0,0,16..25,111,17:-7:-5:1:15:U
rakete,fern_v_z_r22,13,2376,29,rechts,45,44,15,19,90,135,2543,44..6,5.0,0,19..28,114,20:-7:-6:1:15:U
rakete,fern_v_z_r22,12,2919,28,rechts,45,44,15,17,84,129,2538,44..14,5.0,0,17..26,112,18:-2:5:1:15:U
rakete,fern_v_z_r22,13,2935,29,rechts,45,44,15,17,81,126,2542,44..14,5.0,0,17..26,112,
rakete,fern_v_z_r22,12,3442,29,rechts,45,44,15,17,82,127,2538,44..14,5.0,0,17..26,112,18:-2:4:1:15:U
rakete,fern_v_z_r22,13,4020,29,rechts,45,44,15,18,86,131,2543,44..10,5.0,0,18..27,113,19:-7:-6:1:15:U
rakete,fern_v_z_r22,12,4226,29,rechts,45,44,15,17,80,125,2541,44..14,5.0,0,17..26,112,18:-5:-2:1:15:U
rakete,fern_v_z_r22,13,4601,29,rechts,45,44,15,19,90,135,2543,44..6,5.0,0,19..28,114,20:-7:-6:1:15:U
rakete,fern_v_z_r22,12,5018,29,rechts,45,44,15,17,81,126,2541,44..14,5.0,0,17..26,112,18:-5:-2:1:15:U
rakete,fern_v_z_r22,13,5468,28,rechts,45,44,15,19,90,135,2543,44..6,5.0,0,19..28,114,20:-7:-6:1:15:U
rakete,fern_v_z_r22,13,5933,28,rechts,45,44,15,17,81,126,2542,44..14,5.0,0,17..26,112,18:-6:-3:1:15:U
rakete,fern_v_z_r22,12,6127,28,rechts,45,44,15,17,83,128,2538,44..14,5.0,0,17..26,112,24:-2:5:1:15:U
rakete,fern_v_z_r22,13,6399,28,rechts,45,44,15,17,81,126,2538,44..14,5.0,0,17..26,112,18:-2:4:1:15:U
rakete,fern_v_z_r22,12,6721,28,rechts,45,44,15,17,81,126,2542,44..14,5.0,0,17..26,112,
rakete,fern_v_z_r22,13,6924,28,rechts,45,44,15,18,89,134,2543,44..10,5.0,0,18..27,113,19:-7:-6:1:15:U
rakete,fern_v_z_r22,13,7316,27,rechts,45,44,15,17,81,126,2542,44..14,5.0,0,17..26,112,18:-6:-3:1:15:U
rakete,fern_v_z_r22,12,7641,27,rechts,45,44,15,16,78,123,2539,44..17,5.0,0,16..25,111,17:-3:3:1:15:U
rakete,fern_v_z_r22,13,7662,28,rechts,45,44,15,17,81,126,2542,44..14,5.0,0,17..26,112,
rakete,fern_v_z_r22,13,7882,28,rechts,45,44,15,17,80,125,2538,44..14,5.0,0,17..26,112,18:-2:5:1:15:U
kugel_ende,fern_v_z_r22,262,rechts,wand,2538,410
kugel_ende,fern_v_z_r22,279,rechts,wand,2538,410
kugel_ende,fern_v_z_r22,668,rechts,wand,2537,361
kugel_ende,fern_v_z_r22,685,rechts,wand,2537,360
kugel_ende,fern_v_z_r22,702,rechts,wand,2537,361
kugel_ende,fern_v_z_r22,956,rechts,wand,2538,362
kugel_ende,fern_v_z_r22,1382,rechts,wand,2538,362
kugel_ende,fern_v_z_r22,1824,rechts,wand,2531,355
kugel_ende,fern_v_z_r22,1841,rechts,wand,2531,355
kugel_ende,fern_v_z_r22,1858,rechts,wand,2531,355
kugel_ende,fern_v_z_r22,1875,rechts,wand,2531,355
kugel_ende,fern_v_z_r22,1892,rechts,wand,2531,355
kugel_ende,fern_v_z_r22,2745,rechts,wand,2538,362
kugel_ende,fern_v_z_r22,2762,rechts,wand,2538,362
kugel_ende,fern_v_z_r22,2779,rechts,wand,2538,362
kugel_ende,fern_v_z_r22,2796,rechts,wand,2538,362
kugel_ende,fern_v_z_r22,3293,rechts,wand,2537,361
kugel_ende,fern_v_z_r22,3310,rechts,wand,2537,361
kugel_ende,fern_v_z_r22,3327,rechts,wand,2537,361
kugel_ende,fern_v_z_r22,3716,rechts,wand,2538,362
kugel_ende,fern_v_z_r22,4614,rechts,wand,2537,360
kugel_ende,fern_v_z_r22,4631,rechts,wand,2537,361
kugel_ende,fern_v_z_r22,4648,rechts,wand,2537,361
kugel_ende,fern_v_z_r22,4665,rechts,wand,2537,361
kugel_ende,fern_v_z_r22,4682,rechts,wand,2537,361
kugel_ende,fern_v_z_r22,5316,rechts,wand,2536,360
kugel_ende,fern_v_z_r22,5731,rechts,wand,2538,362
kugel_ende,fern_v_z_r22,6730,rechts,wand,2536,361
kugel_ende,fern_v_z_r22,6747,rechts,wand,2536,360
kugel_ende,fern_v_z_r22,6764,rechts,wand,2536,360
kugel_ende,fern_v_z_r22,7118,rechts,wand,2537,361
kugel_ende,fern_v_z_r22,7152,rechts,wand,2537,361
kugel_ende,fern_v_z_r22,7169,rechts,wand,2537,361
kugel_ende,fern_v_z_r22,7186,rechts,wand,2537,361
kugel_ende,fern_v_z_r22,7203,rechts,wand,2537,361
kugel_ende,fern_v_z_r22,7220,rechts,wand,2537,361
kugel_ende,fern_v_z_r22,7237,rechts,wand,2537,361
kugel_ende,fern_v_z_r22,7896,rechts,wand,2534,358
kugel_ende,fern_v_z_r22,7913,rechts,wand,2534,357
kugel_ende,fern_v_z_r22,7930,rechts,wand,2534,358
kugel_ende,fern_v_z_r22,7947,rechts,wand,2534,358
dick_gehen,fern_v_z_r22,12,1.75/0.875:2439 2.25/1.125:337 sonst:742,blick_weg:29 blick_zur_figur:1186
dick_abstand,fern_v_z_r22,12,1903,100-139:36% 20-99:37% <20:27% >=140:0%
dick_annaeherung,fern_v_z_r22,12,
dick_pose,fern_v_z_r22,12,29,30/ph0:4 60/ph0:6 60/ph4:1 90/ph0:7 90/ph4:5 120/ph0:3 120/ph4:3,3,131,akt0:29
dick_pose_folge,fern_v_z_r22,12,686C4,17
dick_pose_folge,fern_v_z_r22,12,686C4-686FE-68730-68760-6878E-687B8-677CE,5
dick_pose_folge,fern_v_z_r22,12,686C4-686FE-68730-68760-6878E-687B8-686FE-68730-68760-6878E-687B8-677CE,5
dick_pose_folge,fern_v_z_r22,12,686C4-686FE-68730-68760-6878E-687B8-686FE-68730-68760,1
dick_pose_folge,fern_v_z_r22,12,686C4-686FE-68730-68760,1
dick_gehen,fern_v_z_r22,13,1.75/0.875:2627 2.25/1.125:298 sonst:680,blick_weg:18 blick_zur_figur:1256
dick_abstand,fern_v_z_r22,13,1941,100-139:58% 20-99:12% <20:23% >=140:6%
dick_annaeherung,fern_v_z_r22,13,
dick_pose,fern_v_z_r22,13,29,30/ph0:3 30/ph4:1 60/ph0:5 60/ph4:5 90/ph0:6 90/ph4:6 120/ph0:2 120/ph4:1,2,154,akt0:29
dick_pose_folge,fern_v_z_r22,13,686C4,14
dick_pose_folge,fern_v_z_r22,13,686C4-686FE-68730-68760-6878E-687B8-677CE,9
dick_pose_folge,fern_v_z_r22,13,686C4-686FE-68730-68760,3
dick_pose_folge,fern_v_z_r22,13,686C4-686FE-68730-68760-6878E-687B8-686FE-68730-68760-6878E-687B8-677CE,3
dick_gehen,fern_v_z_r22,18,1.75/0.875:2689 2.25/1.125:194 sonst:704,blick_weg:13 blick_zur_figur:1293
dick_abstand,fern_v_z_r22,18,2130,100-139:55% 20-99:19% <20:21% >=140:5%
dick_annaeherung,fern_v_z_r22,18,
dick_pose,fern_v_z_r22,18,18,30/ph0:1 30/ph4:3 60/ph0:2 60/ph4:3 90/ph0:6 90/ph4:2 120/ph4:1,3,229,akt0:18
dick_pose_folge,fern_v_z_r22,18,686C4,9
dick_pose_folge,fern_v_z_r22,18,686C4-686FE-68730-68760-6878E-687B8-67760,5
dick_pose_folge,fern_v_z_r22,18,686C4-686FE-68730-68760-6878E-687B8-686FE-68730-68760,2
dick_pose_folge,fern_v_z_r22,18,686C4-686FE-68730-68760,2
schutz,fern_v_z_r22,zustand1:29 zustand3:13
mehrere_dick,fern_v_z_r22,3,39,6,645/18+653/13 916/18+955/12 2913/12+2929/13 4595/13+4608/18 6690/18+6715/12 7876/13+7890/18
erscheinen,fern_v_z_r22,22,,3:16:WOOKY 3:17:WOOKY 11:18:DICK:w0:lp27 200:13:DICK:w4:lp27 200:14:EDDY 200:15:EDDY 241:12:DICK:w4:lp27
gegner_auf_bahn,fern_v_z_r22,explosion,DICK,62,nein
gegner_auf_bahn,fern_v_z_r22,kugel,DICK,113,nein
gegner_auf_bahn,fern_v_z_r22,rakete_flug,DICK,393,nein
erscheinen,fern_v_zweit_a17,17,,3:16:WOOKY 3:17:WOOKY 200:14:DICK:w4:lp24 200:15:EDDY 200:18:EDDY
erscheinen,fern_v_zweit_a18,18,,3:16:WOOKY 3:17:WOOKY 200:14:DICK:w4:lp25 200:15:EDDY 200:18:EDDY
erscheinen,fern_v_zweit_a20,20,,3:16:WOOKY 3:17:WOOKY 200:14:DICK:w4:lp26 200:15:EDDY 200:18:EDDY
erscheinen,fern_v_zweit_e12,12,,3:16:WOOKY 3:17:WOOKY 11:18:DICK:w0:lp22 200:13:DICK:w4:lp22 200:14:EDDY 200:15:EDDY
erscheinen,fern_v_zweit_e17,17,,3:16:WOOKY 3:17:WOOKY 200:14:DICK:w4:lp24 200:15:EDDY 200:18:EDDY 240:13:DICK:w4:lp24
erscheinen,fern_v_zweit_e18,18,,3:16:WOOKY 3:17:WOOKY 200:14:DICK:w4:lp25 200:15:EDDY 200:18:EDDY 240:13:DICK:w4:lp25
erscheinen,fern_v_zweit_e20,20,,3:16:WOOKY 3:17:WOOKY 11:18:DICK:w0:lp26 200:13:DICK:w4:lp26 200:14:EDDY 200:15:EDDY
erscheinen,fern_v_zweit_e22,22,,3:16:WOOKY 3:17:WOOKY 11:18:DICK:w0:lp27 200:13:DICK:w4:lp27 200:14:EDDY 200:15:EDDY
erscheinen,fern_v_zweit_e9,9,,3:16:WOOKY 3:17:WOOKY 11:18:DICK:w0:lp20 200:13:DICK:w4:lp20 200:14:EDDY 200:15:EDDY
