# Fernangriffe der Gegner in Stage 1 (Captain Commando, Figur Captain): Pistole und Raketenwerfer
# des DICK (Typ 0x64E7A), Messerwurf und Messerhagel (Stichserie) des SKIP (Typ 0x25086).
# Erzeugt von scripts/belege_fern.sh (Szenario scenarios/fern_frei.lua), Auswertung
# scripts/messen_fern.py. Frames = lokale Frames des Runners; Positionen ganzzahlig am Frame-Ende.
# Geschoss = Objekt in Slot 20..59, dessen Zeigerwort S+0x6C auf den Werfer zeigt (Messer Typ
# 0x85B42, Kugel und Rakete Typ 0x86022). A = Angriffsbeginn (Animationszeiger S+0x1C des
# Werfers), G = Erscheinen des Geschosses. d = Abstand der Figur vor dem Werfer, dz = z(Werfer) - z(Figur).
# EINGRIFFE: alle Laeufe LP der Figur 72 (LP); Rang festgehalten (RANG) ausser fern_a_snat und
# fern_a_gd; DICK-Laeufe: DOLG auf x 2900 (DOLG), WOOKY und EDDY entfernt (ENTF), letzte Welle
# per DOLG-LP 27 (LP27), Pistolen-DICK entfernt (PISTWEG) in fern_a_r*, fern_rw*; fern_a_k*: Arena-
# WOOKY besiegt (TOET), DOLG aktiv; fern_a_sf*, fern_a_pf9, fern_a_rf20: Figur fest (FEST);
# Teil B, C: Figur bzw. Gegner/Objekt relativ zum Geschoss gesetzt (GESCH); Teil E: TOET;
# Teil F: Arena-WOOKY in Frame 4 entfernt (f_r*) bzw. besiegt (f_k*, TOET), Rang 7..24.
# Savestates p0_s1_s1_cam00768/02048 stammen aus dem Bot-Lauf der Phase 0 (LP-Auffuellung).
## zusammenfassung (je Angriffsart; Belege in den Abschnitten darunter)
angriff,groesse,wert,anzahl,beleg
Messerwurf,Geschosse (natuerliche Laeufe),32,32,a_s20 a_s9 a_sf20 a_sf9 a_sg9 a_snat a_st9
Messerwurf,Slot des Geschosses,29:32,32,
Messerwurf,Startup G-A (Frames),8:32,32,
Messerwurf,Erscheinen: px vor dem Werfer / Tiefe rel. Werfer / Hoehe,80:32 / 0:32 / 56:32,32,
Messerwurf,"Geschwindigkeit x im Flug (px/Frame, Betrag)",4.0:32,32,
Messerwurf,Hoehe im Flug (Start..Ende),56..56:32,32,
Messerwurf,Tiefe im Flug konstant,ja,32,
Messerwurf,ohne Treffer: Flugframes,27:1,1,a_st9
Messerwurf,ohne Treffer: Weite (px),104:1,1,
Messerwurf,ohne Treffer: Ende x - Kamera-x,-19:1,1,
Messerwurf,ohne Treffer: Animation nach dem Flug,(keine):1,1,
Messerwurf,Treffer an der Figur / Geschosse,31 / 32,32,
Messerwurf,Schaden S+0x8B je Rang (rang:schaden),9:10:19 20:12:7 12:11:2 14:11:2 11:10:1 16:11:1,32,
Messerwurf,"Umwerfen (art, ja/nein)",Messer ja:31,31,
Messerwurf,Attribut S+0x24 (Wert:Frames),0000:11 0c08:9 ff00:1:20 0000:11 0c08:12 ff00:1:3 0000:11 0c08:3 ff00:1:3 0000:11 0c08:10 ff00:1:2 0000:11 0c08:11 ff00:1:1 0000:11 0c08:13 ff00:1:1 0000:11 0c08:2 ff00:1:1 0c08:27:1,32,
Messerwurf,wirksame Frames je Geschoss (ohne Treffer),27:1,1,
Messerwurf,Treffer an anderen Gegnern (natuerlich),0,32,
Pistole,Geschosse (natuerliche Laeufe),200,200,a_k20 a_k9 a_p20 a_p9 a_pf9 a_pg9 a_z20 a_z9
Pistole,Slot des Geschosses,29:97 28:90 27:13,200,
Pistole,Startup G-A (Frames),6:200,200,
Pistole,Erscheinen: px vor dem Werfer / Tiefe rel. Werfer / Hoehe,34:200 / 0:200 / 58:200,200,
Pistole,"Geschwindigkeit x im Flug (px/Frame, Betrag)",8.0:200,200,
Pistole,Hoehe im Flug (Start..Ende),58..58:200,200,
Pistole,Tiefe im Flug konstant,ja,200,
Pistole,ohne Treffer: Flugframes,12:20 25:12 13:9 23:8 43:8 14:6 30:6 48:6 22:5 11:3 15:2 24:2,101,a_k20 a_k9 a_p20 a_p9 a_pf9 a_pg9 a_z20 a_z9
Pistole,ohne Treffer: Weite (px),88:20 192:12 96:9 176:8 336:8 104:6 232:6 376:6 168:5 80:3 112:2 184:2,101,
Pistole,ohne Treffer: Ende x - Kamera-x,362:19 -66:14 361:11 450:10 -65:9 -64:4 357:3 360:3 366:3 367:3 410:3 412:3,101,
Pistole,ohne Treffer: Animation nach dem Flug,095exx:6:52 (keine):47 095exx:1:2,101,
Pistole,Treffer an der Figur / Geschosse,99 / 200,200,
Pistole,Schaden S+0x8B je Rang (rang:schaden),20:6:100 9:5:99 10:5:1,200,
Pistole,"Umwerfen (art, ja/nein)",Kugel nein:55 Kugel-Umwerf ja:44,99,
Pistole,Attribut S+0x24 (Wert:Frames),0000:11 0002:10 ff00:1:27 0000:11 0c02:10 ff00:1:20 0000:11 0002:11 ff00:1:14 0000:5 0002:12 ff00:1:13 0000:11 0c02:11 ff00:1:12 0000:11 0002:12 ff00:1:8 0002:25:8 0000:11 0c02:12 ff00:1:7 0000:5 0c02:12 ff00:1:7 0000:5 0002:13 ff00:1:6 0002:23:6 0002:43:5,200,
Pistole,wirksame Frames je Geschoss (ohne Treffer),12:20 25:12 13:9 23:8 43:8 14:6 30:6 48:6 22:5 11:3 15:2 24:2,101,
Pistole,Treffer an anderen Gegnern (natuerlich),0,200,
Rakete,Geschosse (natuerliche Laeufe),74,74,a_gd a_r20 a_r9 a_rf20 a_z20 a_z9
Rakete,Slot des Geschosses,29:40 28:34,74,
Rakete,Startup G-A (Frames),6:74,74,
Rakete,Erscheinen: px vor dem Werfer / Tiefe rel. Werfer / Hoehe,45:74 / 0:74 / 44:74,74,
Rakete,"Geschwindigkeit x im Flug (px/Frame, Betrag)",5.0:74,74,
Rakete,Hoehe im Flug (Start..Ende),44..1:38 44..14:18 44..10:9 44..6:3 44..18:2 44..21:2 44..5:2,74,
Rakete,Tiefe im Flug konstant,ja,74,
Rakete,ohne Treffer: Flugframes,20:4 17:3 15:1 18:1 19:1,10,a_gd a_r20 a_rf20 a_z9
Rakete,ohne Treffer: Weite (px),95:4 80:3 70:1 85:1 90:1,10,
Rakete,ohne Treffer: Ende x - Kamera-x,188:2 363:2 218:1 356:1 360:1 361:1 362:1 366:1,10,
Rakete,ohne Treffer: Animation nach dem Flug,0864xx:20 0865xx:15 0866xx:15 0867xx:20 0868xx:15 0869xx:10:10,10,
Rakete,Treffer an der Figur / Geschosse,64 / 74,74,
Rakete,Schaden S+0x8B je Rang (rang:schaden),20:14:51 9:13:15 21:14:3 22:15:3 19:14:1 23:15:1,74,
Rakete,"Umwerfen (art, ja/nein)",Rakete ja:64,64,
Rakete,Attribut S+0x24 (Wert:Frames),0000:104 1402:10 ff00:1:38 0000:101 1402:10 ff00:1:18 0000:102 1402:10 ff00:1:9 0000:103 1402:10 ff00:1:5 0000:100 1402:10 ff00:1:2 0000:99 1402:10 ff00:1:2,74,
Rakete,wirksame Frames je Geschoss (ohne Treffer),10:10,10,
Rakete,Explosion (Frames mit Attribut 0x14xx),10:74,74,
Rakete,Treffer an anderen Gegnern (natuerlich),0,74,
Messerwurf,Angriffe (natuerlich),32,32,a_s20 a_s9 a_sf20 a_sf9 a_sg9 a_snat a_st9
Messerwurf,d bei A (Abstand vor dem Werfer),114 bis 156 | 141:15 142:6 115:2 151:2 114:1 116:1 143:1 146:1,32,
Messerwurf,dz bei A,-9 bis 15 | -1:5 -7:5 1:4 5:4 -9:3 10:3 6:3 -3:1,32,
Messerwurf,Dauer A bis Gehen/Stand (Frames),42:32,32,
Messerhagel (Messerstich),Angriffe (natuerlich),150,150,a_s20 a_s9 a_sf20 a_sf9 a_sg9 a_snat a_st9
Messerhagel (Messerstich),d bei A (Abstand vor dem Werfer),56 bis 72 | 72:55 57:43 71:25 58:13 59:8 70:4 56:2,150,
Messerhagel (Messerstich),dz bei A,-5 bis 8 | -2:27 4:25 3:22 -4:19 -3:17 5:12 2:11 0:5,150,
Messerhagel (Messerstich),Dauer A bis Gehen/Stand (Frames),37:101 25:47 11:1 13:1,150,
Messerhagel (Messerstich),Treffer an der Figur: rang:-LP (U = umgeworfen),9:-8:72 20:-9:50 11:-8:6 17:-9:4 15:-8:3 10:-8:2 8:-7:2 18:-9:1,140,
Messerhagel (Messerstich),Trefferframe relativ zu A,A+13:139 A+14:1,140,
Ausfallstich,Angriffe (natuerlich),35,35,a_s20 a_s9 a_sf20 a_sf9 a_sg9 a_snat a_st9
Ausfallstich,d bei A (Abstand vor dem Werfer),50 bis 72 | 71:12 72:10 59:4 57:3 58:2 70:2 50:1 60:1,35,
Ausfallstich,dz bei A,-5 bis 8 | 2:8 -3:6 4:6 -2:3 -4:3 8:3 3:2 5:2,35,
Ausfallstich,Dauer A bis Gehen/Stand (Frames),34:35,35,
Ausfallstich,Treffer an der Figur: rang:-LP (U = umgeworfen),9:-10U:17 20:-12U:11 10:-10U:1 11:-10U:1 13:-11U:1 17:-12U:1,32,
Ausfallstich,Trefferframe relativ zu A,A+14:32,32,
Pistole,Angriffe (natuerlich),48,48,a_k20 a_k9 a_p20 a_p9 a_pf9 a_pg9 a_z20 a_z9
Pistole,d bei A (Abstand vor dem Werfer),112 bis 136 | 120:13 121:8 136:5 112:3 124:3 128:3 135:3 127:2,48,
Pistole,dz bei A,-6 bis 5 | 5:14 -6:11 4:6 -1:3 -2:3 -3:3 -5:2 2:2,48,
Pistole,Dauer A bis Gehen/Stand (Frames),85:18 68:17 51:8 34:3 102:2,48,
Pistole,Schuesse je Salve (rang:n),9:4:12 9:5:10 20:3:8 20:5:8 20:4:5 20:2:2 20:6:2 9:2:1,48,
Pistole,Schussframes relativ zu A,0 17 34 51 68:18 0 17 34 51:17 0 17 34:8 0 17:3 0 17 34 51 68 85:2,48,
Rakete,Angriffe (natuerlich),74,74,a_gd a_r20 a_r9 a_rf20 a_z20 a_z9
Rakete,d bei A (Abstand vor dem Werfer),112 bis 136 | 120:12 121:10 127:9 112:7 128:7 124:5 113:4 122:4,74,
Rakete,dz bei A,-6 bis 5 | 5:27 -6:19 -2:7 -3:6 4:5 -5:4 -1:2 -4:1,74,
Rakete,Dauer A bis Gehen/Stand (Frames),17:74,74,
Rakete,Schuesse je Salve (rang:n),20:1:51 9:1:15 21:1:3 22:1:3 19:1:1 23:1:1,74,
Rakete,Schussframes relativ zu A,0:74,74,
Pose (Aktion 2),Angriffe (natuerlich),368,368,a_gd a_k20 a_k9 a_p20 a_p9 a_pf9 a_pg9 a_r20 a_r9 a_rf20 a_z20 a_z9
Pose (Aktion 2),d bei A (Abstand vor dem Werfer),-2 bis 293 | 7:18 2:11 70:11 73:9 1:8 93:8 12:7 9:7,368,
Pose (Aktion 2),dz bei A,-22 bis 38 | -22:40 -10:22 -4:15 -8:15 -3:14 5:12 7:12 -1:10,368,
Pose (Aktion 2),Dauer A bis Gehen/Stand (Frames),90:91 60:80 42:76 30:51 74:44 120:19 1:1 14:1 19:1 29:1 39:1 56:1,368,
"SKIP (Slot 18, Rang 9)","zielpunkt relativ zur figur (dx,dz)","(150, 0):7",7,a_s9
"SKIP (Slot 18, Rang 9)",vorbereitung frames,27 20 28 7 21 21 27,7,a_s9
"SKIP (Slot 18, Rang 9)",betrag der geschwindigkeit px/frame,1.72:185 1.65:147 1.75:139 1.38:135 1.53:133 0.92:130 1.21:122 1.05:120,1627,a_s9
"SKIP (Slot 18, Rang 9)",frames weg von der figur / zur figur,728 / 899,1627,a_s9 blickt zur Figur:728
"SKIP (Slot 18, Rang 9)",verteilung |dx| zur figur (20er-klassen: frames),20:17 40:553 60:888 80:1081 100:1431 120:539 140:1194 160:163 180:75 200:58,5999,a_s9
"SKIP (Slot 18, Rang 9)","verteilung |dx|, figur steht frei (zustand 1, aktion 0)",20:17 40:164 60:311 80:873 100:1156 120:400 140:558 160:28 180:32 200:7,3546,a_s9
"SKIP (Slot 18, Rang 20)","zielpunkt relativ zur figur (dx,dz)","(150, 0):3",3,a_s20
"SKIP (Slot 18, Rang 20)",vorbereitung frames,27 20 21,3,a_s20
"SKIP (Slot 18, Rang 20)",betrag der geschwindigkeit px/frame,1.65:258 1.72:191 1.53:165 1.38:159 0.92:157 1.21:143 1.97:140 1.75:138,1916,a_s20
"SKIP (Slot 18, Rang 20)",frames weg von der figur / zur figur,828 / 1088,1916,a_s20 blickt zur Figur:820 blickt weg:8
"SKIP (Slot 18, Rang 20)",verteilung |dx| zur figur (20er-klassen: frames),0:49 20:303 40:879 60:1574 80:816 100:1345 120:372 140:476 160:100 180:27 200:58,5999,a_s20
"SKIP (Slot 18, Rang 20)","verteilung |dx|, figur steht frei (zustand 1, aktion 0)",0:34 20:60 40:293 60:556 80:705 100:1037 120:297 140:196 160:24 180:8 200:7,3217,a_s20
"SKIP (Slot 18, Rang 9)","zielpunkt relativ zur figur (dx,dz)","(150, 0):6",6,a_snat
"SKIP (Slot 18, Rang 9)",vorbereitung frames,27 20 28 7 26 8,6,a_snat
"SKIP (Slot 18, Rang 9)",betrag der geschwindigkeit px/frame,0.92:192 1.65:164 1.72:148 1.21:146 1.05:143 1.38:130 1.75:123 1.53:122,1665,a_snat
"SKIP (Slot 18, Rang 9)",frames weg von der figur / zur figur,680 / 985,1665,a_snat blickt zur Figur:680
"SKIP (Slot 18, Rang 9)",verteilung |dx| zur figur (20er-klassen: frames),20:17 40:300 60:1184 80:1549 100:1363 120:421 140:873 160:116 180:118 200:58,5999,a_snat
"SKIP (Slot 18, Rang 9)","verteilung |dx|, figur steht frei (zustand 1, aktion 0)",20:17 40:95 60:430 80:1260 100:1133 120:315 140:398 160:24 180:77 200:7,3756,a_snat
"SKIP (Slot 18, Rang 9)","zielpunkt relativ zur figur (dx,dz)","(150, 0):7",7,a_sf9
"SKIP (Slot 18, Rang 9)",vorbereitung frames,19 29 27 27 31 27 23,7,a_sf9
"SKIP (Slot 18, Rang 9)",betrag der geschwindigkeit px/frame,1.65:504 1.53:283 1.38:245 1.72:243 0.92:183 1.21:161 1.05:156 0.88:97,2269,a_sf9
"SKIP (Slot 18, Rang 9)",frames weg von der figur / zur figur,1041 / 1228,2269,a_sf9 blickt zur Figur:1026 blickt weg:15
"SKIP (Slot 18, Rang 9)",verteilung |dx| zur figur (20er-klassen: frames),0:95 20:114 40:948 60:351 80:687 100:2026 120:656 140:923 160:157 180:8 200:8 220:8 240:8 260:8 280:2,5999,a_sf9
"SKIP (Slot 18, Rang 9)","verteilung |dx|, figur steht frei (zustand 1, aktion 0)",0:71 20:92 40:395 60:104 80:532 100:1386 120:503 140:643 160:157 180:8 200:8 220:8 240:8 260:8 280:2,3925,a_sf9
"SKIP (Slot 18, Rang 20)","zielpunkt relativ zur figur (dx,dz)","(150, 0):4",4,a_sf20
"SKIP (Slot 18, Rang 20)",vorbereitung frames,31 30 25 26,4,a_sf20
"SKIP (Slot 18, Rang 20)",betrag der geschwindigkeit px/frame,1.65:553 1.72:340 1.53:329 1.38:286 1.21:266 1.05:264 0.92:253 1.75:206,2942,a_sf20
"SKIP (Slot 18, Rang 20)",frames weg von der figur / zur figur,1399 / 1543,2942,a_sf20 blickt zur Figur:1385 blickt weg:14
"SKIP (Slot 18, Rang 20)",verteilung |dx| zur figur (20er-klassen: frames),0:95 20:238 40:483 60:415 80:563 100:1516 120:895 140:1483 160:131 180:146 200:8 220:8 240:8 260:8 280:2,5999,a_sf20
"SKIP (Slot 18, Rang 20)","verteilung |dx|, figur steht frei (zustand 1, aktion 0)",0:71 20:86 40:246 60:190 80:513 100:1365 120:763 140:1271 160:61 180:16 200:8 220:8 240:8 260:8 280:2,4616,a_sf20
"SKIP (Slot 18, Rang 9)","zielpunkt relativ zur figur (dx,dz)","(150, 0):1 (-150, 0):1",2,a_sg9
"SKIP (Slot 18, Rang 9)",vorbereitung frames,26 17,2,a_sg9
"SKIP (Slot 18, Rang 9)",betrag der geschwindigkeit px/frame,1.72:663 1.65:443 1.38:255 1.53:253 1.75:221 1.05:149 1.21:116 0.92:92,2721,a_sg9
"SKIP (Slot 18, Rang 9)",frames weg von der figur / zur figur,1351 / 1370,2721,a_sg9 blickt zur Figur:1315 blickt weg:36
"SKIP (Slot 18, Rang 9)",verteilung |dx| zur figur (20er-klassen: frames),0:604 20:471 40:1032 60:830 80:835 100:992 120:485 140:372 160:276 180:72 200:23 220:7,5999,a_sg9
"SKIP (Slot 18, Rang 9)","verteilung |dx|, figur steht frei (zustand 1, aktion 0)",0:71 20:168 40:478 60:229 80:399 100:431 120:169 140:96 160:48 180:5 200:4,2098,a_sg9
"SKIP (Slot 18, Rang 9)","reaktion, waehrend die figur auf ihn zugeht (frames)",kommt naeher (akt 10):39,39,a_sg9
"SKIP (Slot 18, Rang 9)","zielpunkt relativ zur figur (dx,dz)","(150, 0):2 (150, 18):1",3,a_st9
"SKIP (Slot 18, Rang 9)",vorbereitung frames,2 2 30,3,a_st9
"SKIP (Slot 18, Rang 9)",betrag der geschwindigkeit px/frame,1.53:219 1.05:208 0.92:206 1.65:179 1.38:175 1.21:158 1.72:157 0.88:115,2005,a_st9
"SKIP (Slot 18, Rang 9)",frames weg von der figur / zur figur,828 / 1177,2005,a_st9 blickt zur Figur:828
"SKIP (Slot 18, Rang 9)",verteilung |dx| zur figur (20er-klassen: frames),0:17 20:25 40:566 60:1173 80:825 100:951 120:1019 140:958 160:377 180:20 200:7,5938,a_st9
"SKIP (Slot 18, Rang 9)","verteilung |dx|, figur steht frei (zustand 1, aktion 0)",0:17 20:25 40:326 60:445 80:654 100:828 120:943 140:703 160:261 180:8 200:7,4217,a_st9
"DICK (Slot 18, Rang 9)","zielpunkt (dx,dz)","(-120, 24):2 (-120, -24):1",3,a_p9
"DICK (Slot 18, Rang 9)",vorbereitung frames,12 17 13,3,a_p9
"DICK (Slot 18, Rang 9)",betrag der geschwindigkeit px/frame,1.72:717 1.75:585 1.65:399 1.53:176 0.92:136 1.05:91 1.38:88 1.21:85,2532,a_p9
"DICK (Slot 18, Rang 9)",frames weg von der figur / zur figur,1090 / 1442,2532,a_p9 blickt zur Figur:1072 blickt weg:18
"DICK (Slot 18, Rang 9)",verteilung |dx| zur figur (20er-klassen: frames),0:1280 20:726 40:490 60:724 80:462 100:1093 120:816 140:53 160:42 180:225 200:48 220:30,5989,a_p9
"DICK (Slot 18, Rang 9)","verteilung |dx|, figur steht frei (zustand 1, aktion 0)",0:1280 20:717 40:478 60:713 80:419 100:1053 120:690 140:39 160:28 180:42 200:5 220:3,5467,a_p9
"DICK (Slot 18, Rang 20)","zielpunkt (dx,dz)","(-128, 0):8 (-120, 24):3 (-120, -24):2",13,a_p20
"DICK (Slot 18, Rang 20)",vorbereitung frames,1 13 1 1 1 13 13 13 1 1 17 1 1,13,a_p20
"DICK (Slot 18, Rang 20)",betrag der geschwindigkeit px/frame,1.75:473 1.65:419 1.72:377 0.92:192 1.53:125 0.33:104 1.38:101 0.37:83,2628,a_p20
"DICK (Slot 18, Rang 20)",frames weg von der figur / zur figur,1158 / 1470,2628,a_p20 blickt zur Figur:1138 blickt weg:20
"DICK (Slot 18, Rang 20)",verteilung |dx| zur figur (20er-klassen: frames),0:1634 20:298 40:361 60:450 80:566 100:594 120:1728 140:76 160:42 180:42 200:132 220:44 240:20 260:2,5989,a_p20
"DICK (Slot 18, Rang 20)","verteilung |dx|, figur steht frei (zustand 1, aktion 0)",0:1575 20:210 40:259 60:273 80:148 100:413 120:727 140:51 160:17 180:16 200:17 220:3,3709,a_p20
"DICK (Slot 18, Rang 9)","zielpunkt (dx,dz)","(-120, 24):3 (-120, -24):1",4,a_pf9
"DICK (Slot 18, Rang 9)",vorbereitung frames,12 12 13 13,4,a_pf9
"DICK (Slot 18, Rang 9)",betrag der geschwindigkeit px/frame,1.72:434 1.75:420 1.65:291 1.53:258 0.92:225 1.38:144 1.05:134 1.21:122,2242,a_pf9
"DICK (Slot 18, Rang 9)",frames weg von der figur / zur figur,1014 / 1228,2242,a_pf9 blickt zur Figur:1002 blickt weg:12
"DICK (Slot 18, Rang 9)",verteilung |dx| zur figur (20er-klassen: frames),0:793 20:608 40:243 60:600 80:518 100:1203 120:1929 140:77 160:5 180:5 200:5 220:3,5989,a_pf9
"DICK (Slot 18, Rang 9)","verteilung |dx|, figur steht frei (zustand 1, aktion 0)",0:793 20:608 40:243 60:600 80:439 100:1130 120:1515 140:77 160:5 180:5 200:5 220:3,5423,a_pf9
"DICK (Slot 18, Rang 9)","zielpunkt (dx,dz)","(120, 24):2 (128, 0):2 (120, -24):1",5,a_pg9
"DICK (Slot 18, Rang 9)",vorbereitung frames,13 1 18 1 12,5,a_pg9
"DICK (Slot 18, Rang 9)",betrag der geschwindigkeit px/frame,1.72:592 1.75:476 1.65:246 2.25:204 2.21:201 1.53:148 0.92:146 1.21:113,2775,a_pg9
"DICK (Slot 18, Rang 9)",frames weg von der figur / zur figur,1188 / 1587,2775,a_pg9 blickt zur Figur:1173 blickt weg:15
"DICK (Slot 18, Rang 9)",verteilung |dx| zur figur (20er-klassen: frames),0:741 20:580 40:417 60:706 80:456 100:991 120:1025 140:208 160:131 180:213 200:65 220:29,5562,a_pg9
"DICK (Slot 18, Rang 9)","verteilung |dx|, figur steht frei (zustand 1, aktion 0)",0:719 20:555 40:388 60:519 80:422 100:815 120:717 140:168 160:111 180:194 200:45 220:3,4656,a_pg9
"DICK (Slot 18, Rang 9)","reaktion, waehrend die figur auf ihn zugeht (frames)",bleibt in x (akt 2):161 weicht zurueck (akt 0):141 bleibt in x (akt 4):50 kommt naeher (akt 0):35 bleibt in x (akt 0):6,393,a_pg9
"DICK (Slot 13, Rang 9)","zielpunkt (dx,dz)","(-128, 0):5 (-120, 24):2 (-120, -24):2",9,a_r9
"DICK (Slot 13, Rang 9)",vorbereitung frames,1 16 1 1 15 1 13 14 1,9,a_r9
"DICK (Slot 13, Rang 9)",betrag der geschwindigkeit px/frame,1.75:488 1.65:479 0.92:453 1.72:198 0.37:196 1.53:186 0.88:106 1.38:89,2694,a_r9
"DICK (Slot 13, Rang 9)",frames weg von der figur / zur figur,1103 / 1591,2694,a_r9 blickt zur Figur:1089 blickt weg:14
"DICK (Slot 13, Rang 9)",verteilung |dx| zur figur (20er-klassen: frames),0:1378 20:383 40:528 60:212 80:402 100:495 120:2187 140:205 160:62 180:36 200:9 220:3,5900,a_r9
"DICK (Slot 13, Rang 9)","verteilung |dx|, figur steht frei (zustand 1, aktion 0)",0:1354 20:361 40:370 60:167 80:292 100:269 120:1175 140:94 160:5 180:5 200:5 220:3,4100,a_r9
"DICK (Slot 10, Rang 20)","zielpunkt (dx,dz)","(-128, 0):10 (-120, 24):3 (-120, -24):1",14,a_r20
"DICK (Slot 10, Rang 20)",vorbereitung frames,1 15 16 1 1 1 1 1 13 1 12 1 1 1,14,a_r20
"DICK (Slot 10, Rang 20)",betrag der geschwindigkeit px/frame,1.72:540 1.65:509 0.92:287 1.75:253 0.37:190 1.53:126 1.05:97 1.12:94,2674,a_r20
"DICK (Slot 10, Rang 20)",frames weg von der figur / zur figur,1205 / 1469,2674,a_r20 blickt zur Figur:1187 blickt weg:18
"DICK (Slot 10, Rang 20)",verteilung |dx| zur figur (20er-klassen: frames),0:1443 20:393 40:332 60:605 80:404 100:759 120:1485 140:237 160:53 180:33 200:23 220:21 240:57 260:15,5860,a_r20
"DICK (Slot 10, Rang 20)","verteilung |dx|, figur steht frei (zustand 1, aktion 0)",0:473 20:92 40:211 60:307 80:118 100:443 120:717 140:124 160:5 180:5 200:5 220:3,2503,a_r20
"DICK (Slot 13, Rang 20)","zielpunkt (dx,dz)","(-120, -24):3 (-128, 0):2 (-120, 24):1",6,a_r20
"DICK (Slot 13, Rang 20)",vorbereitung frames,13 1 15 15 1 15,6,a_r20
"DICK (Slot 13, Rang 20)",betrag der geschwindigkeit px/frame,1.65:449 1.72:344 0.92:311 1.75:241 0.37:198 1.53:148 2.25:111 0.45:94,2500,a_r20
"DICK (Slot 13, Rang 20)",frames weg von der figur / zur figur,1141 / 1359,2500,a_r20 blickt zur Figur:1125 blickt weg:16
"DICK (Slot 13, Rang 20)",verteilung |dx| zur figur (20er-klassen: frames),0:1843 20:316 40:547 60:815 80:480 100:403 120:1070 140:89 160:109 180:25 200:115 220:22 240:66,5900,a_r20
"DICK (Slot 13, Rang 20)","verteilung |dx|, figur steht frei (zustand 1, aktion 0)",0:1213 20:191 40:314 60:247 80:47 100:56 120:359 140:42 160:18 180:18 200:35 220:3,2543,a_r20
"DICK (Slot 10, Rang 20)","zielpunkt (dx,dz)","(-120, -24):3 (128, 0):3 (-128, 0):2 (120, 24):2 (120, -24):1",11,a_rf20
"DICK (Slot 10, Rang 20)",vorbereitung frames,1 1 16 12 15 14 1 15 1 15 1,11,a_rf20
"DICK (Slot 10, Rang 20)",betrag der geschwindigkeit px/frame,1.72:507 2.25:472 1.75:390 1.65:218 2.21:191 1.53:180 1.38:156 0.92:136,2969,a_rf20
"DICK (Slot 10, Rang 20)",frames weg von der figur / zur figur,1367 / 1602,2969,a_rf20 blickt zur Figur:1347 blickt weg:20
"DICK (Slot 10, Rang 20)",verteilung |dx| zur figur (20er-klassen: frames),0:837 20:436 40:438 60:869 80:590 100:861 120:1386 140:418 160:12 180:5 200:5 220:3,5860,a_rf20
"DICK (Slot 10, Rang 20)","verteilung |dx|, figur steht frei (zustand 1, aktion 0)",0:373 20:183 40:254 60:381 80:303 100:368 120:556 140:129 160:5 180:5 200:5 220:3,2565,a_rf20
"DICK (Slot 13, Rang 20)","zielpunkt (dx,dz)","(-120, 24):3 (-128, 0):2 (120, 24):2 (-120, -24):1 (120, -24):1",9,a_rf20
"DICK (Slot 13, Rang 20)",vorbereitung frames,1 17 13 13 13 1 15 13 13,9,a_rf20
"DICK (Slot 13, Rang 20)",betrag der geschwindigkeit px/frame,1.75:500 1.72:426 1.65:193 0.92:191 1.38:182 2.25:176 1.53:173 0.88:125,2655,a_rf20
"DICK (Slot 13, Rang 20)",frames weg von der figur / zur figur,1191 / 1464,2655,a_rf20 blickt zur Figur:1174 blickt weg:17
"DICK (Slot 13, Rang 20)",verteilung |dx| zur figur (20er-klassen: frames),0:456 20:548 40:760 60:990 80:529 100:898 120:1505 140:196 160:5 180:5 200:5 220:3,5900,a_rf20
"DICK (Slot 13, Rang 20)","verteilung |dx|, figur steht frei (zustand 1, aktion 0)",0:127 20:244 40:424 60:543 80:166 100:528 120:550 140:5 160:5 180:5 200:5 220:3,2605,a_rf20
"DICK (Slot 13, Rang 9)","zielpunkt (dx,dz)","(-128, 0):3 (-120, -24):2 (-120, 24):1",6,a_z9
"DICK (Slot 13, Rang 9)",vorbereitung frames,1 1 13 12 12 1,6,a_z9
"DICK (Slot 13, Rang 9)",betrag der geschwindigkeit px/frame,1.72:348 0.92:304 1.65:275 1.75:253 2.25:121 0.37:120 1.53:119 1.38:94,2347,a_z9
"DICK (Slot 13, Rang 9)",frames weg von der figur / zur figur,966 / 1381,2347,a_z9 blickt zur Figur:951 blickt weg:15
"DICK (Slot 13, Rang 9)",verteilung |dx| zur figur (20er-klassen: frames),0:1639 20:464 40:310 60:380 80:331 100:606 120:1726 140:337 160:24 180:23 200:23 220:20 240:17,5900,a_z9
"DICK (Slot 13, Rang 9)","verteilung |dx|, figur steht frei (zustand 1, aktion 0)",0:1244 20:377 40:166 60:260 80:238 100:341 120:838 140:191 160:5 180:5 200:5 220:3,3673,a_z9
"DICK (Slot 18, Rang 9)","zielpunkt (dx,dz)","(-128, 0):3 (-120, -24):3 (-120, 24):2",8,a_z9
"DICK (Slot 18, Rang 9)",vorbereitung frames,13 1 13 12 1 1 16 14,8,a_z9
"DICK (Slot 18, Rang 9)",betrag der geschwindigkeit px/frame,1.72:395 1.75:255 0.92:249 1.65:193 1.38:120 0.33:111 1.12:107 0.88:105,2111,a_z9
"DICK (Slot 18, Rang 9)",frames weg von der figur / zur figur,778 / 1333,2111,a_z9 blickt zur Figur:772 blickt weg:6
"DICK (Slot 18, Rang 9)",verteilung |dx| zur figur (20er-klassen: frames),0:790 20:186 40:215 60:394 80:263 100:676 120:2457 140:682 160:40 180:164 200:80 220:42,5989,a_z9
"DICK (Slot 18, Rang 9)","verteilung |dx|, figur steht frei (zustand 1, aktion 0)",0:450 20:163 40:192 60:189 80:235 100:546 120:1372 140:537 160:16 180:54 200:5 220:3,3762,a_z9
"DICK (Slot 12, Rang 20)","zielpunkt (dx,dz)","(120, -24):2 (128, 0):2",4,a_z20
"DICK (Slot 12, Rang 20)",vorbereitung frames,12 15 1 1,4,a_z20
"DICK (Slot 12, Rang 20)",betrag der geschwindigkeit px/frame,2.25:789 2.21:704 1.75:392 1.12:294 1.97:202 1.19:196 2.12:133 1.34:122,3535,a_z20
"DICK (Slot 12, Rang 20)",frames weg von der figur / zur figur,1593 / 1942,3535,a_z20 blickt zur Figur:1569 blickt weg:24
"DICK (Slot 12, Rang 20)",verteilung |dx| zur figur (20er-klassen: frames),0:651 20:881 40:545 60:545 80:523 100:1152 120:1345 140:183 160:22 180:5 200:5 220:3,5860,a_z20
"DICK (Slot 12, Rang 20)","verteilung |dx|, figur steht frei (zustand 1, aktion 0)",0:325 20:470 40:266 60:301 80:305 100:735 120:439 140:100 160:5 180:5 200:5 220:3,2959,a_z20
"DICK (Slot 13, Rang 20)","zielpunkt (dx,dz)","(120, 24):2 (120, -24):2 (128, 0):2",6,a_z20
"DICK (Slot 13, Rang 20)",vorbereitung frames,13 17 15 1 1 14,6,a_z20
"DICK (Slot 13, Rang 20)",betrag der geschwindigkeit px/frame,2.21:821 2.25:306 1.75:292 1.72:259 1.12:236 1.19:151 1.53:96 2.12:93,2910,a_z20
"DICK (Slot 13, Rang 20)",frames weg von der figur / zur figur,1243 / 1667,2910,a_z20 blickt zur Figur:1227 blickt weg:16
"DICK (Slot 13, Rang 20)",verteilung |dx| zur figur (20er-klassen: frames),0:533 20:433 40:652 60:520 80:428 100:1067 120:1972 140:167 160:73 180:33 200:19 220:3,5900,a_z20
"DICK (Slot 13, Rang 20)","verteilung |dx|, figur steht frei (zustand 1, aktion 0)",0:292 20:219 40:349 60:295 80:225 100:563 120:912 140:94 160:37 180:5 200:5 220:3,2999,a_z20
"DICK (Slot 18, Rang 20)","zielpunkt (dx,dz)","(128, 0):4 (120, -24):1 (120, 24):1",6,a_z20
"DICK (Slot 18, Rang 20)",vorbereitung frames,1 1 12 1 12 1,6,a_z20
"DICK (Slot 18, Rang 20)",betrag der geschwindigkeit px/frame,2.21:645 2.25:576 1.72:362 1.75:222 1.12:219 1.19:141 1.97:137 1.78:129,3186,a_z20
"DICK (Slot 18, Rang 20)",frames weg von der figur / zur figur,1448 / 1738,3186,a_z20 blickt zur Figur:1427 blickt weg:21
"DICK (Slot 18, Rang 20)",verteilung |dx| zur figur (20er-klassen: frames),0:489 20:609 40:511 60:568 80:564 100:929 120:1917 140:343 160:46 180:5 200:5 220:3,5989,a_z20
"DICK (Slot 18, Rang 20)","verteilung |dx|, figur steht frei (zustand 1, aktion 0)",0:194 20:397 40:213 60:262 80:248 100:601 120:1003 140:139 160:18 180:5 200:5 220:3,3088,a_z20
"DICK (Slot 18, Rang 9)","zielpunkt (dx,dz)","(-128, 0):2 (128, 0):1",3,a_k9
"DICK (Slot 18, Rang 9)",vorbereitung frames,1 1 1,3,a_k9
"DICK (Slot 18, Rang 9)",betrag der geschwindigkeit px/frame,2.25:426 1.72:321 2.21:133 1.65:127 1.75:104 1.05:84 0.92:84 2.12:67,1745,a_k9
"DICK (Slot 18, Rang 9)",frames weg von der figur / zur figur,780 / 965,1745,a_k9 blickt zur Figur:770 blickt weg:10
"DICK (Slot 18, Rang 9)",verteilung |dx| zur figur (20er-klassen: frames),0:493 20:197 40:298 60:356 80:339 100:975 120:939 140:156 160:40 180:37 200:42 220:38 240:14 260:16,3940,a_k9
"DICK (Slot 18, Rang 9)","verteilung |dx|, figur steht frei (zustand 1, aktion 0)",0:114 20:102 40:101 60:115 80:162 100:223 120:219 140:88,1124,a_k9
"DICK (Slot 18, Rang 20)","zielpunkt (dx,dz)","(128, 0):3 (120, 24):2 (-120, -24):1",6,a_k20
"DICK (Slot 18, Rang 20)",vorbereitung frames,1 15 18 1 12 1,6,a_k20
"DICK (Slot 18, Rang 20)",betrag der geschwindigkeit px/frame,2.25:422 1.72:372 1.75:228 2.21:197 1.12:127 1.65:89 1.38:83 1.53:68,1948,a_k20
"DICK (Slot 18, Rang 20)",frames weg von der figur / zur figur,645 / 1303,1948,a_k20 blickt zur Figur:637 blickt weg:8
"DICK (Slot 18, Rang 20)",verteilung |dx| zur figur (20er-klassen: frames),0:364 20:203 40:295 60:304 80:226 100:595 120:1255 140:417 160:156 180:82 200:40 220:3,3940,a_k20
"DICK (Slot 18, Rang 20)","verteilung |dx|, figur steht frei (zustand 1, aktion 0)",0:105 20:49 40:89 60:75 80:52 100:85 120:345 140:41,841,a_k20
"DICK (Slot 15, Rang 18)","zielpunkt (dx,dz)","(-128, 0):4 (-120, 24):2",6,a_gd
"DICK (Slot 15, Rang 18)",vorbereitung frames,1 1 1 1 14 13,6,a_gd
"DICK (Slot 15, Rang 18)",betrag der geschwindigkeit px/frame,1.72:724 0.37:347 1.75:243 0.92:153 1.65:86 1.12:50 1.21:49 1.53:45,2121,a_gd
"DICK (Slot 15, Rang 18)",frames weg von der figur / zur figur,832 / 1289,2121,a_gd blickt zur Figur:818 blickt weg:14
"DICK (Slot 15, Rang 18)",verteilung |dx| zur figur (20er-klassen: frames),0:991 20:252 40:261 60:325 80:494 100:451 120:754 140:30 160:17 180:34 200:79 220:43 240:52 260:21 280:47 300:117,3968,a_gd
"DICK (Slot 15, Rang 18)","verteilung |dx|, figur steht frei (zustand 1, aktion 0)",0:170 20:35 40:71 60:31 80:69 100:63 120:110 200:18 260:10 280:37,614,a_gd
"DICK (Slot 18, Rang 18)","zielpunkt (dx,dz)","(-120, 24):2 (-128, 0):1",3,a_gd
"DICK (Slot 18, Rang 18)",vorbereitung frames,12 12 1,3,a_gd
"DICK (Slot 18, Rang 18)",betrag der geschwindigkeit px/frame,0.37:423 1.75:349 1.72:327 0.92:142 1.05:69 1.21:68 2.25:57 0.45:49,1912,a_gd
"DICK (Slot 18, Rang 18)",frames weg von der figur / zur figur,678 / 1234,1912,a_gd blickt zur Figur:667 blickt weg:11
"DICK (Slot 18, Rang 18)",verteilung |dx| zur figur (20er-klassen: frames),0:790 20:255 40:122 60:211 80:419 100:897 120:1056 140:122 160:41 180:31 200:24 220:27 240:4,3999,a_gd
"DICK (Slot 18, Rang 18)","verteilung |dx|, figur steht frei (zustand 1, aktion 0)",0:105 20:79 40:26 60:67 80:58 100:8 120:271 180:4 200:5 220:5 240:4,632,a_gd
Messerwurf,Abstand zwischen Angriffsbeginnen gleicher Art (Frames),247 bis 3251 | 742:3 360:2 703:2 1255:1 1303:1 1397:1 1980:1 247:1 2779:1 281:1,25,a_s20 a_s9 a_sf20 a_sf9 a_sg9 a_snat a_st9
Messerstich,Abstand zwischen Angriffsbeginnen gleicher Art (Frames),37 bis 2890 | 37:84 51:6 251:3 49:3 509:3 710:3 246:2 1000:1 1030:1 107:1,143,a_s20 a_s9 a_sf20 a_sf9 a_sg9 a_snat a_st9
Messerhagel (Messerstich),Stiche je Serie (Abstand <= 40),2:36 4:14 1:13 3:3,66,
Messerhagel (Messerstich),Abstand innerhalb der Serie,37:84,84,
Pistole,Abstand zwischen Angriffsbeginnen gleicher Art (Frames),181 bis 1792 | 787:2 1058:1 1399:1 1654:1 1792:1 181:1 196:1 200:1 234:1 237:1,40,a_k20 a_k9 a_p20 a_p9 a_pf9 a_pg9 a_z20 a_z9
Pistole,Schuesse je Salve,5:18 4:17 3:8 2:3 6:2,48,
Rakete,Abstand zwischen Angriffsbeginnen gleicher Art (Frames),19 bis 2632 | 19:8 603:2 766:2 1082:1 1151:1 1245:1 1283:1 1313:1 1336:1 1431:1,64,a_gd a_r20 a_r9 a_rf20 a_z20 a_z9
Rakete,Schuesse je Salve,1:74,74,
Messerwurf,"Trefferflaeche x: Figur vor dem Messer in Flugrichtung (px, Frame-Ende) (Figur blickt l)",Treffer -27 bis 22,71,kein Treffer bei -28; bei 23 | b_mx_l-1 b_mx_l-10 b_mx_l-11 b_mx_l-12 b_mx_l-13 b_mx_l-14 b_mx_l-15 b_mx_l-16 b_mx_l-17 b_mx_l-18 b_mx_l-19 b_mx_l-2 b_
Messerwurf,"Trefferflaeche x: Figur vor dem Messer in Flugrichtung (px, Frame-Ende) (Figur blickt r)",Treffer -19 bis 30,71,kein Treffer bei -20; bei 31 | b_mx_r-1 b_mx_r-10 b_mx_r-11 b_mx_r-12 b_mx_r-13 b_mx_r-14 b_mx_r-15 b_mx_r-16 b_mx_r-17 b_mx_r-18 b_mx_r-19 b_mx_r-2 b_
Messerwurf,"Trefferflaeche x, Rang 20 (fern_sw20) (Figur blickt l)",Treffer -26 bis 22,36,kein Treffer bei -28; bei 24 | b_mx20_l-10 b_mx20_l-12 b_mx20_l-14 b_mx20_l-16 b_mx20_l-18 b_mx20_l-2 b_mx20_l-20 b_mx20_l-22 b_mx20_l-24 b_mx20_l-26 b
Messerwurf,"Trefferflaeche x, Rang 20 (fern_sw20) (Figur blickt r)",Treffer -18 bis 30,36,kein Treffer bei -20; bei 32 | b_mx20_r-10 b_mx20_r-12 b_mx20_r-14 b_mx20_r-16 b_mx20_r-18 b_mx20_r-2 b_mx20_r-20 b_mx20_r-22 b_mx20_r-24 b_mx20_r-26 b
Messerwurf,Trefferflaeche Tiefe (z Figur - z Messer) (Figur blickt r),Treffer -12 bis 12,33,kein Treffer bei -13; bei 13 | b_mz_-1 b_mz_-10 b_mz_-11 b_mz_-12 b_mz_-13 b_mz_-14 b_mz_-15 b_mz_-16 b_mz_-2 b_mz_-3 b_mz_-4 b_mz_-5 b_mz_-6 b_mz_-7 b
Messerwurf,"Trefferflaeche Tiefe, Rang 20 (Figur blickt r)",Treffer -12 bis 12,8,kein Treffer bei -13; bei 13 | b_mz20_-11 b_mz20_-12 b_mz20_-13 b_mz20_-14 b_mz20_11 b_mz20_12 b_mz20_13 b_mz20_14
Messerwurf,Hoehe der Figur (Frame-Ende) beim Treffer (Figur blickt r),Treffer 48 bis 59,24,untere Grenze nicht erreicht; bei 60 | b_mh_100 b_mh_48 b_mh_49 b_mh_50 b_mh_51 b_mh_52 b_mh_53 b_mh_54 b_mh_55 b_mh_56 b_mh_57 b_mh_58 b_mh_59 b_mh_60 b_mh_61
Messerwurf,"Hoehe der Figur beim Treffer, Rang 20 (Figur blickt r)",Treffer 57 bis 59,6,untere Grenze nicht erreicht; bei 60 | b_mh20_57 b_mh20_58 b_mh20_59 b_mh20_60 b_mh20_61 b_mh20_62
Pistole,Trefferflaeche x: Figur vor der Kugel in Flugrichtung (Figur blickt l),Treffer -13 bis 20,53,kein Treffer bei -14; bei 21 | b_kx_l-1 b_kx_l-10 b_kx_l-11 b_kx_l-12 b_kx_l-13 b_kx_l-14 b_kx_l-15 b_kx_l-16 b_kx_l-2 b_kx_l-3 b_kx_l-4 b_kx_l-5 b_kx_
Pistole,Trefferflaeche x: Figur vor der Kugel in Flugrichtung (Figur blickt r),Treffer -21 bis 12,51,kein Treffer bei -22; bei 13 | b_kx_r-1 b_kx_r-10 b_kx_r-11 b_kx_r-12 b_kx_r-13 b_kx_r-14 b_kx_r-15 b_kx_r-16 b_kx_r-17 b_kx_r-18 b_kx_r-19 b_kx_r-2 b_
Pistole,"Trefferflaeche x, Rang 9 (fern_pw9) (Figur blickt l)",Treffer -12 bis 20,27,kein Treffer bei -14; bei 22 | b_kx9_l-10 b_kx9_l-12 b_kx9_l-14 b_kx9_l-16 b_kx9_l-2 b_kx9_l-4 b_kx9_l-6 b_kx9_l-8 b_kx9_l0 b_kx9_l10 b_kx9_l12 b_kx9_l
Pistole,"Trefferflaeche x, Rang 9 (fern_pw9) (Figur blickt r)",Treffer -20 bis 12,26,kein Treffer bei -22; bei 14 | b_kx9_r-10 b_kx9_r-12 b_kx9_r-14 b_kx9_r-16 b_kx9_r-18 b_kx9_r-2 b_kx9_r-20 b_kx9_r-22 b_kx9_r-24 b_kx9_r-4 b_kx9_r-6 b_
Pistole,Trefferflaeche Tiefe (Figur blickt r),Treffer -12 bis 12,33,kein Treffer bei -13; bei 13 | b_kz_-1 b_kz_-10 b_kz_-11 b_kz_-12 b_kz_-13 b_kz_-14 b_kz_-15 b_kz_-16 b_kz_-2 b_kz_-3 b_kz_-4 b_kz_-5 b_kz_-6 b_kz_-7 b
Pistole,"Trefferflaeche Tiefe, Rang 9 (Figur blickt r)",Treffer -12 bis 12,8,kein Treffer bei -13; bei 13 | b_kz9_-11 b_kz9_-12 b_kz9_-13 b_kz9_-14 b_kz9_11 b_kz9_12 b_kz9_13 b_kz9_14
Pistole,Hoehe der Figur beim Treffer (Figur blickt r),Treffer 48 bis 59,27,untere Grenze nicht erreicht; bei 60 | b_kh_100 b_kh_48 b_kh_49 b_kh_50 b_kh_51 b_kh_52 b_kh_53 b_kh_54 b_kh_55 b_kh_56 b_kh_57 b_kh_58 b_kh_59 b_kh_60 b_kh_61
Pistole,"Hoehe der Figur beim Treffer, Rang 9 (Figur blickt r)",Treffer 57 bis 59,6,untere Grenze nicht erreicht; bei 60 | b_kh9_57 b_kh9_58 b_kh9_59 b_kh9_60 b_kh9_61 b_kh9_62
Rakete,Explosion x: Figur vor dem Einschlagpunkt in Flugrichtung (Figur blickt r),Treffer -56 bis 47,59,kein Treffer bei -57; bei 48 | b_rx_-10 b_rx_-100 b_rx_-110 b_rx_-120 b_rx_-20 b_rx_-30 b_rx_-40 b_rx_-46 b_rx_-47 b_rx_-48 b_rx_-49 b_rx_-50 b_rx_-51 
Rakete,"Explosion x, Rang 9 (Figur blickt r)",Treffer -56 bis 46,20,kein Treffer bei -58; bei 48 | b_rx9_-10 b_rx9_-20 b_rx9_-30 b_rx9_-40 b_rx9_-50 b_rx9_-52 b_rx9_-54 b_rx9_-56 b_rx9_-58 b_rx9_-60 b_rx9_0 b_rx9_10 b_r
Rakete,Explosion Tiefe (Figur blickt r),Treffer -12 bis 12,31,kein Treffer bei -13; bei 13 | b_rz_-11 b_rz_-12 b_rz_-13 b_rz_-14 b_rz_-15 b_rz_-16 b_rz_-20 b_rz_-24 b_rz_-28 b_rz_-32 b_rz_-36 b_rz_-4 b_rz_-40 b_rz
Rakete,"Explosion Tiefe, Rang 9 (Figur blickt r)",Treffer -12 bis 12,8,kein Treffer bei -13; bei 13 | b_rz9_-11 b_rz9_-12 b_rz9_-13 b_rz9_-14 b_rz9_11 b_rz9_12 b_rz9_13 b_rz9_14
Rakete,Explosion Hoehe der Figur (Figur blickt r),Treffer 1 bis 26,24,untere Grenze nicht erreicht; bei 27 | b_rh_0 b_rh_10 b_rh_100 b_rh_120 b_rh_20 b_rh_21 b_rh_22 b_rh_23 b_rh_24 b_rh_25 b_rh_26 b_rh_27 b_rh_28 b_rh_29 b_rh_30
Rakete,"Explosion Hoehe der Figur, Rang 9 (Figur blickt r)",Treffer 24 bis 26,7,untere Grenze nicht erreicht; bei 27 | b_rh9_23 b_rh9_24 b_rh9_25 b_rh9_26 b_rh9_27 b_rh9_28 b_rh9_29
Rakete,aktive Frames: Figur ab G+k in der Explosion -> Treffer in (G = 17),k19:G+21 k20:G+21 k21:G+21 k22:G+22 k23:G+23 k24:G+24 k25:G+25 k26:G+26 k27:G+27 k28:G+28 k29:G+29 k30:nein k31:nein k32:nein k33:nein k34:nein,16,b_ra_*
Rakete,aktive Frames: Figur ab G+k in der Explosion -> Treffer in (G = 19),k20:G+21 k21:G+21 k29:G+29 k30:nein,4,b_ra9_*
Rakete,Flug: Figur an der Rakete (b_rflug0),"Treffer ja G+21, Flugframes 20, Grund Treffer Figur",1,
Rakete,Flug: Figur an der Rakete (b_rflug),"Treffer ja G+22, Flugframes 20, Grund Treffer Figur",1,
Messerwurf,Proben ohne Treffer: letzte Fluglage x - Kamera-x,-19:25 -20:12 -18:10 -17:2,49,b_*
Pistole,Proben ohne Treffer: letzte Fluglage x - Kamera-x,450:53 449:11,64,b_*
Messerwurf,Schlag in Frame P (G = 44),"P34:Treffer(G+8,h0) P35:Treffer(G+8,h0) P36:Treffer(G+8,h0) P37:Treffer(G+8,h0) P38:Treffer(G+8,h0) P39:abgewehrt(G+0) P40:abgewehrt(G+0) P41:abgewehrt(G+0) P42:abgewehrt(G+0) P43:abgewehrt(G+1) P44:abgewehrt(G+2) P45:abgewehrt(G+3) P46:abgewehrt(G+4) P47:abgewehrt(G+5) P48:abgewehrt(G+6) P49:abgewehrt(G+7) P50:abgewehrt(G+8) P51:Treffer(G+8,h0) P52:Treffer(G+8,h0) P53:Treffer(G+8,h0)",20,c_ms_
Messerwurf,Sprung in Frame P (G = 44),"P28:Treffer(G+9,h50) P30:Treffer(G+9,h51) P32:Treffer(G+9,h51) P34:Treffer(G+9,h51) P36:Treffer(G+9,h49) P38:Treffer(G+9,h46) P40:Treffer(G+9,h43) P42:Treffer(G+9,h38) P44:Treffer(G+9,h33) P46:Treffer(G+9,h26) P48:Treffer(G+9,h18) P50:Treffer(G+9,h10) P52:Treffer(G+8,h0)",13,c_mj_
Pistole,"Schlag in Frame P, erste Kugel (G = 29)","P16:Treffer(G+9,h0) P17:Treffer(G+9,h0) P18:Treffer(G+9,h0) P19:Treffer(G+9,h0) P20:Treffer(G+9,h0) P21:Treffer(G+9,h0) P22:Treffer(G+9,h0) P23:Treffer(G+9,h0) P24:Treffer(G+9,h0) P25:Treffer(G+9,h0) P26:Treffer(G+9,h0) P27:Treffer(G+9,h0) P28:Treffer(G+9,h0) P29:Treffer(G+9,h0) P30:Treffer(G+9,h0) P31:Treffer(G+9,h0) P32:Treffer(G+9,h0) P33:Treffer(G+9,h0) P34:Treffer(G+9,h0) P35:Treffer(G+9,h0) P36:Treffer(G+9,h0) P37:Treffer(G+9,h0) P38:Treffer(G+9,h0) P39:Treffer(G+9,h0) P40:Treffer(G+9,h0)",25,c_ks_
Pistole,"Schlag in Frame P, zweite Kugel (G = 46)","P16:Treffer(G+9,h0) P17:Treffer(G+9,h0) P18:Treffer(G+9,h0) P19:Treffer(G+9,h0) P20:Treffer(G+9,h0) P21:Treffer(G+9,h0) P22:Treffer(G+9,h0) P23:Treffer(G+9,h0) P24:Treffer(G+9,h0) P25:Treffer(G+9,h0) P26:Treffer(G+9,h0) P27:Treffer(G+9,h0) P28:Treffer(G+9,h0) P29:Treffer(G+9,h0) P30:Treffer(G+9,h0) P31:Treffer(G+9,h0) P32:Treffer(G+9,h0) P33:Treffer(G+9,h0) P34:Treffer(G+9,h0) P35:Treffer(G+9,h0) P36:Treffer(G+9,h0) P37:Treffer(G+9,h0) P38:Treffer(G+9,h0) P39:Treffer(G+9,h0) P40:Treffer(G+9,h0)",25,c_ks_
Pistole,"Sprung in Frame P, erste Kugel (G = 29)","P14:Treffer(G+9,h51) P16:Treffer(G+9,h52) P18:Treffer(G+9,h51) P20:Treffer(G+9,h50) P22:Treffer(G+9,h48) P24:Treffer(G+9,h45) P26:Treffer(G+9,h41) P28:Treffer(G+9,h36) P30:Treffer(G+9,h30) P32:Treffer(G+9,h23) P34:Treffer(G+9,h14) P36:Treffer(G+9,h5) P38:Treffer(G+9,h0) P40:Treffer(G+9,h0)",14,c_kj_
Pistole,"Sprung in Frame P, zweite Kugel (G = 46)","P14:Ablauf P16:Ablauf P18:Ablauf P20:Ablauf P22:Ablauf P24:Ablauf P26:Ablauf P28:Ablauf P30:Ablauf P32:Ablauf P34:Ablauf P36:Ablauf P38:Treffer(G+9,h0) P40:Treffer(G+9,h0)",14,c_kj_
Rakete,Schlag in Frame P (G = 17),"P12:Treffer(G+21,h1) P13:Treffer(G+21,h1) P14:Treffer(G+21,h1) P15:Treffer(G+21,h1) P16:Treffer(G+21,h1) P17:Treffer(G+21,h1) P18:Treffer(G+21,h1) P19:Treffer(G+21,h1) P20:Treffer(G+21,h1) P21:Treffer(G+21,h1) P22:Treffer(G+21,h1) P23:Treffer(G+21,h1) P24:Treffer(G+21,h1) P25:Treffer(G+21,h1) P26:Treffer(G+21,h1) P27:Treffer(G+21,h1) P28:Treffer(G+21,h1) P29:Treffer(G+21,h1) P30:Treffer(G+21,h1) P31:Treffer(G+21,h1) P32:Treffer(G+21,h1) P33:Treffer(G+21,h1) P34:Treffer(G+21,h1) P35:Treffer(G+21,h1) P36:Treffer(G+21,h1) P37:Treffer(G+21,h1) P38:Treffer(G+21,h1) P39:Treffer(G+21,h1) P40:Treffer(G+21,h1)",29,c_rs_
Rakete,Sprung in Frame P (G = 17),"P14:Explosion P16:Explosion P18:Explosion P20:Explosion P22:Explosion P24:Explosion P26:Explosion P28:Explosion P30:Explosion P32:Treffer(G+21,h24) P34:Treffer(G+21,h15) P36:Treffer(G+21,h6) P38:Treffer(G+21,h1) P40:Treffer(G+21,h1)",14,c_rj_
Messerwurf,"Schlag in Frame P, Rang 20 (G = 54)","P46:Treffer(G+8,h0) P48:Treffer(G+8,h0) P50:abgewehrt(G+0) P52:abgewehrt(G+0) P54:abgewehrt(G+2) P56:abgewehrt(G+4) P58:abgewehrt(G+6) P60:abgewehrt(G+8) P62:Treffer(G+8,h0)",9,c_ms20_
Messerwurf,"Sprung in Frame P, Rang 20 (G = 54)","P40:Treffer(G+9,h51) P44:Treffer(G+9,h50) P48:Treffer(G+9,h46) P52:Treffer(G+9,h38) P56:Treffer(G+9,h26) P60:Treffer(G+9,h9) P64:Treffer(G+8,h0)",7,c_mj20_
Pistole,"Schlag in Frame P, erste Kugel, Rang 9 (G = 20)","P10:Treffer(G+9,h0) P12:Treffer(G+9,h0) P14:Treffer(G+9,h0) P16:Treffer(G+9,h0) P18:Treffer(G+9,h0) P20:Treffer(G+9,h0) P22:Treffer(G+9,h0) P24:Treffer(G+9,h0) P26:Treffer(G+9,h0) P28:Treffer(G+9,h0) P30:Treffer(G+9,h0)",11,c_ks9_
Pistole,"Schlag in Frame P, zweite Kugel, Rang 9 (G = 37)","P10:Treffer(G+9,h0) P12:Treffer(G+9,h0) P14:Treffer(G+9,h0) P16:Treffer(G+9,h0) P18:Treffer(G+9,h0) P20:Treffer(G+9,h0) P22:Treffer(G+9,h0) P24:Treffer(G+9,h0) P26:Treffer(G+9,h0) P28:Treffer(G+9,h0) P30:Treffer(G+9,h0)",11,c_ks9_
Pistole,"Sprung in Frame P, erste Kugel, Rang 9 (G = 20)","P6:Treffer(G+9,h51) P10:Treffer(G+9,h51) P14:Treffer(G+9,h47) P18:Treffer(G+9,h39) P22:Treffer(G+9,h26) P26:Treffer(G+9,h10) P30:Treffer(G+9,h0)",7,c_kj9_
Rakete,"Schlag in Frame P, Rang 9 (G = 19)","P14:Treffer(G+21,h1) P16:Treffer(G+21,h1) P18:Treffer(G+21,h1) P20:Treffer(G+21,h1) P22:Treffer(G+21,h1) P24:Treffer(G+21,h1) P26:Treffer(G+21,h1) P28:Treffer(G+21,h1) P30:Treffer(G+21,h1) P32:Treffer(G+21,h1) P34:Treffer(G+21,h1) P36:Treffer(G+21,h1)",12,c_rs9_
Rakete,"Sprung in Frame P, Rang 9 (G = 19)","P14:Explosion P16:Explosion P18:Explosion P20:Explosion P22:Explosion P24:Explosion P26:Explosion P28:Explosion P30:Explosion P32:Explosion P34:Treffer(G+21,h24) P36:Treffer(G+21,h15) P38:Treffer(G+21,h6) P40:Treffer(G+21,h1)",14,c_rj9_
Pistole,Objekt auf der Bahn (c_ke_0),"Grund Treffer Figur, Treffer Figur ja, Gegner: keiner, Flugframes 11, Ende x 2242",1,
Pistole,Objekt auf der Bahn (c_ke_16),"Grund Treffer Figur, Treffer Figur ja, Gegner: keiner, Flugframes 11, Ende x 2242",1,
Pistole,Objekt auf der Bahn (c_ke_8),"Grund Treffer Figur, Treffer Figur ja, Gegner: keiner, Flugframes 11, Ende x 2242",1,
Pistole,Objekt auf der Bahn (c_kg_0),"Grund Treffer Figur, Treffer Figur ja, Gegner: keiner, Flugframes 11, Ende x 2242",1,
Pistole,Objekt auf der Bahn (c_kg_16),"Grund Treffer Figur, Treffer Figur ja, Gegner: keiner, Flugframes 11, Ende x 2242",1,
Pistole,Objekt auf der Bahn (c_kg_8),"Grund Treffer Figur, Treffer Figur ja, Gegner: keiner, Flugframes 11, Ende x 2242",1,
Pistole,Objekt auf der Bahn (c_kglas_30),"Grund Treffer Gegner, Treffer Figur nein, Gegner: f29 slot46 Glasscheibe -1 dx22 dz0 s82 ca14, Flugframes 2, Ende x 2170",1,
Pistole,Objekt auf der Bahn (c_kglas_60),"Grund Treffer Gegner, Treffer Figur nein, Gegner: f29 slot46 Glasscheibe -1 dx52 dz0 s82 ca14, Flugframes 2, Ende x 2170",1,
Messerwurf,Objekt auf der Bahn (c_mg_-12),"Grund Treffer Figur, Treffer Figur ja, Gegner: keiner, Flugframes 9, Ende x 1203",1,
Messerwurf,Objekt auf der Bahn (c_mg_-20),"Grund Treffer Figur, Treffer Figur ja, Gegner: keiner, Flugframes 9, Ende x 1203",1,
Messerwurf,Objekt auf der Bahn (c_mg_-4),"Grund Treffer Figur, Treffer Figur ja, Gegner: keiner, Flugframes 9, Ende x 1203",1,
Messerwurf,Objekt auf der Bahn (c_mglas_-30),"Grund Treffer Gegner, Treffer Figur nein, Gegner: f45 slot46 Glasscheibe -1 dx-26 dz0 s82 ca14, Flugframes 2, Ende x 957",1,
Messerwurf,Objekt auf der Bahn (c_mglas_-50),"Grund Treffer Gegner, Treffer Figur nein, Gegner: f45 slot46 Glasscheibe -1 dx-46 dz0 s82 ca14, Flugframes 2, Ende x 957",1,
Messerwurf,Objekt auf der Bahn (c_mo_-30),"Grund Treffer Gegner, Treffer Figur nein, Gegner: f45 slot43 Behaelter -777 dx-26 dz0 s82 ca14, Flugframes 2, Ende x 957",1,
Messerwurf,Objekt auf der Bahn (c_mo_-50),"Grund Treffer Figur, Treffer Figur ja, Gegner: keiner, Flugframes 9, Ende x 929",1,
Rakete,Objekt auf der Bahn (c_re_0),"Grund Treffer Figur, Treffer Figur ja, Gegner: keiner, Flugframes 16, Ende x 2543",1,
Rakete,Objekt auf der Bahn (c_re_20),"Grund Treffer Figur, Treffer Figur ja, Gegner: keiner, Flugframes 16, Ende x 2543",1,
Rakete,Objekt auf der Bahn (c_rg_0),"Grund Explosion, Treffer Figur nein, Gegner: keiner, Flugframes 20, Ende x 2267",1,
Rakete,Objekt auf der Bahn (c_rg_30),"Grund Explosion, Treffer Figur nein, Gegner: keiner, Flugframes 20, Ende x 2267",1,
Rakete,Objekt auf der Bahn (c_rg_beide),"Grund Treffer Figur, Treffer Figur ja, Gegner: keiner, Flugframes 20, Ende x 2267",1,
Rakete,Objekt auf der Bahn (c_rglas_0),"Grund Treffer Gegner, Treffer Figur nein, Gegner: f38 slot46 Glasscheibe -1 dx0 dz0 s82 c414, Flugframes 20, Ende x 2267",1,
Rakete,Objekt auf der Bahn (c_rglas_flug),"Grund Treffer Gegner, Treffer Figur nein, Gegner: f38 slot46 Glasscheibe -1 dx5 dz0 s82 c414, Flugframes 20, Ende x 2267",1,
Messerwurf,"Schaden je Rang (rang:LP), erstes Geschoss",7:10 8:10 9:10 10:10 11:10 12:11 13:11 14:11 15:11 16:11 17:12 18:12 19:12 20:12 21:12 22:13 23:13 24:13,18,d_*
Pistole,"Schaden je Rang (rang:LP), erstes Geschoss",7:4 8:5 9:5 10:5 11:5 12:5 13:5 14:5 15:6 16:6 17:6 18:6 19:6 20:6 21:6 22:7 23:7 24:7,18,d_*
Rakete,"Schaden je Rang (rang:LP), erstes Geschoss",7:12 8:13 9:13 10:13 11:13 12:13 13:13 14:13 15:14 16:14 17:14 18:14 19:14 20:14 21:14 22:15 23:15 24:15,18,d_*
Waffe beim Tod,e_p20_0 Slot 18 Rang 20,"Schuesse vorher 0 (); Gegenstand ab 51: Art 0x00, Munition 5, Liegezeit 699",1,
Waffe beim Tod,e_p20_11 Slot 18 Rang 20,"Schuesse vorher 11 (Kugel:6 Kugel-Umwerf:5); Gegenstand ab 838: Art 0x00, Munition 5, Liegezeit 699",1,
Waffe beim Tod,e_p20_8 Slot 18 Rang 20,"Schuesse vorher 8 (Kugel:4 Kugel-Umwerf:4); Gegenstand ab 449: Art 0x00, Munition 5, Liegezeit 699",1,
Waffe beim Tod,e_p9_0 Slot 18 Rang 9,"Schuesse vorher 0 (); Gegenstand ab 51: Art 0x00, Munition 5, Liegezeit 699",1,
Waffe beim Tod,e_p9_4 Slot 18 Rang 9,"Schuesse vorher 4 (Kugel:2 Kugel-Umwerf:2); Gegenstand ab 253: Art 0x00, Munition 5, Liegezeit 699",1,
Waffe beim Tod,e_r20_0 Slot 10 Rang 20,"Schuesse vorher 0 (); Gegenstand ab 51: Art 0x08, Munition 3, Liegezeit 699",1,
Waffe beim Tod,e_r20_1 Slot 10 Rang 20,"Schuesse vorher 1 (Rakete:1); Gegenstand ab 287: Art 0x08, Munition 3, Liegezeit 699",1,
Waffe beim Tod,e_r20_2 Slot 10 Rang 20,"Schuesse vorher 2 (Rakete:2); Gegenstand ab 544: Art 0x08, Munition 3, Liegezeit 699",1,
Waffe beim Tod,e_r9_0 Slot 13 Rang 9,"Schuesse vorher 0 (); Gegenstand ab 51: Art 0x08, Munition 3, Liegezeit 699",1,
Waffe beim Tod,e_r9_1 Slot 13 Rang 9,"Schuesse vorher 1 (Rakete:1); Gegenstand ab 289: Art 0x08, Munition 3, Liegezeit 699",1,
## A geschosse (natuerliche Laeufe fern_a_*)
lauf,slot,typ,art,werfer,werfer_typ,rang,schuss,A,G,G-A,x0,z0,h0,blick,vorn0,dz_werfer,fig_dx0,fig_dz0,fig_h0,vx,h_verlauf,z_flug,flug_bis,flugframes,x_flugende,weite,camx_flugende,ende,dauer,attr,aktiv,aktiv_n,explosion,schaden8b,grund,treffer,treffer_gegner,nachphasen,s82_ende,abgewehrt,abgewehrt_figur
fern_a_s9,29,0x85b42,Messer,18,SKIP,9,Messerwurf,1382,1390,8,853,325,56,l,80,0,141,-6,0,-4.0,56..56,325,1398,9,821,32,768,1411,21,0000:11 0c08:9 ff00:1,1390-1398,9,,10,Treffer Figur,"f1398(-10,8B 10,attr 0c08,um ja,dx 29,dz 6,h 0)",,095bxx:12,a994,,
fern_a_s9,29,0x85b42,Messer,18,SKIP,9,Messerwurf,2124,2132,8,853,320,56,l,80,0,141,-1,0,-4.0,56..56,320,2140,9,821,32,768,2153,21,0000:11 0c08:9 ff00:1,2132-2140,9,,10,Treffer Figur,"f2140(-10,8B 10,attr 0c08,um ja,dx 29,dz 1,h 0)",,095bxx:12,a994,,
fern_a_s9,29,0x85b42,Messer,18,SKIP,9,Messerwurf,2484,2492,8,854,318,56,l,80,0,142,1,0,-4.0,56..56,318,2500,9,822,32,768,2513,21,0000:11 0c08:9 ff00:1,2492-2500,9,,10,Treffer Figur,"f2500(-10,8B 10,attr 0c08,um ja,dx 30,dz -1,h 0)",,095bxx:12,a994,,
fern_a_s9,29,0x85b42,Messer,18,SKIP,9,Messerwurf,3187,3195,8,854,329,56,l,80,0,142,-10,0,-4.0,56..56,329,3203,9,822,32,768,3216,21,0000:11 0c08:9 ff00:1,3195-3203,9,,10,Treffer Figur,"f3203(-10,8B 10,attr 0c08,um ja,dx 30,dz 10,h 0)",,095bxx:12,a994,,
fern_a_s9,29,0x85b42,Messer,18,SKIP,9,Messerwurf,3836,3844,8,854,312,56,l,80,0,142,7,0,-4.0,56..56,312,3852,9,822,32,768,3865,21,0000:11 0c08:9 ff00:1,3844-3852,9,,10,Treffer Figur,"f3852(-10,8B 10,attr 0c08,um ja,dx 30,dz -7,h 0)",,095bxx:12,a994,,
fern_a_s9,29,0x85b42,Messer,18,SKIP,9,Messerwurf,4549,4557,8,855,318,56,l,80,0,143,1,0,-4.0,56..56,318,4566,10,819,36,768,4579,22,0000:11 0c08:10 ff00:1,4557-4566,10,,10,Treffer Figur,"f4566(-10,8B 10,attr 0c08,um ja,dx 27,dz -1,h 0)",,095bxx:12,a994,,
fern_a_s9,29,0x85b42,Messer,18,SKIP,9,Messerwurf,5804,5812,8,853,312,56,l,80,0,141,7,0,-4.0,56..56,312,5820,9,821,32,768,5833,21,0000:11 0c08:9 ff00:1,5812-5820,9,,10,Treffer Figur,"f5820(-10,8B 10,attr 0c08,um ja,dx 29,dz -7,h 0)",,095bxx:12,a994,,
fern_a_s20,29,0x85b42,Messer,18,SKIP,20,Messerwurf,1382,1390,8,853,325,56,l,80,0,141,-6,0,-4.0,56..56,325,1398,9,821,32,768,1411,21,0000:11 0c08:9 ff00:1,1390-1398,9,,12,Treffer Figur,"f1398(-12,8B 12,attr 0c08,um ja,dx 29,dz 6,h 0)",,095bxx:12,a994,,
fern_a_s20,29,0x85b42,Messer,18,SKIP,20,Messerwurf,2124,2132,8,853,320,56,l,80,0,141,-1,0,-4.0,56..56,320,2140,9,821,32,768,2153,21,0000:11 0c08:9 ff00:1,2132-2140,9,,12,Treffer Figur,"f2140(-12,8B 12,attr 0c08,um ja,dx 29,dz 1,h 0)",,095bxx:12,a994,,
fern_a_s20,29,0x85b42,Messer,18,SKIP,20,Messerwurf,5100,5108,8,853,318,56,l,80,0,141,1,0,-4.0,56..56,318,5116,9,821,32,768,5129,21,0000:11 0c08:9 ff00:1,5108-5116,9,,12,Treffer Figur,"f5116(-12,8B 12,attr 0c08,um ja,dx 29,dz -1,h 0)",,095bxx:12,a994,,
fern_a_snat,29,0x85b42,Messer,18,SKIP,11,Messerwurf,1382,1390,8,853,325,56,l,80,0,141,-6,0,-4.0,56..56,325,1398,9,821,32,768,1411,21,0000:11 0c08:9 ff00:1,1390-1398,9,,10,Treffer Figur,"f1398(-10,8B 10,attr 0c08,um ja,dx 29,dz 6,h 0)",,095bxx:12,a994,,
fern_a_snat,29,0x85b42,Messer,18,SKIP,12,Messerwurf,2124,2132,8,853,320,56,l,80,0,141,-1,0,-4.0,56..56,320,2140,9,821,32,768,2153,21,0000:11 0c08:9 ff00:1,2132-2140,9,,11,Treffer Figur,"f2140(-11,8B 11,attr 0c08,um ja,dx 29,dz 1,h 0)",,095bxx:12,a994,,
fern_a_snat,29,0x85b42,Messer,18,SKIP,12,Messerwurf,2484,2492,8,854,318,56,l,80,0,142,1,0,-4.0,56..56,318,2500,9,822,32,768,2513,21,0000:11 0c08:9 ff00:1,2492-2500,9,,11,Treffer Figur,"f2500(-11,8B 11,attr 0c08,um ja,dx 30,dz -1,h 0)",,095bxx:12,a994,,
fern_a_snat,29,0x85b42,Messer,18,SKIP,14,Messerwurf,3187,3195,8,854,329,56,l,80,0,142,-10,0,-4.0,56..56,329,3203,9,822,32,768,3216,21,0000:11 0c08:9 ff00:1,3195-3203,9,,11,Treffer Figur,"f3203(-11,8B 11,attr 0c08,um ja,dx 30,dz 10,h 0)",,095bxx:12,a994,,
fern_a_snat,29,0x85b42,Messer,18,SKIP,14,Messerwurf,3511,3519,8,853,323,56,l,80,0,141,-4,0,-4.0,56..56,323,3527,9,821,32,768,3540,21,0000:11 0c08:9 ff00:1,3519-3527,9,,11,Treffer Figur,"f3527(-11,8B 11,attr 0c08,um ja,dx 29,dz 4,h 0)",,095bxx:12,a994,,
fern_a_snat,29,0x85b42,Messer,18,SKIP,16,Messerwurf,4814,4822,8,863,329,56,l,80,0,151,-10,0,-4.0,56..56,329,4833,12,819,44,768,4846,24,0000:11 0c08:12 ff00:1,4822-4833,12,,11,Treffer Figur,"f4833(-11,8B 11,attr 0c08,um ja,dx 27,dz 10,h 0)",,095bxx:12,a994,,
fern_a_sf9,29,0x85b42,Messer,18,SKIP,9,Messerwurf,929,937,8,971,310,56,l,80,0,151,9,0,-4.0,56..56,310,948,12,927,44,768,961,24,0000:11 0c08:12 ff00:1,937-948,12,,10,Treffer Figur,"f948(-10,8B 10,attr 0c08,um ja,dx 27,dz -9,h 0)",,095bxx:12,a994,,
fern_a_sf9,29,0x85b42,Messer,18,SKIP,9,Messerwurf,1210,1218,8,934,324,56,l,80,0,114,-5,0,-4.0,56..56,324,1219,2,930,4,768,1232,14,0000:11 0c08:2 ff00:1,1218-1219,2,,10,Treffer Figur,"f1219(-10,8B 10,attr 0c08,um ja,dx 30,dz 5,h 0)",,095bxx:12,a994,,
fern_a_sf9,29,0x85b42,Messer,18,SKIP,9,Messerwurf,2116,2124,8,961,312,56,l,80,0,141,7,0,-4.0,56..56,312,2132,9,929,32,768,2145,21,0000:11 0c08:9 ff00:1,2124-2132,9,,10,Treffer Figur,"f2132(-10,8B 10,attr 0c08,um ja,dx 29,dz -7,h 0)",,095bxx:12,a994,,
fern_a_sf9,29,0x85b42,Messer,18,SKIP,9,Messerwurf,2583,2591,8,935,324,56,l,80,0,115,-5,0,-4.0,56..56,324,2593,3,927,8,768,2606,15,0000:11 0c08:3 ff00:1,2591-2593,3,,10,Treffer Figur,"f2593(-10,8B 10,attr 0c08,um ja,dx 27,dz 5,h 0)",,095bxx:12,a994,,
fern_a_sf9,29,0x85b42,Messer,18,SKIP,9,Messerwurf,3429,3437,8,968,310,56,l,80,0,148,9,0,-4.0,56..56,310,3447,11,928,40,768,3460,23,0000:11 0c08:11 ff00:1,3437-3447,11,,10,Treffer Figur,"f3447(-10,8B 10,attr 0c08,um ja,dx 28,dz -9,h 0)",,095bxx:12,a994,,
fern_a_sf9,29,0x85b42,Messer,18,SKIP,9,Messerwurf,5409,5417,8,961,312,56,l,80,0,141,7,0,-4.0,56..56,312,5425,9,929,32,768,5438,21,0000:11 0c08:9 ff00:1,5417-5425,9,,10,Treffer Figur,"f5425(-10,8B 10,attr 0c08,um ja,dx 29,dz -7,h 0)",,095bxx:12,a994,,
fern_a_sf9,29,0x85b42,Messer,18,SKIP,9,Messerwurf,5867,5875,8,936,324,56,l,80,0,116,-5,0,-4.0,56..56,324,5877,3,928,8,768,5890,15,0000:11 0c08:3 ff00:1,5875-5877,3,,10,Treffer Figur,"f5877(-10,8B 10,attr 0c08,um ja,dx 28,dz 5,h 0)",,095bxx:12,a994,,
fern_a_sf20,29,0x85b42,Messer,18,SKIP,20,Messerwurf,899,907,8,962,316,56,l,80,0,142,3,0,-4.0,56..56,316,915,9,930,32,768,928,21,0000:11 0c08:9 ff00:1,907-915,9,,12,Treffer Figur,"f915(-12,8B 12,attr 0c08,um ja,dx 30,dz -3,h 0)",,095bxx:12,a994,,
fern_a_sf20,29,0x85b42,Messer,18,SKIP,20,Messerwurf,1146,1154,8,961,318,56,l,80,0,141,1,0,-4.0,56..56,318,1162,9,929,32,768,1175,21,0000:11 0c08:9 ff00:1,1154-1162,9,,12,Treffer Figur,"f1162(-12,8B 12,attr 0c08,um ja,dx 29,dz -1,h 0)",,095bxx:12,a994,,
fern_a_sf20,29,0x85b42,Messer,18,SKIP,20,Messerwurf,1557,1565,8,935,324,56,l,80,0,115,-5,0,-4.0,56..56,324,1567,3,927,8,768,1580,15,0000:11 0c08:3 ff00:1,1565-1567,3,,12,Treffer Figur,"f1567(-12,8B 12,attr 0c08,um ja,dx 27,dz 5,h 0)",,095bxx:12,a994,,
fern_a_sf20,29,0x85b42,Messer,18,SKIP,20,Messerwurf,2190,2198,8,961,314,56,l,80,0,141,5,0,-4.0,56..56,314,2206,9,929,32,768,2219,21,0000:11 0c08:9 ff00:1,2198-2206,9,,12,Treffer Figur,"f2206(-12,8B 12,attr 0c08,um ja,dx 29,dz -5,h 0)",,095bxx:12,a994,,
fern_a_sg9,29,0x85b42,Messer,18,SKIP,9,Messerwurf,1457,1465,8,1235,315,56,l,80,0,141,4,0,-4.0,56..56,315,1473,9,1203,32,1109,1486,21,0000:11 0c08:9 ff00:1,1465-1473,9,,10,Treffer Figur,"f1473(-10,8B 10,attr 0c08,um ja,dx 29,dz -4,h 0)",,095bxx:12,a994,,
fern_a_sg9,29,0x85b42,Messer,18,SKIP,9,Messerwurf,4708,4716,8,1527,310,56,r,80,0,156,9,0,4.0,56..56,310,4728,13,1575,48,1378,4741,25,0000:11 0c08:13 ff00:1,4716-4728,13,,10,Treffer Figur,"f4728(-10,8B 10,attr 0c08,um ja,dx -28,dz -9,h 0)",,095bxx:12,a994,,
fern_a_st9,29,0x85b42,Messer,18,SKIP,9,Messerwurf,1043,1051,8,899,332,56,l,80,0,146,7,0,-4.0,56..56,332,1060,10,863,36,768,1073,22,0000:11 0c08:10 ff00:1,1051-1060,10,,10,Treffer Figur,"f1060(-10,8B 10,attr 0c08,um ja,dx 30,dz -7,h 0)",,095bxx:12,a994,,
fern_a_st9,29,0x85b42,Messer,18,SKIP,9,Messerwurf,2440,2448,8,866,310,56,l,80,0,154,-1,0,-4.0,56..56,310,2459,12,822,44,768,2472,24,0000:11 0c08:12 ff00:1,2448-2459,12,,10,Treffer Figur,"f2459(-10,8B 10,attr 0c08,um ja,dx 30,dz 1,h 0)",,095bxx:12,a994,,
fern_a_st9,29,0x85b42,Messer,18,SKIP,9,Messerwurf,5219,5227,8,853,318,56,l,80,0,141,-16,0,-4.0,56..56,318,5253,27,749,104,768,5254,27,0c08:27,5227-5253,27,,10,Ablauf,,,,a994,,
fern_a_p9,29,0x86022,Kugel,18,DICK,9,Pistole,3794,3800,6,2162,161,58,r,34,0,120,-5,0,8.0,58..58,161,3810,11,2242,80,2048,3823,23,0000:11 0002:11 ff00:1,3800-3810,11,,5,Treffer Figur,"f3810(-5,8B 5,attr 0002,um nein,dx -6,dz 5,h 0)",,095bxx:12,a994,,
fern_a_p9,28,0x86022,Kugel-Umwerf,18,DICK,9,Pistole,3811,3817,6,2162,161,58,r,34,0,120,-5,0,8.0,58..58,161,3827,11,2242,80,2048,3840,23,0000:11 0c02:11 ff00:1,3817-3827,11,,5,Treffer Figur,"f3827(-5,8B 5,attr 0c02,um ja,dx -6,dz 5,h 0)",,095bxx:12,a994,,
fern_a_p9,29,0x86022,Kugel,18,DICK,9,Pistole,3828,3834,6,2162,161,58,r,34,0,120,-5,0,8.0,58..58,161,3881,48,2538,376,2126,3888,54,0000:5 0002:48 ff00:1,3834-3881,48,,5,Ablauf,,,095exx:6,a994,,
fern_a_p9,28,0x86022,Kugel-Umwerf,18,DICK,9,Pistole,3845,3851,6,2162,161,58,r,34,0,166,-5,48,8.0,58..58,161,3898,48,2538,376,2128,3905,54,0000:5 0c02:48 ff00:1,3851-3898,48,,5,Ablauf,,,095exx:6,a994,,
fern_a_p9,28,0x86022,Kugel,18,DICK,9,Pistole,4466,4472,6,2305,160,58,r,34,0,112,-4,0,8.0,58..58,160,4480,9,2369,64,2128,4493,21,0000:11 0002:9 ff00:1,4472-4480,9,,5,Treffer Figur,"f4480(-5,8B 5,attr 0002,um nein,dx -14,dz 4,h 0)",,095bxx:12,a994,,
fern_a_p9,29,0x86022,Kugel-Umwerf,18,DICK,9,Pistole,4483,4489,6,2305,160,58,r,34,0,112,-4,0,8.0,58..58,160,4497,9,2369,64,2128,4510,21,0000:11 0c02:9 ff00:1,4489-4497,9,,5,Treffer Figur,"f4497(-5,8B 5,attr 0c02,um ja,dx -14,dz 4,h 0)",,095bxx:12,a994,,
fern_a_p9,28,0x86022,Kugel,18,DICK,9,Pistole,4500,4506,6,2305,160,58,r,34,0,115,-4,5,8.0,58..58,160,4535,30,2537,232,2176,4542,36,0000:5 0002:30 ff00:1,4506-4535,30,,5,Ablauf,,,095exx:6,a994,,
fern_a_p9,29,0x86022,Kugel-Umwerf,18,DICK,9,Pistole,4517,4523,6,2305,160,58,r,34,0,164,-4,48,8.0,58..58,160,4552,30,2537,232,2176,4559,36,0000:5 0c02:30 ff00:1,4523-4552,30,,5,Ablauf,,,095exx:6,a994,,
fern_a_p9,29,0x86022,Kugel,18,DICK,9,Pistole,5409,5415,6,2432,150,58,r,34,0,121,6,0,8.0,58..58,150,5424,10,2504,72,2176,5437,22,0000:11 0002:10 ff00:1,5415-5424,10,,5,Treffer Figur,"f5424(-5,8B 5,attr 0002,um nein,dx -15,dz -6,h 0)",,095bxx:12,a994,,
fern_a_p9,28,0x86022,Kugel-Umwerf,18,DICK,9,Pistole,5426,5432,6,2432,150,58,r,34,0,121,6,0,8.0,58..58,150,5441,10,2504,72,2176,5454,22,0000:11 0c02:10 ff00:1,5432-5441,10,,5,Treffer Figur,"f5441(-5,8B 5,attr 0c02,um ja,dx -15,dz -6,h 0)",,095bxx:12,a994,,
fern_a_p9,29,0x86022,Kugel,18,DICK,9,Pistole,5443,5449,6,2432,150,58,r,34,0,121,6,0,8.0,58..58,150,5462,14,2536,104,2176,5469,20,0000:5 0002:14 ff00:1,5449-5462,14,,5,Ablauf,,,095exx:6,a994,,
fern_a_p9,28,0x86022,Kugel-Umwerf,18,DICK,9,Pistole,5460,5466,6,2432,150,58,r,34,0,138,6,48,8.0,58..58,150,5479,14,2536,104,2176,5486,20,0000:5 0c02:14 ff00:1,5466-5479,14,,5,Ablauf,,,095exx:6,a994,,
fern_a_p9,29,0x86022,Kugel,18,DICK,9,Pistole,5477,5483,6,2432,150,58,r,34,0,138,6,17,8.0,58..58,150,5496,14,2536,104,2176,5503,20,0000:5 0002:14 ff00:1,5483-5496,14,,5,Ablauf,,,095exx:6,a994,,
fern_a_p20,29,0x86022,Kugel,18,DICK,20,Pistole,222,228,6,2162,159,58,r,34,0,120,-3,0,8.0,58..58,159,238,11,2242,80,2048,251,23,0000:11 0002:11 ff00:1,228-238,11,,6,Treffer Figur,"f238(-6,8B 6,attr 0002,um nein,dx -6,dz 3,h 0)",,095bxx:12,a994,,
fern_a_p20,28,0x86022,Kugel-Umwerf,18,DICK,20,Pistole,239,245,6,2162,159,58,r,34,0,120,-3,0,8.0,58..58,159,255,11,2242,80,2048,268,23,0000:11 0c02:11 ff00:1,245-255,11,,6,Treffer Figur,"f255(-6,8B 6,attr 0c02,um ja,dx -6,dz 3,h 0)",,095bxx:12,a994,,
fern_a_p20,29,0x86022,Kugel,18,DICK,20,Pistole,256,262,6,2162,159,58,r,34,0,120,-3,0,8.0,58..58,159,309,48,2538,376,2126,316,54,0000:5 0002:48 ff00:1,262-309,48,,6,Ablauf,,,095exx:6,a994,,
fern_a_p20,28,0x86022,Kugel-Umwerf,18,DICK,20,Pistole,273,279,6,2162,159,58,r,34,0,166,-3,48,8.0,58..58,159,326,48,2538,376,2128,333,54,0000:5 0c02:48 ff00:1,279-326,48,,6,Ablauf,,,095exx:6,a994,,
fern_a_p20,28,0x86022,Kugel,18,DICK,20,Pistole,403,409,6,2290,150,58,r,34,0,127,6,0,8.0,58..58,150,419,11,2370,80,2128,432,23,0000:11 0002:11 ff00:1,409-419,11,,6,Treffer Figur,"f419(-6,8B 6,attr 0002,um nein,dx -13,dz -6,h 0)",,095bxx:12,a994,,
fern_a_p20,29,0x86022,Kugel-Umwerf,18,DICK,20,Pistole,420,426,6,2290,150,58,r,34,0,127,6,0,8.0,58..58,150,436,11,2370,80,2128,449,23,0000:11 0c02:11 ff00:1,426-436,11,,6,Treffer Figur,"f436(-6,8B 6,attr 0c02,um ja,dx -13,dz -6,h 0)",,095bxx:12,a994,,
fern_a_p20,28,0x86022,Kugel,18,DICK,20,Pistole,437,443,6,2290,150,58,r,34,0,127,6,0,8.0,58..58,150,474,32,2538,248,2176,481,38,0000:5 0002:32 ff00:1,443-474,32,,6,Ablauf,,,095exx:6,a994,,
fern_a_p20,29,0x86022,Kugel-Umwerf,18,DICK,20,Pistole,454,460,6,2290,150,58,r,34,0,173,6,47,8.0,58..58,150,491,32,2538,248,2176,498,38,0000:5 0c02:32 ff00:1,460-491,32,,6,Ablauf,,,095exx:6,a994,,
fern_a_p20,29,0x86022,Kugel,18,DICK,20,Pistole,794,800,6,2433,160,58,r,34,0,120,-4,0,8.0,58..58,160,809,10,2505,72,2176,822,22,0000:11 0002:10 ff00:1,800-809,10,,6,Treffer Figur,"f809(-6,8B 6,attr 0002,um nein,dx -14,dz 4,h 0)",,095bxx:12,a994,,
fern_a_p20,28,0x86022,Kugel-Umwerf,18,DICK,20,Pistole,811,817,6,2433,160,58,r,34,0,120,-4,0,8.0,58..58,160,826,10,2505,72,2176,839,22,0000:11 0c02:10 ff00:1,817-826,10,,6,Treffer Figur,"f826(-6,8B 6,attr 0c02,um ja,dx -14,dz 4,h 0)",,095bxx:12,a994,,
fern_a_p20,29,0x86022,Kugel,18,DICK,20,Pistole,828,834,6,2433,160,58,r,34,0,120,-4,0,8.0,58..58,160,847,14,2537,104,2176,854,20,0000:5 0002:14 ff00:1,834-847,14,,6,Ablauf,,,095exx:6,a994,,
fern_a_p20,29,0x86022,Kugel,18,DICK,20,Pistole,1581,1587,6,2450,158,58,r,34,0,120,-2,0,8.0,58..58,158,1596,10,2522,72,2176,1609,22,0000:11 0002:10 ff00:1,1587-1596,10,,6,Treffer Figur,"f1596(-6,8B 6,attr 0002,um nein,dx -14,dz 2,h 0)",,095bxx:12,a994,,
fern_a_p20,28,0x86022,Kugel-Umwerf,18,DICK,20,Pistole,1598,1604,6,2450,158,58,r,34,0,120,-2,0,8.0,58..58,158,1613,10,2522,72,2176,1626,22,0000:11 0c02:10 ff00:1,1604-1613,10,,6,Treffer Figur,"f1613(-6,8B 6,attr 0c02,um ja,dx -14,dz 2,h 0)",,095bxx:12,a994,,
fern_a_p20,29,0x86022,Kugel,18,DICK,20,Pistole,1615,1621,6,2450,158,58,r,34,0,120,-2,0,8.0,58..58,158,1632,12,2538,88,2176,1639,18,0000:5 0002:12 ff00:1,1621-1632,12,,6,Ablauf,,,095exx:6,a994,,
fern_a_p20,29,0x86022,Kugel,18,DICK,20,Pistole,2483,2489,6,2450,153,58,r,34,0,120,3,0,8.0,58..58,153,2498,10,2522,72,2176,2511,22,0000:11 0002:10 ff00:1,2489-2498,10,,6,Treffer Figur,"f2498(-6,8B 6,attr 0002,um nein,dx -14,dz -3,h 0)",,095bxx:12,a994,,
fern_a_p20,28,0x86022,Kugel-Umwerf,18,DICK,20,Pistole,2500,2506,6,2450,153,58,r,34,0,120,3,0,8.0,58..58,153,2515,10,2522,72,2176,2528,22,0000:11 0c02:10 ff00:1,2506-2515,10,,6,Treffer Figur,"f2515(-6,8B 6,attr 0c02,um ja,dx -14,dz -3,h 0)",,095bxx:12,a994,,
fern_a_p20,29,0x86022,Kugel,18,DICK,20,Pistole,2517,2523,6,2450,153,58,r,34,0,120,3,0,8.0,58..58,153,2534,12,2538,88,2176,2541,18,0000:5 0002:12 ff00:1,2523-2534,12,,6,Ablauf,,,095exx:6,a994,,
fern_a_p20,28,0x86022,Kugel-Umwerf,18,DICK,20,Pistole,2534,2540,6,2450,153,58,r,34,0,120,3,48,8.0,58..58,153,2551,12,2538,88,2176,2558,18,0000:5 0c02:12 ff00:1,2540-2551,12,,6,Ablauf,,,095exx:6,a994,,
fern_a_p20,29,0x86022,Kugel,18,DICK,20,Pistole,2551,2557,6,2450,153,58,r,34,0,120,3,17,8.0,58..58,153,2568,12,2538,88,2176,2575,18,0000:5 0002:12 ff00:1,2557-2568,12,,6,Ablauf,,,095exx:6,a994,,
fern_a_p20,28,0x86022,Kugel-Umwerf,18,DICK,20,Pistole,2568,2574,6,2450,153,58,r,34,0,120,3,0,8.0,58..58,153,2585,12,2538,88,2176,2592,18,0000:5 0c02:12 ff00:1,2574-2585,12,,6,Ablauf,,,095exx:6,a994,,
fern_a_p20,28,0x86022,Kugel,18,DICK,20,Pistole,2717,2723,6,2445,161,58,r,34,0,125,-5,0,8.0,58..58,161,2732,10,2517,72,2176,2745,22,0000:11 0002:10 ff00:1,2723-2732,10,,6,Treffer Figur,"f2732(-6,8B 6,attr 0002,um nein,dx -19,dz 5,h 0)",,095bxx:12,a994,,
fern_a_p20,29,0x86022,Kugel-Umwerf,18,DICK,20,Pistole,2734,2740,6,2445,161,58,r,34,0,125,-5,0,8.0,58..58,161,2749,10,2517,72,2176,2762,22,0000:11 0c02:10 ff00:1,2740-2749,10,,6,Treffer Figur,"f2749(-6,8B 6,attr 0c02,um ja,dx -19,dz 5,h 0)",,095bxx:12,a994,,
fern_a_p20,28,0x86022,Kugel,18,DICK,20,Pistole,2751,2757,6,2445,161,58,r,34,0,125,-5,0,8.0,58..58,161,2768,12,2533,88,2176,2775,18,0000:5 0002:12 ff00:1,2757-2768,12,,6,Ablauf,,,095exx:6,a994,,
fern_a_p20,29,0x86022,Kugel-Umwerf,18,DICK,20,Pistole,2768,2774,6,2445,161,58,r,34,0,125,-5,48,8.0,58..58,161,2785,12,2533,88,2176,2792,18,0000:5 0c02:12 ff00:1,2774-2785,12,,6,Ablauf,,,095exx:6,a994,,
fern_a_p20,28,0x86022,Kugel,18,DICK,20,Pistole,2785,2791,6,2445,161,58,r,34,0,125,-5,17,8.0,58..58,161,2802,12,2533,88,2176,2809,18,0000:5 0002:12 ff00:1,2791-2802,12,,6,Ablauf,,,095exx:6,a994,,
fern_a_p20,28,0x86022,Kugel,18,DICK,20,Pistole,3161,3167,6,2449,160,58,r,34,0,121,-4,0,8.0,58..58,160,3176,10,2521,72,2176,3189,22,0000:11 0002:10 ff00:1,3167-3176,10,,6,Treffer Figur,"f3176(-6,8B 6,attr 0002,um nein,dx -15,dz 4,h 0)",,095bxx:12,a994,,
fern_a_p20,29,0x86022,Kugel-Umwerf,18,DICK,20,Pistole,3178,3184,6,2449,160,58,r,34,0,121,-4,0,8.0,58..58,160,3193,10,2521,72,2176,3206,22,0000:11 0c02:10 ff00:1,3184-3193,10,,6,Treffer Figur,"f3193(-6,8B 6,attr 0c02,um ja,dx -15,dz 4,h 0)",,095bxx:12,a994,,
fern_a_p20,28,0x86022,Kugel,18,DICK,20,Pistole,3195,3201,6,2449,160,58,r,34,0,121,-4,0,8.0,58..58,160,3212,12,2537,88,2176,3219,18,0000:5 0002:12 ff00:1,3201-3212,12,,6,Ablauf,,,095exx:6,a994,,
fern_a_p20,29,0x86022,Kugel-Umwerf,18,DICK,20,Pistole,3212,3218,6,2449,160,58,r,34,0,121,-4,48,8.0,58..58,160,3229,12,2537,88,2176,3236,18,0000:5 0c02:12 ff00:1,3218-3229,12,,6,Ablauf,,,095exx:6,a994,,
fern_a_p20,29,0x86022,Kugel,18,DICK,20,Pistole,3361,3367,6,2449,150,58,r,34,0,121,6,0,8.0,58..58,150,3376,10,2521,72,2176,3389,22,0000:11 0002:10 ff00:1,3367-3376,10,,6,Treffer Figur,"f3376(-6,8B 6,attr 0002,um nein,dx -15,dz -6,h 0)",,095bxx:12,a994,,
fern_a_p20,28,0x86022,Kugel,18,DICK,20,Pistole,3378,3384,6,2449,150,58,r,34,0,121,6,0,8.0,58..58,150,3393,10,2521,72,2176,3406,22,0000:11 0002:10 ff00:1,3384-3393,10,,6,Treffer Figur,"f3393(-6,8B 6,attr 0002,um nein,dx -15,dz -6,h 0)",,095bxx:12,a994,,
fern_a_p20,29,0x86022,Kugel-Umwerf,18,DICK,20,Pistole,3395,3401,6,2449,150,58,r,34,0,121,6,0,8.0,58..58,150,3410,10,2521,72,2176,3423,22,0000:11 0c02:10 ff00:1,3401-3410,10,,6,Treffer Figur,"f3410(-6,8B 6,attr 0c02,um ja,dx -15,dz -6,h 0)",,095bxx:12,a994,,
fern_a_p20,28,0x86022,Kugel,18,DICK,20,Pistole,3412,3418,6,2449,150,58,r,34,0,121,6,0,8.0,58..58,150,3429,12,2537,88,2176,3436,18,0000:5 0002:12 ff00:1,3418-3429,12,,6,Ablauf,,,095exx:6,a994,,
fern_a_p20,29,0x86022,Kugel-Umwerf,18,DICK,20,Pistole,3429,3435,6,2449,150,58,r,34,0,121,6,48,8.0,58..58,150,3446,12,2537,88,2176,3453,18,0000:5 0c02:12 ff00:1,3435-3446,12,,6,Ablauf,,,095exx:6,a994,,
fern_a_p20,29,0x86022,Kugel,18,DICK,20,Pistole,3803,3809,6,2450,153,58,r,34,0,120,3,0,8.0,58..58,153,3818,10,2522,72,2176,3831,22,0000:11 0002:10 ff00:1,3809-3818,10,,6,Treffer Figur,"f3818(-6,8B 6,attr 0002,um nein,dx -14,dz -3,h 0)",,095bxx:12,a994,,
fern_a_p20,28,0x86022,Kugel-Umwerf,18,DICK,20,Pistole,3820,3826,6,2450,153,58,r,34,0,120,3,0,8.0,58..58,153,3835,10,2522,72,2176,3848,22,0000:11 0c02:10 ff00:1,3826-3835,10,,6,Treffer Figur,"f3835(-6,8B 6,attr 0c02,um ja,dx -14,dz -3,h 0)",,095bxx:12,a994,,
fern_a_p20,29,0x86022,Kugel,18,DICK,20,Pistole,3837,3843,6,2450,153,58,r,34,0,120,3,0,8.0,58..58,153,3854,12,2538,88,2176,3861,18,0000:5 0002:12 ff00:1,3843-3854,12,,6,Ablauf,,,095exx:6,a994,,
fern_a_p20,29,0x86022,Kugel,18,DICK,20,Pistole,4219,4225,6,2449,154,58,r,34,0,121,2,0,8.0,58..58,154,4234,10,2521,72,2176,4247,22,0000:11 0002:10 ff00:1,4225-4234,10,,6,Treffer Figur,"f4234(-6,8B 6,attr 0002,um nein,dx -15,dz -2,h 0)",,095bxx:12,a994,,
fern_a_p20,28,0x86022,Kugel-Umwerf,18,DICK,20,Pistole,4236,4242,6,2449,154,58,r,34,0,121,2,0,8.0,58..58,154,4251,10,2521,72,2176,4264,22,0000:11 0c02:10 ff00:1,4242-4251,10,,6,Treffer Figur,"f4251(-6,8B 6,attr 0c02,um ja,dx -15,dz -2,h 0)",,095bxx:12,a994,,
fern_a_p20,29,0x86022,Kugel,18,DICK,20,Pistole,4253,4259,6,2449,154,58,r,34,0,121,2,0,8.0,58..58,154,4270,12,2537,88,2176,4277,18,0000:5 0002:12 ff00:1,4259-4270,12,,6,Ablauf,,,095exx:6,a994,,
fern_a_p20,29,0x86022,Kugel,18,DICK,20,Pistole,4666,4672,6,2458,161,58,r,34,0,112,-5,0,8.0,58..58,161,4680,9,2522,64,2176,4693,21,0000:11 0002:9 ff00:1,4672-4680,9,,6,Treffer Figur,"f4680(-6,8B 6,attr 0002,um nein,dx -14,dz 5,h 0)",,095bxx:12,a994,,
fern_a_p20,28,0x86022,Kugel-Umwerf,18,DICK,20,Pistole,4683,4689,6,2458,161,58,r,34,0,112,-5,0,8.0,58..58,161,4697,9,2522,64,2176,4710,21,0000:11 0c02:9 ff00:1,4689-4697,9,,6,Treffer Figur,"f4697(-6,8B 6,attr 0c02,um ja,dx -14,dz 5,h 0)",,095bxx:12,a994,,
fern_a_p20,29,0x86022,Kugel,18,DICK,20,Pistole,4700,4706,6,2458,161,58,r,34,0,112,-5,5,8.0,58..58,161,4716,11,2538,80,2176,4723,17,0000:5 0002:11 ff00:1,4706-4716,11,,6,Ablauf,,,095exx:6,a994,,
fern_a_p20,28,0x86022,Kugel-Umwerf,18,DICK,20,Pistole,4717,4723,6,2458,161,58,r,34,0,112,-5,48,8.0,58..58,161,4733,11,2538,80,2176,4740,17,0000:5 0c02:11 ff00:1,4723-4733,11,,6,Ablauf,,,095exx:6,a994,,
fern_a_p20,29,0x86022,Kugel,18,DICK,20,Pistole,4734,4740,6,2458,161,58,r,34,0,112,-5,12,8.0,58..58,161,4750,11,2538,80,2176,4757,17,0000:5 0002:11 ff00:1,4740-4750,11,,6,Ablauf,,,095exx:6,a994,,
fern_a_p20,29,0x86022,Kugel,18,DICK,20,Pistole,5046,5052,6,2449,154,58,r,34,0,121,2,0,8.0,58..58,154,5061,10,2521,72,2176,5074,22,0000:11 0002:10 ff00:1,5052-5061,10,,6,Treffer Figur,"f5061(-6,8B 6,attr 0002,um nein,dx -15,dz -2,h 0)",,095bxx:12,a994,,
fern_a_p20,28,0x86022,Kugel-Umwerf,18,DICK,20,Pistole,5063,5069,6,2449,154,58,r,34,0,121,2,0,8.0,58..58,154,5078,10,2521,72,2176,5091,22,0000:11 0c02:10 ff00:1,5069-5078,10,,6,Treffer Figur,"f5078(-6,8B 6,attr 0c02,um ja,dx -15,dz -2,h 0)",,095bxx:12,a994,,
fern_a_p20,29,0x86022,Kugel,18,DICK,20,Pistole,5080,5086,6,2449,154,58,r,34,0,121,2,0,8.0,58..58,154,5097,12,2537,88,2176,5104,18,0000:5 0002:12 ff00:1,5086-5097,12,,6,Ablauf,,,095exx:6,a994,,
fern_a_p20,29,0x86022,Kugel,18,DICK,20,Pistole,5434,5440,6,2447,150,58,r,34,0,123,6,0,8.0,58..58,150,5449,10,2519,72,2176,5462,22,0000:11 0002:10 ff00:1,5440-5449,10,,6,Treffer Figur,"f5449(-6,8B 6,attr 0002,um nein,dx -17,dz -6,h 0)",,095bxx:12,a994,,
fern_a_p20,28,0x86022,Kugel-Umwerf,18,DICK,20,Pistole,5451,5457,6,2447,150,58,r,34,0,123,6,0,8.0,58..58,150,5466,10,2519,72,2176,5479,22,0000:11 0c02:10 ff00:1,5457-5466,10,,6,Treffer Figur,"f5466(-6,8B 6,attr 0c02,um ja,dx -17,dz -6,h 0)",,095bxx:12,a994,,
fern_a_p20,29,0x86022,Kugel,18,DICK,20,Pistole,5468,5474,6,2447,150,58,r,34,0,123,6,0,8.0,58..58,150,5486,13,2543,96,2176,5493,19,0000:5 0002:13 ff00:1,5474-5486,13,,6,Ablauf,,,095exx:6,a994,,
fern_a_p20,28,0x86022,Kugel-Umwerf,18,DICK,20,Pistole,5485,5491,6,2447,150,58,r,34,0,123,6,48,8.0,58..58,150,5503,13,2543,96,2176,5510,19,0000:5 0c02:13 ff00:1,5491-5503,13,,6,Ablauf,,,095exx:6,a994,,
fern_a_p20,29,0x86022,Kugel,18,DICK,20,Pistole,5502,5508,6,2447,150,58,r,34,0,123,6,17,8.0,58..58,150,5520,13,2543,96,2176,5527,19,0000:5 0002:13 ff00:1,5508-5520,13,,6,Ablauf,,,095exx:6,a994,,
fern_a_pf9,29,0x86022,Kugel,18,DICK,9,Pistole,3794,3800,6,2162,161,58,r,34,0,120,-5,0,8.0,58..58,161,3810,11,2242,80,2048,3823,23,0000:11 0002:11 ff00:1,3800-3810,11,,5,Treffer Figur,"f3810(-5,8B 5,attr 0002,um nein,dx -6,dz 5,h 0)",,095bxx:12,a994,,
fern_a_pf9,28,0x86022,Kugel-Umwerf,18,DICK,9,Pistole,3811,3817,6,2162,161,58,r,34,0,120,-5,0,8.0,58..58,161,3827,11,2242,80,2048,3840,23,0000:11 0c02:11 ff00:1,3817-3827,11,,5,Treffer Figur,"f3827(-5,8B 5,attr 0c02,um ja,dx -6,dz 5,h 0)",,095bxx:12,a994,,
fern_a_pf9,29,0x86022,Kugel,18,DICK,9,Pistole,3828,3834,6,2162,161,58,r,34,0,120,-5,0,8.0,58..58,161,3876,43,2498,336,2048,3877,43,0002:43,3834-3876,43,,5,Ablauf,,,,a994,,
fern_a_pf9,28,0x86022,Kugel-Umwerf,18,DICK,9,Pistole,3845,3851,6,2162,161,58,r,34,0,122,-5,48,8.0,58..58,161,3893,43,2498,336,2048,3894,43,0c02:43,3851-3893,43,,5,Ablauf,,,,a994,,
fern_a_pf9,27,0x86022,Kugel,18,DICK,9,Pistole,3862,3868,6,2162,161,58,r,34,0,122,-5,21,8.0,58..58,161,3910,43,2498,336,2048,3911,43,0002:43,3868-3910,43,,5,Ablauf,,,,0000,,
fern_a_pf9,27,0x86022,Kugel,18,DICK,9,Pistole,4610,4616,6,2162,161,58,r,34,0,120,-5,0,8.0,58..58,161,4625,10,2234,72,2048,4638,22,0000:11 0002:10 ff00:1,4616-4625,10,,5,Treffer Figur,"f4625(-5,8B 5,attr 0002,um nein,dx -14,dz 5,h 0)",,095bxx:12,a994,,
fern_a_pf9,28,0x86022,Kugel,18,DICK,9,Pistole,4627,4633,6,2162,161,58,r,34,0,120,-5,0,8.0,58..58,161,4642,10,2234,72,2048,4655,22,0000:11 0002:10 ff00:1,4633-4642,10,,5,Treffer Figur,"f4642(-5,8B 5,attr 0002,um nein,dx -14,dz 5,h 0)",,095bxx:12,a994,,
fern_a_pf9,28,0x86022,Kugel,18,DICK,9,Pistole,5086,5092,6,2162,151,58,r,34,0,120,5,0,8.0,58..58,151,5101,10,2234,72,2048,5114,22,0000:11 0002:10 ff00:1,5092-5101,10,,5,Treffer Figur,"f5101(-5,8B 5,attr 0002,um nein,dx -14,dz -5,h 0)",,095bxx:12,a994,,
fern_a_pf9,27,0x86022,Kugel-Umwerf,18,DICK,9,Pistole,5103,5109,6,2162,151,58,r,34,0,120,5,0,8.0,58..58,151,5118,10,2234,72,2048,5131,22,0000:11 0c02:10 ff00:1,5109-5118,10,,5,Treffer Figur,"f5118(-5,8B 5,attr 0c02,um ja,dx -14,dz -5,h 0)",,095bxx:12,a994,,
fern_a_pf9,28,0x86022,Kugel,18,DICK,9,Pistole,5120,5126,6,2162,151,58,r,34,0,120,5,0,8.0,58..58,151,5168,43,2498,336,2048,5169,43,0002:43,5126-5168,43,,5,Ablauf,,,,a994,,
fern_a_pf9,27,0x86022,Kugel-Umwerf,18,DICK,9,Pistole,5137,5143,6,2162,151,58,r,34,0,122,5,48,8.0,58..58,151,5185,43,2498,336,2048,5186,43,0c02:43,5143-5185,43,,5,Ablauf,,,,a994,,
fern_a_pf9,29,0x86022,Kugel,18,DICK,9,Pistole,5154,5160,6,2162,151,58,r,34,0,122,5,17,8.0,58..58,151,5202,43,2498,336,2048,5203,43,0002:43,5160-5202,43,,5,Ablauf,,,,a994,,
fern_a_pf9,29,0x86022,Kugel,18,DICK,9,Pistole,5333,5339,6,2162,161,58,r,34,0,120,-5,0,8.0,58..58,161,5348,10,2234,72,2048,5361,22,0000:11 0002:10 ff00:1,5339-5348,10,,5,Treffer Figur,"f5348(-5,8B 5,attr 0002,um nein,dx -14,dz 5,h 0)",,095bxx:12,a994,,
fern_a_pf9,27,0x86022,Kugel-Umwerf,18,DICK,9,Pistole,5350,5356,6,2162,161,58,r,34,0,120,-5,0,8.0,58..58,161,5365,10,2234,72,2048,5378,22,0000:11 0c02:10 ff00:1,5356-5365,10,,5,Treffer Figur,"f5365(-5,8B 5,attr 0c02,um ja,dx -14,dz 5,h 0)",,095bxx:12,a994,,
fern_a_pf9,29,0x86022,Kugel,18,DICK,9,Pistole,5367,5373,6,2162,161,58,r,34,0,120,-5,0,8.0,58..58,161,5415,43,2498,336,2048,5416,43,0002:43,5373-5415,43,,5,Ablauf,,,,a994,,
fern_a_pf9,27,0x86022,Kugel-Umwerf,18,DICK,9,Pistole,5384,5390,6,2162,161,58,r,34,0,122,-5,48,8.0,58..58,161,5432,43,2498,336,2048,5433,43,0c02:43,5390-5432,43,,5,Ablauf,,,,a994,,
fern_a_pg9,29,0x86022,Kugel,18,DICK,9,Pistole,3282,3288,6,2339,160,58,l,34,0,126,-4,0,-8.0,58..58,160,3297,10,2267,72,2048,3310,22,0000:11 0002:10 ff00:1,3288-3297,10,,5,Treffer Figur,"f3297(-5,8B 5,attr 0002,um nein,dx 20,dz 4,h 0)",,095bxx:12,a994,,
fern_a_pg9,28,0x86022,Kugel-Umwerf,18,DICK,9,Pistole,3299,3305,6,2339,160,58,l,34,0,126,-4,0,-8.0,58..58,160,3314,10,2267,72,2048,3327,22,0000:11 0c02:10 ff00:1,3305-3314,10,,5,Treffer Figur,"f3314(-5,8B 5,attr 0c02,um ja,dx 20,dz 4,h 0)",,095bxx:12,a994,,
fern_a_pg9,29,0x86022,Kugel,18,DICK,9,Pistole,3316,3322,6,2339,160,58,l,34,0,126,-4,0,-8.0,58..58,160,3367,46,1979,360,2048,3368,46,0002:46,3322-3367,46,,5,Ablauf,,,,a994,,
fern_a_pg9,28,0x86022,Kugel,18,DICK,9,Pistole,3333,3339,6,2339,160,58,l,34,0,175,-4,48,-8.0,58..58,160,3384,46,1979,360,2048,3385,46,0002:46,3339-3384,46,,5,Ablauf,,,,a994,,
fern_a_pg9,28,0x86022,Kugel,18,DICK,9,Pistole,3929,3935,6,2172,160,58,l,34,0,134,-4,0,-8.0,58..58,160,3946,12,2084,88,2048,3959,24,0000:11 0002:12 ff00:1,3935-3946,12,,5,Treffer Figur,"f3946(-5,8B 5,attr 0002,um nein,dx 12,dz 4,h 0)",,095bxx:12,a994,,
fern_a_pg9,29,0x86022,Kugel,18,DICK,9,Pistole,3946,3952,6,2172,160,58,l,34,0,134,-4,0,-8.0,58..58,160,3963,12,2084,88,2048,3976,24,0000:11 0002:12 ff00:1,3952-3963,12,,5,Treffer Figur,"f3963(-5,8B 5,attr 0002,um nein,dx 12,dz 4,h 0)",,095bxx:12,a994,,
fern_a_pg9,28,0x86022,Kugel-Umwerf,18,DICK,9,Pistole,3963,3969,6,2172,160,58,l,34,0,134,-4,0,-8.0,58..58,160,3980,12,2084,88,2048,3993,24,0000:11 0c02:12 ff00:1,3969-3980,12,,5,Treffer Figur,"f3980(-5,8B 5,attr 0c02,um ja,dx 12,dz 4,h 0)",,095bxx:12,a994,,
fern_a_pg9,29,0x86022,Kugel,18,DICK,9,Pistole,3980,3986,6,2172,160,58,l,34,0,134,-4,0,-8.0,58..58,160,4010,25,1980,192,2048,4011,25,0002:25,3986-4010,25,,5,Ablauf,,,,a994,,
fern_a_pg9,28,0x86022,Kugel-Umwerf,18,DICK,9,Pistole,3997,4003,6,2172,160,58,l,34,0,134,-4,47,-8.0,58..58,160,4027,25,1980,192,2048,4028,25,0c02:25,4003-4027,25,,5,Ablauf,,,,a994,,
fern_a_pg9,28,0x86022,Kugel,18,DICK,9,Pistole,4327,4333,6,2151,161,58,l,34,0,113,-5,0,-8.0,58..58,161,4342,10,2079,72,2048,4355,22,0000:11 0002:10 ff00:1,4333-4342,10,,5,Treffer Figur,"f4342(-5,8B 5,attr 0002,um nein,dx 7,dz 5,h 0)",,095bxx:12,a994,,
fern_a_pg9,29,0x86022,Kugel,18,DICK,9,Pistole,4344,4350,6,2151,161,58,l,34,0,113,-5,0,-8.0,58..58,161,4359,10,2079,72,2048,4372,22,0000:11 0002:10 ff00:1,4350-4359,10,,5,Treffer Figur,"f4359(-5,8B 5,attr 0002,um nein,dx 7,dz 5,h 0)",,095bxx:12,a994,,
fern_a_pg9,28,0x86022,Kugel-Umwerf,18,DICK,9,Pistole,4361,4367,6,2151,161,58,l,34,0,113,-5,0,-8.0,58..58,161,4376,10,2079,72,2048,4389,22,0000:11 0c02:10 ff00:1,4367-4376,10,,5,Treffer Figur,"f4376(-5,8B 5,attr 0c02,um ja,dx 7,dz 5,h 0)",,095bxx:12,a994,,
fern_a_pg9,29,0x86022,Kugel,18,DICK,9,Pistole,4378,4384,6,2151,161,58,l,34,0,113,-5,0,-8.0,58..58,161,4405,22,1983,168,2048,4406,22,0002:22,4384-4405,22,,5,Ablauf,,,,a994,,
fern_a_pg9,28,0x86022,Kugel-Umwerf,18,DICK,9,Pistole,4395,4401,6,2151,161,58,l,34,0,113,-5,48,-8.0,58..58,161,4422,22,1983,168,2048,4423,22,0c02:22,4401-4422,22,,5,Ablauf,,,,a994,,
fern_a_pg9,28,0x86022,Kugel,18,DICK,9,Pistole,5201,5207,6,2173,155,58,l,34,0,135,1,0,-8.0,58..58,155,5218,12,2085,88,2048,5231,24,0000:11 0002:12 ff00:1,5207-5218,12,,5,Treffer Figur,"f5218(-5,8B 5,attr 0002,um nein,dx 13,dz -1,h 0)",,095bxx:12,a994,,
fern_a_pg9,29,0x86022,Kugel,18,DICK,9,Pistole,5218,5224,6,2173,155,58,l,34,0,135,1,0,-8.0,58..58,155,5235,12,2085,88,2048,5248,24,0000:11 0002:12 ff00:1,5224-5235,12,,5,Treffer Figur,"f5235(-5,8B 5,attr 0002,um nein,dx 13,dz -1,h 0)",,095bxx:12,a994,,
fern_a_pg9,28,0x86022,Kugel-Umwerf,18,DICK,9,Pistole,5235,5241,6,2173,155,58,l,34,0,135,1,0,-8.0,58..58,155,5252,12,2085,88,2048,5265,24,0000:11 0c02:12 ff00:1,5241-5252,12,,5,Treffer Figur,"f5252(-5,8B 5,attr 0c02,um ja,dx 13,dz -1,h 0)",,095bxx:12,a994,,
fern_a_pg9,29,0x86022,Kugel,18,DICK,9,Pistole,5252,5258,6,2173,155,58,l,34,0,135,1,0,-8.0,58..58,155,5282,25,1981,192,2048,5283,25,0002:25,5258-5282,25,,5,Ablauf,,,,a994,,
fern_a_pg9,29,0x86022,Kugel,18,DICK,9,Pistole,5438,5444,6,2157,150,58,l,34,0,119,6,0,-8.0,58..58,150,5453,10,2085,72,2048,5466,22,0000:11 0002:10 ff00:1,5444-5453,10,,5,Treffer Figur,"f5453(-5,8B 5,attr 0002,um nein,dx 13,dz -6,h 0)",,095bxx:12,a994,,
fern_a_pg9,28,0x86022,Kugel,18,DICK,9,Pistole,5455,5461,6,2157,150,58,l,34,0,119,6,0,-8.0,58..58,150,5470,10,2085,72,2048,5483,22,0000:11 0002:10 ff00:1,5461-5470,10,,5,Treffer Figur,"f5470(-5,8B 5,attr 0002,um nein,dx 13,dz -6,h 0)",,095bxx:12,a994,,
fern_a_pg9,29,0x86022,Kugel-Umwerf,18,DICK,9,Pistole,5472,5478,6,2157,150,58,l,34,0,119,6,0,-8.0,58..58,150,5487,10,2085,72,2048,5500,22,0000:11 0c02:10 ff00:1,5478-5487,10,,5,Treffer Figur,"f5487(-5,8B 5,attr 0c02,um ja,dx 13,dz -6,h 0)",,095bxx:12,a994,,
fern_a_pg9,28,0x86022,Kugel,18,DICK,9,Pistole,5489,5495,6,2157,150,58,l,34,0,119,6,0,-8.0,58..58,150,5517,23,1981,176,2048,5518,23,0002:23,5495-5517,23,,5,Ablauf,,,,a994,,
fern_a_r9,29,0x86022,Rakete,13,DICK,9,Rakete,473,479,6,2172,157,44,r,45,0,121,-1,0,5.0,44..1,157,498,20,2267,95,2048,594,115,0000:104 1402:10 ff00:1,499-508,10,499-508,13,Treffer Figur,"f500(-13,8B 13,attr 1402,um ja,dx 24,dz 1,h 1)",,0864xx:20 0865xx:15 0866xx:15 0867xx:20 0868xx:15 0869xx:10,a994,,
fern_a_r9,29,0x86022,Rakete,13,DICK,9,Rakete,809,815,6,2300,161,44,r,45,0,128,-5,0,5.0,44..1,161,834,20,2395,95,2128,930,115,0000:104 1402:10 ff00:1,835-844,10,835-844,13,Treffer Figur,"f836(-13,8B 13,attr 1402,um ja,dx 17,dz 5,h 1)",,0864xx:20 0865xx:15 0866xx:15 0867xx:20 0868xx:15 0869xx:10,a994,,
fern_a_r9,29,0x86022,Rakete,13,DICK,9,Rakete,1467,1473,6,2444,154,44,r,45,0,120,2,0,5.0,44..1,154,1492,20,2539,95,2176,1588,115,0000:104 1402:10 ff00:1,1493-1502,10,1493-1502,13,Treffer Figur,"f1494(-13,8B 13,attr 1402,um ja,dx 22,dz -2,h 1)",,0864xx:20 0865xx:15 0866xx:15 0867xx:20 0868xx:15 0869xx:10,a994,,
fern_a_r9,29,0x86022,Rakete,13,DICK,9,Rakete,2163,2169,6,2455,151,44,r,45,0,126,5,0,5.0,44..10,151,2186,18,2540,85,2176,2282,113,0000:102 1402:10 ff00:1,2187-2196,10,2187-2196,13,Treffer Figur,"f2188(-13,8B 13,attr 1402,um ja,dx 7,dz -5,h 1)",,0864xx:20 0865xx:15 0866xx:15 0867xx:20 0868xx:15 0869xx:10,a994,,
fern_a_r9,29,0x86022,Rakete,13,DICK,9,Rakete,2851,2857,6,2454,151,44,r,45,0,127,5,0,5.0,44..10,151,2874,18,2539,85,2176,2970,113,0000:102 1402:10 ff00:1,2875-2884,10,2875-2884,13,Treffer Figur,"f2876(-13,8B 13,attr 1402,um ja,dx 7,dz -5,h 1)",,0864xx:20 0865xx:15 0866xx:15 0867xx:20 0868xx:15 0869xx:10,a994,,
fern_a_r9,29,0x86022,Rakete,13,DICK,9,Rakete,3137,3143,6,2445,150,44,r,45,0,136,6,0,5.0,44..1,150,3162,20,2540,95,2176,3258,115,0000:104 1402:10 ff00:1,3163-3172,10,3163-3172,13,Treffer Figur,"f3164(-13,8B 13,attr 1402,um ja,dx 7,dz -6,h 1)",,0864xx:20 0865xx:15 0866xx:15 0867xx:20 0868xx:15 0869xx:10,a994,,
fern_a_r9,29,0x86022,Rakete,13,DICK,9,Rakete,3832,3838,6,2460,161,44,r,45,0,121,-5,0,5.0,44..18,161,3853,16,2535,75,2176,3949,111,0000:100 1402:10 ff00:1,3854-3863,10,3854-3863,13,Treffer Figur,"f3855(-13,8B 13,attr 1402,um ja,dx 2,dz 5,h 1)",,0864xx:20 0865xx:15 0866xx:15 0867xx:20 0868xx:15 0869xx:10,a994,,
fern_a_r9,29,0x86022,Rakete,13,DICK,9,Rakete,4255,4261,6,2453,150,44,r,45,0,128,6,0,5.0,44..6,150,4279,19,2543,90,2176,4375,114,0000:103 1402:10 ff00:1,4280-4289,10,4280-4289,13,Treffer Figur,"f4281(-13,8B 13,attr 1402,um ja,dx 7,dz -6,h 1)",,0864xx:20 0865xx:15 0866xx:15 0867xx:20 0868xx:15 0869xx:10,a994,,
fern_a_r9,29,0x86022,Rakete,13,DICK,9,Rakete,4582,4588,6,2461,154,44,r,45,0,120,2,0,5.0,44..14,154,4604,17,2541,80,2176,4700,112,0000:101 1402:10 ff00:1,4605-4614,10,4605-4614,13,Treffer Figur,"f4606(-13,8B 13,attr 1402,um ja,dx 5,dz -2,h 1)",,0864xx:20 0865xx:15 0866xx:15 0867xx:20 0868xx:15 0869xx:10,a994,,
fern_a_r20,29,0x86022,Rakete,10,DICK,20,Rakete,391,397,6,2172,154,44,r,45,0,121,2,0,5.0,44..1,154,416,20,2267,95,2048,512,115,0000:104 1402:10 ff00:1,417-426,10,417-426,14,Treffer Figur,"f418(-14,8B 14,attr 1402,um ja,dx 24,dz -2,h 1)",,0864xx:20 0865xx:15 0866xx:15 0867xx:20 0868xx:15 0869xx:10,a994,,
fern_a_r20,29,0x86022,Rakete,10,DICK,20,Rakete,648,654,6,2315,161,44,r,45,0,113,-5,0,5.0,44..1,161,673,20,2410,95,2128,769,115,0000:104 1402:10 ff00:1,674-683,10,674-683,14,Treffer Figur,"f675(-14,8B 14,attr 1402,um ja,dx 32,dz 5,h 1)",,0864xx:20 0865xx:15 0866xx:15 0867xx:20 0868xx:15 0869xx:10,a994,,
fern_a_r20,29,0x86022,Rakete,10,DICK,20,Rakete,909,915,6,2437,150,44,r,45,0,127,6,0,5.0,44..1,150,934,20,2532,95,2176,1030,115,0000:104 1402:10 ff00:1,935-944,10,935-944,14,Treffer Figur,"f936(-14,8B 14,attr 1402,um ja,dx 18,dz -6,h 1)",,0864xx:20 0865xx:15 0866xx:15 0867xx:20 0868xx:15 0869xx:10,a994,,
fern_a_r20,28,0x86022,Rakete,10,DICK,20,Rakete,928,934,6,2437,150,44,r,45,0,127,6,0,5.0,44..1,150,953,20,2532,95,2176,1049,115,0000:104 1402:10 ff00:1,954-963,10,954-963,14,Explosion,,,0864xx:20 0865xx:15 0866xx:15 0867xx:20 0868xx:15 0869xx:10,0000,,
fern_a_r20,28,0x86022,Rakete,10,DICK,20,Rakete,1237,1243,6,2461,158,44,r,45,0,120,-2,0,5.0,44..18,158,1258,16,2536,75,2176,1354,111,0000:100 1402:10 ff00:1,1259-1268,10,1259-1268,14,Treffer Figur,"f1260(-14,8B 14,attr 1402,um ja,dx 3,dz 2,h 1)",,0864xx:20 0865xx:15 0866xx:15 0867xx:20 0868xx:15 0869xx:10,a994,,
fern_a_r20,28,0x86022,Rakete,13,DICK,20,Rakete,1441,1447,6,2457,161,44,r,45,0,124,-5,0,5.0,44..14,161,1463,17,2537,80,2176,1559,112,0000:101 1402:10 ff00:1,1464-1473,10,1464-1473,14,Treffer Figur,"f1465(-14,8B 14,attr 1402,um ja,dx 2,dz 5,h 1)",,0864xx:20 0865xx:15 0866xx:15 0867xx:20 0868xx:15 0869xx:10,a994,,
fern_a_r20,28,0x86022,Rakete,10,DICK,20,Rakete,1817,1823,6,2461,153,44,r,45,0,120,3,0,5.0,44..14,153,1839,17,2541,80,2176,1935,112,0000:101 1402:10 ff00:1,1840-1849,10,1840-1849,14,Treffer Figur,"f1841(-14,8B 14,attr 1402,um ja,dx 6,dz -3,h 1)",,0864xx:20 0865xx:15 0866xx:15 0867xx:20 0868xx:15 0869xx:10,a994,,
fern_a_r20,28,0x86022,Rakete,10,DICK,20,Rakete,2362,2368,6,2461,153,44,r,45,0,120,3,0,5.0,44..14,153,2384,17,2541,80,2176,2480,112,0000:101 1402:10 ff00:1,2385-2394,10,2385-2394,14,Treffer Figur,"f2386(-14,8B 14,attr 1402,um ja,dx 6,dz -3,h 1)",,0864xx:20 0865xx:15 0866xx:15 0867xx:20 0868xx:15 0869xx:10,a994,,
fern_a_r20,28,0x86022,Rakete,13,DICK,20,Rakete,2592,2598,6,2461,153,44,r,45,0,120,3,0,5.0,44..14,153,2614,17,2541,80,2176,2710,112,0000:101 1402:10 ff00:1,2615-2624,10,2615-2624,14,Treffer Figur,"f2616(-14,8B 14,attr 1402,um ja,dx 6,dz -3,h 1)",,0864xx:20 0865xx:15 0866xx:15 0867xx:20 0868xx:15 0869xx:10,a994,,
fern_a_r20,28,0x86022,Rakete,10,DICK,20,Rakete,3051,3057,6,2461,153,44,r,45,0,120,3,0,5.0,44..14,153,3073,17,2541,80,2176,3169,112,0000:101 1402:10 ff00:1,3074-3083,10,3074-3083,14,Treffer Figur,"f3075(-14,8B 14,attr 1402,um ja,dx 6,dz -3,h 1)",,0864xx:20 0865xx:15 0866xx:15 0867xx:20 0868xx:15 0869xx:10,a994,,
fern_a_r20,28,0x86022,Rakete,10,DICK,20,Rakete,3424,3430,6,2457,160,44,r,45,0,124,-4,0,5.0,44..14,160,3446,17,2537,80,2176,3542,112,0000:101 1402:10 ff00:1,3447-3456,10,3447-3456,14,Treffer Figur,"f3448(-14,8B 14,attr 1402,um ja,dx 2,dz 4,h 1)",,0864xx:20 0865xx:15 0866xx:15 0867xx:20 0868xx:15 0869xx:10,a994,,
fern_a_r20,29,0x86022,Rakete,10,DICK,20,Rakete,3443,3449,6,2457,160,44,r,45,0,124,-4,1,5.0,44..14,160,3465,17,2537,80,2176,3561,112,0000:101 1402:10 ff00:1,3466-3475,10,3466-3475,14,Explosion,,,0864xx:20 0865xx:15 0866xx:15 0867xx:20 0868xx:15 0869xx:10,a994,,
fern_a_r20,29,0x86022,Rakete,13,DICK,20,Rakete,3674,3680,6,2454,150,44,r,45,0,127,6,0,5.0,44..10,150,3697,18,2539,85,2176,3793,113,0000:102 1402:10 ff00:1,3698-3707,10,3698-3707,14,Treffer Figur,"f3699(-14,8B 14,attr 1402,um ja,dx 7,dz -6,h 1)",,0864xx:20 0865xx:15 0866xx:15 0867xx:20 0868xx:15 0869xx:10,a994,,
fern_a_r20,29,0x86022,Rakete,10,DICK,20,Rakete,3957,3963,6,2458,161,44,r,45,0,123,-5,0,5.0,44..14,161,3979,17,2538,80,2176,4075,112,0000:101 1402:10 ff00:1,3980-3989,10,3980-3989,14,Treffer Figur,"f3981(-14,8B 14,attr 1402,um ja,dx 2,dz 5,h 1)",,0864xx:20 0865xx:15 0866xx:15 0867xx:20 0868xx:15 0869xx:10,a994,,
fern_a_r20,28,0x86022,Rakete,10,DICK,20,Rakete,3976,3982,6,2458,161,44,r,45,0,123,-5,1,5.0,44..14,161,3998,17,2538,80,2176,4094,112,0000:101 1402:10 ff00:1,3999-4008,10,3999-4008,14,Explosion,,,0864xx:20 0865xx:15 0866xx:15 0867xx:20 0868xx:15 0869xx:10,a994,,
fern_a_r20,28,0x86022,Rakete,13,DICK,20,Rakete,4277,4283,6,2454,151,44,r,45,0,127,5,0,5.0,44..10,151,4300,18,2539,85,2176,4396,113,0000:102 1402:10 ff00:1,4301-4310,10,4301-4310,14,Treffer Figur,"f4302(-14,8B 14,attr 1402,um ja,dx 7,dz -5,h 1)",,0864xx:20 0865xx:15 0866xx:15 0867xx:20 0868xx:15 0869xx:10,a994,,
fern_a_r20,28,0x86022,Rakete,10,DICK,20,Rakete,4845,4851,6,2455,150,44,r,45,0,126,6,0,5.0,44..10,150,4868,18,2540,85,2176,4964,113,0000:102 1402:10 ff00:1,4869-4878,10,4869-4878,14,Treffer Figur,"f4870(-14,8B 14,attr 1402,um ja,dx 7,dz -6,h 1)",,0864xx:20 0865xx:15 0866xx:15 0867xx:20 0868xx:15 0869xx:10,a994,,
fern_a_r20,28,0x86022,Rakete,13,DICK,20,Rakete,5072,5078,6,2461,153,44,r,45,0,120,3,0,5.0,44..14,153,5094,17,2541,80,2176,5190,112,0000:101 1402:10 ff00:1,5095-5104,10,5095-5104,14,Treffer Figur,"f5096(-14,8B 14,attr 1402,um ja,dx 6,dz -3,h 1)",,0864xx:20 0865xx:15 0866xx:15 0867xx:20 0868xx:15 0869xx:10,a994,,
fern_a_r20,28,0x86022,Rakete,10,DICK,20,Rakete,5480,5486,6,2445,160,44,r,45,0,136,-4,0,5.0,44..5,160,5504,19,2535,90,2176,5600,114,0000:103 1402:10 ff00:1,5505-5514,10,5505-5514,14,Treffer Figur,"f5506(-14,8B 14,attr 1402,um ja,dx 2,dz 4,h 1)",,0864xx:20 0865xx:15 0866xx:15 0867xx:20 0868xx:15 0869xx:10,a994,,
fern_a_r20,28,0x86022,Rakete,13,DICK,20,Rakete,5819,5825,6,2453,151,44,r,45,0,128,5,0,5.0,44..6,151,5843,19,2543,90,2176,5939,114,0000:103 1402:10 ff00:1,5844-5853,10,5844-5853,14,Treffer Figur,"f5845(-14,8B 14,attr 1402,um ja,dx 7,dz -5,h 1)",,0864xx:20 0865xx:15 0866xx:15 0867xx:20 0868xx:15 0869xx:10,a994,,
fern_a_rf20,29,0x86022,Rakete,10,DICK,20,Rakete,391,397,6,2172,154,44,r,45,0,121,2,0,5.0,44..1,154,416,20,2267,95,2048,512,115,0000:104 1402:10 ff00:1,417-426,10,417-426,14,Treffer Figur,"f418(-14,8B 14,attr 1402,um ja,dx 24,dz -2,h 1)",,0864xx:20 0865xx:15 0866xx:15 0867xx:20 0868xx:15 0869xx:10,a994,,
fern_a_rf20,29,0x86022,Rakete,10,DICK,20,Rakete,788,794,6,2172,154,44,r,45,0,121,2,0,5.0,44..1,154,813,20,2267,95,2048,909,115,0000:104 1402:10 ff00:1,814-823,10,814-823,14,Treffer Figur,"f815(-14,8B 14,attr 1402,um ja,dx 24,dz -2,h 1)",,0864xx:20 0865xx:15 0866xx:15 0867xx:20 0868xx:15 0869xx:10,a994,,
fern_a_rf20,29,0x86022,Rakete,10,DICK,20,Rakete,1223,1229,6,2316,150,44,l,45,0,113,6,0,-5.0,44..1,150,1248,20,2221,95,2048,1344,115,0000:104 1402:10 ff00:1,1249-1258,10,1249-1258,14,Treffer Figur,"f1250(-14,8B 14,attr 1402,um ja,dx -32,dz -6,h 1)",,0864xx:20 0865xx:15 0866xx:15 0867xx:20 0868xx:15 0869xx:10,a994,,
fern_a_rf20,29,0x86022,Rakete,13,DICK,20,Rakete,1527,1533,6,2172,159,44,r,45,0,121,-3,0,5.0,44..1,159,1552,20,2267,95,2048,1648,115,0000:104 1402:10 ff00:1,1553-1562,10,1553-1562,14,Treffer Figur,"f1554(-14,8B 14,attr 1402,um ja,dx 24,dz 3,h 1)",,0864xx:20 0865xx:15 0866xx:15 0867xx:20 0868xx:15 0869xx:10,a994,,
fern_a_rf20,29,0x86022,Rakete,13,DICK,20,Rakete,2258,2264,6,2181,161,44,r,45,0,112,-5,0,5.0,44..1,161,2283,20,2276,95,2048,2379,115,0000:104 1402:10 ff00:1,2284-2293,10,2284-2293,14,Treffer Figur,"f2285(-14,8B 14,attr 1402,um ja,dx 33,dz 5,h 1)",,0864xx:20 0865xx:15 0866xx:15 0867xx:20 0868xx:15 0869xx:10,a994,,
fern_a_rf20,29,0x86022,Rakete,13,DICK,20,Rakete,2551,2557,6,2172,161,44,r,45,0,121,-5,0,5.0,44..1,161,2576,20,2267,95,2048,2672,115,0000:104 1402:10 ff00:1,2577-2586,10,2577-2586,14,Treffer Figur,"f2578(-14,8B 14,attr 1402,um ja,dx 24,dz 5,h 1)",,0864xx:20 0865xx:15 0866xx:15 0867xx:20 0868xx:15 0869xx:10,a994,,
fern_a_rf20,29,0x86022,Rakete,13,DICK,20,Rakete,2770,2776,6,2171,160,44,r,45,0,122,-4,0,5.0,44..1,160,2795,20,2266,95,2048,2891,115,0000:104 1402:10 ff00:1,2796-2805,10,2796-2805,14,Treffer Figur,"f2797(-14,8B 14,attr 1402,um ja,dx 23,dz 4,h 1)",,0864xx:20 0865xx:15 0866xx:15 0867xx:20 0868xx:15 0869xx:10,a994,,
fern_a_rf20,29,0x86022,Rakete,13,DICK,20,Rakete,3084,3090,6,2171,150,44,r,45,0,122,6,0,5.0,44..1,150,3109,20,2266,95,2048,3205,115,0000:104 1402:10 ff00:1,3110-3119,10,3110-3119,14,Treffer Figur,"f3111(-14,8B 14,attr 1402,um ja,dx 23,dz -6,h 1)",,0864xx:20 0865xx:15 0866xx:15 0867xx:20 0868xx:15 0869xx:10,a994,,
fern_a_rf20,28,0x86022,Rakete,13,DICK,20,Rakete,3103,3109,6,2171,150,44,r,45,0,122,6,0,5.0,44..1,150,3128,20,2266,95,2048,3224,115,0000:104 1402:10 ff00:1,3129-3138,10,3129-3138,14,Explosion,,,0864xx:20 0865xx:15 0866xx:15 0867xx:20 0868xx:15 0869xx:10,0000,,
fern_a_rf20,28,0x86022,Rakete,10,DICK,20,Rakete,3536,3542,6,2168,150,44,r,45,0,125,6,0,5.0,44..1,150,3561,20,2263,95,2048,3657,115,0000:104 1402:10 ff00:1,3562-3571,10,3562-3571,14,Treffer Figur,"f3563(-14,8B 14,attr 1402,um ja,dx 20,dz -6,h 1)",,0864xx:20 0865xx:15 0866xx:15 0867xx:20 0868xx:15 0869xx:10,a994,,
fern_a_rf20,28,0x86022,Rakete,10,DICK,20,Rakete,3810,3816,6,2166,150,44,r,45,0,127,6,0,5.0,44..1,150,3835,20,2261,95,2048,3931,115,0000:104 1402:10 ff00:1,3836-3845,10,3836-3845,14,Treffer Figur,"f3837(-14,8B 14,attr 1402,um ja,dx 18,dz -6,h 1)",,0864xx:20 0865xx:15 0866xx:15 0867xx:20 0868xx:15 0869xx:10,a994,,
fern_a_rf20,28,0x86022,Rakete,10,DICK,20,Rakete,4179,4185,6,2181,150,44,r,45,0,112,6,0,5.0,44..1,150,4204,20,2276,95,2048,4300,115,0000:104 1402:10 ff00:1,4205-4214,10,4205-4214,14,Treffer Figur,"f4206(-14,8B 14,attr 1402,um ja,dx 33,dz -6,h 1)",,0864xx:20 0865xx:15 0866xx:15 0867xx:20 0868xx:15 0869xx:10,a994,,
fern_a_rf20,28,0x86022,Rakete,10,DICK,20,Rakete,4523,4529,6,2337,161,44,l,45,0,134,-5,0,-5.0,44..1,161,4548,20,2242,95,2048,4644,115,0000:104 1402:10 ff00:1,4549-4558,10,4549-4558,14,Treffer Figur,"f4550(-14,8B 14,attr 1402,um ja,dx -11,dz 5,h 1)",,0864xx:20 0865xx:15 0866xx:15 0867xx:20 0868xx:15 0869xx:10,a994,,
fern_a_rf20,28,0x86022,Rakete,13,DICK,20,Rakete,4742,4748,6,2315,161,44,l,45,0,112,-5,0,-5.0,44..1,161,4767,20,2220,95,2048,4863,115,0000:104 1402:10 ff00:1,4768-4777,10,4768-4777,14,Treffer Figur,"f4769(-14,8B 14,attr 1402,um ja,dx -33,dz 5,h 1)",,0864xx:20 0865xx:15 0866xx:15 0867xx:20 0868xx:15 0869xx:10,a994,,
fern_a_rf20,29,0x86022,Rakete,10,DICK,20,Rakete,4751,4757,6,2331,161,44,l,45,0,128,-5,0,-5.0,44..1,161,4776,20,2236,95,2048,4872,115,0000:104 1402:10 ff00:1,4777-4786,10,4777-4786,14,Explosion,,,0864xx:20 0865xx:15 0866xx:15 0867xx:20 0868xx:15 0869xx:10,a994,,
fern_a_rf20,29,0x86022,Rakete,13,DICK,20,Rakete,5114,5120,6,2327,161,44,l,45,0,124,-5,0,-5.0,44..1,161,5139,20,2232,95,2048,5235,115,0000:104 1402:10 ff00:1,5140-5149,10,5140-5149,14,Treffer Figur,"f5141(-14,8B 14,attr 1402,um ja,dx -21,dz 5,h 1)",,0864xx:20 0865xx:15 0866xx:15 0867xx:20 0868xx:15 0869xx:10,a994,,
fern_a_rf20,29,0x86022,Rakete,10,DICK,20,Rakete,5354,5360,6,2338,161,44,l,45,0,135,-5,0,-5.0,44..1,161,5379,20,2243,95,2048,5475,115,0000:104 1402:10 ff00:1,5380-5389,10,5380-5389,14,Treffer Figur,"f5381(-14,8B 14,attr 1402,um ja,dx -10,dz 5,h 1)",,0864xx:20 0865xx:15 0866xx:15 0867xx:20 0868xx:15 0869xx:10,a994,,
fern_a_rf20,29,0x86022,Rakete,10,DICK,20,Rakete,5634,5640,6,2331,161,44,l,45,0,128,-5,0,-5.0,44..1,161,5659,20,2236,95,2048,5755,115,0000:104 1402:10 ff00:1,5660-5669,10,5660-5669,14,Treffer Figur,"f5661(-14,8B 14,attr 1402,um ja,dx -17,dz 5,h 1)",,0864xx:20 0865xx:15 0866xx:15 0867xx:20 0868xx:15 0869xx:10,a994,,
fern_a_rf20,28,0x86022,Rakete,10,DICK,20,Rakete,5653,5659,6,2331,161,44,l,45,0,128,-5,0,-5.0,44..1,161,5678,20,2236,95,2048,5774,115,0000:104 1402:10 ff00:1,5679-5688,10,5679-5688,14,Explosion,,,0864xx:20 0865xx:15 0866xx:15 0867xx:20 0868xx:15 0869xx:10,a994,,
fern_a_rf20,28,0x86022,Rakete,13,DICK,20,Rakete,5880,5886,6,2324,150,44,l,45,0,121,6,0,-5.0,44..1,150,5905,20,2229,95,2048,,,0000:104 1402:10 ff00:1,5906-5915,10,5906-5915,14,Treffer Figur,"f5907(-14,8B 14,attr 1402,um ja,dx -24,dz -6,h 1)",,0864xx:20 0865xx:15 0866xx:15 0867xx:20 0868xx:15 0869xx:10,a994,,
fern_a_z9,29,0x86022,Kugel,18,DICK,9,Pistole,544,550,6,2162,161,58,r,34,0,120,-5,0,8.0,58..58,161,560,11,2242,80,2048,573,23,0000:11 0002:11 ff00:1,550-560,11,,5,Treffer Figur,"f560(-5,8B 5,attr 0002,um nein,dx -6,dz 5,h 0)",,095bxx:12,a994,,
fern_a_z9,28,0x86022,Kugel-Umwerf,18,DICK,10,Pistole,561,567,6,2162,161,58,r,34,0,120,-5,0,8.0,58..58,161,577,11,2242,80,2048,590,23,0000:11 0c02:11 ff00:1,567-577,11,,5,Treffer Figur,"f577(-5,8B 5,attr 0c02,um ja,dx -6,dz 5,h 0)",,095bxx:12,a994,,
fern_a_z9,29,0x86022,Kugel,18,DICK,9,Pistole,578,584,6,2162,161,58,r,34,0,120,-5,0,8.0,58..58,161,631,48,2538,376,2126,638,54,0000:5 0002:48 ff00:1,584-631,48,,5,Ablauf,,,095exx:6,a994,,
fern_a_z9,28,0x86022,Kugel-Umwerf,18,DICK,9,Pistole,595,601,6,2162,161,58,r,34,0,166,-5,48,8.0,58..58,161,648,48,2538,376,2128,655,54,0000:5 0c02:48 ff00:1,601-648,48,,5,Ablauf,,,095exx:6,a994,,
fern_a_z9,28,0x86022,Kugel,18,DICK,9,Pistole,809,815,6,2281,155,58,r,34,0,136,1,0,8.0,58..58,155,826,12,2369,88,2128,839,24,0000:11 0002:12 ff00:1,815-826,12,,5,Treffer Figur,"f826(-5,8B 5,attr 0002,um nein,dx -14,dz -1,h 0)",,095bxx:12,a994,,
fern_a_z9,29,0x86022,Kugel-Umwerf,18,DICK,9,Pistole,826,832,6,2281,155,58,r,34,0,136,1,0,8.0,58..58,155,843,12,2369,88,2128,856,24,0000:11 0c02:12 ff00:1,832-843,12,,5,Treffer Figur,"f843(-5,8B 5,attr 0c02,um ja,dx -14,dz -1,h 0)",,095bxx:12,a994,,
fern_a_z9,28,0x86022,Kugel,18,DICK,9,Pistole,843,849,6,2281,155,58,r,34,0,136,1,0,8.0,58..58,155,881,33,2537,256,2176,888,39,0000:5 0002:33 ff00:1,849-881,33,,5,Ablauf,,,095exx:6,a994,,
fern_a_z9,29,0x86022,Kugel-Umwerf,18,DICK,9,Pistole,860,866,6,2281,155,58,r,34,0,180,1,47,8.0,58..58,155,898,33,2537,256,2176,905,39,0000:5 0c02:33 ff00:1,866-898,33,,5,Ablauf,,,095exx:6,a994,,
fern_a_z9,29,0x86022,Kugel,18,DICK,9,Pistole,1867,1873,6,2429,151,58,r,34,0,124,5,0,8.0,58..58,151,1882,10,2501,72,2176,1895,22,0000:11 0002:10 ff00:1,1873-1882,10,,5,Treffer Figur,"f1882(-5,8B 5,attr 0002,um nein,dx -18,dz -5,h 0)",,095bxx:12,a994,,
fern_a_z9,28,0x86022,Kugel-Umwerf,18,DICK,9,Pistole,1884,1890,6,2429,151,58,r,34,0,124,5,0,8.0,58..58,151,1899,10,2501,72,2176,1912,22,0000:11 0c02:10 ff00:1,1890-1899,10,,5,Treffer Figur,"f1899(-5,8B 5,attr 0c02,um ja,dx -18,dz -5,h 0)",,095bxx:12,a994,,
fern_a_z9,29,0x86022,Kugel,18,DICK,9,Pistole,1901,1907,6,2429,151,58,r,34,0,124,5,0,8.0,58..58,151,1921,15,2541,112,2176,1928,21,0000:5 0002:15 ff00:1,1907-1921,15,,5,Ablauf,,,095exx:6,a994,,
fern_a_z9,28,0x86022,Kugel-Umwerf,18,DICK,9,Pistole,1918,1924,6,2429,151,58,r,34,0,141,5,48,8.0,58..58,151,1938,15,2541,112,2176,1945,21,0000:5 0c02:15 ff00:1,1924-1938,15,,5,Ablauf,,,095exx:6,a994,,
fern_a_z9,28,0x86022,Rakete,13,DICK,9,Rakete,2238,2244,6,2461,153,44,r,45,0,120,3,0,5.0,44..14,153,2260,17,2541,80,2176,2356,112,0000:101 1402:10 ff00:1,2261-2270,10,2261-2270,13,Treffer Figur,"f2262(-13,8B 13,attr 1402,um ja,dx 6,dz -3,h 1)",,0864xx:20 0865xx:15 0866xx:15 0867xx:20 0868xx:15 0869xx:10,a994,,
fern_a_z9,28,0x86022,Kugel,18,DICK,9,Pistole,2663,2669,6,2446,150,58,r,34,0,124,6,0,8.0,58..58,150,2679,11,2526,80,2176,2692,23,0000:11 0002:11 ff00:1,2669-2679,11,,5,Treffer Figur,"f2679(-5,8B 5,attr 0002,um nein,dx -10,dz -6,h 0)",,095bxx:12,a994,,
fern_a_z9,29,0x86022,Kugel-Umwerf,18,DICK,9,Pistole,2680,2686,6,2446,150,58,r,34,0,124,6,0,8.0,58..58,150,2696,11,2526,80,2176,2709,23,0000:11 0c02:11 ff00:1,2686-2696,11,,5,Treffer Figur,"f2696(-5,8B 5,attr 0c02,um ja,dx -10,dz -6,h 0)",,095bxx:12,a994,,
fern_a_z9,28,0x86022,Kugel,18,DICK,9,Pistole,2697,2703,6,2446,150,58,r,34,0,124,6,0,8.0,58..58,150,2715,13,2542,96,2176,2722,19,0000:5 0002:13 ff00:1,2703-2715,13,,5,Ablauf,,,095exx:6,a994,,
fern_a_z9,29,0x86022,Kugel-Umwerf,18,DICK,9,Pistole,2714,2720,6,2446,150,58,r,34,0,124,6,47,8.0,58..58,150,2732,13,2542,96,2176,2739,19,0000:5 0c02:13 ff00:1,2720-2732,13,,5,Ablauf,,,095exx:6,a994,,
fern_a_z9,28,0x86022,Kugel,18,DICK,9,Pistole,2731,2737,6,2446,150,58,r,34,0,124,6,21,8.0,58..58,150,2749,13,2542,96,2176,2756,19,0000:5 0002:13 ff00:1,2737-2749,13,,5,Ablauf,,,095exx:6,a994,,
fern_a_z9,28,0x86022,Rakete,13,DICK,9,Rakete,3004,3010,6,2461,154,44,r,45,0,120,2,0,5.0,44..14,154,3026,17,2541,80,2176,3122,112,0000:101 1402:10 ff00:1,3027-3036,10,3027-3036,13,Treffer Figur,"f3028(-13,8B 13,attr 1402,um ja,dx 5,dz -2,h 1)",,0864xx:20 0865xx:15 0866xx:15 0867xx:20 0868xx:15 0869xx:10,a994,,
fern_a_z9,28,0x86022,Kugel,18,DICK,9,Pistole,3443,3449,6,2434,160,58,r,34,0,136,-4,0,8.0,58..58,160,3461,13,2530,96,2176,3474,25,0000:11 0002:13 ff00:1,3449-3461,13,,5,Treffer Figur,"f3461(-5,8B 5,attr 0002,um nein,dx -6,dz 4,h 0)",,095bxx:12,a994,,
fern_a_z9,29,0x86022,Kugel,18,DICK,9,Pistole,3460,3466,6,2434,160,58,r,34,0,136,-4,0,8.0,58..58,160,3478,13,2530,96,2176,3491,25,0000:11 0002:13 ff00:1,3466-3478,13,,5,Treffer Figur,"f3478(-5,8B 5,attr 0002,um nein,dx -6,dz 4,h 0)",,095bxx:12,a994,,
fern_a_z9,28,0x86022,Kugel-Umwerf,18,DICK,9,Pistole,3477,3483,6,2434,160,58,r,34,0,136,-4,0,8.0,58..58,160,3495,13,2530,96,2176,3508,25,0000:11 0c02:13 ff00:1,3483-3495,13,,5,Treffer Figur,"f3495(-5,8B 5,attr 0c02,um ja,dx -6,dz 4,h 0)",,095bxx:12,a994,,
fern_a_z9,29,0x86022,Kugel,18,DICK,9,Pistole,3494,3500,6,2434,160,58,r,34,0,136,-4,0,8.0,58..58,160,3513,14,2538,104,2176,3520,20,0000:5 0002:14 ff00:1,3500-3513,14,,5,Ablauf,,,095exx:6,a994,,
fern_a_z9,28,0x86022,Kugel-Umwerf,18,DICK,9,Pistole,3511,3517,6,2434,160,58,r,34,0,136,-4,45,8.0,58..58,160,3530,14,2538,104,2176,3537,20,0000:5 0c02:14 ff00:1,3517-3530,14,,5,Ablauf,,,095exx:6,a994,,
fern_a_z9,28,0x86022,Kugel,18,DICK,9,Pistole,4412,4418,6,2446,161,58,r,34,0,124,-5,0,8.0,58..58,161,4427,10,2518,72,2176,4440,22,0000:11 0002:10 ff00:1,4418-4427,10,,5,Treffer Figur,"f4427(-5,8B 5,attr 0002,um nein,dx -18,dz 5,h 0)",,095bxx:12,a994,,
fern_a_z9,29,0x86022,Kugel-Umwerf,18,DICK,9,Pistole,4429,4435,6,2446,161,58,r,34,0,124,-5,0,8.0,58..58,161,4444,10,2518,72,2176,4457,22,0000:11 0c02:10 ff00:1,4435-4444,10,,5,Treffer Figur,"f4444(-5,8B 5,attr 0c02,um ja,dx -18,dz 5,h 0)",,095bxx:12,a994,,
fern_a_z9,28,0x86022,Rakete,13,DICK,9,Rakete,4445,4451,6,2469,150,44,r,45,0,112,6,0,5.0,44..21,150,4465,15,2539,70,2176,4561,110,0000:99 1402:10 ff00:1,4466-4475,10,4466-4475,13,Explosion,,,0864xx:20 0865xx:15 0866xx:15 0867xx:20 0868xx:15 0869xx:10,a994,,
fern_a_z9,27,0x86022,Kugel,18,DICK,9,Pistole,4446,4452,6,2446,161,58,r,34,0,124,-5,0,8.0,58..58,161,4463,12,2534,88,2176,4470,18,0000:5 0002:12 ff00:1,4452-4463,12,,5,Ablauf,,,095exx:6,0000,,
fern_a_z9,29,0x86022,Kugel-Umwerf,18,DICK,9,Pistole,4463,4469,6,2446,161,58,r,34,0,124,-5,48,8.0,58..58,161,4480,12,2534,88,2176,4487,18,0000:5 0c02:12 ff00:1,4469-4480,12,,5,Ablauf,,,095exx:6,a994,,
fern_a_z9,28,0x86022,Kugel,18,DICK,9,Pistole,4608,4614,6,2442,161,58,r,34,0,128,-5,0,8.0,58..58,161,4624,11,2522,80,2176,4637,23,0000:11 0002:11 ff00:1,4614-4624,11,,5,Treffer Figur,"f4624(-5,8B 5,attr 0002,um nein,dx -14,dz 5,h 0)",,095bxx:12,a994,,
fern_a_z9,29,0x86022,Kugel-Umwerf,18,DICK,9,Pistole,4625,4631,6,2442,161,58,r,34,0,128,-5,0,8.0,58..58,161,4641,11,2522,80,2176,4654,23,0000:11 0c02:11 ff00:1,4631-4641,11,,5,Treffer Figur,"f4641(-5,8B 5,attr 0c02,um ja,dx -14,dz 5,h 0)",,095bxx:12,a994,,
fern_a_z9,28,0x86022,Kugel,18,DICK,9,Pistole,4642,4648,6,2442,161,58,r,34,0,128,-5,0,8.0,58..58,161,4660,13,2538,96,2176,4667,19,0000:5 0002:13 ff00:1,4648-4660,13,,5,Ablauf,,,095exx:6,a994,,
fern_a_z9,29,0x86022,Kugel-Umwerf,18,DICK,9,Pistole,4659,4665,6,2442,161,58,r,34,0,128,-5,47,8.0,58..58,161,4677,13,2538,96,2176,4684,19,0000:5 0c02:13 ff00:1,4665-4677,13,,5,Ablauf,,,095exx:6,a994,,
fern_a_z9,29,0x86022,Rakete,13,DICK,9,Rakete,4823,4829,6,2457,150,44,r,45,0,124,6,0,5.0,44..10,150,4846,18,2542,85,2176,4942,113,0000:102 1402:10 ff00:1,4847-4856,10,4847-4856,13,Treffer Figur,"f4848(-13,8B 13,attr 1402,um ja,dx 7,dz -6,h 1)",,0864xx:20 0865xx:15 0866xx:15 0867xx:20 0868xx:15 0869xx:10,a994,,
fern_a_z9,29,0x86022,Kugel,18,DICK,9,Pistole,5416,5422,6,2442,150,58,r,34,0,128,6,0,8.0,58..58,150,5433,12,2530,88,2176,5446,24,0000:11 0002:12 ff00:1,5422-5433,12,,5,Treffer Figur,"f5433(-5,8B 5,attr 0002,um nein,dx -6,dz -6,h 0)",,095bxx:12,a994,,
fern_a_z9,28,0x86022,Kugel,18,DICK,9,Pistole,5433,5439,6,2442,150,58,r,34,0,128,6,0,8.0,58..58,150,5450,12,2530,88,2176,5463,24,0000:11 0002:12 ff00:1,5439-5450,12,,5,Treffer Figur,"f5450(-5,8B 5,attr 0002,um nein,dx -6,dz -6,h 0)",,095bxx:12,a994,,
fern_a_z9,29,0x86022,Kugel-Umwerf,18,DICK,9,Pistole,5450,5456,6,2442,150,58,r,34,0,128,6,0,8.0,58..58,150,5467,12,2530,88,2176,5480,24,0000:11 0c02:12 ff00:1,5456-5467,12,,5,Treffer Figur,"f5467(-5,8B 5,attr 0c02,um ja,dx -6,dz -6,h 0)",,095bxx:12,a994,,
fern_a_z9,28,0x86022,Kugel,18,DICK,9,Pistole,5467,5473,6,2442,150,58,r,34,0,128,6,0,8.0,58..58,150,5485,13,2538,96,2176,5492,19,0000:5 0002:13 ff00:1,5473-5485,13,,5,Ablauf,,,095exx:6,a994,,
fern_a_z9,28,0x86022,Rakete,13,DICK,9,Rakete,5654,5660,6,2456,161,44,r,45,0,125,-5,0,5.0,44..14,161,5676,17,2536,80,2176,5772,112,0000:101 1402:10 ff00:1,5677-5686,10,5677-5686,13,Treffer Figur,"f5678(-13,8B 13,attr 1402,um ja,dx 2,dz 5,h 1)",,0864xx:20 0865xx:15 0866xx:15 0867xx:20 0868xx:15 0869xx:10,a994,,
fern_a_z9,29,0x86022,Rakete,13,DICK,9,Rakete,5673,5679,6,2456,161,44,r,45,0,125,-5,1,5.0,44..14,161,5695,17,2536,80,2176,5791,112,0000:101 1402:10 ff00:1,5696-5705,10,5696-5705,13,Explosion,,,0864xx:20 0865xx:15 0866xx:15 0867xx:20 0868xx:15 0869xx:10,a994,,
fern_a_z20,29,0x86022,Rakete,13,DICK,20,Rakete,413,419,6,2325,161,44,l,45,0,122,-5,0,-5.0,44..1,161,438,20,2230,95,2048,534,115,0000:104 1402:10 ff00:1,439-448,10,439-448,14,Treffer Figur,"f440(-14,8B 14,attr 1402,um ja,dx -23,dz 5,h 1)",,0864xx:20 0865xx:15 0866xx:15 0867xx:20 0868xx:15 0869xx:10,a994,,
fern_a_z20,29,0x86022,Kugel,18,DICK,20,Pistole,840,846,6,2206,150,58,l,34,0,127,6,0,-8.0,58..58,150,856,11,2126,80,2048,869,23,0000:11 0002:11 ff00:1,846-856,11,,6,Treffer Figur,"f856(-6,8B 6,attr 0002,um nein,dx 13,dz -6,h 0)",,095bxx:12,a994,,
fern_a_z20,28,0x86022,Kugel,18,DICK,20,Pistole,857,863,6,2206,150,58,l,34,0,127,6,0,-8.0,58..58,150,873,11,2126,80,2048,886,23,0000:11 0002:11 ff00:1,863-873,11,,6,Treffer Figur,"f873(-6,8B 6,attr 0002,um nein,dx 13,dz -6,h 0)",,095bxx:12,a994,,
fern_a_z20,29,0x86022,Kugel-Umwerf,18,DICK,20,Pistole,874,880,6,2206,150,58,l,34,0,127,6,0,-8.0,58..58,150,890,11,2126,80,2048,903,23,0000:11 0c02:11 ff00:1,880-890,11,,6,Treffer Figur,"f890(-6,8B 6,attr 0c02,um ja,dx 13,dz -6,h 0)",,095bxx:12,a994,,
fern_a_z20,28,0x86022,Kugel,18,DICK,20,Pistole,891,897,6,2206,150,58,l,34,0,127,6,0,-8.0,58..58,150,925,29,1982,224,2048,926,29,0002:29,897-925,29,,6,Ablauf,,,,a994,,
fern_a_z20,29,0x86022,Kugel-Umwerf,18,DICK,20,Pistole,908,914,6,2206,150,58,l,34,0,168,6,47,-8.0,58..58,150,942,29,1982,224,2048,943,29,0c02:29,914-942,29,,6,Ablauf,,,,a994,,
fern_a_z20,29,0x86022,Rakete,12,DICK,20,Rakete,1086,1092,6,2139,150,44,l,45,0,112,6,0,-5.0,44..1,150,1111,20,2044,95,2048,1207,115,0000:104 1402:10 ff00:1,1112-1121,10,1112-1121,14,Treffer Figur,"f1113(-14,8B 14,attr 1402,um ja,dx -33,dz -6,h 1)",,0864xx:20 0865xx:15 0866xx:15 0867xx:20 0868xx:15 0869xx:10,a994,,
fern_a_z20,29,0x86022,Kugel,18,DICK,20,Pistole,1474,1480,6,2159,158,58,l,34,0,121,-2,0,-8.0,58..58,158,1490,11,2079,80,2048,1503,23,0000:11 0002:11 ff00:1,1480-1490,11,,6,Treffer Figur,"f1490(-6,8B 6,attr 0002,um nein,dx 7,dz 2,h 0)",,095bxx:12,a994,,
fern_a_z20,28,0x86022,Kugel-Umwerf,18,DICK,20,Pistole,1491,1497,6,2159,158,58,l,34,0,121,-2,0,-8.0,58..58,158,1507,11,2079,80,2048,1520,23,0000:11 0c02:11 ff00:1,1497-1507,11,,6,Treffer Figur,"f1507(-6,8B 6,attr 0c02,um ja,dx 7,dz 2,h 0)",,095bxx:12,a994,,
fern_a_z20,29,0x86022,Kugel,18,DICK,20,Pistole,1508,1514,6,2159,158,58,l,34,0,121,-2,0,-8.0,58..58,158,1536,23,1983,176,2048,1537,23,0002:23,1514-1536,23,,6,Ablauf,,,,a994,,
fern_a_z20,28,0x86022,Kugel,18,DICK,20,Pistole,1525,1531,6,2159,158,58,l,34,0,121,-2,47,-8.0,58..58,158,1553,23,1983,176,2048,1554,23,0002:23,1531-1553,23,,6,Ablauf,,,,a994,,
fern_a_z20,28,0x86022,Rakete,13,DICK,20,Rakete,1658,1664,6,2140,161,44,l,45,0,113,-5,0,-5.0,44..1,161,1683,20,2045,95,2048,1779,115,0000:104 1402:10 ff00:1,1684-1693,10,1684-1693,14,Treffer Figur,"f1685(-14,8B 14,attr 1402,um ja,dx -32,dz 5,h 1)",,0864xx:20 0865xx:15 0866xx:15 0867xx:20 0868xx:15 0869xx:10,a994,,
fern_a_z20,28,0x86022,Rakete,13,DICK,20,Rakete,2208,2214,6,2139,150,44,l,45,0,112,6,0,-5.0,44..1,150,2233,20,2044,95,2048,2329,115,0000:104 1402:10 ff00:1,2234-2243,10,2234-2243,14,Treffer Figur,"f2235(-14,8B 14,attr 1402,um ja,dx -33,dz -6,h 1)",,0864xx:20 0865xx:15 0866xx:15 0867xx:20 0868xx:15 0869xx:10,a994,,
fern_a_z20,28,0x86022,Rakete,13,DICK,20,Rakete,2653,2659,6,2147,154,44,l,45,0,120,2,0,-5.0,44..1,154,2678,20,2052,95,2048,2774,115,0000:104 1402:10 ff00:1,2679-2688,10,2679-2688,14,Treffer Figur,"f2680(-14,8B 14,attr 1402,um ja,dx -25,dz -2,h 1)",,0864xx:20 0865xx:15 0866xx:15 0867xx:20 0868xx:15 0869xx:10,a994,,
fern_a_z20,28,0x86022,Rakete,13,DICK,20,Rakete,2988,2994,6,2162,160,44,l,45,0,135,-4,0,-5.0,44..1,160,3013,20,2067,95,2048,3109,115,0000:104 1402:10 ff00:1,3014-3023,10,3014-3023,14,Treffer Figur,"f3015(-14,8B 14,attr 1402,um ja,dx -10,dz 4,h 1)",,0864xx:20 0865xx:15 0866xx:15 0867xx:20 0868xx:15 0869xx:10,a994,,
fern_a_z20,28,0x86022,Kugel,18,DICK,20,Pistole,3266,3272,6,2159,150,58,l,34,0,121,6,0,-8.0,58..58,150,3282,11,2079,80,2048,3295,23,0000:11 0002:11 ff00:1,3272-3282,11,,6,Treffer Figur,"f3282(-6,8B 6,attr 0002,um nein,dx 7,dz -6,h 0)",,095bxx:12,a994,,
fern_a_z20,29,0x86022,Kugel-Umwerf,18,DICK,20,Pistole,3283,3289,6,2159,150,58,l,34,0,121,6,0,-8.0,58..58,150,3299,11,2079,80,2048,3312,23,0000:11 0c02:11 ff00:1,3289-3299,11,,6,Treffer Figur,"f3299(-6,8B 6,attr 0c02,um ja,dx 7,dz -6,h 0)",,095bxx:12,a994,,
fern_a_z20,28,0x86022,Kugel,18,DICK,20,Pistole,3300,3306,6,2159,150,58,l,34,0,121,6,0,-8.0,58..58,150,3328,23,1983,176,2048,3329,23,0002:23,3306-3328,23,,6,Ablauf,,,,a994,,
fern_a_z20,28,0x86022,Kugel,18,DICK,20,Pistole,3716,3722,6,2169,161,58,l,34,0,131,-5,0,-8.0,58..58,161,3732,11,2089,80,2048,3745,23,0000:11 0002:11 ff00:1,3722-3732,11,,6,Treffer Figur,"f3732(-6,8B 6,attr 0002,um nein,dx 17,dz 5,h 0)",,095bxx:12,a994,,
fern_a_z20,29,0x86022,Rakete,12,DICK,20,Rakete,3718,3724,6,2140,150,44,l,45,0,113,6,0,-5.0,44..1,150,3743,20,2045,95,2048,3839,115,0000:104 1402:10 ff00:1,3744-3753,10,3744-3753,14,Treffer Figur,"f3745(-14,8B 14,attr 1402,um ja,dx -32,dz -6,h 1)",,0864xx:20 0865xx:15 0866xx:15 0867xx:20 0868xx:15 0869xx:10,a994,,
fern_a_z20,27,0x86022,Kugel-Umwerf,18,DICK,20,Pistole,3733,3739,6,2169,161,58,l,34,0,131,-5,0,-8.0,58..58,161,3763,25,1977,192,2049,3764,25,0c02:25,3739-3763,25,,6,Ablauf,,,,0000,,
fern_a_z20,28,0x86022,Kugel,18,DICK,20,Pistole,3750,3756,6,2169,161,58,l,34,0,131,-5,15,-8.0,58..58,161,3780,25,1977,192,2048,3781,25,0002:25,3756-3780,25,,6,Ablauf,,,,a994,,
fern_a_z20,29,0x86022,Rakete,12,DICK,20,Rakete,4077,4083,6,2150,161,44,l,45,0,123,-5,0,-5.0,44..1,161,4102,20,2055,95,2048,4198,115,0000:104 1402:10 ff00:1,4103-4112,10,4103-4112,14,Treffer Figur,"f4104(-14,8B 14,attr 1402,um ja,dx -22,dz 5,h 1)",,0864xx:20 0865xx:15 0866xx:15 0867xx:20 0868xx:15 0869xx:10,a994,,
fern_a_z20,29,0x86022,Rakete,13,DICK,20,Rakete,4419,4425,6,2155,150,44,l,45,0,128,6,0,-5.0,44..1,150,4444,20,2060,95,2048,4540,115,0000:104 1402:10 ff00:1,4445-4454,10,4445-4454,14,Treffer Figur,"f4446(-14,8B 14,attr 1402,um ja,dx -17,dz -6,h 1)",,0864xx:20 0865xx:15 0866xx:15 0867xx:20 0868xx:15 0869xx:10,a994,,
fern_a_z20,29,0x86022,Kugel,18,DICK,20,Pistole,5115,5121,6,2160,161,58,l,34,0,122,-5,0,-8.0,58..58,161,5131,11,2080,80,2048,5144,23,0000:11 0002:11 ff00:1,5121-5131,11,,6,Treffer Figur,"f5131(-6,8B 6,attr 0002,um nein,dx 8,dz 5,h 0)",,095bxx:12,a994,,
fern_a_z20,28,0x86022,Kugel-Umwerf,18,DICK,20,Pistole,5132,5138,6,2160,161,58,l,34,0,122,-5,0,-8.0,58..58,161,5148,11,2080,80,2048,5161,23,0000:11 0c02:11 ff00:1,5138-5148,11,,6,Treffer Figur,"f5148(-6,8B 6,attr 0c02,um ja,dx 8,dz 5,h 0)",,095bxx:12,a994,,
fern_a_z20,29,0x86022,Kugel,18,DICK,20,Pistole,5149,5155,6,2160,161,58,l,34,0,122,-5,0,-8.0,58..58,161,5177,23,1984,176,2048,5178,23,0002:23,5155-5177,23,,6,Ablauf,,,,a994,,
fern_a_z20,28,0x86022,Kugel-Umwerf,18,DICK,20,Pistole,5166,5172,6,2160,161,58,l,34,0,122,-5,47,-8.0,58..58,161,5194,23,1984,176,2048,5195,23,0c02:23,5172-5194,23,,6,Ablauf,,,,a994,,
fern_a_z20,29,0x86022,Kugel,18,DICK,20,Pistole,5183,5189,6,2160,161,58,l,34,0,122,-5,21,-8.0,58..58,161,5211,23,1984,176,2048,5212,23,0002:23,5189-5211,23,,6,Ablauf,,,,a994,,
fern_a_z20,28,0x86022,Kugel-Umwerf,18,DICK,20,Pistole,5200,5206,6,2160,161,58,l,34,0,122,-5,0,-8.0,58..58,161,5228,23,1984,176,2048,5229,23,0c02:23,5206-5228,23,,6,Ablauf,,,,a994,,
fern_a_z20,28,0x86022,Rakete,12,DICK,20,Rakete,5360,5366,6,2163,152,44,l,45,0,136,4,0,-5.0,44..1,152,5385,20,2068,95,2048,5481,115,0000:104 1402:10 ff00:1,5386-5395,10,5386-5395,14,Treffer Figur,"f5387(-14,8B 14,attr 1402,um ja,dx -9,dz -4,h 1)",,0864xx:20 0865xx:15 0866xx:15 0867xx:20 0868xx:15 0869xx:10,a994,,
fern_a_z20,28,0x86022,Kugel,18,DICK,20,Pistole,5572,5578,6,2174,154,58,l,34,0,136,2,0,-8.0,58..58,154,5590,13,2078,96,2048,5603,25,0000:11 0002:13 ff00:1,5578-5590,13,,6,Treffer Figur,"f5590(-6,8B 6,attr 0002,um nein,dx 6,dz -2,h 0)",,095bxx:12,a994,,
fern_a_z20,29,0x86022,Kugel-Umwerf,18,DICK,20,Pistole,5589,5595,6,2174,154,58,l,34,0,136,2,0,-8.0,58..58,154,5607,13,2078,96,2048,5620,25,0000:11 0c02:13 ff00:1,5595-5607,13,,6,Treffer Figur,"f5607(-6,8B 6,attr 0c02,um ja,dx 6,dz -2,h 0)",,095bxx:12,a994,,
fern_a_z20,28,0x86022,Kugel,18,DICK,20,Pistole,5606,5612,6,2174,154,58,l,34,0,136,2,0,-8.0,58..58,154,5636,25,1982,192,2048,5637,25,0002:25,5612-5636,25,,6,Ablauf,,,,a994,,
fern_a_z20,29,0x86022,Kugel-Umwerf,18,DICK,20,Pistole,5623,5629,6,2174,154,58,l,34,0,136,2,45,-8.0,58..58,154,5653,25,1982,192,2048,5654,25,0c02:25,5629-5653,25,,6,Ablauf,,,,a994,,
fern_a_z20,28,0x86022,Kugel,18,DICK,20,Pistole,5640,5646,6,2174,154,58,l,34,0,136,2,28,-8.0,58..58,154,5670,25,1982,192,2048,5671,25,0002:25,5646-5670,25,,6,Ablauf,,,,a994,,
fern_a_k9,29,0x86022,Kugel,18,DICK,9,Pistole,887,893,6,2174,150,58,l,34,0,136,6,0,-8.0,58..58,150,917,25,1982,192,2048,918,25,0002:25,893-917,25,,5,Ablauf,,,,0000,,
fern_a_k9,28,0x86022,Kugel-Umwerf,18,DICK,9,Pistole,904,910,6,2174,150,58,l,34,0,136,6,0,-8.0,58..58,150,921,12,2086,88,2048,934,24,0000:11 0c02:12 ff00:1,910-921,12,,5,Treffer Figur,"f921(-5,8B 5,attr 0c02,um ja,dx 14,dz -6,h 0)",,095bxx:12,a994,,
fern_a_k9,29,0x86022,Kugel,18,DICK,9,Pistole,921,927,6,2174,150,58,l,34,0,136,6,0,-8.0,58..58,150,951,25,1982,192,2048,952,25,0002:25,927-951,25,,5,Ablauf,,,,0000,,
fern_a_k9,28,0x86022,Kugel-Umwerf,18,DICK,9,Pistole,938,944,6,2174,150,58,l,34,0,136,6,46,-8.0,58..58,150,968,25,1982,192,2048,969,25,0c02:25,944-968,25,,5,Ablauf,,,,a994,,
fern_a_k9,29,0x86022,Kugel,18,DICK,9,Pistole,955,961,6,2174,150,58,l,34,0,136,6,24,-8.0,58..58,150,985,25,1982,192,2048,986,25,0002:25,961-985,25,,5,Ablauf,,,,0000,,
fern_a_k9,29,0x86022,Kugel,18,DICK,9,Pistole,2541,2547,6,2106,156,58,r,34,0,135,0,0,8.0,58..58,156,2596,50,2498,392,2048,2597,50,0002:50,2547-2596,50,,5,Ablauf,,,,0000,,
fern_a_k9,28,0x86022,Kugel,18,DICK,9,Pistole,2558,2564,6,2106,156,58,r,34,0,135,0,0,8.0,58..58,156,2575,12,2194,88,2048,2588,24,0000:11 0002:12 ff00:1,2564-2575,12,,5,Treffer Figur,"f2575(-5,8B 5,attr 0002,um nein,dx -13,dz 0,h 0)",,095bxx:12,a994,,
fern_a_k9,27,0x86022,Kugel-Umwerf,18,DICK,9,Pistole,2575,2581,6,2106,156,58,r,34,0,135,0,0,8.0,58..58,156,2592,12,2194,88,2048,2605,24,0000:11 0c02:12 ff00:1,2581-2592,12,,5,Treffer Figur,"f2592(-5,8B 5,attr 0c02,um ja,dx -13,dz 0,h 0)",,095bxx:12,a994,,
fern_a_k9,29,0x86022,Kugel,18,DICK,9,Pistole,2592,2598,6,2106,156,58,r,34,0,135,0,0,8.0,58..58,156,2652,55,2538,432,2089,2653,55,0002:55,2598-2652,55,,5,Ablauf,,,,0000,,
fern_a_k9,27,0x86022,Kugel-Umwerf,18,DICK,9,Pistole,2609,2615,6,2106,156,58,r,34,0,178,0,46,8.0,58..58,156,2669,55,2538,432,2089,2670,55,0c02:55,2615-2669,55,,5,Ablauf,,,,a994,,
fern_a_k9,27,0x86022,Kugel,18,DICK,9,Pistole,3442,3448,6,2450,153,58,r,34,0,120,3,0,8.0,58..58,153,3457,10,2522,72,2176,3470,22,0000:11 0002:10 ff00:1,3448-3457,10,,5,Treffer Figur,"f3457(-5,8B 5,attr 0002,um nein,dx -14,dz -3,h 0)",,095bxx:12,a994,,
fern_a_k9,29,0x86022,Kugel-Umwerf,18,DICK,9,Pistole,3459,3465,6,2450,153,58,r,34,0,120,3,0,8.0,58..58,153,3474,10,2522,72,2176,3487,22,0000:11 0c02:10 ff00:1,3465-3474,10,,5,Treffer Figur,"f3474(-5,8B 5,attr 0c02,um ja,dx -14,dz -3,h 0)",,095bxx:12,a994,,
fern_a_k9,27,0x86022,Kugel,18,DICK,9,Pistole,3476,3482,6,2450,153,58,r,34,0,120,3,0,8.0,58..58,153,3493,12,2538,88,2176,3500,18,0000:5 0002:12 ff00:1,3482-3493,12,,5,Ablauf,,,095exx:6,a994,,
fern_a_k9,29,0x86022,Kugel-Umwerf,18,DICK,9,Pistole,3493,3499,6,2450,153,58,r,34,0,120,3,48,8.0,58..58,153,3510,12,2538,88,2176,3517,18,0000:5 0c02:12 ff00:1,3499-3510,12,,5,Ablauf,,,095exx:6,a994,,
fern_a_k9,27,0x86022,Kugel,18,DICK,9,Pistole,3510,3516,6,2450,153,58,r,34,0,120,3,17,8.0,58..58,153,3527,12,2538,88,2176,3534,18,0000:5 0002:12 ff00:1,3516-3527,12,,5,Ablauf,,,095exx:6,a994,,
fern_a_k20,29,0x86022,Kugel,18,DICK,20,Pistole,303,309,6,2215,157,58,l,34,0,136,-1,0,-8.0,58..58,157,338,30,1983,232,2048,339,30,0002:30,309-338,30,,6,Ablauf,,,,0000,,
fern_a_k20,28,0x86022,Kugel-Umwerf,18,DICK,20,Pistole,320,326,6,2215,157,58,l,34,0,136,-1,0,-8.0,58..58,157,337,12,2127,88,2048,350,24,0000:11 0c02:12 ff00:1,326-337,12,,6,Treffer Figur,"f337(-6,8B 6,attr 0c02,um ja,dx 14,dz 1,h 0)",,095bxx:12,a994,,
fern_a_k20,29,0x86022,Kugel,18,DICK,20,Pistole,337,343,6,2215,157,58,l,34,0,136,-1,0,-8.0,58..58,157,372,30,1983,232,2048,373,30,0002:30,343-372,30,,6,Ablauf,,,,0000,,
fern_a_k20,28,0x86022,Kugel-Umwerf,18,DICK,20,Pistole,354,360,6,2215,157,58,l,34,0,177,-1,47,-8.0,58..58,157,389,30,1983,232,2048,390,30,0c02:30,360-389,30,,6,Ablauf,,,,a994,,
fern_a_k20,29,0x86022,Kugel,18,DICK,20,Pistole,371,377,6,2215,157,58,l,34,0,177,-1,25,-8.0,58..58,157,406,30,1983,232,2048,407,30,0002:30,377-406,30,,6,Ablauf,,,,0000,,
fern_a_k20,29,0x86022,Kugel,18,DICK,20,Pistole,699,705,6,2166,161,58,l,34,0,128,-5,0,-8.0,58..58,161,715,11,2086,80,2048,728,23,0000:11 0002:11 ff00:1,705-715,11,,6,Treffer Figur,"f715(-6,8B 6,attr 0002,um nein,dx 14,dz 5,h 0)",,095bxx:12,a994,,
fern_a_k20,28,0x86022,Kugel-Umwerf,18,DICK,20,Pistole,716,722,6,2166,161,58,l,34,0,128,-5,0,-8.0,58..58,161,732,11,2086,80,2048,745,23,0000:11 0c02:11 ff00:1,722-732,11,,6,Treffer Figur,"f732(-6,8B 6,attr 0c02,um ja,dx 14,dz 5,h 0)",,095bxx:12,a994,,
fern_a_k20,29,0x86022,Kugel,18,DICK,20,Pistole,733,739,6,2166,161,58,l,34,0,128,-5,0,-8.0,58..58,161,762,24,1982,184,2048,763,24,0002:24,739-762,24,,6,Ablauf,,,,a994,,
fern_a_k20,28,0x86022,Kugel-Umwerf,18,DICK,20,Pistole,750,756,6,2166,161,58,l,34,0,128,-5,47,-8.0,58..58,161,779,24,1982,184,2048,780,24,0c02:24,756-779,24,,6,Ablauf,,,,a994,,
fern_a_k20,28,0x86022,Kugel,18,DICK,20,Pistole,1486,1492,6,2150,161,58,l,34,0,112,-5,0,-8.0,58..58,161,1500,9,2086,64,2048,1513,21,0000:11 0002:9 ff00:1,1492-1500,9,,6,Treffer Figur,"f1500(-6,8B 6,attr 0002,um nein,dx 14,dz 5,h 0)",,095bxx:12,a994,,
fern_a_k20,29,0x86022,Kugel-Umwerf,18,DICK,20,Pistole,1503,1509,6,2150,161,58,l,34,0,112,-5,0,-8.0,58..58,161,1517,9,2086,64,2048,1530,21,0000:11 0c02:9 ff00:1,1509-1517,9,,6,Treffer Figur,"f1517(-6,8B 6,attr 0c02,um ja,dx 14,dz 5,h 0)",,095bxx:12,a994,,
fern_a_k20,28,0x86022,Kugel,18,DICK,20,Pistole,1520,1526,6,2150,161,58,l,34,0,112,-5,5,-8.0,58..58,161,1547,22,1982,168,2048,1548,22,0002:22,1526-1547,22,,6,Ablauf,,,,a994,,
fern_a_k20,29,0x86022,Kugel-Umwerf,18,DICK,20,Pistole,1537,1543,6,2150,161,58,l,34,0,112,-5,48,-8.0,58..58,161,1564,22,1982,168,2048,1565,22,0c02:22,1543-1564,22,,6,Ablauf,,,,a994,,
fern_a_k20,28,0x86022,Kugel,18,DICK,20,Pistole,1554,1560,6,2150,161,58,l,34,0,112,-5,12,-8.0,58..58,161,1581,22,1982,168,2048,1582,22,0002:22,1560-1581,22,,6,Ablauf,,,,a994,,
fern_a_k20,28,0x86022,Kugel,18,DICK,20,Pistole,2056,2062,6,2158,159,58,l,34,0,120,-3,0,-8.0,58..58,159,2071,10,2086,72,2048,2084,22,0000:11 0002:10 ff00:1,2062-2071,10,,6,Treffer Figur,"f2071(-6,8B 6,attr 0002,um nein,dx 14,dz 3,h 0)",,095bxx:12,a994,,
fern_a_k20,29,0x86022,Kugel,18,DICK,20,Pistole,2073,2079,6,2158,159,58,l,34,0,120,-3,0,-8.0,58..58,159,2088,10,2086,72,2048,2101,22,0000:11 0002:10 ff00:1,2079-2088,10,,6,Treffer Figur,"f2088(-6,8B 6,attr 0002,um nein,dx 14,dz 3,h 0)",,095bxx:12,a994,,
fern_a_k20,29,0x86022,Kugel,18,DICK,20,Pistole,2949,2955,6,2120,150,58,r,34,0,121,6,0,8.0,58..58,150,2964,10,2192,72,2048,2977,22,0000:11 0002:10 ff00:1,2955-2964,10,,6,Treffer Figur,"f2964(-6,8B 6,attr 0002,um nein,dx -15,dz -6,h 0)",,095bxx:12,a994,,
fern_a_k20,28,0x86022,Kugel-Umwerf,18,DICK,20,Pistole,2966,2972,6,2120,150,58,r,34,0,121,6,0,8.0,58..58,150,2981,10,2192,72,2048,2994,22,0000:11 0c02:10 ff00:1,2972-2981,10,,6,Treffer Figur,"f2981(-6,8B 6,attr 0c02,um ja,dx -15,dz -6,h 0)",,095bxx:12,a994,,
fern_a_k20,29,0x86022,Kugel,18,DICK,20,Pistole,2983,2989,6,2120,150,58,r,34,0,121,6,0,8.0,58..58,150,3041,53,2536,416,2086,3042,53,0002:53,2989-3041,53,,6,Ablauf,,,,a994,,
fern_a_k20,29,0x86022,Kugel,18,DICK,20,Pistole,3863,3869,6,2258,208,58,l,34,0,135,1,0,-8.0,58..58,208,3903,35,1986,272,2048,3905,36,0000:1 0002:35,3869-3903,35,,6,Ablauf,,,095exx:1,a994,,
fern_a_k20,28,0x86022,Kugel-Umwerf,18,DICK,20,Pistole,3880,3886,6,2258,208,58,l,34,0,167,1,40,-8.0,58..58,208,3920,35,1986,272,2048,3922,36,0000:1 0c02:35,3886-3920,35,,6,Ablauf,,,095exx:1,a994,,
fern_a_gd,29,0x86022,Rakete,15,DICK,19,Rakete,894,900,6,2460,143,44,r,45,0,121,1,0,5.0,44..14,143,916,17,2540,80,2176,1012,112,0000:101 1402:10 ff00:1,917-926,10,917-926,14,Treffer Figur,"f918(-14,8B 14,attr 1402,um ja,dx 7,dz -1,h 1)",,0864xx:20 0865xx:15 0866xx:15 0867xx:20 0868xx:15 0869xx:10,a994,,
fern_a_gd,29,0x86022,Rakete,18,DICK,20,Rakete,1656,1662,6,2454,149,44,r,45,0,127,-5,0,5.0,44..10,149,1679,18,2539,85,2176,1775,113,0000:102 1402:10 ff00:1,1680-1689,10,1680-1689,14,Treffer Figur,"f1681(-14,8B 14,attr 1402,um ja,dx 7,dz 5,h 1)",,0864xx:20 0865xx:15 0866xx:15 0867xx:20 0868xx:15 0869xx:10,a994,,
fern_a_gd,29,0x86022,Rakete,15,DICK,21,Rakete,2207,2213,6,2461,143,44,r,45,0,120,1,0,5.0,44..14,143,2229,17,2541,80,2176,2325,112,0000:101 1402:10 ff00:1,2230-2239,10,2230-2239,14,Treffer Figur,"f2231(-14,8B 14,attr 1402,um ja,dx 7,dz -1,h 1)",,0864xx:20 0865xx:15 0866xx:15 0867xx:20 0868xx:15 0869xx:10,a994,,
fern_a_gd,29,0x86022,Rakete,15,DICK,21,Rakete,2453,2459,6,2452,149,44,r,45,0,129,-5,0,5.0,44..6,149,2477,19,2542,90,2176,2573,114,0000:103 1402:10 ff00:1,2478-2487,10,2478-2487,14,Treffer Figur,"f2479(-14,8B 14,attr 1402,um ja,dx 7,dz 5,h 1)",,0864xx:20 0865xx:15 0866xx:15 0867xx:20 0868xx:15 0869xx:10,a994,,
fern_a_gd,28,0x86022,Rakete,15,DICK,21,Rakete,2472,2478,6,2452,149,44,r,45,0,129,-5,0,5.0,44..5,149,2496,19,2542,90,2176,2592,114,0000:103 1402:10 ff00:1,2497-2506,10,2497-2506,14,Explosion,,,0864xx:20 0865xx:15 0866xx:15 0867xx:20 0868xx:15 0869xx:10,0000,,
fern_a_gd,28,0x86022,Rakete,15,DICK,22,Rakete,2707,2713,6,2469,149,44,r,45,0,112,-5,0,5.0,44..21,149,2727,15,2539,70,2176,2823,110,0000:99 1402:10 ff00:1,2728-2737,10,2728-2737,15,Treffer Figur,"f2729(-15,8B 15,attr 1402,um ja,dx 7,dz 5,h 1)",,0864xx:20 0865xx:15 0866xx:15 0867xx:20 0868xx:15 0869xx:10,a994,,
fern_a_gd,28,0x86022,Rakete,18,DICK,22,Rakete,2992,2998,6,2454,149,44,r,45,0,127,-5,0,5.0,44..10,149,3015,18,2539,85,2176,3111,113,0000:102 1402:10 ff00:1,3016-3025,10,3016-3025,15,Treffer Figur,"f3017(-15,8B 15,attr 1402,um ja,dx 7,dz 5,h 1)",,0864xx:20 0865xx:15 0866xx:15 0867xx:20 0868xx:15 0869xx:10,a994,,
fern_a_gd,29,0x86022,Rakete,18,DICK,22,Rakete,3011,3017,6,2454,149,44,r,45,0,127,-5,1,5.0,44..10,149,3034,18,2539,85,2176,3130,113,0000:102 1402:10 ff00:1,3035-3044,10,3035-3044,15,Explosion,,,0864xx:20 0865xx:15 0866xx:15 0867xx:20 0868xx:15 0869xx:10,a994,,
fern_a_gd,29,0x86022,Rakete,15,DICK,23,Rakete,3597,3603,6,2460,149,44,r,45,0,121,-5,0,5.0,44..14,149,3619,17,2540,80,2176,3715,112,0000:101 1402:10 ff00:1,3620-3629,10,3620-3629,15,Treffer Figur,"f3621(-15,8B 15,attr 1402,um ja,dx 7,dz 5,h 1)",,0864xx:20 0865xx:15 0866xx:15 0867xx:20 0868xx:15 0869xx:10,a994,,
## A angriffe (Haltung = Pose mit Aktion 2, kein Angriff)
lauf,slot,typ,rang,art,A,blick,d,dx,dz,fig_h,fig_st,schuesse,n_schuesse,ende,dauer,grund,akt,ph,treffer
fern_a_s9,18,SKIP,9,Messerstich,109,l,57,57,-4,0,1,,0,146,37,neuer angriff Messerstich,6,2,A+13:-8
fern_a_s9,18,SKIP,9,Messerstich,146,l,57,57,-4,0,3,,0,171,25,0x282f4,6,2,A+13:-8
fern_a_s9,18,SKIP,9,Ausfallstich,343,l,71,71,2,0,1,,0,377,34,0x284d8,6,8,A+14:-10U
fern_a_s9,18,SKIP,9,Messerstich,655,l,72,72,5,0,1,,0,692,37,neuer angriff Messerstich,6,2,A+13:-8
fern_a_s9,18,SKIP,9,Messerstich,692,l,72,72,5,0,3,,0,717,25,0x282f4,6,2,A+13:-8
fern_a_s9,18,SKIP,9,Messerstich,943,l,72,72,4,0,1,,0,980,37,neuer angriff Messerstich,6,2,A+13:-8
fern_a_s9,18,SKIP,9,Messerstich,980,l,72,72,4,0,3,,0,1017,37,neuer angriff Ausfallstich,6,2,A+13:-8
fern_a_s9,18,SKIP,9,Ausfallstich,1017,l,72,72,4,0,3,,0,1051,34,0x282f4,6,8,A+14:-10U
fern_a_s9,18,SKIP,9,Messerwurf,1382,l,141,141,6,0,1,,0,1424,42,0x284d8,6,10,A+16:-10U
fern_a_s9,18,SKIP,9,Messerstich,1690,l,72,72,3,0,1,,0,1727,37,neuer angriff Messerstich,6,2,A+13:-8
fern_a_s9,18,SKIP,9,Messerstich,1727,l,72,72,3,0,3,,0,1764,37,neuer angriff Messerstich,6,2,A+13:-8
fern_a_s9,18,SKIP,9,Messerstich,1764,l,72,72,3,0,3,,0,1801,37,neuer angriff Messerstich,6,2,A+13:-8
fern_a_s9,18,SKIP,9,Messerstich,1801,l,72,72,3,0,3,,0,1826,25,0x282f4,6,4,A+13:-8
fern_a_s9,18,SKIP,9,Messerstich,1852,l,59,59,2,0,1,,0,1889,37,neuer angriff Messerstich,6,2,A+13:-8
fern_a_s9,18,SKIP,9,Messerstich,1889,l,59,59,2,0,3,,0,1926,37,neuer angriff Ausfallstich,6,2,A+13:-8
fern_a_s9,18,SKIP,9,Ausfallstich,1926,l,59,59,2,0,3,,0,1960,34,0x284d8,6,8,A+14:-10U
fern_a_s9,18,SKIP,9,Messerwurf,2124,l,141,141,1,0,1,,0,2166,42,0x282f4,6,10,A+16:-10U
fern_a_s9,18,SKIP,9,Messerwurf,2484,l,142,142,-1,0,1,,0,2526,42,0x282f4,6,10,A+16:-10U
fern_a_s9,18,SKIP,9,Ausfallstich,2896,l,72,72,8,0,1,,0,2930,34,0x282f4,6,8,A+14:-10U
fern_a_s9,18,SKIP,9,Messerwurf,3187,l,142,142,10,0,1,,0,3229,42,0x282f4,6,10,A+16:-10U
fern_a_s9,18,SKIP,9,Messerstich,3621,l,72,72,4,0,1,,0,3646,25,0x282f4,6,2,A+13:-8
fern_a_s9,18,SKIP,9,Messerwurf,3836,l,142,142,-7,0,1,,0,3878,42,0x284d8,6,10,A+16:-10U
fern_a_s9,18,SKIP,9,Messerstich,4114,l,72,72,-2,0,1,,0,4151,37,neuer angriff Messerstich,6,2,A+13:-8
fern_a_s9,18,SKIP,9,Messerstich,4151,l,72,72,-2,0,3,,0,4188,37,neuer angriff Messerstich,6,2,A+13:-8
fern_a_s9,18,SKIP,9,Messerstich,4188,l,72,72,-2,0,3,,0,4225,37,neuer angriff Messerstich,6,2,A+13:-8
fern_a_s9,18,SKIP,9,Messerstich,4225,l,72,72,-2,0,3,,0,4250,25,0x282f4,6,4,A+13:-8
fern_a_s9,18,SKIP,9,Messerstich,4276,l,58,58,-2,0,1,,0,4313,37,neuer angriff Messerstich,6,2,A+13:-8
fern_a_s9,18,SKIP,9,Messerstich,4313,l,58,58,-2,0,3,,0,4350,37,neuer angriff Ausfallstich,6,2,A+13:-8
fern_a_s9,18,SKIP,9,Ausfallstich,4350,l,58,58,-2,0,3,,0,4384,34,0x284d8,6,8,A+14:-10U
fern_a_s9,18,SKIP,9,Messerwurf,4549,l,143,143,-1,0,1,,0,4591,42,0x282f4,6,10,A+17:-10U
fern_a_s9,18,SKIP,9,Messerstich,5633,l,72,72,-4,0,1,,0,5658,25,0x282f4,6,2,A+13:-8
fern_a_s9,18,SKIP,9,Messerstich,5684,l,58,58,-2,0,1,,0,5709,25,0x282f4,6,2,A+13:-8
fern_a_s9,18,SKIP,9,Messerwurf,5804,l,141,141,-7,0,1,,0,5846,42,0x284d8,6,10,A+16:-10U
fern_a_s20,18,SKIP,20,Messerstich,109,l,57,57,-4,0,1,,0,146,37,neuer angriff Messerstich,6,2,A+13:-9
fern_a_s20,18,SKIP,20,Messerstich,146,l,57,57,-4,0,3,,0,171,25,0x282f4,6,2,A+13:-9
fern_a_s20,18,SKIP,20,Ausfallstich,343,l,71,71,2,0,1,,0,377,34,0x284d8,6,8,A+14:-12U
fern_a_s20,18,SKIP,20,Messerstich,655,l,72,72,5,0,1,,0,692,37,neuer angriff Messerstich,6,2,A+13:-9
fern_a_s20,18,SKIP,20,Messerstich,692,l,72,72,5,0,3,,0,717,25,0x282f4,6,2,A+13:-9
fern_a_s20,18,SKIP,20,Messerstich,943,l,72,72,4,0,1,,0,980,37,neuer angriff Messerstich,6,2,A+13:-9
fern_a_s20,18,SKIP,20,Messerstich,980,l,72,72,4,0,3,,0,1017,37,neuer angriff Ausfallstich,6,2,A+13:-9
fern_a_s20,18,SKIP,20,Ausfallstich,1017,l,72,72,4,0,3,,0,1051,34,0x282f4,6,8,A+14:-12U
fern_a_s20,18,SKIP,20,Messerwurf,1382,l,141,141,6,0,1,,0,1424,42,0x284d8,6,10,A+16:-12U
fern_a_s20,18,SKIP,20,Messerstich,1690,l,72,72,3,0,1,,0,1727,37,neuer angriff Messerstich,6,2,A+13:-9
fern_a_s20,18,SKIP,20,Messerstich,1727,l,72,72,3,0,3,,0,1764,37,neuer angriff Messerstich,6,2,A+13:-9
fern_a_s20,18,SKIP,20,Messerstich,1764,l,72,72,3,0,3,,0,1801,37,neuer angriff Messerstich,6,2,A+13:-9
fern_a_s20,18,SKIP,20,Messerstich,1801,l,72,72,3,0,3,,0,1826,25,0x282f4,6,4,A+13:-9
fern_a_s20,18,SKIP,20,Messerstich,1852,l,59,59,2,0,1,,0,1889,37,neuer angriff Messerstich,6,2,A+13:-9
fern_a_s20,18,SKIP,20,Messerstich,1889,l,59,59,2,0,3,,0,1926,37,neuer angriff Ausfallstich,6,2,A+13:-9
fern_a_s20,18,SKIP,20,Ausfallstich,1926,l,59,59,2,0,3,,0,1960,34,0x284d8,6,8,A+14:-12U
fern_a_s20,18,SKIP,20,Messerwurf,2124,l,141,141,1,0,1,,0,2166,42,0x282f4,6,10,A+16:-12U
fern_a_s20,18,SKIP,20,Messerstich,2401,l,72,72,-2,0,1,,0,2438,37,neuer angriff Messerstich,6,2,A+13:-9
fern_a_s20,18,SKIP,20,Messerstich,2438,l,72,72,-2,0,3,,0,2475,37,neuer angriff Messerstich,6,2,A+13:-9
fern_a_s20,18,SKIP,20,Messerstich,2475,l,72,72,-2,0,3,,0,2512,37,neuer angriff Messerstich,6,2,A+13:-9
fern_a_s20,18,SKIP,20,Messerstich,2512,l,72,72,-2,0,3,,0,2537,25,0x282f4,6,4,A+13:-9
fern_a_s20,18,SKIP,20,Messerstich,2561,l,57,57,-2,0,1,,0,2598,37,neuer angriff Messerstich,6,2,A+13:-9
fern_a_s20,18,SKIP,20,Messerstich,2598,l,57,57,-2,0,3,,0,2635,37,neuer angriff Messerstich,6,2,A+13:-9
fern_a_s20,18,SKIP,20,Messerstich,2635,l,57,57,-2,0,3,,0,2672,37,neuer angriff Messerstich,6,2,A+13:-9
fern_a_s20,18,SKIP,20,Messerstich,2672,l,57,57,-2,0,3,,0,2697,25,0x282f4,6,4,A+13:-9
fern_a_s20,18,SKIP,20,Ausfallstich,2821,l,71,71,-3,0,1,,0,2855,34,0x282f4,6,8,A+14:-12U
fern_a_s20,18,SKIP,20,Ausfallstich,3030,l,72,72,4,0,1,,0,3064,34,0x282f4,6,8,A+14:-12U
fern_a_s20,18,SKIP,20,Ausfallstich,3294,l,71,71,-3,0,1,,0,3328,34,0x282f4,6,6,A+14:-12U
fern_a_s20,18,SKIP,20,Messerstich,3702,l,71,71,-3,0,1,,0,3739,37,neuer angriff Messerstich,6,2,A+13:-9
fern_a_s20,18,SKIP,20,Messerstich,3739,l,71,71,-3,0,3,,0,3776,37,neuer angriff Ausfallstich,6,2,A+13:-9
fern_a_s20,18,SKIP,20,Ausfallstich,3776,l,71,71,-3,0,3,,0,3810,34,0x282f4,6,8,A+14:-12U
fern_a_s20,18,SKIP,20,Messerstich,3964,l,57,57,-3,0,1,,0,4001,37,neuer angriff Messerstich,6,2,A+13:-9
fern_a_s20,18,SKIP,20,Messerstich,4001,l,57,57,-3,0,3,,0,4026,25,0x282f4,6,2,A+13:-9
fern_a_s20,18,SKIP,20,Messerstich,4230,l,72,72,3,0,1,,0,4267,37,neuer angriff Messerstich,6,2,A+13:-9
fern_a_s20,18,SKIP,20,Messerstich,4267,l,72,72,3,0,3,,0,4292,25,0x282f4,6,2,A+13:-9
fern_a_s20,18,SKIP,20,Messerstich,4318,l,58,58,2,0,1,,0,4343,25,0x282f4,6,2,A+13:-9
fern_a_s20,18,SKIP,20,Messerstich,4393,l,72,72,4,0,1,,0,4430,37,neuer angriff Messerstich,6,2,A+13:-9
fern_a_s20,18,SKIP,20,Messerstich,4430,l,72,72,4,0,3,,0,4467,37,neuer angriff Messerstich,6,2,A+13:-9
fern_a_s20,18,SKIP,20,Messerstich,4467,l,72,72,4,0,3,,0,4504,37,neuer angriff Messerstich,6,2,A+13:-9
fern_a_s20,18,SKIP,20,Messerstich,4504,l,72,72,4,0,3,,0,4529,25,0x282f4,6,4,A+13:-9
fern_a_s20,18,SKIP,20,Messerstich,4667,l,72,72,-2,0,1,,0,4704,37,neuer angriff Messerstich,6,2,A+13:-9
fern_a_s20,18,SKIP,20,Messerstich,4704,l,72,72,-2,0,3,,0,4741,37,neuer angriff Messerstich,6,2,A+13:-9
fern_a_s20,18,SKIP,20,Messerstich,4741,l,72,72,-2,0,3,,0,4778,37,neuer angriff Messerstich,6,2,A+13:-9
fern_a_s20,18,SKIP,20,Messerstich,4778,l,72,72,-2,0,3,,0,4803,25,0x282f4,6,4,A+13:-9
fern_a_s20,18,SKIP,20,Messerstich,4827,l,57,57,-2,0,1,,0,4864,37,neuer angriff Messerstich,6,2,A+13:-9
fern_a_s20,18,SKIP,20,Messerstich,4864,l,57,57,-2,0,3,,0,4901,37,neuer angriff Ausfallstich,6,2,A+13:-9
fern_a_s20,18,SKIP,20,Ausfallstich,4901,l,57,57,-2,0,3,,0,4935,34,0x284d8,6,8,A+14:-12U
fern_a_s20,18,SKIP,20,Messerwurf,5100,l,141,141,-1,0,1,,0,5142,42,0x282f4,6,10,A+16:-12U
fern_a_s20,18,SKIP,20,Messerstich,5717,l,71,71,-4,0,1,,0,5754,37,neuer angriff Messerstich,6,2,A+13:-9
fern_a_s20,18,SKIP,20,Messerstich,5754,l,71,71,-4,0,3,,0,5779,25,0x282f4,6,2,A+13:-9
fern_a_snat,18,SKIP,8,Messerstich,109,l,57,57,-4,0,1,,0,146,37,neuer angriff Messerstich,6,2,A+13:-7
fern_a_snat,18,SKIP,8,Messerstich,146,l,57,57,-4,0,3,,0,171,25,0x282f4,6,2,A+13:-7
fern_a_snat,18,SKIP,9,Ausfallstich,343,l,71,71,2,0,1,,0,377,34,0x284d8,6,8,A+14:-10U
fern_a_snat,18,SKIP,9,Messerstich,655,l,72,72,5,0,1,,0,692,37,neuer angriff Messerstich,6,2,A+13:-8
fern_a_snat,18,SKIP,9,Messerstich,692,l,72,72,5,0,3,,0,717,25,0x282f4,6,2,A+13:-8
fern_a_snat,18,SKIP,10,Messerstich,943,l,72,72,4,0,1,,0,980,37,neuer angriff Messerstich,6,2,A+13:-8
fern_a_snat,18,SKIP,10,Messerstich,980,l,72,72,4,0,3,,0,1017,37,neuer angriff Ausfallstich,6,2,A+13:-8
fern_a_snat,18,SKIP,10,Ausfallstich,1017,l,72,72,4,0,3,,0,1051,34,0x282f4,6,8,A+14:-10U
fern_a_snat,18,SKIP,11,Messerwurf,1382,l,141,141,6,0,1,,0,1424,42,0x284d8,6,10,A+16:-10U
fern_a_snat,18,SKIP,11,Messerstich,1690,l,72,72,3,0,1,,0,1727,37,neuer angriff Messerstich,6,2,A+13:-8
fern_a_snat,18,SKIP,11,Messerstich,1727,l,72,72,3,0,3,,0,1764,37,neuer angriff Messerstich,6,2,A+13:-8
fern_a_snat,18,SKIP,11,Messerstich,1764,l,72,72,3,0,3,,0,1801,37,neuer angriff Messerstich,6,2,A+13:-8
fern_a_snat,18,SKIP,11,Messerstich,1801,l,72,72,3,0,3,,0,1826,25,0x282f4,6,4,A+13:-8
fern_a_snat,18,SKIP,11,Messerstich,1852,l,59,59,2,0,1,,0,1889,37,neuer angriff Messerstich,6,2,A+13:-8
fern_a_snat,18,SKIP,11,Messerstich,1889,l,59,59,2,0,3,,0,1926,37,neuer angriff Ausfallstich,6,2,A+13:-8
fern_a_snat,18,SKIP,11,Ausfallstich,1926,l,59,59,2,0,3,,0,1960,34,0x284d8,6,8,A+14:-10U
fern_a_snat,18,SKIP,12,Messerwurf,2124,l,141,141,1,0,1,,0,2166,42,0x282f4,6,10,A+16:-11U
fern_a_snat,18,SKIP,12,Messerwurf,2484,l,142,142,-1,0,1,,0,2526,42,0x282f4,6,10,A+16:-11U
fern_a_snat,18,SKIP,13,Ausfallstich,2896,l,72,72,8,0,1,,0,2930,34,0x282f4,6,8,A+14:-11U
fern_a_snat,18,SKIP,14,Messerwurf,3187,l,142,142,10,0,1,,0,3229,42,0x282f4,6,10,A+16:-11U
fern_a_snat,18,SKIP,14,Messerwurf,3511,l,141,141,4,0,1,,0,3553,42,0x284d8,6,10,A+16:-11U
fern_a_snat,18,SKIP,15,Messerstich,3826,l,72,72,4,0,1,,0,3863,37,neuer angriff Messerstich,6,2,A+13:-8
fern_a_snat,18,SKIP,15,Messerstich,3863,l,72,72,4,0,3,,0,3888,25,0x282f4,6,2,A+13:-8
fern_a_snat,18,SKIP,15,Messerstich,4218,l,71,71,3,0,1,,0,4243,25,0x282f4,6,2,A+13:-8
fern_a_snat,18,SKIP,16,Messerwurf,4814,l,151,151,10,0,1,,0,4856,42,0x282f4,6,10,A+19:-11U
fern_a_snat,18,SKIP,17,Messerstich,5075,l,72,72,8,0,1,,0,5112,37,neuer angriff Messerstich,6,2,A+13:-9
fern_a_snat,18,SKIP,17,Messerstich,5112,l,72,72,8,0,3,,0,5137,25,0x282f4,6,2,A+13:-9
fern_a_snat,18,SKIP,17,Messerstich,5421,l,71,71,4,0,1,,0,5458,37,neuer angriff Messerstich,6,2,A+13:-9
fern_a_snat,18,SKIP,17,Messerstich,5458,l,71,71,4,0,3,,0,5495,37,neuer angriff Ausfallstich,6,2,A+13:-9
fern_a_snat,18,SKIP,17,Ausfallstich,5495,l,71,71,4,0,3,,0,5529,34,0x284d8,6,8,A+14:-12U
fern_a_snat,18,SKIP,18,Messerstich,5987,l,71,71,3,0,1,,0,,13,laufende,6,2,A+13:-9
fern_a_sf9,18,SKIP,9,Messerwurf,929,l,151,151,-9,0,1,,0,971,42,0x282f4,6,10,A+19:-10U
fern_a_sf9,18,SKIP,9,Messerwurf,1210,l,114,114,5,0,1,,0,1252,42,0x282f4,6,10,A+9:-10U
fern_a_sf9,18,SKIP,9,Messerstich,1689,l,57,57,-3,0,1,,0,1726,37,neuer angriff Messerstich,6,2,A+13:-8
fern_a_sf9,18,SKIP,9,Messerstich,1726,l,57,57,-3,0,3,,0,1763,37,neuer angriff Ausfallstich,6,2,A+13:-8
fern_a_sf9,18,SKIP,9,Ausfallstich,1763,l,57,57,-3,0,3,,0,1797,34,0x284d8,6,8,A+14:-10U
fern_a_sf9,18,SKIP,9,Messerwurf,2116,l,141,141,-7,0,1,,0,2158,42,0x282f4,6,10,A+16:-10U
fern_a_sf9,18,SKIP,9,Messerstich,2380,l,57,57,4,0,1,,0,2417,37,neuer angriff Messerstich,6,2,A+13:-8
fern_a_sf9,18,SKIP,9,Messerstich,2417,l,57,57,4,0,3,,0,2454,37,neuer angriff Messerstich,6,2,A+13:-8
fern_a_sf9,18,SKIP,9,Messerstich,2454,l,57,57,4,0,3,,0,2491,37,neuer angriff Messerstich,6,2,A+13:-8
fern_a_sf9,18,SKIP,9,Messerstich,2491,l,57,57,4,0,3,,0,2516,25,0x282f4,6,4,A+13:-8
fern_a_sf9,18,SKIP,9,Messerwurf,2583,l,115,115,5,0,1,,0,2625,42,0x282f4,6,10,A+10:-10U
fern_a_sf9,18,SKIP,9,Messerstich,2768,l,57,57,-3,0,1,,0,2805,37,neuer angriff Messerstich,6,2,A+13:-8
fern_a_sf9,18,SKIP,9,Messerstich,2805,l,57,57,-3,0,3,,0,2842,37,neuer angriff Ausfallstich,6,2,A+13:-8
fern_a_sf9,18,SKIP,9,Ausfallstich,2842,l,57,57,-3,0,3,,0,2876,34,0x282f4,6,8,A+14:-10U
fern_a_sf9,18,SKIP,9,Messerwurf,3429,l,148,148,-9,0,1,,0,3471,42,0x284d8,6,10,A+18:-10U
fern_a_sf9,18,SKIP,9,Ausfallstich,4027,l,72,72,-4,0,1,,0,4061,34,0x282f4,6,6,A+14:-10U
fern_a_sf9,18,SKIP,9,Messerstich,4984,l,59,59,-2,0,1,,0,5021,37,neuer angriff Messerstich,6,2,A+13:-8
fern_a_sf9,18,SKIP,9,Messerstich,5021,l,59,59,-2,0,3,,0,5058,37,neuer angriff Ausfallstich,6,2,A+13:-8
fern_a_sf9,18,SKIP,9,Ausfallstich,5058,l,59,59,-2,0,3,,0,5092,34,0x284d8,6,8,A+14:-10U
fern_a_sf9,18,SKIP,9,Messerwurf,5409,l,141,141,-7,0,1,,0,5451,42,0x282f4,6,10,A+16:-10U
fern_a_sf9,18,SKIP,9,Messerstich,5672,l,58,58,3,0,1,,0,5709,37,neuer angriff Messerstich,6,2,A+13:-8
fern_a_sf9,18,SKIP,9,Messerstich,5709,l,58,58,3,0,3,,0,5746,37,neuer angriff Messerstich,6,2,A+13:-8
fern_a_sf9,18,SKIP,9,Messerstich,5746,l,58,58,3,0,3,,0,5783,37,neuer angriff Messerstich,6,2,A+13:-8
fern_a_sf9,18,SKIP,9,Messerstich,5783,l,58,58,3,0,3,,0,5808,25,0x282f4,6,4,A+13:-8
fern_a_sf9,18,SKIP,9,Messerwurf,5867,l,116,116,5,0,1,,0,5909,42,0x282f4,6,10,A+10:-10U
fern_a_sf20,18,SKIP,20,Messerwurf,899,l,142,142,-3,0,1,,0,941,42,0x282f4,6,10,A+16:-12U
fern_a_sf20,18,SKIP,20,Messerwurf,1146,l,141,141,-1,0,1,,0,1188,42,0x282f4,6,10,A+16:-12U
fern_a_sf20,18,SKIP,20,Messerstich,1349,l,57,57,4,0,1,,0,1386,37,neuer angriff Messerstich,6,2,A+13:-9
fern_a_sf20,18,SKIP,20,Messerstich,1386,l,57,57,4,0,3,,0,1411,25,0x282f4,6,2,A+13:-9
fern_a_sf20,18,SKIP,20,Messerwurf,1557,l,115,115,5,0,1,,0,1599,42,0x282f4,6,10,A+10:-12U
fern_a_sf20,18,SKIP,20,Ausfallstich,1890,l,71,71,-3,0,1,,0,1924,34,0x282f4,6,8,A+14:-12U
fern_a_sf20,18,SKIP,20,Messerwurf,2190,l,141,141,-5,0,1,,0,2232,42,0x282f4,6,10,A+16:-12U
fern_a_sf20,18,SKIP,20,Messerstich,2465,l,72,72,-4,0,1,,0,2502,37,neuer angriff Messerstich,6,2,A+13:-9
fern_a_sf20,18,SKIP,20,Messerstich,2502,l,72,72,-4,0,3,,0,2539,37,neuer angriff Ausfallstich,6,2,A+13:-9
fern_a_sf20,18,SKIP,20,Ausfallstich,2539,l,72,72,-4,0,3,,0,2573,34,0x282f4,6,8,A+14:-12U
fern_a_sf20,18,SKIP,20,Messerstich,2888,l,72,72,3,0,1,,0,2913,25,0x282f4,6,2,A+13:-9
fern_a_sf20,18,SKIP,20,Messerstich,2937,l,57,57,2,0,1,,0,2974,37,neuer angriff Messerstich,6,2,A+13:-9
fern_a_sf20,18,SKIP,20,Messerstich,2974,l,57,57,2,0,3,,0,3011,37,neuer angriff Messerstich,6,2,A+13:-9
fern_a_sf20,18,SKIP,20,Messerstich,3011,l,57,57,2,0,3,,0,3048,37,neuer angriff Messerstich,6,2,A+13:-9
fern_a_sf20,18,SKIP,20,Messerstich,3048,l,57,57,2,0,3,,0,3073,25,0x282f4,6,4,A+13:-9
fern_a_sf20,18,SKIP,20,Ausfallstich,3166,l,71,71,5,0,1,,0,3200,34,0x282f4,6,8,A+14:-12U
fern_a_sf20,18,SKIP,20,Messerstich,5938,l,57,57,-3,0,1,,0,5975,37,neuer angriff Messerstich,6,2,A+13:-9
fern_a_sf20,18,SKIP,20,Messerstich,5975,l,57,57,-3,0,3,,0,,25,laufende,6,2,A+13:-9
fern_a_sg9,18,SKIP,9,Ausfallstich,359,r,71,-71,-4,0,1,,0,393,34,0x282f4,6,8,A+14:-10U
fern_a_sg9,18,SKIP,9,Messerstich,553,r,57,-57,-4,0,1,,0,590,37,neuer angriff Messerstich,6,2,A+13:-8
fern_a_sg9,18,SKIP,9,Messerstich,590,r,57,-57,-4,0,3,,0,615,25,0x282f4,6,2,A+13:-8
fern_a_sg9,18,SKIP,9,Messerstich,706,r,70,-70,1,0,1,,0,731,25,0x282f4,6,2,
fern_a_sg9,18,SKIP,9,Messerstich,752,r,57,-57,1,0,1,,0,789,37,neuer angriff Messerstich,6,2,A+13:-8
fern_a_sg9,18,SKIP,9,Messerstich,789,r,57,-57,1,0,3,,0,826,37,neuer angriff Messerstich,6,2,A+13:-8
fern_a_sg9,18,SKIP,9,Messerstich,826,r,57,-57,1,0,3,,0,851,25,0x282f4,6,2,
fern_a_sg9,18,SKIP,9,Messerstich,1179,l,71,71,-1,0,2,,0,1204,25,0x282f4,6,2,
fern_a_sg9,18,SKIP,9,Messerwurf,1457,l,141,141,-4,0,1,,0,1499,42,0x282f4,6,10,A+16:-10U
fern_a_sg9,18,SKIP,9,Ausfallstich,1846,l,60,60,3,22,2,,0,1880,34,0x282f4,6,8,
fern_a_sg9,18,SKIP,9,Messerstich,2413,l,57,57,-4,0,1,,0,2450,37,neuer angriff Messerstich,6,2,A+13:-8
fern_a_sg9,18,SKIP,9,Messerstich,2450,l,57,57,-4,0,3,,0,2475,25,0x282f4,6,2,
fern_a_sg9,18,SKIP,9,Ausfallstich,3070,r,70,-70,2,0,1,,0,3104,34,0x284d8,6,6,
fern_a_sg9,18,SKIP,9,Messerstich,3245,r,71,-71,0,0,3,,0,3282,37,neuer angriff Messerstich,6,2,A+14:-8
fern_a_sg9,18,SKIP,9,Messerstich,3282,r,71,-71,0,0,3,,0,3319,37,neuer angriff Messerstich,6,2,A+13:-8
fern_a_sg9,18,SKIP,9,Messerstich,3319,r,71,-71,0,0,3,,0,3344,25,0x282f4,6,2,
fern_a_sg9,18,SKIP,9,Messerstich,3689,r,56,-56,-4,0,1,,0,3714,25,0x282f4,6,2,A+13:-8
fern_a_sg9,18,SKIP,9,Messerwurf,4708,r,156,-156,-9,0,3,,0,4750,42,0x282f4,6,10,A+20:-10U
fern_a_sg9,18,SKIP,9,Messerstich,5049,r,70,-70,-3,0,3,,0,5074,25,0x282f4,6,2,A+13:-8
fern_a_sg9,18,SKIP,9,Messerstich,5097,r,58,-58,-2,0,1,,0,5134,37,neuer angriff Messerstich,6,2,A+13:-8
fern_a_sg9,18,SKIP,9,Messerstich,5134,r,58,-58,-2,0,3,,0,5171,37,neuer angriff Messerstich,6,2,A+13:-8
fern_a_sg9,18,SKIP,9,Messerstich,5171,r,58,-58,-2,0,3,,0,5196,25,0x282f4,6,2,
fern_a_sg9,18,SKIP,9,Messerstich,5417,r,57,-57,-3,0,1,,0,5454,37,neuer angriff Messerstich,6,2,A+13:-8
fern_a_sg9,18,SKIP,9,Messerstich,5454,r,57,-57,-3,0,3,,0,5479,25,0x282f4,6,2,
fern_a_sg9,18,SKIP,9,Messerstich,5523,r,56,-56,-2,0,1,,0,5548,25,0x282f4,6,2,
fern_a_sg9,18,SKIP,9,Ausfallstich,5731,l,71,71,2,0,1,,0,5765,34,0x284d8,6,6,A+14:-10U
fern_a_st9,18,SKIP,9,Messerstich,109,l,57,57,-4,0,1,,0,146,37,neuer angriff Messerstich,6,2,A+13:-8
fern_a_st9,18,SKIP,9,Messerstich,146,l,57,57,-4,0,3,,0,171,25,0x282f4,6,2,A+13:-8
fern_a_st9,18,SKIP,9,Ausfallstich,405,l,50,50,3,0,1,,0,439,34,0x282f4,6,8,
fern_a_st9,18,SKIP,9,Messerstich,459,l,57,57,4,0,1,,0,496,37,neuer angriff Messerstich,6,2,A+13:-8
fern_a_st9,18,SKIP,9,Messerstich,496,l,57,57,4,0,3,,0,521,25,0x282f4,6,2,A+13:-8
fern_a_st9,18,SKIP,9,Ausfallstich,624,l,70,70,8,0,1,,0,658,34,0x282f4,6,8,A+14:-10U
fern_a_st9,18,SKIP,9,Messerwurf,1043,l,146,146,-7,0,1,,0,1085,42,0x282f4,6,10,A+17:-10U
fern_a_st9,18,SKIP,9,Messerstich,1496,l,71,71,-3,0,1,,0,1533,37,neuer angriff Messerstich,6,2,A+13:-8
fern_a_st9,18,SKIP,9,Messerstich,1533,l,71,71,-3,0,3,,0,1570,37,neuer angriff Messerstich,6,2,A+13:-8
fern_a_st9,18,SKIP,9,Messerstich,1570,l,71,71,-3,0,3,,0,1607,37,neuer angriff Messerstich,6,2,A+13:-8
fern_a_st9,18,SKIP,9,Messerstich,1607,l,71,71,-3,0,3,,0,1632,25,0x282f4,6,4,
fern_a_st9,18,SKIP,9,Messerstich,1703,l,72,72,5,0,1,,0,1740,37,neuer angriff Messerstich,6,2,A+13:-8
fern_a_st9,18,SKIP,9,Messerstich,1740,l,72,72,5,0,3,,0,1777,37,neuer angriff Ausfallstich,6,2,A+13:-8
fern_a_st9,18,SKIP,9,Ausfallstich,1777,l,72,72,5,0,3,,0,1811,34,0x282f4,6,8,A+14:-10U
fern_a_st9,18,SKIP,9,Messerstich,1986,l,71,71,5,0,1,,0,2023,37,neuer angriff Messerstich,6,2,A+13:-8
fern_a_st9,18,SKIP,9,Messerstich,2023,l,71,71,5,0,3,,0,2060,37,neuer angriff Messerstich,6,2,A+13:-8
fern_a_st9,18,SKIP,9,Messerstich,2060,l,71,71,5,0,3,,0,2097,37,neuer angriff Messerstich,6,2,A+13:-8
fern_a_st9,18,SKIP,9,Messerstich,2097,l,71,71,5,0,3,,0,2122,25,0x282f4,6,4,A+13:-8
fern_a_st9,18,SKIP,9,Messerwurf,2440,l,154,154,1,0,1,,0,2482,42,0x284d8,6,10,A+19:-10U
fern_a_st9,18,SKIP,9,Messerstich,3219,l,71,71,-4,0,1,,0,3256,37,neuer angriff Messerstich,6,2,A+13:-8
fern_a_st9,18,SKIP,9,Messerstich,3256,l,71,71,-5,0,3,,0,3293,37,neuer angriff Messerstich,6,2,A+13:-8
fern_a_st9,18,SKIP,9,Messerstich,3293,l,71,71,-5,0,3,,0,3330,37,neuer angriff Messerstich,6,2,A+13:-8
fern_a_st9,18,SKIP,9,Messerstich,3330,l,71,71,-5,0,3,,0,3355,25,0x282f4,6,4,A+13:-8
fern_a_st9,18,SKIP,9,Ausfallstich,3418,l,71,71,-5,0,1,,0,3452,34,0x284d8,6,8,A+14:-10U
fern_a_st9,18,SKIP,9,Messerstich,3644,l,70,70,8,0,1,,0,3681,37,neuer angriff Messerstich,6,2,A+13:-8
fern_a_st9,18,SKIP,9,Messerstich,3681,l,70,70,8,0,3,,0,3706,25,0x282f4,6,2,A+13:-8
fern_a_st9,18,SKIP,9,Messerstich,4596,l,71,71,3,0,1,,0,4607,11,zustand 2,6,2,
fern_a_st9,18,SKIP,9,Messerstich,4703,l,58,58,0,0,1,,0,4740,37,neuer angriff Messerstich,6,2,A+13:-8
fern_a_st9,18,SKIP,9,Messerstich,4740,l,58,58,0,0,3,,0,4777,37,neuer angriff Ausfallstich,6,2,A+13:-8
fern_a_st9,18,SKIP,9,Ausfallstich,4777,l,58,58,0,0,3,,0,4811,34,0x284d8,6,8,A+14:-10U
fern_a_st9,18,SKIP,9,Messerwurf,5219,l,141,141,15,0,1,,0,5261,42,0x282f4,6,10,
fern_a_st9,18,SKIP,9,Messerstich,5349,l,72,72,4,0,1,,0,5386,37,neuer angriff Messerstich,6,2,A+13:-8
fern_a_st9,18,SKIP,9,Messerstich,5386,l,72,72,4,0,3,,0,5423,37,neuer angriff Ausfallstich,6,2,A+13:-8
fern_a_st9,18,SKIP,9,Ausfallstich,5423,l,72,72,4,0,3,,0,5457,34,0x282f4,6,8,A+14:-10U
fern_a_p9,18,DICK,9,Haltung,491,r,70,-70,34,0,1,,0,581,90,0x67806,2,0,
fern_a_p9,18,DICK,9,Haltung,661,l,66,66,27,0,1,,0,721,60,0x67806,2,0,
fern_a_p9,18,DICK,9,Haltung,801,r,26,-26,8,0,1,,0,843,42,0x67760,2,0,
fern_a_p9,18,DICK,9,Haltung,971,l,28,28,-8,0,1,,0,1031,60,0x67806,2,0,
fern_a_p9,18,DICK,9,Haltung,1071,l,93,93,0,0,1,,0,1113,42,0x67760,2,0,
fern_a_p9,18,DICK,9,Haltung,1241,r,21,-21,18,0,1,,0,1331,90,0x67806,2,0,
fern_a_p9,18,DICK,9,Haltung,1371,r,12,-12,0,0,1,,0,1445,74,0x67760,2,0,
fern_a_p9,18,DICK,9,Haltung,1541,l,123,123,5,0,1,,0,1583,42,0x67760,2,0,
fern_a_p9,18,DICK,9,Haltung,1641,l,76,76,16,0,1,,0,1715,74,0x67760,2,0,
fern_a_p9,18,DICK,9,Haltung,1811,r,2,-2,-8,0,1,,0,1853,42,0x67760,2,0,
fern_a_p9,18,DICK,9,Haltung,1941,l,62,62,5,0,1,,0,2031,90,0x67806,2,0,
fern_a_p9,18,DICK,9,Haltung,2111,l,18,18,24,0,1,,0,2171,60,0x67806,2,0,
fern_a_p9,18,DICK,9,Haltung,2251,r,108,-108,18,0,1,,0,2281,30,0x67806,2,0,
fern_a_p9,18,DICK,9,Haltung,2698,l,9,9,-22,0,1,,0,2788,90,0x67806,2,0,
fern_a_p9,18,DICK,9,Haltung,2868,r,37,-37,8,0,1,,0,2958,90,0x67806,2,0,
fern_a_p9,18,DICK,9,Haltung,2998,r,100,-100,15,0,1,,0,3118,120,0x67806,2,0,
fern_a_p9,18,DICK,9,Haltung,3158,r,65,-65,-3,0,1,,0,3218,60,0x67806,2,0,
fern_a_p9,18,DICK,9,Haltung,3258,r,-2,2,-10,0,1,,0,3300,42,0x67760,2,0,
fern_a_p9,18,DICK,9,Haltung,3532,l,10,10,34,0,1,,0,3574,42,0x67760,2,0,
fern_a_p9,18,DICK,9,Haltung,3702,r,113,-113,5,0,1,,0,3762,60,0x67806,2,0,
fern_a_p9,18,DICK,9,Pistole,3794,r,120,-120,5,0,1,0 17 34 51,4,3862,68,0x67806,6,4,A+16:-5 A+33:-5U
fern_a_p9,18,DICK,9,Haltung,3902,r,197,-197,-4,0,2,,0,3992,90,0x67806,2,4,
fern_a_p9,18,DICK,9,Haltung,4072,r,59,-59,-5,0,1,,0,4132,60,0x67806,2,4,
fern_a_p9,18,DICK,9,Haltung,4212,l,76,76,-18,0,1,,0,4242,30,0x67806,2,4,
fern_a_p9,18,DICK,9,Haltung,4322,l,-1,-1,7,0,1,,0,4382,60,0x67806,2,4,
fern_a_p9,18,DICK,9,Pistole,4466,r,112,-112,4,0,1,0 17 34 51,4,4534,68,0x67806,6,4,A+14:-5 A+31:-5U
fern_a_p9,18,DICK,9,Haltung,4574,r,192,-192,-10,0,2,,0,4616,42,0x67760,2,4,
fern_a_p9,18,DICK,9,Haltung,4844,l,10,10,-22,0,1,,0,4918,74,0x67760,2,4,
fern_a_p9,18,DICK,9,Haltung,5014,r,12,-12,-22,0,1,,0,5074,60,0x67806,2,0,
fern_a_p9,18,DICK,9,Haltung,5283,r,117,-117,2,0,1,,0,5325,42,0x67760,2,0,
fern_a_p9,18,DICK,9,Pistole,5409,r,121,-121,-6,0,1,0 17 34 51 68,5,5494,85,0x67806,6,4,A+15:-5 A+32:-5U
fern_a_p9,18,DICK,9,Haltung,5534,r,81,-81,-1,0,2,,0,5564,30,0x67806,2,4,
fern_a_p9,18,DICK,9,Haltung,5644,l,4,4,0,0,1,,0,5734,90,0x67806,2,4,
fern_a_p9,18,DICK,9,Haltung,5774,r,56,-56,12,0,1,,0,5864,90,0x67806,2,4,
fern_a_p9,18,DICK,9,Haltung,5999,r,89,-89,38,0,1,,0,,1,laufende,2,4,
fern_a_p20,18,DICK,20,Pistole,222,r,120,-120,3,0,1,0 17 34 51,4,290,68,0x67806,6,4,A+16:-6 A+33:-6U
fern_a_p20,18,DICK,20,Pistole,403,r,127,-127,-6,0,3,0 17 34 51,4,471,68,0x67806,6,4,A+16:-6 A+33:-6U
fern_a_p20,18,DICK,20,Haltung,511,r,205,-205,3,0,2,,0,553,42,0x67760,2,4,
fern_a_p20,18,DICK,20,Haltung,681,r,70,-70,7,0,1,,0,723,42,0x67760,2,4,
fern_a_p20,18,DICK,20,Pistole,794,r,120,-120,4,0,1,0 17 34,3,845,51,0x67806,6,4,A+15:-6 A+32:-6U
fern_a_p20,18,DICK,20,Haltung,925,r,21,-21,1,0,2,,0,1015,90,0x67806,2,4,
fern_a_p20,18,DICK,20,Haltung,1055,r,1,-1,11,0,1,,0,1115,60,0x67806,2,4,
fern_a_p20,18,DICK,20,Haltung,1195,r,118,-118,3,0,1,,0,1285,90,0x67806,2,4,
fern_a_p20,18,DICK,20,Pistole,1581,r,120,-120,2,0,1,0 17 34,3,1632,51,0x67806,6,4,A+15:-6 A+32:-6U
fern_a_p20,18,DICK,20,Haltung,1712,r,18,-18,-15,0,2,,0,1772,60,0x67806,2,4,
fern_a_p20,18,DICK,20,Haltung,1812,l,7,7,-7,0,1,,0,1854,42,0x67760,2,4,
fern_a_p20,18,DICK,20,Haltung,1982,r,1,-1,10,0,1,,0,2042,60,0x67806,2,4,
fern_a_p20,18,DICK,20,Haltung,2122,l,7,7,-9,0,1,,0,2196,74,0x67760,2,4,
fern_a_p20,18,DICK,20,Haltung,2292,r,12,-12,-22,0,1,,0,2366,74,0x67760,2,0,
fern_a_p20,18,DICK,20,Haltung,2422,r,74,-74,-13,0,1,,0,2452,30,0x67806,2,0,
fern_a_p20,18,DICK,20,Pistole,2483,r,120,-120,-3,0,1,0 17 34 51 68 85,6,2585,102,0x67806,6,4,A+15:-6 A+32:-6U
fern_a_p20,18,DICK,20,Pistole,2717,r,125,-125,5,0,1,0 17 34 51 68,5,2802,85,0x67806,6,4,A+15:-6 A+32:-6U
fern_a_p20,18,DICK,20,Haltung,2873,r,93,-93,10,0,3,,0,2903,30,0x67806,2,4,
fern_a_p20,18,DICK,20,Pistole,3161,r,121,-121,4,0,1,0 17 34 51,4,3229,68,0x67806,6,4,A+15:-6 A+32:-6U
fern_a_p20,18,DICK,20,Pistole,3361,r,121,-121,-6,0,1,0 17 34 51 68,5,3446,85,0x67806,6,4,A+15:-6 A+32:-6 A+49:-6U
fern_a_p20,18,DICK,20,Haltung,3486,r,63,-63,3,0,2,,0,3546,60,0x67806,2,4,
fern_a_p20,18,DICK,20,Haltung,3666,r,49,-49,-19,0,1,,0,3756,90,0x67806,2,0,
fern_a_p20,18,DICK,20,Pistole,3803,r,120,-120,-3,0,1,0 17 34,3,3854,51,0x67806,6,4,A+15:-6 A+32:-6U
fern_a_p20,18,DICK,20,Haltung,3894,r,94,-94,12,0,2,,0,3936,42,0x67760,2,4,
fern_a_p20,18,DICK,20,Haltung,4064,r,16,-16,-16,0,1,,0,4138,74,0x67760,2,4,
fern_a_p20,18,DICK,20,Pistole,4219,r,121,-121,-2,0,1,0 17 34,3,4270,51,0x67806,6,4,A+15:-6 A+32:-6U
fern_a_p20,18,DICK,20,Haltung,4310,r,92,-92,13,0,2,,0,4400,90,0x67806,2,4,
fern_a_p20,18,DICK,20,Haltung,4480,l,5,5,-1,0,1,,0,4570,90,0x67806,2,4,
fern_a_p20,18,DICK,20,Pistole,4666,r,112,-112,5,0,1,0 17 34 51 68,5,4751,85,0x67806,6,4,A+14:-6 A+31:-6U
fern_a_p20,18,DICK,20,Haltung,4791,r,54,-54,-4,0,2,,0,4851,60,0x67806,2,4,
fern_a_p20,18,DICK,20,Haltung,4931,r,7,-7,-22,0,1,,0,4961,30,0x67806,2,0,
fern_a_p20,18,DICK,20,Pistole,5046,r,121,-121,-2,0,1,0 17 34,3,5097,51,0x67806,6,4,A+15:-6 A+32:-6U
fern_a_p20,18,DICK,20,Haltung,5137,r,88,-88,12,0,2,,0,5179,42,0x67760,2,4,
fern_a_p20,18,DICK,20,Haltung,5307,l,7,7,-10,0,1,,0,5337,30,0x67806,2,4,
fern_a_p20,18,DICK,20,Pistole,5434,r,123,-123,-6,0,1,0 17 34 51 68,5,5519,85,0x67806,6,4,A+15:-6 A+32:-6U
fern_a_p20,18,DICK,20,Haltung,5559,r,73,-73,7,0,2,,0,5619,60,0x67806,2,4,
fern_a_p20,18,DICK,20,Haltung,5659,r,5,-5,7,0,1,,0,5749,90,0x67806,2,4,
fern_a_p20,18,DICK,20,Haltung,5869,r,105,-105,-8,0,1,,0,5929,60,0x67806,2,0,
fern_a_pf9,18,DICK,9,Haltung,491,r,70,-70,34,0,1,,0,581,90,0x67806,2,0,
fern_a_pf9,18,DICK,9,Haltung,661,l,66,66,27,0,1,,0,721,60,0x67806,2,0,
fern_a_pf9,18,DICK,9,Haltung,801,r,26,-26,8,0,1,,0,843,42,0x67760,2,0,
fern_a_pf9,18,DICK,9,Haltung,971,l,28,28,-8,0,1,,0,1031,60,0x67806,2,0,
fern_a_pf9,18,DICK,9,Haltung,1071,l,93,93,0,0,1,,0,1113,42,0x67760,2,0,
fern_a_pf9,18,DICK,9,Haltung,1241,r,21,-21,18,0,1,,0,1331,90,0x67806,2,0,
fern_a_pf9,18,DICK,9,Haltung,1371,r,12,-12,0,0,1,,0,1445,74,0x67760,2,0,
fern_a_pf9,18,DICK,9,Haltung,1541,l,123,123,5,0,1,,0,1583,42,0x67760,2,0,
fern_a_pf9,18,DICK,9,Haltung,1641,l,76,76,16,0,1,,0,1715,74,0x67760,2,0,
fern_a_pf9,18,DICK,9,Haltung,1811,r,2,-2,-8,0,1,,0,1853,42,0x67760,2,0,
fern_a_pf9,18,DICK,9,Haltung,1941,l,62,62,5,0,1,,0,2031,90,0x67806,2,0,
fern_a_pf9,18,DICK,9,Haltung,2111,l,18,18,24,0,1,,0,2171,60,0x67806,2,0,
fern_a_pf9,18,DICK,9,Haltung,2251,r,108,-108,18,0,1,,0,2281,30,0x67806,2,0,
fern_a_pf9,18,DICK,9,Haltung,2698,l,9,9,-22,0,1,,0,2788,90,0x67806,2,0,
fern_a_pf9,18,DICK,9,Haltung,2868,r,37,-37,8,0,1,,0,2958,90,0x67806,2,0,
fern_a_pf9,18,DICK,9,Haltung,2998,r,100,-100,15,0,1,,0,3118,120,0x67806,2,0,
fern_a_pf9,18,DICK,9,Haltung,3158,r,65,-65,-3,0,1,,0,3218,60,0x67806,2,0,
fern_a_pf9,18,DICK,9,Haltung,3258,r,-2,2,-10,0,1,,0,3300,42,0x67760,2,0,
fern_a_pf9,18,DICK,9,Haltung,3532,l,10,10,34,0,1,,0,3574,42,0x67760,2,0,
fern_a_pf9,18,DICK,9,Haltung,3702,r,113,-113,5,0,1,,0,3762,60,0x67806,2,0,
fern_a_pf9,18,DICK,9,Pistole,3794,r,120,-120,5,0,1,0 17 34 51 68,5,3879,85,0x67806,6,4,A+16:-5 A+33:-5U
fern_a_pf9,18,DICK,9,Haltung,3919,r,89,-89,11,0,2,,0,3949,30,0x67806,2,4,
fern_a_pf9,18,DICK,9,Pistole,4610,r,120,-120,5,0,1,0 17,2,4644,34,0x67806,6,4,A+15:-5 A+32:-5
fern_a_pf9,18,DICK,9,Pistole,5086,r,120,-120,-5,0,1,0 17 34 51 68,5,5171,85,0x67806,6,4,A+15:-5 A+32:-5U
fern_a_pf9,18,DICK,9,Pistole,5333,r,120,-120,5,0,1,0 17 34 51,4,5401,68,0x67806,6,4,A+15:-5 A+32:-5U
fern_a_pf9,18,DICK,9,Haltung,5532,r,88,-88,10,0,1,,0,5592,60,0x67806,2,4,
fern_a_pg9,18,DICK,9,Haltung,712,r,103,-103,-18,0,1,,0,754,42,0x67760,2,0,
fern_a_pg9,18,DICK,9,Haltung,923,r,20,-20,-22,0,1,,0,1013,90,0x67806,2,0,
fern_a_pg9,18,DICK,9,Haltung,1053,l,72,72,-22,0,1,,0,1095,42,0x67760,2,0,
fern_a_pg9,18,DICK,9,Haltung,1183,l,73,73,-18,0,1,,0,1225,42,0x67760,2,0,
fern_a_pg9,18,DICK,9,Haltung,1463,l,39,39,16,0,1,,0,1523,60,0x67806,2,0,
fern_a_pg9,18,DICK,9,Haltung,1932,r,0,0,-10,0,1,,0,1951,19,zustand 2,2,4,
fern_a_pg9,18,DICK,9,Haltung,2063,r,5,-5,14,0,1,,0,2093,30,0x67806,2,0,
fern_a_pg9,18,DICK,9,Haltung,2215,l,12,12,-15,0,1,,0,2275,60,0x67806,2,0,
fern_a_pg9,18,DICK,9,Haltung,2355,l,78,78,-4,0,1,,0,2385,30,0x67806,2,0,
fern_a_pg9,18,DICK,9,Haltung,2465,l,62,62,-22,0,1,,0,2525,60,0x67806,2,0,
fern_a_pg9,18,DICK,9,Haltung,2605,r,24,-24,-1,0,1,,0,2695,90,0x67806,2,0,
fern_a_pg9,18,DICK,9,Haltung,2853,l,108,108,-22,0,1,,0,2927,74,0x67760,2,0,
fern_a_pg9,18,DICK,9,Haltung,3114,l,184,184,-4,0,1,,0,3156,42,0x67760,2,0,
fern_a_pg9,18,DICK,9,Pistole,3282,l,126,126,4,0,1,0 17 34 51,4,3350,68,0x67806,6,4,A+15:-5 A+32:-5U
fern_a_pg9,18,DICK,9,Haltung,3430,l,143,143,16,0,2,,0,3504,74,0x67760,2,4,
fern_a_pg9,18,DICK,9,Haltung,3560,l,98,98,28,0,1,,0,3590,30,0x67806,2,4,
fern_a_pg9,18,DICK,9,Haltung,3670,l,50,50,5,0,1,,0,3730,60,0x67806,2,4,
fern_a_pg9,18,DICK,9,Pistole,3929,l,134,134,4,0,1,0 17 34 51 68,5,4014,85,0x67806,6,4,A+17:-5 A+34:-5 A+51:-5U
fern_a_pg9,18,DICK,9,Haltung,4054,l,67,67,2,0,2,,0,4114,60,0x67806,2,4,
fern_a_pg9,18,DICK,9,Pistole,4327,l,113,113,5,0,1,0 17 34 51 68,5,4412,85,0x67806,6,4,A+15:-5 A+32:-5 A+49:-5U
fern_a_pg9,18,DICK,9,Haltung,4740,r,33,-33,-7,0,1,,0,4770,30,0x67806,2,4,
fern_a_pg9,18,DICK,9,Haltung,4810,l,68,68,5,0,1,,0,4870,60,0x67806,2,4,
fern_a_pg9,18,DICK,9,Pistole,5201,l,135,135,-1,0,1,0 17 34 51,4,5269,68,0x67806,6,4,A+17:-5 A+34:-5 A+51:-5U
fern_a_pg9,18,DICK,9,Pistole,5438,l,119,119,-6,0,1,0 17 34 51,4,5506,68,0x67806,6,4,A+15:-5 A+32:-5 A+49:-5U
fern_a_pg9,18,DICK,9,Haltung,5546,l,62,62,6,0,2,,0,5588,42,0x67760,2,4,
fern_a_pg9,18,DICK,9,Haltung,5829,l,38,38,-8,0,1,,0,5858,29,zustand 2,2,4,
fern_a_pg9,18,DICK,9,Haltung,5970,r,7,-7,-14,0,1,,0,,30,laufende,2,0,
fern_a_r9,13,DICK,9,Haltung,174,r,73,-73,31,0,1,,0,234,60,0x67806,2,0,
fern_a_r9,13,DICK,9,Haltung,314,l,48,48,-1,0,1,,0,344,30,0x67806,2,0,
fern_a_r9,13,DICK,9,Rakete,473,r,121,-121,1,0,1,0,1,490,17,0x67806,6,4,A+27:-13U
fern_a_r9,13,DICK,9,Haltung,610,r,122,-122,11,0,2,,0,700,90,0x67806,2,4,
fern_a_r9,13,DICK,9,Rakete,809,r,128,-128,5,0,1,0,1,826,17,0x67806,6,4,A+27:-13U
fern_a_r9,13,DICK,9,Haltung,906,r,157,-157,20,0,2,,0,966,60,0x67806,2,4,
fern_a_r9,13,DICK,9,Haltung,1224,l,-1,-1,-4,0,1,,0,1314,90,0x67806,2,0,
fern_a_r9,13,DICK,9,Haltung,1394,r,103,-103,-6,0,1,,0,1454,60,0x67806,2,0,
fern_a_r9,13,DICK,9,Rakete,1467,r,120,-120,-2,0,1,0,1,1484,17,0x67806,6,4,A+27:-13U
fern_a_r9,13,DICK,9,Haltung,1617,r,59,-59,22,0,2,,0,1647,30,0x67806,2,4,
fern_a_r9,13,DICK,9,Haltung,1727,l,7,7,-13,0,1,,0,1769,42,0x677ce,2,0,
fern_a_r9,13,DICK,9,Haltung,1867,r,23,-23,-22,0,1,,0,1897,30,0x67806,2,0,
fern_a_r9,13,DICK,9,Rakete,2163,r,126,-126,-5,0,1,0,1,2180,17,0x67806,6,4,A+25:-13U
fern_a_r9,13,DICK,9,Haltung,2408,r,7,-7,21,0,1,,0,2498,90,0x67806,2,0,
fern_a_r9,13,DICK,9,Haltung,2578,l,0,0,-22,0,1,,0,2638,60,0x67806,2,0,
fern_a_r9,13,DICK,9,Haltung,2718,r,88,-88,-10,0,1,,0,2748,30,0x67806,2,0,
fern_a_r9,13,DICK,9,Rakete,2851,r,127,-127,-5,0,1,0,1,2868,17,0x67806,6,4,A+25:-13U
fern_a_r9,13,DICK,9,Rakete,3137,r,136,-136,-6,0,1,0,1,3154,17,0x67806,6,4,A+27:-13U
fern_a_r9,13,DICK,9,Haltung,3338,r,59,-59,22,0,3,,0,3412,74,0x677ce,2,4,
fern_a_r9,13,DICK,9,Haltung,3508,l,7,7,-13,0,1,,0,3568,60,0x67806,2,0,
fern_a_r9,13,DICK,9,Haltung,3648,r,23,-23,-22,0,1,,0,3738,90,0x67806,2,0,
fern_a_r9,13,DICK,9,Rakete,3832,r,121,-121,5,0,1,0,1,3849,17,0x67806,6,4,A+23:-13U
fern_a_r9,13,DICK,9,Haltung,4037,r,93,-93,-6,0,3,,0,4157,120,0x67806,2,4,
fern_a_r9,13,DICK,9,Rakete,4255,r,128,-128,-6,0,1,0,1,4272,17,0x67806,6,4,A+26:-13U
fern_a_r9,13,DICK,9,Rakete,4582,r,120,-120,-2,0,1,0,1,4599,17,0x67806,6,4,A+24:-13U
fern_a_r9,13,DICK,9,Haltung,4639,r,111,-111,-20,44,2,,0,4699,60,0x67806,2,4,
fern_a_r9,13,DICK,9,Haltung,4739,r,43,-43,-20,0,2,,0,4829,90,0x67806,2,4,
fern_a_r9,13,DICK,9,Haltung,4869,l,7,7,-17,0,1,,0,4929,60,0x67806,2,4,
fern_a_r9,13,DICK,9,Haltung,4969,l,7,7,-10,0,1,,0,5059,90,0x67806,2,4,
fern_a_r9,13,DICK,9,Haltung,5139,r,37,-37,-21,0,1,,0,5199,60,0x67806,2,0,
fern_a_r9,13,DICK,9,Haltung,5676,r,59,-59,22,0,1,,0,5718,42,0x677ce,2,0,
fern_a_r9,13,DICK,9,Haltung,5846,l,7,7,-13,0,1,,0,5888,42,0x677ce,2,0,
fern_a_r9,13,DICK,9,Haltung,5986,r,25,-25,-22,0,1,,0,,14,laufende,2,0,
fern_a_r20,10,DICK,20,Haltung,250,r,17,-17,-2,0,1,,0,280,30,0x67806,2,0,
fern_a_r20,10,DICK,20,Rakete,391,r,121,-121,-2,0,1,0,1,408,17,0x67806,6,4,A+27:-14U
fern_a_r20,10,DICK,20,Rakete,648,r,113,-113,5,0,1,0,1,665,17,0x67806,6,4,A+27:-14U
fern_a_r20,10,DICK,20,Haltung,846,r,154,-154,-22,0,3,,0,876,30,0x67806,2,4,
fern_a_r20,10,DICK,20,Rakete,909,r,127,-127,-6,0,1,0,1,926,17,0x67806,6,4,A+27:-14U
fern_a_r20,10,DICK,20,Rakete,928,r,127,-127,-6,0,1,0,1,945,17,0x67806,6,4,A+8:-14U
fern_a_r20,10,DICK,20,Haltung,1105,r,104,-104,6,0,3,,0,1225,120,0x67806,2,4,
fern_a_r20,10,DICK,20,Rakete,1237,r,120,-120,2,0,1,0,1,1254,17,0x67806,6,4,A+23:-14U
fern_a_r20,10,DICK,20,Haltung,1334,r,26,-26,-6,0,2,,0,1424,90,0x67806,2,4,
fern_a_r20,10,DICK,20,Haltung,1464,l,1,1,-7,0,1,,0,1538,74,0x677ce,2,0,
fern_a_r20,10,DICK,20,Haltung,1594,r,12,-12,-22,0,2,,0,1654,60,0x67806,2,0,
fern_a_r20,10,DICK,20,Haltung,1694,r,70,-70,-14,0,1,,0,1784,90,0x67806,2,0,
fern_a_r20,10,DICK,20,Rakete,1817,r,120,-120,-3,0,1,0,1,1834,17,0x67806,6,4,A+24:-14U
fern_a_r20,10,DICK,20,Haltung,1914,r,24,-24,10,0,2,,0,2004,90,0x67806,2,4,
fern_a_r20,10,DICK,20,Haltung,2084,r,18,-18,-22,0,1,,0,2174,90,0x67806,2,0,
fern_a_r20,10,DICK,20,Haltung,2214,r,79,-79,-13,0,1,,0,2334,120,0x67806,2,0,
fern_a_r20,10,DICK,20,Rakete,2362,r,120,-120,-3,0,1,0,1,2379,17,0x67806,6,4,A+24:-14U
fern_a_r20,10,DICK,20,Haltung,2619,l,7,7,-22,1,2,,0,2709,90,0x67806,2,4,
fern_a_r20,10,DICK,20,Haltung,2749,r,4,-4,-22,0,2,,0,2839,90,0x67806,2,0,
fern_a_r20,10,DICK,20,Haltung,2879,r,40,-40,-20,0,1,,0,2999,120,0x67806,2,0,
fern_a_r20,10,DICK,20,Rakete,3051,r,120,-120,-3,0,1,0,1,3068,17,0x67806,6,4,A+24:-14U
fern_a_r20,10,DICK,20,Haltung,3108,r,88,-88,12,44,2,,0,3168,60,0x67806,2,4,
fern_a_r20,10,DICK,20,Rakete,3424,r,124,-124,4,0,1,0,1,3441,17,0x67806,6,4,A+24:-14U
fern_a_r20,10,DICK,20,Rakete,3443,r,124,-124,4,0,1,0,1,3460,17,0x67806,6,4,A+5:-14U
fern_a_r20,10,DICK,20,Haltung,3500,r,66,-66,-8,1,2,,0,3560,60,0x67806,2,4,
fern_a_r20,10,DICK,20,Haltung,3640,r,1,-1,-22,0,3,,0,3700,60,0x67806,2,0,
fern_a_r20,10,DICK,20,Haltung,3780,r,92,-92,-9,0,2,,0,3870,90,0x67806,2,0,
fern_a_r20,10,DICK,20,Rakete,3957,r,123,-123,5,0,1,0,1,3974,17,0x67806,6,4,A+24:-14U
fern_a_r20,10,DICK,20,Rakete,3976,r,123,-123,5,0,1,0,1,3993,17,0x67806,6,4,A+5:-14U
fern_a_r20,10,DICK,20,Haltung,4033,r,66,-66,-7,2,2,,0,4075,42,0x677ce,2,4,
fern_a_r20,10,DICK,20,Haltung,4173,l,2,2,-22,0,3,,0,4233,60,0x67806,2,0,
fern_a_r20,10,DICK,20,Haltung,4273,r,15,-15,-22,0,1,,0,4347,74,0x677ce,2,0,
fern_a_r20,10,DICK,20,Haltung,4707,r,102,-102,6,0,1,,0,4797,90,0x67806,2,0,
fern_a_r20,10,DICK,20,Rakete,4845,r,126,-126,-6,0,1,0,1,4862,17,0x67806,6,4,A+25:-14U
fern_a_r20,10,DICK,20,Haltung,5401,r,155,-155,15,0,1,,0,5461,60,0x67806,2,0,
fern_a_r20,10,DICK,20,Rakete,5480,r,136,-136,4,0,1,0,1,5497,17,0x67806,6,4,A+26:-14U
fern_a_r20,10,DICK,20,Haltung,5537,r,70,-70,0,47,2,,0,5579,42,0x677ce,2,4,
fern_a_r20,10,DICK,20,Haltung,5757,r,104,-104,-7,0,1,,0,5847,90,0x67806,2,0,
fern_a_r20,13,DICK,20,Haltung,174,r,73,-73,31,0,1,,0,248,74,0x677ce,2,0,
fern_a_r20,13,DICK,20,Haltung,344,l,48,48,-1,0,1,,0,404,60,0x67806,2,0,
fern_a_r20,13,DICK,20,Haltung,444,r,30,-30,-16,50,2,,0,504,60,0x67806,2,0,
fern_a_r20,13,DICK,20,Haltung,809,r,209,-209,0,0,2,,0,899,90,0x67806,2,0,
fern_a_r20,13,DICK,20,Haltung,939,r,148,-148,-15,1,2,,0,1029,90,0x67806,2,0,
fern_a_r20,13,DICK,20,Haltung,1190,r,54,-54,-14,0,1,,0,1232,42,0x677ce,2,0,
fern_a_r20,13,DICK,20,Rakete,1441,r,124,-124,5,0,3,0,1,1458,17,0x67806,6,4,A+24:-14U
fern_a_r20,13,DICK,20,Haltung,1498,r,66,-66,-4,44,2,,0,1540,42,0x677ce,2,4,
fern_a_r20,13,DICK,20,Haltung,1628,r,-2,2,-4,0,2,,0,1702,74,0x677ce,2,4,
fern_a_r20,13,DICK,20,Haltung,2005,r,61,-61,24,0,2,,0,2125,120,0x67806,2,0,
fern_a_r20,13,DICK,20,Haltung,2205,l,6,6,-11,0,1,,0,2279,74,0x677ce,2,0,
fern_a_r20,13,DICK,20,Haltung,2335,l,2,2,-22,0,1,,0,2395,60,0x67806,2,0,
fern_a_r20,13,DICK,20,Haltung,2435,r,17,-17,-22,2,2,,0,2477,42,0x677ce,2,0,
fern_a_r20,13,DICK,20,Haltung,2535,r,80,-80,-12,0,2,,0,2565,30,0x67806,2,0,
fern_a_r20,13,DICK,20,Rakete,2592,r,120,-120,-3,0,1,0,1,2609,17,0x67806,6,4,A+24:-14U
fern_a_r20,13,DICK,20,Haltung,2649,r,94,-94,14,44,2,,0,2723,74,0x677ce,2,4,
fern_a_r20,13,DICK,20,Haltung,2809,r,26,-26,10,0,3,,0,2899,90,0x67806,2,4,
fern_a_r20,13,DICK,20,Haltung,2939,l,0,0,-6,0,1,,0,2999,60,0x67806,2,4,
fern_a_r20,13,DICK,20,Haltung,3039,r,65,-65,-15,0,1,,0,3081,42,0x677ce,2,4,
fern_a_r20,13,DICK,20,Haltung,3170,r,126,-126,-22,0,2,,0,3200,30,0x67806,2,4,
fern_a_r20,13,DICK,20,Haltung,3240,r,54,-54,-22,0,3,,0,3314,74,0x677ce,2,4,
fern_a_r20,13,DICK,20,Haltung,3370,l,5,5,-22,0,1,,0,3430,60,0x67806,2,0,
fern_a_r20,13,DICK,20,Rakete,3674,r,127,-127,-6,0,1,0,1,3691,17,0x67806,6,4,A+25:-14U
fern_a_r20,13,DICK,20,Haltung,3771,r,3,-3,14,0,2,,0,3831,60,0x67806,2,4,
fern_a_r20,13,DICK,20,Haltung,3871,l,6,6,-9,0,3,,0,3991,120,0x67806,2,0,
fern_a_r20,13,DICK,20,Rakete,4277,r,127,-127,-5,0,1,0,1,4294,17,0x67806,6,4,A+25:-14U
fern_a_r20,13,DICK,20,Haltung,4334,r,70,-70,7,46,2,,0,4424,90,0x67806,2,4,
fern_a_r20,13,DICK,20,Haltung,4464,r,3,-3,14,0,2,,0,4554,90,0x67806,2,4,
fern_a_r20,13,DICK,20,Haltung,4594,l,6,6,-8,0,1,,0,4714,120,0x67806,2,0,
fern_a_r20,13,DICK,20,Haltung,4794,r,15,-15,-22,0,1,,0,4836,42,0x677ce,2,0,
fern_a_r20,13,DICK,20,Haltung,4924,r,78,-78,-12,0,2,,0,4998,74,0x677ce,2,0,
fern_a_r20,13,DICK,20,Rakete,5072,r,120,-120,-3,0,1,0,1,5089,17,0x67806,6,4,A+24:-14U
fern_a_r20,13,DICK,20,Haltung,5247,r,58,-58,23,0,2,,0,5337,90,0x67806,2,4,
fern_a_r20,13,DICK,20,Haltung,5537,r,90,-90,-9,47,2,,0,5627,90,0x67806,2,0,
fern_a_r20,13,DICK,20,Rakete,5819,r,128,-128,-5,0,1,0,1,5836,17,0x67806,6,4,A+26:-14U
fern_a_r20,13,DICK,20,Haltung,5916,r,2,-2,-7,0,2,,0,5946,30,0x67806,2,4,
fern_a_rf20,10,DICK,20,Haltung,250,r,17,-17,-2,0,1,,0,280,30,0x67806,2,0,
fern_a_rf20,10,DICK,20,Rakete,391,r,121,-121,-2,0,1,0,1,408,17,0x67806,6,4,A+27:-14U
fern_a_rf20,10,DICK,20,Haltung,528,l,8,8,-17,0,2,,0,618,90,0x67806,2,4,
fern_a_rf20,10,DICK,20,Haltung,658,r,59,-59,-13,0,1,,0,700,42,0x677ce,2,4,
fern_a_rf20,10,DICK,20,Rakete,788,r,121,-121,-2,0,1,0,1,805,17,0x67806,6,4,A+27:-14U
fern_a_rf20,10,DICK,20,Rakete,1223,l,113,113,-6,0,1,0,1,1240,17,0x67806,6,4,A+27:-14U
fern_a_rf20,10,DICK,20,Haltung,1451,l,17,17,27,0,1,,0,1493,42,0x677ce,2,4,
fern_a_rf20,10,DICK,20,Haltung,1581,r,73,-73,27,49,2,,0,1611,30,0x67806,2,4,
fern_a_rf20,10,DICK,20,Haltung,1691,r,28,-28,3,0,2,,0,1781,90,0x67806,2,4,
fern_a_rf20,10,DICK,20,Haltung,1941,r,109,-109,6,0,1,,0,2031,90,0x67806,2,4,
fern_a_rf20,10,DICK,20,Haltung,2111,l,67,67,3,0,1,,0,2201,90,0x67806,2,4,
fern_a_rf20,10,DICK,20,Haltung,2241,l,73,73,-20,0,1,,0,2361,120,0x67806,2,4,
fern_a_rf20,10,DICK,20,Haltung,2481,r,82,-82,3,0,3,,0,2523,42,0x677ce,2,4,
fern_a_rf20,10,DICK,20,Haltung,2681,l,84,84,26,0,2,,0,2711,30,0x67806,2,4,
fern_a_rf20,10,DICK,20,Haltung,2791,r,73,-73,28,0,1,,0,2881,90,0x67806,2,4,
fern_a_rf20,10,DICK,20,Haltung,3030,r,91,-91,8,0,1,,0,3072,42,0x677ce,2,4,
fern_a_rf20,10,DICK,20,Rakete,3536,r,125,-125,-6,0,1,0,1,3553,17,0x67806,6,4,A+27:-14U
fern_a_rf20,10,DICK,20,Haltung,3684,r,156,-156,-12,0,2,,0,3758,74,0x677ce,2,4,
fern_a_rf20,10,DICK,20,Rakete,3810,r,127,-127,-6,0,1,0,1,3827,17,0x67806,6,4,A+27:-14U
fern_a_rf20,10,DICK,20,Rakete,4179,r,112,-112,-6,0,1,0,1,4196,17,0x67806,6,4,A+27:-14U
fern_a_rf20,10,DICK,20,Haltung,4316,l,82,82,11,0,2,,0,4376,60,0x67806,2,4,
fern_a_rf20,10,DICK,20,Rakete,4523,l,134,134,5,0,1,0,1,4540,17,0x67806,6,4,A+27:-14U
fern_a_rf20,10,DICK,20,Rakete,4751,l,128,128,5,0,1,0,1,4768,17,0x67806,6,4,
fern_a_rf20,10,DICK,20,Haltung,4848,l,2,2,7,0,2,,0,4922,74,0x677ce,2,4,
fern_a_rf20,10,DICK,20,Haltung,5048,r,65,-65,-4,0,1,,0,5108,60,0x67806,2,4,
fern_a_rf20,10,DICK,20,Rakete,5354,l,135,135,5,0,1,0,1,5371,17,0x67806,6,4,A+27:-14U
fern_a_rf20,10,DICK,20,Haltung,5549,l,142,142,18,0,3,,0,5609,60,0x67806,2,4,
fern_a_rf20,10,DICK,20,Rakete,5634,l,128,128,5,0,1,0,1,5651,17,0x67806,6,4,A+27:-14U
fern_a_rf20,10,DICK,20,Rakete,5653,l,128,128,5,0,1,0,1,5670,17,0x67806,6,4,A+8:-14U
fern_a_rf20,10,DICK,20,Haltung,5710,l,73,73,-3,2,2,,0,5800,90,0x67806,2,4,
fern_a_rf20,10,DICK,20,Haltung,5840,l,2,2,-3,0,3,,0,5882,42,0x677ce,2,4,
fern_a_rf20,10,DICK,20,Haltung,5970,r,67,-67,-3,0,2,,0,,30,laufende,2,4,
fern_a_rf20,13,DICK,20,Haltung,174,r,73,-73,31,0,1,,0,248,74,0x677ce,2,0,
fern_a_rf20,13,DICK,20,Haltung,344,l,48,48,-1,0,1,,0,404,60,0x67806,2,0,
fern_a_rf20,13,DICK,20,Haltung,444,l,20,20,-16,50,2,,0,504,60,0x67806,2,0,
fern_a_rf20,13,DICK,20,Haltung,584,r,100,-100,-17,0,3,,0,674,90,0x67806,2,0,
fern_a_rf20,13,DICK,20,Haltung,714,r,39,-39,-22,0,1,,0,834,120,0x67806,2,0,
fern_a_rf20,13,DICK,20,Haltung,914,l,16,16,-6,0,2,,0,956,42,0x677ce,2,0,
fern_a_rf20,13,DICK,20,Haltung,1044,r,51,-51,-12,0,1,,0,1104,60,0x67806,2,0,
fern_a_rf20,13,DICK,20,Rakete,1527,r,121,-121,3,0,1,0,1,1544,17,0x67806,6,4,A+27:-14U
fern_a_rf20,13,DICK,20,Haltung,1744,r,71,-71,5,0,3,,0,1804,60,0x67806,2,4,
fern_a_rf20,13,DICK,20,Haltung,1844,r,52,-52,-13,0,1,,0,1934,90,0x67806,2,4,
fern_a_rf20,13,DICK,20,Haltung,2014,l,72,72,-3,0,1,,0,2104,90,0x67806,2,4,
fern_a_rf20,13,DICK,20,Rakete,2258,r,112,-112,5,0,1,0,1,2275,17,0x67806,6,4,A+27:-14U
fern_a_rf20,13,DICK,20,Haltung,2315,r,146,-146,11,48,2,,0,2389,74,0x677ce,2,4,
fern_a_rf20,13,DICK,20,Rakete,2551,r,121,-121,5,0,1,0,1,2568,17,0x67806,6,4,A+27:-14U
fern_a_rf20,13,DICK,20,Rakete,2770,r,122,-122,4,0,3,0,1,2787,17,0x67806,6,4,A+27:-14U
fern_a_rf20,13,DICK,20,Haltung,2827,r,92,-92,10,48,2,,0,2917,90,0x67806,2,4,
fern_a_rf20,13,DICK,20,Rakete,3084,r,122,-122,-6,0,1,0,1,3101,17,0x67806,6,4,A+27:-14U
fern_a_rf20,13,DICK,20,Rakete,3103,r,122,-122,-6,0,1,0,1,3120,17,0x67806,6,4,A+8:-14U
fern_a_rf20,13,DICK,20,Haltung,3361,r,113,-113,22,0,1,,0,3421,60,0x67806,2,4,
fern_a_rf20,13,DICK,20,Haltung,3461,r,62,-62,33,0,1,,0,3503,42,0x677ce,2,4,
fern_a_rf20,13,DICK,20,Haltung,3661,l,72,72,-18,0,2,,0,3721,60,0x67806,2,4,
fern_a_rf20,13,DICK,20,Haltung,4322,r,76,-76,1,0,2,,0,4412,90,0x67806,2,4,
fern_a_rf20,13,DICK,20,Haltung,4492,l,40,40,-7,0,1,,0,4612,120,0x67806,2,4,
fern_a_rf20,13,DICK,20,Haltung,4652,l,95,95,12,0,2,,0,4694,42,0x677ce,2,4,
fern_a_rf20,13,DICK,20,Rakete,4742,l,112,112,5,0,3,0,1,4759,17,0x67806,6,4,A+27:-14U
fern_a_rf20,13,DICK,20,Rakete,5114,l,124,124,5,0,1,0,1,5131,17,0x67806,6,4,A+27:-14U
fern_a_rf20,13,DICK,20,Haltung,5171,l,69,69,-8,48,2,,0,5231,60,0x67806,2,4,
fern_a_rf20,13,DICK,20,Haltung,5311,r,67,-67,-15,0,3,,0,5385,74,0x677ce,2,4,
fern_a_rf20,13,DICK,20,Haltung,5481,l,48,48,-1,0,2,,0,5511,30,0x67806,2,4,
fern_a_rf20,13,DICK,20,Haltung,5551,l,103,103,11,0,3,,0,5593,42,0x677ce,2,4,
fern_a_rf20,13,DICK,20,Rakete,5880,l,121,121,-6,0,1,0,1,5897,17,0x67806,6,4,A+27:-14U
fern_a_rf20,13,DICK,20,Haltung,5937,l,93,93,-11,48,2,,0,5979,42,0x677ce,2,4,
fern_a_z9,13,DICK,9,Haltung,174,r,70,-70,37,0,1,,0,264,90,0x67806,2,0,
fern_a_z9,13,DICK,9,Haltung,304,r,2,-2,32,0,1,,0,394,90,0x67806,2,0,
fern_a_z9,13,DICK,9,Haltung,434,l,60,60,23,0,1,,0,494,60,0x67806,2,0,
fern_a_z9,13,DICK,9,Haltung,534,l,8,8,11,0,1,,0,654,120,0x67806,2,0,
fern_a_z9,13,DICK,9,Haltung,799,r,103,-103,5,0,1,,0,841,42,0x677ce,2,0,
fern_a_z9,13,DICK,9,Haltung,969,r,145,-145,-3,0,3,,0,1011,42,0x677ce,2,0,
fern_a_z9,13,DICK,9,Haltung,1139,r,10,-10,6,0,1,,0,1199,60,0x67806,2,0,
fern_a_z9,13,DICK,9,Haltung,1239,l,24,24,-7,0,1,,0,1359,120,0x67806,2,0,
fern_a_z9,13,DICK,9,Haltung,1479,r,33,-33,-18,0,1,,0,1539,60,0x67806,2,0,
fern_a_z9,13,DICK,9,Haltung,1753,l,9,9,25,0,1,,0,1795,42,0x677ce,2,0,
fern_a_z9,13,DICK,9,Haltung,1853,r,2,-2,-2,0,1,,0,1895,42,0x677ce,2,0,
fern_a_z9,13,DICK,9,Haltung,1983,r,55,-55,-20,0,2,,0,2057,74,0x677ce,2,0,
fern_a_z9,13,DICK,9,Haltung,2143,r,115,-115,-4,0,1,,0,2233,90,0x67806,2,0,
fern_a_z9,13,DICK,9,Rakete,2238,r,120,-120,-3,0,1,0,1,2255,17,0x67806,6,4,A+24:-13U
fern_a_z9,13,DICK,9,Haltung,2375,l,3,3,0,0,2,,0,2435,60,0x67806,2,0,
fern_a_z9,13,DICK,9,Haltung,2515,r,9,-9,-22,0,1,,0,2605,90,0x67806,2,0,
fern_a_z9,13,DICK,9,Haltung,2971,r,119,-119,-3,0,1,,0,3001,30,0x67806,2,0,
fern_a_z9,13,DICK,9,Rakete,3004,r,120,-120,-2,0,1,0,1,3021,17,0x67806,6,4,A+24:-13U
fern_a_z9,13,DICK,9,Haltung,3061,r,129,-129,-20,44,2,,0,3151,90,0x67806,2,4,
fern_a_z9,13,DICK,9,Haltung,3272,r,15,-15,-22,0,1,,0,3314,42,0x677ce,2,0,
fern_a_z9,13,DICK,9,Haltung,3598,l,1,1,-22,0,2,,0,3672,74,0x677ce,2,0,
fern_a_z9,13,DICK,9,Haltung,3798,r,99,-99,-9,0,1,,0,3888,90,0x67806,2,0,
fern_a_z9,13,DICK,9,Haltung,4050,r,151,-151,13,0,1,,0,4092,42,0x677ce,2,0,
fern_a_z9,13,DICK,9,Rakete,4445,r,112,-112,-6,0,2,0,1,4462,17,0x67806,6,4,
fern_a_z9,13,DICK,9,Rakete,4823,r,124,-124,-6,0,1,0,1,4840,17,0x67806,6,4,A+25:-13U
fern_a_z9,13,DICK,9,Haltung,5130,r,7,-7,23,0,1,,0,5204,74,0x677ce,2,0,
fern_a_z9,13,DICK,9,Haltung,5260,l,6,6,-10,0,1,,0,5334,74,0x677ce,2,0,
fern_a_z9,13,DICK,9,Haltung,5470,r,82,-82,-12,0,2,,0,5500,30,0x67806,2,0,
fern_a_z9,13,DICK,9,Rakete,5654,r,125,-125,5,0,1,0,1,5671,17,0x67806,6,4,A+24:-13U
fern_a_z9,13,DICK,9,Rakete,5673,r,125,-125,5,0,1,0,1,5690,17,0x67806,6,4,A+5:-13U
fern_a_z9,13,DICK,9,Haltung,5730,r,68,-68,-8,2,2,,0,5790,60,0x67806,2,4,
fern_a_z9,13,DICK,9,Haltung,5830,r,1,-1,-14,0,2,,0,5950,120,0x67806,2,4,
fern_a_z9,18,DICK,9,Pistole,544,r,120,-120,5,0,1,0 17 34 51,4,612,68,0x67806,6,4,A+16:-5 A+33:-5U
fern_a_z9,18,DICK,9,Haltung,652,r,197,-197,-4,0,2,,0,772,120,0x67806,2,4,
fern_a_z9,18,DICK,9,Pistole,809,r,136,-136,-1,0,1,0 17 34 51,4,877,68,0x67806,6,4,A+17:-5 A+34:-5U
fern_a_z9,18,DICK,9,Haltung,917,r,204,-204,-1,0,2,,0,947,30,0x67806,2,4,
fern_a_z9,18,DICK,9,Haltung,1027,r,70,-70,4,0,1,,0,1117,90,0x67806,2,4,
fern_a_z9,18,DICK,9,Haltung,1389,r,114,-114,-4,0,1,,0,1463,74,0x67760,2,4,
fern_a_z9,18,DICK,9,Haltung,1633,r,150,-150,11,0,1,,0,1723,90,0x67806,2,4,
fern_a_z9,18,DICK,9,Pistole,1867,r,124,-124,-5,0,1,0 17 34 51,4,1935,68,0x67806,6,4,A+15:-5 A+32:-5U
fern_a_z9,18,DICK,9,Haltung,1975,r,109,-109,-11,0,2,,0,2065,90,0x67806,2,4,
fern_a_z9,18,DICK,9,Haltung,2486,r,154,-154,14,0,1,,0,2528,42,0x67760,2,4,
fern_a_z9,18,DICK,9,Pistole,2663,r,124,-124,-6,0,1,0 17 34 51 68,5,2748,85,0x67806,6,4,A+16:-5 A+33:-5U
fern_a_z9,18,DICK,9,Haltung,2877,r,154,-154,16,0,1,,0,2919,42,0x67760,2,4,
fern_a_z9,18,DICK,9,Haltung,3334,r,155,-155,15,0,1,,0,3408,74,0x67760,2,4,
fern_a_z9,18,DICK,9,Pistole,3443,r,136,-136,4,0,1,0 17 34 51 68,5,3528,85,0x67806,6,4,A+18:-5 A+35:-5 A+52:-5U
fern_a_z9,18,DICK,9,Haltung,3568,r,71,-71,-5,0,2,,0,3658,90,0x67806,2,4,
fern_a_z9,18,DICK,9,Haltung,3698,r,4,-4,-11,0,1,,0,3758,60,0x67806,2,4,
fern_a_z9,18,DICK,9,Haltung,3798,l,7,7,-9,0,1,,0,3828,30,0x67806,2,4,
fern_a_z9,18,DICK,9,Haltung,4189,r,26,-26,31,0,1,,0,4279,90,0x67806,2,4,
fern_a_z9,18,DICK,9,Haltung,4319,r,93,-93,26,0,1,,0,4361,42,0x67760,2,4,
fern_a_z9,18,DICK,9,Pistole,4412,r,124,-124,5,0,1,0 17 34 51,4,4480,68,0x67806,6,4,A+15:-5 A+32:-5U
fern_a_z9,18,DICK,9,Haltung,4520,r,146,-146,18,0,2,,0,4562,42,0x67760,2,4,
fern_a_z9,18,DICK,9,Pistole,4608,r,128,-128,5,0,1,0 17 34 51,4,4676,68,0x67806,6,4,A+16:-5 A+33:-5U
fern_a_z9,18,DICK,9,Haltung,4864,r,62,-62,-22,33,2,,0,4906,42,0x67760,2,4,
fern_a_z9,18,DICK,9,Haltung,5004,r,3,-3,-22,0,2,,0,5046,42,0x67760,2,0,
fern_a_z9,18,DICK,9,Haltung,5134,r,40,-40,-20,0,1,,0,5208,74,0x67760,2,0,
fern_a_z9,18,DICK,9,Pistole,5416,r,128,-128,-6,0,1,0 17 34 51,4,5484,68,0x67806,6,4,A+17:-5 A+34:-5 A+51:-5U
fern_a_z9,18,DICK,9,Haltung,5524,r,71,-71,-1,0,2,,0,5554,30,0x67806,2,4,
fern_a_z9,18,DICK,9,Haltung,5634,l,7,7,-15,0,1,,0,5694,60,0x67806,2,4,
fern_a_z9,18,DICK,9,Haltung,5734,l,6,6,-3,0,2,,0,5824,90,0x67806,2,4,
fern_a_z9,18,DICK,9,Haltung,5944,r,87,-87,12,0,1,,0,,56,laufende,2,4,
fern_a_z20,12,DICK,20,Haltung,290,l,54,54,19,0,1,,0,320,30,0x67806,2,0,
fern_a_z20,12,DICK,20,Haltung,360,l,32,32,36,0,1,,0,420,60,0x67806,2,0,
fern_a_z20,12,DICK,20,Haltung,500,l,31,31,28,0,2,,0,530,30,0x67806,2,0,
fern_a_z20,12,DICK,20,Haltung,659,r,17,-17,-22,0,1,,0,749,90,0x67806,2,0,
fern_a_z20,12,DICK,20,Haltung,789,l,70,70,-22,0,1,,0,879,90,0x67806,2,0,
fern_a_z20,12,DICK,20,Rakete,1086,l,112,112,-6,0,1,0,1,1103,17,0x67806,6,4,A+27:-14U
fern_a_z20,12,DICK,20,Haltung,1433,l,38,38,-8,0,1,,0,1523,90,0x67806,2,4,
fern_a_z20,12,DICK,20,Haltung,2864,r,22,-22,22,0,3,,0,2938,74,0x677ce,2,4,
fern_a_z20,12,DICK,20,Rakete,3718,l,113,113,-6,0,1,0,1,3735,17,0x67806,6,4,A+27:-14U
fern_a_z20,12,DICK,20,Haltung,3775,l,55,55,3,48,2,,0,3865,90,0x67806,2,4,
fern_a_z20,12,DICK,20,Rakete,4077,l,123,123,5,0,1,0,1,4094,17,0x67806,6,4,A+27:-14U
fern_a_z20,12,DICK,20,Haltung,4415,l,38,38,17,0,1,,0,4445,30,0x67806,2,4,
fern_a_z20,12,DICK,20,Haltung,4525,r,34,-34,33,0,2,,0,4645,120,0x67806,2,4,
fern_a_z20,12,DICK,20,Haltung,4877,l,113,113,-17,0,1,,0,4937,60,0x67806,2,4,
fern_a_z20,12,DICK,20,Rakete,5360,l,136,136,-4,0,1,0,1,5377,17,0x67806,6,4,A+27:-14U
fern_a_z20,12,DICK,20,Haltung,5526,r,9,-9,-22,0,2,,0,5616,90,0x67806,2,4,
fern_a_z20,12,DICK,20,Haltung,5781,l,92,92,1,0,1,,0,5823,42,0x677ce,2,4,
fern_a_z20,13,DICK,20,Haltung,174,r,70,-70,37,0,1,,0,264,90,0x67806,2,0,
fern_a_z20,13,DICK,20,Rakete,413,l,122,122,5,0,1,0,1,430,17,0x67806,6,4,A+27:-14U
fern_a_z20,13,DICK,20,Haltung,739,l,42,42,15,0,1,,0,781,42,0x677ce,2,4,
fern_a_z20,13,DICK,20,Haltung,839,l,113,113,33,0,1,,0,899,60,0x67806,2,4,
fern_a_z20,13,DICK,20,Haltung,1059,l,93,93,1,0,1,,0,1101,42,0x677ce,2,4,
fern_a_z20,13,DICK,20,Haltung,1463,r,12,-12,10,0,1,,0,1505,42,0x677ce,2,4,
fern_a_z20,13,DICK,20,Rakete,1658,l,113,113,5,0,3,0,1,1675,17,0x67806,6,4,A+27:-14U
fern_a_z20,13,DICK,20,Haltung,1715,l,55,55,-4,48,2,,0,1789,74,0x677ce,2,4,
fern_a_z20,13,DICK,20,Rakete,2208,l,112,112,-6,0,1,0,1,2225,17,0x67806,6,4,A+27:-14U
fern_a_z20,13,DICK,20,Haltung,2397,l,130,130,-19,0,2,,0,2427,30,0x67806,2,4,
fern_a_z20,13,DICK,20,Haltung,2589,l,117,117,-3,0,1,,0,2649,60,0x67806,2,4,
fern_a_z20,13,DICK,20,Rakete,2653,l,120,120,-2,0,1,0,1,2670,17,0x67806,6,4,A+27:-14U
fern_a_z20,13,DICK,20,Rakete,2988,l,135,135,4,0,1,0,1,3005,17,0x67806,6,4,A+27:-14U
fern_a_z20,13,DICK,20,Haltung,3045,l,69,69,7,48,2,,0,3119,74,0x677ce,2,4,
fern_a_z20,13,DICK,20,Haltung,3445,l,70,70,-4,0,3,,0,3475,30,0x67806,2,4,
fern_a_z20,13,DICK,20,Haltung,3578,l,9,9,-18,0,1,,0,3652,74,0x677ce,2,4,
fern_a_z20,13,DICK,20,Haltung,3748,l,49,49,13,1,2,,0,3790,42,0x677ce,2,4,
fern_a_z20,13,DICK,20,Haltung,3878,r,37,-37,7,0,2,,0,3938,60,0x67806,2,4,
fern_a_z20,13,DICK,20,Haltung,4049,l,24,24,-8,0,1,,0,4079,30,0x67806,2,4,
fern_a_z20,13,DICK,20,Rakete,4419,l,128,128,-6,0,1,0,1,4436,17,0x67806,6,4,A+27:-14U
fern_a_z20,13,DICK,20,Haltung,5893,l,40,40,-19,0,1,,0,5967,74,0x677ce,2,4,
fern_a_z20,18,DICK,20,Haltung,440,r,100,-100,-5,1,3,,0,530,90,0x67806,2,0,
fern_a_z20,18,DICK,20,Pistole,840,l,127,127,-6,0,1,0 17 34 51 68,5,925,85,0x67806,6,4,A+16:-6 A+33:-6 A+50:-6U
fern_a_z20,18,DICK,20,Haltung,965,l,114,114,8,0,2,,0,995,30,0x67806,2,4,
fern_a_z20,18,DICK,20,Haltung,1210,l,151,151,14,0,2,,0,1252,42,0x67760,2,4,
fern_a_z20,18,DICK,20,Pistole,1474,l,121,121,2,0,1,0 17 34 51,4,1542,68,0x67806,6,4,A+16:-6 A+33:-6U
fern_a_z20,18,DICK,20,Haltung,1582,l,88,88,-13,0,2,,0,1642,60,0x67806,2,4,
fern_a_z20,18,DICK,20,Haltung,1722,r,46,-46,0,35,2,,0,1842,120,0x67806,2,4,
fern_a_z20,18,DICK,20,Haltung,1969,l,38,38,7,0,1,,0,2011,42,0x67760,2,4,
fern_a_z20,18,DICK,20,Haltung,2129,l,74,74,34,0,1,,0,2219,90,0x67806,2,4,
fern_a_z20,18,DICK,20,Haltung,2259,r,13,-13,33,48,2,,0,2349,90,0x67806,2,4,
fern_a_z20,18,DICK,20,Haltung,3042,l,113,113,6,49,2,,0,3102,60,0x67806,2,4,
fern_a_z20,18,DICK,20,Pistole,3266,l,121,121,-6,0,1,0 17 34,3,3317,51,0x67806,6,4,A+16:-6 A+33:-6U
fern_a_z20,18,DICK,20,Pistole,3716,l,131,131,5,0,1,0 17 34,3,3767,51,0x67806,6,4,A+16:-6
fern_a_z20,18,DICK,20,Haltung,3807,l,69,69,3,0,2,,0,3881,74,0x67760,2,4,
fern_a_z20,18,DICK,20,Haltung,4254,l,82,82,5,0,2,,0,4344,90,0x67806,2,4,
fern_a_z20,18,DICK,20,Haltung,5020,l,40,40,-6,0,1,,0,5050,30,0x67806,2,4,
fern_a_z20,18,DICK,20,Pistole,5115,l,122,122,5,0,1,0 17 34 51 68 85,6,5217,102,0x67806,6,4,A+16:-6 A+33:-6U
fern_a_z20,18,DICK,20,Haltung,5527,l,154,154,-9,0,2,,0,5557,30,0x67806,2,4,
fern_a_z20,18,DICK,20,Pistole,5572,l,136,136,-2,0,3,0 17 34 51 68,5,5657,85,0x67806,6,4,A+18:-6 A+35:-6U
fern_a_z20,18,DICK,20,Haltung,5737,l,-2,-2,-1,0,3,,0,5767,30,0x67806,2,4,
fern_a_z20,18,DICK,20,Haltung,5933,l,38,38,-7,0,1,,0,,67,laufende,2,4,
fern_a_k9,18,DICK,9,Haltung,134,r,72,-72,31,0,1,,0,194,60,0x67806,2,0,
fern_a_k9,18,DICK,9,Pistole,887,l,136,136,-6,0,3,0 17 34 51 68,5,972,85,0x67806,6,4,A+34:-5U
fern_a_k9,18,DICK,9,Haltung,1012,l,71,71,3,0,2,,0,1072,60,0x67806,2,4,
fern_a_k9,18,DICK,9,Haltung,1401,l,40,40,-7,0,2,,0,1443,42,0x67760,2,4,
fern_a_k9,18,DICK,9,Haltung,1531,l,93,93,-22,0,3,,0,1621,90,0x67806,2,4,
fern_a_k9,18,DICK,9,Haltung,1661,l,7,7,-22,0,1,,0,1751,90,0x67806,2,4,
fern_a_k9,18,DICK,9,Haltung,2064,r,7,-7,-3,34,2,,0,2138,74,0x67760,2,4,
fern_a_k9,18,DICK,9,Pistole,2541,r,135,-135,0,0,3,0 17 34 51 68,5,2626,85,0x67806,6,4,A+34:-5 A+51:-5U
fern_a_k9,18,DICK,9,Haltung,2786,r,7,-7,3,14,2,,0,2816,30,0x67806,2,4,
fern_a_k9,18,DICK,9,Haltung,2856,r,67,-67,9,0,2,,0,2930,74,0x67760,2,4,
fern_a_k9,18,DICK,9,Haltung,3066,r,11,-11,-22,2,2,,0,3108,42,0x67760,2,0,
fern_a_k9,18,DICK,9,Pistole,3442,r,120,-120,-3,0,3,0 17 34 51 68,5,3527,85,0x67806,6,4,A+15:-5 A+32:-5U
fern_a_k9,18,DICK,9,Haltung,3684,r,102,-102,5,0,1,,0,3726,42,0x67760,2,4,
fern_a_k9,18,DICK,9,Haltung,3961,r,152,-152,14,0,1,,0,,39,laufende,2,4,
fern_a_k20,18,DICK,20,Pistole,303,l,136,136,1,0,3,0 17 34 51 68,5,388,85,0x67806,6,4,A+34:-6U
fern_a_k20,18,DICK,20,Pistole,699,l,128,128,5,0,3,0 17 34 51,4,767,68,0x67806,6,4,A+16:-6 A+33:-6U
fern_a_k20,18,DICK,20,Haltung,847,l,0,0,-4,0,2,,0,889,42,0x67760,2,4,
fern_a_k20,18,DICK,20,Pistole,1486,l,112,112,5,0,1,0 17 34 51 68,5,1571,85,0x67806,6,4,A+14:-6 A+31:-6U
fern_a_k20,18,DICK,20,Haltung,1729,l,153,153,-8,26,2,,0,1771,42,0x67760,2,4,
fern_a_k20,18,DICK,20,Haltung,1952,l,101,101,7,0,2,,0,2042,90,0x67806,2,4,
fern_a_k20,18,DICK,20,Pistole,2056,l,120,120,3,0,3,0 17,2,2090,34,0x67806,6,4,A+15:-6 A+32:-6
fern_a_k20,18,DICK,20,Haltung,2393,l,65,65,17,0,3,,0,2467,74,0x67760,2,4,
fern_a_k20,18,DICK,20,Pistole,2949,r,121,-121,-6,0,3,0 17 34,3,3000,51,0x67806,6,4,A+15:-6 A+32:-6U
fern_a_k20,18,DICK,20,Haltung,3080,r,131,-131,-8,0,2,,0,3170,90,0x67806,2,4,
fern_a_k20,18,DICK,20,Haltung,3250,r,130,-130,-3,0,2,,0,3310,60,0x67806,2,4,
fern_a_k20,18,DICK,20,Haltung,3390,r,10,-10,-5,0,1,,0,3464,74,0x67760,2,4,
fern_a_k20,18,DICK,20,Haltung,3600,l,45,45,-21,0,2,,0,3674,74,0x67760,2,4,
fern_a_k20,18,DICK,20,Haltung,3760,l,154,154,-2,0,2,,0,3850,90,0x67806,2,4,
fern_a_k20,18,DICK,20,Pistole,3863,l,135,135,-1,0,1,0 17,2,3897,34,0x67806,6,4,
fern_a_k20,18,DICK,20,Haltung,3937,l,153,153,6,0,2,,0,3997,60,0x67806,2,4,
fern_a_gd,15,DICK,17,Haltung,102,r,293,-293,7,35,2,,0,192,90,0x67806,2,0,
fern_a_gd,15,DICK,18,Haltung,232,r,281,-281,0,0,1,,0,262,30,0x67806,2,0,
fern_a_gd,15,DICK,18,Haltung,302,r,214,-214,-6,0,1,,0,344,42,0x677ce,2,0,
fern_a_gd,15,DICK,18,Haltung,552,r,103,-103,-10,48,2,,0,642,90,0x67806,2,0,
fern_a_gd,15,DICK,19,Haltung,802,r,69,-69,-6,1,2,,0,844,42,0x677ce,2,0,
fern_a_gd,15,DICK,19,Rakete,894,r,121,-121,-1,0,3,0,1,911,17,0x67806,6,4,A+24:-14U
fern_a_gd,15,DICK,19,Haltung,951,r,98,-98,15,44,2,,0,1041,90,0x67806,2,4,
fern_a_gd,15,DICK,19,Haltung,1161,r,1,-1,4,0,1,,0,1235,74,0x677ce,2,0,
fern_a_gd,15,DICK,19,Haltung,1331,r,80,-80,-5,0,2,,0,1421,90,0x67806,2,0,
fern_a_gd,15,DICK,20,Haltung,1733,r,1,-1,23,2,2,,0,1775,42,0x677ce,2,0,
fern_a_gd,15,DICK,20,Haltung,1973,r,32,-32,-9,0,1,,0,2063,90,0x67806,2,0,
fern_a_gd,15,DICK,21,Haltung,2103,r,99,-99,-3,0,3,,0,2193,90,0x67806,2,0,
fern_a_gd,15,DICK,21,Rakete,2207,r,120,-120,-1,0,3,0,1,2224,17,0x67806,6,4,A+24:-14U
fern_a_gd,15,DICK,21,Rakete,2453,r,129,-129,5,0,1,0,1,2470,17,0x67806,6,4,A+26:-14U
fern_a_gd,15,DICK,21,Rakete,2472,r,129,-129,5,0,3,0,1,2489,17,0x67806,6,4,A+7:-14U
fern_a_gd,15,DICK,22,Haltung,2650,r,98,-98,12,0,3,,0,2680,30,0x67806,2,4,
fern_a_gd,15,DICK,22,Rakete,2707,r,112,-112,5,0,3,0,1,2724,17,0x67806,6,4,A+22:-15U
fern_a_gd,15,DICK,22,Haltung,2844,r,5,-5,-10,0,2,,0,2904,60,0x67806,2,0,
fern_a_gd,15,DICK,22,Haltung,2944,r,49,-49,-8,0,1,,0,3034,90,0x67806,2,0,
fern_a_gd,15,DICK,22,Haltung,3074,r,116,-116,-2,0,2,,0,3104,30,0x67806,2,0,
fern_a_gd,15,DICK,23,Haltung,3448,r,74,-74,-5,0,1,,0,3538,90,0x67806,2,0,
fern_a_gd,15,DICK,23,Rakete,3597,r,121,-121,5,0,3,0,1,3614,17,0x67806,6,4,A+24:-15U
fern_a_gd,15,DICK,23,Haltung,3734,r,3,-3,-10,0,2,,0,3824,90,0x67806,2,0,
fern_a_gd,18,DICK,18,Haltung,361,r,137,-137,-10,32,2,,0,421,60,0x67806,2,0,
fern_a_gd,18,DICK,18,Haltung,461,r,125,-125,-10,0,2,,0,521,60,0x67806,2,0,
fern_a_gd,18,DICK,18,Haltung,761,r,97,-97,-3,0,2,,0,791,30,0x67806,2,0,
fern_a_gd,18,DICK,19,Haltung,1004,r,115,-115,-10,0,2,,0,1034,30,0x67806,2,0,
fern_a_gd,18,DICK,19,Haltung,1074,r,89,-89,-10,0,2,,0,1194,120,0x67806,2,0,
fern_a_gd,18,DICK,19,Haltung,1274,l,2,2,-10,48,2,,0,1304,30,0x67806,2,0,
fern_a_gd,18,DICK,19,Haltung,1344,r,15,-15,-10,0,2,,0,1418,74,0x677ce,2,0,
fern_a_gd,18,DICK,20,Haltung,1504,r,81,-81,-4,0,2,,0,1564,60,0x67806,2,0,
fern_a_gd,18,DICK,20,Rakete,1656,r,127,-127,5,0,3,0,1,1673,17,0x67806,6,4,A+25:-14U
fern_a_gd,18,DICK,20,Haltung,1833,r,37,-37,-9,0,2,,0,1875,42,0x677ce,2,0,
fern_a_gd,18,DICK,21,Haltung,2279,r,102,-102,7,2,2,,0,2321,42,0x677ce,2,0,
fern_a_gd,18,DICK,22,Haltung,2692,r,2,-2,-10,0,3,,0,2782,90,0x67806,2,0,
fern_a_gd,18,DICK,22,Rakete,2992,r,127,-127,5,0,3,0,1,3009,17,0x67806,6,4,A+25:-15U
fern_a_gd,18,DICK,22,Rakete,3011,r,127,-127,5,0,1,0,1,3028,17,0x67806,6,4,A+6:-15U
fern_a_gd,18,DICK,22,Haltung,3108,r,103,-103,-10,0,2,,0,3150,42,0x677ce,2,0,
fern_a_gd,18,DICK,23,Haltung,3318,r,9,-9,-10,0,2,,0,3348,30,0x67806,2,0,
fern_a_gd,18,DICK,23,Haltung,3388,r,65,-65,-6,0,3,,0,3430,42,0x677ce,2,0,
fern_a_gd,18,DICK,23,Haltung,3670,r,126,-126,-10,2,2,,0,3730,60,0x67806,2,0,
fern_a_gd,18,DICK,24,Haltung,3810,r,85,-85,-10,0,3,,0,3852,42,0x677ce,2,0,
## A abstand (Zielpunkt, Vorbereitung, Geschwindigkeit, Rueckzug)
lauf,slot,typ,rang,groesse,wert,anzahl,beispiele
fern_a_s9,18,SKIP,9,"zielpunkt relativ zur figur (dx,dz)","(150, 0):7",7,
fern_a_s9,18,SKIP,9,vorbereitung frames,27 20 28 7 21 21 27,7,
fern_a_s9,18,SKIP,9,vorbereitung dz start>ende,28>6 2>1 -15>-1 16>10 -20>-7 -2>-1 -17>-7,7,
fern_a_s9,18,SKIP,9,abstand x bei start der vorbereitung,108 101 99 139 113 100 100,7,
fern_a_s9,18,SKIP,9,d bei angriffsbeginn,"('Messerwurf', 141):3 ('Messerwurf', 142):3 ('Messerwurf', 143):1",7,
fern_a_s9,18,SKIP,9,dz bei angriffsbeginn,"('Messerwurf', -1):2 ('Messerwurf', -7):2 ('Messerwurf', 6):1 ('Messerwurf', 1):1 ('Messerwurf', 10):1",7,
fern_a_s9,18,SKIP,9,"geschwindigkeit (|vx|,|vz|) px/frame, haeufigste","(1.7148, 0.168):185 (1.6133, 0.332):147 (1.75, 0.0):139 (1.2344, 0.6172):135 (1.4531, 0.4844):133 (0.3398, 0.8555):130 (0.9688, 0.7266):122 (0.668, 0.8047):120",1627,
fern_a_s9,18,SKIP,9,betrag der geschwindigkeit px/frame,1.72:185 1.65:147 1.75:139 1.38:135 1.53:133 0.92:130 1.21:122 1.05:120,1627,
fern_a_s9,18,SKIP,9,frames weg von der figur / zur figur,728 / 899,1627,blickt zur Figur:728
fern_a_s9,18,SKIP,9,verteilung |dx| zur figur (20er-klassen: frames),20:17 40:553 60:888 80:1081 100:1431 120:539 140:1194 160:163 180:75 200:58,5999,
fern_a_s9,18,SKIP,9,"verteilung |dx|, figur steht frei (zustand 1, aktion 0)",20:17 40:164 60:311 80:873 100:1156 120:400 140:558 160:28 180:32 200:7,3546,
fern_a_s9,18,SKIP,9,"reaktion, waehrend die figur auf ihn zugeht (frames)",,0,
fern_a_s20,18,SKIP,20,"zielpunkt relativ zur figur (dx,dz)","(150, 0):3",3,
fern_a_s20,18,SKIP,20,vorbereitung frames,27 20 21,3,
fern_a_s20,18,SKIP,20,vorbereitung dz start>ende,28>6 2>1 -2>-1,3,
fern_a_s20,18,SKIP,20,abstand x bei start der vorbereitung,108 101 99,3,
fern_a_s20,18,SKIP,20,d bei angriffsbeginn,"('Messerwurf', 141):3",3,
fern_a_s20,18,SKIP,20,dz bei angriffsbeginn,"('Messerwurf', 6):1 ('Messerwurf', 1):1 ('Messerwurf', -1):1",3,
fern_a_s20,18,SKIP,20,"geschwindigkeit (|vx|,|vz|) px/frame, haeufigste","(1.6133, 0.332):258 (1.7148, 0.168):191 (1.4531, 0.4844):165 (1.2344, 0.6172):159 (0.3398, 0.8555):157 (0.9688, 0.7266):143 (1.8672, 0.6211):140 (1.75, 0.0):138",1916,
fern_a_s20,18,SKIP,20,betrag der geschwindigkeit px/frame,1.65:258 1.72:191 1.53:165 1.38:159 0.92:157 1.21:143 1.97:140 1.75:138,1916,
fern_a_s20,18,SKIP,20,frames weg von der figur / zur figur,828 / 1088,1916,blickt zur Figur:820 blickt weg:8
fern_a_s20,18,SKIP,20,verteilung |dx| zur figur (20er-klassen: frames),0:49 20:303 40:879 60:1574 80:816 100:1345 120:372 140:476 160:100 180:27 200:58,5999,
fern_a_s20,18,SKIP,20,"verteilung |dx|, figur steht frei (zustand 1, aktion 0)",0:34 20:60 40:293 60:556 80:705 100:1037 120:297 140:196 160:24 180:8 200:7,3217,
fern_a_s20,18,SKIP,20,"reaktion, waehrend die figur auf ihn zugeht (frames)",,0,
fern_a_snat,18,SKIP,9,"zielpunkt relativ zur figur (dx,dz)","(150, 0):6",6,
fern_a_snat,18,SKIP,9,vorbereitung frames,27 20 28 7 26 8,6,
fern_a_snat,18,SKIP,9,vorbereitung dz start>ende,28>6 2>1 -15>-1 16>10 20>4 16>10,6,
fern_a_snat,18,SKIP,9,abstand x bei start der vorbereitung,108 101 99 139 97 154,6,
fern_a_snat,18,SKIP,9,d bei angriffsbeginn,"('Messerwurf', 141):3 ('Messerwurf', 142):2 ('Messerwurf', 151):1",6,
fern_a_snat,18,SKIP,9,dz bei angriffsbeginn,"('Messerwurf', 10):2 ('Messerwurf', 6):1 ('Messerwurf', 1):1 ('Messerwurf', -1):1 ('Messerwurf', 4):1",6,
fern_a_snat,18,SKIP,9,"geschwindigkeit (|vx|,|vz|) px/frame, haeufigste","(0.3398, 0.8555):192 (1.6133, 0.332):164 (1.7148, 0.168):148 (0.9688, 0.7266):146 (0.668, 0.8047):143 (1.2344, 0.6172):130 (1.4531, 0.4844):122 (1.75, 0.0):122",1665,
fern_a_snat,18,SKIP,9,betrag der geschwindigkeit px/frame,0.92:192 1.65:164 1.72:148 1.21:146 1.05:143 1.38:130 1.75:123 1.53:122,1665,
fern_a_snat,18,SKIP,9,frames weg von der figur / zur figur,680 / 985,1665,blickt zur Figur:680
fern_a_snat,18,SKIP,9,verteilung |dx| zur figur (20er-klassen: frames),20:17 40:300 60:1184 80:1549 100:1363 120:421 140:873 160:116 180:118 200:58,5999,
fern_a_snat,18,SKIP,9,"verteilung |dx|, figur steht frei (zustand 1, aktion 0)",20:17 40:95 60:430 80:1260 100:1133 120:315 140:398 160:24 180:77 200:7,3756,
fern_a_snat,18,SKIP,9,"reaktion, waehrend die figur auf ihn zugeht (frames)",,0,
fern_a_sf9,18,SKIP,9,"zielpunkt relativ zur figur (dx,dz)","(150, 0):7",7,
fern_a_sf9,18,SKIP,9,vorbereitung frames,19 29 27 27 31 27 23,7,
fern_a_sf9,18,SKIP,9,vorbereitung dz start>ende,-27>-9 13>5 -17>-7 13>5 -12>-9 -17>-7 13>5,7,
fern_a_sf9,18,SKIP,9,abstand x bei start der vorbereitung,156 106 99 105 102 99 102,7,
fern_a_sf9,18,SKIP,9,d bei angriffsbeginn,"('Messerwurf', 141):2 ('Messerwurf', 151):1 ('Messerwurf', 114):1 ('Messerwurf', 115):1 ('Messerwurf', 148):1 ('Messerwurf', 116):1",7,
fern_a_sf9,18,SKIP,9,dz bei angriffsbeginn,"('Messerwurf', 5):3 ('Messerwurf', -9):2 ('Messerwurf', -7):2",7,
fern_a_sf9,18,SKIP,9,"geschwindigkeit (|vx|,|vz|) px/frame, haeufigste","(1.6133, 0.332):504 (1.4531, 0.4844):283 (1.2344, 0.6172):245 (1.7148, 0.168):243 (0.3398, 0.8555):183 (0.9688, 0.7266):161 (0.668, 0.8047):156 (0.0, 0.875):97",2269,
fern_a_sf9,18,SKIP,9,betrag der geschwindigkeit px/frame,1.65:504 1.53:283 1.38:245 1.72:243 0.92:183 1.21:161 1.05:156 0.88:97,2269,
fern_a_sf9,18,SKIP,9,frames weg von der figur / zur figur,1041 / 1228,2269,blickt zur Figur:1026 blickt weg:15
fern_a_sf9,18,SKIP,9,verteilung |dx| zur figur (20er-klassen: frames),0:95 20:114 40:948 60:351 80:687 100:2026 120:656 140:923 160:157 180:8 200:8 220:8 240:8 260:8 280:2,5999,
fern_a_sf9,18,SKIP,9,"verteilung |dx|, figur steht frei (zustand 1, aktion 0)",0:71 20:92 40:395 60:104 80:532 100:1386 120:503 140:643 160:157 180:8 200:8 220:8 240:8 260:8 280:2,3925,
fern_a_sf9,18,SKIP,9,"reaktion, waehrend die figur auf ihn zugeht (frames)",,0,
fern_a_sf20,18,SKIP,20,"zielpunkt relativ zur figur (dx,dz)","(150, 0):4",4,
fern_a_sf20,18,SKIP,20,vorbereitung frames,31 30 25 26,4,
fern_a_sf20,18,SKIP,20,vorbereitung dz start>ende,-27>-3 -23>-1 13>5 -21>-5,4,
fern_a_sf20,18,SKIP,20,abstand x bei start der vorbereitung,114 128 105 99,4,
fern_a_sf20,18,SKIP,20,d bei angriffsbeginn,"('Messerwurf', 141):2 ('Messerwurf', 142):1 ('Messerwurf', 115):1",4,
fern_a_sf20,18,SKIP,20,dz bei angriffsbeginn,"('Messerwurf', -3):1 ('Messerwurf', -1):1 ('Messerwurf', 5):1 ('Messerwurf', -5):1",4,
fern_a_sf20,18,SKIP,20,"geschwindigkeit (|vx|,|vz|) px/frame, haeufigste","(1.6133, 0.332):553 (1.7148, 0.168):340 (1.4531, 0.4844):329 (1.2344, 0.6172):286 (0.9688, 0.7266):266 (0.668, 0.8047):264 (0.3398, 0.8555):253 (1.75, 0.0):206",2942,
fern_a_sf20,18,SKIP,20,betrag der geschwindigkeit px/frame,1.65:553 1.72:340 1.53:329 1.38:286 1.21:266 1.05:264 0.92:253 1.75:206,2942,
fern_a_sf20,18,SKIP,20,frames weg von der figur / zur figur,1399 / 1543,2942,blickt zur Figur:1385 blickt weg:14
fern_a_sf20,18,SKIP,20,verteilung |dx| zur figur (20er-klassen: frames),0:95 20:238 40:483 60:415 80:563 100:1516 120:895 140:1483 160:131 180:146 200:8 220:8 240:8 260:8 280:2,5999,
fern_a_sf20,18,SKIP,20,"verteilung |dx|, figur steht frei (zustand 1, aktion 0)",0:71 20:86 40:246 60:190 80:513 100:1365 120:763 140:1271 160:61 180:16 200:8 220:8 240:8 260:8 280:2,4616,
fern_a_sf20,18,SKIP,20,"reaktion, waehrend die figur auf ihn zugeht (frames)",,0,
fern_a_sg9,18,SKIP,9,"zielpunkt relativ zur figur (dx,dz)","(150, 0):1 (-150, 0):1",2,
fern_a_sg9,18,SKIP,9,vorbereitung frames,26 17,2,
fern_a_sg9,18,SKIP,9,vorbereitung dz start>ende,-21>-4 -20>-9,2,
fern_a_sg9,18,SKIP,9,abstand x bei start der vorbereitung,99 135,2,
fern_a_sg9,18,SKIP,9,d bei angriffsbeginn,"('Messerwurf', 141):1 ('Messerwurf', 156):1",2,
fern_a_sg9,18,SKIP,9,dz bei angriffsbeginn,"('Messerwurf', -4):1 ('Messerwurf', -9):1",2,
fern_a_sg9,18,SKIP,9,"geschwindigkeit (|vx|,|vz|) px/frame, haeufigste","(1.7148, 0.168):663 (1.6133, 0.332):443 (1.2344, 0.6172):255 (1.4531, 0.4844):253 (1.75, 0.0):210 (0.668, 0.8047):149 (0.9688, 0.7266):116 (0.3398, 0.8555):92",2721,
fern_a_sg9,18,SKIP,9,betrag der geschwindigkeit px/frame,1.72:663 1.65:443 1.38:255 1.53:253 1.75:221 1.05:149 1.21:116 0.92:92,2721,
fern_a_sg9,18,SKIP,9,frames weg von der figur / zur figur,1351 / 1370,2721,blickt zur Figur:1315 blickt weg:36
fern_a_sg9,18,SKIP,9,verteilung |dx| zur figur (20er-klassen: frames),0:604 20:471 40:1032 60:830 80:835 100:992 120:485 140:372 160:276 180:72 200:23 220:7,5999,
fern_a_sg9,18,SKIP,9,"verteilung |dx|, figur steht frei (zustand 1, aktion 0)",0:71 20:168 40:478 60:229 80:399 100:431 120:169 140:96 160:48 180:5 200:4,2098,
fern_a_sg9,18,SKIP,9,"reaktion, waehrend die figur auf ihn zugeht (frames)",kommt naeher (akt 10):39,39,
fern_a_st9,18,SKIP,9,"zielpunkt relativ zur figur (dx,dz)","(150, 0):2 (150, 18):1",3,
fern_a_st9,18,SKIP,9,vorbereitung frames,2 2 30,3,
fern_a_st9,18,SKIP,9,vorbereitung dz start>ende,-7>-7 1>1 -27>15,3,
fern_a_st9,18,SKIP,9,abstand x bei start der vorbereitung,146 154 99,3,
fern_a_st9,18,SKIP,9,d bei angriffsbeginn,"('Messerwurf', 146):1 ('Messerwurf', 154):1 ('Messerwurf', 141):1",3,
fern_a_st9,18,SKIP,9,dz bei angriffsbeginn,"('Messerwurf', -7):1 ('Messerwurf', 1):1 ('Messerwurf', 15):1",3,
fern_a_st9,18,SKIP,9,"geschwindigkeit (|vx|,|vz|) px/frame, haeufigste","(1.4531, 0.4844):219 (0.668, 0.8047):208 (0.3398, 0.8555):206 (1.6133, 0.332):179 (1.2344, 0.6172):175 (0.9688, 0.7266):158 (1.7148, 0.168):157 (0.0, 0.875):115",2005,
fern_a_st9,18,SKIP,9,betrag der geschwindigkeit px/frame,1.53:219 1.05:208 0.92:206 1.65:179 1.38:175 1.21:158 1.72:157 0.88:115,2005,
fern_a_st9,18,SKIP,9,frames weg von der figur / zur figur,828 / 1177,2005,blickt zur Figur:828
fern_a_st9,18,SKIP,9,verteilung |dx| zur figur (20er-klassen: frames),0:17 20:25 40:566 60:1173 80:825 100:951 120:1019 140:958 160:377 180:20 200:7,5938,
fern_a_st9,18,SKIP,9,"verteilung |dx|, figur steht frei (zustand 1, aktion 0)",0:17 20:25 40:326 60:445 80:654 100:828 120:943 140:703 160:261 180:8 200:7,4217,
fern_a_st9,18,SKIP,9,"reaktion, waehrend die figur auf ihn zugeht (frames)",,0,
fern_a_p9,18,DICK,9,"zielpunkt (dx,dz)","(-120, 24):2 (-120, -24):1",3,
fern_a_p9,18,DICK,9,vorbereitung frames,12 17 13,3,
fern_a_p9,18,DICK,9,vorbereitung dz start>ende,18>5 22>4 -19>-6,3,
fern_a_p9,18,DICK,9,abstand x bei start der vorbereitung,120 112 121,3,
fern_a_p9,18,DICK,9,d bei angriffsbeginn,"('Pistole', 120):1 ('Pistole', 112):1 ('Pistole', 121):1",3,
fern_a_p9,18,DICK,9,dz bei angriffsbeginn,"('Pistole', 5):1 ('Pistole', 4):1 ('Pistole', -6):1",3,
fern_a_p9,18,DICK,9,"geschwindigkeit (|vx|,|vz|) px/frame, haeufigste","(1.7148, 0.168):717 (1.75, 0.0):583 (1.6133, 0.332):399 (1.4531, 0.4844):176 (0.3398, 0.8555):136 (0.668, 0.8047):91 (1.2344, 0.6172):88 (0.9688, 0.7266):85",2532,
fern_a_p9,18,DICK,9,betrag der geschwindigkeit px/frame,1.72:717 1.75:585 1.65:399 1.53:176 0.92:136 1.05:91 1.38:88 1.21:85,2532,
fern_a_p9,18,DICK,9,frames weg von der figur / zur figur,1090 / 1442,2532,blickt zur Figur:1072 blickt weg:18
fern_a_p9,18,DICK,9,verteilung |dx| zur figur (20er-klassen: frames),0:1280 20:726 40:490 60:724 80:462 100:1093 120:816 140:53 160:42 180:225 200:48 220:30,5989,
fern_a_p9,18,DICK,9,"verteilung |dx|, figur steht frei (zustand 1, aktion 0)",0:1280 20:717 40:478 60:713 80:419 100:1053 120:690 140:39 160:28 180:42 200:5 220:3,5467,
fern_a_p9,18,DICK,9,"reaktion, waehrend die figur auf ihn zugeht (frames)",,0,
fern_a_p20,18,DICK,20,"zielpunkt (dx,dz)","(-128, 0):8 (-120, 24):3 (-120, -24):2",13,
fern_a_p20,18,DICK,20,vorbereitung frames,1 13 1 1 1 13 13 13 1 1 17 1 1,13,
fern_a_p20,18,DICK,20,vorbereitung dz start>ende,3>3 -19>-6 4>4 2>2 -3>-3 18>5 18>4 -19>-6 -3>-3 -2>-2 23>5 -2>-2 -6>-6,13,
fern_a_p20,18,DICK,20,abstand x bei start der vorbereitung,120 127 120 120 120 125 121 121 120 121 112 121 123,13,
fern_a_p20,18,DICK,20,d bei angriffsbeginn,"('Pistole', 120):5 ('Pistole', 121):4 ('Pistole', 127):1 ('Pistole', 125):1 ('Pistole', 112):1 ('Pistole', 123):1",13,
fern_a_p20,18,DICK,20,dz bei angriffsbeginn,"('Pistole', -6):3 ('Pistole', 4):2 ('Pistole', -3):2 ('Pistole', 5):2 ('Pistole', -2):2 ('Pistole', 3):1 ('Pistole', 2):1",13,
fern_a_p20,18,DICK,20,"geschwindigkeit (|vx|,|vz|) px/frame, haeufigste","(1.75, 0.0):471 (1.6133, 0.332):419 (1.7148, 0.168):377 (0.3398, 0.8555):192 (1.4531, 0.4844):125 (0.2852, 0.168):104 (1.2344, 0.6172):101 (0.3398, 0.1445):83",2628,
fern_a_p20,18,DICK,20,betrag der geschwindigkeit px/frame,1.75:473 1.65:419 1.72:377 0.92:192 1.53:125 0.33:104 1.38:101 0.37:83,2628,
fern_a_p20,18,DICK,20,frames weg von der figur / zur figur,1158 / 1470,2628,blickt zur Figur:1138 blickt weg:20
fern_a_p20,18,DICK,20,verteilung |dx| zur figur (20er-klassen: frames),0:1634 20:298 40:361 60:450 80:566 100:594 120:1728 140:76 160:42 180:42 200:132 220:44 240:20 260:2,5989,
fern_a_p20,18,DICK,20,"verteilung |dx|, figur steht frei (zustand 1, aktion 0)",0:1575 20:210 40:259 60:273 80:148 100:413 120:727 140:51 160:17 180:16 200:17 220:3,3709,
fern_a_p20,18,DICK,20,"reaktion, waehrend die figur auf ihn zugeht (frames)",,0,
fern_a_pf9,18,DICK,9,"zielpunkt (dx,dz)","(-120, 24):3 (-120, -24):1",4,
fern_a_pf9,18,DICK,9,vorbereitung frames,12 12 13 13,4,
fern_a_pf9,18,DICK,9,vorbereitung dz start>ende,18>5 18>5 -19>-5 18>5,4,
fern_a_pf9,18,DICK,9,abstand x bei start der vorbereitung,120 120 120 120,4,
fern_a_pf9,18,DICK,9,d bei angriffsbeginn,"('Pistole', 120):4",4,
fern_a_pf9,18,DICK,9,dz bei angriffsbeginn,"('Pistole', 5):3 ('Pistole', -5):1",4,
fern_a_pf9,18,DICK,9,"geschwindigkeit (|vx|,|vz|) px/frame, haeufigste","(1.7148, 0.168):434 (1.75, 0.0):419 (1.6133, 0.332):291 (1.4531, 0.4844):258 (0.3398, 0.8555):225 (1.2344, 0.6172):144 (0.668, 0.8047):134 (0.9688, 0.7266):122",2242,
fern_a_pf9,18,DICK,9,betrag der geschwindigkeit px/frame,1.72:434 1.75:420 1.65:291 1.53:258 0.92:225 1.38:144 1.05:134 1.21:122,2242,
fern_a_pf9,18,DICK,9,frames weg von der figur / zur figur,1014 / 1228,2242,blickt zur Figur:1002 blickt weg:12
fern_a_pf9,18,DICK,9,verteilung |dx| zur figur (20er-klassen: frames),0:793 20:608 40:243 60:600 80:518 100:1203 120:1929 140:77 160:5 180:5 200:5 220:3,5989,
fern_a_pf9,18,DICK,9,"verteilung |dx|, figur steht frei (zustand 1, aktion 0)",0:793 20:608 40:243 60:600 80:439 100:1130 120:1515 140:77 160:5 180:5 200:5 220:3,5423,
fern_a_pf9,18,DICK,9,"reaktion, waehrend die figur auf ihn zugeht (frames)",,0,
fern_a_pg9,18,DICK,9,"zielpunkt (dx,dz)","(120, 24):2 (128, 0):2 (120, -24):1",5,
fern_a_pg9,18,DICK,9,vorbereitung frames,13 1 18 1 12,5,
fern_a_pg9,18,DICK,9,vorbereitung dz start>ende,18>4 4>4 24>5 -1>-1 -19>-6,5,
fern_a_pg9,18,DICK,9,abstand x bei start der vorbereitung,126 134 113 135 119,5,
fern_a_pg9,18,DICK,9,d bei angriffsbeginn,"('Pistole', 126):1 ('Pistole', 134):1 ('Pistole', 113):1 ('Pistole', 135):1 ('Pistole', 119):1",5,
fern_a_pg9,18,DICK,9,dz bei angriffsbeginn,"('Pistole', 4):2 ('Pistole', 5):1 ('Pistole', -1):1 ('Pistole', -6):1",5,
fern_a_pg9,18,DICK,9,"geschwindigkeit (|vx|,|vz|) px/frame, haeufigste","(1.7148, 0.168):592 (1.75, 0.0):471 (1.6133, 0.332):246 (2.25, 0.0):204 (2.2031, 0.2188):201 (1.4531, 0.4844):148 (0.3398, 0.8555):146 (0.9688, 0.7266):113",2775,
fern_a_pg9,18,DICK,9,betrag der geschwindigkeit px/frame,1.72:592 1.75:476 1.65:246 2.25:204 2.21:201 1.53:148 0.92:146 1.21:113,2775,
fern_a_pg9,18,DICK,9,frames weg von der figur / zur figur,1188 / 1587,2775,blickt zur Figur:1173 blickt weg:15
fern_a_pg9,18,DICK,9,verteilung |dx| zur figur (20er-klassen: frames),0:741 20:580 40:417 60:706 80:456 100:991 120:1025 140:208 160:131 180:213 200:65 220:29,5562,
fern_a_pg9,18,DICK,9,"verteilung |dx|, figur steht frei (zustand 1, aktion 0)",0:719 20:555 40:388 60:519 80:422 100:815 120:717 140:168 160:111 180:194 200:45 220:3,4656,
fern_a_pg9,18,DICK,9,"reaktion, waehrend die figur auf ihn zugeht (frames)",bleibt in x (akt 2):161 weicht zurueck (akt 0):141 bleibt in x (akt 4):50 kommt naeher (akt 0):35 bleibt in x (akt 0):6,393,
fern_a_r9,13,DICK,9,"zielpunkt (dx,dz)","(-128, 0):5 (-120, 24):2 (-120, -24):2",9,
fern_a_r9,13,DICK,9,vorbereitung frames,1 16 1 1 15 1 13 14 1,9,
fern_a_r9,13,DICK,9,vorbereitung dz start>ende,1>1 21>5 -2>-2 -5>-5 -21>-5 -6>-6 18>5 -20>-6 -2>-2,9,
fern_a_r9,13,DICK,9,abstand x bei start der vorbereitung,121 128 120 126 127 136 121 128 120,9,
fern_a_r9,13,DICK,9,d bei angriffsbeginn,"('Rakete', 121):2 ('Rakete', 128):2 ('Rakete', 120):2 ('Rakete', 126):1 ('Rakete', 127):1 ('Rakete', 136):1",9,
fern_a_r9,13,DICK,9,dz bei angriffsbeginn,"('Rakete', 5):2 ('Rakete', -2):2 ('Rakete', -5):2 ('Rakete', -6):2 ('Rakete', 1):1",9,
fern_a_r9,13,DICK,9,"geschwindigkeit (|vx|,|vz|) px/frame, haeufigste","(1.75, 0.0):482 (1.6133, 0.332):479 (0.3398, 0.8555):453 (1.7148, 0.168):198 (0.3398, 0.1445):196 (1.4531, 0.4844):186 (0.0, 0.875):105 (1.2344, 0.6172):89",2694,
fern_a_r9,13,DICK,9,betrag der geschwindigkeit px/frame,1.75:488 1.65:479 0.92:453 1.72:198 0.37:196 1.53:186 0.88:106 1.38:89,2694,
fern_a_r9,13,DICK,9,frames weg von der figur / zur figur,1103 / 1591,2694,blickt zur Figur:1089 blickt weg:14
fern_a_r9,13,DICK,9,verteilung |dx| zur figur (20er-klassen: frames),0:1378 20:383 40:528 60:212 80:402 100:495 120:2187 140:205 160:62 180:36 200:9 220:3,5900,
fern_a_r9,13,DICK,9,"verteilung |dx|, figur steht frei (zustand 1, aktion 0)",0:1354 20:361 40:370 60:167 80:292 100:269 120:1175 140:94 160:5 180:5 200:5 220:3,4100,
fern_a_r9,13,DICK,9,"reaktion, waehrend die figur auf ihn zugeht (frames)",,0,
fern_a_r9,18,DICK,9,"zielpunkt (dx,dz)",,0,
fern_a_r9,18,DICK,9,vorbereitung frames,,0,
fern_a_r9,18,DICK,9,vorbereitung dz start>ende,,0,
fern_a_r9,18,DICK,9,abstand x bei start der vorbereitung,,0,
fern_a_r9,18,DICK,9,d bei angriffsbeginn,,0,
fern_a_r9,18,DICK,9,dz bei angriffsbeginn,,0,
fern_a_r9,18,DICK,9,"geschwindigkeit (|vx|,|vz|) px/frame, haeufigste",,0,
fern_a_r9,18,DICK,9,betrag der geschwindigkeit px/frame,,0,
fern_a_r9,18,DICK,9,frames weg von der figur / zur figur,0 / 0,0,
fern_a_r9,18,DICK,9,verteilung |dx| zur figur (20er-klassen: frames),,0,
fern_a_r9,18,DICK,9,"verteilung |dx|, figur steht frei (zustand 1, aktion 0)",,0,
fern_a_r9,18,DICK,9,"reaktion, waehrend die figur auf ihn zugeht (frames)",,0,
fern_a_r20,10,DICK,20,"zielpunkt (dx,dz)","(-128, 0):10 (-120, 24):3 (-120, -24):1",14,
fern_a_r20,10,DICK,20,vorbereitung frames,1 15 16 1 1 1 1 1 13 1 12 1 1 1,14,
fern_a_r20,10,DICK,20,vorbereitung dz start>ende,-2>-2 21>5 -22>-6 -6>-6 2>2 -3>-3 -3>-3 -3>-3 18>4 4>4 18>5 5>5 -6>-6 4>4,14,
fern_a_r20,10,DICK,20,abstand x bei start der vorbereitung,121 113 127 127 120 120 120 120 124 124 123 123 126 136,14,
fern_a_r20,10,DICK,20,d bei angriffsbeginn,"('Rakete', 120):4 ('Rakete', 127):2 ('Rakete', 124):2 ('Rakete', 123):2 ('Rakete', 121):1 ('Rakete', 113):1 ('Rakete', 126):1 ('Rakete', 136):1",14,
fern_a_r20,10,DICK,20,dz bei angriffsbeginn,"('Rakete', 5):3 ('Rakete', -6):3 ('Rakete', -3):3 ('Rakete', 4):3 ('Rakete', -2):1 ('Rakete', 2):1",14,
fern_a_r20,10,DICK,20,"geschwindigkeit (|vx|,|vz|) px/frame, haeufigste","(1.7148, 0.168):540 (1.6133, 0.332):509 (0.3398, 0.8555):287 (1.75, 0.0):248 (0.3398, 0.1445):190 (1.4531, 0.4844):126 (0.668, 0.8047):97 (0.0, 1.125):94",2674,
fern_a_r20,10,DICK,20,betrag der geschwindigkeit px/frame,1.72:540 1.65:509 0.92:287 1.75:253 0.37:190 1.53:126 1.05:97 1.12:94,2674,
fern_a_r20,10,DICK,20,frames weg von der figur / zur figur,1205 / 1469,2674,blickt zur Figur:1187 blickt weg:18
fern_a_r20,10,DICK,20,verteilung |dx| zur figur (20er-klassen: frames),0:1443 20:393 40:332 60:605 80:404 100:759 120:1485 140:237 160:53 180:33 200:23 220:21 240:57 260:15,5860,
fern_a_r20,10,DICK,20,"verteilung |dx|, figur steht frei (zustand 1, aktion 0)",0:473 20:92 40:211 60:307 80:118 100:443 120:717 140:124 160:5 180:5 200:5 220:3,2503,
fern_a_r20,10,DICK,20,"reaktion, waehrend die figur auf ihn zugeht (frames)",,0,
fern_a_r20,13,DICK,20,"zielpunkt (dx,dz)","(-120, -24):3 (-128, 0):2 (-120, 24):1",6,
fern_a_r20,13,DICK,20,vorbereitung frames,13 1 15 15 1 15,6,
fern_a_r20,13,DICK,20,vorbereitung dz start>ende,18>5 -3>-3 -21>-6 -21>-5 -3>-3 -21>-5,6,
fern_a_r20,13,DICK,20,abstand x bei start der vorbereitung,124 120 127 127 120 128,6,
fern_a_r20,13,DICK,20,d bei angriffsbeginn,"('Rakete', 120):2 ('Rakete', 127):2 ('Rakete', 124):1 ('Rakete', 128):1",6,
fern_a_r20,13,DICK,20,dz bei angriffsbeginn,"('Rakete', -3):2 ('Rakete', -5):2 ('Rakete', 5):1 ('Rakete', -6):1",6,
fern_a_r20,13,DICK,20,"geschwindigkeit (|vx|,|vz|) px/frame, haeufigste","(1.6133, 0.332):449 (1.7148, 0.168):344 (0.3398, 0.8555):311 (1.75, 0.0):237 (0.3398, 0.1445):198 (1.4531, 0.4844):148 (2.25, 0.0):111 (0.4375, 0.1016):92",2500,
fern_a_r20,13,DICK,20,betrag der geschwindigkeit px/frame,1.65:449 1.72:344 0.92:311 1.75:241 0.37:198 1.53:148 2.25:111 0.45:94,2500,
fern_a_r20,13,DICK,20,frames weg von der figur / zur figur,1141 / 1359,2500,blickt zur Figur:1125 blickt weg:16
fern_a_r20,13,DICK,20,verteilung |dx| zur figur (20er-klassen: frames),0:1843 20:316 40:547 60:815 80:480 100:403 120:1070 140:89 160:109 180:25 200:115 220:22 240:66,5900,
fern_a_r20,13,DICK,20,"verteilung |dx|, figur steht frei (zustand 1, aktion 0)",0:1213 20:191 40:314 60:247 80:47 100:56 120:359 140:42 160:18 180:18 200:35 220:3,2543,
fern_a_r20,13,DICK,20,"reaktion, waehrend die figur auf ihn zugeht (frames)",,0,
fern_a_r20,18,DICK,20,"zielpunkt (dx,dz)",,0,
fern_a_r20,18,DICK,20,vorbereitung frames,,0,
fern_a_r20,18,DICK,20,vorbereitung dz start>ende,,0,
fern_a_r20,18,DICK,20,abstand x bei start der vorbereitung,,0,
fern_a_r20,18,DICK,20,d bei angriffsbeginn,,0,
fern_a_r20,18,DICK,20,dz bei angriffsbeginn,,0,
fern_a_r20,18,DICK,20,"geschwindigkeit (|vx|,|vz|) px/frame, haeufigste",,0,
fern_a_r20,18,DICK,20,betrag der geschwindigkeit px/frame,,0,
fern_a_r20,18,DICK,20,frames weg von der figur / zur figur,0 / 0,0,
fern_a_r20,18,DICK,20,verteilung |dx| zur figur (20er-klassen: frames),,0,
fern_a_r20,18,DICK,20,"verteilung |dx|, figur steht frei (zustand 1, aktion 0)",,0,
fern_a_r20,18,DICK,20,"reaktion, waehrend die figur auf ihn zugeht (frames)",,0,
fern_a_rf20,10,DICK,20,"zielpunkt (dx,dz)","(-120, -24):3 (128, 0):3 (-128, 0):2 (120, 24):2 (120, -24):1",11,
fern_a_rf20,10,DICK,20,vorbereitung frames,1 1 16 12 15 14 1 15 1 15 1,11,
fern_a_rf20,10,DICK,20,vorbereitung dz start>ende,-2>-2 -2>-2 -22>-6 -19>-6 -21>-6 -21>-6 5>5 21>5 5>5 21>5 5>5,11,
fern_a_rf20,10,DICK,20,abstand x bei start der vorbereitung,121 121 113 125 127 112 134 128 135 128 128,11,
fern_a_rf20,10,DICK,20,d bei angriffsbeginn,"('Rakete', 128):3 ('Rakete', 121):2 ('Rakete', 113):1 ('Rakete', 125):1 ('Rakete', 127):1 ('Rakete', 112):1 ('Rakete', 134):1 ('Rakete', 135):1",11,
fern_a_rf20,10,DICK,20,dz bei angriffsbeginn,"('Rakete', 5):5 ('Rakete', -6):4 ('Rakete', -2):2",11,
fern_a_rf20,10,DICK,20,"geschwindigkeit (|vx|,|vz|) px/frame, haeufigste","(1.7148, 0.168):507 (2.25, 0.0):472 (1.75, 0.0):389 (1.6133, 0.332):218 (2.2031, 0.2188):191 (1.4531, 0.4844):180 (1.2344, 0.6172):156 (0.3398, 0.8555):136",2969,
fern_a_rf20,10,DICK,20,betrag der geschwindigkeit px/frame,1.72:507 2.25:472 1.75:390 1.65:218 2.21:191 1.53:180 1.38:156 0.92:136,2969,
fern_a_rf20,10,DICK,20,frames weg von der figur / zur figur,1367 / 1602,2969,blickt zur Figur:1347 blickt weg:20
fern_a_rf20,10,DICK,20,verteilung |dx| zur figur (20er-klassen: frames),0:837 20:436 40:438 60:869 80:590 100:861 120:1386 140:418 160:12 180:5 200:5 220:3,5860,
fern_a_rf20,10,DICK,20,"verteilung |dx|, figur steht frei (zustand 1, aktion 0)",0:373 20:183 40:254 60:381 80:303 100:368 120:556 140:129 160:5 180:5 200:5 220:3,2565,
fern_a_rf20,10,DICK,20,"reaktion, waehrend die figur auf ihn zugeht (frames)",,0,
fern_a_rf20,13,DICK,20,"zielpunkt (dx,dz)","(-120, 24):3 (-128, 0):2 (120, 24):2 (-120, -24):1 (120, -24):1",9,
fern_a_rf20,13,DICK,20,vorbereitung frames,1 17 13 13 13 1 15 13 13,9,
fern_a_rf20,13,DICK,20,vorbereitung dz start>ende,3>3 23>5 18>5 18>4 -19>-6 -6>-6 20>5 18>5 -19>-6,9,
fern_a_rf20,13,DICK,20,abstand x bei start der vorbereitung,121 112 121 122 122 122 112 124 121,9,
fern_a_rf20,13,DICK,20,d bei angriffsbeginn,"('Rakete', 121):3 ('Rakete', 122):3 ('Rakete', 112):2 ('Rakete', 124):1",9,
fern_a_rf20,13,DICK,20,dz bei angriffsbeginn,"('Rakete', 5):4 ('Rakete', -6):3 ('Rakete', 3):1 ('Rakete', 4):1",9,
fern_a_rf20,13,DICK,20,"geschwindigkeit (|vx|,|vz|) px/frame, haeufigste","(1.75, 0.0):499 (1.7148, 0.168):426 (1.6133, 0.332):193 (0.3398, 0.8555):191 (1.2344, 0.6172):182 (2.25, 0.0):176 (1.4531, 0.4844):173 (0.0, 0.875):125",2655,
fern_a_rf20,13,DICK,20,betrag der geschwindigkeit px/frame,1.75:500 1.72:426 1.65:193 0.92:191 1.38:182 2.25:176 1.53:173 0.88:125,2655,
fern_a_rf20,13,DICK,20,frames weg von der figur / zur figur,1191 / 1464,2655,blickt zur Figur:1174 blickt weg:17
fern_a_rf20,13,DICK,20,verteilung |dx| zur figur (20er-klassen: frames),0:456 20:548 40:760 60:990 80:529 100:898 120:1505 140:196 160:5 180:5 200:5 220:3,5900,
fern_a_rf20,13,DICK,20,"verteilung |dx|, figur steht frei (zustand 1, aktion 0)",0:127 20:244 40:424 60:543 80:166 100:528 120:550 140:5 160:5 180:5 200:5 220:3,2605,
fern_a_rf20,13,DICK,20,"reaktion, waehrend die figur auf ihn zugeht (frames)",,0,
fern_a_rf20,18,DICK,20,"zielpunkt (dx,dz)",,0,
fern_a_rf20,18,DICK,20,vorbereitung frames,,0,
fern_a_rf20,18,DICK,20,vorbereitung dz start>ende,,0,
fern_a_rf20,18,DICK,20,abstand x bei start der vorbereitung,,0,
fern_a_rf20,18,DICK,20,d bei angriffsbeginn,,0,
fern_a_rf20,18,DICK,20,dz bei angriffsbeginn,,0,
fern_a_rf20,18,DICK,20,"geschwindigkeit (|vx|,|vz|) px/frame, haeufigste",,0,
fern_a_rf20,18,DICK,20,betrag der geschwindigkeit px/frame,,0,
fern_a_rf20,18,DICK,20,frames weg von der figur / zur figur,0 / 0,0,
fern_a_rf20,18,DICK,20,verteilung |dx| zur figur (20er-klassen: frames),,0,
fern_a_rf20,18,DICK,20,"verteilung |dx|, figur steht frei (zustand 1, aktion 0)",,0,
fern_a_rf20,18,DICK,20,"reaktion, waehrend die figur auf ihn zugeht (frames)",,0,
fern_a_z9,13,DICK,9,"zielpunkt (dx,dz)","(-128, 0):3 (-120, -24):2 (-120, 24):1",6,
fern_a_z9,13,DICK,9,vorbereitung frames,1 1 13 12 12 1,6,
fern_a_z9,13,DICK,9,vorbereitung dz start>ende,-3>-3 -2>-2 -20>-6 -19>-6 18>5 5>5,6,
fern_a_z9,13,DICK,9,abstand x bei start der vorbereitung,120 120 112 124 125 125,6,
fern_a_z9,13,DICK,9,d bei angriffsbeginn,"('Rakete', 120):2 ('Rakete', 125):2 ('Rakete', 112):1 ('Rakete', 124):1",6,
fern_a_z9,13,DICK,9,dz bei angriffsbeginn,"('Rakete', -6):2 ('Rakete', 5):2 ('Rakete', -3):1 ('Rakete', -2):1",6,
fern_a_z9,13,DICK,9,"geschwindigkeit (|vx|,|vz|) px/frame, haeufigste","(1.7148, 0.168):348 (0.3398, 0.8555):304 (1.6133, 0.332):275 (1.75, 0.0):250 (2.25, 0.0):121 (0.3398, 0.1445):120 (1.4531, 0.4844):119 (1.2344, 0.6172):94",2347,
fern_a_z9,13,DICK,9,betrag der geschwindigkeit px/frame,1.72:348 0.92:304 1.65:275 1.75:253 2.25:121 0.37:120 1.53:119 1.38:94,2347,
fern_a_z9,13,DICK,9,frames weg von der figur / zur figur,966 / 1381,2347,blickt zur Figur:951 blickt weg:15
fern_a_z9,13,DICK,9,verteilung |dx| zur figur (20er-klassen: frames),0:1639 20:464 40:310 60:380 80:331 100:606 120:1726 140:337 160:24 180:23 200:23 220:20 240:17,5900,
fern_a_z9,13,DICK,9,"verteilung |dx|, figur steht frei (zustand 1, aktion 0)",0:1244 20:377 40:166 60:260 80:238 100:341 120:838 140:191 160:5 180:5 200:5 220:3,3673,
fern_a_z9,13,DICK,9,"reaktion, waehrend die figur auf ihn zugeht (frames)",,0,
fern_a_z9,18,DICK,9,"zielpunkt (dx,dz)","(-128, 0):3 (-120, -24):3 (-120, 24):2",8,
fern_a_z9,18,DICK,9,vorbereitung frames,13 1 13 12 1 1 16 14,8,
fern_a_z9,18,DICK,9,vorbereitung dz start>ende,18>5 -1>-1 -19>-5 -19>-6 4>4 5>5 21>5 -21>-6,8,
fern_a_z9,18,DICK,9,abstand x bei start der vorbereitung,120 136 124 124 136 124 128 128,8,
fern_a_z9,18,DICK,9,d bei angriffsbeginn,"('Pistole', 124):3 ('Pistole', 136):2 ('Pistole', 128):2 ('Pistole', 120):1",8,
fern_a_z9,18,DICK,9,dz bei angriffsbeginn,"('Pistole', 5):3 ('Pistole', -6):2 ('Pistole', -1):1 ('Pistole', -5):1 ('Pistole', 4):1",8,
fern_a_z9,18,DICK,9,"geschwindigkeit (|vx|,|vz|) px/frame, haeufigste","(1.7148, 0.168):395 (1.75, 0.0):253 (0.3398, 0.8555):249 (1.6133, 0.332):193 (1.2344, 0.6172):120 (0.2852, 0.168):111 (0.0, 1.125):107 (0.0, 0.875):105",2111,
fern_a_z9,18,DICK,9,betrag der geschwindigkeit px/frame,1.72:395 1.75:255 0.92:249 1.65:193 1.38:120 0.33:111 1.12:107 0.88:105,2111,
fern_a_z9,18,DICK,9,frames weg von der figur / zur figur,778 / 1333,2111,blickt zur Figur:772 blickt weg:6
fern_a_z9,18,DICK,9,verteilung |dx| zur figur (20er-klassen: frames),0:790 20:186 40:215 60:394 80:263 100:676 120:2457 140:682 160:40 180:164 200:80 220:42,5989,
fern_a_z9,18,DICK,9,"verteilung |dx|, figur steht frei (zustand 1, aktion 0)",0:450 20:163 40:192 60:189 80:235 100:546 120:1372 140:537 160:16 180:54 200:5 220:3,3762,
fern_a_z9,18,DICK,9,"reaktion, waehrend die figur auf ihn zugeht (frames)",,0,
fern_a_z20,12,DICK,20,"zielpunkt (dx,dz)","(120, -24):2 (128, 0):2",4,
fern_a_z20,12,DICK,20,vorbereitung frames,12 15 1 1,4,
fern_a_z20,12,DICK,20,vorbereitung dz start>ende,-19>-6 -22>-6 5>5 -4>-4,4,
fern_a_z20,12,DICK,20,abstand x bei start der vorbereitung,112 113 123 136,4,
fern_a_z20,12,DICK,20,d bei angriffsbeginn,"('Rakete', 112):1 ('Rakete', 113):1 ('Rakete', 123):1 ('Rakete', 136):1",4,
fern_a_z20,12,DICK,20,dz bei angriffsbeginn,"('Rakete', -6):2 ('Rakete', 5):1 ('Rakete', -4):1",4,
fern_a_z20,12,DICK,20,"geschwindigkeit (|vx|,|vz|) px/frame, haeufigste","(2.25, 0.0):789 (2.2031, 0.2188):704 (1.75, 0.0):390 (0.0, 1.125):294 (1.8672, 0.6211):202 (0.4375, 1.1016):196 (2.0742, 0.4258):133 (0.8555, 1.0352):122",3535,
fern_a_z20,12,DICK,20,betrag der geschwindigkeit px/frame,2.25:789 2.21:704 1.75:392 1.12:294 1.97:202 1.19:196 2.12:133 1.34:122,3535,
fern_a_z20,12,DICK,20,frames weg von der figur / zur figur,1593 / 1942,3535,blickt zur Figur:1569 blickt weg:24
fern_a_z20,12,DICK,20,verteilung |dx| zur figur (20er-klassen: frames),0:651 20:881 40:545 60:545 80:523 100:1152 120:1345 140:183 160:22 180:5 200:5 220:3,5860,
fern_a_z20,12,DICK,20,"verteilung |dx|, figur steht frei (zustand 1, aktion 0)",0:325 20:470 40:266 60:301 80:305 100:735 120:439 140:100 160:5 180:5 200:5 220:3,2959,
fern_a_z20,12,DICK,20,"reaktion, waehrend die figur auf ihn zugeht (frames)",,0,
fern_a_z20,13,DICK,20,"zielpunkt (dx,dz)","(120, 24):2 (120, -24):2 (128, 0):2",6,
fern_a_z20,13,DICK,20,vorbereitung frames,13 17 15 1 1 14,6,
fern_a_z20,13,DICK,20,vorbereitung dz start>ende,18>5 23>5 -22>-6 -2>-2 4>4 -21>-6,6,
fern_a_z20,13,DICK,20,abstand x bei start der vorbereitung,122 113 112 120 135 128,6,
fern_a_z20,13,DICK,20,d bei angriffsbeginn,"('Rakete', 122):1 ('Rakete', 113):1 ('Rakete', 112):1 ('Rakete', 120):1 ('Rakete', 135):1 ('Rakete', 128):1",6,
fern_a_z20,13,DICK,20,dz bei angriffsbeginn,"('Rakete', 5):2 ('Rakete', -6):2 ('Rakete', -2):1 ('Rakete', 4):1",6,
fern_a_z20,13,DICK,20,"geschwindigkeit (|vx|,|vz|) px/frame, haeufigste","(2.2031, 0.2188):821 (2.25, 0.0):306 (1.75, 0.0):291 (1.7148, 0.168):259 (0.0, 1.125):236 (0.4375, 1.1016):151 (1.4531, 0.4844):96 (2.0742, 0.4258):93",2910,
fern_a_z20,13,DICK,20,betrag der geschwindigkeit px/frame,2.21:821 2.25:306 1.75:292 1.72:259 1.12:236 1.19:151 1.53:96 2.12:93,2910,
fern_a_z20,13,DICK,20,frames weg von der figur / zur figur,1243 / 1667,2910,blickt zur Figur:1227 blickt weg:16
fern_a_z20,13,DICK,20,verteilung |dx| zur figur (20er-klassen: frames),0:533 20:433 40:652 60:520 80:428 100:1067 120:1972 140:167 160:73 180:33 200:19 220:3,5900,
fern_a_z20,13,DICK,20,"verteilung |dx|, figur steht frei (zustand 1, aktion 0)",0:292 20:219 40:349 60:295 80:225 100:563 120:912 140:94 160:37 180:5 200:5 220:3,2999,
fern_a_z20,13,DICK,20,"reaktion, waehrend die figur auf ihn zugeht (frames)",,0,
fern_a_z20,18,DICK,20,"zielpunkt (dx,dz)","(128, 0):4 (120, -24):1 (120, 24):1",6,
fern_a_z20,18,DICK,20,vorbereitung frames,1 1 12 1 12 1,6,
fern_a_z20,18,DICK,20,vorbereitung dz start>ende,-6>-6 2>2 -19>-6 5>5 18>5 -2>-2,6,
fern_a_z20,18,DICK,20,abstand x bei start der vorbereitung,127 121 121 131 122 136,6,
fern_a_z20,18,DICK,20,d bei angriffsbeginn,"('Pistole', 121):2 ('Pistole', 127):1 ('Pistole', 131):1 ('Pistole', 122):1 ('Pistole', 136):1",6,
fern_a_z20,18,DICK,20,dz bei angriffsbeginn,"('Pistole', -6):2 ('Pistole', 5):2 ('Pistole', 2):1 ('Pistole', -2):1",6,
fern_a_z20,18,DICK,20,"geschwindigkeit (|vx|,|vz|) px/frame, haeufigste","(2.2031, 0.2188):645 (2.25, 0.0):576 (1.7148, 0.168):362 (1.75, 0.0):222 (0.0, 1.125):219 (0.4375, 1.1016):141 (1.8672, 0.6211):137 (1.5898, 0.793):129",3186,
fern_a_z20,18,DICK,20,betrag der geschwindigkeit px/frame,2.21:645 2.25:576 1.72:362 1.75:222 1.12:219 1.19:141 1.97:137 1.78:129,3186,
fern_a_z20,18,DICK,20,frames weg von der figur / zur figur,1448 / 1738,3186,blickt zur Figur:1427 blickt weg:21
fern_a_z20,18,DICK,20,verteilung |dx| zur figur (20er-klassen: frames),0:489 20:609 40:511 60:568 80:564 100:929 120:1917 140:343 160:46 180:5 200:5 220:3,5989,
fern_a_z20,18,DICK,20,"verteilung |dx|, figur steht frei (zustand 1, aktion 0)",0:194 20:397 40:213 60:262 80:248 100:601 120:1003 140:139 160:18 180:5 200:5 220:3,3088,
fern_a_z20,18,DICK,20,"reaktion, waehrend die figur auf ihn zugeht (frames)",,0,
fern_a_k9,18,DICK,9,"zielpunkt (dx,dz)","(-128, 0):2 (128, 0):1",3,
fern_a_k9,18,DICK,9,vorbereitung frames,1 1 1,3,
fern_a_k9,18,DICK,9,vorbereitung dz start>ende,-6>-6 0>0 -3>-3,3,
fern_a_k9,18,DICK,9,abstand x bei start der vorbereitung,136 135 120,3,
fern_a_k9,18,DICK,9,d bei angriffsbeginn,"('Pistole', 136):1 ('Pistole', 135):1 ('Pistole', 120):1",3,
fern_a_k9,18,DICK,9,dz bei angriffsbeginn,"('Pistole', -6):1 ('Pistole', 0):1 ('Pistole', -3):1",3,
fern_a_k9,18,DICK,9,"geschwindigkeit (|vx|,|vz|) px/frame, haeufigste","(2.25, 0.0):426 (1.7148, 0.168):321 (2.2031, 0.2188):133 (1.6133, 0.332):127 (1.75, 0.0):103 (0.668, 0.8047):84 (0.3398, 0.8555):84 (2.0742, 0.4258):67",1745,
fern_a_k9,18,DICK,9,betrag der geschwindigkeit px/frame,2.25:426 1.72:321 2.21:133 1.65:127 1.75:104 1.05:84 0.92:84 2.12:67,1745,
fern_a_k9,18,DICK,9,frames weg von der figur / zur figur,780 / 965,1745,blickt zur Figur:770 blickt weg:10
fern_a_k9,18,DICK,9,verteilung |dx| zur figur (20er-klassen: frames),0:493 20:197 40:298 60:356 80:339 100:975 120:939 140:156 160:40 180:37 200:42 220:38 240:14 260:16,3940,
fern_a_k9,18,DICK,9,"verteilung |dx|, figur steht frei (zustand 1, aktion 0)",0:114 20:102 40:101 60:115 80:162 100:223 120:219 140:88,1124,
fern_a_k9,18,DICK,9,"reaktion, waehrend die figur auf ihn zugeht (frames)",,0,
fern_a_k20,18,DICK,20,"zielpunkt (dx,dz)","(128, 0):3 (120, 24):2 (-120, -24):1",6,
fern_a_k20,18,DICK,20,vorbereitung frames,1 15 18 1 12 1,6,
fern_a_k20,18,DICK,20,vorbereitung dz start>ende,1>1 21>5 24>5 3>3 -19>-6 -1>-1,6,
fern_a_k20,18,DICK,20,abstand x bei start der vorbereitung,136 128 112 120 121 135,6,
fern_a_k20,18,DICK,20,d bei angriffsbeginn,"('Pistole', 136):1 ('Pistole', 128):1 ('Pistole', 112):1 ('Pistole', 120):1 ('Pistole', 121):1 ('Pistole', 135):1",6,
fern_a_k20,18,DICK,20,dz bei angriffsbeginn,"('Pistole', 5):2 ('Pistole', 1):1 ('Pistole', 3):1 ('Pistole', -6):1 ('Pistole', -1):1",6,
fern_a_k20,18,DICK,20,"geschwindigkeit (|vx|,|vz|) px/frame, haeufigste","(2.25, 0.0):422 (1.7148, 0.168):372 (1.75, 0.0):227 (2.2031, 0.2188):197 (0.0, 1.125):127 (1.6133, 0.332):89 (1.2344, 0.6172):83 (1.4531, 0.4844):68",1948,
fern_a_k20,18,DICK,20,betrag der geschwindigkeit px/frame,2.25:422 1.72:372 1.75:228 2.21:197 1.12:127 1.65:89 1.38:83 1.53:68,1948,
fern_a_k20,18,DICK,20,frames weg von der figur / zur figur,645 / 1303,1948,blickt zur Figur:637 blickt weg:8
fern_a_k20,18,DICK,20,verteilung |dx| zur figur (20er-klassen: frames),0:364 20:203 40:295 60:304 80:226 100:595 120:1255 140:417 160:156 180:82 200:40 220:3,3940,
fern_a_k20,18,DICK,20,"verteilung |dx|, figur steht frei (zustand 1, aktion 0)",0:105 20:49 40:89 60:75 80:52 100:85 120:345 140:41,841,
fern_a_k20,18,DICK,20,"reaktion, waehrend die figur auf ihn zugeht (frames)",,0,
fern_a_gd,15,DICK,18,"zielpunkt (dx,dz)","(-128, 0):4 (-120, 24):2",6,
fern_a_gd,15,DICK,18,vorbereitung frames,1 1 1 1 14 13,6,
fern_a_gd,15,DICK,18,vorbereitung dz start>ende,-1>-1 -1>-1 5>5 5>5 20>5 18>5,6,
fern_a_gd,15,DICK,18,abstand x bei start der vorbereitung,121 120 129 129 112 121,6,
fern_a_gd,15,DICK,18,d bei angriffsbeginn,"('Rakete', 121):2 ('Rakete', 129):2 ('Rakete', 120):1 ('Rakete', 112):1",6,
fern_a_gd,15,DICK,18,dz bei angriffsbeginn,"('Rakete', 5):4 ('Rakete', -1):2",6,
fern_a_gd,15,DICK,18,"geschwindigkeit (|vx|,|vz|) px/frame, haeufigste","(1.7148, 0.168):724 (0.3398, 0.1445):347 (1.75, 0.0):233 (0.3398, 0.8555):153 (1.6133, 0.332):86 (0.0, 1.125):50 (0.9688, 0.7266):49 (1.4531, 0.4844):45",2121,
fern_a_gd,15,DICK,18,betrag der geschwindigkeit px/frame,1.72:724 0.37:347 1.75:243 0.92:153 1.65:86 1.12:50 1.21:49 1.53:45,2121,
fern_a_gd,15,DICK,18,frames weg von der figur / zur figur,832 / 1289,2121,blickt zur Figur:818 blickt weg:14
fern_a_gd,15,DICK,18,verteilung |dx| zur figur (20er-klassen: frames),0:991 20:252 40:261 60:325 80:494 100:451 120:754 140:30 160:17 180:34 200:79 220:43 240:52 260:21 280:47 300:117,3968,
fern_a_gd,15,DICK,18,"verteilung |dx|, figur steht frei (zustand 1, aktion 0)",0:170 20:35 40:71 60:31 80:69 100:63 120:110 200:18 260:10 280:37,614,
fern_a_gd,15,DICK,18,"reaktion, waehrend die figur auf ihn zugeht (frames)",,0,
fern_a_gd,18,DICK,18,"zielpunkt (dx,dz)","(-120, 24):2 (-128, 0):1",3,
fern_a_gd,18,DICK,18,vorbereitung frames,12 12 1,3,
fern_a_gd,18,DICK,18,vorbereitung dz start>ende,18>5 18>5 5>5,3,
fern_a_gd,18,DICK,18,abstand x bei start der vorbereitung,127 127 127,3,
fern_a_gd,18,DICK,18,d bei angriffsbeginn,"('Rakete', 127):3",3,
fern_a_gd,18,DICK,18,dz bei angriffsbeginn,"('Rakete', 5):3",3,
fern_a_gd,18,DICK,18,"geschwindigkeit (|vx|,|vz|) px/frame, haeufigste","(0.3398, 0.1445):423 (1.75, 0.0):346 (1.7148, 0.168):327 (0.3398, 0.8555):142 (0.668, 0.8047):69 (0.9688, 0.7266):68 (2.25, 0.0):57 (0.4375, 0.1016):49",1912,
fern_a_gd,18,DICK,18,betrag der geschwindigkeit px/frame,0.37:423 1.75:349 1.72:327 0.92:142 1.05:69 1.21:68 2.25:57 0.45:49,1912,
fern_a_gd,18,DICK,18,frames weg von der figur / zur figur,678 / 1234,1912,blickt zur Figur:667 blickt weg:11
fern_a_gd,18,DICK,18,verteilung |dx| zur figur (20er-klassen: frames),0:790 20:255 40:122 60:211 80:419 100:897 120:1056 140:122 160:41 180:31 200:24 220:27 240:4,3999,
fern_a_gd,18,DICK,18,"verteilung |dx|, figur steht frei (zustand 1, aktion 0)",0:105 20:79 40:26 60:67 80:58 100:8 120:271 180:4 200:5 220:5 240:4,632,
fern_a_gd,18,DICK,18,"reaktion, waehrend die figur auf ihn zugeht (frames)",,0,
## A rhythmus (Abstaende zwischen Angriffsbeginnen in Frames)
lauf,slot,typ,rang,frames,art,anzahl,abstaende_gleiche_art,abstaende_alle_schuesse,salven_bzw_serien
fern_a_s9,18,SKIP,9,1-6000,Ausfallstich,5,674 909 970 1454,,
fern_a_s9,18,SKIP,9,1-6000,Messerstich,21,37 509 37 251 37 710 37 37 37 51 37 1732 493 37 37 37 51 37 1320 51,,2 2 2 4 2 1 4 2 1 1
fern_a_s9,18,SKIP,9,1-6000,Messerwurf,7,742 360 703 649 713 1255,742 360 703 649 713 1255,
fern_a_s20,18,SKIP,20,1-6000,Ausfallstich,8,674 909 895 209 264 482 1125,,
fern_a_s20,18,SKIP,20,1-6000,Messerstich,39,37 509 37 251 37 710 37 37 37 51 37 512 37 37 37 49 37 37 37 1030 37 225 37 229 37 51 75 37 37 37 163 37 37 37 49 37 853 37,,2 2 2 4 2 4 4 2 2 2 1 4 4 2 2
fern_a_s20,18,SKIP,20,1-6000,Messerwurf,3,742 2976,742 2976,
fern_a_snat,18,SKIP,9,1-6000,Ausfallstich,5,674 909 970 2599,,
fern_a_snat,18,SKIP,9,1-6000,Messerstich,20,37 509 37 251 37 710 37 37 37 51 37 1937 37 355 857 37 309 37 529,,2 2 2 4 2 2 1 2 2 1
fern_a_snat,18,SKIP,9,1-6000,Messerwurf,6,742 360 703 324 1303,742 360 703 324 1303,
fern_a_sf9,18,SKIP,9,1-6000,Ausfallstich,4,1079 1185 1031,,
fern_a_sf9,18,SKIP,9,1-6000,Messerstich,14,37 654 37 37 37 277 37 2179 37 651 37 37 37,,2 4 2 2 4
fern_a_sf9,18,SKIP,9,1-6000,Messerwurf,7,281 906 467 846 1980 458,281 906 467 846 1980 458,
fern_a_sf20,18,SKIP,20,1-6000,Ausfallstich,3,649 627,,
fern_a_sf20,18,SKIP,20,1-6000,Messerstich,11,37 1079 37 386 49 37 37 37 2890 37,,2 2 1 4 2
fern_a_sf20,18,SKIP,20,1-6000,Messerwurf,4,247 411 633,247 411 633,
fern_a_sg9,18,SKIP,9,1-6000,Ausfallstich,4,1487 1224 2661,,
fern_a_sg9,18,SKIP,9,1-6000,Messerstich,20,37 116 46 37 37 353 1234 37 795 37 37 370 1360 48 37 37 246 37 69,,2 1 3 1 2 3 1 1 3 2 1
fern_a_sg9,18,SKIP,9,1-6000,Messerwurf,2,3251,3251,
fern_a_st9,18,SKIP,9,1-6000,Ausfallstich,6,219 1153 1641 1359 646,,
fern_a_st9,18,SKIP,9,1-6000,Messerstich,25,37 313 37 1000 37 37 37 96 37 246 37 37 37 1122 37 37 37 314 37 915 107 37 609 37,,2 2 4 2 4 4 2 1 2 2
fern_a_st9,18,SKIP,9,1-6000,Messerwurf,3,1397 2779,1397 2779,
fern_a_p9,18,DICK,9,11-6000,Pistole,3,672 943,672 943,4 4 5
fern_a_p20,18,DICK,20,11-6000,Pistole,13,181 391 787 902 234 444 200 442 416 447 380 388,181 391 787 902 234 444 200 442 416 447 380 388,4 4 3 3 6 5 4 5 3 3 5 3 5
fern_a_pf9,18,DICK,9,11-6000,Pistole,4,816 476 247,816 476 247,5 2 5 4
fern_a_pg9,18,DICK,9,11-6000,Pistole,5,647 398 874 237,647 398 874 237,4 5 5 4 4
fern_a_r9,13,DICK,9,100-6000,Rakete,9,336 658 696 688 286 695 423 327,336 658 696 688 286 695 423 327,1 1 1 1 1 1 1 1 1
fern_a_r20,10,DICK,20,140-6000,Rakete,14,257 261 19 309 580 545 689 373 19 514 19 869 635,257 261 19 309 580 545 689 373 19 514 19 869 635,1 1 1 1 1 1 1 1 1 1 1 1 1 1
fern_a_r20,13,DICK,20,100-6000,Rakete,6,1151 1082 603 795 747,1151 1082 603 795 747,1 1 1 1 1 1
fern_a_rf20,10,DICK,20,140-6000,Rakete,11,397 435 2313 274 369 344 228 603 280 19,397 435 2313 274 369 344 228 603 280 19,1 1 1 1 1 1 1 1 1 1 1
fern_a_rf20,13,DICK,20,100-6000,Rakete,9,731 293 219 314 19 1639 372 766,731 293 219 314 19 1639 372 766,1 1 1 1 1 1 1 1 1
fern_a_z9,13,DICK,9,100-6000,Rakete,6,766 1441 378 831 19,766 1441 378 831 19,1 1 1 1 1 1
fern_a_z9,18,DICK,9,11-6000,Pistole,8,265 1058 796 780 969 196 808,265 1058 796 780 969 196 808,4 4 4 5 5 4 4 4
fern_a_z20,12,DICK,20,140-6000,Rakete,4,2632 359 1283,2632 359 1283,1 1 1 1
fern_a_z20,13,DICK,20,100-6000,Rakete,6,1245 550 445 335 1431,1245 550 445 335 1431,1 1 1 1 1 1
fern_a_z20,18,DICK,20,11-6000,Pistole,6,634 1792 450 1399 457,634 1792 450 1399 457,5 4 3 3 6 5
fern_a_k9,18,DICK,9,60-4000,Pistole,3,1654 901,1654 901,5 5 5
fern_a_k20,18,DICK,20,60-4000,Pistole,6,396 787 570 893 914,396 787 570 893 914,5 4 5 2 3 2
fern_a_gd,15,DICK,18,32-4000,Rakete,6,1313 246 19 235 890,1313 246 19 235 890,1 1 1 1 1 1
fern_a_gd,18,DICK,18,1-4000,Rakete,3,1336 19,1336 19,1 1 1
## B Messer: Probe je Lage (rel_dx = x(Figur) - x(Messer), vorn = Figur in Flugrichtung vor dem Messer)
lauf,G,art,werfer,rang,flugrichtung,rel_dx,rel_dz,fig_h,vorn,frames_gehalten,blick_figur,treffer,treffer_frame,treffer_rel,dx_treffer,dz_treffer,h_treffer,gh_treffer,schaden,umgeworfen,ende,dauer,flugframes,x_flugende,grund,nachphasen,treffer_gegner,abgewehrt,abgewehrt_figur,camx_flugende,h_G1,h_G21,vx,x0,z0,h0
fern_b_mh20_57,54,Messer,18,20,-x,-61,1,0,61,1,r,ja,55,G+1,0,0,57,56,12,ja,68,14,2,957,Treffer Figur,095bxx:12,,,,768,57,,-4.0,961,318,56
fern_b_mh20_58,54,Messer,18,20,-x,-61,1,0,61,1,r,ja,55,G+1,0,0,58,56,12,ja,68,14,2,957,Treffer Figur,095bxx:12,,,,768,58,,-4.0,961,318,56
fern_b_mh20_59,54,Messer,18,20,-x,-61,1,0,61,1,r,ja,55,G+1,0,0,59,56,12,ja,68,14,2,957,Treffer Figur,095bxx:12,,,,768,59,,-4.0,961,318,56
fern_b_mh20_60,54,Messer,18,20,-x,-61,1,0,61,1,r,ja,57,G+3,8,0,59,56,12,ja,70,16,4,949,Treffer Figur,095bxx:12,,,,768,60,,-4.0,961,318,56
fern_b_mh20_61,54,Messer,18,20,-x,-61,1,0,61,1,r,ja,59,G+5,16,0,59,56,12,ja,72,18,6,941,Treffer Figur,095bxx:12,,,,768,61,,-4.0,961,318,56
fern_b_mh20_62,54,Messer,18,20,-x,-61,1,0,61,1,r,ja,60,G+6,20,0,59,56,12,ja,73,19,7,937,Treffer Figur,095bxx:12,,,,768,62,,-4.0,961,318,56
fern_b_mh_100,44,Messer,18,9,-x,-61,7,0,61,1,r,nein,,,,,,,,,98,54,54,749,Ablauf,,,,,768,100,52,-4.0,961,312,56
fern_b_mh_48,44,Messer,18,9,-x,-61,7,0,61,1,r,ja,45,G+1,0,0,48,56,10,ja,58,14,2,957,Treffer Figur,095bxx:12,,,,768,48,,-4.0,961,312,56
fern_b_mh_49,44,Messer,18,9,-x,-61,7,0,61,1,r,ja,45,G+1,0,0,49,56,10,ja,58,14,2,957,Treffer Figur,095bxx:12,,,,768,49,,-4.0,961,312,56
fern_b_mh_50,44,Messer,18,9,-x,-61,7,0,61,1,r,ja,45,G+1,0,0,50,56,10,ja,58,14,2,957,Treffer Figur,095bxx:12,,,,768,50,,-4.0,961,312,56
fern_b_mh_51,44,Messer,18,9,-x,-61,7,0,61,1,r,ja,45,G+1,0,0,51,56,10,ja,58,14,2,957,Treffer Figur,095bxx:12,,,,768,51,,-4.0,961,312,56
fern_b_mh_52,44,Messer,18,9,-x,-61,7,0,61,1,r,ja,45,G+1,0,0,52,56,10,ja,58,14,2,957,Treffer Figur,095bxx:12,,,,768,52,,-4.0,961,312,56
fern_b_mh_53,44,Messer,18,9,-x,-61,7,0,61,1,r,ja,45,G+1,0,0,53,56,10,ja,58,14,2,957,Treffer Figur,095bxx:12,,,,768,53,,-4.0,961,312,56
fern_b_mh_54,44,Messer,18,9,-x,-61,7,0,61,1,r,ja,45,G+1,0,0,54,56,10,ja,58,14,2,957,Treffer Figur,095bxx:12,,,,768,54,,-4.0,961,312,56
fern_b_mh_55,44,Messer,18,9,-x,-61,7,0,61,1,r,ja,45,G+1,0,0,55,56,10,ja,58,14,2,957,Treffer Figur,095bxx:12,,,,768,55,,-4.0,961,312,56
fern_b_mh_56,44,Messer,18,9,-x,-61,7,0,61,1,r,ja,45,G+1,0,0,56,56,10,ja,58,14,2,957,Treffer Figur,095bxx:12,,,,768,56,,-4.0,961,312,56
fern_b_mh_57,44,Messer,18,9,-x,-61,7,0,61,1,r,ja,45,G+1,0,0,57,56,10,ja,58,14,2,957,Treffer Figur,095bxx:12,,,,768,57,,-4.0,961,312,56
fern_b_mh_58,44,Messer,18,9,-x,-61,7,0,61,1,r,ja,45,G+1,0,0,58,56,10,ja,58,14,2,957,Treffer Figur,095bxx:12,,,,768,58,,-4.0,961,312,56
fern_b_mh_59,44,Messer,18,9,-x,-61,7,0,61,1,r,ja,45,G+1,0,0,59,56,10,ja,58,14,2,957,Treffer Figur,095bxx:12,,,,768,59,,-4.0,961,312,56
fern_b_mh_60,44,Messer,18,9,-x,-61,7,0,61,1,r,ja,47,G+3,8,0,59,56,10,ja,60,16,4,949,Treffer Figur,095bxx:12,,,,768,60,,-4.0,961,312,56
fern_b_mh_61,44,Messer,18,9,-x,-61,7,0,61,1,r,ja,49,G+5,16,0,59,56,10,ja,62,18,6,941,Treffer Figur,095bxx:12,,,,768,61,,-4.0,961,312,56
fern_b_mh_62,44,Messer,18,9,-x,-61,7,0,61,1,r,ja,50,G+6,20,0,59,56,10,ja,63,19,7,937,Treffer Figur,095bxx:12,,,,768,62,,-4.0,961,312,56
fern_b_mh_63,44,Messer,18,9,-x,-61,7,0,61,1,r,nein,,,,,,,,,98,54,54,749,Ablauf,,,,,768,63,15,-4.0,961,312,56
fern_b_mh_64,44,Messer,18,9,-x,-61,7,0,61,1,r,nein,,,,,,,,,98,54,54,749,Ablauf,,,,,768,64,16,-4.0,961,312,56
fern_b_mh_65,44,Messer,18,9,-x,-61,7,0,61,1,r,nein,,,,,,,,,98,54,54,749,Ablauf,,,,,768,65,17,-4.0,961,312,56
fern_b_mh_66,44,Messer,18,9,-x,-61,7,0,61,1,r,nein,,,,,,,,,98,54,54,749,Ablauf,,,,,768,66,18,-4.0,961,312,56
fern_b_mh_67,44,Messer,18,9,-x,-61,7,0,61,1,r,nein,,,,,,,,,98,54,54,749,Ablauf,,,,,768,67,19,-4.0,961,312,56
fern_b_mh_68,44,Messer,18,9,-x,-61,7,0,61,1,r,nein,,,,,,,,,98,54,54,749,Ablauf,,,,,768,68,20,-4.0,961,312,56
fern_b_mh_72,44,Messer,18,9,-x,-61,7,0,61,1,r,nein,,,,,,,,,98,54,54,749,Ablauf,,,,,768,72,24,-4.0,961,312,56
fern_b_mh_80,44,Messer,18,9,-x,-61,7,0,61,1,r,nein,,,,,,,,,98,54,54,749,Ablauf,,,,,768,80,32,-4.0,961,312,56
fern_b_mx20_l-10,54,Messer,18,20,-x,-63,1,0,63,1,l,ja,55,G+1,-6,0,0,56,12,ja,68,14,2,957,Treffer Figur,095bxx:12,,,,768,0,,-4.0,961,318,56
fern_b_mx20_l-12,54,Messer,18,20,-x,-63,1,0,63,1,l,ja,55,G+1,-8,0,0,56,12,ja,68,14,2,957,Treffer Figur,095bxx:12,,,,768,0,,-4.0,961,318,56
fern_b_mx20_l-14,54,Messer,18,20,-x,-63,1,0,63,1,l,ja,55,G+1,-10,0,0,56,12,ja,68,14,2,957,Treffer Figur,095bxx:12,,,,768,0,,-4.0,961,318,56
fern_b_mx20_l-16,54,Messer,18,20,-x,-63,1,0,63,1,l,ja,55,G+1,-12,0,0,56,12,ja,68,14,2,957,Treffer Figur,095bxx:12,,,,768,0,,-4.0,961,318,56
fern_b_mx20_l-18,54,Messer,18,20,-x,-63,1,0,63,1,l,ja,55,G+1,-14,0,0,56,12,ja,68,14,2,957,Treffer Figur,095bxx:12,,,,768,0,,-4.0,961,318,56
fern_b_mx20_l-20,54,Messer,18,20,-x,-63,1,0,63,1,l,ja,55,G+1,-16,0,0,56,12,ja,68,14,2,957,Treffer Figur,095bxx:12,,,,768,0,,-4.0,961,318,56
fern_b_mx20_l-22,54,Messer,18,20,-x,-63,1,0,63,1,l,ja,55,G+1,-18,0,0,56,12,ja,68,14,2,957,Treffer Figur,095bxx:12,,,,768,0,,-4.0,961,318,56
fern_b_mx20_l-24,54,Messer,18,20,-x,-63,1,0,63,1,l,ja,55,G+1,-20,0,0,56,12,ja,68,14,2,957,Treffer Figur,095bxx:12,,,,768,0,,-4.0,961,318,56
fern_b_mx20_l-26,54,Messer,18,20,-x,-63,1,0,63,1,l,ja,55,G+1,-22,0,0,56,12,ja,68,14,2,957,Treffer Figur,095bxx:12,,,,768,0,,-4.0,961,318,56
fern_b_mx20_l-28,54,Messer,18,20,-x,-24,0,0,24,36,l,ja,91,G+37,-21,0,0,56,12,ja,104,50,38,813,Treffer Figur,095bxx:12,,,,768,0,0,-4.0,961,318,56
fern_b_mx20_l-2,54,Messer,18,20,-x,-63,1,0,63,1,l,ja,55,G+1,2,0,0,56,12,ja,68,14,2,957,Treffer Figur,095bxx:12,,,,768,0,,-4.0,961,318,56
fern_b_mx20_l-30,54,Messer,18,20,-x,-26,0,0,26,35,l,ja,91,G+37,-21,0,0,56,12,ja,104,50,38,813,Treffer Figur,095bxx:12,,,,768,0,0,-4.0,961,318,56
fern_b_mx20_l-32,54,Messer,18,20,-x,-28,0,0,28,35,l,ja,91,G+37,-21,0,0,56,12,ja,104,50,38,813,Treffer Figur,095bxx:12,,,,768,0,0,-4.0,961,318,56
fern_b_mx20_l-34,54,Messer,18,20,-x,-30,0,0,30,34,l,ja,91,G+37,-21,0,0,56,12,ja,104,50,38,813,Treffer Figur,095bxx:12,,,,768,0,0,-4.0,961,318,56
fern_b_mx20_l-36,54,Messer,18,20,-x,-32,0,0,32,34,l,ja,91,G+37,-21,0,0,56,12,ja,104,50,38,813,Treffer Figur,095bxx:12,,,,768,0,0,-4.0,961,318,56
fern_b_mx20_l-38,54,Messer,18,20,-x,-34,0,0,34,33,l,ja,91,G+37,-21,0,0,56,12,ja,104,50,38,813,Treffer Figur,095bxx:12,,,,768,0,0,-4.0,961,318,56
fern_b_mx20_l-40,54,Messer,18,20,-x,-36,0,0,36,33,l,ja,91,G+37,-21,0,0,56,12,ja,104,50,38,813,Treffer Figur,095bxx:12,,,,768,0,0,-4.0,961,318,56
fern_b_mx20_l-42,54,Messer,18,20,-x,-38,0,0,38,32,l,ja,91,G+37,-21,0,0,56,12,ja,104,50,38,813,Treffer Figur,095bxx:12,,,,768,0,0,-4.0,961,318,56
fern_b_mx20_l-4,54,Messer,18,20,-x,-63,1,0,63,1,l,ja,55,G+1,0,0,0,56,12,ja,68,14,2,957,Treffer Figur,095bxx:12,,,,768,0,,-4.0,961,318,56
fern_b_mx20_l-6,54,Messer,18,20,-x,-63,1,0,63,1,l,ja,55,G+1,-2,0,0,56,12,ja,68,14,2,957,Treffer Figur,095bxx:12,,,,768,0,,-4.0,961,318,56
fern_b_mx20_l-8,54,Messer,18,20,-x,-63,1,0,63,1,l,ja,55,G+1,-4,0,0,56,12,ja,68,14,2,957,Treffer Figur,095bxx:12,,,,768,0,,-4.0,961,318,56
fern_b_mx20_l0,54,Messer,18,20,-x,-63,1,0,63,1,l,ja,55,G+1,4,0,0,56,12,ja,68,14,2,957,Treffer Figur,095bxx:12,,,,768,0,,-4.0,961,318,56
fern_b_mx20_l10,54,Messer,18,20,-x,-63,1,0,63,1,l,ja,55,G+1,14,0,0,56,12,ja,68,14,2,957,Treffer Figur,095bxx:12,,,,771,0,,-4.0,961,318,56
fern_b_mx20_l12,54,Messer,18,20,-x,-63,1,0,63,1,l,ja,55,G+1,16,0,0,56,12,ja,68,14,2,957,Treffer Figur,095bxx:12,,,,773,0,,-4.0,961,318,56
fern_b_mx20_l14,54,Messer,18,20,-x,-63,1,0,63,1,l,ja,55,G+1,18,0,0,56,12,ja,68,14,2,957,Treffer Figur,095bxx:12,,,,770,0,,-4.0,961,318,56
fern_b_mx20_l16,54,Messer,18,20,-x,-63,1,0,63,1,l,ja,55,G+1,20,0,0,56,12,ja,68,14,2,957,Treffer Figur,095bxx:12,,,,770,0,,-4.0,961,318,56
fern_b_mx20_l18,54,Messer,18,20,-x,-63,1,0,63,1,l,ja,55,G+1,22,0,0,56,12,ja,68,14,2,957,Treffer Figur,095bxx:12,,,,770,0,,-4.0,961,318,56
fern_b_mx20_l20,54,Messer,18,20,-x,-63,1,0,63,1,l,ja,55,G+1,24,0,0,56,12,ja,68,14,2,957,Treffer Figur,095bxx:12,,,,770,0,,-4.0,961,318,56
fern_b_mx20_l22,54,Messer,18,20,-x,-63,1,0,63,1,l,ja,55,G+1,26,0,0,56,12,ja,68,14,2,957,Treffer Figur,095bxx:12,,,,770,0,,-4.0,961,318,56
fern_b_mx20_l24,54,Messer,18,20,-x,28,0,0,-28,47,l,nein,,,,,,,,,106,52,52,757,Ablauf,,,,,777,0,0,-4.0,961,318,56
fern_b_mx20_l26,54,Messer,18,20,-x,30,0,0,-30,48,l,nein,,,,,,,,,106,52,52,757,Ablauf,,,,,775,0,0,-4.0,961,318,56
fern_b_mx20_l28,54,Messer,18,20,-x,32,0,0,-32,48,l,nein,,,,,,,,,106,52,52,757,Ablauf,,,,,777,0,0,-4.0,961,318,56
fern_b_mx20_l2,54,Messer,18,20,-x,-63,1,0,63,1,l,ja,55,G+1,6,0,0,56,12,ja,68,14,2,957,Treffer Figur,095bxx:12,,,,768,0,,-4.0,961,318,56
fern_b_mx20_l4,54,Messer,18,20,-x,-63,1,0,63,1,l,ja,55,G+1,8,0,0,56,12,ja,68,14,2,957,Treffer Figur,095bxx:12,,,,768,0,,-4.0,961,318,56
fern_b_mx20_l6,54,Messer,18,20,-x,-63,1,0,63,1,l,ja,55,G+1,10,0,0,56,12,ja,68,14,2,957,Treffer Figur,095bxx:12,,,,768,0,,-4.0,961,318,56
fern_b_mx20_l8,54,Messer,18,20,-x,-63,1,0,63,1,l,ja,55,G+1,12,0,0,56,12,ja,68,14,2,957,Treffer Figur,095bxx:12,,,,769,0,,-4.0,961,318,56
fern_b_mx20_r-10,54,Messer,18,20,-x,-61,1,0,61,1,r,ja,55,G+1,-6,0,0,56,12,ja,68,14,2,957,Treffer Figur,095bxx:12,,,,768,0,,-4.0,961,318,56
fern_b_mx20_r-12,54,Messer,18,20,-x,-61,1,0,61,1,r,ja,55,G+1,-8,0,0,56,12,ja,68,14,2,957,Treffer Figur,095bxx:12,,,,768,0,,-4.0,961,318,56
fern_b_mx20_r-14,54,Messer,18,20,-x,-61,1,0,61,1,r,ja,55,G+1,-10,0,0,56,12,ja,68,14,2,957,Treffer Figur,095bxx:12,,,,768,0,,-4.0,961,318,56
fern_b_mx20_r-16,54,Messer,18,20,-x,-61,1,0,61,1,r,ja,55,G+1,-12,0,0,56,12,ja,68,14,2,957,Treffer Figur,095bxx:12,,,,768,0,,-4.0,961,318,56
fern_b_mx20_r-18,54,Messer,18,20,-x,-61,1,0,61,1,r,ja,55,G+1,-14,0,0,56,12,ja,68,14,2,957,Treffer Figur,095bxx:12,,,,768,0,,-4.0,961,318,56
fern_b_mx20_r-20,54,Messer,18,20,-x,-61,1,0,61,1,r,ja,55,G+1,-16,0,0,56,12,ja,68,14,2,957,Treffer Figur,095bxx:12,,,,768,0,,-4.0,961,318,56
fern_b_mx20_r-22,54,Messer,18,20,-x,-61,1,0,61,1,r,ja,55,G+1,-18,0,0,56,12,ja,68,14,2,957,Treffer Figur,095bxx:12,,,,768,0,,-4.0,961,318,56
fern_b_mx20_r-24,54,Messer,18,20,-x,-61,1,0,61,1,r,ja,55,G+1,-20,0,0,56,12,ja,68,14,2,957,Treffer Figur,095bxx:12,,,,768,0,,-4.0,961,318,56
fern_b_mx20_r-26,54,Messer,18,20,-x,-61,1,0,61,1,r,ja,55,G+1,-22,0,0,56,12,ja,68,14,2,957,Treffer Figur,095bxx:12,,,,768,0,,-4.0,961,318,56
fern_b_mx20_r-28,54,Messer,18,20,-x,-61,1,0,61,1,r,ja,55,G+1,-24,0,0,56,12,ja,68,14,2,957,Treffer Figur,095bxx:12,,,,768,0,,-4.0,961,318,56
fern_b_mx20_r-2,54,Messer,18,20,-x,-61,1,0,61,1,r,ja,55,G+1,2,0,0,56,12,ja,68,14,2,957,Treffer Figur,095bxx:12,,,,768,0,,-4.0,961,318,56
fern_b_mx20_r-30,54,Messer,18,20,-x,-61,1,0,61,1,r,ja,55,G+1,-26,0,0,56,12,ja,68,14,2,957,Treffer Figur,095bxx:12,,,,768,0,,-4.0,961,318,56
fern_b_mx20_r-32,54,Messer,18,20,-x,-61,1,0,61,1,r,ja,55,G+1,-28,0,0,56,12,ja,68,14,2,957,Treffer Figur,095bxx:12,,,,768,0,,-4.0,961,318,56
fern_b_mx20_r-34,54,Messer,18,20,-x,-61,1,0,61,1,r,ja,55,G+1,-30,0,0,56,12,ja,68,14,2,957,Treffer Figur,095bxx:12,,,,768,0,,-4.0,961,318,56
fern_b_mx20_r-36,54,Messer,18,20,-x,-32,0,0,32,34,r,ja,89,G+35,-29,0,0,56,12,ja,102,48,36,821,Treffer Figur,095bxx:12,,,,768,0,0,-4.0,961,318,56
fern_b_mx20_r-38,54,Messer,18,20,-x,-34,0,0,34,33,r,ja,89,G+35,-29,0,0,56,12,ja,102,48,36,821,Treffer Figur,095bxx:12,,,,768,0,0,-4.0,961,318,56
fern_b_mx20_r-40,54,Messer,18,20,-x,-36,0,0,36,33,r,ja,89,G+35,-29,0,0,56,12,ja,102,48,36,821,Treffer Figur,095bxx:12,,,,768,0,0,-4.0,961,318,56
fern_b_mx20_r-42,54,Messer,18,20,-x,-38,0,0,38,32,r,ja,89,G+35,-29,0,0,56,12,ja,102,48,36,821,Treffer Figur,095bxx:12,,,,768,0,0,-4.0,961,318,56
fern_b_mx20_r-4,54,Messer,18,20,-x,-61,1,0,61,1,r,ja,55,G+1,0,0,0,56,12,ja,68,14,2,957,Treffer Figur,095bxx:12,,,,768,0,,-4.0,961,318,56
fern_b_mx20_r-6,54,Messer,18,20,-x,-61,1,0,61,1,r,ja,55,G+1,-2,0,0,56,12,ja,68,14,2,957,Treffer Figur,095bxx:12,,,,768,0,,-4.0,961,318,56
fern_b_mx20_r-8,54,Messer,18,20,-x,-61,1,0,61,1,r,ja,55,G+1,-4,0,0,56,12,ja,68,14,2,957,Treffer Figur,095bxx:12,,,,768,0,,-4.0,961,318,56
fern_b_mx20_r0,54,Messer,18,20,-x,-61,1,0,61,1,r,ja,55,G+1,4,0,0,56,12,ja,68,14,2,957,Treffer Figur,095bxx:12,,,,768,0,,-4.0,961,318,56
fern_b_mx20_r10,54,Messer,18,20,-x,-61,1,0,61,1,r,ja,55,G+1,14,0,0,56,12,ja,68,14,2,957,Treffer Figur,095bxx:12,,,,771,0,,-4.0,961,318,56
fern_b_mx20_r12,54,Messer,18,20,-x,-61,1,0,61,1,r,ja,55,G+1,16,0,0,56,12,ja,68,14,2,957,Treffer Figur,095bxx:12,,,,773,0,,-4.0,961,318,56
fern_b_mx20_r14,54,Messer,18,20,-x,-61,1,0,61,1,r,ja,55,G+1,18,0,0,56,12,ja,68,14,2,957,Treffer Figur,095bxx:12,,,,770,0,,-4.0,961,318,56
fern_b_mx20_r16,54,Messer,18,20,-x,20,0,0,-20,46,r,nein,,,,,,,,,107,53,53,753,Ablauf,,,,,773,0,0,-4.0,961,318,56
fern_b_mx20_r18,54,Messer,18,20,-x,22,0,0,-22,46,r,nein,,,,,,,,,106,52,52,757,Ablauf,,,,,775,0,0,-4.0,961,318,56
fern_b_mx20_r20,54,Messer,18,20,-x,24,0,0,-24,47,r,nein,,,,,,,,,107,53,53,753,Ablauf,,,,,773,0,0,-4.0,961,318,56
fern_b_mx20_r22,54,Messer,18,20,-x,26,0,0,-26,47,r,nein,,,,,,,,,106,52,52,757,Ablauf,,,,,775,0,0,-4.0,961,318,56
fern_b_mx20_r24,54,Messer,18,20,-x,28,0,0,-28,47,r,nein,,,,,,,,,106,52,52,757,Ablauf,,,,,777,0,0,-4.0,961,318,56
fern_b_mx20_r26,54,Messer,18,20,-x,30,0,0,-30,48,r,nein,,,,,,,,,106,52,52,757,Ablauf,,,,,775,0,0,-4.0,961,318,56
fern_b_mx20_r28,54,Messer,18,20,-x,32,0,0,-32,48,r,nein,,,,,,,,,106,52,52,757,Ablauf,,,,,777,0,0,-4.0,961,318,56
fern_b_mx20_r2,54,Messer,18,20,-x,-61,1,0,61,1,r,ja,55,G+1,6,0,0,56,12,ja,68,14,2,957,Treffer Figur,095bxx:12,,,,768,0,,-4.0,961,318,56
fern_b_mx20_r4,54,Messer,18,20,-x,-61,1,0,61,1,r,ja,55,G+1,8,0,0,56,12,ja,68,14,2,957,Treffer Figur,095bxx:12,,,,768,0,,-4.0,961,318,56
fern_b_mx20_r6,54,Messer,18,20,-x,-61,1,0,61,1,r,ja,55,G+1,10,0,0,56,12,ja,68,14,2,957,Treffer Figur,095bxx:12,,,,768,0,,-4.0,961,318,56
fern_b_mx20_r8,54,Messer,18,20,-x,-61,1,0,61,1,r,ja,55,G+1,12,0,0,56,12,ja,68,14,2,957,Treffer Figur,095bxx:12,,,,769,0,,-4.0,961,318,56
fern_b_mx_l-10,44,Messer,18,9,-x,-63,7,0,63,1,l,ja,45,G+1,-6,0,0,56,10,ja,58,14,2,957,Treffer Figur,095bxx:12,,,,768,0,,-4.0,961,312,56
fern_b_mx_l-11,44,Messer,18,9,-x,-63,7,0,63,1,l,ja,45,G+1,-7,0,0,56,10,ja,58,14,2,957,Treffer Figur,095bxx:12,,,,768,0,,-4.0,961,312,56
fern_b_mx_l-12,44,Messer,18,9,-x,-63,7,0,63,1,l,ja,45,G+1,-8,0,0,56,10,ja,58,14,2,957,Treffer Figur,095bxx:12,,,,768,0,,-4.0,961,312,56
fern_b_mx_l-13,44,Messer,18,9,-x,-63,7,0,63,1,l,ja,45,G+1,-9,0,0,56,10,ja,58,14,2,957,Treffer Figur,095bxx:12,,,,768,0,,-4.0,961,312,56
fern_b_mx_l-14,44,Messer,18,9,-x,-63,7,0,63,1,l,ja,45,G+1,-10,0,0,56,10,ja,58,14,2,957,Treffer Figur,095bxx:12,,,,768,0,,-4.0,961,312,56
fern_b_mx_l-15,44,Messer,18,9,-x,-63,7,0,63,1,l,ja,45,G+1,-11,0,0,56,10,ja,58,14,2,957,Treffer Figur,095bxx:12,,,,768,0,,-4.0,961,312,56
fern_b_mx_l-16,44,Messer,18,9,-x,-63,7,0,63,1,l,ja,45,G+1,-12,0,0,56,10,ja,58,14,2,957,Treffer Figur,095bxx:12,,,,768,0,,-4.0,961,312,56
fern_b_mx_l-17,44,Messer,18,9,-x,-63,7,0,63,1,l,ja,45,G+1,-13,0,0,56,10,ja,58,14,2,957,Treffer Figur,095bxx:12,,,,768,0,,-4.0,961,312,56
fern_b_mx_l-18,44,Messer,18,9,-x,-63,7,0,63,1,l,ja,45,G+1,-14,0,0,56,10,ja,58,14,2,957,Treffer Figur,095bxx:12,,,,768,0,,-4.0,961,312,56
fern_b_mx_l-19,44,Messer,18,9,-x,-63,7,0,63,1,l,ja,45,G+1,-15,0,0,56,10,ja,58,14,2,957,Treffer Figur,095bxx:12,,,,768,0,,-4.0,961,312,56
fern_b_mx_l-1,44,Messer,18,9,-x,-63,7,0,63,1,l,ja,45,G+1,3,0,0,56,10,ja,58,14,2,957,Treffer Figur,095bxx:12,,,,768,0,,-4.0,961,312,56
fern_b_mx_l-20,44,Messer,18,9,-x,-63,7,0,63,1,l,ja,45,G+1,-16,0,0,56,10,ja,58,14,2,957,Treffer Figur,095bxx:12,,,,768,0,,-4.0,961,312,56
fern_b_mx_l-21,44,Messer,18,9,-x,-63,7,0,63,1,l,ja,45,G+1,-17,0,0,56,10,ja,58,14,2,957,Treffer Figur,095bxx:12,,,,768,0,,-4.0,961,312,56
fern_b_mx_l-22,44,Messer,18,9,-x,-63,7,0,63,1,l,ja,45,G+1,-18,0,0,56,10,ja,58,14,2,957,Treffer Figur,095bxx:12,,,,768,0,,-4.0,961,312,56
fern_b_mx_l-23,44,Messer,18,9,-x,-63,7,0,63,1,l,ja,45,G+1,-19,0,0,56,10,ja,58,14,2,957,Treffer Figur,095bxx:12,,,,768,0,,-4.0,961,312,56
fern_b_mx_l-24,44,Messer,18,9,-x,-63,7,0,63,1,l,ja,45,G+1,-20,0,0,56,10,ja,58,14,2,957,Treffer Figur,095bxx:12,,,,768,0,,-4.0,961,312,56
fern_b_mx_l-25,44,Messer,18,9,-x,-63,7,0,63,1,l,ja,45,G+1,-21,0,0,56,10,ja,58,14,2,957,Treffer Figur,095bxx:12,,,,768,0,,-4.0,961,312,56
fern_b_mx_l-26,44,Messer,18,9,-x,-63,7,0,63,1,l,ja,45,G+1,-22,0,0,56,10,ja,58,14,2,957,Treffer Figur,095bxx:12,,,,768,0,,-4.0,961,312,56
fern_b_mx_l-27,44,Messer,18,9,-x,-23,0,0,23,36,l,ja,81,G+37,-21,0,0,56,10,ja,94,50,38,813,Treffer Figur,095bxx:12,,,,768,0,0,-4.0,961,312,56
fern_b_mx_l-28,44,Messer,18,9,-x,-24,0,0,24,36,l,ja,81,G+37,-21,0,0,56,10,ja,94,50,38,813,Treffer Figur,095bxx:12,,,,768,0,0,-4.0,961,312,56
fern_b_mx_l-29,44,Messer,18,9,-x,-25,0,0,25,36,l,ja,81,G+37,-21,0,0,56,10,ja,94,50,38,813,Treffer Figur,095bxx:12,,,,768,0,0,-4.0,961,312,56
fern_b_mx_l-2,44,Messer,18,9,-x,-63,7,0,63,1,l,ja,45,G+1,2,0,0,56,10,ja,58,14,2,957,Treffer Figur,095bxx:12,,,,768,0,,-4.0,961,312,56
fern_b_mx_l-30,44,Messer,18,9,-x,-26,0,0,26,35,l,ja,81,G+37,-21,0,0,56,10,ja,94,50,38,813,Treffer Figur,095bxx:12,,,,768,0,0,-4.0,961,312,56
fern_b_mx_l-31,44,Messer,18,9,-x,-27,0,0,27,35,l,ja,81,G+37,-21,0,0,56,10,ja,94,50,38,813,Treffer Figur,095bxx:12,,,,768,0,0,-4.0,961,312,56
fern_b_mx_l-32,44,Messer,18,9,-x,-28,0,0,28,35,l,ja,81,G+37,-21,0,0,56,10,ja,94,50,38,813,Treffer Figur,095bxx:12,,,,768,0,0,-4.0,961,312,56
fern_b_mx_l-33,44,Messer,18,9,-x,-29,0,0,29,35,l,ja,81,G+37,-21,0,0,56,10,ja,94,50,38,813,Treffer Figur,095bxx:12,,,,768,0,0,-4.0,961,312,56
fern_b_mx_l-34,44,Messer,18,9,-x,-30,0,0,30,34,l,ja,81,G+37,-21,0,0,56,10,ja,94,50,38,813,Treffer Figur,095bxx:12,,,,768,0,0,-4.0,961,312,56
fern_b_mx_l-35,44,Messer,18,9,-x,-31,0,0,31,34,l,ja,81,G+37,-21,0,0,56,10,ja,94,50,38,813,Treffer Figur,095bxx:12,,,,768,0,0,-4.0,961,312,56
fern_b_mx_l-36,44,Messer,18,9,-x,-32,0,0,32,34,l,ja,81,G+37,-21,0,0,56,10,ja,94,50,38,813,Treffer Figur,095bxx:12,,,,768,0,0,-4.0,961,312,56
fern_b_mx_l-37,44,Messer,18,9,-x,-33,0,0,33,34,l,ja,81,G+37,-21,0,0,56,10,ja,94,50,38,813,Treffer Figur,095bxx:12,,,,768,0,0,-4.0,961,312,56
fern_b_mx_l-38,44,Messer,18,9,-x,-34,0,0,34,33,l,ja,81,G+37,-21,0,0,56,10,ja,94,50,38,813,Treffer Figur,095bxx:12,,,,768,0,0,-4.0,961,312,56
fern_b_mx_l-39,44,Messer,18,9,-x,-35,0,0,35,33,l,ja,81,G+37,-21,0,0,56,10,ja,94,50,38,813,Treffer Figur,095bxx:12,,,,768,0,0,-4.0,961,312,56
fern_b_mx_l-3,44,Messer,18,9,-x,-63,7,0,63,1,l,ja,45,G+1,1,0,0,56,10,ja,58,14,2,957,Treffer Figur,095bxx:12,,,,768,0,,-4.0,961,312,56
fern_b_mx_l-40,44,Messer,18,9,-x,-36,0,0,36,33,l,ja,81,G+37,-21,0,0,56,10,ja,94,50,38,813,Treffer Figur,095bxx:12,,,,768,0,0,-4.0,961,312,56
fern_b_mx_l-41,44,Messer,18,9,-x,-37,0,0,37,33,l,ja,81,G+37,-21,0,0,56,10,ja,94,50,38,813,Treffer Figur,095bxx:12,,,,768,0,0,-4.0,961,312,56
fern_b_mx_l-42,44,Messer,18,9,-x,-38,0,0,38,32,l,ja,81,G+37,-21,0,0,56,10,ja,94,50,38,813,Treffer Figur,095bxx:12,,,,768,0,0,-4.0,961,312,56
fern_b_mx_l-4,44,Messer,18,9,-x,-63,7,0,63,1,l,ja,45,G+1,0,0,0,56,10,ja,58,14,2,957,Treffer Figur,095bxx:12,,,,768,0,,-4.0,961,312,56
fern_b_mx_l-5,44,Messer,18,9,-x,-63,7,0,63,1,l,ja,45,G+1,-1,0,0,56,10,ja,58,14,2,957,Treffer Figur,095bxx:12,,,,768,0,,-4.0,961,312,56
fern_b_mx_l-6,44,Messer,18,9,-x,-63,7,0,63,1,l,ja,45,G+1,-2,0,0,56,10,ja,58,14,2,957,Treffer Figur,095bxx:12,,,,768,0,,-4.0,961,312,56
fern_b_mx_l-7,44,Messer,18,9,-x,-63,7,0,63,1,l,ja,45,G+1,-3,0,0,56,10,ja,58,14,2,957,Treffer Figur,095bxx:12,,,,768,0,,-4.0,961,312,56
fern_b_mx_l-8,44,Messer,18,9,-x,-63,7,0,63,1,l,ja,45,G+1,-4,0,0,56,10,ja,58,14,2,957,Treffer Figur,095bxx:12,,,,768,0,,-4.0,961,312,56
fern_b_mx_l-9,44,Messer,18,9,-x,-63,7,0,63,1,l,ja,45,G+1,-5,0,0,56,10,ja,58,14,2,957,Treffer Figur,095bxx:12,,,,768,0,,-4.0,961,312,56
fern_b_mx_l0,44,Messer,18,9,-x,-63,7,0,63,1,l,ja,45,G+1,4,0,0,56,10,ja,58,14,2,957,Treffer Figur,095bxx:12,,,,768,0,,-4.0,961,312,56
fern_b_mx_l10,44,Messer,18,9,-x,-63,7,0,63,1,l,ja,45,G+1,14,0,0,56,10,ja,58,14,2,957,Treffer Figur,095bxx:12,,,,771,0,,-4.0,961,312,56
fern_b_mx_l11,44,Messer,18,9,-x,-63,7,0,63,1,l,ja,45,G+1,15,0,0,56,10,ja,58,14,2,957,Treffer Figur,095bxx:12,,,,772,0,,-4.0,961,312,56
fern_b_mx_l12,44,Messer,18,9,-x,-63,7,0,63,1,l,ja,45,G+1,16,0,0,56,10,ja,58,14,2,957,Treffer Figur,095bxx:12,,,,773,0,,-4.0,961,312,56
fern_b_mx_l13,44,Messer,18,9,-x,-63,7,0,63,1,l,ja,45,G+1,17,0,0,56,10,ja,58,14,2,957,Treffer Figur,095bxx:12,,,,770,0,,-4.0,961,312,56
fern_b_mx_l14,44,Messer,18,9,-x,-63,7,0,63,1,l,ja,45,G+1,18,0,0,56,10,ja,58,14,2,957,Treffer Figur,095bxx:12,,,,770,0,,-4.0,961,312,56
fern_b_mx_l15,44,Messer,18,9,-x,-63,7,0,63,1,l,ja,45,G+1,19,0,0,56,10,ja,58,14,2,957,Treffer Figur,095bxx:12,,,,770,0,,-4.0,961,312,56
fern_b_mx_l16,44,Messer,18,9,-x,-63,7,0,63,1,l,ja,45,G+1,20,0,0,56,10,ja,58,14,2,957,Treffer Figur,095bxx:12,,,,770,0,,-4.0,961,312,56
fern_b_mx_l17,44,Messer,18,9,-x,-63,7,0,63,1,l,ja,45,G+1,21,0,0,56,10,ja,58,14,2,957,Treffer Figur,095bxx:12,,,,770,0,,-4.0,961,312,56
fern_b_mx_l18,44,Messer,18,9,-x,-63,7,0,63,1,l,ja,45,G+1,22,0,0,56,10,ja,58,14,2,957,Treffer Figur,095bxx:12,,,,770,0,,-4.0,961,312,56
fern_b_mx_l19,44,Messer,18,9,-x,-63,7,0,63,1,l,ja,45,G+1,23,0,0,56,10,ja,58,14,2,957,Treffer Figur,095bxx:12,,,,770,0,,-4.0,961,312,56
fern_b_mx_l1,44,Messer,18,9,-x,-63,7,0,63,1,l,ja,45,G+1,5,0,0,56,10,ja,58,14,2,957,Treffer Figur,095bxx:12,,,,768,0,,-4.0,961,312,56
fern_b_mx_l20,44,Messer,18,9,-x,-63,7,0,63,1,l,ja,45,G+1,24,0,0,56,10,ja,58,14,2,957,Treffer Figur,095bxx:12,,,,770,0,,-4.0,961,312,56
fern_b_mx_l21,44,Messer,18,9,-x,-63,7,0,63,1,l,ja,45,G+1,25,0,0,56,10,ja,58,14,2,957,Treffer Figur,095bxx:12,,,,770,0,,-4.0,961,312,56
fern_b_mx_l22,44,Messer,18,9,-x,-63,7,0,63,1,l,ja,45,G+1,26,0,0,56,10,ja,58,14,2,957,Treffer Figur,095bxx:12,,,,770,0,,-4.0,961,312,56
fern_b_mx_l23,44,Messer,18,9,-x,-63,7,0,63,1,l,ja,45,G+1,27,0,0,56,10,ja,58,14,2,957,Treffer Figur,095bxx:12,,,,770,0,,-4.0,961,312,56
fern_b_mx_l24,44,Messer,18,9,-x,28,0,0,-28,47,l,nein,,,,,,,,,96,52,52,757,Ablauf,,,,,777,0,0,-4.0,961,312,56
fern_b_mx_l25,44,Messer,18,9,-x,29,0,0,-29,47,l,nein,,,,,,,,,96,52,52,757,Ablauf,,,,,775,0,0,-4.0,961,312,56
fern_b_mx_l26,44,Messer,18,9,-x,30,0,0,-30,48,l,nein,,,,,,,,,96,52,52,757,Ablauf,,,,,775,0,0,-4.0,961,312,56
fern_b_mx_l27,44,Messer,18,9,-x,31,0,0,-31,48,l,nein,,,,,,,,,96,52,52,757,Ablauf,,,,,776,0,0,-4.0,961,312,56
fern_b_mx_l28,44,Messer,18,9,-x,32,0,0,-32,48,l,nein,,,,,,,,,96,52,52,757,Ablauf,,,,,777,0,0,-4.0,961,312,56
fern_b_mx_l2,44,Messer,18,9,-x,-63,7,0,63,1,l,ja,45,G+1,6,0,0,56,10,ja,58,14,2,957,Treffer Figur,095bxx:12,,,,768,0,,-4.0,961,312,56
fern_b_mx_l3,44,Messer,18,9,-x,-63,7,0,63,1,l,ja,45,G+1,7,0,0,56,10,ja,58,14,2,957,Treffer Figur,095bxx:12,,,,768,0,,-4.0,961,312,56
fern_b_mx_l4,44,Messer,18,9,-x,-63,7,0,63,1,l,ja,45,G+1,8,0,0,56,10,ja,58,14,2,957,Treffer Figur,095bxx:12,,,,768,0,,-4.0,961,312,56
fern_b_mx_l5,44,Messer,18,9,-x,-63,7,0,63,1,l,ja,45,G+1,9,0,0,56,10,ja,58,14,2,957,Treffer Figur,095bxx:12,,,,768,0,,-4.0,961,312,56
fern_b_mx_l6,44,Messer,18,9,-x,-63,7,0,63,1,l,ja,45,G+1,10,0,0,56,10,ja,58,14,2,957,Treffer Figur,095bxx:12,,,,768,0,,-4.0,961,312,56
fern_b_mx_l7,44,Messer,18,9,-x,-63,7,0,63,1,l,ja,45,G+1,11,0,0,56,10,ja,58,14,2,957,Treffer Figur,095bxx:12,,,,768,0,,-4.0,961,312,56
fern_b_mx_l8,44,Messer,18,9,-x,-63,7,0,63,1,l,ja,45,G+1,12,0,0,56,10,ja,58,14,2,957,Treffer Figur,095bxx:12,,,,769,0,,-4.0,961,312,56
fern_b_mx_l9,44,Messer,18,9,-x,-63,7,0,63,1,l,ja,45,G+1,13,0,0,56,10,ja,58,14,2,957,Treffer Figur,095bxx:12,,,,770,0,,-4.0,961,312,56
fern_b_mx_r-10,44,Messer,18,9,-x,-61,7,0,61,1,r,ja,45,G+1,-6,0,0,56,10,ja,58,14,2,957,Treffer Figur,095bxx:12,,,,768,0,,-4.0,961,312,56
fern_b_mx_r-11,44,Messer,18,9,-x,-61,7,0,61,1,r,ja,45,G+1,-7,0,0,56,10,ja,58,14,2,957,Treffer Figur,095bxx:12,,,,768,0,,-4.0,961,312,56
fern_b_mx_r-12,44,Messer,18,9,-x,-61,7,0,61,1,r,ja,45,G+1,-8,0,0,56,10,ja,58,14,2,957,Treffer Figur,095bxx:12,,,,768,0,,-4.0,961,312,56
fern_b_mx_r-13,44,Messer,18,9,-x,-61,7,0,61,1,r,ja,45,G+1,-9,0,0,56,10,ja,58,14,2,957,Treffer Figur,095bxx:12,,,,768,0,,-4.0,961,312,56
fern_b_mx_r-14,44,Messer,18,9,-x,-61,7,0,61,1,r,ja,45,G+1,-10,0,0,56,10,ja,58,14,2,957,Treffer Figur,095bxx:12,,,,768,0,,-4.0,961,312,56
fern_b_mx_r-15,44,Messer,18,9,-x,-61,7,0,61,1,r,ja,45,G+1,-11,0,0,56,10,ja,58,14,2,957,Treffer Figur,095bxx:12,,,,768,0,,-4.0,961,312,56
fern_b_mx_r-16,44,Messer,18,9,-x,-61,7,0,61,1,r,ja,45,G+1,-12,0,0,56,10,ja,58,14,2,957,Treffer Figur,095bxx:12,,,,768,0,,-4.0,961,312,56
fern_b_mx_r-17,44,Messer,18,9,-x,-61,7,0,61,1,r,ja,45,G+1,-13,0,0,56,10,ja,58,14,2,957,Treffer Figur,095bxx:12,,,,768,0,,-4.0,961,312,56
fern_b_mx_r-18,44,Messer,18,9,-x,-61,7,0,61,1,r,ja,45,G+1,-14,0,0,56,10,ja,58,14,2,957,Treffer Figur,095bxx:12,,,,768,0,,-4.0,961,312,56
fern_b_mx_r-19,44,Messer,18,9,-x,-61,7,0,61,1,r,ja,45,G+1,-15,0,0,56,10,ja,58,14,2,957,Treffer Figur,095bxx:12,,,,768,0,,-4.0,961,312,56
fern_b_mx_r-1,44,Messer,18,9,-x,-61,7,0,61,1,r,ja,45,G+1,3,0,0,56,10,ja,58,14,2,957,Treffer Figur,095bxx:12,,,,768,0,,-4.0,961,312,56
fern_b_mx_r-20,44,Messer,18,9,-x,-61,7,0,61,1,r,ja,45,G+1,-16,0,0,56,10,ja,58,14,2,957,Treffer Figur,095bxx:12,,,,768,0,,-4.0,961,312,56
fern_b_mx_r-21,44,Messer,18,9,-x,-61,7,0,61,1,r,ja,45,G+1,-17,0,0,56,10,ja,58,14,2,957,Treffer Figur,095bxx:12,,,,768,0,,-4.0,961,312,56
fern_b_mx_r-22,44,Messer,18,9,-x,-61,7,0,61,1,r,ja,45,G+1,-18,0,0,56,10,ja,58,14,2,957,Treffer Figur,095bxx:12,,,,768,0,,-4.0,961,312,56
fern_b_mx_r-23,44,Messer,18,9,-x,-61,7,0,61,1,r,ja,45,G+1,-19,0,0,56,10,ja,58,14,2,957,Treffer Figur,095bxx:12,,,,768,0,,-4.0,961,312,56
fern_b_mx_r-24,44,Messer,18,9,-x,-61,7,0,61,1,r,ja,45,G+1,-20,0,0,56,10,ja,58,14,2,957,Treffer Figur,095bxx:12,,,,768,0,,-4.0,961,312,56
fern_b_mx_r-25,44,Messer,18,9,-x,-61,7,0,61,1,r,ja,45,G+1,-21,0,0,56,10,ja,58,14,2,957,Treffer Figur,095bxx:12,,,,768,0,,-4.0,961,312,56
fern_b_mx_r-26,44,Messer,18,9,-x,-61,7,0,61,1,r,ja,45,G+1,-22,0,0,56,10,ja,58,14,2,957,Treffer Figur,095bxx:12,,,,768,0,,-4.0,961,312,56
fern_b_mx_r-27,44,Messer,18,9,-x,-61,7,0,61,1,r,ja,45,G+1,-23,0,0,56,10,ja,58,14,2,957,Treffer Figur,095bxx:12,,,,768,0,,-4.0,961,312,56
fern_b_mx_r-28,44,Messer,18,9,-x,-61,7,0,61,1,r,ja,45,G+1,-24,0,0,56,10,ja,58,14,2,957,Treffer Figur,095bxx:12,,,,768,0,,-4.0,961,312,56
fern_b_mx_r-29,44,Messer,18,9,-x,-61,7,0,61,1,r,ja,45,G+1,-25,0,0,56,10,ja,58,14,2,957,Treffer Figur,095bxx:12,,,,768,0,,-4.0,961,312,56
fern_b_mx_r-2,44,Messer,18,9,-x,-61,7,0,61,1,r,ja,45,G+1,2,0,0,56,10,ja,58,14,2,957,Treffer Figur,095bxx:12,,,,768,0,,-4.0,961,312,56
fern_b_mx_r-30,44,Messer,18,9,-x,-61,7,0,61,1,r,ja,45,G+1,-26,0,0,56,10,ja,58,14,2,957,Treffer Figur,095bxx:12,,,,768,0,,-4.0,961,312,56
fern_b_mx_r-31,44,Messer,18,9,-x,-61,7,0,61,1,r,ja,45,G+1,-27,0,0,56,10,ja,58,14,2,957,Treffer Figur,095bxx:12,,,,768,0,,-4.0,961,312,56
fern_b_mx_r-32,44,Messer,18,9,-x,-61,7,0,61,1,r,ja,45,G+1,-28,0,0,56,10,ja,58,14,2,957,Treffer Figur,095bxx:12,,,,768,0,,-4.0,961,312,56
fern_b_mx_r-33,44,Messer,18,9,-x,-61,7,0,61,1,r,ja,45,G+1,-29,0,0,56,10,ja,58,14,2,957,Treffer Figur,095bxx:12,,,,768,0,,-4.0,961,312,56
fern_b_mx_r-34,44,Messer,18,9,-x,-61,7,0,61,1,r,ja,45,G+1,-30,0,0,56,10,ja,58,14,2,957,Treffer Figur,095bxx:12,,,,768,0,,-4.0,961,312,56
fern_b_mx_r-35,44,Messer,18,9,-x,-31,0,0,31,34,r,ja,79,G+35,-29,0,0,56,10,ja,92,48,36,821,Treffer Figur,095bxx:12,,,,768,0,0,-4.0,961,312,56
fern_b_mx_r-36,44,Messer,18,9,-x,-32,0,0,32,34,r,ja,79,G+35,-29,0,0,56,10,ja,92,48,36,821,Treffer Figur,095bxx:12,,,,768,0,0,-4.0,961,312,56
fern_b_mx_r-37,44,Messer,18,9,-x,-33,0,0,33,34,r,ja,79,G+35,-29,0,0,56,10,ja,92,48,36,821,Treffer Figur,095bxx:12,,,,768,0,0,-4.0,961,312,56
fern_b_mx_r-38,44,Messer,18,9,-x,-34,0,0,34,33,r,ja,79,G+35,-29,0,0,56,10,ja,92,48,36,821,Treffer Figur,095bxx:12,,,,768,0,0,-4.0,961,312,56
fern_b_mx_r-39,44,Messer,18,9,-x,-35,0,0,35,33,r,ja,79,G+35,-29,0,0,56,10,ja,92,48,36,821,Treffer Figur,095bxx:12,,,,768,0,0,-4.0,961,312,56
fern_b_mx_r-3,44,Messer,18,9,-x,-61,7,0,61,1,r,ja,45,G+1,1,0,0,56,10,ja,58,14,2,957,Treffer Figur,095bxx:12,,,,768,0,,-4.0,961,312,56
fern_b_mx_r-40,44,Messer,18,9,-x,-36,0,0,36,33,r,ja,79,G+35,-29,0,0,56,10,ja,92,48,36,821,Treffer Figur,095bxx:12,,,,768,0,0,-4.0,961,312,56
fern_b_mx_r-41,44,Messer,18,9,-x,-37,0,0,37,33,r,ja,79,G+35,-29,0,0,56,10,ja,92,48,36,821,Treffer Figur,095bxx:12,,,,768,0,0,-4.0,961,312,56
fern_b_mx_r-42,44,Messer,18,9,-x,-38,0,0,38,32,r,ja,79,G+35,-29,0,0,56,10,ja,92,48,36,821,Treffer Figur,095bxx:12,,,,768,0,0,-4.0,961,312,56
fern_b_mx_r-4,44,Messer,18,9,-x,-61,7,0,61,1,r,ja,45,G+1,0,0,0,56,10,ja,58,14,2,957,Treffer Figur,095bxx:12,,,,768,0,,-4.0,961,312,56
fern_b_mx_r-5,44,Messer,18,9,-x,-61,7,0,61,1,r,ja,45,G+1,-1,0,0,56,10,ja,58,14,2,957,Treffer Figur,095bxx:12,,,,768,0,,-4.0,961,312,56
fern_b_mx_r-6,44,Messer,18,9,-x,-61,7,0,61,1,r,ja,45,G+1,-2,0,0,56,10,ja,58,14,2,957,Treffer Figur,095bxx:12,,,,768,0,,-4.0,961,312,56
fern_b_mx_r-7,44,Messer,18,9,-x,-61,7,0,61,1,r,ja,45,G+1,-3,0,0,56,10,ja,58,14,2,957,Treffer Figur,095bxx:12,,,,768,0,,-4.0,961,312,56
fern_b_mx_r-8,44,Messer,18,9,-x,-61,7,0,61,1,r,ja,45,G+1,-4,0,0,56,10,ja,58,14,2,957,Treffer Figur,095bxx:12,,,,768,0,,-4.0,961,312,56
fern_b_mx_r-9,44,Messer,18,9,-x,-61,7,0,61,1,r,ja,45,G+1,-5,0,0,56,10,ja,58,14,2,957,Treffer Figur,095bxx:12,,,,768,0,,-4.0,961,312,56
fern_b_mx_r0,44,Messer,18,9,-x,-61,7,0,61,1,r,ja,45,G+1,4,0,0,56,10,ja,58,14,2,957,Treffer Figur,095bxx:12,,,,768,0,,-4.0,961,312,56
fern_b_mx_r10,44,Messer,18,9,-x,-61,7,0,61,1,r,ja,45,G+1,14,0,0,56,10,ja,58,14,2,957,Treffer Figur,095bxx:12,,,,771,0,,-4.0,961,312,56
fern_b_mx_r11,44,Messer,18,9,-x,-61,7,0,61,1,r,ja,45,G+1,15,0,0,56,10,ja,58,14,2,957,Treffer Figur,095bxx:12,,,,772,0,,-4.0,961,312,56
fern_b_mx_r12,44,Messer,18,9,-x,-61,7,0,61,1,r,ja,45,G+1,16,0,0,56,10,ja,58,14,2,957,Treffer Figur,095bxx:12,,,,773,0,,-4.0,961,312,56
fern_b_mx_r13,44,Messer,18,9,-x,-61,7,0,61,1,r,ja,45,G+1,17,0,0,56,10,ja,58,14,2,957,Treffer Figur,095bxx:12,,,,770,0,,-4.0,961,312,56
fern_b_mx_r14,44,Messer,18,9,-x,-61,7,0,61,1,r,ja,45,G+1,18,0,0,56,10,ja,58,14,2,957,Treffer Figur,095bxx:12,,,,770,0,,-4.0,961,312,56
fern_b_mx_r15,44,Messer,18,9,-x,-61,7,0,61,1,r,ja,45,G+1,19,0,0,56,10,ja,58,14,2,957,Treffer Figur,095bxx:12,,,,770,0,,-4.0,961,312,56
fern_b_mx_r16,44,Messer,18,9,-x,20,0,0,-20,46,r,nein,,,,,,,,,97,53,53,753,Ablauf,,,,,773,0,0,-4.0,961,312,56
fern_b_mx_r17,44,Messer,18,9,-x,21,0,0,-21,46,r,nein,,,,,,,,,96,52,52,757,Ablauf,,,,,774,0,0,-4.0,961,312,56
fern_b_mx_r18,44,Messer,18,9,-x,22,0,0,-22,46,r,nein,,,,,,,,,96,52,52,757,Ablauf,,,,,775,0,0,-4.0,961,312,56
fern_b_mx_r19,44,Messer,18,9,-x,23,0,0,-23,47,r,nein,,,,,,,,,97,53,53,753,Ablauf,,,,,772,0,0,-4.0,961,312,56
fern_b_mx_r1,44,Messer,18,9,-x,-61,7,0,61,1,r,ja,45,G+1,5,0,0,56,10,ja,58,14,2,957,Treffer Figur,095bxx:12,,,,768,0,,-4.0,961,312,56
fern_b_mx_r20,44,Messer,18,9,-x,24,0,0,-24,47,r,nein,,,,,,,,,97,53,53,753,Ablauf,,,,,773,0,0,-4.0,961,312,56
fern_b_mx_r21,44,Messer,18,9,-x,25,0,0,-25,47,r,nein,,,,,,,,,96,52,52,757,Ablauf,,,,,774,0,0,-4.0,961,312,56
fern_b_mx_r22,44,Messer,18,9,-x,26,0,0,-26,47,r,nein,,,,,,,,,96,52,52,757,Ablauf,,,,,775,0,0,-4.0,961,312,56
fern_b_mx_r23,44,Messer,18,9,-x,27,0,0,-27,47,r,nein,,,,,,,,,96,52,52,757,Ablauf,,,,,776,0,0,-4.0,961,312,56
fern_b_mx_r24,44,Messer,18,9,-x,28,0,0,-28,47,r,nein,,,,,,,,,96,52,52,757,Ablauf,,,,,777,0,0,-4.0,961,312,56
fern_b_mx_r25,44,Messer,18,9,-x,29,0,0,-29,47,r,nein,,,,,,,,,96,52,52,757,Ablauf,,,,,775,0,0,-4.0,961,312,56
fern_b_mx_r26,44,Messer,18,9,-x,30,0,0,-30,48,r,nein,,,,,,,,,96,52,52,757,Ablauf,,,,,775,0,0,-4.0,961,312,56
fern_b_mx_r27,44,Messer,18,9,-x,31,0,0,-31,48,r,nein,,,,,,,,,96,52,52,757,Ablauf,,,,,776,0,0,-4.0,961,312,56
fern_b_mx_r28,44,Messer,18,9,-x,32,0,0,-32,48,r,nein,,,,,,,,,96,52,52,757,Ablauf,,,,,777,0,0,-4.0,961,312,56
fern_b_mx_r2,44,Messer,18,9,-x,-61,7,0,61,1,r,ja,45,G+1,6,0,0,56,10,ja,58,14,2,957,Treffer Figur,095bxx:12,,,,768,0,,-4.0,961,312,56
fern_b_mx_r3,44,Messer,18,9,-x,-61,7,0,61,1,r,ja,45,G+1,7,0,0,56,10,ja,58,14,2,957,Treffer Figur,095bxx:12,,,,768,0,,-4.0,961,312,56
fern_b_mx_r4,44,Messer,18,9,-x,-61,7,0,61,1,r,ja,45,G+1,8,0,0,56,10,ja,58,14,2,957,Treffer Figur,095bxx:12,,,,768,0,,-4.0,961,312,56
fern_b_mx_r5,44,Messer,18,9,-x,-61,7,0,61,1,r,ja,45,G+1,9,0,0,56,10,ja,58,14,2,957,Treffer Figur,095bxx:12,,,,768,0,,-4.0,961,312,56
fern_b_mx_r6,44,Messer,18,9,-x,-61,7,0,61,1,r,ja,45,G+1,10,0,0,56,10,ja,58,14,2,957,Treffer Figur,095bxx:12,,,,768,0,,-4.0,961,312,56
fern_b_mx_r7,44,Messer,18,9,-x,-61,7,0,61,1,r,ja,45,G+1,11,0,0,56,10,ja,58,14,2,957,Treffer Figur,095bxx:12,,,,768,0,,-4.0,961,312,56
fern_b_mx_r8,44,Messer,18,9,-x,-61,7,0,61,1,r,ja,45,G+1,12,0,0,56,10,ja,58,14,2,957,Treffer Figur,095bxx:12,,,,769,0,,-4.0,961,312,56
fern_b_mx_r9,44,Messer,18,9,-x,-61,7,0,61,1,r,ja,45,G+1,13,0,0,56,10,ja,58,14,2,957,Treffer Figur,095bxx:12,,,,770,0,,-4.0,961,312,56
fern_b_mz20_-11,54,Messer,18,20,-x,-61,1,0,61,1,r,ja,55,G+1,0,-11,0,56,12,ja,68,14,2,957,Treffer Figur,095bxx:12,,,,768,0,,-4.0,961,318,56
fern_b_mz20_-12,54,Messer,18,20,-x,-61,1,0,61,1,r,ja,55,G+1,0,-12,0,56,12,ja,68,14,2,957,Treffer Figur,095bxx:12,,,,768,0,,-4.0,961,318,56
fern_b_mz20_-13,54,Messer,18,20,-x,0,-13,0,0,42,r,nein,,,,,,,,,108,54,54,749,Ablauf,,,,,768,0,0,-4.0,961,318,56
fern_b_mz20_-14,54,Messer,18,20,-x,0,-14,0,0,42,r,nein,,,,,,,,,108,54,54,749,Ablauf,,,,,768,0,0,-4.0,961,318,56
fern_b_mz20_11,54,Messer,18,20,-x,-61,1,0,61,1,r,ja,55,G+1,0,11,0,56,12,ja,68,14,2,957,Treffer Figur,095bxx:12,,,,768,0,,-4.0,961,318,56
fern_b_mz20_12,54,Messer,18,20,-x,-61,1,0,61,1,r,ja,55,G+1,0,12,0,56,12,ja,68,14,2,957,Treffer Figur,095bxx:12,,,,768,0,,-4.0,961,318,56
fern_b_mz20_13,54,Messer,18,20,-x,0,13,0,0,42,r,nein,,,,,,,,,108,54,54,749,Ablauf,,,,,768,0,0,-4.0,961,318,56
fern_b_mz20_14,54,Messer,18,20,-x,0,14,0,0,42,r,nein,,,,,,,,,108,54,54,749,Ablauf,,,,,768,0,0,-4.0,961,318,56
fern_b_mz_-10,44,Messer,18,9,-x,-61,7,0,61,1,r,ja,45,G+1,0,-10,0,56,10,ja,58,14,2,957,Treffer Figur,095bxx:12,,,,768,0,,-4.0,961,312,56
fern_b_mz_-11,44,Messer,18,9,-x,-61,7,0,61,1,r,ja,45,G+1,0,-11,0,56,10,ja,58,14,2,957,Treffer Figur,095bxx:12,,,,768,0,,-4.0,961,312,56
fern_b_mz_-12,44,Messer,18,9,-x,-61,7,0,61,1,r,ja,45,G+1,0,-12,0,56,10,ja,58,14,2,957,Treffer Figur,095bxx:12,,,,768,0,,-4.0,961,312,56
fern_b_mz_-13,44,Messer,18,9,-x,0,-13,0,0,42,r,nein,,,,,,,,,98,54,54,749,Ablauf,,,,,768,0,0,-4.0,961,312,56
fern_b_mz_-14,44,Messer,18,9,-x,0,-14,0,0,42,r,nein,,,,,,,,,98,54,54,749,Ablauf,,,,,768,0,0,-4.0,961,312,56
fern_b_mz_-15,44,Messer,18,9,-x,0,-15,0,0,42,r,nein,,,,,,,,,98,54,54,749,Ablauf,,,,,768,0,0,-4.0,961,312,56
fern_b_mz_-16,44,Messer,18,9,-x,0,-16,0,0,42,r,nein,,,,,,,,,98,54,54,749,Ablauf,,,,,768,0,0,-4.0,961,312,56
fern_b_mz_-1,44,Messer,18,9,-x,-61,7,0,61,1,r,ja,45,G+1,0,-1,0,56,10,ja,58,14,2,957,Treffer Figur,095bxx:12,,,,768,0,,-4.0,961,312,56
fern_b_mz_-2,44,Messer,18,9,-x,-61,7,0,61,1,r,ja,45,G+1,0,-2,0,56,10,ja,58,14,2,957,Treffer Figur,095bxx:12,,,,768,0,,-4.0,961,312,56
fern_b_mz_-3,44,Messer,18,9,-x,-61,7,0,61,1,r,ja,45,G+1,0,-3,0,56,10,ja,58,14,2,957,Treffer Figur,095bxx:12,,,,768,0,,-4.0,961,312,56
fern_b_mz_-4,44,Messer,18,9,-x,-61,7,0,61,1,r,ja,45,G+1,0,-4,0,56,10,ja,58,14,2,957,Treffer Figur,095bxx:12,,,,768,0,,-4.0,961,312,56
fern_b_mz_-5,44,Messer,18,9,-x,-61,7,0,61,1,r,ja,45,G+1,0,-5,0,56,10,ja,58,14,2,957,Treffer Figur,095bxx:12,,,,768,0,,-4.0,961,312,56
fern_b_mz_-6,44,Messer,18,9,-x,-61,7,0,61,1,r,ja,45,G+1,0,-6,0,56,10,ja,58,14,2,957,Treffer Figur,095bxx:12,,,,768,0,,-4.0,961,312,56
fern_b_mz_-7,44,Messer,18,9,-x,-61,7,0,61,1,r,ja,45,G+1,0,-7,0,56,10,ja,58,14,2,957,Treffer Figur,095bxx:12,,,,768,0,,-4.0,961,312,56
fern_b_mz_-8,44,Messer,18,9,-x,-61,7,0,61,1,r,ja,45,G+1,0,-8,0,56,10,ja,58,14,2,957,Treffer Figur,095bxx:12,,,,768,0,,-4.0,961,312,56
fern_b_mz_-9,44,Messer,18,9,-x,-61,7,0,61,1,r,ja,45,G+1,0,-9,0,56,10,ja,58,14,2,957,Treffer Figur,095bxx:12,,,,768,0,,-4.0,961,312,56
fern_b_mz_0,44,Messer,18,9,-x,-61,7,0,61,1,r,ja,45,G+1,0,0,0,56,10,ja,58,14,2,957,Treffer Figur,095bxx:12,,,,768,0,,-4.0,961,312,56
fern_b_mz_10,44,Messer,18,9,-x,-61,7,0,61,1,r,ja,45,G+1,0,10,0,56,10,ja,58,14,2,957,Treffer Figur,095bxx:12,,,,768,0,,-4.0,961,312,56
fern_b_mz_11,44,Messer,18,9,-x,-61,7,0,61,1,r,ja,45,G+1,0,11,0,56,10,ja,58,14,2,957,Treffer Figur,095bxx:12,,,,768,0,,-4.0,961,312,56
fern_b_mz_12,44,Messer,18,9,-x,-61,7,0,61,1,r,ja,45,G+1,0,12,0,56,10,ja,58,14,2,957,Treffer Figur,095bxx:12,,,,768,0,,-4.0,961,312,56
fern_b_mz_13,44,Messer,18,9,-x,0,13,0,0,42,r,nein,,,,,,,,,98,54,54,749,Ablauf,,,,,768,0,0,-4.0,961,312,56
fern_b_mz_14,44,Messer,18,9,-x,0,14,0,0,42,r,nein,,,,,,,,,98,54,54,749,Ablauf,,,,,768,0,0,-4.0,961,312,56
fern_b_mz_15,44,Messer,18,9,-x,0,15,0,0,42,r,nein,,,,,,,,,98,54,54,749,Ablauf,,,,,768,0,0,-4.0,961,312,56
fern_b_mz_16,44,Messer,18,9,-x,0,16,0,0,42,r,nein,,,,,,,,,98,54,54,749,Ablauf,,,,,768,0,0,-4.0,961,312,56
fern_b_mz_1,44,Messer,18,9,-x,-61,7,0,61,1,r,ja,45,G+1,0,1,0,56,10,ja,58,14,2,957,Treffer Figur,095bxx:12,,,,768,0,,-4.0,961,312,56
fern_b_mz_2,44,Messer,18,9,-x,-61,7,0,61,1,r,ja,45,G+1,0,2,0,56,10,ja,58,14,2,957,Treffer Figur,095bxx:12,,,,768,0,,-4.0,961,312,56
fern_b_mz_3,44,Messer,18,9,-x,-61,7,0,61,1,r,ja,45,G+1,0,3,0,56,10,ja,58,14,2,957,Treffer Figur,095bxx:12,,,,768,0,,-4.0,961,312,56
fern_b_mz_4,44,Messer,18,9,-x,-61,7,0,61,1,r,ja,45,G+1,0,4,0,56,10,ja,58,14,2,957,Treffer Figur,095bxx:12,,,,768,0,,-4.0,961,312,56
fern_b_mz_5,44,Messer,18,9,-x,-61,7,0,61,1,r,ja,45,G+1,0,5,0,56,10,ja,58,14,2,957,Treffer Figur,095bxx:12,,,,768,0,,-4.0,961,312,56
fern_b_mz_6,44,Messer,18,9,-x,-61,7,0,61,1,r,ja,45,G+1,0,6,0,56,10,ja,58,14,2,957,Treffer Figur,095bxx:12,,,,768,0,,-4.0,961,312,56
fern_b_mz_7,44,Messer,18,9,-x,-61,7,0,61,1,r,ja,45,G+1,0,7,0,56,10,ja,58,14,2,957,Treffer Figur,095bxx:12,,,,768,0,,-4.0,961,312,56
fern_b_mz_8,44,Messer,18,9,-x,-61,7,0,61,1,r,ja,45,G+1,0,8,0,56,10,ja,58,14,2,957,Treffer Figur,095bxx:12,,,,768,0,,-4.0,961,312,56
fern_b_mz_9,44,Messer,18,9,-x,-61,7,0,61,1,r,ja,45,G+1,0,9,0,56,10,ja,58,14,2,957,Treffer Figur,095bxx:12,,,,768,0,,-4.0,961,312,56
## B Kugel (erste Kugel der Salve)
lauf,G,art,werfer,rang,flugrichtung,rel_dx,rel_dz,fig_h,vorn,frames_gehalten,blick_figur,treffer,treffer_frame,treffer_rel,dx_treffer,dz_treffer,h_treffer,gh_treffer,schaden,umgeworfen,ende,dauer,flugframes,x_flugende,grund,nachphasen,treffer_gegner,abgewehrt,abgewehrt_figur,camx_flugende,h_G1,h_G21,vx,x0,z0,h0
fern_b_kh9_57,20,Kugel,18,9,+x,86,-5,0,86,1,r,ja,21,G+1,-4,0,57,58,5,ja,34,14,2,2170,Treffer Figur,095bxx:12,,,,2048,57,,8.0,2162,161,58
fern_b_kh9_58,20,Kugel,18,9,+x,86,-5,0,86,1,r,ja,21,G+1,-4,0,58,58,5,ja,34,14,2,2170,Treffer Figur,095bxx:12,,,,2048,58,,8.0,2162,161,58
fern_b_kh9_59,20,Kugel,18,9,+x,86,-5,0,86,1,r,ja,21,G+1,-4,0,59,58,5,ja,34,14,2,2170,Treffer Figur,095bxx:12,,,,2048,59,,8.0,2162,161,58
fern_b_kh9_60,20,Kugel,18,9,+x,86,-5,0,86,1,r,nein,,,,,,,,,63,43,43,2498,Ablauf,,,,,2048,60,12,8.0,2162,161,58
fern_b_kh9_61,20,Kugel,18,9,+x,86,-5,0,86,1,r,nein,,,,,,,,,63,43,43,2498,Ablauf,,,,,2048,61,13,8.0,2162,161,58
fern_b_kh9_62,20,Kugel,18,9,+x,86,-5,0,86,1,r,nein,,,,,,,,,63,43,43,2498,Ablauf,,,,,2048,62,14,8.0,2162,161,58
fern_b_kh_100,28,Kugel,18,20,+x,86,-3,0,86,1,r,nein,,,,,,,,,71,43,43,2498,Ablauf,,,,,2048,100,52,8.0,2162,159,58
fern_b_kh_48,28,Kugel,18,20,+x,86,-3,0,86,1,r,ja,29,G+1,-4,0,48,58,6,ja,42,14,2,2170,Treffer Figur,095bxx:12,,,,2048,48,,8.0,2162,159,58
fern_b_kh_49,28,Kugel,18,20,+x,86,-3,0,86,1,r,ja,29,G+1,-4,0,49,58,6,ja,42,14,2,2170,Treffer Figur,095bxx:12,,,,2048,49,,8.0,2162,159,58
fern_b_kh_50,28,Kugel,18,20,+x,86,-3,0,86,1,r,ja,29,G+1,-4,0,50,58,6,ja,42,14,2,2170,Treffer Figur,095bxx:12,,,,2048,50,,8.0,2162,159,58
fern_b_kh_51,28,Kugel,18,20,+x,86,-3,0,86,1,r,ja,29,G+1,-4,0,51,58,6,ja,42,14,2,2170,Treffer Figur,095bxx:12,,,,2048,51,,8.0,2162,159,58
fern_b_kh_52,28,Kugel,18,20,+x,86,-3,0,86,1,r,ja,29,G+1,-4,0,52,58,6,ja,42,14,2,2170,Treffer Figur,095bxx:12,,,,2048,52,,8.0,2162,159,58
fern_b_kh_53,28,Kugel,18,20,+x,86,-3,0,86,1,r,ja,29,G+1,-4,0,53,58,6,ja,42,14,2,2170,Treffer Figur,095bxx:12,,,,2048,53,,8.0,2162,159,58
fern_b_kh_54,28,Kugel,18,20,+x,86,-3,0,86,1,r,ja,29,G+1,-4,0,54,58,6,ja,42,14,2,2170,Treffer Figur,095bxx:12,,,,2048,54,,8.0,2162,159,58
fern_b_kh_55,28,Kugel,18,20,+x,86,-3,0,86,1,r,ja,29,G+1,-4,0,55,58,6,ja,42,14,2,2170,Treffer Figur,095bxx:12,,,,2048,55,,8.0,2162,159,58
fern_b_kh_56,28,Kugel,18,20,+x,86,-3,0,86,1,r,ja,29,G+1,-4,0,56,58,6,ja,42,14,2,2170,Treffer Figur,095bxx:12,,,,2048,56,,8.0,2162,159,58
fern_b_kh_57,28,Kugel,18,20,+x,86,-3,0,86,1,r,ja,29,G+1,-4,0,57,58,6,ja,42,14,2,2170,Treffer Figur,095bxx:12,,,,2048,57,,8.0,2162,159,58
fern_b_kh_58,28,Kugel,18,20,+x,86,-3,0,86,1,r,ja,29,G+1,-4,0,58,58,6,ja,42,14,2,2170,Treffer Figur,095bxx:12,,,,2048,58,,8.0,2162,159,58
fern_b_kh_59,28,Kugel,18,20,+x,86,-3,0,86,1,r,ja,29,G+1,-4,0,59,58,6,ja,42,14,2,2170,Treffer Figur,095bxx:12,,,,2048,59,,8.0,2162,159,58
fern_b_kh_60,28,Kugel,18,20,+x,86,-3,0,86,1,r,nein,,,,,,,,,71,43,43,2498,Ablauf,,,,,2048,60,12,8.0,2162,159,58
fern_b_kh_61,28,Kugel,18,20,+x,86,-3,0,86,1,r,nein,,,,,,,,,71,43,43,2498,Ablauf,,,,,2048,61,13,8.0,2162,159,58
fern_b_kh_62,28,Kugel,18,20,+x,86,-3,0,86,1,r,nein,,,,,,,,,71,43,43,2498,Ablauf,,,,,2048,62,14,8.0,2162,159,58
fern_b_kh_63,28,Kugel,18,20,+x,86,-3,0,86,1,r,nein,,,,,,,,,71,43,43,2498,Ablauf,,,,,2048,63,15,8.0,2162,159,58
fern_b_kh_64,28,Kugel,18,20,+x,86,-3,0,86,1,r,nein,,,,,,,,,71,43,43,2498,Ablauf,,,,,2048,64,16,8.0,2162,159,58
fern_b_kh_65,28,Kugel,18,20,+x,86,-3,0,86,1,r,nein,,,,,,,,,71,43,43,2498,Ablauf,,,,,2048,65,17,8.0,2162,159,58
fern_b_kh_66,28,Kugel,18,20,+x,86,-3,0,86,1,r,nein,,,,,,,,,71,43,43,2498,Ablauf,,,,,2048,66,18,8.0,2162,159,58
fern_b_kh_67,28,Kugel,18,20,+x,86,-3,0,86,1,r,nein,,,,,,,,,71,43,43,2498,Ablauf,,,,,2048,67,19,8.0,2162,159,58
fern_b_kh_68,28,Kugel,18,20,+x,86,-3,0,86,1,r,nein,,,,,,,,,71,43,43,2498,Ablauf,,,,,2048,68,20,8.0,2162,159,58
fern_b_kh_69,28,Kugel,18,20,+x,86,-3,0,86,1,r,nein,,,,,,,,,71,43,43,2498,Ablauf,,,,,2048,69,21,8.0,2162,159,58
fern_b_kh_70,28,Kugel,18,20,+x,86,-3,0,86,1,r,nein,,,,,,,,,71,43,43,2498,Ablauf,,,,,2048,70,22,8.0,2162,159,58
fern_b_kh_71,28,Kugel,18,20,+x,86,-3,0,86,1,r,nein,,,,,,,,,71,43,43,2498,Ablauf,,,,,2048,71,23,8.0,2162,159,58
fern_b_kh_72,28,Kugel,18,20,+x,86,-3,0,86,1,r,nein,,,,,,,,,71,43,43,2498,Ablauf,,,,,2048,72,24,8.0,2162,159,58
fern_b_kh_80,28,Kugel,18,20,+x,86,-3,0,86,1,r,nein,,,,,,,,,71,43,43,2498,Ablauf,,,,,2048,80,32,8.0,2162,159,58
fern_b_kx9_l-10,20,Kugel,18,9,+x,-18,0,0,-18,33,l,nein,,,,,,,,,63,43,43,2498,Ablauf,,,,,2048,0,0,8.0,2162,161,58
fern_b_kx9_l-12,20,Kugel,18,9,+x,-20,0,0,-20,33,l,nein,,,,,,,,,63,43,43,2498,Ablauf,,,,,2048,0,0,8.0,2162,161,58
fern_b_kx9_l-14,20,Kugel,18,9,+x,-22,0,0,-22,33,l,nein,,,,,,,,,63,43,43,2498,Ablauf,,,,,2048,0,0,8.0,2162,161,58
fern_b_kx9_l-16,20,Kugel,18,9,+x,-24,0,0,-24,33,l,nein,,,,,,,,,63,43,43,2498,Ablauf,,,,,2048,0,0,8.0,2162,161,58
fern_b_kx9_l-2,20,Kugel,18,9,+x,85,-5,0,85,1,l,ja,21,G+1,-10,0,0,58,5,nein,34,14,2,2170,Treffer Figur,095bxx:12,,,,2048,0,,8.0,2162,161,58
fern_b_kx9_l-4,20,Kugel,18,9,+x,85,-5,0,85,1,l,ja,21,G+1,-12,0,0,58,5,nein,34,14,2,2170,Treffer Figur,095bxx:12,,,,2048,0,,8.0,2162,161,58
fern_b_kx9_l-6,20,Kugel,18,9,+x,-14,0,0,-14,32,l,nein,,,,,,,,,63,43,43,2498,Ablauf,,,,,2048,0,0,8.0,2162,161,58
fern_b_kx9_l-8,20,Kugel,18,9,+x,-16,0,0,-16,32,l,nein,,,,,,,,,63,43,43,2498,Ablauf,,,,,2048,0,0,8.0,2162,161,58
fern_b_kx9_l0,20,Kugel,18,9,+x,85,-5,0,85,1,l,ja,21,G+1,-8,0,0,58,5,nein,34,14,2,2170,Treffer Figur,095bxx:12,,,,2048,0,,8.0,2162,161,58
fern_b_kx9_l10,20,Kugel,18,9,+x,85,-5,0,85,1,l,ja,21,G+1,2,0,0,58,5,nein,34,14,2,2170,Treffer Figur,095bxx:12,,,,2048,0,,8.0,2162,161,58
fern_b_kx9_l12,20,Kugel,18,9,+x,85,-5,0,85,1,l,ja,21,G+1,4,0,0,58,5,nein,34,14,2,2170,Treffer Figur,095bxx:12,,,,2048,0,,8.0,2162,161,58
fern_b_kx9_l14,20,Kugel,18,9,+x,85,-5,0,85,1,l,ja,21,G+1,6,0,0,58,5,nein,34,14,2,2170,Treffer Figur,095bxx:12,,,,2048,0,,8.0,2162,161,58
fern_b_kx9_l16,20,Kugel,18,9,+x,85,-5,0,85,1,l,ja,21,G+1,8,0,0,58,5,nein,34,14,2,2170,Treffer Figur,095bxx:12,,,,2048,0,,8.0,2162,161,58
fern_b_kx9_l18,20,Kugel,18,9,+x,85,-5,0,85,1,l,ja,21,G+1,10,0,0,58,5,nein,34,14,2,2170,Treffer Figur,095bxx:12,,,,2048,0,,8.0,2162,161,58
fern_b_kx9_l20,20,Kugel,18,9,+x,85,-5,0,85,1,l,ja,21,G+1,12,0,0,58,5,nein,34,14,2,2170,Treffer Figur,095bxx:12,,,,2048,0,,8.0,2162,161,58
fern_b_kx9_l22,20,Kugel,18,9,+x,85,-5,0,85,1,l,ja,21,G+1,14,0,0,58,5,nein,34,14,2,2170,Treffer Figur,095bxx:12,,,,2048,0,,8.0,2162,161,58
fern_b_kx9_l24,20,Kugel,18,9,+x,85,-5,0,85,1,l,ja,21,G+1,16,0,0,58,5,nein,34,14,2,2170,Treffer Figur,095bxx:12,,,,2048,0,,8.0,2162,161,58
fern_b_kx9_l26,20,Kugel,18,9,+x,85,-5,0,85,1,l,ja,21,G+1,18,0,0,58,5,nein,34,14,2,2170,Treffer Figur,095bxx:12,,,,2048,0,,8.0,2162,161,58
fern_b_kx9_l28,20,Kugel,18,9,+x,85,-5,0,85,1,l,ja,21,G+1,20,0,0,58,5,nein,34,14,2,2170,Treffer Figur,095bxx:12,,,,2048,0,,8.0,2162,161,58
fern_b_kx9_l2,20,Kugel,18,9,+x,85,-5,0,85,1,l,ja,21,G+1,-6,0,0,58,5,nein,34,14,2,2170,Treffer Figur,095bxx:12,,,,2048,0,,8.0,2162,161,58
fern_b_kx9_l30,20,Kugel,18,9,+x,22,0,0,22,28,l,ja,49,G+29,14,0,0,58,5,nein,62,42,30,2394,Treffer Figur,095bxx:12,,,,2048,0,0,8.0,2162,161,58
fern_b_kx9_l32,20,Kugel,18,9,+x,24,0,0,24,27,l,ja,49,G+29,14,0,0,58,5,nein,62,42,30,2394,Treffer Figur,095bxx:12,,,,2048,0,0,8.0,2162,161,58
fern_b_kx9_l34,20,Kugel,18,9,+x,26,0,0,26,27,l,ja,49,G+29,14,0,0,58,5,nein,62,42,30,2394,Treffer Figur,095bxx:12,,,,2048,0,0,8.0,2162,161,58
fern_b_kx9_l36,20,Kugel,18,9,+x,28,0,0,28,27,l,ja,49,G+29,14,0,0,58,5,nein,62,42,30,2394,Treffer Figur,095bxx:12,,,,2048,0,0,8.0,2162,161,58
fern_b_kx9_l4,20,Kugel,18,9,+x,85,-5,0,85,1,l,ja,21,G+1,-4,0,0,58,5,nein,34,14,2,2170,Treffer Figur,095bxx:12,,,,2048,0,,8.0,2162,161,58
fern_b_kx9_l6,20,Kugel,18,9,+x,85,-5,0,85,1,l,ja,21,G+1,-2,0,0,58,5,nein,34,14,2,2170,Treffer Figur,095bxx:12,,,,2048,0,,8.0,2162,161,58
fern_b_kx9_l8,20,Kugel,18,9,+x,85,-5,0,85,1,l,ja,21,G+1,0,0,0,58,5,nein,34,14,2,2170,Treffer Figur,095bxx:12,,,,2048,0,,8.0,2162,161,58
fern_b_kx9_r-10,20,Kugel,18,9,+x,86,-5,0,86,1,r,ja,21,G+1,-18,0,0,58,5,nein,34,14,2,2170,Treffer Figur,095bxx:12,,,,2048,0,,8.0,2162,161,58
fern_b_kx9_r-12,20,Kugel,18,9,+x,86,-5,0,86,1,r,ja,21,G+1,-20,0,0,58,5,nein,34,14,2,2170,Treffer Figur,095bxx:12,,,,2048,0,,8.0,2162,161,58
fern_b_kx9_r-14,20,Kugel,18,9,+x,-22,0,0,-22,33,r,nein,,,,,,,,,63,43,43,2498,Ablauf,,,,,2048,0,0,8.0,2162,161,58
fern_b_kx9_r-16,20,Kugel,18,9,+x,-24,0,0,-24,33,r,nein,,,,,,,,,63,43,43,2498,Ablauf,,,,,2048,0,0,8.0,2162,161,58
fern_b_kx9_r-18,20,Kugel,18,9,+x,-26,0,0,-26,34,r,nein,,,,,,,,,63,43,43,2498,Ablauf,,,,,2048,0,0,8.0,2162,161,58
fern_b_kx9_r-20,20,Kugel,18,9,+x,-28,0,0,-28,34,r,nein,,,,,,,,,63,43,43,2498,Ablauf,,,,,2048,0,0,8.0,2162,161,58
fern_b_kx9_r-22,20,Kugel,18,9,+x,-30,0,0,-30,34,r,nein,,,,,,,,,63,43,43,2498,Ablauf,,,,,2048,0,0,8.0,2162,161,58
fern_b_kx9_r-24,20,Kugel,18,9,+x,-32,0,0,-32,34,r,nein,,,,,,,,,63,43,43,2498,Ablauf,,,,,2048,0,0,8.0,2162,161,58
fern_b_kx9_r-2,20,Kugel,18,9,+x,86,-5,0,86,1,r,ja,21,G+1,-10,0,0,58,5,nein,34,14,2,2170,Treffer Figur,095bxx:12,,,,2048,0,,8.0,2162,161,58
fern_b_kx9_r-4,20,Kugel,18,9,+x,86,-5,0,86,1,r,ja,21,G+1,-12,0,0,58,5,nein,34,14,2,2170,Treffer Figur,095bxx:12,,,,2048,0,,8.0,2162,161,58
fern_b_kx9_r-6,20,Kugel,18,9,+x,86,-5,0,86,1,r,ja,21,G+1,-14,0,0,58,5,nein,34,14,2,2170,Treffer Figur,095bxx:12,,,,2048,0,,8.0,2162,161,58
fern_b_kx9_r-8,20,Kugel,18,9,+x,86,-5,0,86,1,r,ja,21,G+1,-16,0,0,58,5,nein,34,14,2,2170,Treffer Figur,095bxx:12,,,,2048,0,,8.0,2162,161,58
fern_b_kx9_r0,20,Kugel,18,9,+x,86,-5,0,86,1,r,ja,21,G+1,-8,0,0,58,5,nein,34,14,2,2170,Treffer Figur,095bxx:12,,,,2048,0,,8.0,2162,161,58
fern_b_kx9_r10,20,Kugel,18,9,+x,86,-5,0,86,1,r,ja,21,G+1,2,0,0,58,5,nein,34,14,2,2170,Treffer Figur,095bxx:12,,,,2048,0,,8.0,2162,161,58
fern_b_kx9_r12,20,Kugel,18,9,+x,86,-5,0,86,1,r,ja,21,G+1,4,0,0,58,5,nein,34,14,2,2170,Treffer Figur,095bxx:12,,,,2048,0,,8.0,2162,161,58
fern_b_kx9_r14,20,Kugel,18,9,+x,86,-5,0,86,1,r,ja,21,G+1,6,0,0,58,5,nein,34,14,2,2170,Treffer Figur,095bxx:12,,,,2048,0,,8.0,2162,161,58
fern_b_kx9_r16,20,Kugel,18,9,+x,86,-5,0,86,1,r,ja,21,G+1,8,0,0,58,5,nein,34,14,2,2170,Treffer Figur,095bxx:12,,,,2048,0,,8.0,2162,161,58
fern_b_kx9_r18,20,Kugel,18,9,+x,86,-5,0,86,1,r,ja,21,G+1,10,0,0,58,5,nein,34,14,2,2170,Treffer Figur,095bxx:12,,,,2048,0,,8.0,2162,161,58
fern_b_kx9_r20,20,Kugel,18,9,+x,86,-5,0,86,1,r,ja,21,G+1,12,0,0,58,5,nein,34,14,2,2170,Treffer Figur,095bxx:12,,,,2048,0,,8.0,2162,161,58
fern_b_kx9_r22,20,Kugel,18,9,+x,14,0,0,14,29,r,ja,50,G+30,6,0,0,58,5,nein,63,43,31,2402,Treffer Figur,095bxx:12,,,,2048,0,0,8.0,2162,161,58
fern_b_kx9_r24,20,Kugel,18,9,+x,16,0,0,16,28,r,ja,50,G+30,6,0,0,58,5,nein,63,43,31,2402,Treffer Figur,095bxx:12,,,,2048,0,0,8.0,2162,161,58
fern_b_kx9_r26,20,Kugel,18,9,+x,18,0,0,18,28,r,ja,50,G+30,6,0,0,58,5,nein,63,43,31,2402,Treffer Figur,095bxx:12,,,,2048,0,0,8.0,2162,161,58
fern_b_kx9_r2,20,Kugel,18,9,+x,86,-5,0,86,1,r,ja,21,G+1,-6,0,0,58,5,nein,34,14,2,2170,Treffer Figur,095bxx:12,,,,2048,0,,8.0,2162,161,58
fern_b_kx9_r4,20,Kugel,18,9,+x,86,-5,0,86,1,r,ja,21,G+1,-4,0,0,58,5,nein,34,14,2,2170,Treffer Figur,095bxx:12,,,,2048,0,,8.0,2162,161,58
fern_b_kx9_r6,20,Kugel,18,9,+x,86,-5,0,86,1,r,ja,21,G+1,-2,0,0,58,5,nein,34,14,2,2170,Treffer Figur,095bxx:12,,,,2048,0,,8.0,2162,161,58
fern_b_kx9_r8,20,Kugel,18,9,+x,86,-5,0,86,1,r,ja,21,G+1,0,0,0,58,5,nein,34,14,2,2170,Treffer Figur,095bxx:12,,,,2048,0,,8.0,2162,161,58
fern_b_kx_l-10,29,Kugel,18,20,+x,-18,0,0,-18,33,l,nein,,,,,,,,,72,43,43,2497,Ablauf,,,,,2048,0,0,8.0,2161,158,58
fern_b_kx_l-11,29,Kugel,18,20,+x,-19,0,0,-19,33,l,nein,,,,,,,,,72,43,43,2497,Ablauf,,,,,2048,0,0,8.0,2161,158,58
fern_b_kx_l-12,29,Kugel,18,20,+x,-20,0,0,-20,33,l,nein,,,,,,,,,72,43,43,2497,Ablauf,,,,,2048,0,0,8.0,2161,158,58
fern_b_kx_l-13,29,Kugel,18,20,+x,-21,0,0,-21,33,l,nein,,,,,,,,,72,43,43,2497,Ablauf,,,,,2048,0,0,8.0,2161,158,58
fern_b_kx_l-14,29,Kugel,18,20,+x,-22,0,0,-22,33,l,nein,,,,,,,,,72,43,43,2497,Ablauf,,,,,2048,0,0,8.0,2161,158,58
fern_b_kx_l-15,29,Kugel,18,20,+x,-23,0,0,-23,33,l,nein,,,,,,,,,72,43,43,2497,Ablauf,,,,,2048,0,0,8.0,2161,158,58
fern_b_kx_l-16,29,Kugel,18,20,+x,-24,0,0,-24,33,l,nein,,,,,,,,,72,43,43,2497,Ablauf,,,,,2048,0,0,8.0,2161,158,58
fern_b_kx_l-1,29,Kugel,18,20,+x,86,-2,0,86,1,l,ja,30,G+1,-9,0,0,58,6,nein,43,14,2,2169,Treffer Figur,095bxx:12,,,,2048,0,,8.0,2161,158,58
fern_b_kx_l-2,29,Kugel,18,20,+x,86,-2,0,86,1,l,ja,30,G+1,-10,0,0,58,6,nein,43,14,2,2169,Treffer Figur,095bxx:12,,,,2048,0,,8.0,2161,158,58
fern_b_kx_l-3,29,Kugel,18,20,+x,86,-2,0,86,1,l,ja,30,G+1,-11,0,0,58,6,nein,43,14,2,2169,Treffer Figur,095bxx:12,,,,2048,0,,8.0,2161,158,58
fern_b_kx_l-4,29,Kugel,18,20,+x,86,-2,0,86,1,l,ja,30,G+1,-12,0,0,58,6,nein,43,14,2,2169,Treffer Figur,095bxx:12,,,,2048,0,,8.0,2161,158,58
fern_b_kx_l-5,29,Kugel,18,20,+x,86,-2,0,86,1,l,ja,30,G+1,-13,0,0,58,6,nein,43,14,2,2169,Treffer Figur,095bxx:12,,,,2048,0,,8.0,2161,158,58
fern_b_kx_l-6,29,Kugel,18,20,+x,-14,0,0,-14,32,l,nein,,,,,,,,,72,43,43,2497,Ablauf,,,,,2048,0,0,8.0,2161,158,58
fern_b_kx_l-7,29,Kugel,18,20,+x,-15,0,0,-15,32,l,nein,,,,,,,,,72,43,43,2497,Ablauf,,,,,2048,0,0,8.0,2161,158,58
fern_b_kx_l-8,29,Kugel,18,20,+x,-16,0,0,-16,32,l,nein,,,,,,,,,72,43,43,2497,Ablauf,,,,,2048,0,0,8.0,2161,158,58
fern_b_kx_l-9,29,Kugel,18,20,+x,-17,0,0,-17,33,l,nein,,,,,,,,,72,43,43,2497,Ablauf,,,,,2048,0,0,8.0,2161,158,58
fern_b_kx_l0,29,Kugel,18,20,+x,86,-2,0,86,1,l,ja,30,G+1,-8,0,0,58,6,nein,43,14,2,2169,Treffer Figur,095bxx:12,,,,2048,0,,8.0,2161,158,58
fern_b_kx_l10,29,Kugel,18,20,+x,86,-2,0,86,1,l,ja,30,G+1,2,0,0,58,6,nein,43,14,2,2169,Treffer Figur,095bxx:12,,,,2048,0,,8.0,2161,158,58
fern_b_kx_l11,29,Kugel,18,20,+x,86,-2,0,86,1,l,ja,30,G+1,3,0,0,58,6,nein,43,14,2,2169,Treffer Figur,095bxx:12,,,,2048,0,,8.0,2161,158,58
fern_b_kx_l12,29,Kugel,18,20,+x,86,-2,0,86,1,l,ja,30,G+1,4,0,0,58,6,nein,43,14,2,2169,Treffer Figur,095bxx:12,,,,2048,0,,8.0,2161,158,58
fern_b_kx_l13,29,Kugel,18,20,+x,86,-2,0,86,1,l,ja,30,G+1,5,0,0,58,6,nein,43,14,2,2169,Treffer Figur,095bxx:12,,,,2048,0,,8.0,2161,158,58
fern_b_kx_l14,29,Kugel,18,20,+x,86,-2,0,86,1,l,ja,30,G+1,6,0,0,58,6,nein,43,14,2,2169,Treffer Figur,095bxx:12,,,,2048,0,,8.0,2161,158,58
fern_b_kx_l15,29,Kugel,18,20,+x,86,-2,0,86,1,l,ja,30,G+1,7,0,0,58,6,nein,43,14,2,2169,Treffer Figur,095bxx:12,,,,2048,0,,8.0,2161,158,58
fern_b_kx_l16,29,Kugel,18,20,+x,86,-2,0,86,1,l,ja,30,G+1,8,0,0,58,6,nein,43,14,2,2169,Treffer Figur,095bxx:12,,,,2048,0,,8.0,2161,158,58
fern_b_kx_l17,29,Kugel,18,20,+x,86,-2,0,86,1,l,ja,30,G+1,9,0,0,58,6,nein,43,14,2,2169,Treffer Figur,095bxx:12,,,,2048,0,,8.0,2161,158,58
fern_b_kx_l18,29,Kugel,18,20,+x,86,-2,0,86,1,l,ja,30,G+1,10,0,0,58,6,nein,43,14,2,2169,Treffer Figur,095bxx:12,,,,2048,0,,8.0,2161,158,58
fern_b_kx_l19,29,Kugel,18,20,+x,86,-2,0,86,1,l,ja,30,G+1,11,0,0,58,6,nein,43,14,2,2169,Treffer Figur,095bxx:12,,,,2048,0,,8.0,2161,158,58
fern_b_kx_l1,29,Kugel,18,20,+x,86,-2,0,86,1,l,ja,30,G+1,-7,0,0,58,6,nein,43,14,2,2169,Treffer Figur,095bxx:12,,,,2048,0,,8.0,2161,158,58
fern_b_kx_l20,29,Kugel,18,20,+x,86,-2,0,86,1,l,ja,30,G+1,12,0,0,58,6,nein,43,14,2,2169,Treffer Figur,095bxx:12,,,,2048,0,,8.0,2161,158,58
fern_b_kx_l21,29,Kugel,18,20,+x,86,-2,0,86,1,l,ja,30,G+1,13,0,0,58,6,nein,43,14,2,2169,Treffer Figur,095bxx:12,,,,2048,0,,8.0,2161,158,58
fern_b_kx_l22,29,Kugel,18,20,+x,86,-2,0,86,1,l,ja,30,G+1,14,0,0,58,6,nein,43,14,2,2169,Treffer Figur,095bxx:12,,,,2048,0,,8.0,2161,158,58
fern_b_kx_l23,29,Kugel,18,20,+x,86,-2,0,86,1,l,ja,30,G+1,15,0,0,58,6,nein,43,14,2,2169,Treffer Figur,095bxx:12,,,,2048,0,,8.0,2161,158,58
fern_b_kx_l24,29,Kugel,18,20,+x,86,-2,0,86,1,l,ja,30,G+1,16,0,0,58,6,nein,43,14,2,2169,Treffer Figur,095bxx:12,,,,2048,0,,8.0,2161,158,58
fern_b_kx_l25,29,Kugel,18,20,+x,86,-2,0,86,1,l,ja,30,G+1,17,0,0,58,6,nein,43,14,2,2169,Treffer Figur,095bxx:12,,,,2048,0,,8.0,2161,158,58
fern_b_kx_l26,29,Kugel,18,20,+x,86,-2,0,86,1,l,ja,30,G+1,18,0,0,58,6,nein,43,14,2,2169,Treffer Figur,095bxx:12,,,,2048,0,,8.0,2161,158,58
fern_b_kx_l27,29,Kugel,18,20,+x,86,-2,0,86,1,l,ja,30,G+1,19,0,0,58,6,nein,43,14,2,2169,Treffer Figur,095bxx:12,,,,2048,0,,8.0,2161,158,58
fern_b_kx_l28,29,Kugel,18,20,+x,86,-2,0,86,1,l,ja,30,G+1,20,0,0,58,6,nein,43,14,2,2169,Treffer Figur,095bxx:12,,,,2048,0,,8.0,2161,158,58
fern_b_kx_l29,29,Kugel,18,20,+x,21,0,0,21,28,l,ja,58,G+29,15,0,0,58,6,nein,71,42,30,2393,Treffer Figur,095bxx:12,,,,2048,0,0,8.0,2161,158,58
fern_b_kx_l2,29,Kugel,18,20,+x,86,-2,0,86,1,l,ja,30,G+1,-6,0,0,58,6,nein,43,14,2,2169,Treffer Figur,095bxx:12,,,,2048,0,,8.0,2161,158,58
fern_b_kx_l30,29,Kugel,18,20,+x,22,0,0,22,28,l,ja,58,G+29,15,0,0,58,6,nein,71,42,30,2393,Treffer Figur,095bxx:12,,,,2048,0,0,8.0,2161,158,58
fern_b_kx_l31,29,Kugel,18,20,+x,23,0,0,23,28,l,ja,58,G+29,15,0,0,58,6,nein,71,42,30,2393,Treffer Figur,095bxx:12,,,,2048,0,0,8.0,2161,158,58
fern_b_kx_l32,29,Kugel,18,20,+x,24,0,0,24,27,l,ja,58,G+29,15,0,0,58,6,nein,71,42,30,2393,Treffer Figur,095bxx:12,,,,2048,0,0,8.0,2161,158,58
fern_b_kx_l33,29,Kugel,18,20,+x,25,0,0,25,27,l,ja,58,G+29,15,0,0,58,6,nein,71,42,30,2393,Treffer Figur,095bxx:12,,,,2048,0,0,8.0,2161,158,58
fern_b_kx_l34,29,Kugel,18,20,+x,26,0,0,26,27,l,ja,58,G+29,15,0,0,58,6,nein,71,42,30,2393,Treffer Figur,095bxx:12,,,,2048,0,0,8.0,2161,158,58
fern_b_kx_l35,29,Kugel,18,20,+x,27,0,0,27,27,l,ja,58,G+29,15,0,0,58,6,nein,71,42,30,2393,Treffer Figur,095bxx:12,,,,2048,0,0,8.0,2161,158,58
fern_b_kx_l36,29,Kugel,18,20,+x,28,0,0,28,27,l,ja,58,G+29,15,0,0,58,6,nein,71,42,30,2393,Treffer Figur,095bxx:12,,,,2048,0,0,8.0,2161,158,58
fern_b_kx_l3,29,Kugel,18,20,+x,86,-2,0,86,1,l,ja,30,G+1,-5,0,0,58,6,nein,43,14,2,2169,Treffer Figur,095bxx:12,,,,2048,0,,8.0,2161,158,58
fern_b_kx_l4,29,Kugel,18,20,+x,86,-2,0,86,1,l,ja,30,G+1,-4,0,0,58,6,nein,43,14,2,2169,Treffer Figur,095bxx:12,,,,2048,0,,8.0,2161,158,58
fern_b_kx_l5,29,Kugel,18,20,+x,86,-2,0,86,1,l,ja,30,G+1,-3,0,0,58,6,nein,43,14,2,2169,Treffer Figur,095bxx:12,,,,2048,0,,8.0,2161,158,58
fern_b_kx_l6,29,Kugel,18,20,+x,86,-2,0,86,1,l,ja,30,G+1,-2,0,0,58,6,nein,43,14,2,2169,Treffer Figur,095bxx:12,,,,2048,0,,8.0,2161,158,58
fern_b_kx_l7,29,Kugel,18,20,+x,86,-2,0,86,1,l,ja,30,G+1,-1,0,0,58,6,nein,43,14,2,2169,Treffer Figur,095bxx:12,,,,2048,0,,8.0,2161,158,58
fern_b_kx_l8,29,Kugel,18,20,+x,86,-2,0,86,1,l,ja,30,G+1,0,0,0,58,6,nein,43,14,2,2169,Treffer Figur,095bxx:12,,,,2048,0,,8.0,2161,158,58
fern_b_kx_l9,29,Kugel,18,20,+x,86,-2,0,86,1,l,ja,30,G+1,1,0,0,58,6,nein,43,14,2,2169,Treffer Figur,095bxx:12,,,,2048,0,,8.0,2161,158,58
fern_b_kx_r-10,28,Kugel,18,20,+x,86,-3,0,86,1,r,ja,29,G+1,-18,0,0,58,6,nein,42,14,2,2170,Treffer Figur,095bxx:12,,,,2048,0,,8.0,2162,159,58
fern_b_kx_r-11,28,Kugel,18,20,+x,86,-3,0,86,1,r,ja,29,G+1,-19,0,0,58,6,nein,42,14,2,2170,Treffer Figur,095bxx:12,,,,2048,0,,8.0,2162,159,58
fern_b_kx_r-12,28,Kugel,18,20,+x,86,-3,0,86,1,r,ja,29,G+1,-20,0,0,58,6,nein,42,14,2,2170,Treffer Figur,095bxx:12,,,,2048,0,,8.0,2162,159,58
fern_b_kx_r-13,28,Kugel,18,20,+x,86,-3,0,86,1,r,ja,29,G+1,-21,0,0,58,6,nein,42,14,2,2170,Treffer Figur,095bxx:12,,,,2048,0,,8.0,2162,159,58
fern_b_kx_r-14,28,Kugel,18,20,+x,-22,0,0,-22,33,r,nein,,,,,,,,,71,43,43,2498,Ablauf,,,,,2048,0,0,8.0,2162,159,58
fern_b_kx_r-15,28,Kugel,18,20,+x,-23,0,0,-23,33,r,nein,,,,,,,,,71,43,43,2498,Ablauf,,,,,2048,0,0,8.0,2162,159,58
fern_b_kx_r-16,28,Kugel,18,20,+x,-24,0,0,-24,33,r,nein,,,,,,,,,71,43,43,2498,Ablauf,,,,,2048,0,0,8.0,2162,159,58
fern_b_kx_r-17,28,Kugel,18,20,+x,-25,0,0,-25,33,r,nein,,,,,,,,,71,43,43,2498,Ablauf,,,,,2048,0,0,8.0,2162,159,58
fern_b_kx_r-18,28,Kugel,18,20,+x,-26,0,0,-26,34,r,nein,,,,,,,,,71,43,43,2498,Ablauf,,,,,2048,0,0,8.0,2162,159,58
fern_b_kx_r-19,28,Kugel,18,20,+x,-27,0,0,-27,34,r,nein,,,,,,,,,71,43,43,2498,Ablauf,,,,,2048,0,0,8.0,2162,159,58
fern_b_kx_r-1,28,Kugel,18,20,+x,86,-3,0,86,1,r,ja,29,G+1,-9,0,0,58,6,nein,42,14,2,2170,Treffer Figur,095bxx:12,,,,2048,0,,8.0,2162,159,58
fern_b_kx_r-20,28,Kugel,18,20,+x,-28,0,0,-28,34,r,nein,,,,,,,,,71,43,43,2498,Ablauf,,,,,2048,0,0,8.0,2162,159,58
fern_b_kx_r-21,28,Kugel,18,20,+x,-29,0,0,-29,34,r,nein,,,,,,,,,71,43,43,2498,Ablauf,,,,,2048,0,0,8.0,2162,159,58
fern_b_kx_r-22,28,Kugel,18,20,+x,-30,0,0,-30,34,r,nein,,,,,,,,,71,43,43,2498,Ablauf,,,,,2048,0,0,8.0,2162,159,58
fern_b_kx_r-23,28,Kugel,18,20,+x,-31,0,0,-31,34,r,nein,,,,,,,,,71,43,43,2498,Ablauf,,,,,2048,0,0,8.0,2162,159,58
fern_b_kx_r-24,28,Kugel,18,20,+x,-32,0,0,-32,34,r,nein,,,,,,,,,71,43,43,2498,Ablauf,,,,,2048,0,0,8.0,2162,159,58
fern_b_kx_r-2,28,Kugel,18,20,+x,86,-3,0,86,1,r,ja,29,G+1,-10,0,0,58,6,nein,42,14,2,2170,Treffer Figur,095bxx:12,,,,2048,0,,8.0,2162,159,58
fern_b_kx_r-3,28,Kugel,18,20,+x,86,-3,0,86,1,r,ja,29,G+1,-11,0,0,58,6,nein,42,14,2,2170,Treffer Figur,095bxx:12,,,,2048,0,,8.0,2162,159,58
fern_b_kx_r-4,28,Kugel,18,20,+x,86,-3,0,86,1,r,ja,29,G+1,-12,0,0,58,6,nein,42,14,2,2170,Treffer Figur,095bxx:12,,,,2048,0,,8.0,2162,159,58
fern_b_kx_r-5,28,Kugel,18,20,+x,86,-3,0,86,1,r,ja,29,G+1,-13,0,0,58,6,nein,42,14,2,2170,Treffer Figur,095bxx:12,,,,2048,0,,8.0,2162,159,58
fern_b_kx_r-6,28,Kugel,18,20,+x,86,-3,0,86,1,r,ja,29,G+1,-14,0,0,58,6,nein,42,14,2,2170,Treffer Figur,095bxx:12,,,,2048,0,,8.0,2162,159,58
fern_b_kx_r-7,28,Kugel,18,20,+x,86,-3,0,86,1,r,ja,29,G+1,-15,0,0,58,6,nein,42,14,2,2170,Treffer Figur,095bxx:12,,,,2048,0,,8.0,2162,159,58
fern_b_kx_r-8,28,Kugel,18,20,+x,86,-3,0,86,1,r,ja,29,G+1,-16,0,0,58,6,nein,42,14,2,2170,Treffer Figur,095bxx:12,,,,2048,0,,8.0,2162,159,58
fern_b_kx_r-9,28,Kugel,18,20,+x,86,-3,0,86,1,r,ja,29,G+1,-17,0,0,58,6,nein,42,14,2,2170,Treffer Figur,095bxx:12,,,,2048,0,,8.0,2162,159,58
fern_b_kx_r0,28,Kugel,18,20,+x,86,-3,0,86,1,r,ja,29,G+1,-8,0,0,58,6,nein,42,14,2,2170,Treffer Figur,095bxx:12,,,,2048,0,,8.0,2162,159,58
fern_b_kx_r10,28,Kugel,18,20,+x,86,-3,0,86,1,r,ja,29,G+1,2,0,0,58,6,nein,42,14,2,2170,Treffer Figur,095bxx:12,,,,2048,0,,8.0,2162,159,58
fern_b_kx_r11,28,Kugel,18,20,+x,86,-3,0,86,1,r,ja,29,G+1,3,0,0,58,6,nein,42,14,2,2170,Treffer Figur,095bxx:12,,,,2048,0,,8.0,2162,159,58
fern_b_kx_r12,28,Kugel,18,20,+x,86,-3,0,86,1,r,ja,29,G+1,4,0,0,58,6,nein,42,14,2,2170,Treffer Figur,095bxx:12,,,,2048,0,,8.0,2162,159,58
fern_b_kx_r13,28,Kugel,18,20,+x,86,-3,0,86,1,r,ja,29,G+1,5,0,0,58,6,nein,42,14,2,2170,Treffer Figur,095bxx:12,,,,2048,0,,8.0,2162,159,58
fern_b_kx_r14,28,Kugel,18,20,+x,86,-3,0,86,1,r,ja,29,G+1,6,0,0,58,6,nein,42,14,2,2170,Treffer Figur,095bxx:12,,,,2048,0,,8.0,2162,159,58
fern_b_kx_r15,28,Kugel,18,20,+x,86,-3,0,86,1,r,ja,29,G+1,7,0,0,58,6,nein,42,14,2,2170,Treffer Figur,095bxx:12,,,,2048,0,,8.0,2162,159,58
fern_b_kx_r16,28,Kugel,18,20,+x,86,-3,0,86,1,r,ja,29,G+1,8,0,0,58,6,nein,42,14,2,2170,Treffer Figur,095bxx:12,,,,2048,0,,8.0,2162,159,58
fern_b_kx_r17,28,Kugel,18,20,+x,86,-3,0,86,1,r,ja,29,G+1,9,0,0,58,6,nein,42,14,2,2170,Treffer Figur,095bxx:12,,,,2048,0,,8.0,2162,159,58
fern_b_kx_r18,28,Kugel,18,20,+x,86,-3,0,86,1,r,ja,29,G+1,10,0,0,58,6,nein,42,14,2,2170,Treffer Figur,095bxx:12,,,,2048,0,,8.0,2162,159,58
fern_b_kx_r19,28,Kugel,18,20,+x,86,-3,0,86,1,r,ja,29,G+1,11,0,0,58,6,nein,42,14,2,2170,Treffer Figur,095bxx:12,,,,2048,0,,8.0,2162,159,58
fern_b_kx_r1,28,Kugel,18,20,+x,86,-3,0,86,1,r,ja,29,G+1,-7,0,0,58,6,nein,42,14,2,2170,Treffer Figur,095bxx:12,,,,2048,0,,8.0,2162,159,58
fern_b_kx_r20,28,Kugel,18,20,+x,86,-3,0,86,1,r,ja,29,G+1,12,0,0,58,6,nein,42,14,2,2170,Treffer Figur,095bxx:12,,,,2048,0,,8.0,2162,159,58
fern_b_kx_r21,28,Kugel,18,20,+x,13,0,0,13,29,r,ja,58,G+30,6,0,0,58,6,nein,71,43,31,2402,Treffer Figur,095bxx:12,,,,2048,0,0,8.0,2162,159,58
fern_b_kx_r22,28,Kugel,18,20,+x,14,0,0,14,29,r,ja,58,G+30,6,0,0,58,6,nein,71,43,31,2402,Treffer Figur,095bxx:12,,,,2048,0,0,8.0,2162,159,58
fern_b_kx_r23,28,Kugel,18,20,+x,15,0,0,15,28,r,ja,58,G+30,6,0,0,58,6,nein,71,43,31,2402,Treffer Figur,095bxx:12,,,,2048,0,0,8.0,2162,159,58
fern_b_kx_r24,28,Kugel,18,20,+x,16,0,0,16,28,r,ja,58,G+30,6,0,0,58,6,nein,71,43,31,2402,Treffer Figur,095bxx:12,,,,2048,0,0,8.0,2162,159,58
fern_b_kx_r25,28,Kugel,18,20,+x,17,0,0,17,28,r,ja,58,G+30,6,0,0,58,6,nein,71,43,31,2402,Treffer Figur,095bxx:12,,,,2048,0,0,8.0,2162,159,58
fern_b_kx_r26,28,Kugel,18,20,+x,18,0,0,18,28,r,ja,58,G+30,6,0,0,58,6,nein,71,43,31,2402,Treffer Figur,095bxx:12,,,,2048,0,0,8.0,2162,159,58
fern_b_kx_r2,28,Kugel,18,20,+x,86,-3,0,86,1,r,ja,29,G+1,-6,0,0,58,6,nein,42,14,2,2170,Treffer Figur,095bxx:12,,,,2048,0,,8.0,2162,159,58
fern_b_kx_r3,28,Kugel,18,20,+x,86,-3,0,86,1,r,ja,29,G+1,-5,0,0,58,6,nein,42,14,2,2170,Treffer Figur,095bxx:12,,,,2048,0,,8.0,2162,159,58
fern_b_kx_r4,28,Kugel,18,20,+x,86,-3,0,86,1,r,ja,29,G+1,-4,0,0,58,6,nein,42,14,2,2170,Treffer Figur,095bxx:12,,,,2048,0,,8.0,2162,159,58
fern_b_kx_r5,28,Kugel,18,20,+x,86,-3,0,86,1,r,ja,29,G+1,-3,0,0,58,6,nein,42,14,2,2170,Treffer Figur,095bxx:12,,,,2048,0,,8.0,2162,159,58
fern_b_kx_r6,28,Kugel,18,20,+x,86,-3,0,86,1,r,ja,29,G+1,-2,0,0,58,6,nein,42,14,2,2170,Treffer Figur,095bxx:12,,,,2048,0,,8.0,2162,159,58
fern_b_kx_r7,28,Kugel,18,20,+x,86,-3,0,86,1,r,ja,29,G+1,-1,0,0,58,6,nein,42,14,2,2170,Treffer Figur,095bxx:12,,,,2048,0,,8.0,2162,159,58
fern_b_kx_r8,28,Kugel,18,20,+x,86,-3,0,86,1,r,ja,29,G+1,0,0,0,58,6,nein,42,14,2,2170,Treffer Figur,095bxx:12,,,,2048,0,,8.0,2162,159,58
fern_b_kx_r9,28,Kugel,18,20,+x,86,-3,0,86,1,r,ja,29,G+1,1,0,0,58,6,nein,42,14,2,2170,Treffer Figur,095bxx:12,,,,2048,0,,8.0,2162,159,58
fern_b_kz9_-11,20,Kugel,18,9,+x,86,-5,0,86,1,r,ja,21,G+1,-4,-11,0,58,5,nein,34,14,2,2170,Treffer Figur,095bxx:12,,,,2048,0,,8.0,2162,161,58
fern_b_kz9_-12,20,Kugel,18,9,+x,86,-5,0,86,1,r,ja,21,G+1,-4,-12,0,58,5,nein,34,14,2,2170,Treffer Figur,095bxx:12,,,,2048,0,,8.0,2162,161,58
fern_b_kz9_-13,20,Kugel,18,9,+x,-4,-13,0,-4,31,r,nein,,,,,,,,,63,43,43,2498,Ablauf,,,,,2048,0,0,8.0,2162,161,58
fern_b_kz9_-14,20,Kugel,18,9,+x,-4,-14,0,-4,31,r,nein,,,,,,,,,63,43,43,2498,Ablauf,,,,,2048,0,0,8.0,2162,161,58
fern_b_kz9_11,20,Kugel,18,9,+x,86,-5,0,86,1,r,ja,21,G+1,-4,11,0,58,5,nein,34,14,2,2170,Treffer Figur,095bxx:12,,,,2048,0,,8.0,2162,161,58
fern_b_kz9_12,20,Kugel,18,9,+x,86,-5,0,86,1,r,ja,21,G+1,-4,12,0,58,5,nein,34,14,2,2170,Treffer Figur,095bxx:12,,,,2048,0,,8.0,2162,161,58
fern_b_kz9_13,20,Kugel,18,9,+x,-4,13,0,-4,31,r,nein,,,,,,,,,63,43,43,2498,Ablauf,,,,,2048,0,0,8.0,2162,161,58
fern_b_kz9_14,20,Kugel,18,9,+x,-4,14,0,-4,31,r,nein,,,,,,,,,63,43,43,2498,Ablauf,,,,,2048,0,0,8.0,2162,161,58
fern_b_kz_-10,28,Kugel,18,20,+x,86,-3,0,86,1,r,ja,29,G+1,-4,-10,0,58,6,nein,42,14,2,2170,Treffer Figur,095bxx:12,,,,2048,0,,8.0,2162,159,58
fern_b_kz_-11,28,Kugel,18,20,+x,86,-3,0,86,1,r,ja,29,G+1,-4,-11,0,58,6,nein,42,14,2,2170,Treffer Figur,095bxx:12,,,,2048,0,,8.0,2162,159,58
fern_b_kz_-12,28,Kugel,18,20,+x,86,-3,0,86,1,r,ja,29,G+1,-4,-12,0,58,6,nein,42,14,2,2170,Treffer Figur,095bxx:12,,,,2048,0,,8.0,2162,159,58
fern_b_kz_-13,28,Kugel,18,20,+x,-4,-13,0,-4,31,r,nein,,,,,,,,,71,43,43,2498,Ablauf,,,,,2048,0,0,8.0,2162,159,58
fern_b_kz_-14,28,Kugel,18,20,+x,-4,-14,0,-4,31,r,nein,,,,,,,,,71,43,43,2498,Ablauf,,,,,2048,0,0,8.0,2162,159,58
fern_b_kz_-15,28,Kugel,18,20,+x,-4,-15,0,-4,31,r,nein,,,,,,,,,71,43,43,2498,Ablauf,,,,,2048,0,0,8.0,2162,159,58
fern_b_kz_-16,28,Kugel,18,20,+x,-4,-16,0,-4,31,r,nein,,,,,,,,,71,43,43,2498,Ablauf,,,,,2048,0,0,8.0,2162,159,58
fern_b_kz_-1,28,Kugel,18,20,+x,86,-3,0,86,1,r,ja,29,G+1,-4,-1,0,58,6,nein,42,14,2,2170,Treffer Figur,095bxx:12,,,,2048,0,,8.0,2162,159,58
fern_b_kz_-2,28,Kugel,18,20,+x,86,-3,0,86,1,r,ja,29,G+1,-4,-2,0,58,6,nein,42,14,2,2170,Treffer Figur,095bxx:12,,,,2048,0,,8.0,2162,159,58
fern_b_kz_-3,28,Kugel,18,20,+x,86,-3,0,86,1,r,ja,29,G+1,-4,-3,0,58,6,nein,42,14,2,2170,Treffer Figur,095bxx:12,,,,2048,0,,8.0,2162,159,58
fern_b_kz_-4,28,Kugel,18,20,+x,86,-3,0,86,1,r,ja,29,G+1,-4,-4,0,58,6,nein,42,14,2,2170,Treffer Figur,095bxx:12,,,,2048,0,,8.0,2162,159,58
fern_b_kz_-5,28,Kugel,18,20,+x,86,-3,0,86,1,r,ja,29,G+1,-4,-5,0,58,6,nein,42,14,2,2170,Treffer Figur,095bxx:12,,,,2048,0,,8.0,2162,159,58
fern_b_kz_-6,28,Kugel,18,20,+x,86,-3,0,86,1,r,ja,29,G+1,-4,-6,0,58,6,nein,42,14,2,2170,Treffer Figur,095bxx:12,,,,2048,0,,8.0,2162,159,58
fern_b_kz_-7,28,Kugel,18,20,+x,86,-3,0,86,1,r,ja,29,G+1,-4,-7,0,58,6,nein,42,14,2,2170,Treffer Figur,095bxx:12,,,,2048,0,,8.0,2162,159,58
fern_b_kz_-8,28,Kugel,18,20,+x,86,-3,0,86,1,r,ja,29,G+1,-4,-8,0,58,6,nein,42,14,2,2170,Treffer Figur,095bxx:12,,,,2048,0,,8.0,2162,159,58
fern_b_kz_-9,28,Kugel,18,20,+x,86,-3,0,86,1,r,ja,29,G+1,-4,-9,0,58,6,nein,42,14,2,2170,Treffer Figur,095bxx:12,,,,2048,0,,8.0,2162,159,58
fern_b_kz_0,28,Kugel,18,20,+x,86,-3,0,86,1,r,ja,29,G+1,-4,0,0,58,6,nein,42,14,2,2170,Treffer Figur,095bxx:12,,,,2048,0,,8.0,2162,159,58
fern_b_kz_10,28,Kugel,18,20,+x,86,-3,0,86,1,r,ja,29,G+1,-4,10,0,58,6,nein,42,14,2,2170,Treffer Figur,095bxx:12,,,,2048,0,,8.0,2162,159,58
fern_b_kz_11,28,Kugel,18,20,+x,86,-3,0,86,1,r,ja,29,G+1,-4,11,0,58,6,nein,42,14,2,2170,Treffer Figur,095bxx:12,,,,2048,0,,8.0,2162,159,58
fern_b_kz_12,28,Kugel,18,20,+x,86,-3,0,86,1,r,ja,29,G+1,-4,12,0,58,6,nein,42,14,2,2170,Treffer Figur,095bxx:12,,,,2048,0,,8.0,2162,159,58
fern_b_kz_13,28,Kugel,18,20,+x,-4,13,0,-4,31,r,nein,,,,,,,,,71,43,43,2498,Ablauf,,,,,2048,0,0,8.0,2162,159,58
fern_b_kz_14,28,Kugel,18,20,+x,-4,14,0,-4,31,r,nein,,,,,,,,,71,43,43,2498,Ablauf,,,,,2048,0,0,8.0,2162,159,58
fern_b_kz_15,28,Kugel,18,20,+x,-4,15,0,-4,31,r,nein,,,,,,,,,71,43,43,2498,Ablauf,,,,,2048,0,0,8.0,2162,159,58
fern_b_kz_16,28,Kugel,18,20,+x,-4,16,0,-4,31,r,nein,,,,,,,,,71,43,43,2498,Ablauf,,,,,2048,0,0,8.0,2162,159,58
fern_b_kz_1,28,Kugel,18,20,+x,86,-3,0,86,1,r,ja,29,G+1,-4,1,0,58,6,nein,42,14,2,2170,Treffer Figur,095bxx:12,,,,2048,0,,8.0,2162,159,58
fern_b_kz_2,28,Kugel,18,20,+x,86,-3,0,86,1,r,ja,29,G+1,-4,2,0,58,6,nein,42,14,2,2170,Treffer Figur,095bxx:12,,,,2048,0,,8.0,2162,159,58
fern_b_kz_3,28,Kugel,18,20,+x,86,-3,0,86,1,r,ja,29,G+1,-4,3,0,58,6,nein,42,14,2,2170,Treffer Figur,095bxx:12,,,,2048,0,,8.0,2162,159,58
fern_b_kz_4,28,Kugel,18,20,+x,86,-3,0,86,1,r,ja,29,G+1,-4,4,0,58,6,nein,42,14,2,2170,Treffer Figur,095bxx:12,,,,2048,0,,8.0,2162,159,58
fern_b_kz_5,28,Kugel,18,20,+x,86,-3,0,86,1,r,ja,29,G+1,-4,5,0,58,6,nein,42,14,2,2170,Treffer Figur,095bxx:12,,,,2048,0,,8.0,2162,159,58
fern_b_kz_6,28,Kugel,18,20,+x,86,-3,0,86,1,r,ja,29,G+1,-4,6,0,58,6,nein,42,14,2,2170,Treffer Figur,095bxx:12,,,,2048,0,,8.0,2162,159,58
fern_b_kz_7,28,Kugel,18,20,+x,86,-3,0,86,1,r,ja,29,G+1,-4,7,0,58,6,nein,42,14,2,2170,Treffer Figur,095bxx:12,,,,2048,0,,8.0,2162,159,58
fern_b_kz_8,28,Kugel,18,20,+x,86,-3,0,86,1,r,ja,29,G+1,-4,8,0,58,6,nein,42,14,2,2170,Treffer Figur,095bxx:12,,,,2048,0,,8.0,2162,159,58
fern_b_kz_9,28,Kugel,18,20,+x,86,-3,0,86,1,r,ja,29,G+1,-4,9,0,58,6,nein,42,14,2,2170,Treffer Figur,095bxx:12,,,,2048,0,,8.0,2162,159,58
## B Kugel (zweite Kugel der Salve, umwerfend)
lauf,G,art
fern_b_kux_r-18,,kein Geschoss
fern_b_kux_r-19,,kein Geschoss
fern_b_kux_r-20,,kein Geschoss
fern_b_kux_r-21,,kein Geschoss
fern_b_kux_r0,,kein Geschoss
fern_b_kux_r15,,kein Geschoss
fern_b_kux_r16,,kein Geschoss
fern_b_kux_r17,,kein Geschoss
fern_b_kux_r18,,kein Geschoss
fern_b_kux_r4,,kein Geschoss
fern_b_kux_r8,,kein Geschoss
## B Rakete (Explosion, Flug, aktive Frames)
lauf,G,art,werfer,rang,flugrichtung,rel_dx,rel_dz,fig_h,vorn,frames_gehalten,blick_figur,treffer,treffer_frame,treffer_rel,dx_treffer,dz_treffer,h_treffer,gh_treffer,schaden,umgeworfen,ende,dauer,flugframes,x_flugende,grund,nachphasen,treffer_gegner,abgewehrt,abgewehrt_figur,camx_flugende,h_G1,h_G21,vx,x0,z0,h0
fern_b_ra9_20,19,Rakete,13,9,+x,-5,0,0,-5,1,r,ja,40,G+21,0,0,1,0,13,ja,134,115,20,2267,Treffer Figur,0864xx:20 0865xx:15 0866xx:15 0867xx:20 0868xx:15 0869xx:10,,,,2048,0,1,5.0,2172,157,44
fern_b_ra9_21,19,Rakete,13,9,+x,136,-1,0,136,1,r,ja,40,G+21,0,0,1,0,13,ja,134,115,20,2267,Treffer Figur,0864xx:20 0865xx:15 0866xx:15 0867xx:20 0868xx:15 0869xx:10,,,,2048,0,1,5.0,2172,157,44
fern_b_ra9_29,19,Rakete,13,9,+x,136,-1,0,136,9,r,ja,48,G+29,0,0,1,0,13,ja,134,115,20,2267,Treffer Figur,0864xx:20 0865xx:15 0866xx:15 0867xx:20 0868xx:15 0869xx:10,,,,2048,0,0,5.0,2172,157,44
fern_b_ra9_30,19,Rakete,13,9,+x,136,-1,0,136,10,r,nein,,,,,,,,,134,115,20,2267,Explosion,0864xx:20 0865xx:15 0866xx:15 0867xx:20 0868xx:15 0869xx:10,,,,2048,0,0,5.0,2172,157,44
fern_b_ra_19,17,Rakete,10,20,+x,-5,0,0,-5,1,r,ja,38,G+21,0,0,1,0,14,ja,132,115,20,2267,Treffer Figur,0864xx:20 0865xx:15 0866xx:15 0867xx:20 0868xx:15 0869xx:10,,,,2048,0,1,5.0,2172,154,44
fern_b_ra_20,17,Rakete,10,20,+x,-5,0,0,-5,1,r,ja,38,G+21,0,0,1,0,14,ja,132,115,20,2267,Treffer Figur,0864xx:20 0865xx:15 0866xx:15 0867xx:20 0868xx:15 0869xx:10,,,,2048,0,1,5.0,2172,154,44
fern_b_ra_21,17,Rakete,10,20,+x,136,2,0,136,1,r,ja,38,G+21,0,0,1,0,14,ja,132,115,20,2267,Treffer Figur,0864xx:20 0865xx:15 0866xx:15 0867xx:20 0868xx:15 0869xx:10,,,,2048,0,1,5.0,2172,154,44
fern_b_ra_22,17,Rakete,10,20,+x,136,2,0,136,2,r,ja,39,G+22,0,0,1,0,14,ja,132,115,20,2267,Treffer Figur,0864xx:20 0865xx:15 0866xx:15 0867xx:20 0868xx:15 0869xx:10,,,,2048,0,0,5.0,2172,154,44
fern_b_ra_23,17,Rakete,10,20,+x,136,2,0,136,3,r,ja,40,G+23,0,0,1,0,14,ja,132,115,20,2267,Treffer Figur,0864xx:20 0865xx:15 0866xx:15 0867xx:20 0868xx:15 0869xx:10,,,,2048,0,0,5.0,2172,154,44
fern_b_ra_24,17,Rakete,10,20,+x,136,2,0,136,4,r,ja,41,G+24,0,0,1,0,14,ja,132,115,20,2267,Treffer Figur,0864xx:20 0865xx:15 0866xx:15 0867xx:20 0868xx:15 0869xx:10,,,,2048,0,0,5.0,2172,154,44
fern_b_ra_25,17,Rakete,10,20,+x,136,2,0,136,5,r,ja,42,G+25,0,0,1,0,14,ja,132,115,20,2267,Treffer Figur,0864xx:20 0865xx:15 0866xx:15 0867xx:20 0868xx:15 0869xx:10,,,,2048,0,0,5.0,2172,154,44
fern_b_ra_26,17,Rakete,10,20,+x,136,2,0,136,6,r,ja,43,G+26,0,0,1,0,14,ja,132,115,20,2267,Treffer Figur,0864xx:20 0865xx:15 0866xx:15 0867xx:20 0868xx:15 0869xx:10,,,,2048,0,0,5.0,2172,154,44
fern_b_ra_27,17,Rakete,10,20,+x,136,2,0,136,7,r,ja,44,G+27,0,0,1,0,14,ja,132,115,20,2267,Treffer Figur,0864xx:20 0865xx:15 0866xx:15 0867xx:20 0868xx:15 0869xx:10,,,,2048,0,0,5.0,2172,154,44
fern_b_ra_28,17,Rakete,10,20,+x,136,2,0,136,8,r,ja,45,G+28,0,0,1,0,14,ja,132,115,20,2267,Treffer Figur,0864xx:20 0865xx:15 0866xx:15 0867xx:20 0868xx:15 0869xx:10,,,,2048,0,0,5.0,2172,154,44
fern_b_ra_29,17,Rakete,10,20,+x,136,2,0,136,9,r,ja,46,G+29,0,0,1,0,14,ja,132,115,20,2267,Treffer Figur,0864xx:20 0865xx:15 0866xx:15 0867xx:20 0868xx:15 0869xx:10,,,,2048,0,0,5.0,2172,154,44
fern_b_ra_30,17,Rakete,10,20,+x,136,2,0,136,10,r,nein,,,,,,,,,132,115,20,2267,Explosion,0864xx:20 0865xx:15 0866xx:15 0867xx:20 0868xx:15 0869xx:10,,,,2048,0,0,5.0,2172,154,44
fern_b_ra_31,17,Rakete,10,20,+x,136,2,0,136,10,r,nein,,,,,,,,,132,115,20,2267,Explosion,0864xx:20 0865xx:15 0866xx:15 0867xx:20 0868xx:15 0869xx:10,,,,2048,0,0,5.0,2172,154,44
fern_b_ra_32,17,Rakete,10,20,+x,136,2,0,136,10,r,nein,,,,,,,,,132,115,20,2267,Explosion,0864xx:20 0865xx:15 0866xx:15 0867xx:20 0868xx:15 0869xx:10,,,,2048,0,0,5.0,2172,154,44
fern_b_ra_33,17,Rakete,10,20,+x,136,2,0,136,10,r,nein,,,,,,,,,132,115,20,2267,Explosion,0864xx:20 0865xx:15 0866xx:15 0867xx:20 0868xx:15 0869xx:10,,,,2048,0,0,5.0,2172,154,44
fern_b_ra_34,17,Rakete,10,20,+x,136,2,0,136,10,r,nein,,,,,,,,,132,115,20,2267,Explosion,0864xx:20 0865xx:15 0866xx:15 0867xx:20 0868xx:15 0869xx:10,,,,2048,0,0,5.0,2172,154,44
fern_b_rflug0,17,Rakete,10,20,+x,-10,0,0,-10,1,r,ja,38,G+21,-10,0,1,0,14,ja,132,115,20,2267,Treffer Figur,0864xx:20 0865xx:15 0866xx:15 0867xx:20 0868xx:15 0869xx:10,,,,2048,0,1,5.0,2172,154,44
fern_b_rflug,17,Rakete,10,20,+x,-10,0,35,-10,1,r,ja,39,G+22,-10,0,26,0,14,ja,132,115,20,2267,Treffer Figur,0864xx:20 0865xx:15 0866xx:15 0867xx:20 0868xx:15 0869xx:10,,,,2048,44,30,5.0,2172,154,44
fern_b_rh9_23,19,Rakete,13,9,+x,136,-1,0,136,1,r,ja,40,G+21,0,0,24,0,13,ja,134,115,20,2267,Treffer Figur,0864xx:20 0865xx:15 0866xx:15 0867xx:20 0868xx:15 0869xx:10,,,,2048,0,24,5.0,2172,157,44
fern_b_rh9_24,19,Rakete,13,9,+x,136,-1,0,136,1,r,ja,40,G+21,0,0,25,0,13,ja,134,115,20,2267,Treffer Figur,0864xx:20 0865xx:15 0866xx:15 0867xx:20 0868xx:15 0869xx:10,,,,2048,0,25,5.0,2172,157,44
fern_b_rh9_25,19,Rakete,13,9,+x,136,-1,0,136,1,r,ja,40,G+21,0,0,26,0,13,ja,134,115,20,2267,Treffer Figur,0864xx:20 0865xx:15 0866xx:15 0867xx:20 0868xx:15 0869xx:10,,,,2048,0,26,5.0,2172,157,44
fern_b_rh9_26,19,Rakete,13,9,+x,0,0,26,0,2,r,ja,42,G+23,0,0,26,0,13,ja,134,115,20,2267,Treffer Figur,0864xx:20 0865xx:15 0866xx:15 0867xx:20 0868xx:15 0869xx:10,,,,2048,0,26,5.0,2172,157,44
fern_b_rh9_27,19,Rakete,13,9,+x,0,0,27,0,2,r,ja,44,G+25,0,0,26,0,13,ja,134,115,20,2267,Treffer Figur,0864xx:20 0865xx:15 0866xx:15 0867xx:20 0868xx:15 0869xx:10,,,,2048,0,27,5.0,2172,157,44
fern_b_rh9_28,19,Rakete,13,9,+x,0,0,28,0,2,r,ja,45,G+26,0,0,26,0,13,ja,134,115,20,2267,Treffer Figur,0864xx:20 0865xx:15 0866xx:15 0867xx:20 0868xx:15 0869xx:10,,,,2048,0,28,5.0,2172,157,44
fern_b_rh9_29,19,Rakete,13,9,+x,0,0,29,0,2,r,ja,46,G+27,0,0,26,0,13,ja,134,115,20,2267,Treffer Figur,0864xx:20 0865xx:15 0866xx:15 0867xx:20 0868xx:15 0869xx:10,,,,2048,0,29,5.0,2172,157,44
fern_b_rh_0,17,Rakete,10,20,+x,136,2,0,136,1,r,ja,38,G+21,0,0,1,0,14,ja,132,115,20,2267,Treffer Figur,0864xx:20 0865xx:15 0866xx:15 0867xx:20 0868xx:15 0869xx:10,,,,2048,0,1,5.0,2172,154,44
fern_b_rh_100,17,Rakete,10,20,+x,0,0,100,0,2,r,nein,,,,,,,,,132,115,20,2267,Explosion,0864xx:20 0865xx:15 0866xx:15 0867xx:20 0868xx:15 0869xx:10,,,,2048,0,100,5.0,2172,154,44
fern_b_rh_10,17,Rakete,10,20,+x,136,2,0,136,1,r,ja,38,G+21,0,0,11,0,14,ja,132,115,20,2267,Treffer Figur,0864xx:20 0865xx:15 0866xx:15 0867xx:20 0868xx:15 0869xx:10,,,,2048,0,11,5.0,2172,154,44
fern_b_rh_120,17,Rakete,10,20,+x,0,0,120,0,2,r,nein,,,,,,,,,132,115,20,2267,Explosion,0864xx:20 0865xx:15 0866xx:15 0867xx:20 0868xx:15 0869xx:10,,,,2048,0,120,5.0,2172,154,44
fern_b_rh_20,17,Rakete,10,20,+x,136,2,0,136,1,r,ja,38,G+21,0,0,21,0,14,ja,132,115,20,2267,Treffer Figur,0864xx:20 0865xx:15 0866xx:15 0867xx:20 0868xx:15 0869xx:10,,,,2048,0,21,5.0,2172,154,44
fern_b_rh_21,17,Rakete,10,20,+x,136,2,0,136,1,r,ja,38,G+21,0,0,22,0,14,ja,132,115,20,2267,Treffer Figur,0864xx:20 0865xx:15 0866xx:15 0867xx:20 0868xx:15 0869xx:10,,,,2048,0,22,5.0,2172,154,44
fern_b_rh_22,17,Rakete,10,20,+x,136,2,0,136,1,r,ja,38,G+21,0,0,23,0,14,ja,132,115,20,2267,Treffer Figur,0864xx:20 0865xx:15 0866xx:15 0867xx:20 0868xx:15 0869xx:10,,,,2048,0,23,5.0,2172,154,44
fern_b_rh_23,17,Rakete,10,20,+x,136,2,0,136,1,r,ja,38,G+21,0,0,24,0,14,ja,132,115,20,2267,Treffer Figur,0864xx:20 0865xx:15 0866xx:15 0867xx:20 0868xx:15 0869xx:10,,,,2048,0,24,5.0,2172,154,44
fern_b_rh_24,17,Rakete,10,20,+x,136,2,0,136,1,r,ja,38,G+21,0,0,25,0,14,ja,132,115,20,2267,Treffer Figur,0864xx:20 0865xx:15 0866xx:15 0867xx:20 0868xx:15 0869xx:10,,,,2048,0,25,5.0,2172,154,44
fern_b_rh_25,17,Rakete,10,20,+x,136,2,0,136,1,r,ja,38,G+21,0,0,26,0,14,ja,132,115,20,2267,Treffer Figur,0864xx:20 0865xx:15 0866xx:15 0867xx:20 0868xx:15 0869xx:10,,,,2048,0,26,5.0,2172,154,44
fern_b_rh_26,17,Rakete,10,20,+x,0,0,26,0,2,r,ja,40,G+23,0,0,26,0,14,ja,132,115,20,2267,Treffer Figur,0864xx:20 0865xx:15 0866xx:15 0867xx:20 0868xx:15 0869xx:10,,,,2048,0,26,5.0,2172,154,44
fern_b_rh_27,17,Rakete,10,20,+x,0,0,27,0,2,r,ja,42,G+25,0,0,26,0,14,ja,132,115,20,2267,Treffer Figur,0864xx:20 0865xx:15 0866xx:15 0867xx:20 0868xx:15 0869xx:10,,,,2048,0,27,5.0,2172,154,44
fern_b_rh_28,17,Rakete,10,20,+x,0,0,28,0,2,r,ja,43,G+26,0,0,26,0,14,ja,132,115,20,2267,Treffer Figur,0864xx:20 0865xx:15 0866xx:15 0867xx:20 0868xx:15 0869xx:10,,,,2048,0,28,5.0,2172,154,44
fern_b_rh_29,17,Rakete,10,20,+x,0,0,29,0,2,r,ja,44,G+27,0,0,26,0,14,ja,132,115,20,2267,Treffer Figur,0864xx:20 0865xx:15 0866xx:15 0867xx:20 0868xx:15 0869xx:10,,,,2048,0,29,5.0,2172,154,44
fern_b_rh_30,17,Rakete,10,20,+x,0,0,30,0,2,r,ja,45,G+28,0,0,25,0,14,ja,132,115,20,2267,Treffer Figur,0864xx:20 0865xx:15 0866xx:15 0867xx:20 0868xx:15 0869xx:10,,,,2048,0,30,5.0,2172,154,44
fern_b_rh_31,17,Rakete,10,20,+x,0,0,31,0,2,r,ja,45,G+28,0,0,26,0,14,ja,132,115,20,2267,Treffer Figur,0864xx:20 0865xx:15 0866xx:15 0867xx:20 0868xx:15 0869xx:10,,,,2048,0,31,5.0,2172,154,44
fern_b_rh_32,17,Rakete,10,20,+x,0,0,32,0,2,r,ja,46,G+29,0,0,26,0,14,ja,132,115,20,2267,Treffer Figur,0864xx:20 0865xx:15 0866xx:15 0867xx:20 0868xx:15 0869xx:10,,,,2048,0,32,5.0,2172,154,44
fern_b_rh_33,17,Rakete,10,20,+x,0,0,33,0,2,r,nein,,,,,,,,,132,115,20,2267,Explosion,0864xx:20 0865xx:15 0866xx:15 0867xx:20 0868xx:15 0869xx:10,,,,2048,0,33,5.0,2172,154,44
fern_b_rh_34,17,Rakete,10,20,+x,0,0,34,0,2,r,nein,,,,,,,,,132,115,20,2267,Explosion,0864xx:20 0865xx:15 0866xx:15 0867xx:20 0868xx:15 0869xx:10,,,,2048,0,34,5.0,2172,154,44
fern_b_rh_36,17,Rakete,10,20,+x,0,0,36,0,2,r,nein,,,,,,,,,132,115,20,2267,Explosion,0864xx:20 0865xx:15 0866xx:15 0867xx:20 0868xx:15 0869xx:10,,,,2048,0,36,5.0,2172,154,44
fern_b_rh_40,17,Rakete,10,20,+x,0,0,40,0,2,r,nein,,,,,,,,,132,115,20,2267,Explosion,0864xx:20 0865xx:15 0866xx:15 0867xx:20 0868xx:15 0869xx:10,,,,2048,0,40,5.0,2172,154,44
fern_b_rh_50,17,Rakete,10,20,+x,0,0,50,0,2,r,nein,,,,,,,,,132,115,20,2267,Explosion,0864xx:20 0865xx:15 0866xx:15 0867xx:20 0868xx:15 0869xx:10,,,,2048,0,50,5.0,2172,154,44
fern_b_rh_60,17,Rakete,10,20,+x,0,0,60,0,2,r,nein,,,,,,,,,132,115,20,2267,Explosion,0864xx:20 0865xx:15 0866xx:15 0867xx:20 0868xx:15 0869xx:10,,,,2048,0,60,5.0,2172,154,44
fern_b_rh_80,17,Rakete,10,20,+x,0,0,80,0,2,r,nein,,,,,,,,,132,115,20,2267,Explosion,0864xx:20 0865xx:15 0866xx:15 0867xx:20 0868xx:15 0869xx:10,,,,2048,0,80,5.0,2172,154,44
fern_b_rx9_-10,19,Rakete,13,9,+x,136,-1,0,136,1,r,ja,40,G+21,-10,0,1,0,13,ja,134,115,20,2267,Treffer Figur,0864xx:20 0865xx:15 0866xx:15 0867xx:20 0868xx:15 0869xx:10,,,,2048,0,1,5.0,2172,157,44
fern_b_rx9_-20,19,Rakete,13,9,+x,136,-1,0,136,1,r,ja,40,G+21,-20,0,1,0,13,ja,134,115,20,2267,Treffer Figur,0864xx:20 0865xx:15 0866xx:15 0867xx:20 0868xx:15 0869xx:10,,,,2048,0,1,5.0,2172,157,44
fern_b_rx9_-30,19,Rakete,13,9,+x,136,-1,0,136,1,r,ja,40,G+21,-30,0,1,0,13,ja,134,115,20,2267,Treffer Figur,0864xx:20 0865xx:15 0866xx:15 0867xx:20 0868xx:15 0869xx:10,,,,2048,0,1,5.0,2172,157,44
fern_b_rx9_-40,19,Rakete,13,9,+x,136,-1,0,136,1,r,ja,40,G+21,-40,0,1,0,13,ja,134,115,20,2267,Treffer Figur,0864xx:20 0865xx:15 0866xx:15 0867xx:20 0868xx:15 0869xx:10,,,,2048,0,1,5.0,2172,157,44
fern_b_rx9_-50,19,Rakete,13,9,+x,136,-1,0,136,1,r,ja,40,G+21,-50,0,1,0,13,ja,134,115,20,2267,Treffer Figur,0864xx:20 0865xx:15 0866xx:15 0867xx:20 0868xx:15 0869xx:10,,,,2048,0,1,5.0,2172,157,44
fern_b_rx9_-52,19,Rakete,13,9,+x,136,-1,0,136,1,r,ja,40,G+21,-52,0,1,0,13,ja,134,115,20,2267,Treffer Figur,0864xx:20 0865xx:15 0866xx:15 0867xx:20 0868xx:15 0869xx:10,,,,2048,0,1,5.0,2172,157,44
fern_b_rx9_-54,19,Rakete,13,9,+x,136,-1,0,136,1,r,ja,40,G+21,-54,0,1,0,13,ja,134,115,20,2267,Treffer Figur,0864xx:20 0865xx:15 0866xx:15 0867xx:20 0868xx:15 0869xx:10,,,,2048,0,1,5.0,2172,157,44
fern_b_rx9_-56,19,Rakete,13,9,+x,136,-1,0,136,1,r,ja,40,G+21,-56,0,1,0,13,ja,134,115,20,2267,Treffer Figur,0864xx:20 0865xx:15 0866xx:15 0867xx:20 0868xx:15 0869xx:10,,,,2048,0,1,5.0,2172,157,44
fern_b_rx9_-58,19,Rakete,13,9,+x,-58,0,0,-58,9,r,nein,,,,,,,,,134,115,20,2267,Explosion,0864xx:20 0865xx:15 0866xx:15 0867xx:20 0868xx:15 0869xx:10,,,,2048,0,0,5.0,2172,157,44
fern_b_rx9_-60,19,Rakete,13,9,+x,-60,0,0,-60,9,r,nein,,,,,,,,,134,115,20,2267,Explosion,0864xx:20 0865xx:15 0866xx:15 0867xx:20 0868xx:15 0869xx:10,,,,2048,0,0,5.0,2172,157,44
fern_b_rx9_0,19,Rakete,13,9,+x,136,-1,0,136,1,r,ja,40,G+21,0,0,1,0,13,ja,134,115,20,2267,Treffer Figur,0864xx:20 0865xx:15 0866xx:15 0867xx:20 0868xx:15 0869xx:10,,,,2048,0,1,5.0,2172,157,44
fern_b_rx9_10,19,Rakete,13,9,+x,136,-1,0,136,1,r,ja,40,G+21,10,0,1,0,13,ja,134,115,20,2267,Treffer Figur,0864xx:20 0865xx:15 0866xx:15 0867xx:20 0868xx:15 0869xx:10,,,,2048,0,1,5.0,2172,157,44
fern_b_rx9_20,19,Rakete,13,9,+x,136,-1,0,136,1,r,ja,40,G+21,20,0,1,0,13,ja,134,115,20,2267,Treffer Figur,0864xx:20 0865xx:15 0866xx:15 0867xx:20 0868xx:15 0869xx:10,,,,2048,0,1,5.0,2172,157,44
fern_b_rx9_30,19,Rakete,13,9,+x,136,-1,0,136,1,r,ja,40,G+21,30,0,1,0,13,ja,134,115,20,2267,Treffer Figur,0864xx:20 0865xx:15 0866xx:15 0867xx:20 0868xx:15 0869xx:10,,,,2048,0,1,5.0,2172,157,44
fern_b_rx9_40,19,Rakete,13,9,+x,136,-1,0,136,1,r,ja,40,G+21,40,0,1,0,13,ja,134,115,20,2267,Treffer Figur,0864xx:20 0865xx:15 0866xx:15 0867xx:20 0868xx:15 0869xx:10,,,,2048,0,1,5.0,2172,157,44
fern_b_rx9_42,19,Rakete,13,9,+x,136,-1,0,136,1,r,ja,40,G+21,42,0,1,0,13,ja,134,115,20,2267,Treffer Figur,0864xx:20 0865xx:15 0866xx:15 0867xx:20 0868xx:15 0869xx:10,,,,2048,0,1,5.0,2172,157,44
fern_b_rx9_44,19,Rakete,13,9,+x,136,-1,0,136,1,r,ja,40,G+21,44,0,1,0,13,ja,134,115,20,2267,Treffer Figur,0864xx:20 0865xx:15 0866xx:15 0867xx:20 0868xx:15 0869xx:10,,,,2048,0,1,5.0,2172,157,44
fern_b_rx9_46,19,Rakete,13,9,+x,136,-1,0,136,1,r,ja,40,G+21,46,0,1,0,13,ja,134,115,20,2267,Treffer Figur,0864xx:20 0865xx:15 0866xx:15 0867xx:20 0868xx:15 0869xx:10,,,,2048,0,1,5.0,2172,157,44
fern_b_rx9_48,19,Rakete,13,9,+x,48,0,0,48,9,r,nein,,,,,,,,,134,115,20,2267,Explosion,0864xx:20 0865xx:15 0866xx:15 0867xx:20 0868xx:15 0869xx:10,,,,2048,0,0,5.0,2172,157,44
fern_b_rx9_50,19,Rakete,13,9,+x,50,0,0,50,9,r,nein,,,,,,,,,134,115,20,2267,Explosion,0864xx:20 0865xx:15 0866xx:15 0867xx:20 0868xx:15 0869xx:10,,,,2048,0,0,5.0,2172,157,44
fern_b_rx_-100,17,Rakete,10,20,+x,-100,0,0,-100,9,r,nein,,,,,,,,,132,115,20,2267,Explosion,0864xx:20 0865xx:15 0866xx:15 0867xx:20 0868xx:15 0869xx:10,,,,2048,0,0,5.0,2172,154,44
fern_b_rx_-10,17,Rakete,10,20,+x,136,2,0,136,1,r,ja,38,G+21,-10,0,1,0,14,ja,132,115,20,2267,Treffer Figur,0864xx:20 0865xx:15 0866xx:15 0867xx:20 0868xx:15 0869xx:10,,,,2048,0,1,5.0,2172,154,44
fern_b_rx_-110,17,Rakete,10,20,+x,-110,0,0,-110,9,r,nein,,,,,,,,,132,115,20,2267,Explosion,0864xx:20 0865xx:15 0866xx:15 0867xx:20 0868xx:15 0869xx:10,,,,2048,0,0,5.0,2172,154,44
fern_b_rx_-120,17,Rakete,10,20,+x,-120,0,0,-120,9,r,nein,,,,,,,,,132,115,20,2267,Explosion,0864xx:20 0865xx:15 0866xx:15 0867xx:20 0868xx:15 0869xx:10,,,,2048,0,0,5.0,2172,154,44
fern_b_rx_-20,17,Rakete,10,20,+x,136,2,0,136,1,r,ja,38,G+21,-20,0,1,0,14,ja,132,115,20,2267,Treffer Figur,0864xx:20 0865xx:15 0866xx:15 0867xx:20 0868xx:15 0869xx:10,,,,2048,0,1,5.0,2172,154,44
fern_b_rx_-30,17,Rakete,10,20,+x,136,2,0,136,1,r,ja,38,G+21,-30,0,1,0,14,ja,132,115,20,2267,Treffer Figur,0864xx:20 0865xx:15 0866xx:15 0867xx:20 0868xx:15 0869xx:10,,,,2048,0,1,5.0,2172,154,44
fern_b_rx_-40,17,Rakete,10,20,+x,136,2,0,136,1,r,ja,38,G+21,-40,0,1,0,14,ja,132,115,20,2267,Treffer Figur,0864xx:20 0865xx:15 0866xx:15 0867xx:20 0868xx:15 0869xx:10,,,,2048,0,1,5.0,2172,154,44
fern_b_rx_-46,17,Rakete,10,20,+x,136,2,0,136,1,r,ja,38,G+21,-46,0,1,0,14,ja,132,115,20,2267,Treffer Figur,0864xx:20 0865xx:15 0866xx:15 0867xx:20 0868xx:15 0869xx:10,,,,2048,0,1,5.0,2172,154,44
fern_b_rx_-47,17,Rakete,10,20,+x,136,2,0,136,1,r,ja,38,G+21,-47,0,1,0,14,ja,132,115,20,2267,Treffer Figur,0864xx:20 0865xx:15 0866xx:15 0867xx:20 0868xx:15 0869xx:10,,,,2048,0,1,5.0,2172,154,44
fern_b_rx_-48,17,Rakete,10,20,+x,136,2,0,136,1,r,ja,38,G+21,-48,0,1,0,14,ja,132,115,20,2267,Treffer Figur,0864xx:20 0865xx:15 0866xx:15 0867xx:20 0868xx:15 0869xx:10,,,,2048,0,1,5.0,2172,154,44
fern_b_rx_-49,17,Rakete,10,20,+x,136,2,0,136,1,r,ja,38,G+21,-49,0,1,0,14,ja,132,115,20,2267,Treffer Figur,0864xx:20 0865xx:15 0866xx:15 0867xx:20 0868xx:15 0869xx:10,,,,2048,0,1,5.0,2172,154,44
fern_b_rx_-50,17,Rakete,10,20,+x,136,2,0,136,1,r,ja,38,G+21,-50,0,1,0,14,ja,132,115,20,2267,Treffer Figur,0864xx:20 0865xx:15 0866xx:15 0867xx:20 0868xx:15 0869xx:10,,,,2048,0,1,5.0,2172,154,44
fern_b_rx_-51,17,Rakete,10,20,+x,136,2,0,136,1,r,ja,38,G+21,-51,0,1,0,14,ja,132,115,20,2267,Treffer Figur,0864xx:20 0865xx:15 0866xx:15 0867xx:20 0868xx:15 0869xx:10,,,,2048,0,1,5.0,2172,154,44
fern_b_rx_-52,17,Rakete,10,20,+x,136,2,0,136,1,r,ja,38,G+21,-52,0,1,0,14,ja,132,115,20,2267,Treffer Figur,0864xx:20 0865xx:15 0866xx:15 0867xx:20 0868xx:15 0869xx:10,,,,2048,0,1,5.0,2172,154,44
fern_b_rx_-53,17,Rakete,10,20,+x,136,2,0,136,1,r,ja,38,G+21,-53,0,1,0,14,ja,132,115,20,2267,Treffer Figur,0864xx:20 0865xx:15 0866xx:15 0867xx:20 0868xx:15 0869xx:10,,,,2048,0,1,5.0,2172,154,44
fern_b_rx_-54,17,Rakete,10,20,+x,136,2,0,136,1,r,ja,38,G+21,-54,0,1,0,14,ja,132,115,20,2267,Treffer Figur,0864xx:20 0865xx:15 0866xx:15 0867xx:20 0868xx:15 0869xx:10,,,,2048,0,1,5.0,2172,154,44
fern_b_rx_-55,17,Rakete,10,20,+x,136,2,0,136,1,r,ja,38,G+21,-55,0,1,0,14,ja,132,115,20,2267,Treffer Figur,0864xx:20 0865xx:15 0866xx:15 0867xx:20 0868xx:15 0869xx:10,,,,2048,0,1,5.0,2172,154,44
fern_b_rx_-56,17,Rakete,10,20,+x,136,2,0,136,1,r,ja,38,G+21,-56,0,1,0,14,ja,132,115,20,2267,Treffer Figur,0864xx:20 0865xx:15 0866xx:15 0867xx:20 0868xx:15 0869xx:10,,,,2048,0,1,5.0,2172,154,44
fern_b_rx_-57,17,Rakete,10,20,+x,-57,0,0,-57,9,r,nein,,,,,,,,,132,115,20,2267,Explosion,0864xx:20 0865xx:15 0866xx:15 0867xx:20 0868xx:15 0869xx:10,,,,2048,0,0,5.0,2172,154,44
fern_b_rx_-58,17,Rakete,10,20,+x,-58,0,0,-58,9,r,nein,,,,,,,,,132,115,20,2267,Explosion,0864xx:20 0865xx:15 0866xx:15 0867xx:20 0868xx:15 0869xx:10,,,,2048,0,0,5.0,2172,154,44
fern_b_rx_-59,17,Rakete,10,20,+x,-59,0,0,-59,9,r,nein,,,,,,,,,132,115,20,2267,Explosion,0864xx:20 0865xx:15 0866xx:15 0867xx:20 0868xx:15 0869xx:10,,,,2048,0,0,5.0,2172,154,44
fern_b_rx_-60,17,Rakete,10,20,+x,-60,0,0,-60,9,r,nein,,,,,,,,,132,115,20,2267,Explosion,0864xx:20 0865xx:15 0866xx:15 0867xx:20 0868xx:15 0869xx:10,,,,2048,0,0,5.0,2172,154,44
fern_b_rx_-61,17,Rakete,10,20,+x,-61,0,0,-61,9,r,nein,,,,,,,,,132,115,20,2267,Explosion,0864xx:20 0865xx:15 0866xx:15 0867xx:20 0868xx:15 0869xx:10,,,,2048,0,0,5.0,2172,154,44
fern_b_rx_-62,17,Rakete,10,20,+x,-62,0,0,-62,9,r,nein,,,,,,,,,132,115,20,2267,Explosion,0864xx:20 0865xx:15 0866xx:15 0867xx:20 0868xx:15 0869xx:10,,,,2048,0,0,5.0,2172,154,44
fern_b_rx_-63,17,Rakete,10,20,+x,-63,0,0,-63,9,r,nein,,,,,,,,,132,115,20,2267,Explosion,0864xx:20 0865xx:15 0866xx:15 0867xx:20 0868xx:15 0869xx:10,,,,2048,0,0,5.0,2172,154,44
fern_b_rx_-64,17,Rakete,10,20,+x,-64,0,0,-64,9,r,nein,,,,,,,,,132,115,20,2267,Explosion,0864xx:20 0865xx:15 0866xx:15 0867xx:20 0868xx:15 0869xx:10,,,,2048,0,0,5.0,2172,154,44
fern_b_rx_-70,17,Rakete,10,20,+x,-70,0,0,-70,9,r,nein,,,,,,,,,132,115,20,2267,Explosion,0864xx:20 0865xx:15 0866xx:15 0867xx:20 0868xx:15 0869xx:10,,,,2048,0,0,5.0,2172,154,44
fern_b_rx_-80,17,Rakete,10,20,+x,-80,0,0,-80,9,r,nein,,,,,,,,,132,115,20,2267,Explosion,0864xx:20 0865xx:15 0866xx:15 0867xx:20 0868xx:15 0869xx:10,,,,2048,0,0,5.0,2172,154,44
fern_b_rx_-90,17,Rakete,10,20,+x,-90,0,0,-90,9,r,nein,,,,,,,,,132,115,20,2267,Explosion,0864xx:20 0865xx:15 0866xx:15 0867xx:20 0868xx:15 0869xx:10,,,,2048,0,0,5.0,2172,154,44
fern_b_rx_0,17,Rakete,10,20,+x,136,2,0,136,1,r,ja,38,G+21,0,0,1,0,14,ja,132,115,20,2267,Treffer Figur,0864xx:20 0865xx:15 0866xx:15 0867xx:20 0868xx:15 0869xx:10,,,,2048,0,1,5.0,2172,154,44
fern_b_rx_100,17,Rakete,10,20,+x,100,0,0,100,9,r,nein,,,,,,,,,132,115,20,2267,Explosion,0864xx:20 0865xx:15 0866xx:15 0867xx:20 0868xx:15 0869xx:10,,,,2048,0,0,5.0,2172,154,44
fern_b_rx_10,17,Rakete,10,20,+x,136,2,0,136,1,r,ja,38,G+21,10,0,1,0,14,ja,132,115,20,2267,Treffer Figur,0864xx:20 0865xx:15 0866xx:15 0867xx:20 0868xx:15 0869xx:10,,,,2048,0,1,5.0,2172,154,44
fern_b_rx_110,17,Rakete,10,20,+x,110,0,0,110,9,r,nein,,,,,,,,,132,115,20,2267,Explosion,0864xx:20 0865xx:15 0866xx:15 0867xx:20 0868xx:15 0869xx:10,,,,2048,0,0,5.0,2172,154,44
fern_b_rx_120,17,Rakete,10,20,+x,120,0,0,120,9,r,nein,,,,,,,,,132,115,20,2267,Explosion,0864xx:20 0865xx:15 0866xx:15 0867xx:20 0868xx:15 0869xx:10,,,,2048,0,0,5.0,2172,154,44
fern_b_rx_20,17,Rakete,10,20,+x,136,2,0,136,1,r,ja,38,G+21,20,0,1,0,14,ja,132,115,20,2267,Treffer Figur,0864xx:20 0865xx:15 0866xx:15 0867xx:20 0868xx:15 0869xx:10,,,,2048,0,1,5.0,2172,154,44
fern_b_rx_30,17,Rakete,10,20,+x,136,2,0,136,1,r,ja,38,G+21,30,0,1,0,14,ja,132,115,20,2267,Treffer Figur,0864xx:20 0865xx:15 0866xx:15 0867xx:20 0868xx:15 0869xx:10,,,,2048,0,1,5.0,2172,154,44
fern_b_rx_36,17,Rakete,10,20,+x,136,2,0,136,1,r,ja,38,G+21,36,0,1,0,14,ja,132,115,20,2267,Treffer Figur,0864xx:20 0865xx:15 0866xx:15 0867xx:20 0868xx:15 0869xx:10,,,,2048,0,1,5.0,2172,154,44
fern_b_rx_37,17,Rakete,10,20,+x,136,2,0,136,1,r,ja,38,G+21,37,0,1,0,14,ja,132,115,20,2267,Treffer Figur,0864xx:20 0865xx:15 0866xx:15 0867xx:20 0868xx:15 0869xx:10,,,,2048,0,1,5.0,2172,154,44
fern_b_rx_38,17,Rakete,10,20,+x,136,2,0,136,1,r,ja,38,G+21,38,0,1,0,14,ja,132,115,20,2267,Treffer Figur,0864xx:20 0865xx:15 0866xx:15 0867xx:20 0868xx:15 0869xx:10,,,,2048,0,1,5.0,2172,154,44
fern_b_rx_39,17,Rakete,10,20,+x,136,2,0,136,1,r,ja,38,G+21,39,0,1,0,14,ja,132,115,20,2267,Treffer Figur,0864xx:20 0865xx:15 0866xx:15 0867xx:20 0868xx:15 0869xx:10,,,,2048,0,1,5.0,2172,154,44
fern_b_rx_40,17,Rakete,10,20,+x,136,2,0,136,1,r,ja,38,G+21,40,0,1,0,14,ja,132,115,20,2267,Treffer Figur,0864xx:20 0865xx:15 0866xx:15 0867xx:20 0868xx:15 0869xx:10,,,,2048,0,1,5.0,2172,154,44
fern_b_rx_41,17,Rakete,10,20,+x,136,2,0,136,1,r,ja,38,G+21,41,0,1,0,14,ja,132,115,20,2267,Treffer Figur,0864xx:20 0865xx:15 0866xx:15 0867xx:20 0868xx:15 0869xx:10,,,,2048,0,1,5.0,2172,154,44
fern_b_rx_42,17,Rakete,10,20,+x,136,2,0,136,1,r,ja,38,G+21,42,0,1,0,14,ja,132,115,20,2267,Treffer Figur,0864xx:20 0865xx:15 0866xx:15 0867xx:20 0868xx:15 0869xx:10,,,,2048,0,1,5.0,2172,154,44
fern_b_rx_43,17,Rakete,10,20,+x,136,2,0,136,1,r,ja,38,G+21,43,0,1,0,14,ja,132,115,20,2267,Treffer Figur,0864xx:20 0865xx:15 0866xx:15 0867xx:20 0868xx:15 0869xx:10,,,,2048,0,1,5.0,2172,154,44
fern_b_rx_44,17,Rakete,10,20,+x,136,2,0,136,1,r,ja,38,G+21,44,0,1,0,14,ja,132,115,20,2267,Treffer Figur,0864xx:20 0865xx:15 0866xx:15 0867xx:20 0868xx:15 0869xx:10,,,,2048,0,1,5.0,2172,154,44
fern_b_rx_45,17,Rakete,10,20,+x,136,2,0,136,1,r,ja,38,G+21,45,0,1,0,14,ja,132,115,20,2267,Treffer Figur,0864xx:20 0865xx:15 0866xx:15 0867xx:20 0868xx:15 0869xx:10,,,,2048,0,1,5.0,2172,154,44
fern_b_rx_46,17,Rakete,10,20,+x,136,2,0,136,1,r,ja,38,G+21,46,0,1,0,14,ja,132,115,20,2267,Treffer Figur,0864xx:20 0865xx:15 0866xx:15 0867xx:20 0868xx:15 0869xx:10,,,,2048,0,1,5.0,2172,154,44
fern_b_rx_47,17,Rakete,10,20,+x,136,2,0,136,1,r,ja,38,G+21,47,0,1,0,14,ja,132,115,20,2267,Treffer Figur,0864xx:20 0865xx:15 0866xx:15 0867xx:20 0868xx:15 0869xx:10,,,,2048,0,1,5.0,2172,154,44
fern_b_rx_48,17,Rakete,10,20,+x,48,0,0,48,9,r,nein,,,,,,,,,132,115,20,2267,Explosion,0864xx:20 0865xx:15 0866xx:15 0867xx:20 0868xx:15 0869xx:10,,,,2048,0,0,5.0,2172,154,44
fern_b_rx_49,17,Rakete,10,20,+x,49,0,0,49,9,r,nein,,,,,,,,,132,115,20,2267,Explosion,0864xx:20 0865xx:15 0866xx:15 0867xx:20 0868xx:15 0869xx:10,,,,2048,0,0,5.0,2172,154,44
fern_b_rx_50,17,Rakete,10,20,+x,50,0,0,50,9,r,nein,,,,,,,,,132,115,20,2267,Explosion,0864xx:20 0865xx:15 0866xx:15 0867xx:20 0868xx:15 0869xx:10,,,,2048,0,0,5.0,2172,154,44
fern_b_rx_51,17,Rakete,10,20,+x,51,0,0,51,9,r,nein,,,,,,,,,132,115,20,2267,Explosion,0864xx:20 0865xx:15 0866xx:15 0867xx:20 0868xx:15 0869xx:10,,,,2048,0,0,5.0,2172,154,44
fern_b_rx_52,17,Rakete,10,20,+x,52,0,0,52,9,r,nein,,,,,,,,,132,115,20,2267,Explosion,0864xx:20 0865xx:15 0866xx:15 0867xx:20 0868xx:15 0869xx:10,,,,2048,0,0,5.0,2172,154,44
fern_b_rx_53,17,Rakete,10,20,+x,53,0,0,53,9,r,nein,,,,,,,,,132,115,20,2267,Explosion,0864xx:20 0865xx:15 0866xx:15 0867xx:20 0868xx:15 0869xx:10,,,,2048,0,0,5.0,2172,154,44
fern_b_rx_54,17,Rakete,10,20,+x,54,0,0,54,9,r,nein,,,,,,,,,132,115,20,2267,Explosion,0864xx:20 0865xx:15 0866xx:15 0867xx:20 0868xx:15 0869xx:10,,,,2048,0,0,5.0,2172,154,44
fern_b_rx_60,17,Rakete,10,20,+x,60,0,0,60,9,r,nein,,,,,,,,,132,115,20,2267,Explosion,0864xx:20 0865xx:15 0866xx:15 0867xx:20 0868xx:15 0869xx:10,,,,2048,0,0,5.0,2172,154,44
fern_b_rx_70,17,Rakete,10,20,+x,70,0,0,70,9,r,nein,,,,,,,,,132,115,20,2267,Explosion,0864xx:20 0865xx:15 0866xx:15 0867xx:20 0868xx:15 0869xx:10,,,,2048,0,0,5.0,2172,154,44
fern_b_rx_80,17,Rakete,10,20,+x,80,0,0,80,9,r,nein,,,,,,,,,132,115,20,2267,Explosion,0864xx:20 0865xx:15 0866xx:15 0867xx:20 0868xx:15 0869xx:10,,,,2048,0,0,5.0,2172,154,44
fern_b_rx_90,17,Rakete,10,20,+x,90,0,0,90,9,r,nein,,,,,,,,,132,115,20,2267,Explosion,0864xx:20 0865xx:15 0866xx:15 0867xx:20 0868xx:15 0869xx:10,,,,2048,0,0,5.0,2172,154,44
fern_b_rz9_-11,19,Rakete,13,9,+x,136,-1,0,136,1,r,ja,40,G+21,0,-11,1,0,13,ja,134,115,20,2267,Treffer Figur,0864xx:20 0865xx:15 0866xx:15 0867xx:20 0868xx:15 0869xx:10,,,,2048,0,1,5.0,2172,157,44
fern_b_rz9_-12,19,Rakete,13,9,+x,136,-1,0,136,1,r,ja,40,G+21,0,-12,1,0,13,ja,134,115,20,2267,Treffer Figur,0864xx:20 0865xx:15 0866xx:15 0867xx:20 0868xx:15 0869xx:10,,,,2048,0,1,5.0,2172,157,44
fern_b_rz9_-13,19,Rakete,13,9,+x,0,-13,0,0,9,r,nein,,,,,,,,,134,115,20,2267,Explosion,0864xx:20 0865xx:15 0866xx:15 0867xx:20 0868xx:15 0869xx:10,,,,2048,0,0,5.0,2172,157,44
fern_b_rz9_-14,19,Rakete,13,9,+x,0,-14,0,0,9,r,nein,,,,,,,,,134,115,20,2267,Explosion,0864xx:20 0865xx:15 0866xx:15 0867xx:20 0868xx:15 0869xx:10,,,,2048,0,0,5.0,2172,157,44
fern_b_rz9_11,19,Rakete,13,9,+x,136,-1,0,136,1,r,ja,40,G+21,0,11,1,0,13,ja,134,115,20,2267,Treffer Figur,0864xx:20 0865xx:15 0866xx:15 0867xx:20 0868xx:15 0869xx:10,,,,2048,0,1,5.0,2172,157,44
fern_b_rz9_12,19,Rakete,13,9,+x,136,-1,0,136,1,r,ja,40,G+21,0,12,1,0,13,ja,134,115,20,2267,Treffer Figur,0864xx:20 0865xx:15 0866xx:15 0867xx:20 0868xx:15 0869xx:10,,,,2048,0,1,5.0,2172,157,44
fern_b_rz9_13,19,Rakete,13,9,+x,0,13,0,0,9,r,nein,,,,,,,,,134,115,20,2267,Explosion,0864xx:20 0865xx:15 0866xx:15 0867xx:20 0868xx:15 0869xx:10,,,,2048,0,0,5.0,2172,157,44
fern_b_rz9_14,19,Rakete,13,9,+x,0,14,0,0,9,r,nein,,,,,,,,,134,115,20,2267,Explosion,0864xx:20 0865xx:15 0866xx:15 0867xx:20 0868xx:15 0869xx:10,,,,2048,0,0,5.0,2172,157,44
fern_b_rz_-11,17,Rakete,10,20,+x,136,2,0,136,1,r,ja,38,G+21,0,-11,1,0,14,ja,132,115,20,2267,Treffer Figur,0864xx:20 0865xx:15 0866xx:15 0867xx:20 0868xx:15 0869xx:10,,,,2048,0,1,5.0,2172,154,44
fern_b_rz_-12,17,Rakete,10,20,+x,136,2,0,136,1,r,ja,38,G+21,0,-12,1,0,14,ja,132,115,20,2267,Treffer Figur,0864xx:20 0865xx:15 0866xx:15 0867xx:20 0868xx:15 0869xx:10,,,,2048,0,1,5.0,2172,154,44
fern_b_rz_-13,17,Rakete,10,20,+x,0,-13,0,0,9,r,nein,,,,,,,,,132,115,20,2267,Explosion,0864xx:20 0865xx:15 0866xx:15 0867xx:20 0868xx:15 0869xx:10,,,,2048,0,0,5.0,2172,154,44
fern_b_rz_-14,17,Rakete,10,20,+x,0,-14,0,0,9,r,nein,,,,,,,,,132,115,20,2267,Explosion,0864xx:20 0865xx:15 0866xx:15 0867xx:20 0868xx:15 0869xx:10,,,,2048,0,0,5.0,2172,154,44
fern_b_rz_-15,17,Rakete,10,20,+x,0,-15,0,0,9,r,nein,,,,,,,,,132,115,20,2267,Explosion,0864xx:20 0865xx:15 0866xx:15 0867xx:20 0868xx:15 0869xx:10,,,,2048,0,0,5.0,2172,154,44
fern_b_rz_-16,17,Rakete,10,20,+x,0,-16,0,0,9,r,nein,,,,,,,,,132,115,20,2267,Explosion,0864xx:20 0865xx:15 0866xx:15 0867xx:20 0868xx:15 0869xx:10,,,,2048,0,0,5.0,2172,154,44
fern_b_rz_-20,17,Rakete,10,20,+x,0,-16,0,0,9,r,nein,,,,,,,,,132,115,20,2267,Explosion,0864xx:20 0865xx:15 0866xx:15 0867xx:20 0868xx:15 0869xx:10,,,,2048,0,0,5.0,2172,154,44
fern_b_rz_-24,17,Rakete,10,20,+x,0,-16,0,0,9,r,nein,,,,,,,,,132,115,20,2267,Explosion,0864xx:20 0865xx:15 0866xx:15 0867xx:20 0868xx:15 0869xx:10,,,,2048,0,0,5.0,2172,154,44
fern_b_rz_-28,17,Rakete,10,20,+x,0,-16,0,0,9,r,nein,,,,,,,,,132,115,20,2267,Explosion,0864xx:20 0865xx:15 0866xx:15 0867xx:20 0868xx:15 0869xx:10,,,,2048,0,0,5.0,2172,154,44
fern_b_rz_-32,17,Rakete,10,20,+x,0,-16,0,0,9,r,nein,,,,,,,,,132,115,20,2267,Explosion,0864xx:20 0865xx:15 0866xx:15 0867xx:20 0868xx:15 0869xx:10,,,,2048,0,0,5.0,2172,154,44
fern_b_rz_-36,17,Rakete,10,20,+x,0,-16,0,0,9,r,nein,,,,,,,,,132,115,20,2267,Explosion,0864xx:20 0865xx:15 0866xx:15 0867xx:20 0868xx:15 0869xx:10,,,,2048,0,0,5.0,2172,154,44
fern_b_rz_-40,17,Rakete,10,20,+x,0,-16,0,0,9,r,nein,,,,,,,,,132,115,20,2267,Explosion,0864xx:20 0865xx:15 0866xx:15 0867xx:20 0868xx:15 0869xx:10,,,,2048,0,0,5.0,2172,154,44
fern_b_rz_-4,17,Rakete,10,20,+x,136,2,0,136,1,r,ja,38,G+21,0,-4,1,0,14,ja,132,115,20,2267,Treffer Figur,0864xx:20 0865xx:15 0866xx:15 0867xx:20 0868xx:15 0869xx:10,,,,2048,0,1,5.0,2172,154,44
fern_b_rz_-8,17,Rakete,10,20,+x,136,2,0,136,1,r,ja,38,G+21,0,-8,1,0,14,ja,132,115,20,2267,Treffer Figur,0864xx:20 0865xx:15 0866xx:15 0867xx:20 0868xx:15 0869xx:10,,,,2048,0,1,5.0,2172,154,44
fern_b_rz_-9,17,Rakete,10,20,+x,136,2,0,136,1,r,ja,38,G+21,0,-9,1,0,14,ja,132,115,20,2267,Treffer Figur,0864xx:20 0865xx:15 0866xx:15 0867xx:20 0868xx:15 0869xx:10,,,,2048,0,1,5.0,2172,154,44
fern_b_rz_0,17,Rakete,10,20,+x,136,2,0,136,1,r,ja,38,G+21,0,0,1,0,14,ja,132,115,20,2267,Treffer Figur,0864xx:20 0865xx:15 0866xx:15 0867xx:20 0868xx:15 0869xx:10,,,,2048,0,1,5.0,2172,154,44
fern_b_rz_11,17,Rakete,10,20,+x,136,2,0,136,1,r,ja,38,G+21,0,11,1,0,14,ja,132,115,20,2267,Treffer Figur,0864xx:20 0865xx:15 0866xx:15 0867xx:20 0868xx:15 0869xx:10,,,,2048,0,1,5.0,2172,154,44
fern_b_rz_12,17,Rakete,10,20,+x,136,2,0,136,1,r,ja,38,G+21,0,12,1,0,14,ja,132,115,20,2267,Treffer Figur,0864xx:20 0865xx:15 0866xx:15 0867xx:20 0868xx:15 0869xx:10,,,,2048,0,1,5.0,2172,154,44
fern_b_rz_13,17,Rakete,10,20,+x,0,13,0,0,9,r,nein,,,,,,,,,132,115,20,2267,Explosion,0864xx:20 0865xx:15 0866xx:15 0867xx:20 0868xx:15 0869xx:10,,,,2048,0,0,5.0,2172,154,44
fern_b_rz_14,17,Rakete,10,20,+x,0,14,0,0,9,r,nein,,,,,,,,,132,115,20,2267,Explosion,0864xx:20 0865xx:15 0866xx:15 0867xx:20 0868xx:15 0869xx:10,,,,2048,0,0,5.0,2172,154,44
fern_b_rz_15,17,Rakete,10,20,+x,0,15,0,0,9,r,nein,,,,,,,,,132,115,20,2267,Explosion,0864xx:20 0865xx:15 0866xx:15 0867xx:20 0868xx:15 0869xx:10,,,,2048,0,0,5.0,2172,154,44
fern_b_rz_16,17,Rakete,10,20,+x,0,16,0,0,9,r,nein,,,,,,,,,132,115,20,2267,Explosion,0864xx:20 0865xx:15 0866xx:15 0867xx:20 0868xx:15 0869xx:10,,,,2048,0,0,5.0,2172,154,44
fern_b_rz_20,17,Rakete,10,20,+x,0,20,0,0,9,r,nein,,,,,,,,,132,115,20,2267,Explosion,0864xx:20 0865xx:15 0866xx:15 0867xx:20 0868xx:15 0869xx:10,,,,2048,0,0,5.0,2172,154,44
fern_b_rz_24,17,Rakete,10,20,+x,0,24,0,0,9,r,nein,,,,,,,,,132,115,20,2267,Explosion,0864xx:20 0865xx:15 0866xx:15 0867xx:20 0868xx:15 0869xx:10,,,,2048,0,0,5.0,2172,154,44
fern_b_rz_28,17,Rakete,10,20,+x,0,28,0,0,9,r,nein,,,,,,,,,132,115,20,2267,Explosion,0864xx:20 0865xx:15 0866xx:15 0867xx:20 0868xx:15 0869xx:10,,,,2048,0,0,5.0,2172,154,44
fern_b_rz_32,17,Rakete,10,20,+x,0,32,0,0,9,r,nein,,,,,,,,,132,115,20,2267,Explosion,0864xx:20 0865xx:15 0866xx:15 0867xx:20 0868xx:15 0869xx:10,,,,2048,0,0,5.0,2172,154,44
fern_b_rz_36,17,Rakete,10,20,+x,0,36,0,0,9,r,nein,,,,,,,,,132,115,20,2267,Explosion,0864xx:20 0865xx:15 0866xx:15 0867xx:20 0868xx:15 0869xx:10,,,,2048,0,0,5.0,2172,154,44
fern_b_rz_40,17,Rakete,10,20,+x,0,40,0,0,9,r,nein,,,,,,,,,132,115,20,2267,Explosion,0864xx:20 0865xx:15 0866xx:15 0867xx:20 0868xx:15 0869xx:10,,,,2048,0,0,5.0,2172,154,44
fern_b_rz_4,17,Rakete,10,20,+x,136,2,0,136,1,r,ja,38,G+21,0,4,1,0,14,ja,132,115,20,2267,Treffer Figur,0864xx:20 0865xx:15 0866xx:15 0867xx:20 0868xx:15 0869xx:10,,,,2048,0,1,5.0,2172,154,44
fern_b_rz_8,17,Rakete,10,20,+x,136,2,0,136,1,r,ja,38,G+21,0,8,1,0,14,ja,132,115,20,2267,Treffer Figur,0864xx:20 0865xx:15 0866xx:15 0867xx:20 0868xx:15 0869xx:10,,,,2048,0,1,5.0,2172,154,44
fern_b_rz_9,17,Rakete,10,20,+x,136,2,0,136,1,r,ja,38,G+21,0,9,1,0,14,ja,132,115,20,2267,Treffer Figur,0864xx:20 0865xx:15 0866xx:15 0867xx:20 0868xx:15 0869xx:10,,,,2048,0,1,5.0,2172,154,44
## C Abwehr (erstes Geschoss)
lauf,G,art,werfer,rang,flugrichtung,rel_dx,rel_dz,fig_h,vorn,frames_gehalten,blick_figur,treffer,treffer_frame,treffer_rel,dx_treffer,dz_treffer,h_treffer,gh_treffer,schaden,umgeworfen,ende,dauer,flugframes,x_flugende,grund,nachphasen,treffer_gegner,abgewehrt,abgewehrt_figur,camx_flugende,h_G1,h_G21,vx,x0,z0,h0
fern_c_ke_0,228,Kugel,18,20,+x,86,-3,0,86,1,r,ja,238,G+10,6,-3,0,58,6,nein,251,23,11,2242,Treffer Figur,095bxx:12,,,,2048,0,0,8.0,2162,159,58
fern_c_ke_16,228,Kugel,18,20,+x,86,-3,0,86,1,r,ja,238,G+10,6,-3,0,58,6,nein,251,23,11,2242,Treffer Figur,095bxx:12,,,,2048,0,0,8.0,2162,159,58
fern_c_ke_8,228,Kugel,18,20,+x,86,-3,0,86,1,r,ja,238,G+10,6,-3,0,58,6,nein,251,23,11,2242,Treffer Figur,095bxx:12,,,,2048,0,0,8.0,2162,159,58
fern_c_kg_0,30,Kugel,18,9,+x,86,-5,0,86,1,r,ja,40,G+10,6,-5,0,58,5,nein,53,23,11,2242,Treffer Figur,095bxx:12,,,,2048,0,0,8.0,2162,161,58
fern_c_kg_16,30,Kugel,18,9,+x,86,-5,0,86,1,r,ja,40,G+10,6,-5,0,58,5,nein,53,23,11,2242,Treffer Figur,095bxx:12,,,,2048,0,0,8.0,2162,161,58
fern_c_kg_8,30,Kugel,18,9,+x,86,-5,0,86,1,r,ja,40,G+10,6,-5,0,58,5,nein,53,23,11,2242,Treffer Figur,095bxx:12,,,,2048,0,0,8.0,2162,161,58
fern_c_kglas_30,28,Kugel,18,20,+x,86,-3,0,86,1,r,nein,,,,,,,,,38,10,2,2170,Treffer Gegner,095bxx:8,f29 slot46 Glasscheibe -1 dx22 dz0 s82 ca14,,,2048,0,,8.0,2162,159,58
fern_c_kglas_60,28,Kugel,18,20,+x,86,-3,0,86,1,r,nein,,,,,,,,,38,10,2,2170,Treffer Gegner,095bxx:8,f29 slot46 Glasscheibe -1 dx52 dz0 s82 ca14,,,2048,0,,8.0,2162,159,58
fern_c_kj9_10,20,Kugel,18,9,+x,85,-5,36,85,1,l,ja,29,G+9,13,-5,51,58,5,ja,42,22,10,2234,Treffer Figur,095bxx:12,,,,2048,39,69,8.0,2162,161,58
fern_c_kj9_14,20,Kugel,18,9,+x,85,-5,23,85,1,l,ja,29,G+9,13,-5,47,58,5,ja,42,22,10,2234,Treffer Figur,095bxx:12,,,,2048,26,65,8.0,2162,161,58
fern_c_kj9_18,20,Kugel,18,9,+x,85,-5,5,85,1,l,ja,29,G+9,13,-5,39,58,5,ja,42,22,10,2234,Treffer Figur,095bxx:12,,,,2048,10,57,8.0,2162,161,58
fern_c_kj9_22,20,Kugel,18,9,+x,85,-5,0,85,1,l,ja,29,G+9,13,-5,26,58,5,ja,42,22,10,2234,Treffer Figur,095bxx:12,,,,2048,0,45,8.0,2162,161,58
fern_c_kj9_26,20,Kugel,18,9,+x,85,-5,0,85,1,l,ja,29,G+9,13,-5,10,58,5,ja,42,22,10,2234,Treffer Figur,095bxx:12,,,,2048,0,28,8.0,2162,161,58
fern_c_kj9_30,20,Kugel,18,9,+x,85,-5,0,85,1,l,ja,29,G+9,13,-5,0,58,5,nein,42,22,10,2234,Treffer Figur,095bxx:12,,,,2048,0,0,8.0,2162,161,58
fern_c_kj9_6,20,Kugel,18,9,+x,85,-5,45,85,1,l,ja,29,G+9,13,-5,51,58,5,ja,42,22,10,2234,Treffer Figur,095bxx:12,,,,2048,47,70,8.0,2162,161,58
fern_c_kj_14,29,Kugel,18,20,+x,86,-2,47,86,1,l,ja,38,G+9,14,-2,51,58,6,ja,51,22,10,2233,Treffer Figur,095bxx:12,,,,2048,48,69,8.0,2161,158,58
fern_c_kj_16,29,Kugel,18,20,+x,86,-2,43,86,1,l,ja,38,G+9,14,-2,52,58,6,ja,51,22,10,2233,Treffer Figur,095bxx:12,,,,2048,45,70,8.0,2161,158,58
fern_c_kj_18,29,Kugel,18,20,+x,86,-2,39,86,1,l,ja,38,G+9,14,-2,51,58,6,ja,51,22,10,2233,Treffer Figur,095bxx:12,,,,2048,41,70,8.0,2161,158,58
fern_c_kj_20,29,Kugel,18,20,+x,86,-2,33,86,1,l,ja,38,G+9,14,-2,50,58,6,ja,51,22,10,2233,Treffer Figur,095bxx:12,,,,2048,36,69,8.0,2161,158,58
fern_c_kj_22,29,Kugel,18,20,+x,86,-2,26,86,1,l,ja,38,G+9,14,-2,48,58,6,ja,51,22,10,2233,Treffer Figur,095bxx:12,,,,2048,30,67,8.0,2161,158,58
fern_c_kj_24,29,Kugel,18,20,+x,86,-2,19,86,1,l,ja,38,G+9,14,-2,45,58,6,ja,51,22,10,2233,Treffer Figur,095bxx:12,,,,2048,23,63,8.0,2161,158,58
fern_c_kj_26,29,Kugel,18,20,+x,86,-2,10,86,1,l,ja,38,G+9,14,-2,41,58,6,ja,51,22,10,2233,Treffer Figur,095bxx:12,,,,2048,14,59,8.0,2161,158,58
fern_c_kj_28,29,Kugel,18,20,+x,86,-2,0,86,1,l,ja,38,G+9,14,-2,36,58,6,ja,51,22,10,2233,Treffer Figur,095bxx:12,,,,2048,5,54,8.0,2161,158,58
fern_c_kj_30,29,Kugel,18,20,+x,86,-2,0,86,1,l,ja,38,G+9,14,-2,30,58,6,ja,51,22,10,2233,Treffer Figur,095bxx:12,,,,2048,0,48,8.0,2161,158,58
fern_c_kj_32,29,Kugel,18,20,+x,86,-2,0,86,1,l,ja,38,G+9,14,-2,23,58,6,ja,51,22,10,2233,Treffer Figur,095bxx:12,,,,2048,0,41,8.0,2161,158,58
fern_c_kj_34,29,Kugel,18,20,+x,86,-2,0,86,1,l,ja,38,G+9,14,-2,14,58,6,ja,51,22,10,2233,Treffer Figur,095bxx:12,,,,2048,0,33,8.0,2161,158,58
fern_c_kj_36,29,Kugel,18,20,+x,86,-2,0,86,1,l,ja,38,G+9,14,-2,5,58,6,ja,51,22,10,2233,Treffer Figur,095bxx:12,,,,2048,0,24,8.0,2161,158,58
fern_c_kj_38,29,Kugel,18,20,+x,86,-2,0,86,1,l,ja,38,G+9,14,-2,0,58,6,nein,51,22,10,2233,Treffer Figur,095bxx:12,,,,2048,0,0,8.0,2161,158,58
fern_c_kj_40,29,Kugel,18,20,+x,86,-2,0,86,1,l,ja,38,G+9,14,-2,0,58,6,nein,51,22,10,2233,Treffer Figur,095bxx:12,,,,2048,0,0,8.0,2161,158,58
fern_c_ks9_10,20,Kugel,18,9,+x,85,-5,0,85,1,l,ja,29,G+9,13,-5,0,58,5,nein,42,22,10,2234,Treffer Figur,095bxx:12,,,,2048,0,0,8.0,2162,161,58
fern_c_ks9_12,20,Kugel,18,9,+x,85,-5,0,85,1,l,ja,29,G+9,13,-5,0,58,5,nein,42,22,10,2234,Treffer Figur,095bxx:12,,,,2048,0,0,8.0,2162,161,58
fern_c_ks9_14,20,Kugel,18,9,+x,85,-5,0,85,1,l,ja,29,G+9,13,-5,0,58,5,nein,42,22,10,2234,Treffer Figur,095bxx:12,,,,2048,0,0,8.0,2162,161,58
fern_c_ks9_16,20,Kugel,18,9,+x,85,-5,0,85,1,l,ja,29,G+9,13,-5,0,58,5,nein,42,22,10,2234,Treffer Figur,095bxx:12,,,,2048,0,0,8.0,2162,161,58
fern_c_ks9_18,20,Kugel,18,9,+x,85,-5,0,85,1,l,ja,29,G+9,13,-5,0,58,5,nein,42,22,10,2234,Treffer Figur,095bxx:12,,,,2048,0,0,8.0,2162,161,58
fern_c_ks9_20,20,Kugel,18,9,+x,85,-5,0,85,1,l,ja,29,G+9,13,-5,0,58,5,nein,42,22,10,2234,Treffer Figur,095bxx:12,,,,2048,0,0,8.0,2162,161,58
fern_c_ks9_22,20,Kugel,18,9,+x,85,-5,0,85,1,l,ja,29,G+9,13,-5,0,58,5,nein,42,22,10,2234,Treffer Figur,095bxx:12,,,,2048,0,0,8.0,2162,161,58
fern_c_ks9_24,20,Kugel,18,9,+x,85,-5,0,85,1,l,ja,29,G+9,13,-5,0,58,5,nein,42,22,10,2234,Treffer Figur,095bxx:12,,,,2048,0,0,8.0,2162,161,58
fern_c_ks9_26,20,Kugel,18,9,+x,85,-5,0,85,1,l,ja,29,G+9,13,-5,0,58,5,nein,42,22,10,2234,Treffer Figur,095bxx:12,,,,2048,0,0,8.0,2162,161,58
fern_c_ks9_28,20,Kugel,18,9,+x,85,-5,0,85,1,l,ja,29,G+9,13,-5,0,58,5,nein,42,22,10,2234,Treffer Figur,095bxx:12,,,,2048,0,0,8.0,2162,161,58
fern_c_ks9_30,20,Kugel,18,9,+x,85,-5,0,85,1,l,ja,29,G+9,13,-5,0,58,5,nein,42,22,10,2234,Treffer Figur,095bxx:12,,,,2048,0,0,8.0,2162,161,58
fern_c_ks_16,29,Kugel,18,20,+x,86,-2,0,86,1,l,ja,38,G+9,14,-2,0,58,6,nein,51,22,10,2233,Treffer Figur,095bxx:12,,,,2048,0,0,8.0,2161,158,58
fern_c_ks_17,29,Kugel,18,20,+x,86,-2,0,86,1,l,ja,38,G+9,14,-2,0,58,6,nein,51,22,10,2233,Treffer Figur,095bxx:12,,,,2048,0,0,8.0,2161,158,58
fern_c_ks_18,29,Kugel,18,20,+x,86,-2,0,86,1,l,ja,38,G+9,14,-2,0,58,6,nein,51,22,10,2233,Treffer Figur,095bxx:12,,,,2048,0,0,8.0,2161,158,58
fern_c_ks_19,29,Kugel,18,20,+x,86,-2,0,86,1,l,ja,38,G+9,14,-2,0,58,6,nein,51,22,10,2233,Treffer Figur,095bxx:12,,,,2048,0,0,8.0,2161,158,58
fern_c_ks_20,29,Kugel,18,20,+x,86,-2,0,86,1,l,ja,38,G+9,14,-2,0,58,6,nein,51,22,10,2233,Treffer Figur,095bxx:12,,,,2048,0,0,8.0,2161,158,58
fern_c_ks_21,29,Kugel,18,20,+x,86,-2,0,86,1,l,ja,38,G+9,14,-2,0,58,6,nein,51,22,10,2233,Treffer Figur,095bxx:12,,,,2048,0,0,8.0,2161,158,58
fern_c_ks_22,29,Kugel,18,20,+x,86,-2,0,86,1,l,ja,38,G+9,14,-2,0,58,6,nein,51,22,10,2233,Treffer Figur,095bxx:12,,,,2048,0,0,8.0,2161,158,58
fern_c_ks_23,29,Kugel,18,20,+x,86,-2,0,86,1,l,ja,38,G+9,14,-2,0,58,6,nein,51,22,10,2233,Treffer Figur,095bxx:12,,,,2048,0,0,8.0,2161,158,58
fern_c_ks_24,29,Kugel,18,20,+x,86,-2,0,86,1,l,ja,38,G+9,14,-2,0,58,6,nein,51,22,10,2233,Treffer Figur,095bxx:12,,,,2048,0,0,8.0,2161,158,58
fern_c_ks_25,29,Kugel,18,20,+x,86,-2,0,86,1,l,ja,38,G+9,14,-2,0,58,6,nein,51,22,10,2233,Treffer Figur,095bxx:12,,,,2048,0,0,8.0,2161,158,58
fern_c_ks_26,29,Kugel,18,20,+x,86,-2,0,86,1,l,ja,38,G+9,14,-2,0,58,6,nein,51,22,10,2233,Treffer Figur,095bxx:12,,,,2048,0,0,8.0,2161,158,58
fern_c_ks_27,29,Kugel,18,20,+x,86,-2,0,86,1,l,ja,38,G+9,14,-2,0,58,6,nein,51,22,10,2233,Treffer Figur,095bxx:12,,,,2048,0,0,8.0,2161,158,58
fern_c_ks_28,29,Kugel,18,20,+x,86,-2,0,86,1,l,ja,38,G+9,14,-2,0,58,6,nein,51,22,10,2233,Treffer Figur,095bxx:12,,,,2048,0,0,8.0,2161,158,58
fern_c_ks_29,29,Kugel,18,20,+x,86,-2,0,86,1,l,ja,38,G+9,14,-2,0,58,6,nein,51,22,10,2233,Treffer Figur,095bxx:12,,,,2048,0,0,8.0,2161,158,58
fern_c_ks_30,29,Kugel,18,20,+x,86,-2,0,86,1,l,ja,38,G+9,14,-2,0,58,6,nein,51,22,10,2233,Treffer Figur,095bxx:12,,,,2048,0,0,8.0,2161,158,58
fern_c_ks_31,29,Kugel,18,20,+x,86,-2,0,86,1,l,ja,38,G+9,14,-2,0,58,6,nein,51,22,10,2233,Treffer Figur,095bxx:12,,,,2048,0,0,8.0,2161,158,58
fern_c_ks_32,29,Kugel,18,20,+x,86,-2,0,86,1,l,ja,38,G+9,14,-2,0,58,6,nein,51,22,10,2233,Treffer Figur,095bxx:12,,,,2048,0,0,8.0,2161,158,58
fern_c_ks_33,29,Kugel,18,20,+x,86,-2,0,86,1,l,ja,38,G+9,14,-2,0,58,6,nein,51,22,10,2233,Treffer Figur,095bxx:12,,,,2048,0,0,8.0,2161,158,58
fern_c_ks_34,29,Kugel,18,20,+x,86,-2,0,86,1,l,ja,38,G+9,14,-2,0,58,6,nein,51,22,10,2233,Treffer Figur,095bxx:12,,,,2048,0,0,8.0,2161,158,58
fern_c_ks_35,29,Kugel,18,20,+x,86,-2,0,86,1,l,ja,38,G+9,14,-2,0,58,6,nein,51,22,10,2233,Treffer Figur,095bxx:12,,,,2048,0,0,8.0,2161,158,58
fern_c_ks_36,29,Kugel,18,20,+x,86,-2,0,86,1,l,ja,38,G+9,14,-2,0,58,6,nein,51,22,10,2233,Treffer Figur,095bxx:12,,,,2048,0,0,8.0,2161,158,58
fern_c_ks_37,29,Kugel,18,20,+x,86,-2,0,86,1,l,ja,38,G+9,14,-2,0,58,6,nein,51,22,10,2233,Treffer Figur,095bxx:12,,,,2048,0,0,8.0,2161,158,58
fern_c_ks_38,29,Kugel,18,20,+x,86,-2,0,86,1,l,ja,38,G+9,14,-2,0,58,6,nein,51,22,10,2233,Treffer Figur,095bxx:12,,,,2048,0,0,8.0,2161,158,58
fern_c_ks_39,29,Kugel,18,20,+x,86,-2,0,86,1,l,ja,38,G+9,14,-2,0,58,6,nein,51,22,10,2233,Treffer Figur,095bxx:12,,,,2048,0,0,8.0,2161,158,58
fern_c_ks_40,29,Kugel,18,20,+x,86,-2,0,86,1,l,ja,38,G+9,14,-2,0,58,6,nein,51,22,10,2233,Treffer Figur,095bxx:12,,,,2048,0,0,8.0,2161,158,58
fern_c_mg_-12,45,Messer,18,9,-x,-61,4,0,61,1,r,ja,53,G+8,-29,4,0,56,10,ja,66,21,9,1203,Treffer Figur,095bxx:12,,,,1109,0,,-4.0,1235,315,56
fern_c_mg_-20,45,Messer,18,9,-x,-61,4,0,61,1,r,ja,53,G+8,-29,4,0,56,10,ja,66,21,9,1203,Treffer Figur,095bxx:12,,,,1109,0,,-4.0,1235,315,56
fern_c_mg_-4,45,Messer,18,9,-x,-61,4,0,61,1,r,ja,53,G+8,-29,4,0,56,10,ja,66,21,9,1203,Treffer Figur,095bxx:12,,,,1109,0,,-4.0,1235,315,56
fern_c_mglas_-30,44,Messer,18,9,-x,-61,7,0,61,1,r,nein,,,,,,,,,54,10,2,957,Treffer Gegner,095bxx:8,f45 slot46 Glasscheibe -1 dx-26 dz0 s82 ca14,,,768,0,,-4.0,961,312,56
fern_c_mglas_-50,44,Messer,18,9,-x,-61,7,0,61,1,r,nein,,,,,,,,,54,10,2,957,Treffer Gegner,095bxx:8,f45 slot46 Glasscheibe -1 dx-46 dz0 s82 ca14,,,768,0,,-4.0,961,312,56
fern_c_mj20_40,54,Messer,18,20,-x,-61,1,44,61,1,r,ja,63,G+9,-25,1,51,56,12,ja,76,22,10,925,Treffer Figur,095bxx:12,,,,768,46,69,-4.0,961,318,56
fern_c_mj20_44,54,Messer,18,20,-x,-61,1,35,61,1,r,ja,63,G+9,-25,1,50,56,12,ja,76,22,10,925,Treffer Figur,095bxx:12,,,,768,38,69,-4.0,961,318,56
fern_c_mj20_48,54,Messer,18,20,-x,-61,1,22,61,1,r,ja,63,G+9,-25,1,46,56,12,ja,76,22,10,925,Treffer Figur,095bxx:12,,,,768,26,64,-4.0,961,318,56
fern_c_mj20_52,54,Messer,18,20,-x,-61,1,5,61,1,r,ja,63,G+9,-25,1,38,56,12,ja,76,22,10,925,Treffer Figur,095bxx:12,,,,768,9,56,-4.0,961,318,56
fern_c_mj20_56,54,Messer,18,20,-x,-61,1,0,61,1,r,ja,63,G+9,-25,1,26,56,12,ja,76,22,10,925,Treffer Figur,095bxx:12,,,,768,0,44,-4.0,961,318,56
fern_c_mj20_60,54,Messer,18,20,-x,-61,1,0,61,1,r,ja,63,G+9,-25,1,9,56,12,ja,76,22,10,925,Treffer Figur,095bxx:12,,,,768,0,28,-4.0,961,318,56
fern_c_mj20_64,54,Messer,18,20,-x,-61,1,0,61,1,r,ja,62,G+8,-29,1,0,56,12,ja,75,21,9,929,Treffer Figur,095bxx:12,,,,768,0,,-4.0,961,318,56
fern_c_mj_28,44,Messer,18,9,-x,-61,7,48,61,1,r,ja,53,G+9,-25,7,50,56,10,ja,66,22,10,925,Treffer Figur,095bxx:12,,,,768,49,68,-4.0,961,312,56
fern_c_mj_30,44,Messer,18,9,-x,-61,7,45,61,1,r,ja,53,G+9,-25,7,51,56,10,ja,66,22,10,925,Treffer Figur,095bxx:12,,,,768,46,69,-4.0,961,312,56
fern_c_mj_32,44,Messer,18,9,-x,-61,7,41,61,1,r,ja,53,G+9,-25,7,51,56,10,ja,66,22,10,925,Treffer Figur,095bxx:12,,,,768,43,70,-4.0,961,312,56
fern_c_mj_34,44,Messer,18,9,-x,-61,7,36,61,1,r,ja,53,G+9,-25,7,51,56,10,ja,66,22,10,925,Treffer Figur,095bxx:12,,,,768,38,69,-4.0,961,312,56
fern_c_mj_36,44,Messer,18,9,-x,-61,7,29,61,1,r,ja,53,G+9,-25,7,49,56,10,ja,66,22,10,925,Treffer Figur,095bxx:12,,,,768,33,67,-4.0,961,312,56
fern_c_mj_38,44,Messer,18,9,-x,-61,7,22,61,1,r,ja,53,G+9,-25,7,46,56,10,ja,66,22,10,925,Treffer Figur,095bxx:12,,,,768,26,65,-4.0,961,312,56
fern_c_mj_40,44,Messer,18,9,-x,-61,7,14,61,1,r,ja,53,G+9,-25,7,43,56,10,ja,66,22,10,925,Treffer Figur,095bxx:12,,,,768,18,61,-4.0,961,312,56
fern_c_mj_42,44,Messer,18,9,-x,-61,7,5,61,1,r,ja,53,G+9,-25,7,38,56,10,ja,66,22,10,925,Treffer Figur,095bxx:12,,,,768,10,57,-4.0,961,312,56
fern_c_mj_44,44,Messer,18,9,-x,-61,7,0,61,1,r,ja,53,G+9,-25,7,33,56,10,ja,66,22,10,925,Treffer Figur,095bxx:12,,,,768,0,51,-4.0,961,312,56
fern_c_mj_46,44,Messer,18,9,-x,-61,7,0,61,1,r,ja,53,G+9,-25,7,26,56,10,ja,66,22,10,925,Treffer Figur,095bxx:12,,,,768,0,44,-4.0,961,312,56
fern_c_mj_48,44,Messer,18,9,-x,-61,7,0,61,1,r,ja,53,G+9,-25,7,18,56,10,ja,66,22,10,925,Treffer Figur,095bxx:12,,,,768,0,37,-4.0,961,312,56
fern_c_mj_50,44,Messer,18,9,-x,-61,7,0,61,1,r,ja,53,G+9,-25,7,10,56,10,ja,66,22,10,925,Treffer Figur,095bxx:12,,,,768,0,28,-4.0,961,312,56
fern_c_mj_52,44,Messer,18,9,-x,-61,7,0,61,1,r,ja,52,G+8,-29,7,0,56,10,ja,65,21,9,929,Treffer Figur,095bxx:12,,,,768,0,,-4.0,961,312,56
fern_c_mo_-30,44,Messer,18,9,-x,-61,7,0,61,1,r,nein,,,,,,,,,54,10,2,957,Treffer Gegner,095bxx:8,f45 slot43 Behaelter -777 dx-26 dz0 s82 ca14,,,768,0,,-4.0,961,312,56
fern_c_mo_-50,44,Messer,18,9,-x,-61,7,0,61,1,r,ja,52,G+8,-29,7,0,56,10,ja,65,21,9,929,Treffer Figur,095bxx:12,,,,768,0,,-4.0,961,312,56
fern_c_ms20_46,54,Messer,18,20,-x,-61,1,0,61,1,r,ja,62,G+8,-29,1,0,56,12,ja,75,21,9,929,Treffer Figur,095bxx:12,,,,768,0,,-4.0,961,318,56
fern_c_ms20_48,54,Messer,18,20,-x,-61,1,0,61,1,r,ja,62,G+8,-29,1,0,56,12,ja,75,21,9,929,Treffer Figur,095bxx:12,,,,768,0,,-4.0,961,318,56
fern_c_ms20_50,54,Messer,18,20,+x,-61,1,0,-61,2,r,nein,,,,,,,,,93,39,1,961,abgewehrt,085cxx:38,,54,akt 0x10 dx -61,768,0,0,0.0,961,318,56
fern_c_ms20_52,54,Messer,18,20,+x,-61,1,0,-61,2,r,nein,,,,,,,,,93,39,1,961,abgewehrt,085cxx:38,,54,akt 0x10 dx -61,768,0,0,0.0,961,318,56
fern_c_ms20_54,54,Messer,18,20,-x,-61,1,0,61,2,r,nein,,,,,,,,,95,41,2,957,abgewehrt,085cxx:39,,56,akt 0x10 dx -53,768,0,0,-4.0,961,318,56
fern_c_ms20_56,54,Messer,18,20,-x,-61,1,0,61,2,r,nein,,,,,,,,,97,43,4,949,abgewehrt,085cxx:39,,58,akt 0x10 dx -45,768,0,0,-4.0,961,318,56
fern_c_ms20_58,54,Messer,18,20,-x,-61,1,0,61,2,r,nein,,,,,,,,,99,45,6,941,abgewehrt,085cxx:39,,60,akt 0x10 dx -37,768,0,0,-4.0,961,318,56
fern_c_ms20_60,54,Messer,18,20,-x,-61,1,0,61,2,r,nein,,,,,,,,,101,47,8,933,abgewehrt,085cxx:39,,62,akt 0x10 dx -29,768,0,0,-4.0,961,318,56
fern_c_ms20_62,54,Messer,18,20,-x,-61,1,0,61,1,r,ja,62,G+8,-29,1,0,56,12,ja,75,21,9,929,Treffer Figur,095bxx:12,,,,768,0,,-4.0,961,318,56
fern_c_ms_34,44,Messer,18,9,-x,-61,7,0,61,1,r,ja,52,G+8,-29,7,0,56,10,ja,65,21,9,929,Treffer Figur,095bxx:12,,,,768,0,,-4.0,961,312,56
fern_c_ms_35,44,Messer,18,9,-x,-61,7,0,61,1,r,ja,52,G+8,-29,7,0,56,10,ja,65,21,9,929,Treffer Figur,095bxx:12,,,,768,0,,-4.0,961,312,56
fern_c_ms_36,44,Messer,18,9,-x,-61,7,0,61,1,r,ja,52,G+8,-29,7,0,56,10,ja,65,21,9,929,Treffer Figur,095bxx:12,,,,768,0,,-4.0,961,312,56
fern_c_ms_37,44,Messer,18,9,-x,-61,7,0,61,1,r,ja,52,G+8,-29,7,0,56,10,ja,65,21,9,929,Treffer Figur,095bxx:12,,,,768,0,,-4.0,961,312,56
fern_c_ms_38,44,Messer,18,9,-x,-61,7,0,61,1,r,ja,52,G+8,-29,7,0,56,10,ja,65,21,9,929,Treffer Figur,095bxx:12,,,,768,0,,-4.0,961,312,56
fern_c_ms_39,44,Messer,18,9,+x,-61,7,0,-61,2,r,nein,,,,,,,,,83,39,1,961,abgewehrt,085cxx:38,,44,akt 0x10 dx -61,768,0,0,0.0,961,312,56
fern_c_ms_40,44,Messer,18,9,+x,-61,7,0,-61,2,r,nein,,,,,,,,,83,39,1,961,abgewehrt,085cxx:38,,44,akt 0x10 dx -61,768,0,0,0.0,961,312,56
fern_c_ms_41,44,Messer,18,9,+x,-61,7,0,-61,2,r,nein,,,,,,,,,83,39,1,961,abgewehrt,085cxx:38,,44,akt 0x10 dx -61,768,0,0,0.0,961,312,56
fern_c_ms_42,44,Messer,18,9,+x,-61,7,0,-61,2,r,nein,,,,,,,,,83,39,1,961,abgewehrt,085cxx:38,,44,akt 0x10 dx -61,768,0,0,0.0,961,312,56
fern_c_ms_43,44,Messer,18,9,+x,-61,7,0,-61,2,r,nein,,,,,,,,,84,40,1,961,abgewehrt,085cxx:39,,45,akt 0x10 dx -57,768,0,0,0.0,961,312,56
fern_c_ms_44,44,Messer,18,9,-x,-61,7,0,61,2,r,nein,,,,,,,,,85,41,2,957,abgewehrt,085cxx:39,,46,akt 0x10 dx -53,768,0,0,-4.0,961,312,56
fern_c_ms_45,44,Messer,18,9,-x,-61,7,0,61,2,r,nein,,,,,,,,,86,42,3,953,abgewehrt,085cxx:39,,47,akt 0x10 dx -49,768,0,0,-4.0,961,312,56
fern_c_ms_46,44,Messer,18,9,-x,-61,7,0,61,2,r,nein,,,,,,,,,87,43,4,949,abgewehrt,085cxx:39,,48,akt 0x10 dx -45,768,0,0,-4.0,961,312,56
fern_c_ms_47,44,Messer,18,9,-x,-61,7,0,61,2,r,nein,,,,,,,,,88,44,5,945,abgewehrt,085cxx:39,,49,akt 0x10 dx -41,768,0,0,-4.0,961,312,56
fern_c_ms_48,44,Messer,18,9,-x,-61,7,0,61,2,r,nein,,,,,,,,,89,45,6,941,abgewehrt,085cxx:39,,50,akt 0x10 dx -37,768,0,0,-4.0,961,312,56
fern_c_ms_49,44,Messer,18,9,-x,-61,7,0,61,2,r,nein,,,,,,,,,90,46,7,937,abgewehrt,085cxx:39,,51,akt 0x10 dx -33,768,0,0,-4.0,961,312,56
fern_c_ms_50,44,Messer,18,9,-x,-61,7,0,61,2,r,nein,,,,,,,,,91,47,8,933,abgewehrt,085cxx:39,,52,akt 0x10 dx -29,768,0,0,-4.0,961,312,56
fern_c_ms_51,44,Messer,18,9,-x,-61,7,0,61,1,r,ja,52,G+8,-29,7,0,56,10,ja,65,21,9,929,Treffer Figur,095bxx:12,,,,768,0,,-4.0,961,312,56
fern_c_ms_52,44,Messer,18,9,-x,-61,7,0,61,1,r,ja,52,G+8,-29,7,0,56,10,ja,65,21,9,929,Treffer Figur,095bxx:12,,,,768,0,,-4.0,961,312,56
fern_c_ms_53,44,Messer,18,9,-x,-61,7,0,61,1,r,ja,52,G+8,-29,7,0,56,10,ja,65,21,9,929,Treffer Figur,095bxx:12,,,,768,0,,-4.0,961,312,56
fern_c_re_0,1154,Rakete,13,20,+x,-7,6,0,-7,1,l,ja,1171,G+17,-7,6,1,0,14,ja,,,16,2543,Treffer Figur,0864xx:20 0865xx:15 0866xx:15 0867xx:20 0868xx:15 0869xx:6,,,,2176,0,1,5.0,2468,150,44
fern_c_re_20,1154,Rakete,13,20,+x,-7,6,0,-7,1,l,ja,1171,G+17,-7,6,1,0,14,ja,,,16,2543,Treffer Figur,0864xx:20 0865xx:15 0866xx:15 0867xx:20 0868xx:15 0869xx:6,,,,2176,0,1,5.0,2468,150,44
fern_c_rg_0,17,Rakete,10,20,+x,136,2,0,136,10,r,nein,,,,,,,,,132,115,20,2267,Explosion,0864xx:20 0865xx:15 0866xx:15 0867xx:20 0868xx:15 0869xx:10,,,,2048,0,0,5.0,2172,154,44
fern_c_rg_30,17,Rakete,10,20,+x,136,2,0,136,10,r,nein,,,,,,,,,132,115,20,2267,Explosion,0864xx:20 0865xx:15 0866xx:15 0867xx:20 0868xx:15 0869xx:10,,,,2048,0,0,5.0,2172,154,44
fern_c_rg_beide,17,Rakete,10,20,+x,136,2,0,136,1,r,ja,38,G+21,-20,0,1,0,14,ja,132,115,20,2267,Treffer Figur,0864xx:20 0865xx:15 0866xx:15 0867xx:20 0868xx:15 0869xx:10,,,,2048,0,1,5.0,2172,154,44
fern_c_rglas_0,17,Rakete,10,20,+x,136,2,0,136,10,r,nein,,,,,,,,,132,115,20,2267,Treffer Gegner,0864xx:20 0865xx:15 0866xx:15 0867xx:20 0868xx:15 0869xx:10,f38 slot46 Glasscheibe -1 dx0 dz0 s82 c414,,,2048,0,0,5.0,2172,154,44
fern_c_rglas_flug,17,Rakete,10,20,+x,136,2,0,136,10,r,nein,,,,,,,,,132,115,20,2267,Treffer Gegner,0864xx:20 0865xx:15 0866xx:15 0867xx:20 0868xx:15 0869xx:10,f38 slot46 Glasscheibe -1 dx5 dz0 s82 c414,,,2048,0,0,5.0,2172,154,44
fern_c_rj9_14,19,Rakete,13,9,+x,-24,-1,50,-24,1,r,nein,,,,,,,,,134,115,20,2267,Explosion,0864xx:20 0865xx:15 0866xx:15 0867xx:20 0868xx:15 0869xx:10,,,,2048,23,49,5.0,2172,157,44
fern_c_rj9_16,19,Rakete,13,9,+x,-24,-1,51,-24,2,r,nein,,,,,,,,,134,115,20,2267,Explosion,0864xx:20 0865xx:15 0866xx:15 0867xx:20 0868xx:15 0869xx:10,,,,2048,14,51,5.0,2172,157,44
fern_c_rj9_18,19,Rakete,13,9,+x,-24,-1,52,-24,2,r,nein,,,,,,,,,134,115,20,2267,Explosion,0864xx:20 0865xx:15 0866xx:15 0867xx:20 0868xx:15 0869xx:10,,,,2048,5,52,5.0,2172,157,44
fern_c_rj9_20,19,Rakete,13,9,+x,-24,-1,51,-24,4,r,nein,,,,,,,,,134,115,20,2267,Explosion,0864xx:20 0865xx:15 0866xx:15 0867xx:20 0868xx:15 0869xx:10,,,,2048,0,51,5.0,2172,157,44
fern_c_rj9_22,19,Rakete,13,9,+x,-24,-1,51,-24,4,r,nein,,,,,,,,,134,115,20,2267,Explosion,0864xx:20 0865xx:15 0866xx:15 0867xx:20 0868xx:15 0869xx:10,,,,2048,0,50,5.0,2172,157,44
fern_c_rj9_24,19,Rakete,13,9,+x,-24,-1,51,-24,4,r,nein,,,,,,,,,134,115,20,2267,Explosion,0864xx:20 0865xx:15 0866xx:15 0867xx:20 0868xx:15 0869xx:10,,,,2048,0,48,5.0,2172,157,44
fern_c_rj9_26,19,Rakete,13,9,+x,-24,-1,51,-24,2,r,nein,,,,,,,,,134,115,20,2267,Explosion,0864xx:20 0865xx:15 0866xx:15 0867xx:20 0868xx:15 0869xx:10,,,,2048,0,45,5.0,2172,157,44
fern_c_rj9_28,19,Rakete,13,9,+x,-24,-1,51,-24,2,r,nein,,,,,,,,,134,115,20,2267,Explosion,0864xx:20 0865xx:15 0866xx:15 0867xx:20 0868xx:15 0869xx:10,,,,2048,0,41,5.0,2172,157,44
fern_c_rj9_30,19,Rakete,13,9,+x,-24,-1,33,-24,1,r,nein,,,,,,,,,134,115,20,2267,Explosion,0864xx:20 0865xx:15 0866xx:15 0867xx:20 0868xx:15 0869xx:10,,,,2048,0,36,5.0,2172,157,44
fern_c_rj9_32,19,Rakete,13,9,+x,-24,-1,26,-24,1,r,nein,,,,,,,,,134,115,20,2267,Explosion,0864xx:20 0865xx:15 0866xx:15 0867xx:20 0868xx:15 0869xx:10,,,,2048,0,30,5.0,2172,157,44
fern_c_rj9_34,19,Rakete,13,9,+x,-24,-1,19,-24,1,r,ja,40,G+21,-24,-1,24,0,13,ja,134,115,20,2267,Treffer Figur,0864xx:20 0865xx:15 0866xx:15 0867xx:20 0868xx:15 0869xx:10,,,,2048,0,24,5.0,2172,157,44
fern_c_rj9_36,19,Rakete,13,9,+x,-24,-1,10,-24,1,r,ja,40,G+21,-24,-1,15,0,13,ja,134,115,20,2267,Treffer Figur,0864xx:20 0865xx:15 0866xx:15 0867xx:20 0868xx:15 0869xx:10,,,,2048,0,15,5.0,2172,157,44
fern_c_rj9_38,19,Rakete,13,9,+x,-24,-1,0,-24,1,r,ja,40,G+21,-24,-1,6,0,13,ja,134,115,20,2267,Treffer Figur,0864xx:20 0865xx:15 0866xx:15 0867xx:20 0868xx:15 0869xx:10,,,,2048,0,6,5.0,2172,157,44
fern_c_rj9_40,19,Rakete,13,9,+x,-24,-1,0,-24,1,r,ja,40,G+21,-24,-1,1,0,13,ja,134,115,20,2267,Treffer Figur,0864xx:20 0865xx:15 0866xx:15 0867xx:20 0868xx:15 0869xx:10,,,,2048,0,1,5.0,2172,157,44
fern_c_rj_14,17,Rakete,10,20,+x,-24,2,51,-24,2,r,nein,,,,,,,,,132,115,20,2267,Explosion,0864xx:20 0865xx:15 0866xx:15 0867xx:20 0868xx:15 0869xx:10,,,,2048,14,51,5.0,2172,154,44
fern_c_rj_16,17,Rakete,10,20,+x,-24,2,52,-24,2,r,nein,,,,,,,,,132,115,20,2267,Explosion,0864xx:20 0865xx:15 0866xx:15 0867xx:20 0868xx:15 0869xx:10,,,,2048,5,52,5.0,2172,154,44
fern_c_rj_18,17,Rakete,10,20,+x,-24,2,51,-24,4,r,nein,,,,,,,,,132,115,20,2267,Explosion,0864xx:20 0865xx:15 0866xx:15 0867xx:20 0868xx:15 0869xx:10,,,,2048,0,51,5.0,2172,154,44
fern_c_rj_20,17,Rakete,10,20,+x,-24,2,51,-24,4,r,nein,,,,,,,,,132,115,20,2267,Explosion,0864xx:20 0865xx:15 0866xx:15 0867xx:20 0868xx:15 0869xx:10,,,,2048,0,50,5.0,2172,154,44
fern_c_rj_22,17,Rakete,10,20,+x,-24,2,51,-24,4,r,nein,,,,,,,,,132,115,20,2267,Explosion,0864xx:20 0865xx:15 0866xx:15 0867xx:20 0868xx:15 0869xx:10,,,,2048,0,48,5.0,2172,154,44
fern_c_rj_24,17,Rakete,10,20,+x,-24,2,51,-24,2,r,nein,,,,,,,,,132,115,20,2267,Explosion,0864xx:20 0865xx:15 0866xx:15 0867xx:20 0868xx:15 0869xx:10,,,,2048,0,45,5.0,2172,154,44
fern_c_rj_26,17,Rakete,10,20,+x,-24,2,51,-24,2,r,nein,,,,,,,,,132,115,20,2267,Explosion,0864xx:20 0865xx:15 0866xx:15 0867xx:20 0868xx:15 0869xx:10,,,,2048,0,41,5.0,2172,154,44
fern_c_rj_28,17,Rakete,10,20,+x,-24,2,33,-24,1,r,nein,,,,,,,,,132,115,20,2267,Explosion,0864xx:20 0865xx:15 0866xx:15 0867xx:20 0868xx:15 0869xx:10,,,,2048,0,36,5.0,2172,154,44
fern_c_rj_30,17,Rakete,10,20,+x,-24,2,26,-24,1,r,nein,,,,,,,,,132,115,20,2267,Explosion,0864xx:20 0865xx:15 0866xx:15 0867xx:20 0868xx:15 0869xx:10,,,,2048,0,30,5.0,2172,154,44
fern_c_rj_32,17,Rakete,10,20,+x,-24,2,19,-24,1,r,ja,38,G+21,-24,2,24,0,14,ja,132,115,20,2267,Treffer Figur,0864xx:20 0865xx:15 0866xx:15 0867xx:20 0868xx:15 0869xx:10,,,,2048,0,24,5.0,2172,154,44
fern_c_rj_34,17,Rakete,10,20,+x,-24,2,10,-24,1,r,ja,38,G+21,-24,2,15,0,14,ja,132,115,20,2267,Treffer Figur,0864xx:20 0865xx:15 0866xx:15 0867xx:20 0868xx:15 0869xx:10,,,,2048,0,15,5.0,2172,154,44
fern_c_rj_36,17,Rakete,10,20,+x,-24,2,0,-24,1,r,ja,38,G+21,-24,2,6,0,14,ja,132,115,20,2267,Treffer Figur,0864xx:20 0865xx:15 0866xx:15 0867xx:20 0868xx:15 0869xx:10,,,,2048,0,6,5.0,2172,154,44
fern_c_rj_38,17,Rakete,10,20,+x,-24,2,0,-24,1,r,ja,38,G+21,-24,2,1,0,14,ja,132,115,20,2267,Treffer Figur,0864xx:20 0865xx:15 0866xx:15 0867xx:20 0868xx:15 0869xx:10,,,,2048,0,1,5.0,2172,154,44
fern_c_rj_40,17,Rakete,10,20,+x,-24,2,0,-24,1,r,ja,38,G+21,-24,2,1,0,14,ja,132,115,20,2267,Treffer Figur,0864xx:20 0865xx:15 0866xx:15 0867xx:20 0868xx:15 0869xx:10,,,,2048,0,1,5.0,2172,154,44
fern_c_rs9_14,19,Rakete,13,9,+x,-25,-1,0,-25,1,l,ja,40,G+21,-25,-1,1,0,13,ja,134,115,20,2267,Treffer Figur,0864xx:20 0865xx:15 0866xx:15 0867xx:20 0868xx:15 0869xx:10,,,,2048,0,1,5.0,2172,157,44
fern_c_rs9_16,19,Rakete,13,9,+x,-25,-1,0,-25,1,l,ja,40,G+21,-25,-1,1,0,13,ja,134,115,20,2267,Treffer Figur,0864xx:20 0865xx:15 0866xx:15 0867xx:20 0868xx:15 0869xx:10,,,,2048,0,1,5.0,2172,157,44
fern_c_rs9_18,19,Rakete,13,9,+x,-25,-1,0,-25,1,l,ja,40,G+21,-25,-1,1,0,13,ja,134,115,20,2267,Treffer Figur,0864xx:20 0865xx:15 0866xx:15 0867xx:20 0868xx:15 0869xx:10,,,,2048,0,1,5.0,2172,157,44
fern_c_rs9_20,19,Rakete,13,9,+x,-25,-1,0,-25,1,l,ja,40,G+21,-25,-1,1,0,13,ja,134,115,20,2267,Treffer Figur,0864xx:20 0865xx:15 0866xx:15 0867xx:20 0868xx:15 0869xx:10,,,,2048,0,1,5.0,2172,157,44
fern_c_rs9_22,19,Rakete,13,9,+x,-25,-1,0,-25,1,l,ja,40,G+21,-25,-1,1,0,13,ja,134,115,20,2267,Treffer Figur,0864xx:20 0865xx:15 0866xx:15 0867xx:20 0868xx:15 0869xx:10,,,,2048,0,1,5.0,2172,157,44
fern_c_rs9_24,19,Rakete,13,9,+x,-25,-1,0,-25,1,l,ja,40,G+21,-25,-1,1,0,13,ja,134,115,20,2267,Treffer Figur,0864xx:20 0865xx:15 0866xx:15 0867xx:20 0868xx:15 0869xx:10,,,,2048,0,1,5.0,2172,157,44
fern_c_rs9_26,19,Rakete,13,9,+x,-25,-1,0,-25,1,l,ja,40,G+21,-25,-1,1,0,13,ja,134,115,20,2267,Treffer Figur,0864xx:20 0865xx:15 0866xx:15 0867xx:20 0868xx:15 0869xx:10,,,,2048,0,1,5.0,2172,157,44
fern_c_rs9_28,19,Rakete,13,9,+x,-25,-1,0,-25,1,l,ja,40,G+21,-25,-1,1,0,13,ja,134,115,20,2267,Treffer Figur,0864xx:20 0865xx:15 0866xx:15 0867xx:20 0868xx:15 0869xx:10,,,,2048,0,1,5.0,2172,157,44
fern_c_rs9_30,19,Rakete,13,9,+x,-25,-1,0,-25,1,l,ja,40,G+21,-25,-1,1,0,13,ja,134,115,20,2267,Treffer Figur,0864xx:20 0865xx:15 0866xx:15 0867xx:20 0868xx:15 0869xx:10,,,,2048,0,1,5.0,2172,157,44
fern_c_rs9_32,19,Rakete,13,9,+x,-25,-1,0,-25,1,l,ja,40,G+21,-25,-1,1,0,13,ja,134,115,20,2267,Treffer Figur,0864xx:20 0865xx:15 0866xx:15 0867xx:20 0868xx:15 0869xx:10,,,,2048,0,1,5.0,2172,157,44
fern_c_rs9_34,19,Rakete,13,9,+x,-25,-1,0,-25,1,l,ja,40,G+21,-25,-1,1,0,13,ja,134,115,20,2267,Treffer Figur,0864xx:20 0865xx:15 0866xx:15 0867xx:20 0868xx:15 0869xx:10,,,,2048,0,1,5.0,2172,157,44
fern_c_rs9_36,19,Rakete,13,9,+x,-25,-1,0,-25,1,l,ja,40,G+21,-25,-1,1,0,13,ja,134,115,20,2267,Treffer Figur,0864xx:20 0865xx:15 0866xx:15 0867xx:20 0868xx:15 0869xx:10,,,,2048,0,1,5.0,2172,157,44
fern_c_rs_12,17,Rakete,10,20,+x,-25,2,0,-25,1,l,ja,38,G+21,-25,2,1,0,14,ja,132,115,20,2267,Treffer Figur,0864xx:20 0865xx:15 0866xx:15 0867xx:20 0868xx:15 0869xx:10,,,,2048,0,1,5.0,2172,154,44
fern_c_rs_13,17,Rakete,10,20,+x,-25,2,0,-25,1,l,ja,38,G+21,-25,2,1,0,14,ja,132,115,20,2267,Treffer Figur,0864xx:20 0865xx:15 0866xx:15 0867xx:20 0868xx:15 0869xx:10,,,,2048,0,1,5.0,2172,154,44
fern_c_rs_14,17,Rakete,10,20,+x,-25,2,0,-25,1,l,ja,38,G+21,-25,2,1,0,14,ja,132,115,20,2267,Treffer Figur,0864xx:20 0865xx:15 0866xx:15 0867xx:20 0868xx:15 0869xx:10,,,,2048,0,1,5.0,2172,154,44
fern_c_rs_15,17,Rakete,10,20,+x,-25,2,0,-25,1,l,ja,38,G+21,-25,2,1,0,14,ja,132,115,20,2267,Treffer Figur,0864xx:20 0865xx:15 0866xx:15 0867xx:20 0868xx:15 0869xx:10,,,,2048,0,1,5.0,2172,154,44
fern_c_rs_16,17,Rakete,10,20,+x,-25,2,0,-25,1,l,ja,38,G+21,-25,2,1,0,14,ja,132,115,20,2267,Treffer Figur,0864xx:20 0865xx:15 0866xx:15 0867xx:20 0868xx:15 0869xx:10,,,,2048,0,1,5.0,2172,154,44
fern_c_rs_17,17,Rakete,10,20,+x,-25,2,0,-25,1,l,ja,38,G+21,-25,2,1,0,14,ja,132,115,20,2267,Treffer Figur,0864xx:20 0865xx:15 0866xx:15 0867xx:20 0868xx:15 0869xx:10,,,,2048,0,1,5.0,2172,154,44
fern_c_rs_18,17,Rakete,10,20,+x,-25,2,0,-25,1,l,ja,38,G+21,-25,2,1,0,14,ja,132,115,20,2267,Treffer Figur,0864xx:20 0865xx:15 0866xx:15 0867xx:20 0868xx:15 0869xx:10,,,,2048,0,1,5.0,2172,154,44
fern_c_rs_19,17,Rakete,10,20,+x,-25,2,0,-25,1,l,ja,38,G+21,-25,2,1,0,14,ja,132,115,20,2267,Treffer Figur,0864xx:20 0865xx:15 0866xx:15 0867xx:20 0868xx:15 0869xx:10,,,,2048,0,1,5.0,2172,154,44
fern_c_rs_20,17,Rakete,10,20,+x,-25,2,0,-25,1,l,ja,38,G+21,-25,2,1,0,14,ja,132,115,20,2267,Treffer Figur,0864xx:20 0865xx:15 0866xx:15 0867xx:20 0868xx:15 0869xx:10,,,,2048,0,1,5.0,2172,154,44
fern_c_rs_21,17,Rakete,10,20,+x,-25,2,0,-25,1,l,ja,38,G+21,-25,2,1,0,14,ja,132,115,20,2267,Treffer Figur,0864xx:20 0865xx:15 0866xx:15 0867xx:20 0868xx:15 0869xx:10,,,,2048,0,1,5.0,2172,154,44
fern_c_rs_22,17,Rakete,10,20,+x,-25,2,0,-25,1,l,ja,38,G+21,-25,2,1,0,14,ja,132,115,20,2267,Treffer Figur,0864xx:20 0865xx:15 0866xx:15 0867xx:20 0868xx:15 0869xx:10,,,,2048,0,1,5.0,2172,154,44
fern_c_rs_23,17,Rakete,10,20,+x,-25,2,0,-25,1,l,ja,38,G+21,-25,2,1,0,14,ja,132,115,20,2267,Treffer Figur,0864xx:20 0865xx:15 0866xx:15 0867xx:20 0868xx:15 0869xx:10,,,,2048,0,1,5.0,2172,154,44
fern_c_rs_24,17,Rakete,10,20,+x,-25,2,0,-25,1,l,ja,38,G+21,-25,2,1,0,14,ja,132,115,20,2267,Treffer Figur,0864xx:20 0865xx:15 0866xx:15 0867xx:20 0868xx:15 0869xx:10,,,,2048,0,1,5.0,2172,154,44
fern_c_rs_25,17,Rakete,10,20,+x,-25,2,0,-25,1,l,ja,38,G+21,-25,2,1,0,14,ja,132,115,20,2267,Treffer Figur,0864xx:20 0865xx:15 0866xx:15 0867xx:20 0868xx:15 0869xx:10,,,,2048,0,1,5.0,2172,154,44
fern_c_rs_26,17,Rakete,10,20,+x,-25,2,0,-25,1,l,ja,38,G+21,-25,2,1,0,14,ja,132,115,20,2267,Treffer Figur,0864xx:20 0865xx:15 0866xx:15 0867xx:20 0868xx:15 0869xx:10,,,,2048,0,1,5.0,2172,154,44
fern_c_rs_27,17,Rakete,10,20,+x,-25,2,0,-25,1,l,ja,38,G+21,-25,2,1,0,14,ja,132,115,20,2267,Treffer Figur,0864xx:20 0865xx:15 0866xx:15 0867xx:20 0868xx:15 0869xx:10,,,,2048,0,1,5.0,2172,154,44
fern_c_rs_28,17,Rakete,10,20,+x,-25,2,0,-25,1,l,ja,38,G+21,-25,2,1,0,14,ja,132,115,20,2267,Treffer Figur,0864xx:20 0865xx:15 0866xx:15 0867xx:20 0868xx:15 0869xx:10,,,,2048,0,1,5.0,2172,154,44
fern_c_rs_29,17,Rakete,10,20,+x,-25,2,0,-25,1,l,ja,38,G+21,-25,2,1,0,14,ja,132,115,20,2267,Treffer Figur,0864xx:20 0865xx:15 0866xx:15 0867xx:20 0868xx:15 0869xx:10,,,,2048,0,1,5.0,2172,154,44
fern_c_rs_30,17,Rakete,10,20,+x,-25,2,0,-25,1,l,ja,38,G+21,-25,2,1,0,14,ja,132,115,20,2267,Treffer Figur,0864xx:20 0865xx:15 0866xx:15 0867xx:20 0868xx:15 0869xx:10,,,,2048,0,1,5.0,2172,154,44
fern_c_rs_31,17,Rakete,10,20,+x,-25,2,0,-25,1,l,ja,38,G+21,-25,2,1,0,14,ja,132,115,20,2267,Treffer Figur,0864xx:20 0865xx:15 0866xx:15 0867xx:20 0868xx:15 0869xx:10,,,,2048,0,1,5.0,2172,154,44
fern_c_rs_32,17,Rakete,10,20,+x,-25,2,0,-25,1,l,ja,38,G+21,-25,2,1,0,14,ja,132,115,20,2267,Treffer Figur,0864xx:20 0865xx:15 0866xx:15 0867xx:20 0868xx:15 0869xx:10,,,,2048,0,1,5.0,2172,154,44
fern_c_rs_33,17,Rakete,10,20,+x,-25,2,0,-25,1,l,ja,38,G+21,-25,2,1,0,14,ja,132,115,20,2267,Treffer Figur,0864xx:20 0865xx:15 0866xx:15 0867xx:20 0868xx:15 0869xx:10,,,,2048,0,1,5.0,2172,154,44
fern_c_rs_34,17,Rakete,10,20,+x,-25,2,0,-25,1,l,ja,38,G+21,-25,2,1,0,14,ja,132,115,20,2267,Treffer Figur,0864xx:20 0865xx:15 0866xx:15 0867xx:20 0868xx:15 0869xx:10,,,,2048,0,1,5.0,2172,154,44
fern_c_rs_35,17,Rakete,10,20,+x,-25,2,0,-25,1,l,ja,38,G+21,-25,2,1,0,14,ja,132,115,20,2267,Treffer Figur,0864xx:20 0865xx:15 0866xx:15 0867xx:20 0868xx:15 0869xx:10,,,,2048,0,1,5.0,2172,154,44
fern_c_rs_36,17,Rakete,10,20,+x,-25,2,0,-25,1,l,ja,38,G+21,-25,2,1,0,14,ja,132,115,20,2267,Treffer Figur,0864xx:20 0865xx:15 0866xx:15 0867xx:20 0868xx:15 0869xx:10,,,,2048,0,1,5.0,2172,154,44
fern_c_rs_37,17,Rakete,10,20,+x,-25,2,0,-25,1,l,ja,38,G+21,-25,2,1,0,14,ja,132,115,20,2267,Treffer Figur,0864xx:20 0865xx:15 0866xx:15 0867xx:20 0868xx:15 0869xx:10,,,,2048,0,1,5.0,2172,154,44
fern_c_rs_38,17,Rakete,10,20,+x,-25,2,0,-25,1,l,ja,38,G+21,-25,2,1,0,14,ja,132,115,20,2267,Treffer Figur,0864xx:20 0865xx:15 0866xx:15 0867xx:20 0868xx:15 0869xx:10,,,,2048,0,1,5.0,2172,154,44
fern_c_rs_39,17,Rakete,10,20,+x,-25,2,0,-25,1,l,ja,38,G+21,-25,2,1,0,14,ja,132,115,20,2267,Treffer Figur,0864xx:20 0865xx:15 0866xx:15 0867xx:20 0868xx:15 0869xx:10,,,,2048,0,1,5.0,2172,154,44
fern_c_rs_40,17,Rakete,10,20,+x,-25,2,0,-25,1,l,ja,38,G+21,-25,2,1,0,14,ja,132,115,20,2267,Treffer Figur,0864xx:20 0865xx:15 0866xx:15 0867xx:20 0868xx:15 0869xx:10,,,,2048,0,1,5.0,2172,154,44
## C Abwehr Kugel (zweites Geschoss der Salve)
lauf,G,art,werfer,rang,flugrichtung,rel_dx,rel_dz,fig_h,vorn,frames_gehalten,blick_figur,treffer,treffer_frame,treffer_rel,dx_treffer,dz_treffer,h_treffer,gh_treffer,schaden,umgeworfen,ende,dauer,flugframes,x_flugende,grund,nachphasen,treffer_gegner,abgewehrt,abgewehrt_figur,camx_flugende,h_G1,h_G21,vx,x0,z0,h0
fern_c_ks_16,46,Kugel-Umwerf,18,20,+x,86,-2,0,86,1,l,ja,55,G+9,14,-2,0,58,6,ja,68,22,10,2233,Treffer Figur,095bxx:12,,,,2048,0,19,8.0,2161,158,58
fern_c_ks_17,46,Kugel-Umwerf,18,20,+x,86,-2,0,86,1,l,ja,55,G+9,14,-2,0,58,6,ja,68,22,10,2233,Treffer Figur,095bxx:12,,,,2048,0,19,8.0,2161,158,58
fern_c_ks_18,46,Kugel-Umwerf,18,20,+x,86,-2,0,86,1,l,ja,55,G+9,14,-2,0,58,6,ja,68,22,10,2233,Treffer Figur,095bxx:12,,,,2048,0,19,8.0,2161,158,58
fern_c_ks_19,46,Kugel-Umwerf,18,20,+x,86,-2,0,86,1,l,ja,55,G+9,14,-2,0,58,6,ja,68,22,10,2233,Treffer Figur,095bxx:12,,,,2048,0,19,8.0,2161,158,58
fern_c_ks_20,46,Kugel-Umwerf,18,20,+x,86,-2,0,86,1,l,ja,55,G+9,14,-2,0,58,6,ja,68,22,10,2233,Treffer Figur,095bxx:12,,,,2048,0,19,8.0,2161,158,58
fern_c_ks_21,46,Kugel-Umwerf,18,20,+x,86,-2,0,86,1,l,ja,55,G+9,14,-2,0,58,6,ja,68,22,10,2233,Treffer Figur,095bxx:12,,,,2048,0,19,8.0,2161,158,58
fern_c_ks_22,46,Kugel-Umwerf,18,20,+x,86,-2,0,86,1,l,ja,55,G+9,14,-2,0,58,6,ja,68,22,10,2233,Treffer Figur,095bxx:12,,,,2048,0,19,8.0,2161,158,58
fern_c_ks_23,46,Kugel-Umwerf,18,20,+x,86,-2,0,86,1,l,ja,55,G+9,14,-2,0,58,6,ja,68,22,10,2233,Treffer Figur,095bxx:12,,,,2048,0,19,8.0,2161,158,58
fern_c_ks_24,46,Kugel-Umwerf,18,20,+x,86,-2,0,86,1,l,ja,55,G+9,14,-2,0,58,6,ja,68,22,10,2233,Treffer Figur,095bxx:12,,,,2048,0,19,8.0,2161,158,58
fern_c_ks_25,46,Kugel-Umwerf,18,20,+x,86,-2,0,86,1,l,ja,55,G+9,14,-2,0,58,6,ja,68,22,10,2233,Treffer Figur,095bxx:12,,,,2048,0,19,8.0,2161,158,58
fern_c_ks_26,46,Kugel-Umwerf,18,20,+x,86,-2,0,86,1,l,ja,55,G+9,14,-2,0,58,6,ja,68,22,10,2233,Treffer Figur,095bxx:12,,,,2048,0,19,8.0,2161,158,58
fern_c_ks_27,46,Kugel-Umwerf,18,20,+x,86,-2,0,86,1,l,ja,55,G+9,14,-2,0,58,6,ja,68,22,10,2233,Treffer Figur,095bxx:12,,,,2048,0,19,8.0,2161,158,58
fern_c_ks_28,46,Kugel-Umwerf,18,20,+x,86,-2,0,86,1,l,ja,55,G+9,14,-2,0,58,6,ja,68,22,10,2233,Treffer Figur,095bxx:12,,,,2048,0,19,8.0,2161,158,58
fern_c_ks_29,46,Kugel-Umwerf,18,20,+x,86,-2,0,86,1,l,ja,55,G+9,14,-2,0,58,6,ja,68,22,10,2233,Treffer Figur,095bxx:12,,,,2048,0,19,8.0,2161,158,58
fern_c_ks_30,46,Kugel-Umwerf,18,20,+x,86,-2,0,86,1,l,ja,55,G+9,14,-2,0,58,6,ja,68,22,10,2233,Treffer Figur,095bxx:12,,,,2048,0,19,8.0,2161,158,58
fern_c_ks_31,46,Kugel-Umwerf,18,20,+x,86,-2,0,86,1,l,ja,55,G+9,14,-2,0,58,6,ja,68,22,10,2233,Treffer Figur,095bxx:12,,,,2048,0,19,8.0,2161,158,58
fern_c_ks_32,46,Kugel-Umwerf,18,20,+x,86,-2,0,86,1,l,ja,55,G+9,14,-2,0,58,6,ja,68,22,10,2233,Treffer Figur,095bxx:12,,,,2048,0,19,8.0,2161,158,58
fern_c_ks_33,46,Kugel-Umwerf,18,20,+x,86,-2,0,86,1,l,ja,55,G+9,14,-2,0,58,6,ja,68,22,10,2233,Treffer Figur,095bxx:12,,,,2048,0,19,8.0,2161,158,58
fern_c_ks_34,46,Kugel-Umwerf,18,20,+x,86,-2,0,86,1,l,ja,55,G+9,14,-2,0,58,6,ja,68,22,10,2233,Treffer Figur,095bxx:12,,,,2048,0,19,8.0,2161,158,58
fern_c_ks_35,46,Kugel-Umwerf,18,20,+x,86,-2,0,86,1,l,ja,55,G+9,14,-2,0,58,6,ja,68,22,10,2233,Treffer Figur,095bxx:12,,,,2048,0,19,8.0,2161,158,58
fern_c_ks_36,46,Kugel-Umwerf,18,20,+x,86,-2,0,86,1,l,ja,55,G+9,14,-2,0,58,6,ja,68,22,10,2233,Treffer Figur,095bxx:12,,,,2048,0,19,8.0,2161,158,58
fern_c_ks_37,46,Kugel-Umwerf,18,20,+x,86,-2,0,86,1,l,ja,55,G+9,14,-2,0,58,6,ja,68,22,10,2233,Treffer Figur,095bxx:12,,,,2048,0,19,8.0,2161,158,58
fern_c_ks_38,46,Kugel-Umwerf,18,20,+x,86,-2,0,86,1,l,ja,55,G+9,14,-2,0,58,6,ja,68,22,10,2233,Treffer Figur,095bxx:12,,,,2048,0,19,8.0,2161,158,58
fern_c_ks_39,46,Kugel-Umwerf,18,20,+x,86,-2,0,86,1,l,ja,55,G+9,14,-2,0,58,6,ja,68,22,10,2233,Treffer Figur,095bxx:12,,,,2048,0,19,8.0,2161,158,58
fern_c_ks_40,46,Kugel-Umwerf,18,20,+x,86,-2,0,86,1,l,ja,55,G+9,14,-2,0,58,6,ja,68,22,10,2233,Treffer Figur,095bxx:12,,,,2048,0,19,8.0,2161,158,58
fern_c_kj_14,46,Kugel-Umwerf,18,20,+x,86,-2,51,86,1,l,nein,,,,,,,,,100,54,48,2537,Ablauf,095exx:6,,,,2126,56,98,8.0,2161,158,58
fern_c_kj_16,46,Kugel-Umwerf,18,20,+x,86,-2,52,86,1,l,nein,,,,,,,,,100,54,48,2537,Ablauf,095exx:6,,,,2126,57,99,8.0,2161,158,58
fern_c_kj_18,46,Kugel-Umwerf,18,20,+x,86,-2,51,86,1,l,nein,,,,,,,,,100,54,48,2537,Ablauf,095exx:6,,,,2126,56,99,8.0,2161,158,58
fern_c_kj_20,46,Kugel-Umwerf,18,20,+x,86,-2,50,86,1,l,nein,,,,,,,,,100,54,48,2537,Ablauf,095exx:6,,,,2126,55,98,8.0,2161,158,58
fern_c_kj_22,46,Kugel-Umwerf,18,20,+x,86,-2,48,86,1,l,nein,,,,,,,,,100,54,48,2537,Ablauf,095exx:6,,,,2126,53,96,8.0,2161,158,58
fern_c_kj_24,46,Kugel-Umwerf,18,20,+x,86,-2,45,86,1,l,nein,,,,,,,,,100,54,48,2537,Ablauf,095exx:6,,,,2126,50,93,8.0,2161,158,58
fern_c_kj_26,46,Kugel-Umwerf,18,20,+x,86,-2,41,86,1,l,nein,,,,,,,,,100,54,48,2537,Ablauf,095exx:6,,,,2126,46,89,8.0,2161,158,58
fern_c_kj_28,46,Kugel-Umwerf,18,20,+x,86,-2,36,86,1,l,nein,,,,,,,,,100,54,48,2537,Ablauf,095exx:6,,,,2126,41,83,8.0,2161,158,58
fern_c_kj_30,46,Kugel-Umwerf,18,20,+x,86,-2,30,86,1,l,nein,,,,,,,,,100,54,48,2537,Ablauf,095exx:6,,,,2126,35,77,8.0,2161,158,58
fern_c_kj_32,46,Kugel-Umwerf,18,20,+x,86,-2,23,86,1,l,nein,,,,,,,,,100,54,48,2537,Ablauf,095exx:6,,,,2126,28,70,8.0,2161,158,58
fern_c_kj_34,46,Kugel-Umwerf,18,20,+x,86,-2,14,86,1,l,nein,,,,,,,,,100,54,48,2537,Ablauf,095exx:6,,,,2126,19,62,8.0,2161,158,58
fern_c_kj_36,46,Kugel-Umwerf,18,20,+x,86,-2,5,86,1,l,nein,,,,,,,,,100,54,48,2537,Ablauf,095exx:6,,,,2126,10,53,8.0,2161,158,58
fern_c_kj_38,46,Kugel-Umwerf,18,20,+x,86,-2,0,86,1,l,ja,55,G+9,14,-2,0,58,6,ja,68,22,10,2233,Treffer Figur,095bxx:12,,,,2048,0,19,8.0,2161,158,58
fern_c_kj_40,46,Kugel-Umwerf,18,20,+x,86,-2,0,86,1,l,ja,55,G+9,14,-2,0,58,6,ja,68,22,10,2233,Treffer Figur,095bxx:12,,,,2048,0,19,8.0,2161,158,58
fern_c_ks9_10,37,Kugel-Umwerf,18,9,+x,85,-5,0,85,1,l,ja,46,G+9,13,-5,0,58,5,ja,59,22,10,2234,Treffer Figur,095bxx:12,,,,2048,0,19,8.0,2162,161,58
fern_c_ks9_12,37,Kugel-Umwerf,18,9,+x,85,-5,0,85,1,l,ja,46,G+9,13,-5,0,58,5,ja,59,22,10,2234,Treffer Figur,095bxx:12,,,,2048,0,19,8.0,2162,161,58
fern_c_ks9_14,37,Kugel-Umwerf,18,9,+x,85,-5,0,85,1,l,ja,46,G+9,13,-5,0,58,5,ja,59,22,10,2234,Treffer Figur,095bxx:12,,,,2048,0,19,8.0,2162,161,58
fern_c_ks9_16,37,Kugel-Umwerf,18,9,+x,85,-5,0,85,1,l,ja,46,G+9,13,-5,0,58,5,ja,59,22,10,2234,Treffer Figur,095bxx:12,,,,2048,0,19,8.0,2162,161,58
fern_c_ks9_18,37,Kugel-Umwerf,18,9,+x,85,-5,0,85,1,l,ja,46,G+9,13,-5,0,58,5,ja,59,22,10,2234,Treffer Figur,095bxx:12,,,,2048,0,19,8.0,2162,161,58
fern_c_ks9_20,37,Kugel-Umwerf,18,9,+x,85,-5,0,85,1,l,ja,46,G+9,13,-5,0,58,5,ja,59,22,10,2234,Treffer Figur,095bxx:12,,,,2048,0,19,8.0,2162,161,58
fern_c_ks9_22,37,Kugel-Umwerf,18,9,+x,85,-5,0,85,1,l,ja,46,G+9,13,-5,0,58,5,ja,59,22,10,2234,Treffer Figur,095bxx:12,,,,2048,0,19,8.0,2162,161,58
fern_c_ks9_24,37,Kugel-Umwerf,18,9,+x,85,-5,0,85,1,l,ja,46,G+9,13,-5,0,58,5,ja,59,22,10,2234,Treffer Figur,095bxx:12,,,,2048,0,19,8.0,2162,161,58
fern_c_ks9_26,37,Kugel-Umwerf,18,9,+x,85,-5,0,85,1,l,ja,46,G+9,13,-5,0,58,5,ja,59,22,10,2234,Treffer Figur,095bxx:12,,,,2048,0,19,8.0,2162,161,58
fern_c_ks9_28,37,Kugel-Umwerf,18,9,+x,85,-5,0,85,1,l,ja,46,G+9,13,-5,0,58,5,ja,59,22,10,2234,Treffer Figur,095bxx:12,,,,2048,0,19,8.0,2162,161,58
fern_c_ks9_30,37,Kugel-Umwerf,18,9,+x,85,-5,0,85,1,l,ja,46,G+9,13,-5,0,58,5,ja,59,22,10,2234,Treffer Figur,095bxx:12,,,,2048,0,19,8.0,2162,161,58
fern_c_kj9_10,37,Kugel-Umwerf,18,9,+x,85,-5,51,85,1,l,nein,,,,,,,,,91,54,48,2538,Ablauf,095exx:6,,,,2126,56,99,8.0,2162,161,58
fern_c_kj9_14,37,Kugel-Umwerf,18,9,+x,85,-5,47,85,1,l,nein,,,,,,,,,91,54,48,2538,Ablauf,095exx:6,,,,2126,52,94,8.0,2162,161,58
fern_c_kj9_18,37,Kugel-Umwerf,18,9,+x,85,-5,39,85,1,l,nein,,,,,,,,,91,54,48,2538,Ablauf,095exx:6,,,,2126,44,86,8.0,2162,161,58
fern_c_kj9_22,37,Kugel-Umwerf,18,9,+x,85,-5,26,85,1,l,nein,,,,,,,,,91,54,48,2538,Ablauf,095exx:6,,,,2126,31,74,8.0,2162,161,58
fern_c_kj9_26,37,Kugel-Umwerf,18,9,+x,85,-5,10,85,1,l,nein,,,,,,,,,91,54,48,2538,Ablauf,095exx:6,,,,2126,15,58,8.0,2162,161,58
fern_c_kj9_30,37,Kugel-Umwerf,18,9,+x,85,-5,0,85,1,l,ja,46,G+9,13,-5,0,58,5,ja,59,22,10,2234,Treffer Figur,095bxx:12,,,,2048,0,19,8.0,2162,161,58
fern_c_kj9_6,37,Kugel-Umwerf,18,9,+x,85,-5,51,85,1,l,nein,,,,,,,,,91,54,48,2538,Ablauf,095exx:6,,,,2126,56,99,8.0,2162,161,58
## D Schaden je Rang (erstes Geschoss)
lauf,G,art,werfer,rang,flugrichtung,rel_dx,rel_dz,fig_h,vorn,frames_gehalten,blick_figur,treffer,treffer_frame,treffer_rel,dx_treffer,dz_treffer,h_treffer,gh_treffer,schaden,umgeworfen,ende,dauer,flugframes,x_flugende,grund,nachphasen,treffer_gegner,abgewehrt,abgewehrt_figur,camx_flugende,h_G1,h_G21,vx,x0,z0,h0
fern_d_k_10,20,Kugel,18,10,+x,86,-5,0,86,1,r,ja,30,G+10,6,-5,0,58,5,nein,43,23,11,2242,Treffer Figur,095bxx:12,,,,2048,0,0,8.0,2162,161,58
fern_d_k_11,20,Kugel,18,11,+x,86,-5,0,86,1,r,ja,30,G+10,6,-5,0,58,5,nein,43,23,11,2242,Treffer Figur,095bxx:12,,,,2048,0,0,8.0,2162,161,58
fern_d_k_12,20,Kugel,18,12,+x,86,-5,0,86,1,r,ja,30,G+10,6,-5,0,58,5,nein,43,23,11,2242,Treffer Figur,095bxx:12,,,,2048,0,0,8.0,2162,161,58
fern_d_k_13,20,Kugel,18,13,+x,86,-5,0,86,1,r,ja,30,G+10,6,-5,0,58,5,nein,43,23,11,2242,Treffer Figur,095bxx:12,,,,2048,0,0,8.0,2162,161,58
fern_d_k_14,20,Kugel,18,14,+x,86,-5,0,86,1,r,ja,30,G+10,6,-5,0,58,5,nein,43,23,11,2242,Treffer Figur,095bxx:12,,,,2048,0,0,8.0,2162,161,58
fern_d_k_15,20,Kugel,18,15,+x,86,-5,0,86,1,r,ja,30,G+10,6,-5,0,58,6,nein,43,23,11,2242,Treffer Figur,095bxx:12,,,,2048,0,0,8.0,2162,161,58
fern_d_k_16,20,Kugel,18,16,+x,86,-5,0,86,1,r,ja,30,G+10,6,-5,0,58,6,nein,43,23,11,2242,Treffer Figur,095bxx:12,,,,2048,0,0,8.0,2162,161,58
fern_d_k_17,28,Kugel,18,17,+x,86,-3,0,86,1,r,ja,38,G+10,6,-3,0,58,6,nein,51,23,11,2242,Treffer Figur,095bxx:12,,,,2048,0,0,8.0,2162,159,58
fern_d_k_18,28,Kugel,18,18,+x,86,-3,0,86,1,r,ja,38,G+10,6,-3,0,58,6,nein,51,23,11,2242,Treffer Figur,095bxx:12,,,,2048,0,0,8.0,2162,159,58
fern_d_k_19,28,Kugel,18,19,+x,86,-3,0,86,1,r,ja,38,G+10,6,-3,0,58,6,nein,51,23,11,2242,Treffer Figur,095bxx:12,,,,2048,0,0,8.0,2162,159,58
fern_d_k_20,28,Kugel,18,20,+x,86,-3,0,86,1,r,ja,38,G+10,6,-3,0,58,6,nein,51,23,11,2242,Treffer Figur,095bxx:12,,,,2048,0,0,8.0,2162,159,58
fern_d_k_21,28,Kugel,18,21,+x,86,-3,0,86,1,r,ja,38,G+10,6,-3,0,58,6,nein,51,23,11,2242,Treffer Figur,095bxx:12,,,,2048,0,0,8.0,2162,159,58
fern_d_k_22,28,Kugel,18,22,+x,86,-3,0,86,1,r,ja,38,G+10,6,-3,0,58,7,nein,51,23,11,2242,Treffer Figur,095bxx:12,,,,2048,0,0,8.0,2162,159,58
fern_d_k_23,28,Kugel,18,23,+x,86,-3,0,86,1,r,ja,38,G+10,6,-3,0,58,7,nein,51,23,11,2242,Treffer Figur,095bxx:12,,,,2048,0,0,8.0,2162,159,58
fern_d_k_24,28,Kugel,18,24,+x,86,-3,0,86,1,r,ja,38,G+10,6,-3,0,58,7,nein,51,23,11,2242,Treffer Figur,095bxx:12,,,,2048,0,0,8.0,2162,159,58
fern_d_k_7,20,Kugel,18,7,+x,86,-5,0,86,1,r,ja,30,G+10,6,-5,0,58,4,nein,43,23,11,2242,Treffer Figur,095bxx:12,,,,2048,0,0,8.0,2162,161,58
fern_d_k_8,20,Kugel,18,8,+x,86,-5,0,86,1,r,ja,30,G+10,6,-5,0,58,5,nein,43,23,11,2242,Treffer Figur,095bxx:12,,,,2048,0,0,8.0,2162,161,58
fern_d_k_9,20,Kugel,18,9,+x,86,-5,0,86,1,r,ja,30,G+10,6,-5,0,58,5,nein,43,23,11,2242,Treffer Figur,095bxx:12,,,,2048,0,0,8.0,2162,161,58
fern_d_m_10,44,Messer,18,10,-x,-61,7,0,61,1,r,ja,52,G+8,-29,7,0,56,10,ja,65,21,9,929,Treffer Figur,095bxx:12,,,,768,0,,-4.0,961,312,56
fern_d_m_11,44,Messer,18,11,-x,-61,7,0,61,1,r,ja,52,G+8,-29,7,0,56,10,ja,65,21,9,929,Treffer Figur,095bxx:12,,,,768,0,,-4.0,961,312,56
fern_d_m_12,44,Messer,18,12,-x,-61,7,0,61,1,r,ja,52,G+8,-29,7,0,56,11,ja,65,21,9,929,Treffer Figur,095bxx:12,,,,768,0,,-4.0,961,312,56
fern_d_m_13,44,Messer,18,13,-x,-61,7,0,61,1,r,ja,52,G+8,-29,7,0,56,11,ja,65,21,9,929,Treffer Figur,095bxx:12,,,,768,0,,-4.0,961,312,56
fern_d_m_14,44,Messer,18,14,-x,-61,7,0,61,1,r,ja,52,G+8,-29,7,0,56,11,ja,65,21,9,929,Treffer Figur,095bxx:12,,,,768,0,,-4.0,961,312,56
fern_d_m_15,44,Messer,18,15,-x,-61,7,0,61,1,r,ja,52,G+8,-29,7,0,56,11,ja,65,21,9,929,Treffer Figur,095bxx:12,,,,768,0,,-4.0,961,312,56
fern_d_m_16,44,Messer,18,16,-x,-61,7,0,61,1,r,ja,52,G+8,-29,7,0,56,11,ja,65,21,9,929,Treffer Figur,095bxx:12,,,,768,0,,-4.0,961,312,56
fern_d_m_17,44,Messer,18,17,-x,-61,7,0,61,1,r,ja,52,G+8,-29,7,0,56,12,ja,65,21,9,929,Treffer Figur,095bxx:12,,,,768,0,,-4.0,961,312,56
fern_d_m_18,44,Messer,18,18,-x,-61,7,0,61,1,r,ja,52,G+8,-29,7,0,56,12,ja,65,21,9,929,Treffer Figur,095bxx:12,,,,768,0,,-4.0,961,312,56
fern_d_m_19,44,Messer,18,19,-x,-61,7,0,61,1,r,ja,52,G+8,-29,7,0,56,12,ja,65,21,9,929,Treffer Figur,095bxx:12,,,,768,0,,-4.0,961,312,56
fern_d_m_20,44,Messer,18,20,-x,-61,7,0,61,1,r,ja,52,G+8,-29,7,0,56,12,ja,65,21,9,929,Treffer Figur,095bxx:12,,,,768,0,,-4.0,961,312,56
fern_d_m_21,44,Messer,18,21,-x,-61,7,0,61,1,r,ja,52,G+8,-29,7,0,56,12,ja,65,21,9,929,Treffer Figur,095bxx:12,,,,768,0,,-4.0,961,312,56
fern_d_m_22,44,Messer,18,22,-x,-61,7,0,61,1,r,ja,52,G+8,-29,7,0,56,13,ja,65,21,9,929,Treffer Figur,095bxx:12,,,,768,0,,-4.0,961,312,56
fern_d_m_23,44,Messer,18,23,-x,-61,7,0,61,1,r,ja,52,G+8,-29,7,0,56,13,ja,65,21,9,929,Treffer Figur,095bxx:12,,,,768,0,,-4.0,961,312,56
fern_d_m_24,44,Messer,18,24,-x,-61,7,0,61,1,r,ja,52,G+8,-29,7,0,56,13,ja,65,21,9,929,Treffer Figur,095bxx:12,,,,768,0,,-4.0,961,312,56
fern_d_m_7,44,Messer,18,7,-x,-61,7,0,61,1,r,ja,52,G+8,-29,7,0,56,10,ja,65,21,9,929,Treffer Figur,095bxx:12,,,,768,0,,-4.0,961,312,56
fern_d_m_8,44,Messer,18,8,-x,-61,7,0,61,1,r,ja,52,G+8,-29,7,0,56,10,ja,65,21,9,929,Treffer Figur,095bxx:12,,,,768,0,,-4.0,961,312,56
fern_d_m_9,44,Messer,18,9,-x,-61,7,0,61,1,r,ja,52,G+8,-29,7,0,56,10,ja,65,21,9,929,Treffer Figur,095bxx:12,,,,768,0,,-4.0,961,312,56
fern_d_r_10,17,Rakete,10,10,+x,-24,2,0,-24,1,r,ja,38,G+21,-24,2,1,0,13,ja,132,115,20,2267,Treffer Figur,0864xx:20 0865xx:15 0866xx:15 0867xx:20 0868xx:15 0869xx:10,,,,2048,0,1,5.0,2172,154,44
fern_d_r_11,17,Rakete,10,11,+x,-24,2,0,-24,1,r,ja,38,G+21,-24,2,1,0,13,ja,132,115,20,2267,Treffer Figur,0864xx:20 0865xx:15 0866xx:15 0867xx:20 0868xx:15 0869xx:10,,,,2048,0,1,5.0,2172,154,44
fern_d_r_12,17,Rakete,10,12,+x,-24,2,0,-24,1,r,ja,38,G+21,-24,2,1,0,13,ja,132,115,20,2267,Treffer Figur,0864xx:20 0865xx:15 0866xx:15 0867xx:20 0868xx:15 0869xx:10,,,,2048,0,1,5.0,2172,154,44
fern_d_r_13,17,Rakete,10,13,+x,-24,2,0,-24,1,r,ja,38,G+21,-24,2,1,0,13,ja,132,115,20,2267,Treffer Figur,0864xx:20 0865xx:15 0866xx:15 0867xx:20 0868xx:15 0869xx:10,,,,2048,0,1,5.0,2172,154,44
fern_d_r_14,17,Rakete,10,14,+x,-24,2,0,-24,1,r,ja,38,G+21,-24,2,1,0,13,ja,132,115,20,2267,Treffer Figur,0864xx:20 0865xx:15 0866xx:15 0867xx:20 0868xx:15 0869xx:10,,,,2048,0,1,5.0,2172,154,44
fern_d_r_15,17,Rakete,10,15,+x,-24,2,0,-24,1,r,ja,38,G+21,-24,2,1,0,14,ja,132,115,20,2267,Treffer Figur,0864xx:20 0865xx:15 0866xx:15 0867xx:20 0868xx:15 0869xx:10,,,,2048,0,1,5.0,2172,154,44
fern_d_r_16,17,Rakete,10,16,+x,-24,2,0,-24,1,r,ja,38,G+21,-24,2,1,0,14,ja,132,115,20,2267,Treffer Figur,0864xx:20 0865xx:15 0866xx:15 0867xx:20 0868xx:15 0869xx:10,,,,2048,0,1,5.0,2172,154,44
fern_d_r_17,17,Rakete,10,17,+x,-24,2,0,-24,1,r,ja,38,G+21,-24,2,1,0,14,ja,132,115,20,2267,Treffer Figur,0864xx:20 0865xx:15 0866xx:15 0867xx:20 0868xx:15 0869xx:10,,,,2048,0,1,5.0,2172,154,44
fern_d_r_18,17,Rakete,10,18,+x,-24,2,0,-24,1,r,ja,38,G+21,-24,2,1,0,14,ja,132,115,20,2267,Treffer Figur,0864xx:20 0865xx:15 0866xx:15 0867xx:20 0868xx:15 0869xx:10,,,,2048,0,1,5.0,2172,154,44
fern_d_r_19,17,Rakete,10,19,+x,-24,2,0,-24,1,r,ja,38,G+21,-24,2,1,0,14,ja,132,115,20,2267,Treffer Figur,0864xx:20 0865xx:15 0866xx:15 0867xx:20 0868xx:15 0869xx:10,,,,2048,0,1,5.0,2172,154,44
fern_d_r_20,17,Rakete,10,20,+x,-24,2,0,-24,1,r,ja,38,G+21,-24,2,1,0,14,ja,132,115,20,2267,Treffer Figur,0864xx:20 0865xx:15 0866xx:15 0867xx:20 0868xx:15 0869xx:10,,,,2048,0,1,5.0,2172,154,44
fern_d_r_21,17,Rakete,10,21,+x,-24,2,0,-24,1,r,ja,38,G+21,-24,2,1,0,14,ja,132,115,20,2267,Treffer Figur,0864xx:20 0865xx:15 0866xx:15 0867xx:20 0868xx:15 0869xx:10,,,,2048,0,1,5.0,2172,154,44
fern_d_r_22,17,Rakete,10,22,+x,-24,2,0,-24,1,r,ja,38,G+21,-24,2,1,0,15,ja,132,115,20,2267,Treffer Figur,0864xx:20 0865xx:15 0866xx:15 0867xx:20 0868xx:15 0869xx:10,,,,2048,0,1,5.0,2172,154,44
fern_d_r_23,17,Rakete,10,23,+x,-24,2,0,-24,1,r,ja,38,G+21,-24,2,1,0,15,ja,132,115,20,2267,Treffer Figur,0864xx:20 0865xx:15 0866xx:15 0867xx:20 0868xx:15 0869xx:10,,,,2048,0,1,5.0,2172,154,44
fern_d_r_24,17,Rakete,10,24,+x,-24,2,0,-24,1,r,ja,38,G+21,-24,2,1,0,15,ja,132,115,20,2267,Treffer Figur,0864xx:20 0865xx:15 0866xx:15 0867xx:20 0868xx:15 0869xx:10,,,,2048,0,1,5.0,2172,154,44
fern_d_r_7,17,Rakete,10,7,+x,-24,2,0,-24,1,r,ja,38,G+21,-24,2,1,0,12,ja,132,115,20,2267,Treffer Figur,0864xx:20 0865xx:15 0866xx:15 0867xx:20 0868xx:15 0869xx:10,,,,2048,0,1,5.0,2172,154,44
fern_d_r_8,17,Rakete,10,8,+x,-24,2,0,-24,1,r,ja,38,G+21,-24,2,1,0,13,ja,132,115,20,2267,Treffer Figur,0864xx:20 0865xx:15 0866xx:15 0867xx:20 0868xx:15 0869xx:10,,,,2048,0,1,5.0,2172,154,44
fern_d_r_9,17,Rakete,10,9,+x,-24,2,0,-24,1,r,ja,38,G+21,-24,2,1,0,13,ja,132,115,20,2267,Treffer Figur,0864xx:20 0865xx:15 0866xx:15 0867xx:20 0868xx:15 0869xx:10,,,,2048,0,1,5.0,2172,154,44
## E Waffe des DICK beim Tod
lauf,slot,rang,lp_max,tod_frame,schuesse_vorher,geschosse,waffe_slot,waffe_landung,gegenstand_ab,art,munition,liegezeit,x,z
fern_e_p20_0,18,20,26,7,0,,58,50,51,0x00,5,699,2233,165
fern_e_p20_11,18,20,26,791,11,Kugel:6 Kugel-Umwerf:5,58,837,838,0x00,5,699,2540,157
fern_e_p20_8,18,20,26,405,8,Kugel:4 Kugel-Umwerf:4,58,448,449,0x00,5,699,2407,159
fern_e_p9_0,18,9,20,7,0,,58,50,51,0x00,5,699,2204,178
fern_e_p9_4,18,9,20,209,4,Kugel:2 Kugel-Umwerf:2,58,252,253,0x00,5,699,2272,152
fern_e_r20_0,10,20,26,7,0,,53,50,51,0x08,3,699,2216,152
fern_e_r20_1,10,20,26,243,1,Rakete:1,53,286,287,0x08,3,699,2367,171
fern_e_r20_2,10,20,26,500,2,Rakete:2,53,543,544,0x08,3,699,2457,134
fern_e_r9_0,13,9,20,7,0,,30,50,51,0x08,3,699,2220,158
fern_e_r9_1,13,9,20,245,1,Rakete:1,30,288,289,0x08,3,699,2343,163
## E Bogen der Waffe (Hoehe des DICK beim Tod, hoechster Punkt, Landung und Gegenstand relativ zum Tod t)
lauf,slot,rang,tod,h_dick,h_waffe_vorher,h_max,h_max_minus_h_dick,scheitel,landung,gegenstand,dx_bogen
fern_e_p20_0,18,20,7,0,25,61,61,t+9,t+34,t+44,77
fern_e_p20_11,18,20,791,16,36,77,61,t+9,t+37,t+47,44
fern_e_p20_8,18,20,405,0,26,61,61,t+9,t+34,t+44,79
fern_e_p9_0,18,9,7,0,31,61,61,t+9,t+34,t+44,71
fern_e_p9_4,18,9,209,0,56,61,61,t+9,t+34,t+44,74
fern_e_r20_0,10,20,7,0,22,61,61,t+9,t+34,t+44,71
fern_e_r20_1,10,20,243,0,31,61,61,t+9,t+34,t+44,71
fern_e_r20_2,10,20,500,0,26,61,61,t+9,t+34,t+44,79
fern_e_r9_0,13,9,7,0,25,61,61,t+9,t+34,t+44,71
fern_e_r9_1,13,9,245,0,23,61,61,t+9,t+34,t+44,79
## F erscheinen (DICK und SKIP; f_r*: Arena-WOOKY in Frame 4 entfernt, f_k*/a_k*: besiegt)
lauf,rang,wooky_tod,gegner,erscheint,slot,lp_max,waffe
fern_f_k12,12,57(slot16) 97(slot17),DICK,60,18,22,Pistole
fern_f_k16,16,57(slot16) 97(slot17),kein DICK/SKIP,,,,
fern_f_r10,10,,DICK,11,18,21,Pistole
fern_f_r11,11,,DICK,11,18,21,Pistole
fern_f_r12,12,,DICK,11,18,22,Pistole
fern_f_r13,13,,DICK,11,18,22,Pistole
fern_f_r14,14,,DICK,11,18,23,Pistole
fern_f_r15,15,,DICK,11,18,23,Pistole
fern_f_r16,16,,kein DICK/SKIP,,,,
fern_f_r17,17,,kein DICK/SKIP,,,,
fern_f_r18,18,,kein DICK/SKIP,,,,
fern_f_r19,19,,kein DICK/SKIP,,,,
fern_f_r20,20,,DICK,11,18,26,Pistole
fern_f_r21,21,,DICK,11,18,26,Pistole
fern_f_r22,22,,DICK,11,18,27,Pistole
fern_f_r23,23,,DICK,11,18,27,Pistole
fern_f_r24,24,,DICK,11,18,28,Pistole
fern_f_r7,7,,DICK,11,18,19,Pistole
fern_f_r8,8,,DICK,11,18,20,Pistole
fern_f_r9,9,,DICK,11,18,20,Pistole
fern_a_k9,9,57(slot16) 97(slot17),DICK,60,18,20,Pistole
fern_a_k20,20,57(slot16),DICK,60,18,26,Pistole
fern_a_p9,9,,DICK,11,18,20,Pistole
fern_a_p20,20,,DICK,11,18,26,Pistole
fern_a_r9,9,,DICK,100,13,20,Raketenwerfer
fern_a_r9,9,,DICK,11,18,20,Pistole
fern_a_r20,20,,DICK,140,10,26,Raketenwerfer
fern_a_r20,20,,DICK,100,13,26,Raketenwerfer
fern_a_r20,20,,DICK,11,18,26,Pistole
fern_a_z9,9,,DICK,100,13,20,Raketenwerfer
fern_a_z9,9,,DICK,11,18,20,Pistole
fern_a_z20,20,,DICK,140,12,26,Raketenwerfer
fern_a_z20,20,,DICK,100,13,26,Raketenwerfer
fern_a_z20,20,,DICK,11,18,26,Pistole
# ---------------------------------------------------------------------------------------------
# Dritte Messung (Laeufe fern_t_*, Block "Dritte Messung M7" in belege_fern.sh): Zeilen, in denen
# V7 abwich, mit Raengen 7/14/17/22/24, anderen Lagen und Savestates, beiden Flugrichtungen.
# EINGRIFFE: LP; RANG; DOLG, ENTF (teils nur WOOKY), LP25 (DOLG-LP 25 in Frame 150), PISTWEG,
# FEST in fern_t_sf*, sr1560, pf12, pl22, rr* (Figur fest auf x im Laufnamen bzw. 2180/2110/2330); T2 GESCH; T3 TIEFE (Figur nach
# dem k-ten Schuss auf Tiefe 200, fern_t_kt_k); T4 ENTF/PISTWEG je Variante, RANGWECHSEL in
# fern_t_z15_f/z20_f; T5 TOET mit HOEHE des DICK; fern_t_v7_*: Nachlaeufe von V7-Laeufen mit
# dessen Szenario und Eingriffen. CC_HIN (fern_t_s22h, ph14, r22h) ist Eingabe, kein Eingriff.
## T ausloesung (Zielpunkt S+0x96/0x98 vor A: Messerwurf Welt-x/Tiefe, sonst relativ zur Figur; abw = Lage - Ziel)
lauf,slot,typ,rang,art,A,seite,d,dz,ziel_x,ziel_z,abw_x,abw_z,vorbereitung,figur_weg_x,x_steht,fig_st,start_d,start_abw_x,start_abw_z
fern_t_s14r,18,SKIP,14,Messerstich,379,links,70,2,-64,0,-6,2,20,0,0,1,,,
fern_t_s14r,18,SKIP,14,Messerstich,416,links,70,2,-64,0,-6,2,2,0,1,3,,,
fern_t_s14r,18,SKIP,14,Ausfallstich,715,rechts,71,2,64,0,7,2,20,0,0,1,,,
fern_t_s14r,18,SKIP,14,Messerwurf,777,rechts,38,6,1156,319,-112,6,12,0,1,1,,,
fern_t_s14r,18,SKIP,14,Messerstich,833,rechts,57,2,64,0,-7,2,12,0,0,3,,,
fern_t_s14r,18,SKIP,14,Ausfallstich,1173,rechts,72,-4,64,0,8,-4,28,0,0,1,,,
fern_t_s14r,18,SKIP,14,Messerstich,1231,rechts,57,-2,64,0,-7,-2,8,0,0,1,,,
fern_t_s14r,18,SKIP,14,Messerwurf,1688,rechts,149,-9,1115,319,-1,-9,11,0,0,1,,,
fern_t_s14r,18,SKIP,14,Messerstich,1862,rechts,58,0,64,0,-6,0,9,0,0,1,,,
fern_t_s14r,18,SKIP,14,Messerstich,1899,rechts,58,0,64,0,-6,0,2,0,1,3,,,
fern_t_s14r,18,SKIP,14,Ausfallstich,2107,rechts,58,-3,64,0,-6,-3,10,0,0,3,,,
fern_t_s14r,18,SKIP,14,Messerwurf,2658,rechts,141,4,1115,319,-9,4,22,0,0,1,,,
fern_t_s14r,18,SKIP,14,Messerstich,3101,rechts,57,-4,64,0,-7,-4,10,0,0,1,,,
fern_t_s14r,18,SKIP,14,Messerstich,3138,rechts,57,-4,64,0,-7,-4,2,0,1,3,,,
fern_t_s14r,18,SKIP,14,Messerstich,3484,rechts,72,-3,64,0,8,-3,27,0,0,1,,,
fern_t_s14r,18,SKIP,14,Messerstich,3521,rechts,72,-3,64,0,8,-3,2,0,1,3,,,
fern_t_s14r,18,SKIP,14,Ausfallstich,3558,rechts,72,-3,64,0,8,-3,2,0,1,3,,,
fern_t_s14r,18,SKIP,14,Ausfallstich,4208,rechts,72,-4,64,0,8,-4,28,0,0,1,,,
fern_t_s14r,18,SKIP,14,Ausfallstich,4415,rechts,72,-2,64,0,8,-2,26,0,0,1,,,
fern_t_s14r,18,SKIP,14,Messerstich,5270,links,70,3,-64,0,-6,3,29,0,0,3,,,
fern_t_s14l,18,SKIP,14,Messerstich,1865,rechts,71,-3,64,0,7,-3,29,0,0,1,,,
fern_t_s14l,18,SKIP,14,Messerstich,1902,rechts,71,-3,64,0,7,-3,2,0,1,3,,,
fern_t_s14l,18,SKIP,14,Messerstich,1951,rechts,57,-2,64,0,-7,-2,8,0,0,1,,,
fern_t_s14l,18,SKIP,14,Messerstich,1988,rechts,57,-2,64,0,-7,-2,2,0,1,3,,,
fern_t_s14l,18,SKIP,14,Messerstich,2025,rechts,57,-2,64,0,-7,-2,2,0,1,3,,,
fern_t_s14l,18,SKIP,14,Messerstich,2062,rechts,57,-2,64,0,-7,-2,2,0,1,3,,,
fern_t_s14l,18,SKIP,14,Ausfallstich,2208,rechts,72,4,64,0,8,4,15,0,0,1,,,
fern_t_s14l,18,SKIP,14,Messerstich,2434,rechts,72,5,64,0,8,5,25,0,0,1,,,
fern_t_s14l,18,SKIP,14,Messerstich,2559,rechts,71,3,64,0,7,3,24,0,0,1,,,
fern_t_s14l,18,SKIP,14,Messerstich,2596,rechts,71,3,64,0,7,3,2,0,1,3,,,
fern_t_s14l,18,SKIP,14,Ausfallstich,2633,rechts,71,3,64,0,7,3,2,0,1,3,,,
fern_t_s14l,18,SKIP,14,Messerstich,3306,rechts,72,-4,64,0,8,-4,28,0,0,1,,,
fern_t_s14l,18,SKIP,14,Messerstich,4634,rechts,72,-4,64,0,8,-4,28,0,0,1,,,
fern_t_s14l,18,SKIP,14,Messerstich,4671,rechts,72,-4,64,0,8,-4,2,0,1,3,,,
fern_t_s14l,18,SKIP,14,Messerstich,4708,rechts,72,-4,64,0,8,-4,2,0,1,3,,,
fern_t_s14l,18,SKIP,14,Messerstich,4745,rechts,72,-4,64,0,8,-4,2,0,1,3,,,
fern_t_s14l,18,SKIP,14,Messerstich,4796,rechts,57,-2,64,0,-7,-2,9,0,0,1,,,
fern_t_s14l,18,SKIP,14,Messerstich,4833,rechts,57,-2,64,0,-7,-2,2,0,1,3,,,
fern_t_s14l,18,SKIP,14,Ausfallstich,4870,rechts,57,-2,64,0,-7,-2,2,0,1,3,,,
fern_t_s14l,18,SKIP,14,Messerwurf,5069,rechts,142,-1,942,319,-8,-1,21,0,0,1,,,
fern_t_s14l,18,SKIP,14,Ausfallstich,5916,rechts,72,4,64,0,8,4,26,0,0,1,,,
fern_t_s17g,18,SKIP,17,Messerwurf,37,rechts,141,-4,1324,319,-9,-4,26,0,0,1,,,
fern_t_s17g,18,SKIP,17,Messerstich,431,rechts,57,1,64,0,-7,1,26,0,0,1,,,
fern_t_s17g,18,SKIP,17,Messerstich,468,rechts,57,1,64,0,-7,1,2,0,1,3,,,
fern_t_s17g,18,SKIP,17,Messerstich,505,rechts,57,1,64,0,-7,1,2,0,1,3,,,
fern_t_s17g,18,SKIP,17,Messerstich,542,rechts,57,1,64,0,-7,1,2,0,1,3,,,
fern_t_s17g,18,SKIP,17,Messerstich,1064,rechts,72,2,64,0,8,2,19,0,0,1,,,
fern_t_s17g,18,SKIP,17,Messerstich,1101,rechts,72,2,64,0,8,2,2,0,1,3,,,
fern_t_s17g,18,SKIP,17,Messerstich,1138,rechts,72,2,64,0,8,2,2,0,1,3,,,
fern_t_s17g,18,SKIP,17,Messerstich,1175,rechts,72,2,64,0,8,2,2,0,1,3,,,
fern_t_s17g,18,SKIP,17,Messerstich,1228,rechts,57,2,64,0,-7,2,9,0,0,1,,,
fern_t_s17g,18,SKIP,17,Messerstich,1265,rechts,57,2,64,0,-7,2,2,0,1,3,,,
fern_t_s17g,18,SKIP,17,Messerstich,1794,links,70,1,-64,0,-6,1,80,135,0,2,,,
fern_t_s17g,18,SKIP,17,Messerstich,1898,links,56,-2,-64,0,8,-2,25,0,0,1,,,
fern_t_s17g,18,SKIP,17,Messerstich,1935,links,56,-2,-64,0,8,-2,2,0,1,3,,,
fern_t_s17g,18,SKIP,17,Ausfallstich,1972,links,56,-2,-64,0,8,-2,2,0,1,3,,,
fern_t_s17g,18,SKIP,17,Ausfallstich,2959,links,56,-4,-64,0,8,-4,8,0,0,3,,,
fern_t_s17g,18,SKIP,17,Ausfallstich,3581,links,57,-3,-64,0,7,-3,10,0,0,1,,,
fern_t_s17g,18,SKIP,17,Messerstich,3815,links,71,-4,-64,0,-7,-4,26,0,0,1,,,
fern_t_s17g,18,SKIP,17,Messerstich,3852,links,71,-4,-64,0,-7,-4,2,0,1,3,,,
fern_t_s17g,18,SKIP,17,Ausfallstich,3889,links,71,-4,-64,0,-7,-4,2,0,1,3,,,
fern_t_s17g,18,SKIP,17,Ausfallstich,4227,links,70,1,-64,0,-6,1,20,0,0,3,,,
fern_t_s17g,18,SKIP,17,Messerstich,4282,links,57,1,-64,0,7,1,7,0,0,3,,,
fern_t_s17g,18,SKIP,17,Messerstich,4319,links,57,1,-64,0,7,1,2,0,1,3,,,
fern_t_s17g,18,SKIP,17,Messerstich,4847,links,57,-3,-64,0,7,-3,10,0,0,1,,,
fern_t_s17g,18,SKIP,17,Messerstich,4884,links,57,-3,-64,0,7,-3,2,0,1,3,,,
fern_t_s17g,18,SKIP,17,Messerstich,4921,links,57,-3,-64,0,7,-3,2,0,1,3,,,
fern_t_s17g,18,SKIP,17,Messerstich,4958,links,57,-3,-64,0,7,-3,2,0,1,3,,,
fern_t_s22h,18,SKIP,22,Ausfallstich,290,links,71,3,-64,0,-7,3,21,0,0,1,,,
fern_t_s22h,18,SKIP,22,Messerwurf,652,rechts,152,-9,1416,319,2,-9,16,0,1,1,,,
fern_t_s22h,18,SKIP,22,Messerstich,1151,rechts,58,-3,64,0,-6,-3,12,0,0,1,,,
fern_t_s22h,18,SKIP,22,Messerstich,1188,rechts,58,-3,64,0,-6,-3,2,0,1,3,,,
fern_t_s22h,18,SKIP,22,Messerstich,1268,rechts,57,-3,64,0,-7,-3,9,2,0,1,,,
fern_t_s22h,18,SKIP,22,Messerwurf,1455,rechts,126,-9,1335,319,3,-9,16,25,1,1,,,
fern_t_s22h,18,SKIP,22,Messerstich,3126,links,68,2,-64,0,-6,2,16,-9,0,1,,,
fern_t_s22h,18,SKIP,22,Messerstich,3193,links,56,-1,-64,0,8,-1,22,0,0,1,,,
fern_t_s22h,18,SKIP,22,Messerstich,4427,links,70,1,-64,0,-6,1,20,0,0,2,,,
fern_t_s22h,18,SKIP,22,Ausfallstich,4921,links,71,-4,-64,0,-7,-4,27,0,0,3,,,
fern_t_s22h,18,SKIP,22,Messerwurf,5305,links,136,-9,1453,319,-2,-9,30,-16,1,3,,,
fern_t_s22h,18,SKIP,22,Messerwurf,5680,links,140,5,1453,319,10,5,22,0,0,3,,,
fern_t_sf880,18,SKIP,17,Ausfallstich,115,rechts,72,-4,64,0,8,-4,35,0,0,1,,,
fern_t_sf880,18,SKIP,17,Messerwurf,328,rechts,141,-5,1030,319,-9,-5,21,0,0,1,,,
fern_t_sf880,18,SKIP,17,Messerstich,1289,rechts,72,4,64,0,8,4,24,0,0,1,,,
fern_t_sf880,18,SKIP,17,Messerstich,1326,rechts,72,4,64,0,8,4,2,0,1,3,,,
fern_t_sf880,18,SKIP,17,Messerstich,1375,rechts,57,2,64,0,-7,2,8,0,0,1,,,
fern_t_sf880,18,SKIP,17,Messerstich,1412,rechts,57,2,64,0,-7,2,2,0,1,3,,,
fern_t_sf880,18,SKIP,17,Messerstich,1449,rechts,57,2,64,0,-7,2,2,0,1,3,,,
fern_t_sf880,18,SKIP,17,Messerstich,1486,rechts,57,2,64,0,-7,2,2,0,1,3,,,
fern_t_sf880,18,SKIP,17,Messerstich,1560,rechts,71,3,64,0,7,3,18,0,0,1,,,
fern_t_sf880,18,SKIP,17,Messerstich,1597,rechts,71,3,64,0,7,3,2,0,1,3,,,
fern_t_sf880,18,SKIP,17,Messerstich,1634,rechts,71,3,64,0,7,3,2,0,1,3,,,
fern_t_sf880,18,SKIP,17,Messerstich,1671,rechts,71,3,64,0,7,3,2,0,1,3,,,
fern_t_sf880,18,SKIP,17,Messerstich,3360,rechts,71,3,64,0,7,3,21,0,0,1,,,
fern_t_sf880,18,SKIP,17,Messerstich,3397,rechts,71,3,64,0,7,3,2,0,1,3,,,
fern_t_sf880,18,SKIP,17,Messerstich,3448,rechts,57,1,64,0,-7,1,9,0,0,1,,,
fern_t_sf880,18,SKIP,17,Messerstich,3523,rechts,71,3,64,0,7,3,18,0,0,1,,,
fern_t_sf880,18,SKIP,17,Messerstich,3560,rechts,71,3,64,0,7,3,2,0,1,3,,,
fern_t_sf880,18,SKIP,17,Messerstich,3597,rechts,71,3,64,0,7,3,2,0,1,3,,,
fern_t_sf880,18,SKIP,17,Messerstich,3634,rechts,71,3,64,0,7,3,2,0,1,3,,,
fern_t_sf880,18,SKIP,17,Messerstich,3796,rechts,72,-2,64,0,8,-2,25,0,0,1,,,
fern_t_sf880,18,SKIP,17,Messerstich,3833,rechts,72,-2,64,0,8,-2,2,0,1,3,,,
fern_t_sf880,18,SKIP,17,Messerstich,3870,rechts,72,-2,64,0,8,-2,2,0,1,3,,,
fern_t_sf880,18,SKIP,17,Messerstich,3907,rechts,72,-2,64,0,8,-2,2,0,1,3,,,
fern_t_sf880,18,SKIP,17,Messerstich,3958,rechts,58,-2,64,0,-6,-2,9,0,0,1,,,
fern_t_sf880,18,SKIP,17,Messerstich,3995,rechts,58,-2,64,0,-6,-2,2,0,1,3,,,
fern_t_sf880,18,SKIP,17,Ausfallstich,4032,rechts,58,-2,64,0,-6,-2,2,0,1,3,,,
fern_t_sf880,18,SKIP,17,Messerwurf,4231,rechts,142,-1,1030,319,-8,-1,21,0,0,1,,,
fern_t_sf880,18,SKIP,17,Messerstich,4471,rechts,57,-4,64,0,-7,-4,10,0,0,1,,,
fern_t_sf880,18,SKIP,17,Messerwurf,4596,rechts,141,-9,1030,319,-9,-9,27,0,0,1,,,
fern_t_sf880,18,SKIP,17,Ausfallstich,4811,rechts,71,-3,64,0,7,-3,27,0,0,1,,,
fern_t_sf880,18,SKIP,17,Ausfallstich,5082,rechts,71,5,64,0,7,5,17,0,0,1,,,
fern_t_sf880,18,SKIP,17,Messerstich,5658,rechts,71,-2,64,0,7,-2,26,0,0,1,,,
fern_t_sf880,18,SKIP,17,Messerstich,5695,rechts,71,-2,64,0,7,-2,2,0,1,3,,,
fern_t_sf880,18,SKIP,17,Ausfallstich,5732,rechts,71,-2,64,0,7,-2,2,0,1,3,,,
fern_t_sf880,18,SKIP,17,Messerstich,5920,rechts,58,-3,64,0,-6,-3,17,0,0,1,,,
fern_t_sf880,18,SKIP,17,Messerstich,5957,rechts,58,-3,64,0,-6,-3,2,0,1,3,,,
fern_t_sf1000,18,SKIP,14,Messerstich,121,rechts,57,-3,64,0,-7,-3,30,0,0,1,,,
fern_t_sf1000,18,SKIP,14,Messerstich,158,rechts,57,-3,64,0,-7,-3,2,0,1,3,,,
fern_t_sf1000,18,SKIP,14,Ausfallstich,351,rechts,72,-3,64,0,8,-3,26,-3,0,2,,,
fern_t_sf1000,18,SKIP,14,Messerstich,519,rechts,57,-2,64,0,-7,-2,4,0,0,1,,,
fern_t_sf1000,18,SKIP,14,Messerstich,556,rechts,57,-2,64,0,-7,-2,2,0,1,3,,,
fern_t_sf1000,18,SKIP,14,Messerstich,593,rechts,57,-2,64,0,-7,-2,2,0,1,3,,,
fern_t_sf1000,18,SKIP,14,Messerstich,630,rechts,57,-2,64,0,-7,-2,2,0,1,3,,,
fern_t_sf1000,18,SKIP,14,Messerwurf,872,rechts,141,-7,1150,319,-9,-7,27,0,0,1,,,
fern_t_sf1000,18,SKIP,14,Messerwurf,1239,rechts,141,4,1150,319,-9,4,22,0,0,1,,,
fern_t_sf1000,18,SKIP,14,Messerstich,1428,rechts,58,-4,64,0,-6,-4,11,0,0,1,,,
fern_t_sf1000,18,SKIP,14,Ausfallstich,1520,rechts,72,-3,64,0,8,-3,25,0,0,1,,,
fern_t_sf1000,18,SKIP,14,Messerstich,1723,rechts,72,2,64,0,8,2,17,0,0,1,,,
fern_t_sf1000,18,SKIP,14,Messerstich,1760,rechts,72,2,64,0,8,2,2,0,1,3,,,
fern_t_sf1000,18,SKIP,14,Messerstich,1797,rechts,72,2,64,0,8,2,2,0,1,3,,,
fern_t_sf1000,18,SKIP,14,Ausfallstich,1848,rechts,58,2,64,0,-6,2,9,0,0,1,,,
fern_t_sf1000,18,SKIP,14,Messerwurf,2420,rechts,151,-8,1150,319,1,-8,16,0,0,1,,,
fern_t_sf1000,18,SKIP,14,Messerstich,2677,rechts,57,-5,64,0,-7,-5,14,0,0,1,,,
fern_t_sf1000,18,SKIP,14,Messerstich,2714,rechts,57,-5,64,0,-7,-5,2,0,1,3,,,
fern_t_sf1000,18,SKIP,14,Ausfallstich,2751,rechts,57,-5,64,0,-7,-5,2,0,1,3,,,
fern_t_sf1000,18,SKIP,14,Ausfallstich,2978,rechts,72,-3,64,0,8,-3,27,0,0,1,,,
fern_t_sf1000,18,SKIP,15,Ausfallstich,3173,rechts,58,-2,64,0,-6,-2,24,0,0,1,,,
fern_t_sf1000,18,SKIP,14,Messerstich,3359,links,56,-4,-64,0,8,-4,14,0,0,1,,,
fern_t_sf1000,18,SKIP,14,Messerstich,3396,links,56,-4,-64,0,8,-4,2,0,1,3,,,
fern_t_sf1000,18,SKIP,14,Messerstich,4053,rechts,57,2,64,0,-7,2,28,0,0,1,,,
fern_t_sf1000,18,SKIP,14,Messerstich,4286,rechts,57,-3,64,0,-7,-3,13,0,0,1,,,
fern_t_sf1000,18,SKIP,14,Messerstich,4323,rechts,57,-3,64,0,-7,-3,2,0,1,3,,,
fern_t_sf1000,18,SKIP,14,Messerstich,4360,rechts,57,-3,64,0,-7,-3,2,0,1,3,,,
fern_t_sf1000,18,SKIP,14,Messerwurf,4665,links,140,-5,850,319,10,-5,27,0,0,1,,,
fern_t_sf1000,18,SKIP,14,Messerstich,5534,links,71,-2,-64,0,-7,-2,26,0,0,1,,,
fern_t_sf1000,18,SKIP,14,Messerstich,5571,links,71,-2,-64,0,-7,-2,2,0,1,3,,,
fern_t_sf1000,18,SKIP,14,Messerstich,5608,links,71,-2,-64,0,-7,-2,2,0,1,3,,,
fern_t_sf1000,18,SKIP,14,Messerstich,5645,links,71,-2,-64,0,-7,-2,2,0,1,3,,,
fern_t_sf1000,18,SKIP,14,Messerstich,5692,links,56,-3,-64,0,8,-3,7,0,0,1,,,
fern_t_sr1560,18,SKIP,20,Messerstich,394,links,71,-3,-64,0,-7,-3,33,0,0,2,,,
fern_t_sr1560,18,SKIP,20,Messerwurf,692,links,140,-5,1410,319,10,-5,22,0,0,1,,,
fern_t_sr1560,18,SKIP,20,Messerstich,1272,links,56,-5,-64,0,8,-5,9,0,0,1,,,
fern_t_sr1560,18,SKIP,20,Messerwurf,1389,links,138,5,1410,319,9,5,22,-3,0,2,,,
fern_t_sr1560,18,SKIP,20,Messerstich,1605,links,69,-4,-64,0,-5,-4,31,-3,0,2,,,
fern_t_sr1560,18,SKIP,20,Messerstich,2079,links,57,2,-64,0,7,2,20,0,0,3,,,
fern_t_sr1560,18,SKIP,20,Messerstich,2116,links,57,2,-64,0,7,2,2,0,1,3,,,
fern_t_sr1560,18,SKIP,20,Ausfallstich,2153,links,57,2,-64,0,7,2,2,0,1,3,,,
fern_t_sr1560,18,SKIP,20,Messerstich,2895,links,70,-3,-64,0,-6,-3,29,0,0,3,,,
fern_t_sr1560,18,SKIP,20,Messerstich,2932,links,70,-3,-64,0,-6,-3,2,0,1,3,,,
fern_t_sr1560,18,SKIP,20,Messerstich,3408,links,56,-4,-64,0,8,-4,9,0,0,1,,,
fern_t_sr1560,18,SKIP,20,Ausfallstich,3503,links,71,-3,-64,0,-7,-3,25,0,0,3,,,
fern_t_sr1560,18,SKIP,20,Messerstich,3705,rechts,43,-1,64,0,-21,-1,30,0,1,1,,,
fern_t_sr1560,18,SKIP,20,Messerstich,3744,rechts,43,-1,64,0,-21,-1,4,0,1,3,,,
fern_t_sr1560,18,SKIP,20,Messerstich,3783,rechts,43,-1,64,0,-21,-1,4,0,1,3,,,
fern_t_sr1560,18,SKIP,20,Messerstich,3822,rechts,43,-1,64,0,-21,-1,4,0,1,3,,,
fern_t_sr1560,18,SKIP,20,Messerstich,3855,rechts,43,-1,64,0,-21,-1,6,0,1,3,,,
fern_t_sr1560,18,SKIP,20,Messerstich,3885,rechts,43,-1,64,0,-21,-1,4,0,1,3,,,
fern_t_sr1560,18,SKIP,20,Messerstich,3924,rechts,43,-1,64,0,-21,-1,4,0,1,3,,,
fern_t_sr1560,18,SKIP,20,Messerstich,3963,rechts,43,-1,64,0,-21,-1,10,0,1,2,,,
fern_t_p7,18,DICK,7,Pistole,3794,links,120,5,-120,0,0,5,12,0,1,1,120,0,-6
fern_t_p7,18,DICK,7,Pistole,4466,links,112,4,-112,0,0,4,17,0,1,1,112,8,-2
fern_t_p7,18,DICK,7,Pistole,5409,links,121,-6,-121,0,0,-6,13,0,1,1,121,-1,5
fern_t_pf12,18,DICK,12,Pistole,1353,links,121,5,-121,0,0,5,12,0,1,1,121,-1,-6
fern_t_pf12,18,DICK,12,Pistole,1763,links,128,-6,-128,0,0,-6,13,0,1,1,128,-8,4
fern_t_pf12,18,DICK,12,Pistole,2212,rechts,112,-6,112,0,0,-6,15,0,1,1,112,-8,2
fern_t_pf12,18,DICK,12,Pistole,3164,rechts,118,-6,118,0,0,-6,12,0,1,1,118,-2,5
fern_t_pf12,18,DICK,12,Pistole,3545,links,120,1,-120,0,0,1,1,0,0,1,120,8,1
fern_t_pf12,18,DICK,12,Pistole,4292,links,126,-6,-126,0,0,-6,1,0,1,1,126,2,-6
fern_t_pf12,18,DICK,12,Pistole,5438,links,124,5,-124,0,0,5,1,0,0,1,124,4,5
fern_t_pf12,18,DICK,12,Pistole,5834,links,135,5,-135,0,0,5,1,0,0,1,135,-7,5
fern_t_p14,18,DICK,14,Pistole,2571,links,124,-6,-124,0,0,-6,13,0,1,1,124,-4,5
fern_t_p14,18,DICK,14,Pistole,2985,links,122,5,-122,0,0,5,12,0,1,1,122,-2,-6
fern_t_p14,18,DICK,14,Pistole,3239,links,136,-1,-136,0,0,-1,1,0,0,1,136,-8,-1
fern_t_p14,18,DICK,14,Pistole,4250,links,120,-3,-120,0,0,-3,1,0,0,1,120,8,-3
fern_t_p14,18,DICK,14,Pistole,4847,links,120,-6,-120,0,0,-6,13,0,1,1,120,0,4
fern_t_p14,18,DICK,14,Pistole,5199,links,121,-2,-121,0,0,-2,1,0,0,1,121,7,-2
fern_t_p14,18,DICK,14,Pistole,5503,links,125,5,-125,0,0,5,12,0,1,1,125,-5,-6
fern_t_p14,18,DICK,14,Pistole,5792,links,121,5,-121,0,0,5,12,0,1,1,121,-1,-6
fern_t_p24,18,DICK,24,Pistole,222,links,120,3,-120,0,0,3,1,0,0,1,120,8,3
fern_t_p24,18,DICK,24,Pistole,403,links,127,-6,-127,0,0,-6,13,0,1,3,127,-7,5
fern_t_p24,18,DICK,24,Pistole,794,links,120,4,-120,0,0,4,1,0,0,1,120,8,4
fern_t_p24,18,DICK,24,Pistole,1581,links,120,2,-120,0,0,2,1,0,0,1,120,8,2
fern_t_p24,18,DICK,24,Pistole,2483,links,120,-3,-120,0,0,-3,1,0,0,1,120,8,-3
fern_t_p24,18,DICK,24,Pistole,2717,links,125,5,-125,0,0,5,13,0,1,1,125,-5,-6
fern_t_p24,18,DICK,24,Pistole,3161,links,121,4,-121,0,0,4,13,0,1,1,121,-1,-6
fern_t_p24,18,DICK,24,Pistole,3361,links,121,-6,-121,0,0,-6,13,0,1,1,121,-1,5
fern_t_p24,18,DICK,24,Pistole,3803,links,120,-3,-120,0,0,-3,1,0,0,1,120,8,-3
fern_t_p24,18,DICK,24,Pistole,4219,links,121,-2,-121,0,0,-2,1,0,0,1,121,7,-2
fern_t_p24,18,DICK,24,Pistole,4666,links,112,5,-112,0,0,5,17,0,1,1,112,8,-1
fern_t_p24,18,DICK,24,Pistole,5046,links,121,-2,-121,0,0,-2,1,0,0,1,121,7,-2
fern_t_p24,18,DICK,24,Pistole,5432,links,112,-6,-112,0,0,-6,16,0,1,1,112,8,2
fern_t_p24,18,DICK,24,Pistole,5661,links,136,4,-136,0,0,4,1,0,0,1,136,-8,4
fern_t_pl22,18,DICK,22,Pistole,358,rechts,132,5,132,0,0,5,1,0,0,1,132,4,5
fern_t_pl22,18,DICK,22,Pistole,649,rechts,136,5,136,0,0,5,1,0,0,1,136,8,5
fern_t_pl22,18,DICK,22,Pistole,1297,rechts,136,-4,136,0,0,-4,1,0,0,1,136,8,-4
fern_t_pl22,18,DICK,22,Pistole,1781,rechts,127,5,127,0,0,5,15,0,1,1,127,7,-3
fern_t_pl22,18,DICK,22,Pistole,2356,rechts,123,-6,123,0,0,-6,1,0,0,1,123,-5,-6
fern_t_pl22,18,DICK,22,Pistole,4029,rechts,112,5,112,0,0,5,14,0,1,1,112,-8,-5
fern_t_pl22,18,DICK,22,Pistole,4851,rechts,122,1,122,0,0,1,1,0,0,1,122,-6,1
fern_t_pl22,18,DICK,22,Pistole,4933,rechts,128,4,128,0,0,4,15,0,1,1,128,8,-4
fern_t_pl22,18,DICK,22,Pistole,5184,rechts,136,-3,136,0,0,-3,1,0,0,1,136,8,-3
fern_t_pl22,18,DICK,22,Pistole,5519,rechts,112,5,112,0,0,5,18,0,1,1,112,-8,0
fern_t_ph14,18,DICK,14,Pistole,1186,rechts,128,-6,128,0,0,-6,1,0,1,1,128,0,-6
fern_t_ph14,18,DICK,14,Pistole,1595,rechts,112,-6,112,0,0,-6,15,0,1,1,112,-8,2
fern_t_ph14,18,DICK,14,Pistole,2009,rechts,120,-6,122,0,0,-6,1,0,1,1,124,-4,-6
fern_t_ph14,18,DICK,14,Pistole,2399,rechts,121,1,121,0,0,1,1,0,0,1,121,-7,1
fern_t_ph14,18,DICK,14,Pistole,2613,rechts,119,-2,127,0,-7,-2,21,21,0,1,127,7,2
fern_t_ph14,18,DICK,14,Pistole,3108,rechts,112,-6,112,0,0,-6,15,0,1,1,112,-8,2
fern_t_ph14,18,DICK,14,Pistole,3465,rechts,111,-5,112,0,-1,-5,16,2,0,1,113,-7,2
fern_t_ph14,18,DICK,14,Pistole,3718,rechts,112,5,112,0,0,5,22,0,1,1,112,-8,5
fern_t_ph14,18,DICK,14,Pistole,3949,rechts,121,-1,121,0,0,-1,1,0,0,1,121,-7,-1
fern_t_ph14,18,DICK,14,Pistole,4470,rechts,113,-6,113,0,0,-6,15,0,1,1,113,-7,2
fern_t_ph14,18,DICK,14,Pistole,5567,rechts,122,4,122,0,0,4,13,0,1,1,122,2,-6
fern_t_m22,13,DICK,22,Rakete,477,links,113,5,-113,0,0,5,16,0,1,1,113,7,-2
fern_t_m22,13,DICK,22,Rakete,1120,links,120,-3,-120,0,0,-3,1,0,0,3,120,8,-3
fern_t_m22,13,DICK,22,Rakete,1683,links,113,-6,-113,0,0,-6,15,0,1,1,113,7,2
fern_t_m22,13,DICK,22,Rakete,2343,links,127,-6,-127,0,0,-6,15,0,1,3,127,-7,3
fern_t_m22,13,DICK,22,Rakete,2668,links,121,-2,-121,0,0,-2,1,0,0,1,121,7,-2
fern_t_m22,13,DICK,22,Rakete,3141,links,121,-6,-121,0,0,-6,13,0,1,1,121,-1,5
fern_t_m22,13,DICK,22,Rakete,4504,links,135,-2,-135,0,0,-2,1,0,0,1,135,-7,-2
fern_t_m22,18,DICK,22,Pistole,222,links,120,3,-120,0,0,3,1,0,0,1,120,8,3
fern_t_m22,18,DICK,22,Pistole,1967,links,113,-6,-113,0,0,-6,14,0,1,1,113,7,3
fern_t_m22,18,DICK,22,Pistole,2379,links,112,5,-113,0,1,5,15,0,0,2,113,7,-4
fern_t_m22,18,DICK,22,Pistole,2864,links,126,5,-126,0,0,5,1,0,1,3,126,2,5
fern_t_m22,18,DICK,22,Pistole,3953,links,121,-2,-121,0,0,-2,1,0,0,3,121,7,-2
fern_t_m22,18,DICK,22,Pistole,4276,links,120,-3,-120,0,0,-3,1,0,0,1,120,8,-3
fern_t_m22,18,DICK,22,Pistole,4772,links,128,-6,-128,0,0,-6,14,0,1,1,128,-8,3
fern_t_m22,18,DICK,22,Pistole,4998,links,112,-5,-112,0,0,-5,14,0,1,1,112,8,4
fern_t_m22,18,DICK,22,Pistole,5585,links,121,5,-121,0,0,5,13,0,1,3,121,-1,-6
fern_t_r14,13,DICK,14,Rakete,433,links,136,-3,-136,0,0,-3,1,0,0,1,136,-8,-3
fern_t_r14,13,DICK,14,Rakete,857,links,120,4,-120,0,0,4,1,0,0,1,120,8,4
fern_t_r14,13,DICK,14,Rakete,1271,links,121,-2,-121,0,0,-2,1,0,0,1,121,7,-2
fern_t_r14,13,DICK,14,Rakete,1681,links,112,-6,-112,0,0,-6,15,0,1,1,112,8,2
fern_t_r14,13,DICK,14,Rakete,1902,links,122,-6,-122,0,0,-6,12,0,1,3,122,-2,5
fern_t_r14,13,DICK,14,Rakete,2372,links,127,-6,-127,0,0,-6,15,0,1,1,127,-7,2
fern_t_r14,13,DICK,14,Rakete,3044,links,122,-5,-122,0,0,-5,13,0,1,1,122,-2,5
fern_t_r14,13,DICK,14,Rakete,3434,links,120,-3,-120,0,0,-3,1,0,0,1,120,8,-3
fern_t_r14,13,DICK,14,Rakete,3844,links,136,4,-136,0,0,4,1,0,0,1,136,-8,4
fern_t_r14,13,DICK,14,Rakete,4203,links,112,4,-112,0,0,4,14,0,1,1,112,8,-5
fern_t_r14,13,DICK,14,Rakete,4432,links,125,-6,-125,0,0,-6,12,0,1,1,125,-5,5
fern_t_r14,13,DICK,14,Rakete,5103,links,121,-6,-121,0,0,-6,13,0,1,1,121,-1,5
fern_t_r14,13,DICK,14,Rakete,5313,links,127,-6,-127,0,0,-6,14,0,1,3,127,-7,3
fern_t_r14,13,DICK,14,Rakete,5869,links,120,-3,-120,0,0,-3,1,0,0,1,120,8,-3
fern_t_r24,10,DICK,24,Rakete,1526,links,120,2,-120,0,0,2,1,0,0,1,120,8,2
fern_t_r24,10,DICK,24,Rakete,1859,links,120,-3,-120,0,0,-3,1,0,0,1,120,8,-3
fern_t_r24,10,DICK,24,Rakete,3561,links,121,-2,-121,0,0,-2,1,0,0,1,121,7,-2
fern_t_r24,10,DICK,24,Rakete,3984,links,120,-3,-120,0,0,-3,1,0,0,1,120,8,-3
fern_t_r24,10,DICK,24,Rakete,4788,links,121,-3,-121,0,0,-3,1,0,0,1,121,7,-3
fern_t_r24,10,DICK,24,Rakete,5089,links,120,-6,-120,0,0,-6,13,0,1,1,120,0,4
fern_t_r24,10,DICK,24,Rakete,5681,links,120,3,-120,0,0,3,1,0,0,1,120,8,3
fern_t_r24,13,DICK,24,Rakete,274,links,119,-6,-119,0,0,-6,12,0,1,1,119,1,5
fern_t_r24,13,DICK,24,Rakete,753,links,126,5,-126,0,0,5,1,0,0,1,126,2,5
fern_t_r24,13,DICK,24,Rakete,1255,links,120,-2,-120,0,0,-2,1,0,0,1,120,8,-2
fern_t_r24,13,DICK,24,Rakete,1516,links,136,-3,-136,0,0,-3,1,0,0,1,136,-8,-3
fern_t_r24,13,DICK,24,Rakete,2086,links,136,-6,-136,0,0,-6,1,0,0,1,136,-8,-6
fern_t_r24,13,DICK,24,Rakete,2645,links,121,2,-121,0,0,2,1,0,0,1,121,7,2
fern_t_r24,13,DICK,24,Rakete,3139,links,120,-3,-120,0,0,-3,1,0,0,1,120,8,-3
fern_t_r24,13,DICK,24,Rakete,3549,links,120,-3,-120,0,0,-3,1,0,0,1,120,8,-3
fern_t_r24,13,DICK,24,Rakete,4468,links,128,-6,-128,0,0,-6,14,0,1,1,128,-8,3
fern_t_r24,13,DICK,24,Rakete,4796,links,112,5,-112,0,0,5,13,0,1,1,112,8,-5
fern_t_r24,13,DICK,24,Rakete,5362,links,121,-2,-121,0,0,-2,1,0,0,1,121,7,-2
fern_t_rr14,13,DICK,14,Rakete,536,links,121,-2,-121,0,0,-2,1,0,0,1,121,7,-2
fern_t_rr14,13,DICK,14,Rakete,845,links,120,3,-120,0,0,3,1,0,0,1,120,8,3
fern_t_rr14,13,DICK,14,Rakete,1178,links,120,-6,-120,0,0,-6,12,0,1,1,120,0,5
fern_t_rr14,13,DICK,14,Rakete,1792,links,125,-6,-125,0,0,-6,12,0,1,1,125,-5,5
fern_t_rr14,13,DICK,14,Rakete,2508,links,136,5,-136,0,0,5,1,0,0,1,136,-8,5
fern_t_rr14,13,DICK,14,Rakete,2732,links,128,4,-128,0,0,4,16,0,1,3,128,-8,-3
fern_t_rr14,13,DICK,14,Rakete,3109,rechts,123,-6,123,0,0,-6,1,0,0,1,123,-5,-6
fern_t_rr14,13,DICK,14,Rakete,3547,rechts,120,-1,120,0,0,-1,1,0,0,1,120,-8,-1
fern_t_rr14,13,DICK,14,Rakete,3962,links,123,5,-123,0,0,5,1,0,0,1,123,5,5
fern_t_rr14,13,DICK,14,Rakete,4178,links,121,5,-121,0,0,5,12,0,1,3,121,-1,-6
fern_t_rr14,13,DICK,14,Rakete,4399,links,121,5,-121,0,0,5,12,0,1,3,121,-1,-6
fern_t_rr14,13,DICK,14,Rakete,5101,links,120,1,-120,0,0,1,1,0,0,1,120,8,1
fern_t_rr14,13,DICK,14,Rakete,5323,links,122,5,-122,0,0,5,13,0,1,3,122,-2,-6
fern_t_rr14,13,DICK,14,Rakete,5762,links,113,4,-113,0,0,4,17,0,1,1,113,7,-2
fern_t_rr17,11,DICK,17,Rakete,860,links,123,5,-123,0,0,5,1,0,0,1,123,5,5
fern_t_rr17,11,DICK,17,Rakete,2120,rechts,121,2,121,0,0,2,1,0,0,1,121,-7,2
fern_t_rr17,11,DICK,17,Rakete,2419,links,121,-6,-121,0,0,-6,12,0,1,1,121,-1,5
fern_t_rr17,11,DICK,17,Rakete,2438,links,121,-6,-121,0,0,-6,1,0,1,1,121,7,-6
fern_t_rr17,11,DICK,17,Rakete,2666,rechts,121,2,121,0,0,2,1,0,0,1,121,-7,2
fern_t_rr17,11,DICK,17,Rakete,3253,rechts,112,-6,112,0,0,-6,12,0,1,1,112,-8,5
fern_t_rr17,11,DICK,17,Rakete,3766,rechts,120,-2,120,0,0,-2,1,0,0,1,120,-8,-2
fern_t_rr17,11,DICK,17,Rakete,4120,links,122,-5,-122,0,0,-5,13,0,1,1,122,-2,5
fern_t_rr17,11,DICK,17,Rakete,4340,links,136,5,-136,0,0,5,1,0,0,3,136,-8,5
fern_t_rr17,11,DICK,17,Rakete,5312,links,121,-3,-121,0,0,-3,1,0,0,1,121,7,-3
fern_t_rr17,11,DICK,17,Rakete,5516,links,136,-2,-136,0,0,-2,1,0,0,3,136,-8,-2
fern_t_rr17,14,DICK,17,Rakete,378,links,127,-6,-127,0,0,-6,12,0,1,1,127,-7,5
fern_t_rr17,14,DICK,17,Rakete,1398,rechts,122,5,122,0,0,5,13,0,1,1,122,2,-6
fern_t_rr17,14,DICK,17,Rakete,1667,links,112,5,-112,0,0,5,16,0,1,1,112,8,-2
fern_t_rr17,14,DICK,17,Rakete,2101,links,120,3,-120,0,0,3,1,0,0,1,120,8,3
fern_t_rr17,14,DICK,17,Rakete,2887,links,121,3,-121,0,0,3,1,0,0,3,121,7,3
fern_t_rr17,14,DICK,17,Rakete,3536,links,113,5,-113,0,0,5,19,0,1,1,113,7,1
fern_t_rr17,14,DICK,17,Rakete,4356,links,122,-6,-122,0,0,-6,13,0,1,1,122,-2,5
fern_t_rr17,14,DICK,17,Rakete,4714,links,120,5,-120,0,0,5,1,0,0,1,120,8,5
fern_t_rr17,14,DICK,17,Rakete,5054,rechts,113,5,113,0,0,5,16,0,1,1,113,-7,-2
fern_t_rr17,14,DICK,17,Rakete,5320,links,121,-6,-121,0,0,-6,1,0,1,1,121,7,-6
fern_t_rr17,14,DICK,17,Rakete,5791,rechts,122,4,122,0,0,4,13,0,1,1,122,2,-6
fern_t_r17,13,DICK,17,Rakete,725,links,121,-1,-121,0,0,-1,1,0,0,1,121,7,-1
fern_t_r17,13,DICK,17,Rakete,1281,rechts,135,-6,135,0,0,-6,1,0,0,1,135,7,-6
fern_t_r17,13,DICK,17,Rakete,1862,links,113,5,-113,0,0,5,18,0,1,1,113,7,0
fern_t_r17,13,DICK,17,Rakete,2337,links,133,-6,-133,0,0,-6,1,0,0,3,133,-5,-6
fern_t_r17,13,DICK,17,Rakete,2943,links,128,-6,-128,0,0,-6,14,0,1,1,128,-8,3
fern_t_r17,13,DICK,17,Rakete,3433,links,120,-3,-120,0,0,-3,1,0,0,1,120,8,-3
fern_t_r17,13,DICK,17,Rakete,3833,links,122,-6,-122,0,0,-6,12,0,1,3,122,-2,5
fern_t_r17,13,DICK,17,Rakete,4214,links,136,-2,-136,0,0,-2,1,0,0,1,136,-8,-2
fern_t_r17,13,DICK,17,Rakete,4664,links,124,5,-124,0,0,5,1,0,0,3,124,4,5
fern_t_r17,13,DICK,17,Rakete,5055,links,120,-2,-120,0,0,-2,1,0,0,3,120,8,-2
fern_t_r17,13,DICK,17,Rakete,5586,links,122,-5,-122,0,0,-5,13,0,1,3,122,-2,5
fern_t_r17,14,DICK,17,Rakete,395,links,119,-6,-119,0,0,-6,12,0,1,3,119,1,5
fern_t_r17,14,DICK,17,Rakete,1624,links,128,-6,-128,0,0,-6,14,0,1,3,128,-8,4
fern_t_r17,14,DICK,17,Rakete,3186,links,136,4,-136,0,0,4,1,0,0,1,136,-8,4
fern_t_r17,14,DICK,17,Rakete,3632,links,121,-3,-121,0,0,-3,1,0,0,1,121,7,-3
fern_t_r17,14,DICK,17,Rakete,3651,links,121,-3,-121,0,0,-3,1,0,1,1,121,7,-3
fern_t_r17,14,DICK,17,Rakete,5600,links,120,-3,-120,0,0,-3,1,0,0,3,120,8,-3
fern_t_r22h,10,DICK,22,Rakete,1653,links,121,-1,-121,0,0,-1,1,0,0,1,121,7,-1
fern_t_r22h,10,DICK,22,Rakete,3077,links,112,4,-112,0,0,4,15,0,1,1,112,8,-4
fern_t_r22h,10,DICK,22,Rakete,4091,links,134,5,-134,0,0,5,1,0,0,1,134,-6,5
fern_t_r22h,10,DICK,22,Rakete,4377,links,125,-6,-125,0,0,-6,12,0,1,2,125,-5,5
fern_t_r22h,10,DICK,22,Rakete,4726,links,124,-6,-124,0,0,-6,12,0,1,1,124,-4,5
fern_t_r22h,10,DICK,22,Rakete,5351,links,128,-6,-128,0,0,-6,15,0,1,1,128,-8,3
fern_t_r22h,10,DICK,22,Rakete,5555,links,112,-6,-112,0,0,-6,13,0,1,3,112,8,5
fern_t_r22h,13,DICK,22,Rakete,274,links,119,-6,-119,0,0,-6,12,0,1,1,119,1,5
fern_t_r22h,13,DICK,22,Rakete,845,links,121,0,-121,0,0,0,1,0,0,1,121,7,0
fern_t_r22h,13,DICK,22,Rakete,1678,links,126,5,-126,0,0,5,12,0,1,1,126,-6,-6
fern_t_r22h,13,DICK,22,Rakete,2262,links,121,-2,-121,0,0,-2,1,0,0,1,121,7,-2
fern_t_r22h,13,DICK,22,Rakete,2816,links,120,5,-120,0,0,5,13,0,1,1,120,0,-6
fern_t_r22h,13,DICK,22,Rakete,3495,links,128,-6,-128,0,0,-6,15,0,1,1,128,-8,2
fern_t_r22h,13,DICK,22,Rakete,4340,links,128,-6,-128,0,0,-6,15,0,1,1,128,-8,3
fern_t_r22h,13,DICK,22,Rakete,4712,links,121,5,-121,0,0,5,12,0,1,1,121,-1,-6
fern_t_r22h,13,DICK,22,Rakete,4963,links,121,-2,-121,0,0,-2,1,0,0,1,121,7,-2
## T salve (Budget S+0xAB in A; Schuesse nach Budget = 1 + Anzahl k mit 17k+16 < Budget; fern_t_kt_k: TIEFE nach Schuss k)
lauf,slot,rang,A,budget,schuesse,schuesse_budget,abbruch,ende_d,ende_dz,ende_fig_h,ende_fig_st
fern_t_p7,18,7,3794,80,4,5,ja,195,5,42,2
fern_t_p7,18,7,4466,60,4,4,,193,4,37,2
fern_t_p7,18,7,5409,80,5,5,,138,-6,2,2
fern_t_pf12,18,12,1353,60,4,4,,123,5,36,2
fern_t_pf12,18,12,1763,60,4,4,,130,-6,41,2
fern_t_pf12,18,12,2212,80,5,5,,115,-6,2,2
fern_t_pf12,18,12,3164,80,5,5,,121,-6,37,2
fern_t_pf12,18,12,3545,40,3,3,,122,1,35,2
fern_t_pf12,18,12,4292,60,4,4,,128,-6,38,2
fern_t_pf12,18,12,5438,80,5,5,,126,5,2,2
fern_t_pf12,18,12,5834,80,5,5,,137,5,2,2
fern_t_p14,18,14,2571,80,4,5,ja,199,-6,42,2
fern_t_p14,18,14,2985,80,5,5,,200,5,39,2
fern_t_p14,18,14,3239,60,4,4,,153,-1,33,2
fern_t_p14,18,14,4250,60,4,4,,120,-3,38,2
fern_t_p14,18,14,4847,60,4,4,,120,-6,39,2
fern_t_p14,18,14,5199,40,3,3,,121,-2,38,2
fern_t_p14,18,14,5503,80,5,5,,125,5,2,2
fern_t_p14,18,14,5792,60,4,4,,121,5,38,2
fern_t_p24,18,24,222,80,4,5,ja,195,3,42,2
fern_t_p24,18,24,403,60,4,4,,202,-6,41,2
fern_t_p24,18,24,794,40,3,3,,137,4,38,2
fern_t_p24,18,24,1581,40,3,3,,120,2,38,2
fern_t_p24,18,24,2483,100,6,6,,120,-3,0,2
fern_t_p24,18,24,2717,80,5,5,,125,5,2,2
fern_t_p24,18,24,3161,60,4,4,,121,4,39,2
fern_t_p24,18,24,3361,80,5,5,,121,-6,39,2
fern_t_p24,18,24,3803,40,3,3,,120,-3,38,2
fern_t_p24,18,24,4219,40,3,3,,121,-2,37,2
fern_t_p24,18,24,4666,80,5,5,,112,5,2,2
fern_t_p24,18,24,5046,40,3,3,,121,-2,38,2
fern_t_p24,18,24,5432,20,2,2,,112,-6,0,2
fern_t_p24,18,24,5661,40,3,3,,136,4,32,2
fern_t_pl22,18,22,358,80,5,5,,135,5,42,2
fern_t_pl22,18,22,649,60,4,4,,139,5,33,2
fern_t_pl22,18,22,1297,40,3,3,,139,-4,33,2
fern_t_pl22,18,22,1781,80,5,5,,130,5,2,2
fern_t_pl22,18,22,2356,60,4,4,,126,-6,38,2
fern_t_pl22,18,22,4029,40,3,3,,115,5,40,2
fern_t_pl22,18,22,4851,20,2,2,,122,1,0,3
fern_t_pl22,18,22,4933,40,3,3,,131,4,35,2
fern_t_pl22,18,22,5184,20,2,2,,136,-3,0,3
fern_t_pl22,18,22,5519,40,3,3,,115,5,40,2
fern_t_ph14,18,14,1186,80,4,5,ja,204,-6,39,2
fern_t_ph14,18,14,1595,40,3,3,,138,-6,44,2
fern_t_ph14,18,14,2009,80,5,5,,167,-6,0,2
fern_t_ph14,18,14,2399,80,4,5,ja,188,1,31,2
fern_t_ph14,18,14,2613,60,4,4,,135,-2,44,2
fern_t_ph14,18,14,3108,100,6,6,,112,-6,0,2
fern_t_ph14,18,14,3465,60,4,4,,194,-5,34,2
fern_t_ph14,18,14,3718,40,3,3,,143,5,40,2
fern_t_ph14,18,14,3949,40,3,3,,121,-1,38,2
fern_t_ph14,18,14,4470,80,4,5,ja,193,-6,36,2
fern_t_ph14,18,14,5567,60,4,4,,144,4,39,2
fern_t_m22,18,22,222,80,4,5,ja,195,3,42,2
fern_t_m22,18,22,1967,80,5,5,,113,-6,39,2
fern_t_m22,18,22,2379,60,4,4,,112,5,0,2
fern_t_m22,18,22,2864,80,5,5,,126,5,41,2
fern_t_m22,18,22,3953,60,4,4,,121,-2,38,2
fern_t_m22,18,22,4276,80,5,5,,120,-3,39,2
fern_t_m22,18,22,4772,60,4,4,,128,-6,43,2
fern_t_m22,18,22,4998,120,8,8,,112,-5,0,2
fern_t_m22,18,22,5585,80,5,5,,121,5,2,2
fern_t_kt_0,18,22,13,120,8,8,,112,-5,0,2
fern_t_kt_1,18,22,13,120,1,8,ja,94,-49,0,1
fern_t_kt_2,18,22,13,120,2,8,ja,112,-49,0,3
fern_t_kt_3,18,22,13,120,3,8,ja,94,-49,40,2
fern_t_kt_4,18,22,13,120,4,8,ja,94,-49,36,2
fern_t_kt_5,18,22,13,120,5,8,ja,94,-49,2,2
fern_t_kt_6,18,22,13,120,6,8,ja,112,-49,0,2
fern_t_kt_7,18,22,13,120,7,8,ja,112,-49,0,2
fern_t_v7_g_r20,18,20,4917,120,8,8,,121,-2,0,2
fern_t_v7_z_r22,18,22,7112,120,8,8,,121,-2,0,2
## T nachschuss (erster Frame nach dem letzten Zyklus; erfuellt = |abw_x| <= 8 und |abw_z| <= 6)
lauf,slot,rang,art,A,ende,akt_ph_ende,anim_ende,ziel_x,ziel_z,abw_x,abw_z,erfuellt,aktion_folgeframe,naechster_angriff,doppelschuss
fern_t_p7,18,7,Pistole,3794,3862,0/4,0x67806,128,0,-326,5,0,0,4466,0
fern_t_p7,18,7,Pistole,4466,4534,0/4,0x67806,-120,-24,-76,28,0,0,5409,0
fern_t_p7,18,7,Pistole,5409,5494,0/4,0x67806,120,-24,-258,18,0,0,,0
fern_t_pf12,18,12,Pistole,1353,1421,0/4,0x67806,-120,-24,-3,29,0,0,1763,0
fern_t_pf12,18,12,Pistole,1763,1831,0/4,0x67806,-128,0,-2,-6,1,0,2212,0
fern_t_pf12,18,12,Pistole,2212,2297,0/4,0x67806,-120,24,235,-30,0,0,3164,0
fern_t_pf12,18,12,Pistole,3164,3249,0/4,0x67806,-128,0,249,-6,0,0,3545,0
fern_t_pf12,18,12,Pistole,3545,3596,0/4,0x67806,128,0,-250,1,0,0,4292,0
fern_t_pf12,18,12,Pistole,4292,4360,0/4,0x67806,128,0,-256,-6,0,0,5438,0
fern_t_pf12,18,12,Pistole,5438,5523,0/4,0x67806,-120,24,-6,-19,0,0,5834,0
fern_t_pf12,18,12,Pistole,5834,5919,0/4,0x67806,-128,0,-9,5,0,0,,0
fern_t_p14,18,14,Pistole,2571,2639,0/4,0x67806,-120,-24,-82,18,0,0,2985,0
fern_t_p14,18,14,Pistole,2985,3070,0/4,0x67806,-128,0,-75,5,0,0,3239,0
fern_t_p14,18,14,Pistole,3239,3307,0/4,0x67806,-128,0,-25,-1,0,0,4250,0
fern_t_p14,18,14,Pistole,4250,4318,0/4,0x67806,128,0,-248,-3,0,0,4847,0
fern_t_p14,18,14,Pistole,4847,4915,0/4,0x67806,-120,-24,0,18,0,0,5199,0
fern_t_p14,18,14,Pistole,5199,5250,0/4,0x67806,-128,0,7,-2,1,0,5503,0
fern_t_p14,18,14,Pistole,5503,5588,0/4,0x67806,-120,-24,-5,29,0,0,5792,0
fern_t_p14,18,14,Pistole,5792,5860,0/4,0x67806,128,0,-249,5,0,0,,0
fern_t_p24,18,24,Pistole,222,290,0/4,0x67806,120,-24,-318,27,0,0,403,0
fern_t_p24,18,24,Pistole,403,471,0/4,0x67806,128,0,-333,-6,0,0,794,0
fern_t_p24,18,24,Pistole,794,845,0/4,0x67806,120,24,-257,-20,0,0,1581,0
fern_t_p24,18,24,Pistole,1581,1632,0/4,0x67806,120,-24,-240,26,0,0,2483,0
fern_t_p24,18,24,Pistole,2483,2585,0/4,0x67806,-128,0,8,-3,1,4,2717,0
fern_t_p24,18,24,Pistole,2717,2802,0/4,0x67806,-128,0,3,5,1,4,3161,0
fern_t_p24,18,24,Pistole,3161,3229,0/4,0x67806,-128,0,7,4,1,4,3361,0
fern_t_p24,18,24,Pistole,3361,3446,0/4,0x67806,128,0,-249,-6,0,0,3803,0
fern_t_p24,18,24,Pistole,3803,3854,0/4,0x67806,120,-24,-240,21,0,0,4219,0
fern_t_p24,18,24,Pistole,4219,4270,0/4,0x67806,120,-24,-241,22,0,0,4666,0
fern_t_p24,18,24,Pistole,4666,4751,0/4,0x67806,128,0,-240,5,0,0,5046,0
fern_t_p24,18,24,Pistole,5046,5097,0/4,0x67806,120,-24,-241,22,0,0,5432,0
fern_t_p24,18,24,Pistole,5432,5466,0/4,0x67806,-120,24,8,-30,0,0,5661,0
fern_t_p24,18,24,Pistole,5661,5712,0/4,0x67806,-120,24,-16,-20,0,0,,0
fern_t_pl22,18,22,Pistole,358,443,0/4,0x67806,128,0,7,5,1,4,649,0
fern_t_pl22,18,22,Pistole,649,717,0/4,0x67806,120,-24,19,29,0,0,1297,0
fern_t_pl22,18,22,Pistole,1297,1348,0/4,0x67806,120,24,19,-28,0,0,1781,0
fern_t_pl22,18,22,Pistole,1781,1866,0/4,0x67806,-120,-24,250,29,0,0,2356,0
fern_t_pl22,18,22,Pistole,2356,2424,0/4,0x67806,-128,0,254,-6,0,0,4029,0
fern_t_pl22,18,22,Pistole,4029,4080,0/4,0x67806,120,-24,-5,29,0,0,4851,0
fern_t_pl22,18,22,Pistole,4851,4885,0/4,0x67806,120,24,2,-23,0,0,4933,0
fern_t_pl22,18,22,Pistole,4933,4984,0/4,0x67806,120,-24,11,28,0,0,5184,0
fern_t_pl22,18,22,Pistole,5184,5218,0/4,0x67806,-120,24,256,-27,0,0,5519,0
fern_t_pl22,18,22,Pistole,5519,5570,0/4,0x67806,120,-24,-5,29,0,0,,0
fern_t_ph14,18,14,Pistole,1186,1254,0/4,0x67806,-120,24,327,-30,0,0,1595,0
fern_t_ph14,18,14,Pistole,1595,1646,0/4,0x67806,-120,24,260,-30,0,0,2009,0
fern_t_ph14,18,14,Pistole,2009,2094,0/4,0x67806,120,24,47,-30,0,0,2399,0
fern_t_ph14,18,14,Pistole,2399,2467,0/4,0x67806,120,-24,71,25,0,0,2613,0
fern_t_ph14,18,14,Pistole,2613,2681,0/4,0x67806,-120,-24,258,22,0,0,3108,0
fern_t_ph14,18,14,Pistole,3108,3210,0/4,0x67806,120,24,-8,-30,0,0,3465,0
fern_t_ph14,18,14,Pistole,3465,3533,0/4,0x67806,120,24,77,-29,0,0,3718,0
fern_t_ph14,18,14,Pistole,3718,3769,0/4,0x67806,-120,24,266,-19,0,0,3949,0
fern_t_ph14,18,14,Pistole,3949,4000,0/4,0x67806,-120,24,241,-25,0,0,4470,0
fern_t_ph14,18,14,Pistole,4470,4538,0/4,0x67806,-120,-24,316,18,0,0,5567,0
fern_t_ph14,18,14,Pistole,5567,5635,0/4,0x67806,-120,-24,264,28,0,0,,0
fern_t_m22,13,22,Rakete,477,494,0/4,0x67806,-128,0,15,5,0,0,1120,0
fern_t_m22,13,22,Rakete,1120,1137,0/4,0x67806,120,-24,-240,21,0,0,1683,0
fern_t_m22,13,22,Rakete,1683,1700,0/4,0x67806,-128,0,15,-6,0,0,2343,0
fern_t_m22,13,22,Rakete,2343,2360,0/4,0x67806,-128,0,1,-6,1,4,2668,0
fern_t_m22,13,22,Rakete,2668,2685,0/4,0x67806,-120,-24,-1,22,0,0,3141,0
fern_t_m22,13,22,Rakete,3141,3158,0/4,0x67806,-120,-24,-1,18,0,0,4504,0
fern_t_m22,13,22,Rakete,4504,4521,0/4,0x67806,120,24,-255,-26,0,0,,0
fern_t_m22,18,22,Pistole,222,290,0/4,0x67806,-128,0,-70,3,0,0,1967,0
fern_t_m22,18,22,Pistole,1967,2052,0/4,0x67806,-128,0,15,-6,0,0,2379,0
fern_t_m22,18,22,Pistole,2379,2447,0/4,0x67806,-120,-24,8,29,0,0,2864,0
fern_t_m22,18,22,Pistole,2864,2949,0/4,0x67806,120,24,-246,-19,0,0,3953,0
fern_t_m22,18,22,Pistole,3953,4021,0/4,0x67806,120,-24,-241,22,0,0,4276,0
fern_t_m22,18,22,Pistole,4276,4361,0/4,0x67806,120,24,-240,-27,0,0,4772,0
fern_t_m22,18,22,Pistole,4772,4840,0/4,0x67806,-128,0,0,-6,1,4,4998,0
fern_t_m22,18,22,Pistole,4998,5134,0/4,0x67806,128,0,-240,-5,0,0,5585,0
fern_t_m22,18,22,Pistole,5585,5670,0/4,0x67806,120,24,-241,-19,0,0,,0
fern_t_r14,13,14,Rakete,433,450,0/4,0x67806,-120,24,-16,-27,0,0,857,0
fern_t_r14,13,14,Rakete,857,874,0/4,0x67806,128,0,-248,4,0,0,1271,0
fern_t_r14,13,14,Rakete,1271,1288,0/4,0x67806,128,0,-249,-2,0,0,1681,0
fern_t_r14,13,14,Rakete,1681,1698,0/4,0x67806,-120,24,8,-30,0,0,1902,0
fern_t_r14,13,14,Rakete,1902,1919,0/4,0x67806,-128,0,6,-6,1,4,2372,0
fern_t_r14,13,14,Rakete,2372,2389,0/4,0x67806,-120,24,-7,-30,0,0,3044,0
fern_t_r14,13,14,Rakete,3044,3061,0/4,0x67806,-120,-24,-2,19,0,0,3434,0
fern_t_r14,13,14,Rakete,3434,3451,0/4,0x67806,-128,0,8,-3,1,0,3844,0
fern_t_r14,13,14,Rakete,3844,3861,0/4,0x67806,-120,24,-16,-20,0,0,4203,0
fern_t_r14,13,14,Rakete,4203,4220,0/4,0x67806,-128,0,16,4,0,0,4432,0
fern_t_r14,13,14,Rakete,4432,4449,0/4,0x67806,-120,24,-5,-30,0,0,5103,0
fern_t_r14,13,14,Rakete,5103,5120,0/4,0x67806,-120,-24,-1,18,0,0,5313,0
fern_t_r14,13,14,Rakete,5313,5330,0/4,0x67806,120,24,-247,-30,0,0,5869,0
fern_t_r14,13,14,Rakete,5869,5886,0/4,0x67806,128,0,-248,-3,0,0,,0
fern_t_r24,10,24,Rakete,1526,1543,0/4,0x67806,120,-24,-240,26,0,0,1859,0
fern_t_r24,10,24,Rakete,1859,1876,0/4,0x67806,-128,0,8,-3,1,4,3561,0
fern_t_r24,10,24,Rakete,3561,3578,0/4,0x67806,128,0,-249,-2,0,0,3984,0
fern_t_r24,10,24,Rakete,3984,4001,0/4,0x67806,-128,0,8,-3,1,0,4788,0
fern_t_r24,10,24,Rakete,4788,4805,0/4,0x67806,128,0,-249,-3,0,0,5089,0
fern_t_r24,10,24,Rakete,5089,5106,0/4,0x67806,-120,-24,0,18,0,0,5681,0
fern_t_r24,10,24,Rakete,5681,5698,0/4,0x67806,-120,24,0,-21,0,0,,0
fern_t_r24,13,24,Rakete,274,291,0/4,0x67806,128,0,-247,-6,0,0,753,0
fern_t_r24,13,24,Rakete,753,770,0/4,0x67806,120,24,-246,-19,0,0,1255,0
fern_t_r24,13,24,Rakete,1255,1272,0/4,0x67806,-120,24,0,-26,0,0,1516,0
fern_t_r24,13,24,Rakete,1516,1533,0/4,0x67806,-128,0,-8,-3,1,0,2086,0
fern_t_r24,13,24,Rakete,2086,2103,0/4,0x67806,-120,-24,-16,18,0,0,2645,0
fern_t_r24,13,24,Rakete,2645,2662,0/4,0x67806,-120,24,-1,-22,0,0,3139,0
fern_t_r24,13,24,Rakete,3139,3156,0/4,0x67806,120,24,-240,-27,0,0,3549,0
fern_t_r24,13,24,Rakete,3549,3566,0/4,0x67806,-120,-24,0,21,0,0,4468,0
fern_t_r24,13,24,Rakete,4468,4485,0/4,0x67806,-120,24,-8,-30,0,0,4796,0
fern_t_r24,13,24,Rakete,4796,4813,0/4,0x67806,120,24,-232,-19,0,0,5362,0
fern_t_r24,13,24,Rakete,5362,5379,0/4,0x67806,-120,-24,-1,22,0,0,,0
fern_t_rr14,13,14,Rakete,536,553,0/4,0x67806,-120,24,-1,-26,0,0,845,0
fern_t_rr14,13,14,Rakete,845,862,0/4,0x67806,128,0,-248,3,0,0,1178,0
fern_t_rr14,13,14,Rakete,1178,1195,0/4,0x67806,-128,0,8,-6,1,0,1792,0
fern_t_rr14,13,14,Rakete,1792,1809,0/4,0x67806,120,24,-245,-30,0,0,2508,0
fern_t_rr14,13,14,Rakete,2508,2525,0/4,0x67806,-120,24,-16,-19,0,0,2732,0
fern_t_rr14,13,14,Rakete,2732,2749,0/4,0x67806,120,24,-248,-20,0,0,3109,0
fern_t_rr14,13,14,Rakete,3109,3126,0/4,0x67806,-128,0,251,-6,0,0,3547,0
fern_t_rr14,13,14,Rakete,3547,3564,0/4,0x67806,-120,-24,240,23,0,0,3962,0
fern_t_rr14,13,14,Rakete,3962,3979,0/4,0x67806,-128,0,5,5,1,4,4178,0
fern_t_rr14,13,14,Rakete,4178,4195,0/4,0x67806,-120,-24,-1,29,0,0,4399,0
fern_t_rr14,13,14,Rakete,4399,4416,0/4,0x67806,-128,0,7,5,1,4,5101,0
fern_t_rr14,13,14,Rakete,5101,5118,0/4,0x67806,-120,-24,0,25,0,0,5323,0
fern_t_rr14,13,14,Rakete,5323,5340,0/4,0x67806,120,-24,-242,29,0,0,5762,0
fern_t_rr14,13,14,Rakete,5762,5779,0/4,0x67806,-120,-24,7,28,0,0,,0
fern_t_rr17,11,17,Rakete,860,877,0/4,0x67806,120,-24,-243,29,0,0,2120,0
fern_t_rr17,11,17,Rakete,2120,2137,0/4,0x67806,-120,-24,239,26,0,0,2419,0
fern_t_rr17,11,17,Rakete,2419,2436,0/4,0x67806,-128,0,7,-6,1,6,2438,1
fern_t_rr17,11,17,Rakete,2438,2455,0/4,0x67806,120,24,-243,-30,0,0,2666,0
fern_t_rr17,11,17,Rakete,2666,2683,0/4,0x67806,128,0,-7,2,1,4,3253,0
fern_t_rr17,11,17,Rakete,3253,3270,0/4,0x67806,-120,-24,232,18,0,0,3766,0
fern_t_rr17,11,17,Rakete,3766,3783,0/4,0x67806,-120,24,240,-26,0,0,4120,0
fern_t_rr17,11,17,Rakete,4120,4137,0/4,0x67806,-120,24,-2,-29,0,0,4340,0
fern_t_rr17,11,17,Rakete,4340,4357,0/4,0x67806,120,24,-256,-19,0,0,5312,0
fern_t_rr17,11,17,Rakete,5312,5329,0/4,0x67806,-128,0,7,-3,1,0,5516,0
fern_t_rr17,11,17,Rakete,5516,5533,0/4,0x67806,120,24,-256,-26,0,0,,0
fern_t_rr17,14,17,Rakete,378,395,0/4,0x67806,120,24,-247,-30,0,0,1398,0
fern_t_rr17,14,17,Rakete,1398,1415,0/4,0x67806,-120,24,242,-19,0,0,1667,0
fern_t_rr17,14,17,Rakete,1667,1684,0/4,0x67806,128,0,-240,5,0,0,2101,0
fern_t_rr17,14,17,Rakete,2101,2118,0/4,0x67806,128,0,-248,3,0,0,2887,0
fern_t_rr17,14,17,Rakete,2887,2904,0/4,0x67806,-120,24,-1,-21,0,0,3536,0
fern_t_rr17,14,17,Rakete,3536,3553,0/4,0x67806,-120,-24,7,29,0,0,4356,0
fern_t_rr17,14,17,Rakete,4356,4373,0/4,0x67806,120,24,-242,-30,0,0,4714,0
fern_t_rr17,14,17,Rakete,4714,4731,0/4,0x67806,120,24,-240,-19,0,0,5054,0
fern_t_rr17,14,17,Rakete,5054,5071,0/4,0x67806,120,-24,-7,29,0,0,5320,0
fern_t_rr17,14,17,Rakete,5320,5337,0/4,0x67806,120,-24,-241,18,0,0,5791,0
fern_t_rr17,14,17,Rakete,5791,5808,0/4,0x67806,120,-24,2,28,0,0,,0
fern_t_r17,13,17,Rakete,725,742,0/4,0x67806,120,24,-241,-25,0,0,1281,0
fern_t_r17,13,17,Rakete,1281,1298,0/4,0x67806,-120,-24,255,18,0,0,1862,0
fern_t_r17,13,17,Rakete,1862,1879,0/4,0x67806,120,-24,-233,29,0,0,2337,0
fern_t_r17,13,17,Rakete,2337,2354,0/4,0x67806,120,-24,-253,18,0,0,2943,0
fern_t_r17,13,17,Rakete,2943,2960,0/4,0x67806,120,24,-248,-30,0,0,3433,0
fern_t_r17,13,17,Rakete,3433,3450,0/4,0x67806,-128,0,8,-3,1,0,3833,0
fern_t_r17,13,17,Rakete,3833,3850,0/4,0x67806,-120,24,-2,-30,0,0,4214,0
fern_t_r17,13,17,Rakete,4214,4231,0/4,0x67806,-128,0,-8,-2,1,4,4664,0
fern_t_r17,13,17,Rakete,4664,4681,0/4,0x67806,-120,-24,-4,29,0,0,5055,0
fern_t_r17,13,17,Rakete,5055,5072,0/4,0x67806,120,24,-240,-26,0,0,5586,0
fern_t_r17,13,17,Rakete,5586,5603,0/4,0x67806,-120,-24,-2,19,0,0,,0
fern_t_r17,14,17,Rakete,395,412,0/4,0x67806,-120,-24,1,18,0,0,1624,0
fern_t_r17,14,17,Rakete,1624,1641,0/4,0x67806,120,24,-248,-30,0,0,3186,0
fern_t_r17,14,17,Rakete,3186,3203,0/4,0x67806,-128,0,-8,4,1,4,3632,0
fern_t_r17,14,17,Rakete,3632,3649,0/4,0x67806,-128,0,7,-3,1,6,3651,1
fern_t_r17,14,17,Rakete,3651,3668,0/4,0x67806,-128,0,7,-3,1,0,5600,0
fern_t_r17,14,17,Rakete,5600,5617,0/4,0x67806,120,-24,-240,21,0,0,,0
fern_t_r22h,10,22,Rakete,1653,1670,0/4,0x67806,-120,24,-1,-25,0,0,3077,0
fern_t_r22h,10,22,Rakete,3077,3094,0/4,0x67806,128,0,-240,4,0,0,4091,0
fern_t_r22h,10,22,Rakete,4091,4108,0/4,0x67806,-120,24,-14,-19,0,0,4377,0
fern_t_r22h,10,22,Rakete,4377,4394,0/4,0x67806,-120,24,-5,-30,0,0,4726,0
fern_t_r22h,10,22,Rakete,4726,4743,0/4,0x67806,120,-24,-244,18,0,0,5351,0
fern_t_r22h,10,22,Rakete,5351,5368,0/4,0x67806,-120,-24,-8,18,0,0,5555,0
fern_t_r22h,10,22,Rakete,5555,5572,0/4,0x67806,128,0,-240,-6,0,0,,0
fern_t_r22h,13,22,Rakete,274,291,0/4,0x67806,128,0,-247,-6,0,0,845,0
fern_t_r22h,13,22,Rakete,845,862,0/4,0x67806,-120,24,-1,-24,0,0,1678,0
fern_t_r22h,13,22,Rakete,1678,1695,0/4,0x67806,-120,24,-26,-19,0,0,2262,0
fern_t_r22h,13,22,Rakete,2262,2279,0/4,0x67806,-120,24,-1,-26,0,0,2816,0
fern_t_r22h,13,22,Rakete,2816,2833,0/4,0x67806,128,0,-248,5,0,0,3495,0
fern_t_r22h,13,22,Rakete,3495,3512,0/4,0x67806,-120,24,-8,-30,0,0,4340,0
fern_t_r22h,13,22,Rakete,4340,4357,0/4,0x67806,120,24,-248,-30,0,0,4712,0
fern_t_r22h,13,22,Rakete,4712,4729,0/4,0x67806,-128,0,7,5,1,0,4963,0
fern_t_r22h,13,22,Rakete,4963,4980,0/4,0x67806,-120,-24,-1,22,0,0,,0
## T slots (Belegung der Slots 27, 28, 29 im Frame vor G)
lauf,G,art,werfer,slot,belegt_27_28_29_vor_G
fern_t_s14r,785,Messer,18,29,000
fern_t_s14r,1696,Messer,18,29,000
fern_t_s14r,2666,Messer,18,29,000
fern_t_s14l,5077,Messer,18,29,000
fern_t_s17g,45,Messer,18,29,000
fern_t_s22h,660,Messer,18,29,000
fern_t_s22h,1463,Messer,18,29,000
fern_t_s22h,5313,Messer,18,29,000
fern_t_s22h,5688,Messer,18,29,000
fern_t_sf880,336,Messer,18,29,000
fern_t_sf880,4239,Messer,18,29,000
fern_t_sf880,4604,Messer,18,29,000
fern_t_sf1000,880,Messer,18,29,000
fern_t_sf1000,1247,Messer,18,29,000
fern_t_sf1000,2428,Messer,18,29,000
fern_t_sf1000,4673,Messer,18,29,000
fern_t_sr1560,700,Messer,18,29,000
fern_t_sr1560,1397,Messer,18,29,000
fern_t_p7,3800,Kugel,18,29,000
fern_t_p7,3817,Kugel,18,28,001
fern_t_p7,3834,Kugel,18,29,010
fern_t_p7,3851,Kugel,18,28,001
fern_t_p7,4472,Kugel,18,28,000
fern_t_p7,4489,Kugel,18,29,010
fern_t_p7,4506,Kugel,18,28,001
fern_t_p7,4523,Kugel,18,29,010
fern_t_p7,5415,Kugel,18,29,000
fern_t_p7,5432,Kugel,18,28,001
fern_t_p7,5449,Kugel,18,29,010
fern_t_p7,5466,Kugel,18,28,001
fern_t_p7,5483,Kugel,18,29,010
fern_t_pf12,1359,Kugel,18,29,000
fern_t_pf12,1376,Kugel,18,28,001
fern_t_pf12,1393,Kugel,18,29,010
fern_t_pf12,1410,Kugel,18,28,001
fern_t_pf12,1769,Kugel,18,28,000
fern_t_pf12,1786,Kugel,18,29,010
fern_t_pf12,1803,Kugel,18,28,001
fern_t_pf12,1820,Kugel,18,29,010
fern_t_pf12,2218,Kugel,18,29,000
fern_t_pf12,2235,Kugel,18,28,001
fern_t_pf12,2252,Kugel,18,29,010
fern_t_pf12,2269,Kugel,18,28,001
fern_t_pf12,2286,Kugel,18,27,011
fern_t_pf12,3170,Kugel,18,27,000
fern_t_pf12,3187,Kugel,18,28,100
fern_t_pf12,3204,Kugel,18,27,010
fern_t_pf12,3221,Kugel,18,28,100
fern_t_pf12,3238,Kugel,18,27,010
fern_t_pf12,3551,Kugel,18,27,000
fern_t_pf12,3568,Kugel,18,28,100
fern_t_pf12,3585,Kugel,18,27,010
fern_t_pf12,4298,Kugel,18,27,000
fern_t_pf12,4315,Kugel,18,28,100
fern_t_pf12,4332,Kugel,18,27,010
fern_t_pf12,4349,Kugel,18,28,100
fern_t_pf12,5444,Kugel,18,28,000
fern_t_pf12,5461,Kugel,18,27,010
fern_t_pf12,5478,Kugel,18,28,100
fern_t_pf12,5495,Kugel,18,27,010
fern_t_pf12,5512,Kugel,18,29,110
fern_t_pf12,5840,Kugel,18,29,000
fern_t_pf12,5857,Kugel,18,27,001
fern_t_pf12,5874,Kugel,18,29,100
fern_t_pf12,5891,Kugel,18,27,001
fern_t_pf12,5908,Kugel,18,28,101
fern_t_p14,2577,Kugel,18,29,000
fern_t_p14,2594,Kugel,18,28,001
fern_t_p14,2611,Kugel,18,29,010
fern_t_p14,2628,Kugel,18,28,001
fern_t_p14,2991,Kugel,18,28,000
fern_t_p14,3008,Kugel,18,29,010
fern_t_p14,3025,Kugel,18,28,001
fern_t_p14,3042,Kugel,18,29,010
fern_t_p14,3059,Kugel,18,28,001
fern_t_p14,3245,Kugel,18,28,000
fern_t_p14,3262,Kugel,18,29,010
fern_t_p14,3279,Kugel,18,28,001
fern_t_p14,3296,Kugel,18,29,010
fern_t_p14,4256,Kugel,18,29,000
fern_t_p14,4273,Kugel,18,28,001
fern_t_p14,4290,Kugel,18,29,010
fern_t_p14,4307,Kugel,18,28,001
fern_t_p14,4853,Kugel,18,28,000
fern_t_p14,4870,Kugel,18,29,010
fern_t_p14,4887,Kugel,18,28,001
fern_t_p14,4904,Kugel,18,29,010
fern_t_p14,5205,Kugel,18,29,000
fern_t_p14,5222,Kugel,18,28,001
fern_t_p14,5239,Kugel,18,29,010
fern_t_p14,5509,Kugel,18,29,000
fern_t_p14,5526,Kugel,18,28,001
fern_t_p14,5543,Kugel,18,29,010
fern_t_p14,5560,Kugel,18,28,001
fern_t_p14,5577,Kugel,18,29,010
fern_t_p14,5798,Kugel,18,29,000
fern_t_p14,5815,Kugel,18,28,001
fern_t_p14,5832,Kugel,18,29,010
fern_t_p14,5849,Kugel,18,28,001
fern_t_p24,228,Kugel,18,29,000
fern_t_p24,245,Kugel,18,28,001
fern_t_p24,262,Kugel,18,29,010
fern_t_p24,279,Kugel,18,28,001
fern_t_p24,409,Kugel,18,28,000
fern_t_p24,426,Kugel,18,29,010
fern_t_p24,443,Kugel,18,28,001
fern_t_p24,460,Kugel,18,29,010
fern_t_p24,800,Kugel,18,29,000
fern_t_p24,817,Kugel,18,28,001
fern_t_p24,834,Kugel,18,29,010
fern_t_p24,1587,Kugel,18,29,000
fern_t_p24,1604,Kugel,18,28,001
fern_t_p24,1621,Kugel,18,29,010
fern_t_p24,2489,Kugel,18,29,000
fern_t_p24,2506,Kugel,18,28,001
fern_t_p24,2523,Kugel,18,29,010
fern_t_p24,2540,Kugel,18,28,001
fern_t_p24,2557,Kugel,18,29,010
fern_t_p24,2574,Kugel,18,28,001
fern_t_p24,2723,Kugel,18,28,000
fern_t_p24,2740,Kugel,18,29,010
fern_t_p24,2757,Kugel,18,28,001
fern_t_p24,2774,Kugel,18,29,010
fern_t_p24,2791,Kugel,18,28,001
fern_t_p24,3167,Kugel,18,28,000
fern_t_p24,3184,Kugel,18,29,010
fern_t_p24,3201,Kugel,18,28,001
fern_t_p24,3218,Kugel,18,29,010
fern_t_p24,3367,Kugel,18,29,000
fern_t_p24,3384,Kugel,18,28,001
fern_t_p24,3401,Kugel,18,29,010
fern_t_p24,3418,Kugel,18,28,001
fern_t_p24,3435,Kugel,18,29,010
fern_t_p24,3809,Kugel,18,29,000
fern_t_p24,3826,Kugel,18,28,001
fern_t_p24,3843,Kugel,18,29,010
fern_t_p24,4225,Kugel,18,29,000
fern_t_p24,4242,Kugel,18,28,001
fern_t_p24,4259,Kugel,18,29,010
fern_t_p24,4672,Kugel,18,29,000
fern_t_p24,4689,Kugel,18,28,001
fern_t_p24,4706,Kugel,18,29,010
fern_t_p24,4723,Kugel,18,28,001
fern_t_p24,4740,Kugel,18,29,010
fern_t_p24,5052,Kugel,18,29,000
fern_t_p24,5069,Kugel,18,28,001
fern_t_p24,5086,Kugel,18,29,010
fern_t_p24,5438,Kugel,18,29,000
fern_t_p24,5455,Kugel,18,28,001
fern_t_p24,5667,Kugel,18,28,000
fern_t_p24,5684,Kugel,18,29,010
fern_t_p24,5701,Kugel,18,28,001
fern_t_pl22,364,Kugel,18,29,000
fern_t_pl22,381,Kugel,18,28,001
fern_t_pl22,398,Kugel,18,29,010
fern_t_pl22,415,Kugel,18,28,001
fern_t_pl22,432,Kugel,18,29,010
fern_t_pl22,655,Kugel,18,29,000
fern_t_pl22,672,Kugel,18,28,001
fern_t_pl22,689,Kugel,18,29,010
fern_t_pl22,706,Kugel,18,28,001
fern_t_pl22,1303,Kugel,18,28,000
fern_t_pl22,1320,Kugel,18,29,010
fern_t_pl22,1337,Kugel,18,28,001
fern_t_pl22,1787,Kugel,18,28,000
fern_t_pl22,1804,Kugel,18,29,010
fern_t_pl22,1821,Kugel,18,28,001
fern_t_pl22,1838,Kugel,18,29,010
fern_t_pl22,1855,Kugel,18,28,001
fern_t_pl22,2362,Kugel,18,28,000
fern_t_pl22,2379,Kugel,18,29,010
fern_t_pl22,2396,Kugel,18,28,001
fern_t_pl22,2413,Kugel,18,29,010
fern_t_pl22,4035,Kugel,18,29,000
fern_t_pl22,4052,Kugel,18,28,001
fern_t_pl22,4069,Kugel,18,29,010
fern_t_pl22,4857,Kugel,18,29,000
fern_t_pl22,4874,Kugel,18,28,001
fern_t_pl22,4939,Kugel,18,28,000
fern_t_pl22,4956,Kugel,18,29,010
fern_t_pl22,4973,Kugel,18,28,001
fern_t_pl22,5190,Kugel,18,28,000
fern_t_pl22,5207,Kugel,18,29,010
fern_t_pl22,5525,Kugel,18,29,000
fern_t_pl22,5542,Kugel,18,28,001
fern_t_pl22,5559,Kugel,18,29,010
fern_t_ph14,1192,Kugel,18,29,000
fern_t_ph14,1209,Kugel,18,28,001
fern_t_ph14,1226,Kugel,18,29,010
fern_t_ph14,1243,Kugel,18,28,001
fern_t_ph14,1601,Kugel,18,28,000
fern_t_ph14,1618,Kugel,18,29,010
fern_t_ph14,1635,Kugel,18,28,001
fern_t_ph14,2015,Kugel,18,28,000
fern_t_ph14,2032,Kugel,18,29,010
fern_t_ph14,2049,Kugel,18,28,001
fern_t_ph14,2066,Kugel,18,29,010
fern_t_ph14,2083,Kugel,18,28,001
fern_t_ph14,2405,Kugel,18,28,000
fern_t_ph14,2422,Kugel,18,29,010
fern_t_ph14,2439,Kugel,18,28,001
fern_t_ph14,2456,Kugel,18,29,010
fern_t_ph14,2619,Kugel,18,29,000
fern_t_ph14,2636,Kugel,18,28,001
fern_t_ph14,2653,Kugel,18,29,010
fern_t_ph14,2670,Kugel,18,28,001
fern_t_ph14,3114,Kugel,18,28,000
fern_t_ph14,3131,Kugel,18,29,010
fern_t_ph14,3148,Kugel,18,28,001
fern_t_ph14,3165,Kugel,18,29,010
fern_t_ph14,3182,Kugel,18,28,001
fern_t_ph14,3199,Kugel,18,29,010
fern_t_ph14,3471,Kugel,18,29,000
fern_t_ph14,3488,Kugel,18,28,001
fern_t_ph14,3505,Kugel,18,29,010
fern_t_ph14,3522,Kugel,18,28,001
fern_t_ph14,3724,Kugel,18,28,000
fern_t_ph14,3741,Kugel,18,29,010
fern_t_ph14,3758,Kugel,18,28,001
fern_t_ph14,3955,Kugel,18,28,000
fern_t_ph14,3972,Kugel,18,29,010
fern_t_ph14,3989,Kugel,18,28,001
fern_t_ph14,4476,Kugel,18,28,000
fern_t_ph14,4493,Kugel,18,29,010
fern_t_ph14,4510,Kugel,18,28,001
fern_t_ph14,4527,Kugel,18,29,010
fern_t_ph14,5573,Kugel,18,29,000
fern_t_ph14,5590,Kugel,18,28,001
fern_t_ph14,5607,Kugel,18,29,010
fern_t_ph14,5624,Kugel,18,28,001
fern_t_m22,228,Kugel,18,29,000
fern_t_m22,245,Kugel,18,28,001
fern_t_m22,262,Kugel,18,29,010
fern_t_m22,279,Kugel,18,28,001
fern_t_m22,483,Rakete,13,28,000
fern_t_m22,1126,Rakete,13,28,000
fern_t_m22,1689,Rakete,13,28,000
fern_t_m22,1973,Kugel,18,28,000
fern_t_m22,1990,Kugel,18,29,010
fern_t_m22,2007,Kugel,18,28,001
fern_t_m22,2024,Kugel,18,29,010
fern_t_m22,2041,Kugel,18,28,001
fern_t_m22,2349,Rakete,13,28,000
fern_t_m22,2385,Kugel,18,29,010
fern_t_m22,2402,Kugel,18,27,011
fern_t_m22,2419,Kugel,18,29,110
fern_t_m22,2436,Kugel,18,27,011
fern_t_m22,2674,Rakete,13,28,000
fern_t_m22,2870,Kugel,18,28,000
fern_t_m22,2887,Kugel,18,27,010
fern_t_m22,2904,Kugel,18,28,100
fern_t_m22,2921,Kugel,18,27,010
fern_t_m22,2938,Kugel,18,28,100
fern_t_m22,3147,Rakete,13,28,000
fern_t_m22,3959,Kugel,18,28,000
fern_t_m22,3976,Kugel,18,27,010
fern_t_m22,3993,Kugel,18,28,100
fern_t_m22,4010,Kugel,18,27,010
fern_t_m22,4282,Kugel,18,27,000
fern_t_m22,4299,Kugel,18,28,100
fern_t_m22,4316,Kugel,18,27,010
fern_t_m22,4333,Kugel,18,28,100
fern_t_m22,4350,Kugel,18,27,010
fern_t_m22,4510,Rakete,13,27,000
fern_t_m22,4778,Kugel,18,27,000
fern_t_m22,4795,Kugel,18,28,100
fern_t_m22,4812,Kugel,18,27,010
fern_t_m22,4829,Kugel,18,28,100
fern_t_m22,5004,Kugel,18,28,000
fern_t_m22,5021,Kugel,18,27,010
fern_t_m22,5038,Kugel,18,28,100
fern_t_m22,5055,Kugel,18,27,010
fern_t_m22,5072,Kugel,18,28,100
fern_t_m22,5089,Kugel,18,27,010
fern_t_m22,5106,Kugel,18,28,100
fern_t_m22,5123,Kugel,18,27,010
fern_t_m22,5591,Kugel,18,27,000
fern_t_m22,5608,Kugel,18,28,100
fern_t_m22,5625,Kugel,18,27,010
fern_t_m22,5642,Kugel,18,28,100
fern_t_m22,5659,Kugel,18,27,010
fern_t_r14,439,Rakete,13,29,000
fern_t_r14,863,Rakete,13,29,000
fern_t_r14,1277,Rakete,13,29,000
fern_t_r14,1687,Rakete,13,29,000
fern_t_r14,1908,Rakete,13,29,000
fern_t_r14,2378,Rakete,13,29,000
fern_t_r14,3050,Rakete,13,29,000
fern_t_r14,3440,Rakete,13,29,000
fern_t_r14,3850,Rakete,13,29,000
fern_t_r14,4209,Rakete,13,29,000
fern_t_r14,4438,Rakete,13,29,000
fern_t_r14,5109,Rakete,13,29,000
fern_t_r14,5319,Rakete,13,29,000
fern_t_r14,5875,Rakete,13,29,000
fern_t_r24,280,Rakete,13,29,000
fern_t_r24,759,Rakete,13,29,000
fern_t_r24,1261,Rakete,13,29,000
fern_t_r24,1522,Rakete,13,29,000
fern_t_r24,1532,Rakete,10,28,001
fern_t_r24,1865,Rakete,10,28,000
fern_t_r24,2092,Rakete,13,28,000
fern_t_r24,2651,Rakete,13,28,000
fern_t_r24,3145,Rakete,13,28,000
fern_t_r24,3555,Rakete,13,28,000
fern_t_r24,3567,Rakete,10,29,010
fern_t_r24,3990,Rakete,10,29,000
fern_t_r24,4474,Rakete,13,29,000
fern_t_r24,4794,Rakete,10,29,000
fern_t_r24,4802,Rakete,13,28,001
fern_t_r24,5095,Rakete,10,28,000
fern_t_r24,5368,Rakete,13,28,000
fern_t_r24,5687,Rakete,10,28,000
fern_t_rr14,542,Rakete,13,29,000
fern_t_rr14,851,Rakete,13,29,000
fern_t_rr14,1184,Rakete,13,29,000
fern_t_rr14,1798,Rakete,13,29,000
fern_t_rr14,2514,Rakete,13,29,000
fern_t_rr14,2738,Rakete,13,29,000
fern_t_rr14,3115,Rakete,13,29,000
fern_t_rr14,3553,Rakete,13,29,000
fern_t_rr14,3968,Rakete,13,29,000
fern_t_rr14,4184,Rakete,13,29,000
fern_t_rr14,4405,Rakete,13,29,000
fern_t_rr14,5107,Rakete,13,29,000
fern_t_rr14,5329,Rakete,13,29,000
fern_t_rr14,5768,Rakete,13,29,000
fern_t_rr17,384,Rakete,14,29,000
fern_t_rr17,866,Rakete,11,29,000
fern_t_rr17,1404,Rakete,14,29,000
fern_t_rr17,1673,Rakete,14,29,000
fern_t_rr17,2107,Rakete,14,29,000
fern_t_rr17,2126,Rakete,11,28,001
fern_t_rr17,2425,Rakete,11,28,000
fern_t_rr17,2444,Rakete,11,29,010
fern_t_rr17,2672,Rakete,11,29,000
fern_t_rr17,2893,Rakete,14,29,000
fern_t_rr17,3259,Rakete,11,29,000
fern_t_rr17,3542,Rakete,14,29,000
fern_t_rr17,3772,Rakete,11,29,000
fern_t_rr17,4126,Rakete,11,29,000
fern_t_rr17,4346,Rakete,11,29,000
fern_t_rr17,4362,Rakete,14,28,001
fern_t_rr17,4720,Rakete,14,28,000
fern_t_rr17,5060,Rakete,14,28,000
fern_t_rr17,5318,Rakete,11,28,000
fern_t_rr17,5326,Rakete,14,29,010
fern_t_rr17,5522,Rakete,11,29,000
fern_t_rr17,5797,Rakete,14,29,000
fern_t_r17,401,Rakete,14,29,000
fern_t_r17,731,Rakete,13,29,000
fern_t_r17,1287,Rakete,13,29,000
fern_t_r17,1630,Rakete,14,29,000
fern_t_r17,1868,Rakete,13,29,000
fern_t_r17,2343,Rakete,13,29,000
fern_t_r17,2949,Rakete,13,29,000
fern_t_r17,3192,Rakete,14,29,000
fern_t_r17,3439,Rakete,13,29,000
fern_t_r17,3638,Rakete,14,29,000
fern_t_r17,3657,Rakete,14,28,001
fern_t_r17,3839,Rakete,13,28,000
fern_t_r17,4220,Rakete,13,28,000
fern_t_r17,4670,Rakete,13,28,000
fern_t_r17,5061,Rakete,13,28,000
fern_t_r17,5592,Rakete,13,28,000
fern_t_r17,5606,Rakete,14,29,010
fern_t_r22h,280,Rakete,13,29,000
fern_t_r22h,851,Rakete,13,29,000
fern_t_r22h,1659,Rakete,10,29,000
fern_t_r22h,1684,Rakete,13,28,001
fern_t_r22h,2268,Rakete,13,28,000
fern_t_r22h,2822,Rakete,13,28,000
fern_t_r22h,3083,Rakete,10,28,000
fern_t_r22h,3501,Rakete,13,28,000
fern_t_r22h,4097,Rakete,10,28,000
fern_t_r22h,4346,Rakete,13,28,000
fern_t_r22h,4383,Rakete,10,29,010
fern_t_r22h,4718,Rakete,13,29,000
fern_t_r22h,4732,Rakete,10,28,001
fern_t_r22h,4969,Rakete,13,28,000
fern_t_r22h,5357,Rakete,10,28,000
fern_t_r22h,5561,Rakete,10,28,000
## T bahnende (Geschosse ohne Treffer an der Figur)
lauf,G,art,slot,flugrichtung,x_letzte,z,x_minus_kamera,flugframes,ende
fern_t_p7,3834,Kugel,29,+x,2538,161,412,48,Wand
fern_t_p7,3851,Kugel-Umwerf,28,+x,2538,161,410,48,Wand
fern_t_p7,4506,Kugel,28,+x,2537,160,361,30,Wand
fern_t_p7,4523,Kugel-Umwerf,29,+x,2537,160,361,30,Wand
fern_t_p7,5449,Kugel,29,+x,2536,150,360,14,Wand
fern_t_p7,5466,Kugel-Umwerf,28,+x,2536,150,360,14,Wand
fern_t_p7,5483,Kugel,29,+x,2536,150,360,14,Wand
fern_t_pf12,1410,Kugel,28,+x,2501,161,453,52,Bildrand
fern_t_pf12,1803,Kugel,28,+x,2502,150,454,53,Bildrand
fern_t_pf12,1820,Kugel-Umwerf,29,+x,2502,150,454,53,Bildrand
fern_t_pf12,2252,Kugel,29,-x,1978,150,-70,36,Bildrand
fern_t_pf12,2269,Kugel-Umwerf,28,-x,1978,150,-70,36,Bildrand
fern_t_pf12,2286,Kugel,27,-x,1978,150,-70,36,Bildrand
fern_t_pf12,3221,Kugel,28,-x,1984,150,-64,36,Bildrand
fern_t_pf12,3238,Kugel-Umwerf,27,-x,1984,150,-64,36,Bildrand
fern_t_pf12,3585,Kugel,27,+x,2502,157,454,52,Bildrand
fern_t_pf12,4349,Kugel,28,+x,2496,150,448,52,Bildrand
fern_t_pf12,5478,Kugel,28,+x,2498,161,450,52,Bildrand
fern_t_pf12,5495,Kugel-Umwerf,27,+x,2498,161,450,52,Bildrand
fern_t_pf12,5512,Kugel,29,+x,2498,161,450,52,Bildrand
fern_t_pf12,5874,Kugel,29,+x,2495,161,447,53,Bildrand
fern_t_pf12,5891,Kugel-Umwerf,27,+x,2495,161,447,53,Bildrand
fern_t_pf12,5908,Kugel,28,+x,2495,161,447,53,Bildrand
fern_t_p14,2611,Kugel,29,+x,2542,150,414,49,Wand
fern_t_p14,2628,Kugel,28,+x,2542,150,414,49,Wand
fern_t_p14,3042,Kugel,29,+x,2535,161,359,31,Wand
fern_t_p14,3059,Kugel-Umwerf,28,+x,2535,161,359,31,Wand
fern_t_p14,3296,Kugel,29,+x,2537,155,361,16,Wand
fern_t_p14,4307,Kugel,28,+x,2538,153,362,12,Wand
fern_t_p14,4887,Kugel,28,+x,2538,150,362,12,Wand
fern_t_p14,4904,Kugel-Umwerf,29,+x,2538,150,362,12,Wand
fern_t_p14,5239,Kugel,29,+x,2537,154,361,12,Wand
fern_t_p14,5543,Kugel,29,+x,2533,161,357,12,Wand
fern_t_p14,5560,Kugel-Umwerf,28,+x,2533,161,357,12,Wand
fern_t_p14,5577,Kugel,29,+x,2533,161,357,12,Wand
fern_t_p14,5849,Kugel,28,+x,2537,161,361,12,Wand
fern_t_p24,262,Kugel,29,+x,2538,159,412,48,Wand
fern_t_p24,279,Kugel-Umwerf,28,+x,2538,159,410,48,Wand
fern_t_p24,443,Kugel,28,+x,2538,150,362,32,Wand
fern_t_p24,460,Kugel-Umwerf,29,+x,2538,150,362,32,Wand
fern_t_p24,834,Kugel,29,+x,2537,160,361,14,Wand
fern_t_p24,1621,Kugel,29,+x,2538,158,362,12,Wand
fern_t_p24,2523,Kugel,29,+x,2538,153,362,12,Wand
fern_t_p24,2540,Kugel-Umwerf,28,+x,2538,153,362,12,Wand
fern_t_p24,2557,Kugel,29,+x,2538,153,362,12,Wand
fern_t_p24,2574,Kugel-Umwerf,28,+x,2538,153,362,12,Wand
fern_t_p24,2757,Kugel,28,+x,2533,161,357,12,Wand
fern_t_p24,2774,Kugel-Umwerf,29,+x,2533,161,357,12,Wand
fern_t_p24,2791,Kugel,28,+x,2533,161,357,12,Wand
fern_t_p24,3201,Kugel,28,+x,2537,160,361,12,Wand
fern_t_p24,3218,Kugel-Umwerf,29,+x,2537,160,361,12,Wand
fern_t_p24,3418,Kugel,28,+x,2537,150,361,12,Wand
fern_t_p24,3435,Kugel-Umwerf,29,+x,2537,150,361,12,Wand
fern_t_p24,3843,Kugel,29,+x,2538,153,362,12,Wand
fern_t_p24,4259,Kugel,29,+x,2537,154,361,12,Wand
fern_t_p24,4706,Kugel,29,+x,2538,161,362,11,Wand
fern_t_p24,4723,Kugel-Umwerf,28,+x,2538,161,362,11,Wand
fern_t_p24,4740,Kugel,29,+x,2538,161,362,11,Wand
fern_t_p24,5086,Kugel,29,+x,2537,154,361,12,Wand
fern_t_p24,5701,Kugel,28,+x,2538,160,362,14,Wand
fern_t_pl22,415,Kugel,28,-x,1984,161,-64,29,Bildrand
fern_t_pl22,432,Kugel-Umwerf,29,-x,1984,161,-64,29,Bildrand
fern_t_pl22,706,Kugel,28,-x,1980,161,-68,30,Bildrand
fern_t_pl22,1337,Kugel,28,-x,1980,152,-68,30,Bildrand
fern_t_pl22,1821,Kugel,28,-x,1979,161,-69,29,Bildrand
fern_t_pl22,1838,Kugel-Umwerf,29,-x,1979,161,-69,29,Bildrand
fern_t_pl22,1855,Kugel,28,-x,1979,161,-69,29,Bildrand
fern_t_pl22,2413,Kugel,29,-x,1983,150,-65,28,Bildrand
fern_t_pl22,4069,Kugel,29,-x,1980,161,-68,27,Bildrand
fern_t_pl22,4973,Kugel,28,-x,1980,160,-68,29,Bildrand
fern_t_pl22,5559,Kugel,29,-x,1980,161,-68,27,Bildrand
fern_t_ph14,1226,Kugel,29,-x,1981,150,-67,39,Bildrand
fern_t_ph14,1243,Kugel,28,-x,1981,150,-67,39,Bildrand
fern_t_ph14,1635,Kugel,28,-x,1977,150,-71,27,Bildrand
fern_t_ph14,2049,Kugel,28,-x,1981,150,-67,29,Bildrand
fern_t_ph14,2066,Kugel-Umwerf,29,-x,1981,150,-67,29,Bildrand
fern_t_ph14,2083,Kugel,28,-x,1981,150,-67,29,Bildrand
fern_t_ph14,2439,Kugel,28,-x,1981,157,-67,32,Bildrand
fern_t_ph14,2456,Kugel-Umwerf,29,-x,1981,157,-67,32,Bildrand
fern_t_ph14,2670,Kugel,28,-x,1979,154,-69,26,Bildrand
fern_t_ph14,3148,Kugel,28,-x,1982,150,-66,22,Bildrand
fern_t_ph14,3165,Kugel-Umwerf,29,-x,1982,150,-66,22,Bildrand
fern_t_ph14,3182,Kugel,28,-x,1982,150,-66,22,Bildrand
fern_t_ph14,3199,Kugel-Umwerf,29,-x,1982,150,-66,22,Bildrand
fern_t_ph14,3505,Kugel,29,-x,1980,151,-68,33,Bildrand
fern_t_ph14,3522,Kugel-Umwerf,28,-x,1980,151,-68,33,Bildrand
fern_t_ph14,3758,Kugel,28,-x,1983,161,-65,29,Bildrand
fern_t_ph14,3989,Kugel,28,-x,1983,155,-65,23,Bildrand
fern_t_ph14,4510,Kugel,28,-x,1982,150,-66,33,Bildrand
fern_t_ph14,4527,Kugel,29,-x,1982,150,-66,33,Bildrand
fern_t_ph14,5607,Kugel,29,-x,1982,160,-66,26,Bildrand
fern_t_ph14,5624,Kugel,28,-x,1982,160,-66,26,Bildrand
fern_t_m22,262,Kugel,29,+x,2538,159,412,48,Wand
fern_t_m22,279,Kugel-Umwerf,28,+x,2538,159,410,48,Wand
fern_t_m22,2024,Kugel,29,+x,2537,150,361,11,Wand
fern_t_m22,2041,Kugel-Umwerf,28,+x,2537,150,361,11,Wand
fern_t_m22,2385,Kugel,29,+x,2538,161,362,11,Wand
fern_t_m22,2402,Kugel,27,+x,2538,161,362,11,Wand
fern_t_m22,2419,Kugel-Umwerf,29,+x,2538,161,362,11,Wand
fern_t_m22,2436,Kugel,27,+x,2538,161,362,11,Wand
fern_t_m22,2870,Kugel,28,+x,2532,161,356,12,Wand
fern_t_m22,2921,Kugel,27,+x,2532,161,356,12,Wand
fern_t_m22,2938,Kugel-Umwerf,28,+x,2532,161,356,12,Wand
fern_t_m22,3147,Rakete,28,+x,2540,150,364,17,Wand
fern_t_m22,4010,Kugel,27,+x,2537,154,361,12,Wand
fern_t_m22,4333,Kugel,28,+x,2538,153,362,12,Wand
fern_t_m22,4350,Kugel-Umwerf,27,+x,2538,153,362,12,Wand
fern_t_m22,4812,Kugel,27,+x,2538,150,362,13,Wand
fern_t_m22,4829,Kugel-Umwerf,28,+x,2538,150,362,13,Wand
fern_t_m22,5038,Kugel,28,+x,2538,151,362,11,Wand
fern_t_m22,5055,Kugel-Umwerf,27,+x,2538,151,362,11,Wand
fern_t_m22,5072,Kugel,28,+x,2538,151,362,11,Wand
fern_t_m22,5089,Kugel,27,+x,2538,151,362,11,Wand
fern_t_m22,5106,Kugel-Umwerf,28,+x,2538,151,362,11,Wand
fern_t_m22,5123,Kugel,27,+x,2538,151,362,11,Wand
fern_t_m22,5625,Kugel,27,+x,2537,161,361,12,Wand
fern_t_m22,5642,Kugel-Umwerf,28,+x,2537,161,361,12,Wand
fern_t_m22,5659,Kugel,27,+x,2537,161,361,12,Wand
fern_t_r24,1532,Rakete,28,+x,2536,158,361,16,Wand
fern_t_r24,3567,Rakete,29,+x,2540,154,363,17,Wand
fern_t_r24,4802,Rakete,28,+x,2534,161,358,14,Wand
fern_t_rr17,2126,Rakete,28,-x,2311,158,235,20,Landung
fern_t_rr17,2444,Rakete,29,+x,2349,150,273,20,Landung
fern_t_rr17,4362,Rakete,28,+x,2348,150,271,20,Landung
fern_t_rr17,5326,Rakete,29,+x,2349,150,272,20,Landung
fern_t_r17,3439,Rakete,29,+x,2541,153,365,17,Wand
fern_t_r17,3657,Rakete,28,+x,2540,153,364,17,Wand
fern_t_r17,5606,Rakete,29,+x,2541,153,366,17,Wand
fern_t_r22h,1684,Rakete,28,+x,2463,161,287,20,Landung
fern_t_r22h,4383,Rakete,29,+x,2541,150,365,18,Wand
fern_t_r22h,4732,Rakete,28,+x,2542,150,365,18,Wand
## T welle (letzte Welle per LP25; zweiter Raketen-DICK)
lauf,welle_W,rang_W39,gegner_W39,belegung_W39,frei_ab,rang_frei_ab,zweiter_raketen_dick,abstand_zu_frei_ab
fern_t_z12_a,150,12,5,13:DICK 14:EDDY 15:EDDY 18:DICK 19:DOLG,,,keiner,
fern_t_z12_b,150,12,4,13:DICK 14:EDDY 15:EDDY 19:DOLG,150,12,keiner,
fern_t_z12_c,150,12,3,13:DICK 18:DICK 19:DOLG,151,12,keiner,
fern_t_z12_d,150,12,2,13:DICK 19:DOLG,150,12,keiner,
fern_t_z14_a,150,14,5,13:DICK 14:EDDY 15:EDDY 18:DICK 19:DOLG,,,keiner,
fern_t_z14_b,150,14,4,13:DICK 14:EDDY 15:EDDY 19:DOLG,150,14,keiner,
fern_t_z14_c,150,14,3,13:DICK 18:DICK 19:DOLG,151,14,keiner,
fern_t_z14_d,150,14,2,13:DICK 19:DOLG,150,14,keiner,
fern_t_z15_a,150,15,5,13:DICK 14:EDDY 15:EDDY 18:DICK 19:DOLG,,,keiner,
fern_t_z15_b,150,15,4,13:DICK 14:EDDY 15:EDDY 19:DOLG,150,15,keiner,
fern_t_z15_c,150,15,3,13:DICK 18:DICK 19:DOLG,151,15,keiner,
fern_t_z15_d,150,15,2,13:DICK 19:DOLG,150,15,keiner,
fern_t_z15_f,150,20,2,13:DICK 19:DOLG,150,15,190:s10,40
fern_t_z16_a,150,16,4,14:DICK 15:EDDY 18:EDDY 19:DOLG,150,16,190:s13,40
fern_t_z16_b,150,16,4,14:DICK 15:EDDY 18:EDDY 19:DOLG,150,16,190:s13,40
fern_t_z16_c,150,16,2,14:DICK 19:DOLG,150,16,190:s11,40
fern_t_z16_d,150,16,2,14:DICK 19:DOLG,150,16,190:s11,40
fern_t_z17_a,150,17,4,14:DICK 15:EDDY 18:EDDY 19:DOLG,150,17,190:s13,40
fern_t_z17_b,150,17,4,14:DICK 15:EDDY 18:EDDY 19:DOLG,150,17,190:s13,40
fern_t_z17_c,150,17,2,14:DICK 19:DOLG,150,17,190:s11,40
fern_t_z17_d,150,17,2,14:DICK 19:DOLG,150,17,190:s11,40
fern_t_z18_a,150,18,4,14:DICK 15:EDDY 18:EDDY 19:DOLG,150,18,190:s13,40
fern_t_z18_b,150,18,4,14:DICK 15:EDDY 18:EDDY 19:DOLG,150,18,190:s13,40
fern_t_z18_c,150,18,2,14:DICK 19:DOLG,150,18,190:s11,40
fern_t_z18_d,150,18,2,14:DICK 19:DOLG,150,18,190:s11,40
fern_t_z19_a,150,19,4,14:DICK 15:EDDY 18:EDDY 19:DOLG,150,19,190:s13,40
fern_t_z19_b,150,19,4,14:DICK 15:EDDY 18:EDDY 19:DOLG,150,19,190:s13,40
fern_t_z19_c,150,19,2,14:DICK 19:DOLG,150,19,190:s11,40
fern_t_z19_d,150,19,2,14:DICK 19:DOLG,150,19,190:s11,40
fern_t_z20_a,150,20,5,13:DICK 14:EDDY 15:EDDY 18:DICK 19:DOLG,,,keiner,
fern_t_z20_b,150,20,4,13:DICK 14:EDDY 15:EDDY 19:DOLG,150,20,190:s12,40
fern_t_z20_c,150,20,3,13:DICK 18:DICK 19:DOLG,151,20,190:s12,39
fern_t_z20_d,150,20,2,13:DICK 19:DOLG,150,20,190:s10,40
fern_t_z20_f,150,9,2,13:DICK 19:DOLG,150,20,keiner,
fern_t_z21_a,150,21,5,13:DICK 14:EDDY 15:EDDY 18:DICK 19:DOLG,,,keiner,
fern_t_z21_b,150,21,4,13:DICK 14:EDDY 15:EDDY 19:DOLG,150,21,190:s12,40
fern_t_z21_c,150,21,3,13:DICK 18:DICK 19:DOLG,151,21,190:s12,39
fern_t_z21_d,150,21,2,13:DICK 19:DOLG,150,21,190:s10,40
fern_t_z22_a,150,22,5,13:DICK 14:EDDY 15:EDDY 18:DICK 19:DOLG,,,keiner,
fern_t_z22_b,150,22,4,13:DICK 14:EDDY 15:EDDY 19:DOLG,150,22,190:s12,40
fern_t_z22_c,150,22,3,13:DICK 18:DICK 19:DOLG,151,22,190:s12,39
fern_t_z22_d,150,22,2,13:DICK 19:DOLG,150,22,190:s10,40
fern_t_z22_e,150,22,5,13:DICK 14:EDDY 15:EDDY 18:DICK 19:DOLG,260,22,299:s12,39
fern_t_z22_f,150,22,4,13:DICK 14:EDDY 15:EDDY 19:DOLG,185,22,224:s12,39
fern_t_z23_a,150,23,5,13:DICK 14:EDDY 15:EDDY 18:DICK 19:DOLG,,,keiner,
fern_t_z23_b,150,23,4,13:DICK 14:EDDY 15:EDDY 19:DOLG,150,23,190:s12,40
fern_t_z23_c,150,23,3,13:DICK 18:DICK 19:DOLG,151,23,190:s12,39
fern_t_z23_d,150,23,2,13:DICK 19:DOLG,150,23,190:s10,40
fern_t_z24_a,150,24,5,13:DICK 14:EDDY 15:EDDY 18:DICK 19:DOLG,,,keiner,
fern_t_z24_b,150,24,4,13:DICK 14:EDDY 15:EDDY 19:DOLG,150,24,190:s12,40
fern_t_z24_c,150,24,3,13:DICK 18:DICK 19:DOLG,151,24,190:s12,39
fern_t_z24_d,150,24,2,13:DICK 19:DOLG,150,24,190:s10,40
fern_t_z9_a,150,9,5,13:DICK 14:EDDY 15:EDDY 18:DICK 19:DOLG,,,keiner,
fern_t_z9_b,150,9,4,13:DICK 14:EDDY 15:EDDY 19:DOLG,150,9,keiner,
fern_t_z9_c,150,9,3,13:DICK 18:DICK 19:DOLG,151,9,keiner,
fern_t_z9_d,150,9,2,13:DICK 19:DOLG,150,9,keiner,
## T bogen (Waffe beim Tod; fern_t_e_h*: HOEHE des DICK, fern_t_v7e_p0: Nachlauf V7)
lauf,slot,rang,tod,h_dick,h_waffe_vorher,h_max,h_max_minus_h_dick,scheitel,landung,gegenstand,dx_bogen
fern_t_e_h0,18,14,7,0,31,61,61,t+9,t+34,t+44,71
fern_t_e_h12,18,14,7,12,43,73,61,t+9,t+36,t+46,75
fern_t_e_h24,18,14,7,24,55,85,61,t+9,t+38,t+48,79
fern_t_e_r0h,13,14,7,20,45,81,61,t+9,t+37,t+48,79
fern_t_v7e_p0,18,12,344,16,36,78,62,t+10,t+37,t+47,-109
## T fenster (Trefferflaeche; Regel: Treffer, wenn (x Figur + 4*Blick) - (x Geschoss + Flugrichtung*o) in [-H, H-1], Messer H 25 o 1, Kugel H 17 o 0, Explosion H 52 o 0)
gruppe,art,flugrichtung,blick_figur,proben,treffer_e,treffer_vorn,regel_e,widersprueche,dz
fern_t_bk1,Kugel,-x,l,23,-13..20,-20..13,-13..20,,0
fern_t_bk1,Kugel,-x,r,23,-21..12,-12..21,-21..12,,0
fern_t_bk2,Kugel,+x,l,23,-13..20,-13..20,-13..20,,0
fern_t_bk2,Kugel,+x,r,23,-21..12,-21..12,-21..12,,0
fern_t_bm1,Messer,+x,l,23,-20..29,-20..29,-20..29,,0
fern_t_bm1,Messer,+x,r,23,-28..21,-28..21,-28..21,,0
fern_t_bm2,Messer,-x,l,23,-22..27,-27..22,-22..27,,0
fern_t_bm2,Messer,-x,r,23,-30..19,-19..30,-30..19,,0
fern_t_br1,Rakete,-x,l,23,-48..55,-55..48,-48..55,,0
fern_t_br1,Rakete,-x,r,23,-56..47,-47..56,-56..47,,0
fern_t_br2,Rakete,+x,l,23,-48..55,-48..55,-48..55,,0
fern_t_br2,Rakete,+x,r,23,-56..47,-56..47,-56..47,,0
## T rhythmus
lauf,slot,typ,rang,frames,art,anzahl,abstaende_gleiche_art,abstaende_alle_schuesse,salven_bzw_serien
fern_t_s14r,18,SKIP,14,1-6000,Ausfallstich,6,458 934 1451 650 207,,
fern_t_s14r,18,SKIP,14,1-6000,Messerstich,11,37 417 398 631 37 1202 37 346 37 1749,,2 1 1 2 2 2 1
fern_t_s14r,18,SKIP,14,1-6000,Messerwurf,3,911 970,911 970,
fern_t_s14l,18,SKIP,14,1-6000,Ausfallstich,4,425 2237 1046,,
fern_t_s14l,18,SKIP,14,1-6000,Messerstich,16,37 49 37 37 37 372 125 37 710 1328 37 37 37 51 37,,2 4 1 2 1 4 2
fern_t_s14l,18,SKIP,14,1-6000,Messerwurf,1,,,
fern_t_s17g,18,SKIP,17,1-6000,Ausfallstich,5,987 622 308 338,,
fern_t_s17g,18,SKIP,17,1-6000,Messerstich,21,37 37 37 522 37 37 37 53 37 529 104 37 1880 37 430 37 528 37 37 37,,4 4 2 1 2 2 2 4
fern_t_s17g,18,SKIP,17,1-6000,Messerwurf,1,,,
fern_t_s22h,18,SKIP,22,1-6000,Ausfallstich,2,4631,,
fern_t_s22h,18,SKIP,22,1-6000,Messerstich,6,37 80 1858 67 1234,,2 1 1 1 1
fern_t_s22h,18,SKIP,22,1-6000,Messerwurf,4,803 3850 375,803 3850 375,
fern_t_sf880,18,SKIP,17,1-6000,Ausfallstich,5,3917 779 271 650,,
fern_t_sf880,18,SKIP,17,1-6000,Messerstich,28,37 49 37 37 37 74 37 37 37 1689 37 51 75 37 37 37 162 37 37 37 51 37 476 1187 37 225 37,,2 4 4 2 1 4 4 2 1 2 2
fern_t_sf880,18,SKIP,17,1-6000,Messerwurf,3,3903 365,3903 365,
fern_t_sf1000,18,SKIP,14,1-6000,Ausfallstich,6,1169 328 903 227 195,,
fern_t_sf1000,18,SKIP,14,1-6000,Messerstich,23,37 361 37 37 37 798 295 37 37 880 37 645 37 657 233 37 37 1174 37 37 37 47,,2 4 1 3 2 2 1 3 4 1
fern_t_sf1000,18,SKIP,14,1-6000,Messerwurf,4,367 1181 2245,367 1181 2245,
fern_t_sr1560,18,SKIP,20,1-4000,Ausfallstich,2,1350,,
fern_t_sr1560,18,SKIP,20,1-4000,Messerstich,16,878 333 474 37 779 37 476 297 39 39 39 33 30 39 39,,1 1 1 2 2 1 8
fern_t_sr1560,18,SKIP,20,1-4000,Messerwurf,2,697,697,
fern_t_p7,18,DICK,7,11-6000,Pistole,3,672 943,672 943,4 4 5
fern_t_pf12,18,DICK,12,11-6000,Pistole,8,410 449 952 381 747 1146 396,410 449 952 381 747 1146 396,4 4 5 5 3 4 5 5
fern_t_p14,18,DICK,14,11-6000,Pistole,8,414 254 1011 597 352 304 289,414 254 1011 597 352 304 289,4 5 4 4 4 3 5 4
fern_t_p24,18,DICK,24,11-6000,Pistole,14,181 391 787 902 234 444 200 442 416 447 380 386 229,181 391 787 902 234 444 200 442 416 447 380 386 229,4 4 3 3 6 5 4 5 3 3 5 3 2 3
fern_t_pl22,18,DICK,22,11-6000,Pistole,10,291 648 484 575 1673 822 82 251 335,291 648 484 575 1673 822 82 251 335,5 4 3 5 4 3 2 3 2 3
fern_t_ph14,18,DICK,14,11-6000,Pistole,11,409 414 390 214 495 357 253 231 521 1097,409 414 390 214 495 357 253 231 521 1097,4 3 5 4 4 6 4 3 3 4 4
fern_t_m22,13,DICK,22,150-6000,Rakete,7,643 563 660 325 473 1363,643 563 660 325 473 1363,1 1 1 1 1 1 1
fern_t_m22,18,DICK,22,11-6000,Pistole,9,1745 412 485 1089 323 496 226 587,1745 412 485 1089 323 496 226 587,4 5 4 5 4 5 4 8 5
fern_t_r14,13,DICK,14,150-6000,Rakete,14,424 414 410 221 470 672 390 410 359 229 671 210 556,424 414 410 221 470 672 390 410 359 229 671 210 556,1 1 1 1 1 1 1 1 1 1 1 1 1 1
fern_t_r24,10,DICK,24,190-6000,Rakete,7,333 1702 423 804 301 592,333 1702 423 804 301 592,1 1 1 1 1 1 1
fern_t_r24,13,DICK,24,150-6000,Rakete,11,479 502 261 570 559 494 410 919 328 566,479 502 261 570 559 494 410 919 328 566,1 1 1 1 1 1 1 1 1 1 1
fern_t_rr14,13,DICK,14,150-6000,Rakete,14,309 333 614 716 224 377 438 415 216 221 702 222 439,309 333 614 716 224 377 438 415 216 221 702 222 439,1 1 1 1 1 1 1 1 1 1 1 1 1 1
fern_t_rr17,11,DICK,17,190-6000,Rakete,11,1260 299 19 228 587 513 354 220 972 204,1260 299 19 228 587 513 354 220 972 204,1 1 1 1 1 1 1 1 1 1 1
fern_t_rr17,14,DICK,17,150-6000,Rakete,11,1020 269 434 786 649 820 358 340 266 471,1020 269 434 786 649 820 358 340 266 471,1 1 1 1 1 1 1 1 1 1 1
fern_t_r17,13,DICK,17,190-6000,Rakete,11,556 581 475 606 490 400 381 450 391 531,556 581 475 606 490 400 381 450 391 531,1 1 1 1 1 1 1 1 1 1 1
fern_t_r17,14,DICK,17,150-6000,Rakete,6,1229 1562 446 19 1949,1229 1562 446 19 1949,1 1 1 1 1 1
fern_t_r22h,10,DICK,22,190-6000,Rakete,7,1424 1014 286 349 625 204,1424 1014 286 349 625 204,1 1 1 1 1 1 1
fern_t_r22h,13,DICK,22,150-6000,Rakete,9,571 833 584 554 679 845 372 251,571 833 584 554 679 845 372 251,1 1 1 1 1 1 1 1 1
## T abstand
lauf,slot,typ,rang,groesse,wert,anzahl,beispiele
fern_t_p7,18,DICK,7,"zielpunkt (dx,dz)","(-120, 24):2 (-120, -24):1",3,
fern_t_p7,18,DICK,7,vorbereitung frames,12 17 13,3,
fern_t_p7,18,DICK,7,vorbereitung dz start>ende,18>5 22>4 -19>-6,3,
fern_t_p7,18,DICK,7,abstand x bei start der vorbereitung,120 112 121,3,
fern_t_p7,18,DICK,7,d bei angriffsbeginn,"('Pistole', 120):1 ('Pistole', 112):1 ('Pistole', 121):1",3,
fern_t_p7,18,DICK,7,dz bei angriffsbeginn,"('Pistole', 5):1 ('Pistole', 4):1 ('Pistole', -6):1",3,
fern_t_p7,18,DICK,7,"geschwindigkeit (|vx|,|vz|) px/frame, haeufigste","(1.7148, 0.168):717 (1.75, 0.0):583 (1.6133, 0.332):399 (1.4531, 0.4844):176 (0.3398, 0.8555):136 (0.668, 0.8047):91 (1.2344, 0.6172):88 (0.9688, 0.7266):85",2532,
fern_t_p7,18,DICK,7,betrag der geschwindigkeit px/frame,1.72:717 1.75:585 1.65:399 1.53:176 0.92:136 1.05:91 1.38:88 1.21:85,2532,
fern_t_p7,18,DICK,7,frames weg von der figur / zur figur,1090 / 1442,2532,blickt zur Figur:1072 blickt weg:18
fern_t_p7,18,DICK,7,verteilung |dx| zur figur (20er-klassen: frames),0:1280 20:726 40:490 60:724 80:462 100:1093 120:816 140:53 160:42 180:225 200:48 220:30,5989,
fern_t_p7,18,DICK,7,"verteilung |dx|, figur steht frei (zustand 1, aktion 0)",0:1280 20:717 40:478 60:713 80:419 100:1053 120:690 140:39 160:28 180:42 200:5 220:3,5467,
fern_t_p7,18,DICK,7,"reaktion, waehrend die figur auf ihn zugeht (frames)",,0,
fern_t_pf12,18,DICK,12,"zielpunkt (dx,dz)","(-128, 0):4 (120, -24):2 (-120, 24):1 (-120, -24):1",8,
fern_t_pf12,18,DICK,12,vorbereitung frames,12 13 15 12 1 1 1 1,8,
fern_t_pf12,18,DICK,12,vorbereitung dz start>ende,18>5 -20>-6 -22>-6 -19>-6 1>1 -6>-6 5>5 5>5,8,
fern_t_pf12,18,DICK,12,abstand x bei start der vorbereitung,121 128 112 118 120 126 124 135,8,
fern_t_pf12,18,DICK,12,d bei angriffsbeginn,"('Pistole', 121):1 ('Pistole', 128):1 ('Pistole', 112):1 ('Pistole', 118):1 ('Pistole', 120):1 ('Pistole', 126):1 ('Pistole', 124):1 ('Pistole', 135):1",8,
fern_t_pf12,18,DICK,12,dz bei angriffsbeginn,"('Pistole', -6):4 ('Pistole', 5):3 ('Pistole', 1):1",8,
fern_t_pf12,18,DICK,12,"geschwindigkeit (|vx|,|vz|) px/frame, haeufigste","(1.75, 0.0):901 (1.7148, 0.168):459 (0.3398, 0.8555):124 (0.9688, 0.7266):111 (2.2031, 0.2188):109 (1.2344, 0.6172):101 (0.668, 0.8047):101 (1.6133, 0.332):97",2450,
fern_t_pf12,18,DICK,12,betrag der geschwindigkeit px/frame,1.75:904 1.72:459 0.92:124 1.21:111 2.21:109 1.38:101 1.05:101 1.65:97,2450,
fern_t_pf12,18,DICK,12,frames weg von der figur / zur figur,1141 / 1309,2450,blickt zur Figur:1125 blickt weg:16
fern_t_pf12,18,DICK,12,verteilung |dx| zur figur (20er-klassen: frames),0:664 20:587 40:926 60:451 80:705 100:1019 120:1593 140:43 160:1,5989,
fern_t_pf12,18,DICK,12,"verteilung |dx|, figur steht frei (zustand 1, aktion 0)",0:601 20:556 40:787 60:273 80:565 100:776 120:968 140:43 160:1,4570,
fern_t_pf12,18,DICK,12,"reaktion, waehrend die figur auf ihn zugeht (frames)",,0,
fern_t_p14,18,DICK,14,"zielpunkt (dx,dz)","(-120, 24):3 (-128, 0):3 (-120, -24):2",8,
fern_t_p14,18,DICK,14,vorbereitung frames,13 12 1 1 13 1 12 12,8,
fern_t_p14,18,DICK,14,vorbereitung dz start>ende,-19>-6 18>5 -1>-1 -3>-3 -20>-6 -2>-2 18>5 18>5,8,
fern_t_p14,18,DICK,14,abstand x bei start der vorbereitung,124 122 136 120 120 121 125 121,8,
fern_t_p14,18,DICK,14,d bei angriffsbeginn,"('Pistole', 120):2 ('Pistole', 121):2 ('Pistole', 124):1 ('Pistole', 122):1 ('Pistole', 136):1 ('Pistole', 125):1",8,
fern_t_p14,18,DICK,14,dz bei angriffsbeginn,"('Pistole', 5):3 ('Pistole', -6):2 ('Pistole', -1):1 ('Pistole', -3):1 ('Pistole', -2):1",8,
fern_t_p14,18,DICK,14,"geschwindigkeit (|vx|,|vz|) px/frame, haeufigste","(1.75, 0.0):511 (1.7148, 0.168):374 (1.6133, 0.332):302 (0.3398, 0.8555):271 (1.4531, 0.4844):148 (1.2344, 0.6172):120 (0.9688, 0.7266):117 (0.668, 0.8047):100",2285,
fern_t_p14,18,DICK,14,betrag der geschwindigkeit px/frame,1.75:515 1.72:374 1.65:302 0.92:271 1.53:148 1.38:120 1.21:117 1.05:100,2285,
fern_t_p14,18,DICK,14,frames weg von der figur / zur figur,917 / 1368,2285,blickt zur Figur:903 blickt weg:14
fern_t_p14,18,DICK,14,verteilung |dx| zur figur (20er-klassen: frames),0:817 20:571 40:214 60:524 80:411 100:672 120:2078 140:434 160:43 180:43 200:137 220:45,5989,
fern_t_p14,18,DICK,14,"verteilung |dx|, figur steht frei (zustand 1, aktion 0)",0:744 20:559 40:203 60:512 80:298 100:615 120:1265 140:282 160:17 180:16 200:15 220:3,4529,
fern_t_p14,18,DICK,14,"reaktion, waehrend die figur auf ihn zugeht (frames)",,0,
fern_t_p24,18,DICK,24,"zielpunkt (dx,dz)","(-128, 0):8 (-120, -24):3 (-120, 24):3",14,
fern_t_p24,18,DICK,24,vorbereitung frames,1 13 1 1 1 13 13 13 1 1 17 1 16 1,14,
fern_t_p24,18,DICK,24,vorbereitung dz start>ende,3>3 -19>-6 4>4 2>2 -3>-3 18>5 18>4 -19>-6 -3>-3 -2>-2 23>5 -2>-2 -22>-6 4>4,14,
fern_t_p24,18,DICK,24,abstand x bei start der vorbereitung,120 127 120 120 120 125 121 121 120 121 112 121 112 136,14,
fern_t_p24,18,DICK,24,d bei angriffsbeginn,"('Pistole', 120):5 ('Pistole', 121):4 ('Pistole', 112):2 ('Pistole', 127):1 ('Pistole', 125):1 ('Pistole', 136):1",14,
fern_t_p24,18,DICK,24,dz bei angriffsbeginn,"('Pistole', -6):3 ('Pistole', 4):3 ('Pistole', -3):2 ('Pistole', 5):2 ('Pistole', -2):2 ('Pistole', 3):1 ('Pistole', 2):1",14,
fern_t_p24,18,DICK,24,"geschwindigkeit (|vx|,|vz|) px/frame, haeufigste","(1.75, 0.0):459 (1.6133, 0.332):388 (1.7148, 0.168):381 (0.3398, 0.8555):200 (1.4531, 0.4844):117 (1.2344, 0.6172):114 (0.2852, 0.168):104 (0.0, 1.125):93",2627,
fern_t_p24,18,DICK,24,betrag der geschwindigkeit px/frame,1.75:460 1.65:388 1.72:381 0.92:200 1.53:117 1.38:114 0.33:104 1.12:93,2627,
fern_t_p24,18,DICK,24,frames weg von der figur / zur figur,1078 / 1549,2627,blickt zur Figur:1060 blickt weg:18
fern_t_p24,18,DICK,24,verteilung |dx| zur figur (20er-klassen: frames),0:1570 20:285 40:349 60:377 80:553 100:828 120:1645 140:100 160:42 180:42 200:132 220:44 240:20 260:2,5989,
fern_t_p24,18,DICK,24,"verteilung |dx|, figur steht frei (zustand 1, aktion 0)",0:1511 20:197 40:247 60:268 80:147 100:357 120:680 140:75 160:17 180:16 200:17 220:3,3535,
fern_t_p24,18,DICK,24,"reaktion, waehrend die figur auf ihn zugeht (frames)",,0,
fern_t_pl22,18,DICK,22,"zielpunkt (dx,dz)","(128, 0):6 (120, 24):4",10,
fern_t_pl22,18,DICK,22,vorbereitung frames,1 1 1 15 1 14 1 15 1 18,10,
fern_t_pl22,18,DICK,22,vorbereitung dz start>ende,5>5 5>5 -4>-4 21>5 -6>-6 19>5 1>1 20>4 -3>-3 24>5,10,
fern_t_pl22,18,DICK,22,abstand x bei start der vorbereitung,132 136 136 127 123 112 122 128 136 112,10,
fern_t_pl22,18,DICK,22,d bei angriffsbeginn,"('Pistole', 136):3 ('Pistole', 112):2 ('Pistole', 132):1 ('Pistole', 127):1 ('Pistole', 123):1 ('Pistole', 122):1 ('Pistole', 128):1",10,
fern_t_pl22,18,DICK,22,dz bei angriffsbeginn,"('Pistole', 5):5 ('Pistole', -4):1 ('Pistole', -6):1 ('Pistole', 1):1 ('Pistole', 4):1 ('Pistole', -3):1",10,
fern_t_pl22,18,DICK,22,"geschwindigkeit (|vx|,|vz|) px/frame, haeufigste","(1.75, 0.0):541 (1.7148, 0.168):398 (2.25, 0.0):278 (0.3398, 0.8555):187 (1.6133, 0.332):168 (2.2031, 0.2188):129 (2.0742, 0.4258):128 (0.668, 0.8047):117",2642,
fern_t_pl22,18,DICK,22,betrag der geschwindigkeit px/frame,1.75:548 1.72:398 2.25:278 0.92:187 1.65:168 2.21:129 2.12:128 1.05:117,2642,
fern_t_pl22,18,DICK,22,frames weg von der figur / zur figur,1214 / 1428,2642,blickt zur Figur:1198 blickt weg:16
fern_t_pl22,18,DICK,22,verteilung |dx| zur figur (20er-klassen: frames),0:706 20:317 40:476 60:589 80:573 100:1226 120:1740 140:362,5989,
fern_t_pl22,18,DICK,22,"verteilung |dx|, figur steht frei (zustand 1, aktion 0)",0:671 20:305 40:465 60:474 80:534 100:747 120:934 140:328,4458,
fern_t_pl22,18,DICK,22,"reaktion, waehrend die figur auf ihn zugeht (frames)",,0,
fern_t_ph14,18,DICK,14,"zielpunkt (dx,dz)","(120, -24):5 (128, 0):4 (120, 24):2",11,
fern_t_ph14,18,DICK,14,vorbereitung frames,1 15 1 1 21 15 16 22 1 15 13,11,
fern_t_ph14,18,DICK,14,vorbereitung dz start>ende,-6>-6 -22>-6 -6>-6 1>1 -22>-2 -22>-6 -22>-5 29>5 -1>-1 -22>-6 18>4,11,
fern_t_ph14,18,DICK,14,abstand x bei start der vorbereitung,128 112 122 121 127 112 112 112 121 113 122,11,
fern_t_ph14,18,DICK,14,d bei angriffsbeginn,"('Pistole', 112):3 ('Pistole', 121):2 ('Pistole', 128):1 ('Pistole', 120):1 ('Pistole', 119):1 ('Pistole', 111):1 ('Pistole', 113):1 ('Pistole', 122):1",11,
fern_t_ph14,18,DICK,14,dz bei angriffsbeginn,"('Pistole', -6):5 ('Pistole', 1):1 ('Pistole', -2):1 ('Pistole', -5):1 ('Pistole', 5):1 ('Pistole', -1):1 ('Pistole', 4):1",11,
fern_t_ph14,18,DICK,14,"geschwindigkeit (|vx|,|vz|) px/frame, haeufigste","(1.7148, 0.168):704 (1.75, 0.0):392 (2.2031, 0.2188):273 (1.6133, 0.332):255 (2.25, 0.0):180 (0.0, 1.125):177 (2.0742, 0.4258):152 (1.4531, 0.4844):139",3054,
fern_t_ph14,18,DICK,14,betrag der geschwindigkeit px/frame,1.72:704 1.75:394 2.21:273 1.65:255 2.25:180 1.12:177 2.12:152 1.53:139,3054,
fern_t_ph14,18,DICK,14,frames weg von der figur / zur figur,1511 / 1543,3054,blickt zur Figur:1494 blickt weg:17
fern_t_ph14,18,DICK,14,verteilung |dx| zur figur (20er-klassen: frames),0:617 20:766 40:471 60:337 80:678 100:1300 120:967 140:275 160:189 180:92 200:36 220:17,5745,
fern_t_ph14,18,DICK,14,"verteilung |dx|, figur steht frei (zustand 1, aktion 0)",0:544 20:620 40:408 60:272 80:444 100:840 120:636 140:51 160:4 180:3 200:4 220:2,3828,
fern_t_ph14,18,DICK,14,"reaktion, waehrend die figur auf ihn zugeht (frames)",weicht zurueck (akt 0):248 kommt naeher (akt 0):62 bleibt in x (akt 4):54 bleibt in x (akt 6):47 bleibt in x (akt 2):29 bleibt in x (akt 0):26 kommt naeher (akt 16):21 weicht zurueck (akt 6):19,507,
fern_t_m22,13,DICK,22,"zielpunkt (dx,dz)","(-128, 0):3 (-120, -24):3 (-120, 24):1",7,
fern_t_m22,13,DICK,22,vorbereitung frames,16 1 15 15 1 13 1,7,
fern_t_m22,13,DICK,22,vorbereitung dz start>ende,22>5 -3>-3 -22>-6 -21>-6 -2>-2 -19>-6 -2>-2,7,
fern_t_m22,13,DICK,22,abstand x bei start der vorbereitung,113 120 113 127 121 121 135,7,
fern_t_m22,13,DICK,22,d bei angriffsbeginn,"('Rakete', 113):2 ('Rakete', 121):2 ('Rakete', 120):1 ('Rakete', 127):1 ('Rakete', 135):1",7,
fern_t_m22,13,DICK,22,dz bei angriffsbeginn,"('Rakete', -6):3 ('Rakete', -2):2 ('Rakete', 5):1 ('Rakete', -3):1",7,
fern_t_m22,13,DICK,22,"geschwindigkeit (|vx|,|vz|) px/frame, haeufigste","(1.6133, 0.332):374 (2.25, 0.0):303 (0.3398, 0.8555):246 (1.75, 0.0):240 (1.7148, 0.168):221 (0.3398, 0.1445):170 (1.4531, 0.4844):148 (1.2344, 0.6172):124",2790,
fern_t_m22,13,DICK,22,betrag der geschwindigkeit px/frame,1.65:374 2.25:303 0.92:246 1.75:245 1.72:221 0.37:170 1.53:148 1.38:124,2790,
fern_t_m22,13,DICK,22,frames weg von der figur / zur figur,1218 / 1572,2790,blickt zur Figur:1205 blickt weg:13
fern_t_m22,13,DICK,22,verteilung |dx| zur figur (20er-klassen: frames),0:1445 20:273 40:218 60:245 80:352 100:475 120:2292 140:413 160:25 180:21 200:20 220:71,5850,
fern_t_m22,13,DICK,22,"verteilung |dx|, figur steht frei (zustand 1, aktion 0)",0:439 20:57 40:70 60:54 80:89 100:209 120:717 140:52 160:5 180:5 200:5 220:3,1705,
fern_t_m22,13,DICK,22,"reaktion, waehrend die figur auf ihn zugeht (frames)",,0,
fern_t_m22,18,DICK,22,"zielpunkt (dx,dz)","(-128, 0):4 (-120, -24):3 (-120, 24):2",9,
fern_t_m22,18,DICK,22,vorbereitung frames,1 14 15 1 1 1 14 14 13,9,
fern_t_m22,18,DICK,22,vorbereitung dz start>ende,3>3 -21>-6 20>5 5>5 -2>-2 -3>-3 -21>-6 -20>-5 18>5,9,
fern_t_m22,18,DICK,22,abstand x bei start der vorbereitung,120 113 113 126 121 120 128 112 121,9,
fern_t_m22,18,DICK,22,d bei angriffsbeginn,"('Pistole', 120):2 ('Pistole', 112):2 ('Pistole', 121):2 ('Pistole', 113):1 ('Pistole', 126):1 ('Pistole', 128):1",9,
fern_t_m22,18,DICK,22,dz bei angriffsbeginn,"('Pistole', 5):3 ('Pistole', -6):2 ('Pistole', 3):1 ('Pistole', -2):1 ('Pistole', -3):1 ('Pistole', -5):1",9,
fern_t_m22,18,DICK,22,"geschwindigkeit (|vx|,|vz|) px/frame, haeufigste","(1.7148, 0.168):361 (1.6133, 0.332):353 (0.3398, 0.8555):283 (1.75, 0.0):265 (1.4531, 0.4844):161 (0.2852, 0.168):132 (0.3398, 0.1445):123 (1.2344, 0.6172):120",2617,
fern_t_m22,18,DICK,22,betrag der geschwindigkeit px/frame,1.72:361 1.65:353 0.92:283 1.75:269 1.53:161 0.33:132 0.37:123 1.38:120,2617,
fern_t_m22,18,DICK,22,frames weg von der figur / zur figur,1103 / 1514,2617,blickt zur Figur:1086 blickt weg:17
fern_t_m22,18,DICK,22,verteilung |dx| zur figur (20er-klassen: frames),0:1255 20:271 40:365 60:256 80:424 100:1020 120:2018 140:269 160:24 180:23 200:22 220:20 240:20 260:2,5989,
fern_t_m22,18,DICK,22,"verteilung |dx|, figur steht frei (zustand 1, aktion 0)",0:531 20:88 40:201 60:86 80:129 100:221 120:412 140:158 160:5 180:5 200:5 220:3,1844,
fern_t_m22,18,DICK,22,"reaktion, waehrend die figur auf ihn zugeht (frames)",,0,
fern_t_r14,13,DICK,14,"zielpunkt (dx,dz)","(-120, -24):7 (-128, 0):6 (-120, 24):1",14,
fern_t_r14,13,DICK,14,vorbereitung frames,1 1 1 15 12 15 13 1 1 14 12 13 14 1,14,
fern_t_r14,13,DICK,14,vorbereitung dz start>ende,-3>-3 4>4 -2>-2 -22>-6 -19>-6 -22>-6 -19>-5 -3>-3 4>4 19>4 -19>-6 -19>-6 -21>-6 -3>-3,14,
fern_t_r14,13,DICK,14,abstand x bei start der vorbereitung,136 120 121 112 122 127 122 120 136 112 125 121 127 120,14,
fern_t_r14,13,DICK,14,d bei angriffsbeginn,"('Rakete', 120):3 ('Rakete', 136):2 ('Rakete', 121):2 ('Rakete', 112):2 ('Rakete', 122):2 ('Rakete', 127):2 ('Rakete', 125):1",14,
fern_t_r14,13,DICK,14,dz bei angriffsbeginn,"('Rakete', -6):6 ('Rakete', -3):3 ('Rakete', 4):3 ('Rakete', -2):1 ('Rakete', -5):1",14,
fern_t_r14,13,DICK,14,"geschwindigkeit (|vx|,|vz|) px/frame, haeufigste","(1.75, 0.0):327 (0.3398, 0.8555):310 (1.6133, 0.332):270 (1.7148, 0.168):262 (0.0, 0.875):177 (0.0, 1.125):172 (1.4531, 0.4844):151 (0.9688, 0.7266):132",2507,
fern_t_r14,13,DICK,14,betrag der geschwindigkeit px/frame,1.75:330 0.92:310 1.65:270 1.72:262 0.88:177 1.12:172 1.53:151 1.21:132,2507,
fern_t_r14,13,DICK,14,frames weg von der figur / zur figur,977 / 1530,2507,blickt zur Figur:967 blickt weg:10
fern_t_r14,13,DICK,14,verteilung |dx| zur figur (20er-klassen: frames),0:1017 20:112 40:175 60:244 80:504 100:949 120:2095 140:529 160:98 180:24 200:23 220:80,5850,
fern_t_r14,13,DICK,14,"verteilung |dx|, figur steht frei (zustand 1, aktion 0)",0:944 20:78 40:91 60:67 80:322 100:595 120:903 140:100 160:28 180:5 200:5 220:3,3141,
fern_t_r14,13,DICK,14,"reaktion, waehrend die figur auf ihn zugeht (frames)",,0,
fern_t_r14,18,DICK,14,"zielpunkt (dx,dz)",,0,
fern_t_r14,18,DICK,14,vorbereitung frames,,0,
fern_t_r14,18,DICK,14,vorbereitung dz start>ende,,0,
fern_t_r14,18,DICK,14,abstand x bei start der vorbereitung,,0,
fern_t_r14,18,DICK,14,d bei angriffsbeginn,,0,
fern_t_r14,18,DICK,14,dz bei angriffsbeginn,,0,
fern_t_r14,18,DICK,14,"geschwindigkeit (|vx|,|vz|) px/frame, haeufigste",,0,
fern_t_r14,18,DICK,14,betrag der geschwindigkeit px/frame,,0,
fern_t_r14,18,DICK,14,frames weg von der figur / zur figur,0 / 0,0,
fern_t_r14,18,DICK,14,verteilung |dx| zur figur (20er-klassen: frames),,0,
fern_t_r14,18,DICK,14,"verteilung |dx|, figur steht frei (zustand 1, aktion 0)",,0,
fern_t_r14,18,DICK,14,"reaktion, waehrend die figur auf ihn zugeht (frames)",,0,
fern_t_r24,10,DICK,24,"zielpunkt (dx,dz)","(-128, 0):6 (-120, -24):1",7,
fern_t_r24,10,DICK,24,vorbereitung frames,1 1 1 1 1 13 1,7,
fern_t_r24,10,DICK,24,vorbereitung dz start>ende,2>2 -3>-3 -2>-2 -3>-3 -3>-3 -20>-6 3>3,7,
fern_t_r24,10,DICK,24,abstand x bei start der vorbereitung,120 120 121 120 121 120 120,7,
fern_t_r24,10,DICK,24,d bei angriffsbeginn,"('Rakete', 120):5 ('Rakete', 121):2",7,
fern_t_r24,10,DICK,24,dz bei angriffsbeginn,"('Rakete', -3):3 ('Rakete', 2):1 ('Rakete', -2):1 ('Rakete', -6):1 ('Rakete', 3):1",7,
fern_t_r24,10,DICK,24,"geschwindigkeit (|vx|,|vz|) px/frame, haeufigste","(1.75, 0.0):504 (1.6133, 0.332):450 (0.3398, 0.8555):373 (1.7148, 0.168):318 (0.3398, 0.1445):134 (1.4531, 0.4844):127 (1.2344, 0.6172):90 (0.9688, 0.7266):75",2694,
fern_t_r24,10,DICK,24,betrag der geschwindigkeit px/frame,1.75:510 1.65:450 0.92:373 1.72:318 0.37:134 1.53:127 1.38:90 1.21:75,2694,
fern_t_r24,10,DICK,24,frames weg von der figur / zur figur,1177 / 1517,2694,blickt zur Figur:1160 blickt weg:17
fern_t_r24,10,DICK,24,verteilung |dx| zur figur (20er-klassen: frames),0:1620 20:553 40:335 60:219 80:590 100:601 120:1548 140:241 160:23 180:22 200:22 220:23 240:13,5810,
fern_t_r24,10,DICK,24,"verteilung |dx|, figur steht frei (zustand 1, aktion 0)",0:1074 20:251 40:212 60:117 80:293 100:292 120:497 140:55 160:5 180:5 200:5 220:3,2809,
fern_t_r24,10,DICK,24,"reaktion, waehrend die figur auf ihn zugeht (frames)",,0,
fern_t_r24,13,DICK,24,"zielpunkt (dx,dz)","(-128, 0):8 (-120, -24):2 (-120, 24):1",11,
fern_t_r24,13,DICK,24,vorbereitung frames,12 1 1 1 1 1 1 1 14 13 1,11,
fern_t_r24,13,DICK,24,vorbereitung dz start>ende,-19>-6 5>5 -2>-2 -3>-3 -6>-6 2>2 -3>-3 -3>-3 -21>-6 19>5 -2>-2,11,
fern_t_r24,13,DICK,24,abstand x bei start der vorbereitung,119 126 120 136 136 121 120 120 128 112 121,11,
fern_t_r24,13,DICK,24,d bei angriffsbeginn,"('Rakete', 120):3 ('Rakete', 136):2 ('Rakete', 121):2 ('Rakete', 119):1 ('Rakete', 126):1 ('Rakete', 128):1 ('Rakete', 112):1",11,
fern_t_r24,13,DICK,24,dz bei angriffsbeginn,"('Rakete', -6):3 ('Rakete', -3):3 ('Rakete', 5):2 ('Rakete', -2):2 ('Rakete', 2):1",11,
fern_t_r24,13,DICK,24,"geschwindigkeit (|vx|,|vz|) px/frame, haeufigste","(1.75, 0.0):476 (1.7148, 0.168):411 (1.6133, 0.332):365 (0.3398, 0.8555):337 (0.3398, 0.1445):162 (1.4531, 0.4844):142 (0.0, 0.875):128 (0.9688, 0.7266):114",2783,
fern_t_r24,13,DICK,24,betrag der geschwindigkeit px/frame,1.75:479 1.72:411 1.65:365 0.92:337 0.37:162 1.53:142 0.88:128 1.21:114,2783,
fern_t_r24,13,DICK,24,frames weg von der figur / zur figur,1141 / 1642,2783,blickt zur Figur:1123 blickt weg:18
fern_t_r24,13,DICK,24,verteilung |dx| zur figur (20er-klassen: frames),0:807 20:253 40:531 60:281 80:406 100:1004 120:2262 140:214 160:29 180:55 200:5 220:3,5850,
fern_t_r24,13,DICK,24,"verteilung |dx|, figur steht frei (zustand 1, aktion 0)",0:665 20:197 40:213 60:143 80:140 100:334 120:1075 140:64 160:5 180:5 200:5 220:3,2849,
fern_t_r24,13,DICK,24,"reaktion, waehrend die figur auf ihn zugeht (frames)",,0,
fern_t_r24,18,DICK,24,"zielpunkt (dx,dz)",,0,
fern_t_r24,18,DICK,24,vorbereitung frames,,0,
fern_t_r24,18,DICK,24,vorbereitung dz start>ende,,0,
fern_t_r24,18,DICK,24,abstand x bei start der vorbereitung,,0,
fern_t_r24,18,DICK,24,d bei angriffsbeginn,,0,
fern_t_r24,18,DICK,24,dz bei angriffsbeginn,,0,
fern_t_r24,18,DICK,24,"geschwindigkeit (|vx|,|vz|) px/frame, haeufigste",,0,
fern_t_r24,18,DICK,24,betrag der geschwindigkeit px/frame,,0,
fern_t_r24,18,DICK,24,frames weg von der figur / zur figur,0 / 0,0,
fern_t_r24,18,DICK,24,verteilung |dx| zur figur (20er-klassen: frames),,0,
fern_t_r24,18,DICK,24,"verteilung |dx|, figur steht frei (zustand 1, aktion 0)",,0,
fern_t_r24,18,DICK,24,"reaktion, waehrend die figur auf ihn zugeht (frames)",,0,
fern_t_rr14,13,DICK,14,"zielpunkt (dx,dz)","(-128, 0):5 (-120, 24):5 (-120, -24):2 (128, 0):2",14,
fern_t_rr14,13,DICK,14,vorbereitung frames,1 1 12 12 1 16 1 1 1 12 12 1 13 17,14,
fern_t_rr14,13,DICK,14,vorbereitung dz start>ende,-2>-2 3>3 -19>-6 -19>-6 5>5 21>4 -6>-6 -1>-1 5>5 18>5 18>5 1>1 18>5 22>4,14,
fern_t_rr14,13,DICK,14,abstand x bei start der vorbereitung,121 120 120 125 136 128 123 120 123 121 121 120 122 113,14,
fern_t_rr14,13,DICK,14,d bei angriffsbeginn,"('Rakete', 120):4 ('Rakete', 121):3 ('Rakete', 123):2 ('Rakete', 125):1 ('Rakete', 136):1 ('Rakete', 128):1 ('Rakete', 122):1 ('Rakete', 113):1",14,
fern_t_rr14,13,DICK,14,dz bei angriffsbeginn,"('Rakete', 5):5 ('Rakete', -6):3 ('Rakete', 4):2 ('Rakete', -2):1 ('Rakete', 3):1 ('Rakete', -1):1 ('Rakete', 1):1",14,
fern_t_rr14,13,DICK,14,"geschwindigkeit (|vx|,|vz|) px/frame, haeufigste","(1.7148, 0.168):731 (1.75, 0.0):346 (0.9688, 0.7266):231 (1.6133, 0.332):195 (0.0, 0.875):176 (1.4531, 0.4844):156 (1.2344, 0.6172):156 (0.3398, 0.8555):152",2600,
fern_t_rr14,13,DICK,14,betrag der geschwindigkeit px/frame,1.72:731 1.75:348 1.21:231 1.65:195 0.88:176 1.53:156 1.38:156 0.92:152,2600,
fern_t_rr14,13,DICK,14,frames weg von der figur / zur figur,1086 / 1514,2600,blickt zur Figur:1073 blickt weg:13
fern_t_rr14,13,DICK,14,verteilung |dx| zur figur (20er-klassen: frames),0:736 20:335 40:488 60:676 80:389 100:1039 120:1848 140:188 160:82 180:21 200:25 220:5 240:5 260:5 280:5 300:3,5850,
fern_t_rr14,13,DICK,14,"verteilung |dx|, figur steht frei (zustand 1, aktion 0)",0:476 20:148 40:340 60:237 80:196 100:697 120:705 140:99 160:82 180:21 200:25 220:5 240:5 260:5 280:5 300:3,3049,
fern_t_rr14,13,DICK,14,"reaktion, waehrend die figur auf ihn zugeht (frames)",,0,
fern_t_rr14,18,DICK,14,"zielpunkt (dx,dz)",,0,
fern_t_rr14,18,DICK,14,vorbereitung frames,,0,
fern_t_rr14,18,DICK,14,vorbereitung dz start>ende,,0,
fern_t_rr14,18,DICK,14,abstand x bei start der vorbereitung,,0,
fern_t_rr14,18,DICK,14,d bei angriffsbeginn,,0,
fern_t_rr14,18,DICK,14,dz bei angriffsbeginn,,0,
fern_t_rr14,18,DICK,14,"geschwindigkeit (|vx|,|vz|) px/frame, haeufigste",,0,
fern_t_rr14,18,DICK,14,betrag der geschwindigkeit px/frame,,0,
fern_t_rr14,18,DICK,14,frames weg von der figur / zur figur,0 / 0,0,
fern_t_rr14,18,DICK,14,verteilung |dx| zur figur (20er-klassen: frames),,0,
fern_t_rr14,18,DICK,14,"verteilung |dx|, figur steht frei (zustand 1, aktion 0)",,0,
fern_t_rr14,18,DICK,14,"reaktion, waehrend die figur auf ihn zugeht (frames)",,0,
fern_t_rr17,11,DICK,17,"zielpunkt (dx,dz)","(-128, 0):5 (128, 0):3 (-120, -24):2 (120, -24):1",11,
fern_t_rr17,11,DICK,17,vorbereitung frames,1 1 12 1 1 12 1 13 1 1 1,11,
fern_t_rr17,11,DICK,17,vorbereitung dz start>ende,5>5 2>2 -19>-6 -6>-6 2>2 -19>-6 -2>-2 -19>-5 5>5 -3>-3 -2>-2,11,
fern_t_rr17,11,DICK,17,abstand x bei start der vorbereitung,123 121 121 121 121 112 120 122 136 121 136,11,
fern_t_rr17,11,DICK,17,d bei angriffsbeginn,"('Rakete', 121):5 ('Rakete', 136):2 ('Rakete', 123):1 ('Rakete', 112):1 ('Rakete', 120):1 ('Rakete', 122):1",11,
fern_t_rr17,11,DICK,17,dz bei angriffsbeginn,"('Rakete', -6):3 ('Rakete', 5):2 ('Rakete', 2):2 ('Rakete', -2):2 ('Rakete', -5):1 ('Rakete', -3):1",11,
fern_t_rr17,11,DICK,17,"geschwindigkeit (|vx|,|vz|) px/frame, haeufigste","(1.7148, 0.168):838 (1.75, 0.0):615 (1.6133, 0.332):349 (1.4531, 0.4844):140 (0.668, 0.8047):131 (0.3398, 0.8555):116 (0.9688, 0.7266):111 (0.0, 0.875):105",2684,
fern_t_rr17,11,DICK,17,betrag der geschwindigkeit px/frame,1.72:838 1.75:618 1.65:349 1.53:140 1.05:131 0.92:116 1.21:111 0.88:105,2684,
fern_t_rr17,11,DICK,17,frames weg von der figur / zur figur,1261 / 1423,2684,blickt zur Figur:1245 blickt weg:16
fern_t_rr17,11,DICK,17,verteilung |dx| zur figur (20er-klassen: frames),0:727 20:634 40:562 60:741 80:324 100:638 120:1913 140:192 160:18 180:12 200:11 220:20 240:5 260:5 280:5 300:3,5810,
fern_t_rr17,11,DICK,17,"verteilung |dx|, figur steht frei (zustand 1, aktion 0)",0:380 20:228 40:132 60:303 80:125 100:217 120:717 140:45 160:18 180:12 200:11 220:20 240:5 260:5 280:5 300:3,2226,
fern_t_rr17,11,DICK,17,"reaktion, waehrend die figur auf ihn zugeht (frames)",,0,
fern_t_rr17,14,DICK,17,"zielpunkt (dx,dz)","(-128, 0):4 (120, 24):3 (-120, -24):2 (-120, 24):2",11,
fern_t_rr17,14,DICK,17,vorbereitung frames,12 13 16 1 1 19 13 1 16 1 13,11,
fern_t_rr17,14,DICK,17,vorbereitung dz start>ende,-19>-6 18>5 22>5 3>3 3>3 25>5 -19>-6 5>5 22>5 -6>-6 18>4,11,
fern_t_rr17,14,DICK,17,abstand x bei start der vorbereitung,127 122 112 120 121 113 122 120 113 121 122,11,
fern_t_rr17,14,DICK,17,d bei angriffsbeginn,"('Rakete', 122):3 ('Rakete', 120):2 ('Rakete', 121):2 ('Rakete', 113):2 ('Rakete', 127):1 ('Rakete', 112):1",11,
fern_t_rr17,14,DICK,17,dz bei angriffsbeginn,"('Rakete', 5):5 ('Rakete', -6):3 ('Rakete', 3):2 ('Rakete', 4):1",11,
fern_t_rr17,14,DICK,17,"geschwindigkeit (|vx|,|vz|) px/frame, haeufigste","(1.7148, 0.168):904 (1.75, 0.0):485 (2.25, 0.0):326 (1.6133, 0.332):292 (0.9688, 0.7266):179 (0.3398, 0.8555):171 (0.0, 0.875):169 (1.4531, 0.4844):131",3134,
fern_t_rr17,14,DICK,17,betrag der geschwindigkeit px/frame,1.72:904 1.75:486 2.25:326 1.65:292 1.21:179 0.92:171 0.88:169 1.53:131,3134,
fern_t_rr17,14,DICK,17,frames weg von der figur / zur figur,1392 / 1742,3134,blickt zur Figur:1373 blickt weg:19
fern_t_rr17,14,DICK,17,verteilung |dx| zur figur (20er-klassen: frames),0:629 20:511 40:780 60:977 80:311 100:718 120:1672 140:162 160:21 180:21 200:25 220:5 240:5 260:5 280:5 300:3,5850,
fern_t_rr17,14,DICK,17,"verteilung |dx|, figur steht frei (zustand 1, aktion 0)",0:295 20:147 40:326 60:243 80:116 100:270 120:753 140:26 160:21 180:21 200:25 220:5 240:5 260:5 280:5 300:3,2266,
fern_t_rr17,14,DICK,17,"reaktion, waehrend die figur auf ihn zugeht (frames)",,0,
fern_t_r17,13,DICK,17,"zielpunkt (dx,dz)","(-128, 0):6 (-120, -24):3 (128, 0):1 (-120, 24):1",11,
fern_t_r17,13,DICK,17,vorbereitung frames,1 1 18 1 14 1 12 1 1 1 13,11,
fern_t_r17,13,DICK,17,vorbereitung dz start>ende,-1>-1 -6>-6 24>5 -6>-6 -21>-6 -3>-3 -19>-6 -2>-2 5>5 -2>-2 -19>-5,11,
fern_t_r17,13,DICK,17,abstand x bei start der vorbereitung,121 135 113 133 128 120 122 136 124 120 122,11,
fern_t_r17,13,DICK,17,d bei angriffsbeginn,"('Rakete', 120):2 ('Rakete', 122):2 ('Rakete', 121):1 ('Rakete', 135):1 ('Rakete', 113):1 ('Rakete', 133):1 ('Rakete', 128):1 ('Rakete', 136):1 ('Rakete', 124):1",11,
fern_t_r17,13,DICK,17,dz bei angriffsbeginn,"('Rakete', -6):4 ('Rakete', 5):2 ('Rakete', -2):2 ('Rakete', -1):1 ('Rakete', -3):1 ('Rakete', -5):1",11,
fern_t_r17,13,DICK,17,"geschwindigkeit (|vx|,|vz|) px/frame, haeufigste","(1.75, 0.0):487 (1.7148, 0.168):396 (0.3398, 0.8555):246 (1.6133, 0.332):245 (1.2344, 0.6172):153 (1.4531, 0.4844):149 (0.0, 1.125):101 (0.668, 0.8047):97",2419,
fern_t_r17,13,DICK,17,betrag der geschwindigkeit px/frame,1.75:492 1.72:396 0.92:246 1.65:245 1.38:153 1.53:149 1.12:101 1.05:97,2419,
fern_t_r17,13,DICK,17,frames weg von der figur / zur figur,985 / 1434,2419,blickt zur Figur:976 blickt weg:9
fern_t_r17,13,DICK,17,verteilung |dx| zur figur (20er-klassen: frames),0:849 20:195 40:157 60:289 80:780 100:755 120:1963 140:511 160:107 180:100 200:23 220:81,5810,
fern_t_r17,13,DICK,17,"verteilung |dx|, figur steht frei (zustand 1, aktion 0)",0:324 20:7 40:22 60:39 80:189 100:333 120:559 140:122 160:29 180:5 200:5 220:3,1637,
fern_t_r17,13,DICK,17,"reaktion, waehrend die figur auf ihn zugeht (frames)",,0,
fern_t_r17,14,DICK,17,"zielpunkt (dx,dz)","(-128, 0):4 (-120, -24):2",6,
fern_t_r17,14,DICK,17,vorbereitung frames,12 14 1 1 1 1,6,
fern_t_r17,14,DICK,17,vorbereitung dz start>ende,-19>-6 -20>-6 4>4 -3>-3 -3>-3 -3>-3,6,
fern_t_r17,14,DICK,17,abstand x bei start der vorbereitung,119 128 136 121 121 120,6,
fern_t_r17,14,DICK,17,d bei angriffsbeginn,"('Rakete', 121):2 ('Rakete', 119):1 ('Rakete', 128):1 ('Rakete', 136):1 ('Rakete', 120):1",6,
fern_t_r17,14,DICK,17,dz bei angriffsbeginn,"('Rakete', -3):3 ('Rakete', -6):2 ('Rakete', 4):1",6,
fern_t_r17,14,DICK,17,"geschwindigkeit (|vx|,|vz|) px/frame, haeufigste","(1.75, 0.0):586 (1.7148, 0.168):451 (1.6133, 0.332):268 (0.3398, 0.8555):211 (0.3398, 0.1445):154 (2.25, 0.0):113 (0.4375, 0.1016):93 (0.0, 0.875):87",2650,
fern_t_r17,14,DICK,17,betrag der geschwindigkeit px/frame,1.75:590 1.72:451 1.65:268 0.92:211 0.37:154 2.25:113 0.45:93 0.88:87,2650,
fern_t_r17,14,DICK,17,frames weg von der figur / zur figur,1085 / 1565,2650,blickt zur Figur:1063 blickt weg:22
fern_t_r17,14,DICK,17,verteilung |dx| zur figur (20er-klassen: frames),0:1449 20:495 40:427 60:330 80:424 100:1164 120:1115 140:337 160:22 180:23 200:28 220:32 240:4,5850,
fern_t_r17,14,DICK,17,"verteilung |dx|, figur steht frei (zustand 1, aktion 0)",0:439 20:192 40:235 60:47 80:231 100:174 120:249 140:92 160:5 180:5 200:5 220:3,1677,
fern_t_r17,14,DICK,17,"reaktion, waehrend die figur auf ihn zugeht (frames)",,0,
fern_t_r22h,10,DICK,22,"zielpunkt (dx,dz)","(-120, -24):4 (-128, 0):2 (-120, 24):1",7,
fern_t_r22h,10,DICK,22,vorbereitung frames,1 15 1 12 12 15 13,7,
fern_t_r22h,10,DICK,22,vorbereitung dz start>ende,-1>-1 20>4 5>5 -19>-6 -19>-6 -21>-6 -19>-6,7,
fern_t_r22h,10,DICK,22,abstand x bei start der vorbereitung,121 112 134 125 124 128 112,7,
fern_t_r22h,10,DICK,22,d bei angriffsbeginn,"('Rakete', 112):2 ('Rakete', 121):1 ('Rakete', 134):1 ('Rakete', 125):1 ('Rakete', 124):1 ('Rakete', 128):1",7,
fern_t_r22h,10,DICK,22,dz bei angriffsbeginn,"('Rakete', -6):4 ('Rakete', -1):1 ('Rakete', 4):1 ('Rakete', 5):1",7,
fern_t_r22h,10,DICK,22,"geschwindigkeit (|vx|,|vz|) px/frame, haeufigste","(1.75, 0.0):521 (1.7148, 0.168):386 (1.6133, 0.332):367 (0.3398, 0.8555):266 (1.4531, 0.4844):129 (0.3398, 0.1445):108 (1.2344, 0.6172):93 (0.9688, 0.7266):81",2497,
fern_t_r22h,10,DICK,22,betrag der geschwindigkeit px/frame,1.75:526 1.72:386 1.65:367 0.92:266 1.53:129 0.37:108 1.38:93 1.21:81,2497,
fern_t_r22h,10,DICK,22,frames weg von der figur / zur figur,1062 / 1435,2497,blickt zur Figur:1046 blickt weg:16
fern_t_r22h,10,DICK,22,verteilung |dx| zur figur (20er-klassen: frames),0:1436 20:438 40:561 60:393 80:851 100:751 120:1155 140:128 160:23 180:5 200:5 220:3,5749,
fern_t_r22h,10,DICK,22,"verteilung |dx|, figur steht frei (zustand 1, aktion 0)",0:996 20:342 40:260 60:297 80:302 100:308 120:584 140:41 160:5 180:5 200:5 220:3,3148,
fern_t_r22h,10,DICK,22,"reaktion, waehrend die figur auf ihn zugeht (frames)",bleibt in x (akt 2):31 weicht zurueck (akt 0):9 kommt naeher (akt 0):1,41,
fern_t_r22h,13,DICK,22,"zielpunkt (dx,dz)","(-120, -24):3 (-128, 0):3 (-120, 24):3",9,
fern_t_r22h,13,DICK,22,vorbereitung frames,12 1 12 1 13 15 15 12 1,9,
fern_t_r22h,13,DICK,22,vorbereitung dz start>ende,-19>-6 0>0 18>5 -2>-2 18>5 -22>-6 -21>-6 18>5 -2>-2,9,
fern_t_r22h,13,DICK,22,abstand x bei start der vorbereitung,119 121 126 121 120 128 128 121 121,9,
fern_t_r22h,13,DICK,22,d bei angriffsbeginn,"('Rakete', 121):4 ('Rakete', 128):2 ('Rakete', 119):1 ('Rakete', 126):1 ('Rakete', 120):1",9,
fern_t_r22h,13,DICK,22,dz bei angriffsbeginn,"('Rakete', -6):3 ('Rakete', 5):3 ('Rakete', -2):2 ('Rakete', 0):1",9,
fern_t_r22h,13,DICK,22,"geschwindigkeit (|vx|,|vz|) px/frame, haeufigste","(1.75, 0.0):678 (1.7148, 0.168):424 (1.6133, 0.332):356 (0.3398, 0.8555):349 (0.3398, 0.1445):213 (1.4531, 0.4844):146 (0.0, 1.125):134 (0.0, 0.875):97",3019,
fern_t_r22h,13,DICK,22,betrag der geschwindigkeit px/frame,1.75:683 1.72:424 1.65:356 0.92:349 0.37:213 1.53:146 1.12:134 0.88:97,3019,
fern_t_r22h,13,DICK,22,frames weg von der figur / zur figur,1320 / 1699,3019,blickt zur Figur:1304 blickt weg:16
fern_t_r22h,13,DICK,22,verteilung |dx| zur figur (20er-klassen: frames),0:1472 20:368 40:367 60:468 80:384 100:559 120:1842 140:155 160:84 180:82 200:5 220:3,5789,
fern_t_r22h,13,DICK,22,"verteilung |dx|, figur steht frei (zustand 1, aktion 0)",0:1109 20:275 40:275 60:230 80:158 100:306 120:772 140:45 160:5 180:5 200:5 220:3,3188,
fern_t_r22h,13,DICK,22,"reaktion, waehrend die figur auf ihn zugeht (frames)",weicht zurueck (akt 0):81,81,
fern_t_r22h,18,DICK,22,"zielpunkt (dx,dz)",,0,
fern_t_r22h,18,DICK,22,vorbereitung frames,,0,
fern_t_r22h,18,DICK,22,vorbereitung dz start>ende,,0,
fern_t_r22h,18,DICK,22,abstand x bei start der vorbereitung,,0,
fern_t_r22h,18,DICK,22,d bei angriffsbeginn,,0,
fern_t_r22h,18,DICK,22,dz bei angriffsbeginn,,0,
fern_t_r22h,18,DICK,22,"geschwindigkeit (|vx|,|vz|) px/frame, haeufigste",,0,
fern_t_r22h,18,DICK,22,betrag der geschwindigkeit px/frame,,0,
fern_t_r22h,18,DICK,22,frames weg von der figur / zur figur,0 / 0,0,
fern_t_r22h,18,DICK,22,verteilung |dx| zur figur (20er-klassen: frames),,0,
fern_t_r22h,18,DICK,22,"verteilung |dx|, figur steht frei (zustand 1, aktion 0)",,0,
fern_t_r22h,18,DICK,22,"reaktion, waehrend die figur auf ihn zugeht (frames)",,0,
