# Gegenpruefung Reichweite der Gegnerangriffe (V3, Praefix greichweite_v). Captain Commando,
# Stage 1, Figur Captain. EINGRIFF in allen Laeufen: LP der Figur vor jedem Frame 72.
# Erzeugt von scripts/belege_greichweite.sh (Teil V) mit messen_greichweite_v.py.
# Teil 1: uebersicht der natuerlichen Laeufe greichweite_v_n1/n4/n5/n6/n7/n8 (ohne Positionseingriff)
typ,anim_A,n,abbruch,startup,aktiv_n_ohne,aktiv_bis_ohne,aktiv_n_mit,treffer_rel,attr,schaden,umgeworfen,rueckzug_ohne,nach_ruhe_ohne,nach_ruhe_mit,"stand_vor (wert x anzahl, >0)",faces,laeufe
EDDY,64198,6,6,,,,,,,,,,,,2x1 5x1 6x1 10x1,links/rechts,n5 n6 n8
EDDY,643f8,47,1,9,5,13,12,9 bis 11,400c,6(R10)/6(R11)/6(R12)/6(R13)/6(R14)/6(R15)/6(R16)/6(R18)/6(R19)/6(R20)/6(R22)/6(R23),nein,0 bis 5,0 bis 33,17 bis 35,9x8 10x3 13x9 14x2 17x9 18x4 21x7 22x5,links/rechts,n1 n4 n5 n6 n7 n8
EDDY,644f4,15,0,9,5,13,12,9,4c0c,6(R11)/6(R12)/6(R14)/6(R15)/6(R16)/6(R19),ja,5,8 bis 36,4 bis 8,9x4 13x3 17x4 21x4,links/rechts,n4 n6 n7 n8
EDDY,645bc,69,2,10,2 bis 8,11 bis 17,15,10 bis 17,440c,6(R11)/6(R12)/6(R13)/6(R14)/6(R15)/6(R16)/6(R18)/6(R20)/6(R23),nein,0 bis 8,0 bis 41,13 bis 39,9x14 13x10 14x1 17x27 18x8 21x9,links/rechts,n1 n4 n5 n6 n7 n8
EDDY,64688,22,0,9,37,45,44 bis 51,9 bis 21,4c0c,6(R12)/6(R13)/6(R14)/6(R15)/6(R17)/6(R19)/6(R22)/6(R23),ja,0,1 bis 28,1 bis 28,9x3 10x1 13x9 14x2 17x5 18x2,links/rechts,n4 n5 n6 n7 n8
SKIP,28642,5,0,1 bis 14,3,16,3 bis 28,14,8a02/8c00/8a02/8c02,11(R12)/13(R23)/13(R24),ja,17,17,1,,links/rechts,n6
SKIP,287e0,31,0,1 bis 13,4,16,4 bis 17,13 bis 15,8402/8c00/8402/8c02,8(R11)/8(R12)/8(R13)/8(R14)/8(R15)/9(R19)/9(R21)/9(R22),nein,8,8 bis 20,1 bis 20,,links/rechts,n4 n6 n7
SKIP,289f2,5,5,,,,,,,,,,,,,links/rechts,n4 n6 n7
WOOKY,5efc8,3,3,,,,,,,,,,,,,links,n4 n6 n7
WOOKY,5f7f6,7,7,,,,,,,,,,,,1x1 2x1 5x2 7x1,links/rechts,n5 n6 n8
WOOKY,5fa54,193,14,9,3 bis 5,11 bis 13,8 bis 12,9 bis 13,400c,10(R22)/10(R23)/10(R24)/5(R10)/5(R11)/5(R12)/5(R13)/5(R14)/5(R15)/5(R16)/5(R17)/5(R18)/5(R19)/5(R20)/5(R21)/5(R23)/5(R24)/8(R12)/8(R13)/8(R14)/9(R15)/9(R16)/9(R17)/9(R18)/9(R19)/9(R20)/9(R21),ja/nein,0 bis 5,0 bis 38,0 bis 40,5x5 6x1 9x43 10x8 13x49 14x5 17x57 18x7 21x12 22x2 48x2 50x1 119x1,links/rechts,n1 n4 n5 n6 n7 n8
WOOKY,5fb50,29,3,9,5,13,8 bis 12,9 bis 13,4c0c,10(R22)/10(R24)/5(R10)/5(R11)/5(R15)/5(R17)/5(R19)/8(R13)/8(R14)/9(R16)/9(R18)/9(R19),ja,5,32 bis 36,0,5x2 9x5 13x10 17x6 21x6,links/rechts,n1 n4 n5 n6 n7 n8
WOOKY,5fc18,132,4,4,1 bis 17,4 bis 20,14 bis 17,4 bis 12,440c,10(R22)/10(R23)/10(R24)/5(R10)/5(R11)/5(R12)/5(R13)/5(R14)/5(R15)/5(R16)/5(R17)/5(R18)/5(R19)/5(R20)/5(R21)/5(R22)/8(R12)/8(R13)/8(R14)/9(R15)/9(R16)/9(R17)/9(R18)/9(R19)/9(R20)/9(R21),nein,0,0 bis 18,11 bis 18,5x2 9x29 10x4 13x42 17x34 18x6 20x1 21x13 52x1,links/rechts,n1 n4 n5 n6 n7 n8
WOOKY,5fc8c,47,2,8,10,17,8 bis 15,8 bis 15,4c0c,10(R22)/10(R23)/5(R10)/5(R11)/5(R12)/5(R13)/5(R14)/5(R15)/5(R16)/5(R17)/5(R18)/5(R19)/5(R20)/5(R21)/8(R12)/8(R13)/9(R15)/9(R16)/9(R17)/9(R18)/9(R20)/9(R21),ja,0,11 bis 30,0,,links/rechts,n1 n4 n5 n6 n7 n8
WOOKY,5fd24,14,0,10,8,17,8 bis 15,10,440c,10(R22)/5(R11)/5(R12)/5(R17)/5(R20)/5(R21)/9(R15)/9(R21),ja/nein,8,34 bis 37,0 bis 40,9x5 10x1 13x1 14x1 17x3 18x1 21x2,links/rechts,n1 n4 n5 n6 n7 n8
# Teil 2: nachlauf (natuerliche Laeufe)
typ,anim_A,wirbel,groesse,werte (wert x anzahl),spanne,n
EDDY,643f8,,mit Rueckzug,5x31,5,31
EDDY,643f8,,mit Wartepose,12x3 13x3 14x4 15x4 16x5 17x1 18x1 24x1 25x3 26x1 28x1 29x2 30x2,12 bis 30,31
EDDY,643f8,,mit bis Stand/Gehen,17x3 18x3 19x4 20x4 21x5 22x1 23x1 29x1 30x3 31x1 33x1 34x2 35x2,17 bis 35,31
EDDY,643f8,,ohne Rueckzug,0x1 3x1 5x13,0 bis 5,15
EDDY,643f8,,ohne Wartepose,0x2 14x2 15x1 16x1 17x1 18x5 27x1 28x2,0 bis 28,15
EDDY,643f8,,ohne bis Stand/Gehen,0x1 3x1 19x2 20x1 21x1 22x1 23x5 32x1 33x2,0 bis 33,15
EDDY,644f4,,mit Rueckzug,4x1 5x8,4 bis 5,9
EDDY,644f4,,mit Wartepose,0x1 2x1 3x7,0 bis 3,9
EDDY,644f4,,mit bis Stand/Gehen,4x1 7x1 8x7,4 bis 8,9
EDDY,644f4,,ohne Rueckzug,5x6,5,6
EDDY,644f4,,ohne Wartepose,3x1 25x1 26x1 28x1 29x1 31x1,3 bis 31,6
EDDY,644f4,,ohne bis Stand/Gehen,8x1 30x1 31x1 33x1 34x1 36x1,8 bis 36,6
EDDY,645bc,,mit Rueckzug,8x42,8,42
EDDY,645bc,,mit Wartepose,5x1 8x1 12x2 13x4 14x3 15x5 16x4 17x2 18x1 24x1 25x1 26x2 27x5 28x3 29x3 30x2 31x2,5 bis 31,42
EDDY,645bc,,mit bis Angriff,13x1 16x1,13 bis 16,2
EDDY,645bc,,mit bis Stand/Gehen,20x2 21x4 22x3 23x5 24x4 25x2 26x1 32x1 33x1 34x2 35x5 36x3 37x3 38x2 39x2,20 bis 39,40
EDDY,645bc,,ohne Rueckzug,0x1 6x1 8x21,0 bis 8,23
EDDY,645bc,,ohne Wartepose,0x2 12x1 14x2 15x1 17x1 18x2 25x2 27x3 28x3 29x1 30x2 32x1 33x2,0 bis 33,23
EDDY,645bc,,ohne bis Stand/Gehen,0x1 6x1 20x1 22x2 23x1 25x1 26x2 33x2 35x3 36x3 37x1 38x2 40x1 41x2,0 bis 41,23
EDDY,64688,,mit Rueckzug,0x13,0,13
EDDY,64688,,mit Wartepose,1x9 23x1 27x2 28x1,1 bis 28,13
EDDY,64688,,mit bis Stand/Gehen,1x9 23x1 27x2 28x1,1 bis 28,13
EDDY,64688,,ohne Rueckzug,0x9,0,9
EDDY,64688,,ohne Wartepose,1x7 28x2,1 bis 28,9
EDDY,64688,,ohne bis Stand/Gehen,1x7 28x2,1 bis 28,9
SKIP,28642,,ohne Rueckzug,17x1,17,1
SKIP,28642,,ohne Wartepose,0x1,0,1
SKIP,28642,,ohne bis Stand/Gehen,17x1,17,1
SKIP,28642,ja,mit Rueckzug,1x3,1,3
SKIP,28642,ja,mit Wartepose,0x3,0,3
SKIP,28642,ja,mit bis Stand/Gehen,1x3,1,3
SKIP,287e0,,mit Rueckzug,8x16,8,16
SKIP,287e0,,mit Wartepose,0x3 12x13,0 bis 12,16
SKIP,287e0,,mit bis Angriff,20x13,20,13
SKIP,287e0,,mit bis Stand/Gehen,8x3,8,3
SKIP,287e0,,ohne Rueckzug,8x14,8,14
SKIP,287e0,,ohne Wartepose,0x12 12x2,0 bis 12,14
SKIP,287e0,,ohne bis Angriff,20x2,20,2
SKIP,287e0,,ohne bis Stand/Gehen,8x12,8,12
SKIP,287e0,ja,mit Rueckzug,1x1,1,1
SKIP,287e0,ja,mit Wartepose,0x1,0,1
SKIP,287e0,ja,mit bis Stand/Gehen,1x1,1,1
WOOKY,5fa54,,mit Rueckzug,0x4 1x1 2x1 5x107,0 bis 5,113
WOOKY,5fa54,,mit Wartepose,0x6 11x4 12x3 13x5 14x11 15x14 16x7 17x4 18x5 21x1 22x2 23x1 24x5 25x1 26x8 27x3 28x7 29x4 30x7 31x7 32x3 34x2 35x3,0 bis 35,113
WOOKY,5fa54,,mit bis Angriff,26x1 27x2 28x1 29x4 30x1 31x6 32x1 34x2 35x3 36x3 37x3 39x2 40x3,26 bis 40,32
WOOKY,5fa54,,mit bis Stand/Gehen,0x4 1x1 2x1 16x4 17x3 18x5 19x11 20x14 21x7 22x4 23x5 29x1 31x2 32x2 33x7 34x2 35x4 36x4,0 bis 36,81
WOOKY,5fa54,,ohne Rueckzug,4x1 5x60,4 bis 5,61
WOOKY,5fa54,,ohne Wartepose,0x1 1x1 13x1 14x6 15x7 16x6 17x3 18x1 19x1 22x1 23x2 24x4 25x3 26x3 27x5 28x2 29x2 30x2 31x7 32x1 33x2,0 bis 33,61
WOOKY,5fa54,,ohne bis Angriff,28x1 29x2 30x2 31x1 32x1 34x1 35x1 36x3 37x1 38x2,28 bis 38,15
WOOKY,5fa54,,ohne bis Stand/Gehen,4x1 6x1 18x1 19x6 20x7 21x6 22x3 23x1 24x1 27x1 28x1 29x2 30x1 31x2 32x4 33x2 34x1 35x1 36x4,4 bis 36,46
WOOKY,5fb50,,mit Rueckzug,0x23,0,23
WOOKY,5fb50,,mit Wartepose,0x23,0,23
WOOKY,5fb50,,mit bis Stand/Gehen,0x23,0,23
WOOKY,5fb50,,ohne Rueckzug,5x3,5,3
WOOKY,5fb50,,ohne Wartepose,27x1 30x1 31x1,27 bis 31,3
WOOKY,5fb50,,ohne bis Stand/Gehen,32x1 35x1 36x1,32 bis 36,3
WOOKY,5fc18,,mit Rueckzug,0x88,0,88
WOOKY,5fc18,,mit Wartepose,11x6 12x3 13x9 14x16 15x17 16x19 17x15 18x3,11 bis 18,88
WOOKY,5fc18,,mit bis Angriff,11x1 12x1,11 bis 12,2
WOOKY,5fc18,,mit bis Stand/Gehen,11x5 12x2 13x9 14x16 15x17 16x19 17x15 18x3,11 bis 18,86
WOOKY,5fc18,,ohne Rueckzug,0x35,0,35
WOOKY,5fc18,,ohne Wartepose,3x1 12x3 13x4 14x7 15x7 16x9 17x2 18x2,3 bis 18,35
WOOKY,5fc18,,ohne bis Stand/Gehen,3x1 12x3 13x4 14x7 15x7 16x9 17x2 18x2,3 bis 18,35
WOOKY,5fc8c,,mit Rueckzug,0x37,0,37
WOOKY,5fc8c,,mit Wartepose,0x37,0,37
WOOKY,5fc8c,,mit bis Stand/Gehen,0x37,0,37
WOOKY,5fc8c,,ohne Rueckzug,0x8,0,8
WOOKY,5fc8c,,ohne Wartepose,11x1 26x3 27x1 30x3,11 bis 30,8
WOOKY,5fc8c,,ohne bis Stand/Gehen,11x1 26x3 27x1 30x3,11 bis 30,8
WOOKY,5fd24,,mit Rueckzug,0x1 8x9,0 bis 8,10
WOOKY,5fd24,,mit Wartepose,0x1 5x1 28x2 29x1 30x2 31x2 32x1,0 bis 32,10
WOOKY,5fd24,,mit bis Stand/Gehen,0x1 13x1 36x2 37x1 38x2 39x2 40x1,0 bis 40,10
WOOKY,5fd24,,ohne Rueckzug,8x4,8,4
WOOKY,5fd24,,ohne Wartepose,26x1 28x2 29x1,26 bis 29,4
WOOKY,5fd24,,ohne bis Stand/Gehen,34x1 36x2 37x1,34 bis 37,4
# Teil 3: serien (natuerliche Laeufe)
lauf,slot,typ,folge
greichweite_v_n1,14,WOOKY,B+ B+ UA+ | A A+ B+ B+ A+ UB+ | A A+ B+ ...
greichweite_v_n1,15,WOOKY,B+ B A B+ ...
greichweite_v_n1,16,WOOKY,B+ B+ A+ ...
greichweite_v_n1,17,EDDY,B+ B+ B B B A ...
greichweite_v_n1,18,WOOKY,A+ A+ UA+ | A+ A+ A+ UB+ | A A UA+ | C A+ A+ UB+ | A B+ B+ A+ A+ UB | A+ B+ ...
greichweite_v_n4,14,WOOKY,B+ B A UB+ | A+ A+ UB+ | A+ A A B+ B+ A+ UB+ | A+ ...
greichweite_v_n4,15,WOOKY,A+ B B A+ UBx | A+ A+ UA+ | A+ A+ A+ UB+ | A Ax ...
greichweite_v_n4,16,WOOKY,C+ B B+ UA+
greichweite_v_n4,17,EDDY,A+ A+ A A+ U+ | B B+ B+ B+ B+ B B+ B B+ B+ SP+ | B+ B SP+ | B+ B SP | SP
greichweite_v_n4,18,SKIP,M M+ M M+ M+ M+ Mw+ M ...
greichweite_v_n5,14,WOOKY,A+ B B+ A+ C+ B+ B A UB+ | B+ B+ UA+ | A A A+ UA+ | A ...
greichweite_v_n5,15,WOOKY,A+ A+ UA+ | A+ B+ B+ A A+ UA+ | A+ A+ A+ UB+ | B+ ...
greichweite_v_n5,16,WOOKY,B+ B+ A+ B+ B+ A+ UB+ | B ...
greichweite_v_n5,17,EDDY,B+ B B+ A+ SP+ | B+ SP+ | SP+ | B B+ B+ B SP | Ax A+ SP | B+ B ...
greichweite_v_n5,18,WOOKY,A+ A+ UA+ | A+ A+ A+ UB+ | B+ A+ A UB+ | A Ax B+ Bx A A UB | B+ B A+ A ...
greichweite_v_n6,14,WOOKY,B+ B A A+ A+ A UB+ | B+ B+ UA | A+ A+ A+ B+ B A A+ A A UA+ | Bx B B A+ UB+ | A+ A B B A UB | A B ...
greichweite_v_n6,15,WOOKY,A+ A A UB | B B+ Ax A+ B+ B+ A+ UB+ | B+ B+ B+ Ax Bx B+ B+ Ax A+ A+ B A+ A+ UA+ | B+ A A A+ A+ UA+ | Bx A A+ UAx
greichweite_v_n6,16,WOOKY,C+ B B+ UA+ | A+ A A UBx | B+ B+ A UB+ | B+ B+ A+ UB+ | A+ A+ UA+ | B B+ A UB+ | B B UA+ | A A+ A+ UA+ | A A Ax A A+ UA | A+ A+ UB+ | B B+ A+ UB+
greichweite_v_n6,17,EDDY,A+ A+ A A+ U+ | B B+ B+ B+ B+ A SP+ | B+ B SP | A SP+ | A A+ A U | SP | B B B+ Bx B+ B ...
greichweite_v_n6,18,SKIP,M M+ M M M+ M+ AFw+ | M M+ M+ M M M+ M+ M+ AF | M AFw+ | AFw+ | AF+
greichweite_v_n7,14,WOOKY,A+ A+ B B+ A+ UB+ | C+ B B+ A+ UB | A A A+ A+ UA+ | Ax ...
greichweite_v_n7,15,WOOKY,A C+ C+ B+ B+ A+ UB+ | A A UB+ | C B+ B A+ UB+ | A+ A A Ax ...
greichweite_v_n7,16,WOOKY,A+ B+ B A+ UB+ | B+ B+ A+ UB+ | B+ B+ A+ UB+ | C+ A+ A+ UB+ | B B+ UA | C+ B+ B A UB | Ax B+ B+ A UB | A A+ ...
greichweite_v_n7,17,EDDY,A+ A+ U+ | B+ B+ A+ A+ U+ | B+ A+ A+ U+ | A+ B+ B+ B+ B+ B+ A+ A+ U+ | B+ B+ A+ A+ U+ | SP+ | A+ B B+ B+ A+ A U | SP | B B B A SP | A A U | A+ A B B A+ A U
greichweite_v_n7,18,SKIP,M M+ M+ M+ M+ M M M ...
greichweite_v_n8,14,WOOKY,B+ A+ B+ B+ A UB | B+ B UAx | B B+ A A A+ UB+ | B B+ A UB+ | B+ B+ A+ UB+ | A+ A+ A UAx | A A+ B+ B A+ Ax ...
greichweite_v_n8,15,WOOKY,Ax A+ A C A+ A A+ UA+ | A A+ UA+ | A+ Ax A+ A+ UA+ | B B+ A+ UB+ | B+ B ...
greichweite_v_n8,16,WOOKY,C+ C B B A Ax A A+ B+ B+ B+ B+ A+ UB+ | C+ B+ B+ B+ B A+ UB+ | A+ ...
greichweite_v_n8,17,EDDY,B+ B+ Bx B+ A+ A+ U+ | A+ A U | SP+ | SP+ | B+ B+ A+ SP | A+ A+ U+ | SP+ | B B+ A+ A U | SP+ | B SP+
greichweite_v_n8,18,WOOKY,B+ B+ A+ UB+ | B+ B+ B+ B+ UA+ | B+ B+ A+ UB+ | A A+ A+ A+ UA+ | A+ A+ UB+ | A Ax ...

vor UB (Angriff/Folgeanimation),A/5fc8c x47
normale Angriffe vor einem Umwerfangriff,EDDY,0x9 1x3 2x8 3x3 4x8 6x4 8x1 10x1
normale Angriffe vor einem Umwerfangriff,SKIP,0x2 1x1 6x1 8x1
normale Angriffe vor einem Umwerfangriff,WOOKY,2x17 3x27 4x11 5x9 6x6 7x2 8x1 9x1 13x2
# Teil 4: Proben ab den Savestates (EINGRIFF Figur ab A+1 relativ zum Gegner, siehe Laufname;
# ergebnis T Treffer, L aktiv ohne Treffer, X Abbruch; gueltig = Eingriff hat gegriffen)
lauf,quelle,soll_dx,soll_dz,soll_h,zusatz,ergebnis,gueltig,slot,A,anim_A,face,pface,dx_A,dz_A,ziel,dx_A1,dz_A1,pst_A,ende,abbruch,aktiv_von,aktiv_bis,aktiv_n,attr,treffer,treffer_rel,schaden,umgeworfen,dx_treffer,dz_treffer,ph_treffer,dx_aktiv,dz_aktiv,ph_aktiv,fremd,rang,anims
greichweite_v_p_ea_l_x16_z0,ea_l,16,0,,,X,ja,17,3,643f8,links,rechts,56,1,48,16,0,1,0,ja,,,0,,nein,,,,,,,,,,,18,643f8@0
greichweite_v_p_ea_l_x17_z0,ea_l,17,0,,,T,ja,17,3,643f8,links,rechts,56,1,48,17,0,1,25,,9,20,12,400c,ja,9,6,nein,17,0,0,17..17,0..0,0..0,,18,643f8@0 64430@4 6445c@9 64490@21
greichweite_v_p_ea_l_x56_z-10,ea_l,56,-10,,,T,ja,17,3,643f8,links,rechts,56,1,48,56,-10,1,25,,9,20,12,400c,ja,9,6,nein,56,-10,0,56..56,-10..-10,0..0,,18,643f8@0 64430@4 6445c@9 64490@21
greichweite_v_p_ea_l_x56_z-11,ea_l,56,-11,,,X,ja,17,3,643f8,links,rechts,56,1,48,56,-11,1,0,ja,,,0,,nein,,,,,,,,,,,18,643f8@0
greichweite_v_p_ea_l_x56_z11,ea_l,56,11,,,T,ja,17,3,643f8,links,rechts,56,1,48,56,11,1,25,,9,20,12,400c,ja,9,6,nein,56,11,0,56..56,11..11,0..0,,18,643f8@0 64430@4 6445c@9 64490@21
greichweite_v_p_ea_l_x56_z12,ea_l,56,12,,,X,ja,17,3,643f8,links,rechts,56,1,48,56,12,1,0,ja,,,0,,nein,,,,,,,,,,,18,643f8@0
greichweite_v_p_ea_l_x80_z0,ea_l,80,0,,,T,nein (dx/dx_T),17,3,643f8,links,rechts,56,1,48,56,0,1,25,,9,20,12,400c,ja,9,6,nein,56,0,0,56..56,0..0,0..0,,18,643f8@0 64430@4 6445c@9 64490@21
greichweite_v_p_ea_l_x81_z0,ea_l,81,0,,,T,nein (dx/dx_T),17,3,643f8,links,rechts,56,1,48,56,0,1,25,,9,20,12,400c,ja,9,6,nein,56,0,0,56..56,0..0,0..0,,18,643f8@0 64430@4 6445c@9 64490@21
greichweite_v_p_ea_l_xnat_z0,ea_l,,,,,T,ja,17,3,643f8,links,rechts,56,1,48,56,1,1,25,,9,20,12,400c,ja,9,6,nein,56,1,0,56..56,1..1,0..0,,18,643f8@0 64430@4 6445c@9 64490@21
greichweite_v_p_ea_r2_x-48_z0,ea_r2,-48,0,,,T,ja,17,3,643f8,rechts,links,-17,0,-17,-48,0,1,25,,9,20,12,400c,ja,9,6,nein,-48,0,0,-48..-48,0..0,0..0,,13,643f8@0 64430@4 6445c@9 64490@21
greichweite_v_p_ea_r2_x-49_z0,ea_r2,-49,0,,,X,ja,17,3,643f8,rechts,links,-17,0,-17,-49,0,1,0,ja,,,0,,nein,,,,,,,,,,,13,643f8@0
greichweite_v_p_ea_r2_x15_z0,ea_r2,15,0,,,L,ja,17,3,643f8,rechts,links,-17,0,-17,15,0,1,18,,9,13,5,400c,nein,,,,,,,15..15,0..0,0..0,,13,643f8@0 64430@4 6445c@9 64490@14
greichweite_v_p_ea_r2_x16_z0,ea_r2,16,0,,,X,ja,17,3,643f8,rechts,links,-17,0,-17,16,0,1,0,ja,,,0,,nein,,,,,,,,,,,13,643f8@0
greichweite_v_p_ea_r2_x4_z0,ea_r2,4,0,,,T,ja,17,3,643f8,rechts,links,-17,0,-17,4,0,1,25,,9,20,12,400c,ja,9,6,nein,4,0,0,4..4,0..0,0..0,,13,643f8@0 64430@4 6445c@9 64490@21
greichweite_v_p_ea_r2_x5_z0,ea_r2,5,0,,,L,ja,17,3,643f8,rechts,links,-17,0,-17,5,0,1,18,,9,13,5,400c,nein,,,,,,,5..5,0..0,0..0,,13,643f8@0 64430@4 6445c@9 64490@14
greichweite_v_p_ea_r2_xnat_z0,ea_r2,,,,,T,ja,17,3,643f8,rechts,links,-17,0,-17,-17,0,1,25,,9,20,12,400c,ja,9,6,nein,-17,0,0,-17..-17,0..0,0..0,,13,643f8@0 64430@4 6445c@9 64490@21
greichweite_v_p_ea_r_x-15_z0,ea_r,-15,0,,,X,ja,17,3,643f8,rechts,links,-55,-3,-48,-15,0,1,0,ja,,,0,,nein,,,,,,,,,,,14,643f8@0
greichweite_v_p_ea_r_x-16_z0,ea_r,-16,0,,,T,ja,17,3,643f8,rechts,links,-55,-3,-48,-16,0,1,25,,9,20,12,400c,ja,9,6,nein,-16,0,0,-16..-16,0..0,0..0,,14,643f8@0 64430@4 6445c@9 64490@21
greichweite_v_p_ea_r_x-48_z0_h50,ea_r,-48,0,50,,T,ja,17,3,643f8,rechts,links,-55,-3,-48,-48,0,1,25,,9,20,12,400c,ja,9,6,ja,-48,0,48,-50..-48,0..0,48..55,,14,643f8@0 64430@4 6445c@9 64490@21
greichweite_v_p_ea_r_x-48_z0_h53,ea_r,-48,0,53,,L,ja,17,3,643f8,rechts,links,-55,-3,-48,-48,0,1,18,,9,13,5,400c,nein,,,,,,,-48..-48,0..0,50..51,,14,643f8@0 64430@4 6445c@9 64490@14
greichweite_v_p_ea_r_x-55_z-10,ea_r,-55,-10,,,T,ja,17,3,643f8,rechts,links,-55,-3,-48,-55,-10,1,25,,9,20,12,400c,ja,9,6,nein,-55,-10,0,-55..-55,-10..-10,0..0,,14,643f8@0 64430@4 6445c@9 64490@21
greichweite_v_p_ea_r_x-55_z-11,ea_r,-55,-11,,,X,ja,17,3,643f8,rechts,links,-55,-3,-48,-55,-11,1,0,ja,,,0,,nein,,,,,,,,,,,14,643f8@0
greichweite_v_p_ea_r_x-55_z11,ea_r,-55,11,,,T,ja,17,3,643f8,rechts,links,-55,-3,-48,-55,11,1,25,,9,20,12,400c,ja,9,6,nein,-55,11,0,-55..-55,11..11,0..0,,14,643f8@0 64430@4 6445c@9 64490@21
greichweite_v_p_ea_r_x-55_z12,ea_r,-55,12,,,X,ja,17,3,643f8,rechts,links,-55,-3,-48,-55,12,1,0,ja,,,0,,nein,,,,,,,,,,,14,643f8@0
greichweite_v_p_ea_r_x-79_z0,ea_r,-79,0,,,T,ja,17,3,643f8,rechts,links,-55,-3,-48,-79,0,1,25,,9,20,12,400c,ja,9,6,nein,-79,0,0,-79..-79,0..0,0..0,,14,643f8@0 64430@4 6445c@9 64490@21
greichweite_v_p_ea_r_x-80_z0,ea_r,-80,0,,,X,ja,17,3,643f8,rechts,links,-55,-3,-48,-80,0,1,0,ja,,,0,,nein,,,,,,,,,,,14,643f8@0
greichweite_v_p_ea_r_xnat_z0,ea_r,,,,,T,ja,17,3,643f8,rechts,links,-55,-3,-48,-55,-3,1,25,,9,20,12,400c,ja,9,6,nein,-55,-3,0,-55..-55,-3..-3,0..0,,14,643f8@0 64430@4 6445c@9 64490@21
greichweite_v_p_eb_l_x16_z0,eb_l,16,0,,,X,ja,17,3,645bc,links,rechts,55,-1,48,16,0,1,0,ja,,,0,,nein,,,,,,,,,,,12,645bc@0
greichweite_v_p_eb_l_x17_z0,eb_l,17,0,,,T,ja,17,3,645bc,links,rechts,55,-1,48,17,0,1,32,,10,24,15,440c,ja,10,6,nein,17,0,0,17..17,0..0,0..0,,12,645bc@0 645f4@4 64624@10 64654@25
greichweite_v_p_eb_l_x55_z-10,eb_l,55,-10,,,T,ja,17,3,645bc,links,rechts,55,-1,48,55,-10,1,32,,10,24,15,440c,ja,10,6,nein,55,-10,0,55..55,-10..-10,0..0,,12,645bc@0 645f4@4 64624@10 64654@25
greichweite_v_p_eb_l_x55_z-11,eb_l,55,-11,,,X,ja,17,3,645bc,links,rechts,55,-1,48,55,-11,1,0,ja,,,0,,nein,,,,,,,,,,,12,645bc@0
greichweite_v_p_eb_l_x55_z11,eb_l,55,11,,,T,ja,17,3,645bc,links,rechts,55,-1,48,55,11,1,32,,10,24,15,440c,ja,10,6,nein,55,11,0,55..55,11..11,0..0,,12,645bc@0 645f4@4 64624@10 64654@25
greichweite_v_p_eb_l_x55_z12,eb_l,55,12,,,X,ja,17,3,645bc,links,rechts,55,-1,48,55,12,1,0,ja,,,0,,nein,,,,,,,,,,,12,645bc@0
greichweite_v_p_eb_l_x80_z0,eb_l,80,0,,,T,nein (dx/dx_T),17,3,645bc,links,rechts,55,-1,48,55,0,1,32,,10,24,15,440c,ja,10,6,nein,55,0,0,55..55,0..0,0..0,,12,645bc@0 645f4@4 64624@10 64654@25
greichweite_v_p_eb_l_x81_z0,eb_l,81,0,,,T,nein (dx/dx_T),17,3,645bc,links,rechts,55,-1,48,55,0,1,32,,10,24,15,440c,ja,10,6,nein,55,0,0,55..55,0..0,0..0,,12,645bc@0 645f4@4 64624@10 64654@25
greichweite_v_p_eb_l_xnat_z0,eb_l,,,,,T,ja,17,3,645bc,links,rechts,55,-1,48,55,-1,1,32,,10,24,15,440c,ja,10,6,nein,55,-1,0,55..55,-1..-1,0..0,,12,645bc@0 645f4@4 64624@10 64654@25
greichweite_v_p_eb_r20_xnat_z0,eb_r20,,,,,T,ja,17,20,645bc,rechts,links,-55,3,-48,-55,3,1,32,,10,24,15,440c,ja,10,6,nein,-55,3,0,-55..-55,3..3,0..0,,12,645bc@0 645f4@4 64624@10 64654@25
greichweite_v_p_eb_r20_xnat_z0_j11,eb_r20,,,,j11,T,ja,17,20,645bc,rechts,links,-55,3,-48,-55,3,1,32,,10,24,15,440c,ja,17,6,ja,-55,3,48,-55..-55,3..3,48..51,,12,645bc@0 645f4@4 64624@10 64654@25
greichweite_v_p_eb_r20_xnat_z0_j12,eb_r20,,,,j12,L,ja,17,20,645bc,rechts,links,-55,3,-48,-55,3,1,25,,10,17,8,440c,nein,,,,,,,-55..-55,3..3,49..51,,12,645bc@0 645f4@4 64624@10 64654@18
greichweite_v_p_eb_r20_xnat_z0_j13,eb_r20,,,,j13,L,ja,17,20,645bc,rechts,links,-55,3,-48,-55,3,1,25,,10,17,8,440c,nein,,,,,,,-55..-55,3..3,49..51,,12,645bc@0 645f4@4 64624@10 64654@18
greichweite_v_p_eb_r20_xnat_z0_j14,eb_r20,,,,j14,T,ja,17,20,645bc,rechts,links,-55,3,-48,-55,3,1,26,,10,24,15,440c,ja,10,6,ja,-55,3,48,-73..-55,3..3,48..74,,12,645bc@0 645f4@4 64624@10 64654@25
greichweite_v_p_eb_r_x-15_z0,eb_r,-15,0,,,X,ja,17,3,645bc,rechts,links,-55,3,-48,-15,0,1,0,ja,,,0,,nein,,,,,,,,,,,12,645bc@0
greichweite_v_p_eb_r_x-16_z0,eb_r,-16,0,,,T,ja,17,3,645bc,rechts,links,-55,3,-48,-16,0,1,32,,10,24,15,440c,ja,10,6,nein,-16,0,0,-16..-16,0..0,0..0,,12,645bc@0 645f4@4 64624@10 64654@25
greichweite_v_p_eb_r_x-48_z0_h50,eb_r,-48,0,50,,T,ja,17,3,645bc,rechts,links,-55,3,-48,-48,0,1,32,,10,24,15,440c,ja,10,6,ja,-48,0,48,-50..-48,0..0,48..55,,12,645bc@0 645f4@4 64624@10 64654@25
greichweite_v_p_eb_r_x-48_z0_h53,eb_r,-48,0,53,,L,ja,17,3,645bc,rechts,links,-55,3,-48,-48,0,1,25,,10,17,8,440c,nein,,,,,,,-48..-48,0..0,49..51,,12,645bc@0 645f4@4 64624@10 64654@18
greichweite_v_p_eb_r_x-55_z-10,eb_r,-55,-10,,,T,ja,17,3,645bc,rechts,links,-55,3,-48,-55,-10,1,32,,10,24,15,440c,ja,10,6,nein,-55,-10,0,-55..-55,-10..-10,0..0,,12,645bc@0 645f4@4 64624@10 64654@25
greichweite_v_p_eb_r_x-55_z-11,eb_r,-55,-11,,,X,ja,17,3,645bc,rechts,links,-55,3,-48,-55,-11,1,0,ja,,,0,,nein,,,,,,,,,,,12,645bc@0
greichweite_v_p_eb_r_x-55_z11,eb_r,-55,11,,,T,ja,17,3,645bc,rechts,links,-55,3,-48,-55,11,1,32,,10,24,15,440c,ja,10,6,nein,-55,11,0,-55..-55,11..11,0..0,,12,645bc@0 645f4@4 64624@10 64654@25
greichweite_v_p_eb_r_x-55_z12,eb_r,-55,12,,,X,ja,17,3,645bc,rechts,links,-55,3,-48,-55,12,1,0,ja,,,0,,nein,,,,,,,,,,,12,645bc@0
greichweite_v_p_eb_r_x-79_z0,eb_r,-79,0,,,T,ja,17,3,645bc,rechts,links,-55,3,-48,-79,0,1,32,,10,24,15,440c,ja,10,6,nein,-79,0,0,-79..-79,0..0,0..0,,12,645bc@0 645f4@4 64624@10 64654@25
greichweite_v_p_eb_r_x-80_z0,eb_r,-80,0,,,X,ja,17,3,645bc,rechts,links,-55,3,-48,-80,0,1,0,ja,,,0,,nein,,,,,,,,,,,12,645bc@0
greichweite_v_p_eb_r_xnat_z0,eb_r,,,,,T,ja,17,3,645bc,rechts,links,-55,3,-48,-55,3,1,32,,10,24,15,440c,ja,10,6,nein,-55,3,0,-55..-55,3..3,0..0,,12,645bc@0 645f4@4 64624@10 64654@25
greichweite_v_p_ek1_l2_x2_z0,ek1_l2,2,0,,,L,ja,17,3,64688,links,rechts,55,0,48,2,0,1,45,,9,45,37,4c0c,nein,,,,,,,-109..-1,0..0,0..0,24(Slot 16),17,64688@0 646c0@3 646f8@4 6472e@9
greichweite_v_p_ek1_l2_x33_z-12,ek1_l2,33,-12,,,T,ja,17,3,64688,links,rechts,55,0,48,33,-12,1,52,,9,52,44,4c0c,ja,9,6,ja,30,-12,0,-24..30,-12..-12,0..48,,17,64688@0 646c0@3 646f8@4 6472e@9
greichweite_v_p_ek1_l2_x33_z-13,ek1_l2,33,-13,,,L,ja,17,3,64688,links,rechts,55,0,48,33,-13,1,45,,9,45,37,4c0c,nein,,,,,,,-78..30,-13..-13,0..0,,17,64688@0 646c0@3 646f8@4 6472e@9
greichweite_v_p_ek1_l2_x33_z12,ek1_l2,33,12,,,T,ja,17,3,64688,links,rechts,55,0,48,33,12,1,52,,9,52,44,4c0c,ja,9,6,ja,30,12,0,-24..30,12..12,0..48,,17,64688@0 646c0@3 646f8@4 6472e@9
greichweite_v_p_ek1_l2_x33_z13,ek1_l2,33,13,,,L,ja,17,3,64688,links,rechts,55,0,48,33,13,1,45,,9,45,37,4c0c,nein,,,,,,,-78..30,13..13,0..0,,17,64688@0 646c0@3 646f8@4 6472e@9
greichweite_v_p_ek1_l2_x3_z0,ek1_l2,3,0,,,T,ja,17,3,64688,links,rechts,55,0,48,3,0,1,52,,9,52,44,4c0c,ja,9,6,ja,0,0,0,-24..0,0..0,0..48,,17,64688@0 646c0@3 646f8@4 6472e@9
greichweite_v_p_ek1_l2_x62_z0,ek1_l2,62,0,,,T,ja,17,3,64688,links,rechts,55,0,48,62,0,1,52,,9,52,44,4c0c,ja,9,6,ja,59,0,0,-24..59,0..0,0..48,,17,64688@0 646c0@3 646f8@4 6472e@9
greichweite_v_p_ek1_l2_x63_z0,ek1_l2,63,0,,,T,ja,17,3,64688,links,rechts,55,0,48,63,0,1,52,,9,52,44,4c0c,ja,10,6,ja,57,0,0,-24..60,0..0,0..48,,17,64688@0 646c0@3 646f8@4 6472e@9
greichweite_v_p_ek1_l2_xnat_z0,ek1_l2,,,,,T,ja,17,3,64688,links,rechts,55,0,48,55,0,1,52,,9,52,44,4c0c,ja,9,6,ja,40,0,0,-24..40,0..0,0..48,,17,64688@0 646c0@3 646f8@4 6472e@9
greichweite_v_p_ek1_l_xnat_z0,ek1_l,,,,,T,ja,17,3,64688,links,rechts,55,3,48,55,3,1,52,,9,52,44,4c0c,ja,9,6,ja,40,3,0,-68..40,3..3,0..48,,14,64688@0 646c0@3 646f8@4 6472e@9
greichweite_v_p_ek1_r2_xnat_z0,ek1_r2,,,,,T,ja,17,3,64688,rechts,links,-48,2,-48,-48,2,1,52,,9,52,44,4c0c,ja,9,6,ja,-33,2,0,-33..9,2..2,0..48,,19,64688@0 646c0@3 646f8@4 6472e@9
greichweite_v_p_ek1_r2_xnat_z0_spaet40,ek1_r2,,,,spaet40,T,ja,17,3,64688,rechts,links,-48,2,-48,-48,40,1,52,,9,52,44,4c0c,ja,40,6,ja,-2,0,0,-33..57,0..40,0..18,,19,64688@0 646c0@3 646f8@4 6472e@9
greichweite_v_p_ek1_r2_xnat_z0_spaet42,ek1_r2,,,,spaet42,T,ja,17,3,64688,rechts,links,-48,2,-48,-48,40,1,52,,9,52,44,4c0c,ja,42,6,ja,0,0,0,-33..63,0..40,0..10,,19,64688@0 646c0@3 646f8@4 6472e@9
greichweite_v_p_ek1_r2_xnat_z0_spaet43,ek1_r2,,,,spaet43,L,ja,17,3,64688,rechts,links,-48,2,-48,-48,40,1,45,,9,45,37,4c0c,nein,,,,,,,-33..66,0..40,0..0,,19,64688@0 646c0@3 646f8@4 6472e@9
greichweite_v_p_ek1_r_x-1_z0,ek1_r,-1,0,,,L,ja,17,3,64688,rechts,links,-47,-1,-47,-1,0,1,45,,9,45,37,4c0c,nein,,,,,,,2..110,0..0,0..0,,17,64688@0 646c0@3 646f8@4 6472e@9
greichweite_v_p_ek1_r_x-2_z0,ek1_r,-2,0,,,T,ja,17,3,64688,rechts,links,-47,-1,-47,-2,0,1,52,,9,52,44,4c0c,ja,9,6,ja,1,0,0,1..13,0..0,0..48,,17,64688@0 646c0@3 646f8@4 6472e@9
greichweite_v_p_ek1_r_x-33_z12,ek1_r,-33,12,,,T,ja,17,3,64688,rechts,links,-47,-1,-47,-33,12,1,52,,9,52,44,4c0c,ja,9,6,ja,-30,12,0,-30..13,12..12,0..48,,17,64688@0 646c0@3 646f8@4 6472e@9
greichweite_v_p_ek1_r_x-33_z13,ek1_r,-33,13,,,L,ja,17,3,64688,rechts,links,-47,-1,-47,-33,13,1,45,,9,45,37,4c0c,nein,,,,,,,-30..78,13..13,0..0,,17,64688@0 646c0@3 646f8@4 6472e@9
greichweite_v_p_ek1_r_x-61_z0,ek1_r,-61,0,,,T,ja,17,3,64688,rechts,links,-47,-1,-47,-61,0,1,52,,9,52,44,4c0c,ja,9,6,ja,-58,0,0,-58..13,0..0,0..48,,17,64688@0 646c0@3 646f8@4 6472e@9
greichweite_v_p_ek1_r_x-62_z0,ek1_r,-62,0,,,T,ja,17,3,64688,rechts,links,-47,-1,-47,-62,0,1,52,,9,52,44,4c0c,ja,10,6,ja,-56,0,0,-59..13,0..0,0..48,,17,64688@0 646c0@3 646f8@4 6472e@9
greichweite_v_p_ek1_r_xnat_z0,ek1_r,,,,,T,ja,17,3,64688,rechts,links,-47,-1,-47,-47,-1,1,52,,9,52,44,4c0c,ja,9,6,ja,-32,-1,0,-32..13,-1..-1,0..48,,17,64688@0 646c0@3 646f8@4 6472e@9
greichweite_v_p_ek2_l_x0_z0,ek2_l,0,0,,,X,ja,17,3,644f4,links,links,44,-9,32,0,0,1,0,ja,,,0,,nein,,,,,,,,,,,16,644f4@0
greichweite_v_p_ek2_l_x1_z0,ek2_l,1,0,,,T,ja,17,3,644f4,links,links,44,-9,32,1,0,1,25,,9,20,12,4c0c,ja,9,6,ja,1,0,0,1..4,0..0,0..14,,16,644f4@0 6452c@4 64558@9 6458c@21
greichweite_v_p_ek2_l_x44_z-10,ek2_l,44,-10,,,T,ja,17,3,644f4,links,links,44,-9,32,44,-10,1,25,,9,20,12,4c0c,ja,9,6,ja,44,-10,0,44..47,-10..-10,0..14,,16,644f4@0 6452c@4 64558@9 6458c@21
greichweite_v_p_ek2_l_x44_z-11,ek2_l,44,-11,,,X,ja,17,3,644f4,links,links,44,-9,32,44,-11,1,0,ja,,,0,,nein,,,,,,,,,,,16,644f4@0
greichweite_v_p_ek2_l_x44_z11,ek2_l,44,11,,,T,ja,17,3,644f4,links,links,44,-9,32,44,11,1,25,,9,20,12,4c0c,ja,9,6,ja,44,11,0,44..47,11..11,0..14,,16,644f4@0 6452c@4 64558@9 6458c@21
greichweite_v_p_ek2_l_x44_z12,ek2_l,44,12,,,X,ja,17,3,644f4,links,links,44,-9,32,44,12,1,0,ja,,,0,,nein,,,,,,,,,,,16,644f4@0
greichweite_v_p_ek2_l_x64_z0,ek2_l,64,0,,,T,ja,17,3,644f4,links,links,44,-9,32,64,0,1,17,,9,17,9,4c0c,ja,9,6,ja,64,0,0,64..64,0..0,0..0,,16,644f4@0 6452c@4 64558@9
greichweite_v_p_ek2_l_x65_z0,ek2_l,65,0,,,X,ja,17,3,644f4,links,links,44,-9,32,65,0,1,0,ja,,,0,,nein,,,,,,,,,,,16,644f4@0
greichweite_v_p_ek2_l_xnat_z0,ek2_l,,,,,T,ja,17,3,644f4,links,links,44,-9,32,44,-9,1,24,,9,20,12,4c0c,ja,9,6,ja,44,-9,0,44..53,-9..-9,0..14,,16,644f4@0 6452c@4 64558@9 6458c@21
greichweite_v_p_ek2_r_x-10_z0,ek2_r,-10,0,,,T,ja,17,3,644f4,rechts,rechts,-42,11,-42,-10,0,1,25,,9,20,12,4c0c,ja,9,6,ja,-10,0,0,-12..-10,0..0,0..14,,11,644f4@0 6452c@4 64558@9 6458c@21
greichweite_v_p_ek2_r_x-42_z-10,ek2_r,-42,-10,,,T,ja,17,3,644f4,rechts,rechts,-42,11,-42,-42,-10,1,25,,9,20,12,4c0c,ja,9,6,ja,-42,-10,0,-44..-42,-10..-10,0..14,,11,644f4@0 6452c@4 64558@9 6458c@21
greichweite_v_p_ek2_r_x-42_z-11,ek2_r,-42,-11,,,X,ja,17,3,644f4,rechts,rechts,-42,11,-42,-42,-11,1,0,ja,,,0,,nein,,,,,,,,,,,11,644f4@0
greichweite_v_p_ek2_r_x-42_z0_h50,ek2_r,-42,0,50,,T,ja,17,3,644f4,rechts,rechts,-42,11,-42,-42,0,1,25,,9,20,12,4c0c,ja,9,6,ja,-42,0,48,-44..-42,0..0,48..55,,11,644f4@0 6452c@4 64558@9 6458c@21
greichweite_v_p_ek2_r_x-42_z0_h53,ek2_r,-42,0,53,,L,ja,17,3,644f4,rechts,rechts,-42,11,-42,-42,0,1,18,,9,13,5,4c0c,nein,,,,,,,-42..-42,0..0,50..51,,11,644f4@0 6452c@4 64558@9 6458c@14
greichweite_v_p_ek2_r_x-42_z11,ek2_r,-42,11,,,T,ja,17,3,644f4,rechts,rechts,-42,11,-42,-42,11,1,25,,9,20,12,4c0c,ja,9,6,ja,-42,11,0,-44..-42,11..11,0..14,,11,644f4@0 6452c@4 64558@9 6458c@21
greichweite_v_p_ek2_r_x-42_z12,ek2_r,-42,12,,,X,ja,17,3,644f4,rechts,rechts,-42,11,-42,-42,12,1,0,ja,,,0,,nein,,,,,,,,,,,11,644f4@0
greichweite_v_p_ek2_r_x-73_z0,ek2_r,-73,0,,,T,ja,17,3,644f4,rechts,rechts,-42,11,-42,-73,0,1,17,,9,17,9,4c0c,ja,9,6,ja,-73,0,0,-73..-73,0..0,0..0,,11,644f4@0 6452c@4 64558@9
greichweite_v_p_ek2_r_x-74_z0,ek2_r,-74,0,,,X,ja,17,3,644f4,rechts,rechts,-42,11,-42,-74,0,1,0,ja,,,0,,nein,,,,,,,,,,,11,644f4@0
greichweite_v_p_ek2_r_x-9_z0,ek2_r,-9,0,,,X,ja,17,3,644f4,rechts,rechts,-42,11,-42,-9,0,1,0,ja,,,0,,nein,,,,,,,,,,,11,644f4@0
greichweite_v_p_ek2_r_xnat_z0,ek2_r,,,,,T,ja,17,3,644f4,rechts,rechts,-42,11,-42,-42,11,1,25,,9,20,12,4c0c,ja,9,6,ja,-42,11,0,-50..-42,11..11,0..14,,11,644f4@0 6452c@4 64558@9 6458c@21
greichweite_v_p_sa_r_x-100_z0,sa_r,-100,0,,,T,ja,18,3,28642,rechts,rechts,-71,-3,-64,-100,0,1,33,,14,16,3,8a02,ja,14,13,ja,-100,0,0,-100..-100,0..0,0..0,,22,28642@0 2867e@5 286b8@9 286f0@12 2872a@14 28764@17 287a0@33
greichweite_v_p_sa_r_x-110_z0,sa_r,-110,0,,,L,ja,18,3,28642,rechts,rechts,-71,-3,-64,-110,0,1,33,,14,16,3,8a02,nein,,,,,,,-110..-110,0..0,0..0,15(Slot 14),22,28642@0 2867e@5 286b8@9 286f0@12 2872a@14 28764@17 287a0@33
greichweite_v_p_sa_r_x-30_z-12,sa_r,-30,-12,,,T,ja,18,3,28642,rechts,rechts,-71,-3,-64,-30,-12,1,33,,14,16,3,8a02,ja,14,13,ja,-30,-12,0,-30..-30,-12..-12,0..0,,22,28642@0 2867e@5 286b8@9 286f0@12 2872a@14 28764@17 287a0@33
greichweite_v_p_sa_r_x-30_z-13,sa_r,-30,-13,,,L,ja,18,3,28642,rechts,rechts,-71,-3,-64,-30,-13,1,33,,14,16,3,8a02,nein,,,,,,,-30..-30,-13..-13,0..0,24(Slot 15),22,28642@0 2867e@5 286b8@9 286f0@12 2872a@14 28764@17 287a0@33
greichweite_v_p_sa_r_x-30_z0_rang12,sa_r,-30,0,,rang12,T,ja,18,3,28642,rechts,rechts,-71,-3,-64,-30,0,1,33,,14,16,3,8a02,ja,14,11,ja,-30,0,0,-30..-30,0..0,0..0,,12,28642@0 2867e@5 286b8@9 286f0@12 2872a@14 28764@17 287a0@33
greichweite_v_p_sa_r_x-30_z12,sa_r,-30,12,,,T,ja,18,3,28642,rechts,rechts,-71,-3,-64,-30,12,1,33,,14,16,3,8a02,ja,14,13,ja,-30,12,0,-30..-30,12..12,0..0,,22,28642@0 2867e@5 286b8@9 286f0@12 2872a@14 28764@17 287a0@33
greichweite_v_p_sa_r_x-30_z13,sa_r,-30,13,,,L,ja,18,3,28642,rechts,rechts,-71,-3,-64,-30,13,1,33,,14,16,3,8a02,nein,,,,,,,-30..-30,13..13,0..0,21(Slot 17),22,28642@0 2867e@5 286b8@9 286f0@12 2872a@14 28764@17 287a0@33
greichweite_v_p_sa_r_x0_z0,sa_r,0,0,,,T,ja,18,3,28642,rechts,rechts,-71,-3,-64,0,0,1,33,,14,16,3,8a02,ja,14,13,ja,0,0,0,0..0,0..0,0..0,,22,28642@0 2867e@5 286b8@9 286f0@12 2872a@14 28764@17 287a0@33
greichweite_v_p_sa_r_x16_z0,sa_r,16,0,,,T,ja,18,3,28642,rechts,rechts,-71,-3,-64,16,0,1,33,,14,16,3,8a02,ja,14,13,ja,16,0,0,16..16,0..0,0..0,,22,28642@0 2867e@5 286b8@9 286f0@12 2872a@14 28764@17 287a0@33
greichweite_v_p_sa_r_x18_z0,sa_r,18,0,,,L,ja,18,3,28642,rechts,rechts,-71,-3,-64,18,0,1,33,,14,16,3,8a02,nein,,,,,,,18..18,0..0,0..0,15(Slot 15),22,28642@0 2867e@5 286b8@9 286f0@12 2872a@14 28764@17 287a0@33
greichweite_v_p_sa_r_x8_z0_dreh,sa_r,8,0,,dreh,T,ja,18,3,28642,rechts,rechts,-71,-3,-64,8,0,1,33,,14,16,3,8a02,ja,14,13,ja,8,0,0,8..8,0..0,0..0,,22,28642@0 2867e@5 286b8@9 286f0@12 2872a@14 28764@17 287a0@33
greichweite_v_p_sa_r_x9_z0_dreh,sa_r,9,0,,dreh,L,ja,18,3,28642,rechts,rechts,-71,-3,-64,9,0,1,33,,14,16,3,8a02,nein,,,,,,,9..9,0..0,0..0,15(Slot 15),22,28642@0 2867e@5 286b8@9 286f0@12 2872a@14 28764@17 287a0@33
greichweite_v_p_sa_r_xnat_z0,sa_r,,,,,L,nein (fremd),18,3,28642,rechts,rechts,-71,-3,-64,-71,-3,1,33,,14,16,3,8a02,nein,,,,,,,-71..-71,-3..-3,0..0,5(Slot 15),22,28642@0 2867e@5 286b8@9 286f0@12 2872a@14 28764@17 287a0@33
greichweite_v_p_sm_l2_x-15_z0,sm_l2,-15,0,,,T,ja,18,3,287e0,links,links,57,2,64,-15,0,1,24,,13,16,4,8402,ja,13,8,nein,-15,0,0,-15..-15,0..0,0..0,,13,287e0@0 2881c@5 28858@8 2888e@11 288ca@13 28904@17 28940@19 28976@21 289b2@24
greichweite_v_p_sm_l2_x-16_z0,sm_l2,-16,0,,,L,ja,18,3,287e0,links,links,57,2,64,-16,0,1,24,,13,16,4,8402,nein,,,,,,,-16..-16,0..0,0..0,,13,287e0@0 2881c@5 28858@8 2888e@11 288ca@13 28904@17 28940@19 28976@21 289b2@24
greichweite_v_p_sm_l2_x-7_z0_dreh,sm_l2,-7,0,,dreh,T,ja,18,3,287e0,links,links,57,2,64,-7,0,1,24,,13,16,4,8402,ja,13,8,nein,-7,0,0,-7..-7,0..0,0..0,,13,287e0@0 2881c@5 28858@8 2888e@11 288ca@13 28904@17 28940@19 28976@21 289b2@24
greichweite_v_p_sm_l2_x-8_z0_dreh,sm_l2,-8,0,,dreh,L,ja,18,3,287e0,links,links,57,2,64,-8,0,1,24,,13,16,4,8402,nein,,,,,,,-8..-8,0..0,0..0,,13,287e0@0 2881c@5 28858@8 2888e@11 288ca@13 28904@17 28940@19 28976@21 289b2@24
greichweite_v_p_sm_l2_x108_z0,sm_l2,108,0,,,T,ja,18,3,287e0,links,links,57,2,64,108,0,1,24,,13,16,4,8402,ja,13,8,nein,108,0,0,108..108,0..0,0..0,,13,287e0@0 2881c@5 28858@8 2888e@11 288ca@13 28904@17 28940@19 28976@21 289b2@24
greichweite_v_p_sm_l2_x109_z0,sm_l2,109,0,,,L,ja,18,3,287e0,links,links,57,2,64,109,0,1,24,,13,16,4,8402,nein,,,,,,,109..109,0..0,0..0,,13,287e0@0 2881c@5 28858@8 2888e@11 288ca@13 28904@17 28940@19 28976@21 289b2@24
greichweite_v_p_sm_l2_x115_z0_dreh,sm_l2,115,0,,dreh,T,ja,18,3,287e0,links,links,57,2,64,115,0,1,24,,13,16,4,8402,ja,13,8,nein,115,0,0,115..115,0..0,0..0,,13,287e0@0 2881c@5 28858@8 2888e@11 288ca@13 28904@17 28940@19 28976@21 289b2@24
greichweite_v_p_sm_l2_x116_z0_dreh,sm_l2,116,0,,dreh,T,ja,18,3,287e0,links,links,57,2,64,116,0,1,24,,13,16,4,8402,ja,13,8,nein,116,0,0,116..116,0..0,0..0,,13,287e0@0 2881c@5 28858@8 2888e@11 288ca@13 28904@17 28940@19 28976@21 289b2@24
greichweite_v_p_sm_l2_x30_z0_h75,sm_l2,30,0,75,,T,ja,18,3,287e0,links,links,57,2,64,30,0,1,24,,13,16,4,8402,ja,15,8,ja,30,0,71,30..30,0..0,71..75,,13,287e0@0 2881c@5 28858@8 2888e@11 288ca@13 28904@17 28940@19 28976@21 289b2@24
greichweite_v_p_sm_l2_x30_z0_h76,sm_l2,30,0,76,,L,ja,18,3,287e0,links,links,57,2,64,30,0,1,24,,13,16,4,8402,nein,,,,,,,30..30,0..0,72..73,,13,287e0@0 2881c@5 28858@8 2888e@11 288ca@13 28904@17 28940@19 28976@21 289b2@24
greichweite_v_p_sm_l2_x30_z12,sm_l2,30,12,,,T,ja,18,3,287e0,links,links,57,2,64,30,12,1,24,,13,16,4,8402,ja,13,8,nein,30,12,0,30..30,12..12,0..0,,13,287e0@0 2881c@5 28858@8 2888e@11 288ca@13 28904@17 28940@19 28976@21 289b2@24
greichweite_v_p_sm_l2_x30_z13,sm_l2,30,13,,,L,ja,18,3,287e0,links,links,57,2,64,30,13,1,24,,13,16,4,8402,nein,,,,,,,30..30,13..13,0..0,,13,287e0@0 2881c@5 28858@8 2888e@11 288ca@13 28904@17 28940@19 28976@21 289b2@24
greichweite_v_p_sm_l2_xnat_z0,sm_l2,,,,,T,ja,18,3,287e0,links,links,57,2,64,57,2,1,24,,13,16,4,8402,ja,13,8,nein,57,2,0,57..57,2..2,0..0,,13,287e0@0 2881c@5 28858@8 2888e@11 288ca@13 28904@17 28940@19 28976@21 289b2@24
greichweite_v_p_sm_l_x-7_z0,sm_l,-7,0,,,T,ja,18,3,287e0,links,rechts,72,6,64,-7,0,1,24,,13,16,4,8402,ja,13,8,nein,-7,0,0,-7..-7,0..0,0..0,,14,287e0@0 2881c@5 28858@8 2888e@11 288ca@13 28904@17 28940@19 28976@21 289b2@24
greichweite_v_p_sm_l_x-8_z0,sm_l,-8,0,,,L,ja,18,3,287e0,links,rechts,72,6,64,-8,0,1,24,,13,16,4,8402,nein,,,,,,,-8..-8,0..0,0..0,22(Slot 14),14,287e0@0 2881c@5 28858@8 2888e@11 288ca@13 28904@17 28940@19 28976@21 289b2@24
greichweite_v_p_sm_l_xnat_z0,sm_l,,,,,T,ja,18,3,287e0,links,rechts,72,6,64,72,6,1,24,,13,16,4,8402,ja,13,8,nein,72,6,0,72..72,6..6,0..0,,14,287e0@0 2881c@5 28858@8 2888e@11 288ca@13 28904@17 28940@19 28976@21 289b2@24
greichweite_v_p_sm_r_x-110_z0_dreh,sm_r,-110,0,,dreh,T,ja,18,3,287e0,rechts,links,-56,-1,-64,-110,0,1,24,,13,16,4,8402,ja,13,9,nein,-110,0,0,-110..-110,0..0,0..0,,21,287e0@0 2881c@5 28858@8 2888e@11 288ca@13 28904@17 28940@19 28976@21 289b2@24
greichweite_v_p_sm_r_x-112_z0_dreh,sm_r,-112,0,,dreh,L,ja,18,3,287e0,rechts,links,-56,-1,-64,-112,0,1,24,,13,16,4,8402,nein,,,,,,,-112..-112,0..0,0..0,,21,287e0@0 2881c@5 28858@8 2888e@11 288ca@13 28904@17 28940@19 28976@21 289b2@24
greichweite_v_p_sm_r_x-115_z0,sm_r,-115,0,,,T,ja,18,3,287e0,rechts,links,-56,-1,-64,-115,0,1,24,,13,16,4,8402,ja,13,9,nein,-115,0,0,-115..-115,0..0,0..0,,21,287e0@0 2881c@5 28858@8 2888e@11 288ca@13 28904@17 28940@19 28976@21 289b2@24
greichweite_v_p_sm_r_x-116_z0,sm_r,-116,0,,,L,ja,18,3,287e0,rechts,links,-56,-1,-64,-116,0,1,24,,13,16,4,8402,nein,,,,,,,-116..-116,0..0,0..0,14(Slot 14),21,287e0@0 2881c@5 28858@8 2888e@11 288ca@13 28904@17 28940@19 28976@21 289b2@24
greichweite_v_p_sm_r_x-30_z-12,sm_r,-30,-12,,,T,ja,18,3,287e0,rechts,links,-56,-1,-64,-30,-12,1,24,,13,16,4,8402,ja,13,9,nein,-30,-12,0,-30..-30,-12..-12,0..0,,21,287e0@0 2881c@5 28858@8 2888e@11 288ca@13 28904@17 28940@19 28976@21 289b2@24
greichweite_v_p_sm_r_x-30_z-13,sm_r,-30,-13,,,L,ja,18,3,287e0,rechts,links,-56,-1,-64,-30,-13,1,24,,13,16,4,8402,nein,,,,,,,-30..-30,-13..-13,0..0,,21,287e0@0 2881c@5 28858@8 2888e@11 288ca@13 28904@17 28940@19 28976@21 289b2@24
greichweite_v_p_sm_r_x-30_z0_h75,sm_r,-30,0,75,,T,ja,18,3,287e0,rechts,links,-56,-1,-64,-30,0,1,24,,13,16,4,8402,ja,15,9,ja,-30,0,71,-30..-30,0..0,71..75,,21,287e0@0 2881c@5 28858@8 2888e@11 288ca@13 28904@17 28940@19 28976@21 289b2@24
greichweite_v_p_sm_r_x-30_z0_h76,sm_r,-30,0,76,,L,ja,18,3,287e0,rechts,links,-56,-1,-64,-30,0,1,24,,13,16,4,8402,nein,,,,,,,-30..-30,0..0,72..73,,21,287e0@0 2881c@5 28858@8 2888e@11 288ca@13 28904@17 28940@19 28976@21 289b2@24
greichweite_v_p_sm_r_x-30_z0_rang12,sm_r,-30,0,,rang12,T,ja,18,3,287e0,rechts,links,-56,-1,-64,-30,0,1,24,,13,16,4,8402,ja,13,8,nein,-30,0,0,-30..-30,0..0,0..0,,12,287e0@0 2881c@5 28858@8 2888e@11 288ca@13 28904@17 28940@19 28976@21 289b2@24
greichweite_v_p_sm_r_x-30_z12,sm_r,-30,12,,,T,ja,18,3,287e0,rechts,links,-56,-1,-64,-30,12,1,24,,13,16,4,8402,ja,13,9,nein,-30,12,0,-30..-30,12..12,0..0,,21,287e0@0 2881c@5 28858@8 2888e@11 288ca@13 28904@17 28940@19 28976@21 289b2@24
greichweite_v_p_sm_r_x-30_z13,sm_r,-30,13,,,L,ja,18,3,287e0,rechts,links,-56,-1,-64,-30,13,1,24,,13,16,4,8402,nein,,,,,,,-30..-30,13..13,0..0,21(Slot 15),21,287e0@0 2881c@5 28858@8 2888e@11 288ca@13 28904@17 28940@19 28976@21 289b2@24
greichweite_v_p_sm_r_x8_z0,sm_r,8,0,,,T,ja,18,3,287e0,rechts,links,-56,-1,-64,8,0,1,24,,13,16,4,8402,ja,13,9,nein,8,0,0,8..8,0..0,0..0,,21,287e0@0 2881c@5 28858@8 2888e@11 288ca@13 28904@17 28940@19 28976@21 289b2@24
greichweite_v_p_sm_r_x9_z0,sm_r,9,0,,,L,ja,18,3,287e0,rechts,links,-56,-1,-64,9,0,1,24,,13,16,4,8402,nein,,,,,,,9..9,0..0,0..0,,21,287e0@0 2881c@5 28858@8 2888e@11 288ca@13 28904@17 28940@19 28976@21 289b2@24
greichweite_v_p_sm_r_xnat_z0,sm_r,,,,,T,ja,18,3,287e0,rechts,links,-56,-1,-64,-56,-1,1,24,,13,16,4,8402,ja,13,9,nein,-56,-1,0,-56..-56,-1..-1,0..0,,21,287e0@0 2881c@5 28858@8 2888e@11 288ca@13 28904@17 28940@19 28976@21 289b2@24
greichweite_v_p_smw_l_x0_z0,smw_l,0,0,,,T,ja,18,3,287e0,links,rechts,72,6,64,0,0,3,24,,1,23,17,8c00/8402/8c02,ja,13,8,nein,0,0,0,0..0,0..0,0..0,,15,287e0@0 2881c@5 28858@8 2888e@11 288ca@13 28904@17 28940@19 28976@21 289b2@24
greichweite_v_p_smw_l_x10_z0,smw_l,10,0,,,T,ja,18,3,287e0,links,rechts,72,6,64,10,0,3,24,,1,23,17,8c00/8402/8c02,ja,13,8,nein,10,0,0,10..10,0..0,0..0,,15,287e0@0 2881c@5 28858@8 2888e@11 288ca@13 28904@17 28940@19 28976@21 289b2@24
greichweite_v_p_smw_l_x40_z0,smw_l,40,0,,,T,ja,18,3,287e0,links,rechts,72,6,64,40,0,3,24,,1,23,17,8c00/8402/8c02,ja,13,8,nein,40,0,0,40..40,0..0,0..0,,15,287e0@0 2881c@5 28858@8 2888e@11 288ca@13 28904@17 28940@19 28976@21 289b2@24
greichweite_v_p_smw_l_xnat_z0,smw_l,,,,,T,ja,18,3,287e0,links,rechts,72,6,64,72,6,3,24,,1,23,17,8c00/8402/8c02,ja,13,8,nein,72,6,0,72..72,6..6,0..0,,15,287e0@0 2881c@5 28858@8 2888e@11 288ca@13 28904@17 28940@19 28976@21 289b2@24
greichweite_v_p_sw_r_x-30_z0_rang12,sw_r,-30,0,,rang12,T,ja,18,3,28642,rechts,rechts,-56,-5,-64,-30,0,1,33,,1,32,28,8c00/8a02/8c02,ja,14,11,ja,-30,0,0,-32..-30,0..0,0..38,,12,28642@0 2867e@5 286b8@9 286f0@12 2872a@14 28764@17 287a0@33
greichweite_v_p_sw_r_x-40_z0,sw_r,-40,0,,,T,ja,18,3,28642,rechts,rechts,-56,-5,-64,-40,0,1,33,,1,32,28,8c00/8a02/8c02,ja,14,13,ja,-40,0,0,-42..-40,0..0,0..38,,23,28642@0 2867e@5 286b8@9 286f0@12 2872a@14 28764@17 287a0@33
greichweite_v_p_sw_r_x10_z0,sw_r,10,0,,,T,ja,18,3,28642,rechts,rechts,-56,-5,-64,10,0,1,33,,1,32,28,8c00/8a02/8c02,ja,14,13,ja,10,0,0,8..10,0..0,0..38,,23,28642@0 2867e@5 286b8@9 286f0@12 2872a@14 28764@17 287a0@33
greichweite_v_p_sw_r_xnat_z0,sw_r,,,,,T,ja,18,3,28642,rechts,rechts,-56,-5,-64,-56,-5,1,33,,1,32,28,8c00/8a02/8c02,ja,14,13,ja,-56,-5,0,-56..-56,-5..-5,0..38,,23,28642@0 2867e@5 286b8@9 286f0@12 2872a@14 28764@17 287a0@33
greichweite_v_p_w1l_x-17_z0,w1l,-17,0,,,L,ja,18,3,5fa54,links,rechts,14,11,14,-17,0,1,18,,9,13,5,400c,nein,,,,,,,-17..-17,0..0,0..0,,13,5fa54@0 5fa8c@4 5fab8@9 5faec@14
greichweite_v_p_w1l_x-18_z0,w1l,-18,0,,,X,ja,18,3,5fa54,links,rechts,14,11,14,-18,0,1,0,ja,,,0,,nein,,,,,,,,,,,13,5fa54@0
greichweite_v_p_w1l_x-3_z0,w1l,-3,0,,,T,ja,18,3,5fa54,links,rechts,14,11,14,-3,0,1,25,,9,20,12,400c,ja,9,5,nein,-3,0,0,-3..-3,0..0,0..0,,13,5fa54@0 5fa8c@4 5fab8@9 5faec@21
greichweite_v_p_w1l_x-4_z0,w1l,-4,0,,,L,ja,18,3,5fa54,links,rechts,14,11,14,-4,0,1,18,,9,13,5,400c,nein,,,,,,,-4..-4,0..0,0..0,,13,5fa54@0 5fa8c@4 5fab8@9 5faec@14
greichweite_v_p_w1l_x14_z-10,w1l,14,-10,,,T,ja,18,3,5fa54,links,rechts,14,11,14,14,-10,1,25,,9,20,12,400c,ja,9,5,nein,14,-10,0,14..14,-10..-10,0..0,,13,5fa54@0 5fa8c@4 5fab8@9 5faec@21
greichweite_v_p_w1l_x14_z-11,w1l,14,-11,,,X,ja,18,3,5fa54,links,rechts,14,11,14,14,-11,1,0,ja,,,0,,nein,,,,,,,,,,,13,5fa54@0
greichweite_v_p_w1l_x14_z11,w1l,14,11,,,T,ja,18,3,5fa54,links,rechts,14,11,14,14,11,1,25,,9,20,12,400c,ja,9,5,nein,14,11,0,14..14,11..11,0..0,,13,5fa54@0 5fa8c@4 5fab8@9 5faec@21
greichweite_v_p_w1l_x14_z12,w1l,14,12,,,X,ja,18,3,5fa54,links,rechts,14,11,14,14,12,1,0,ja,,,0,,nein,,,,,,,,,,,13,5fa54@0
greichweite_v_p_w1l_x46_z0,w1l,46,0,,,T,ja,18,3,5fa54,links,rechts,14,11,14,46,0,1,25,,9,20,12,400c,ja,9,5,nein,46,0,0,46..46,0..0,0..0,,13,5fa54@0 5fa8c@4 5fab8@9 5faec@21
greichweite_v_p_w1l_x47_z0,w1l,47,0,,,X,ja,18,3,5fa54,links,rechts,14,11,14,47,0,1,0,ja,,,0,,nein,,,,,,,,,,,13,5fa54@0
greichweite_v_p_w1l_xnat_z0,w1l,,,,,T,ja,18,3,5fa54,links,rechts,14,11,14,14,11,1,25,,9,20,12,400c,ja,9,5,nein,14,11,0,14..14,11..11,0..0,,13,5fa54@0 5fa8c@4 5fab8@9 5faec@21
greichweite_v_p_w1r_x-32_z0,w1r,-32,0,,,T,ja,18,3,5fa54,rechts,links,-1,-9,-1,-32,0,1,25,,9,20,12,400c,ja,9,5,nein,-32,0,0,-32..-32,0..0,0..0,,12,5fa54@0 5fa8c@4 5fab8@9 5faec@21
greichweite_v_p_w1r_x-32_z0_gegner,w1r,-32,0,,gegner,T,ja,18,3,5fa54,rechts,links,-1,-9,-1,-32,0,1,25,,9,20,12,400c,ja,9,5,nein,-32,0,0,-32..-32,0..0,0..0,,12,5fa54@0 5fa8c@4 5fab8@9 5faec@21
greichweite_v_p_w1r_x-32_z0_spaet,w1r,-32,0,,spaet,T,ja,18,3,5fa54,rechts,links,-1,-9,-1,-32,0,1,25,,9,20,12,400c,ja,9,5,nein,-32,0,0,-32..-32,0..0,0..0,,12,5fa54@0 5fa8c@4 5fab8@9 5faec@21
greichweite_v_p_w1r_x-33_z0,w1r,-33,0,,,X,ja,18,3,5fa54,rechts,links,-1,-9,-1,-33,0,1,0,ja,,,0,,nein,,,,,,,,,,,12,5fa54@0
greichweite_v_p_w1r_x-33_z0_gegner,w1r,-33,0,,gegner,X,ja,18,3,5fa54,rechts,links,-1,-9,-1,-33,0,1,0,ja,,,0,,nein,,,,,,,,,,,12,5fa54@0
greichweite_v_p_w1r_x-33_z0_spaet,w1r,-33,0,,spaet,X,ja,18,3,5fa54,rechts,links,-1,-9,-1,-33,0,1,4,ja,,,0,,nein,,,,,,,,,,,12,5fa54@0 5fa8c@4
greichweite_v_p_w1r_x31_z0,w1r,31,0,,,L,ja,18,3,5fa54,rechts,links,-1,-9,-1,31,0,1,18,,9,13,5,400c,nein,,,,,,,31..31,0..0,0..0,13(Slot 17),12,5fa54@0 5fa8c@4 5fab8@9 5faec@14
greichweite_v_p_w1r_x31_z0_gegner,w1r,31,0,,gegner,L,ja,18,3,5fa54,rechts,links,-1,-9,-1,31,0,1,18,,9,13,5,400c,nein,,,,,,,31..31,0..0,0..0,13(Slot 17),12,5fa54@0 5fa8c@4 5fab8@9 5faec@14
greichweite_v_p_w1r_x32_z0,w1r,32,0,,,X,ja,18,3,5fa54,rechts,links,-1,-9,-1,32,0,1,0,ja,,,0,,nein,,,,,,,,,,,12,5fa54@0
greichweite_v_p_w1r_x32_z0_gegner,w1r,32,0,,gegner,X,ja,18,3,5fa54,rechts,links,-1,-9,-1,32,0,1,0,ja,,,0,,nein,,,,,,,,,,,12,5fa54@0
greichweite_v_p_w1r_x4_z0,w1r,4,0,,,T,ja,18,3,5fa54,rechts,links,-1,-9,-1,4,0,1,25,,9,20,12,400c,ja,9,5,nein,4,0,0,4..4,0..0,0..0,,12,5fa54@0 5fa8c@4 5fab8@9 5faec@21
greichweite_v_p_w1r_x5_z0,w1r,5,0,,,L,ja,18,3,5fa54,rechts,links,-1,-9,-1,5,0,1,18,,9,13,5,400c,nein,,,,,,,5..5,0..0,0..0,13(Slot 17),12,5fa54@0 5fa8c@4 5fab8@9 5faec@14
greichweite_v_p_w1r_xnat_z0,w1r,,,,,T,ja,18,3,5fa54,rechts,links,-1,-9,-1,-1,-9,1,25,,9,20,12,400c,ja,9,5,nein,-1,-9,0,-1..-1,-9..-9,0..0,,12,5fa54@0 5fa8c@4 5fab8@9 5faec@21
greichweite_v_p_wa_l_xnat_z0,wa_l,,,,,T,ja,14,3,5fa54,links,rechts,55,4,48,55,4,1,25,,9,20,12,400c,ja,9,8,nein,55,4,0,55..55,4..4,0..0,,12,5fa54@0 5fa8c@4 5fab8@9 5faec@21
greichweite_v_p_wa_r20_xnat_z0,wa_r20,,,,,T,ja,18,20,5fa54,rechts,rechts,-48,2,-48,-48,2,1,25,,9,20,12,400c,ja,9,5,nein,-48,2,0,-48..-48,2..2,0..0,,10,5fa54@0 5fa8c@4 5fab8@9 5faec@21
greichweite_v_p_wa_r20_xnat_z0_j12,wa_r20,,,,j12,L,ja,18,20,5fa54,rechts,rechts,-48,2,-48,-48,2,1,18,,9,13,5,400c,nein,,,,,,,-48..-48,2..2,49..51,,10,5fa54@0 5fa8c@4 5fab8@9 5faec@14
greichweite_v_p_wa_r20_xnat_z0_j13,wa_r20,,,,j13,T,ja,18,20,5fa54,rechts,rechts,-48,2,-48,-48,2,1,16,,9,16,8,400c,ja,9,5,ja,-48,2,48,-48..-48,2..2,48..48,,10,5fa54@0 5fa8c@4 5fab8@9
greichweite_v_p_wa_r20_xnat_z0_j7,wa_r20,,,,j7,T,ja,18,20,5fa54,rechts,rechts,-48,2,-48,-48,2,1,20,,9,20,12,400c,ja,13,5,ja,-48,2,48,-48..-48,2..2,48..51,,10,5fa54@0 5fa8c@4 5fab8@9
greichweite_v_p_wa_r20_xnat_z0_j8,wa_r20,,,,j8,L,ja,18,20,5fa54,rechts,rechts,-48,2,-48,-48,2,1,18,,9,13,5,400c,nein,,,,,,,-48..-48,2..2,49..51,,10,5fa54@0 5fa8c@4 5fab8@9 5faec@14
greichweite_v_p_wa_r_x-15_z0,wa_r,-15,0,,,X,ja,18,3,5fa54,rechts,rechts,-48,2,-48,-15,0,1,0,ja,,,0,,nein,,,,,,,,,,,10,5fa54@0
greichweite_v_p_wa_r_x-16_z0,wa_r,-16,0,,,T,ja,18,3,5fa54,rechts,rechts,-48,2,-48,-16,0,1,25,,9,20,12,400c,ja,9,5,nein,-16,0,0,-16..-16,0..0,0..0,,10,5fa54@0 5fa8c@4 5fab8@9 5faec@21
greichweite_v_p_wa_r_x-48_z-10,wa_r,-48,-10,,,T,ja,18,3,5fa54,rechts,rechts,-48,2,-48,-48,-10,1,25,,9,20,12,400c,ja,9,5,nein,-48,-10,0,-48..-48,-10..-10,0..0,,10,5fa54@0 5fa8c@4 5fab8@9 5faec@21
greichweite_v_p_wa_r_x-48_z-11,wa_r,-48,-11,,,X,ja,18,3,5fa54,rechts,rechts,-48,2,-48,-48,-11,1,0,ja,,,0,,nein,,,,,,,,,,,10,5fa54@0
greichweite_v_p_wa_r_x-48_z0_h50,wa_r,-48,0,50,,T,ja,18,3,5fa54,rechts,rechts,-48,2,-48,-48,0,1,16,,9,16,8,400c,ja,9,5,ja,-48,0,48,-48..-48,0..0,48..50,,10,5fa54@0 5fa8c@4 5fab8@9
greichweite_v_p_wa_r_x-48_z0_h53,wa_r,-48,0,53,,L,ja,18,3,5fa54,rechts,rechts,-48,2,-48,-48,0,1,18,,9,13,5,400c,nein,,,,,,,-48..-48,0..0,50..51,,10,5fa54@0 5fa8c@4 5fab8@9 5faec@14
greichweite_v_p_wa_r_x-48_z11,wa_r,-48,11,,,T,ja,18,3,5fa54,rechts,rechts,-48,2,-48,-48,11,1,25,,9,20,12,400c,ja,9,5,nein,-48,11,0,-48..-48,11..11,0..0,,10,5fa54@0 5fa8c@4 5fab8@9 5faec@21
greichweite_v_p_wa_r_x-48_z12,wa_r,-48,12,,,X,ja,18,3,5fa54,rechts,rechts,-48,2,-48,-48,12,1,0,ja,,,0,,nein,,,,,,,,,,,10,5fa54@0
greichweite_v_p_wa_r_x-79_z0,wa_r,-79,0,,,T,ja,18,3,5fa54,rechts,rechts,-48,2,-48,-79,0,1,25,,9,20,12,400c,ja,9,5,nein,-79,0,0,-79..-79,0..0,0..0,,10,5fa54@0 5fa8c@4 5fab8@9 5faec@21
greichweite_v_p_wa_r_x-80_z0,wa_r,-80,0,,,X,ja,18,3,5fa54,rechts,rechts,-48,2,-48,-80,0,1,0,ja,,,0,,nein,,,,,,,,,,,10,5fa54@0
greichweite_v_p_wa_r_xnat_z0,wa_r,,,,,T,ja,18,3,5fa54,rechts,rechts,-48,2,-48,-48,2,1,25,,9,20,12,400c,ja,9,5,nein,-48,2,0,-48..-48,2..2,0..0,,10,5fa54@0 5fa8c@4 5fab8@9 5faec@21
greichweite_v_p_wb_l_x16_z0,wb_l,16,0,,,X,ja,16,3,5fc18,links,links,56,4,48,16,0,1,0,ja,,,0,,nein,,,,,,,,,,,11,5fc18@0
greichweite_v_p_wb_l_x17_z0,wb_l,17,0,,,T,ja,16,3,5fc18,links,links,56,4,48,17,0,1,20,,4,20,17,440c,ja,4,5,nein,17,0,0,17..17,0..0,0..0,,11,5fc18@0 5fc50@4
greichweite_v_p_wb_l_x48_z0_h50,wb_l,48,0,50,,T,ja,16,3,5fc18,links,links,56,4,48,48,0,1,14,,4,14,11,440c,ja,7,5,ja,48,0,48,48..48,0..0,48..50,,11,5fc18@0 5fc50@4
greichweite_v_p_wb_l_x48_z0_h53,wb_l,48,0,53,,L,ja,16,3,5fc18,links,links,56,4,48,48,0,1,13,,4,13,10,440c,nein,,,,,,,48..48,0..0,50..52,,11,5fc18@0 5fc50@4
greichweite_v_p_wb_l_x56_z-10,wb_l,56,-10,,,T,ja,16,3,5fc18,links,links,56,4,48,56,-10,1,20,,4,20,17,440c,ja,4,5,nein,56,-10,0,56..56,-10..-10,0..0,,11,5fc18@0 5fc50@4
greichweite_v_p_wb_l_x56_z-11,wb_l,56,-11,,,X,ja,16,3,5fc18,links,links,56,4,48,56,-11,1,0,ja,,,0,,nein,,,,,,,,,,,11,5fc18@0
greichweite_v_p_wb_l_x56_z11,wb_l,56,11,,,T,ja,16,3,5fc18,links,links,56,4,48,56,11,1,20,,4,20,17,440c,ja,4,5,nein,56,11,0,56..56,11..11,0..0,,11,5fc18@0 5fc50@4
greichweite_v_p_wb_l_x56_z12,wb_l,56,12,,,X,ja,16,3,5fc18,links,links,56,4,48,56,12,1,0,ja,,,0,,nein,,,,,,,,,,,11,5fc18@0
greichweite_v_p_wb_l_x80_z0,wb_l,80,0,,,T,ja,16,3,5fc18,links,links,56,4,48,80,0,1,20,,4,20,17,440c,ja,4,5,nein,80,0,0,80..80,0..0,0..0,,11,5fc18@0 5fc50@4
greichweite_v_p_wb_l_x81_z0,wb_l,81,0,,,X,ja,16,3,5fc18,links,links,56,4,48,81,0,1,0,ja,,,0,,nein,,,,,,,,,,,11,5fc18@0
greichweite_v_p_wb_l_xnat_z0,wb_l,,,,,T,ja,16,3,5fc18,links,links,56,4,48,56,4,1,20,,4,20,17,440c,ja,4,5,nein,56,4,0,56..56,4..4,0..0,,11,5fc18@0 5fc50@4
greichweite_v_p_wb_r_x-15_z0,wb_r,-15,0,,,T,nein (dx/dx_T),14,3,5fc18,rechts,rechts,-56,-3,-48,-56,0,1,20,,4,20,17,440c,ja,4,9,nein,-56,0,0,-56..-56,0..0,0..0,,16,5fc18@0 5fc50@4
greichweite_v_p_wb_r_x-16_z0,wb_r,-16,0,,,T,nein (dx/dx_T),14,3,5fc18,rechts,rechts,-56,-3,-48,-56,0,1,20,,4,20,17,440c,ja,4,9,nein,-56,0,0,-56..-56,0..0,0..0,,16,5fc18@0 5fc50@4
greichweite_v_p_wb_r_x-56_z-10,wb_r,-56,-10,,,T,ja,14,3,5fc18,rechts,rechts,-56,-3,-48,-56,-10,1,20,,4,20,17,440c,ja,4,9,nein,-56,-10,0,-56..-56,-10..-10,0..0,,16,5fc18@0 5fc50@4
greichweite_v_p_wb_r_x-56_z-11,wb_r,-56,-11,,,X,ja,14,3,5fc18,rechts,rechts,-56,-3,-48,-56,-11,1,0,ja,,,0,,nein,,,,,,,,,,,16,5fc18@0
greichweite_v_p_wb_r_x-56_z11,wb_r,-56,11,,,T,ja,14,3,5fc18,rechts,rechts,-56,-3,-48,-56,11,1,20,,4,20,17,440c,ja,4,9,nein,-56,11,0,-56..-56,11..11,0..0,,16,5fc18@0 5fc50@4
greichweite_v_p_wb_r_x-56_z12,wb_r,-56,12,,,X,ja,14,3,5fc18,rechts,rechts,-56,-3,-48,-56,12,1,0,ja,,,0,,nein,,,,,,,,,,,16,5fc18@0
greichweite_v_p_wb_r_x-79_z0,wb_r,-79,0,,,T,ja,14,3,5fc18,rechts,rechts,-56,-3,-48,-79,0,1,20,,4,20,17,440c,ja,4,9,nein,-79,0,0,-79..-79,0..0,0..0,,16,5fc18@0 5fc50@4
greichweite_v_p_wb_r_x-80_z0,wb_r,-80,0,,,X,ja,14,3,5fc18,rechts,rechts,-56,-3,-48,-80,0,1,0,ja,,,0,,nein,,,,,,,,,,,16,5fc18@0
greichweite_v_p_wb_r_xnat_z0,wb_r,,,,,T,ja,14,3,5fc18,rechts,rechts,-56,-3,-48,-56,-3,1,20,,4,20,17,440c,ja,4,9,nein,-56,-3,0,-56..-56,-3..-3,0..0,,16,5fc18@0 5fc50@4
greichweite_v_p_wc_l_x16_z0,wc_l,16,0,,,X,ja,16,3,5fd24,links,rechts,56,-3,48,16,0,1,0,ja,,,0,,nein,,,,,,,,,,,11,5fd24@0
greichweite_v_p_wc_l_x17_z0,wc_l,17,0,,,T,ja,16,3,5fd24,links,rechts,56,-3,48,17,0,1,32,,10,24,15,440c,ja,10,5,nein,17,0,0,17..17,0..0,0..0,,11,5fd24@0 5fd5c@4 5fd8c@10 5fdbc@25
greichweite_v_p_wc_l_x48_z0_h50,wc_l,48,0,50,,T,ja,16,3,5fd24,links,rechts,56,-3,48,48,0,1,17,,10,17,8,440c,ja,10,5,ja,48,0,48,48..48,0..0,48..50,,11,5fd24@0 5fd5c@4 5fd8c@10
greichweite_v_p_wc_l_x48_z0_h53,wc_l,48,0,53,,L,ja,16,3,5fd24,links,rechts,56,-3,48,48,0,1,25,,10,17,8,440c,nein,,,,,,,48..48,0..0,49..51,,11,5fd24@0 5fd5c@4 5fd8c@10 5fdbc@18
greichweite_v_p_wc_l_x56_z-10,wc_l,56,-10,,,T,ja,16,3,5fd24,links,rechts,56,-3,48,56,-10,1,32,,10,24,15,440c,ja,10,5,nein,56,-10,0,56..56,-10..-10,0..0,,11,5fd24@0 5fd5c@4 5fd8c@10 5fdbc@25
greichweite_v_p_wc_l_x56_z-11,wc_l,56,-11,,,X,ja,16,3,5fd24,links,rechts,56,-3,48,56,-11,1,0,ja,,,0,,nein,,,,,,,,,,,11,5fd24@0
greichweite_v_p_wc_l_x56_z11,wc_l,56,11,,,T,ja,16,3,5fd24,links,rechts,56,-3,48,56,11,1,32,,10,24,15,440c,ja,10,5,nein,56,11,0,56..56,11..11,0..0,,11,5fd24@0 5fd5c@4 5fd8c@10 5fdbc@25
greichweite_v_p_wc_l_x56_z12,wc_l,56,12,,,X,ja,16,3,5fd24,links,rechts,56,-3,48,56,12,1,0,ja,,,0,,nein,,,,,,,,,,,11,5fd24@0
greichweite_v_p_wc_l_x80_z0,wc_l,80,0,,,T,ja,16,3,5fd24,links,rechts,56,-3,48,80,0,1,32,,10,24,15,440c,ja,10,5,nein,80,0,0,80..80,0..0,0..0,,11,5fd24@0 5fd5c@4 5fd8c@10 5fdbc@25
greichweite_v_p_wc_l_x81_z0,wc_l,81,0,,,X,ja,16,3,5fd24,links,rechts,56,-3,48,81,0,1,0,ja,,,0,,nein,,,,,,,,,,,11,5fd24@0
greichweite_v_p_wc_l_xnat_z0,wc_l,,,,,T,ja,16,3,5fd24,links,rechts,56,-3,48,56,-3,1,32,,10,24,15,440c,ja,10,5,nein,56,-3,0,56..56,-3..-3,0..0,,11,5fd24@0 5fd5c@4 5fd8c@10 5fdbc@25
greichweite_v_p_wc_r2_x-17_z-10,wc_r2,-17,-10,,,T,ja,14,3,5fd24,rechts,links,-17,0,-17,-17,-10,3,32,,10,24,15,440c,ja,10,9,nein,-17,-10,0,-17..-17,-10..-10,0..0,,15,5fd24@0 5fd5c@4 5fd8c@10 5fdbc@25
greichweite_v_p_wc_r2_x-17_z-11,wc_r2,-17,-11,,,X,ja,14,3,5fd24,rechts,links,-17,0,-17,-17,-11,3,0,ja,,,0,,nein,,,,,,,,,,,15,5fd24@0
greichweite_v_p_wc_r2_x-17_z11,wc_r2,-17,11,,,T,ja,14,3,5fd24,rechts,links,-17,0,-17,-17,11,3,32,,10,24,15,440c,ja,10,9,nein,-17,11,0,-17..-17,11..11,0..0,,15,5fd24@0 5fd5c@4 5fd8c@10 5fdbc@25
greichweite_v_p_wc_r2_x-17_z12,wc_r2,-17,12,,,X,ja,14,3,5fd24,rechts,links,-17,0,-17,-17,12,3,0,ja,,,0,,nein,,,,,,,,,,,15,5fd24@0
greichweite_v_p_wc_r2_x-48_z0,wc_r2,-48,0,,,T,ja,14,3,5fd24,rechts,links,-17,0,-17,-48,0,3,32,,10,24,15,440c,ja,10,9,nein,-48,0,0,-48..-48,0..0,0..0,,15,5fd24@0 5fd5c@4 5fd8c@10 5fdbc@25
greichweite_v_p_wc_r2_x-49_z0,wc_r2,-49,0,,,X,ja,14,3,5fd24,rechts,links,-17,0,-17,-49,0,3,0,ja,,,0,,nein,,,,,,,,,,,15,5fd24@0
greichweite_v_p_wc_r2_x15_z0,wc_r2,15,0,,,L,ja,14,3,5fd24,rechts,links,-17,0,-17,15,0,3,25,,10,17,8,440c,nein,,,,,,,15..15,0..0,0..0,,15,5fd24@0 5fd5c@4 5fd8c@10 5fdbc@18
greichweite_v_p_wc_r2_x16_z0,wc_r2,16,0,,,X,ja,14,3,5fd24,rechts,links,-17,0,-17,16,0,3,0,ja,,,0,,nein,,,,,,,,,,,15,5fd24@0
greichweite_v_p_wc_r2_x4_z0,wc_r2,4,0,,,T,ja,14,3,5fd24,rechts,links,-17,0,-17,4,0,3,32,,10,24,15,440c,ja,10,9,nein,4,0,0,4..4,0..0,0..0,,15,5fd24@0 5fd5c@4 5fd8c@10 5fdbc@25
greichweite_v_p_wc_r2_x5_z0,wc_r2,5,0,,,L,ja,14,3,5fd24,rechts,links,-17,0,-17,5,0,3,25,,10,17,8,440c,nein,,,,,,,5..5,0..0,0..0,,15,5fd24@0 5fd5c@4 5fd8c@10 5fdbc@18
greichweite_v_p_wc_r2_xnat_z0,wc_r2,,,,,T,ja,14,3,5fd24,rechts,links,-17,0,-17,-17,0,3,32,,10,24,15,440c,ja,10,9,nein,-17,0,0,-17..-17,0..0,0..0,,15,5fd24@0 5fd5c@4 5fd8c@10 5fdbc@25
greichweite_v_p_wc_r_x-15_z0,wc_r,-15,0,,,X,ja,15,3,5fd24,rechts,links,-56,-3,-48,-15,0,1,0,ja,,,0,,nein,,,,,,,,,,,21,5fd24@0
greichweite_v_p_wc_r_x-16_z0,wc_r,-16,0,,,T,ja,15,3,5fd24,rechts,links,-56,-3,-48,-16,0,1,32,,10,24,15,440c,ja,10,9,nein,-16,0,0,-16..-16,0..0,0..0,,21,5fd24@0 5fd5c@4 5fd8c@10 5fdbc@25
greichweite_v_p_wc_r_x-79_z0,wc_r,-79,0,,,T,nein (dx/dx_T),15,3,5fd24,rechts,links,-56,-3,-48,-56,0,1,32,,10,24,15,440c,ja,10,9,nein,-56,0,0,-56..-56,0..0,0..0,,21,5fd24@0 5fd5c@4 5fd8c@10 5fdbc@25
greichweite_v_p_wc_r_x-80_z0,wc_r,-80,0,,,X,nein (dx),15,3,5fd24,rechts,links,-56,-3,-48,-56,0,1,0,ja,,,0,,nein,,,,,,,,,,,21,5fd24@0
greichweite_v_p_wc_r_xnat_z0,wc_r,,,,,T,ja,15,3,5fd24,rechts,links,-56,-3,-48,-56,-3,1,32,,10,24,15,440c,ja,10,9,nein,-56,-3,0,-56..-56,-3..-3,0..0,,21,5fd24@0 5fd5c@4 5fd8c@10 5fdbc@25
greichweite_v_p_wk1_l_x16_z0,wk1_l,16,0,,,X,ja,14,3,5fb50,links,links,56,0,48,16,0,1,0,ja,,,0,,nein,,,,,,,,,,,18,5fb50@0
greichweite_v_p_wk1_l_x17_z0,wk1_l,17,0,,,T,ja,14,3,5fb50,links,links,56,0,48,17,0,1,16,,9,16,8,4c0c,ja,9,9,ja,17,0,0,17..17,0..0,0..0,,18,5fb50@0 5fb88@4 5fbb4@9
greichweite_v_p_wk1_l_x56_z-10,wk1_l,56,-10,,,T,ja,14,3,5fb50,links,links,56,0,48,56,-10,1,16,,9,16,8,4c0c,ja,9,9,ja,56,-10,0,56..56,-10..-10,0..0,,18,5fb50@0 5fb88@4 5fbb4@9
greichweite_v_p_wk1_l_x56_z-11,wk1_l,56,-11,,,X,ja,14,3,5fb50,links,links,56,0,48,56,-11,1,0,ja,,,0,,nein,,,,,,,,,,,18,5fb50@0
greichweite_v_p_wk1_l_x56_z11,wk1_l,56,11,,,T,ja,14,3,5fb50,links,links,56,0,48,56,11,1,16,,9,16,8,4c0c,ja,9,9,ja,56,11,0,56..56,11..11,0..0,,18,5fb50@0 5fb88@4 5fbb4@9
greichweite_v_p_wk1_l_x56_z12,wk1_l,56,12,,,X,ja,14,3,5fb50,links,links,56,0,48,56,12,1,0,ja,,,0,,nein,,,,,,,,,,,18,5fb50@0
greichweite_v_p_wk1_l_x80_z0,wk1_l,80,0,,,T,nein (dx/dx_T),14,3,5fb50,links,links,56,0,48,73,0,1,16,,9,16,8,4c0c,ja,9,9,ja,73,0,0,73..73,0..0,0..0,,18,5fb50@0 5fb88@4 5fbb4@9
greichweite_v_p_wk1_l_x81_z0,wk1_l,81,0,,,T,nein (dx/dx_T),14,3,5fb50,links,links,56,0,48,73,0,1,16,,9,16,8,4c0c,ja,9,9,ja,73,0,0,73..73,0..0,0..0,,18,5fb50@0 5fb88@4 5fbb4@9
greichweite_v_p_wk1_l_xnat_z0,wk1_l,,,,,T,ja,14,3,5fb50,links,links,56,0,48,56,0,1,16,,9,16,8,4c0c,ja,9,9,ja,56,0,0,56..56,0..0,0..0,,18,5fb50@0 5fb88@4 5fbb4@9
greichweite_v_p_wk1_r_x-15_z0,wk1_r,-15,0,,,X,ja,15,3,5fb50,rechts,rechts,-56,-3,-48,-15,0,1,0,ja,,,0,,nein,,,,,,,,,,,22,5fb50@0
greichweite_v_p_wk1_r_x-16_z0,wk1_r,-16,0,,,T,ja,15,3,5fb50,rechts,rechts,-56,-3,-48,-16,0,1,16,,9,16,8,4c0c,ja,9,10,ja,-16,0,0,-16..-16,0..0,0..0,,22,5fb50@0 5fb88@4 5fbb4@9
greichweite_v_p_wk1_r_x-48_z0_h50,wk1_r,-48,0,50,,T,ja,15,3,5fb50,rechts,rechts,-56,-3,-48,-48,0,1,16,,9,16,8,4c0c,ja,9,10,ja,-48,0,48,-48..-48,0..0,48..50,,22,5fb50@0 5fb88@4 5fbb4@9
greichweite_v_p_wk1_r_x-48_z0_h53,wk1_r,-48,0,53,,L,ja,15,3,5fb50,rechts,rechts,-56,-3,-48,-48,0,1,18,,9,13,5,4c0c,nein,,,,,,,-48..-48,0..0,50..51,,22,5fb50@0 5fb88@4 5fbb4@9 5fbe8@14
greichweite_v_p_wk1_r_x-56_z-10,wk1_r,-56,-10,,,T,ja,15,3,5fb50,rechts,rechts,-56,-3,-48,-56,-10,1,16,,9,16,8,4c0c,ja,9,10,ja,-56,-10,0,-56..-56,-10..-10,0..0,,22,5fb50@0 5fb88@4 5fbb4@9
greichweite_v_p_wk1_r_x-56_z-11,wk1_r,-56,-11,,,X,ja,15,3,5fb50,rechts,rechts,-56,-3,-48,-56,-11,1,0,ja,,,0,,nein,,,,,,,,,,,22,5fb50@0
greichweite_v_p_wk1_r_x-56_z11,wk1_r,-56,11,,,T,ja,15,3,5fb50,rechts,rechts,-56,-3,-48,-56,11,1,16,,9,16,8,4c0c,ja,9,10,ja,-56,11,0,-56..-56,11..11,0..0,,22,5fb50@0 5fb88@4 5fbb4@9
greichweite_v_p_wk1_r_x-56_z12,wk1_r,-56,12,,,X,ja,15,3,5fb50,rechts,rechts,-56,-3,-48,-56,12,1,0,ja,,,0,,nein,,,,,,,,,,,22,5fb50@0
greichweite_v_p_wk1_r_x-79_z0,wk1_r,-79,0,,,T,ja,15,3,5fb50,rechts,rechts,-56,-3,-48,-79,0,1,16,,9,16,8,4c0c,ja,9,10,ja,-79,0,0,-79..-79,0..0,0..0,,22,5fb50@0 5fb88@4 5fbb4@9
greichweite_v_p_wk1_r_x-80_z0,wk1_r,-80,0,,,X,ja,15,3,5fb50,rechts,rechts,-56,-3,-48,-80,0,1,0,ja,,,0,,nein,,,,,,,,,,,22,5fb50@0
greichweite_v_p_wk1_r_xnat_z0,wk1_r,,,,,T,ja,15,3,5fb50,rechts,rechts,-56,-3,-48,-56,-3,1,16,,9,16,8,4c0c,ja,9,10,ja,-56,-3,0,-56..-56,-3..-3,0..0,,22,5fb50@0 5fb88@4 5fbb4@9
greichweite_v_p_wk2_l_x16_z0,wk2_l,16,0,,,X,ja,14,3,5fc8c,links,rechts,55,1,48,16,0,1,0,ja,,,0,,nein,,,,,,,,,,,12,5fc8c@0
greichweite_v_p_wk2_l_x17_z0,wk2_l,17,0,,,T,ja,14,3,5fc8c,links,rechts,55,1,48,17,0,1,15,,8,15,8,4c0c,ja,8,8,ja,17,0,0,17..17,0..0,0..0,,12,5fc8c@0 5fcb8@4 5fce8@8
greichweite_v_p_wk2_l_x48_z0_h50,wk2_l,48,0,50,,T,ja,14,3,5fc8c,links,rechts,55,1,48,48,0,1,15,,8,15,8,4c0c,ja,8,8,ja,48,0,48,48..48,0..0,48..50,,12,5fc8c@0 5fcb8@4 5fce8@8
greichweite_v_p_wk2_l_x48_z0_h53,wk2_l,48,0,53,,L,ja,14,3,5fc8c,links,rechts,55,1,48,48,0,1,17,,8,17,10,4c0c,nein,,,,,,,48..48,0..0,49..51,,12,5fc8c@0 5fcb8@4 5fce8@8
greichweite_v_p_wk2_l_x55_z-10,wk2_l,55,-10,,,T,ja,14,3,5fc8c,links,rechts,55,1,48,55,-10,1,15,,8,15,8,4c0c,ja,8,8,ja,55,-10,0,55..55,-10..-10,0..0,,12,5fc8c@0 5fcb8@4 5fce8@8
greichweite_v_p_wk2_l_x55_z-11,wk2_l,55,-11,,,X,ja,14,3,5fc8c,links,rechts,55,1,48,55,-11,1,0,ja,,,0,,nein,,,,,,,,,,,12,5fc8c@0
greichweite_v_p_wk2_l_x55_z11,wk2_l,55,11,,,T,ja,14,3,5fc8c,links,rechts,55,1,48,55,11,1,15,,8,15,8,4c0c,ja,8,8,ja,55,11,0,55..55,11..11,0..0,,12,5fc8c@0 5fcb8@4 5fce8@8
greichweite_v_p_wk2_l_x55_z12,wk2_l,55,12,,,X,ja,14,3,5fc8c,links,rechts,55,1,48,55,12,1,0,ja,,,0,,nein,,,,,,,,,,,12,5fc8c@0
greichweite_v_p_wk2_l_x80_z0,wk2_l,80,0,,,T,ja,14,3,5fc8c,links,rechts,55,1,48,80,0,1,15,,8,15,8,4c0c,ja,8,8,ja,80,0,0,80..80,0..0,0..0,,12,5fc8c@0 5fcb8@4 5fce8@8
greichweite_v_p_wk2_l_x81_z0,wk2_l,81,0,,,X,ja,14,3,5fc8c,links,rechts,55,1,48,81,0,1,0,ja,,,0,,nein,,,,,,,,,,,12,5fc8c@0
greichweite_v_p_wk2_l_xnat_z0,wk2_l,,,,,T,ja,14,3,5fc8c,links,rechts,55,1,48,55,1,1,15,,8,15,8,4c0c,ja,8,8,ja,55,1,0,55..55,1..1,0..0,,12,5fc8c@0 5fcb8@4 5fce8@8
greichweite_v_p_wk2_r_x-12_z0,wk2_r,-12,0,,,X,ja,18,3,5fc8c,rechts,links,-45,2,-45,-12,0,1,0,ja,,,0,,nein,,,,,,,,,,,11,5fc8c@0
greichweite_v_p_wk2_r_x-13_z0,wk2_r,-13,0,,,T,ja,18,3,5fc8c,rechts,links,-45,2,-45,-13,0,1,15,,8,15,8,4c0c,ja,8,5,ja,-13,0,0,-13..-13,0..0,0..0,,11,5fc8c@0 5fcb8@4 5fce8@8
greichweite_v_p_wk2_r_x-45_z-10,wk2_r,-45,-10,,,T,ja,18,3,5fc8c,rechts,links,-45,2,-45,-45,-10,1,15,,8,15,8,4c0c,ja,8,5,ja,-45,-10,0,-45..-45,-10..-10,0..0,,11,5fc8c@0 5fcb8@4 5fce8@8
greichweite_v_p_wk2_r_x-45_z-11,wk2_r,-45,-11,,,X,ja,18,3,5fc8c,rechts,links,-45,2,-45,-45,-11,1,0,ja,,,0,,nein,,,,,,,,,,,11,5fc8c@0
greichweite_v_p_wk2_r_x-45_z11,wk2_r,-45,11,,,T,ja,18,3,5fc8c,rechts,links,-45,2,-45,-45,11,1,15,,8,15,8,4c0c,ja,8,5,ja,-45,11,0,-45..-45,11..11,0..0,,11,5fc8c@0 5fcb8@4 5fce8@8
greichweite_v_p_wk2_r_x-45_z12,wk2_r,-45,12,,,X,ja,18,3,5fc8c,rechts,links,-45,2,-45,-45,12,1,0,ja,,,0,,nein,,,,,,,,,,,11,5fc8c@0
greichweite_v_p_wk2_r_x-76_z0,wk2_r,-76,0,,,T,ja,18,3,5fc8c,rechts,links,-45,2,-45,-76,0,1,15,,8,15,8,4c0c,ja,8,5,ja,-76,0,0,-76..-76,0..0,0..0,,11,5fc8c@0 5fcb8@4 5fce8@8
greichweite_v_p_wk2_r_x-77_z0,wk2_r,-77,0,,,X,ja,18,3,5fc8c,rechts,links,-45,2,-45,-77,0,1,0,ja,,,0,,nein,,,,,,,,,,,11,5fc8c@0
greichweite_v_p_wk2_r_xnat_z0,wk2_r,,,,,T,ja,18,3,5fc8c,rechts,links,-45,2,-45,-45,2,1,15,,8,15,8,4c0c,ja,8,5,ja,-45,2,0,-45..-45,2..2,0..0,,11,5fc8c@0 5fcb8@4 5fce8@8
# Teil 5: fenster (Abbruchfenster relativ zum Zielabstand S+0x96)
quelle,anim_A,blick,blick_figur,dx_A,ziel,proben (dx-ziel:ergebnis),nicht_abgebrochen_dx,passt_zu_ziel-31_bis_ziel+32
ea_l,643f8,links,rechts,56,48,-32:X -31:T,17 bis 17,ja
ea_r,643f8,rechts,links,-55,-48,-32:X -31:T +32:T +33:X,-79 bis -16,ja
ea_r2,643f8,rechts,links,-17,-17,-32:X -31:T +21:T +22:L +32:L +33:X,-48 bis 15,ja
eb_l,645bc,links,rechts,55,48,-32:X -31:T,17 bis 17,ja
eb_r,645bc,rechts,links,-55,-48,-32:X -31:T +32:T +33:X,-79 bis -16,ja
ek1_l2,64688,links,rechts,55,48,-46:L -45:T +14:T +15:T,2 bis 63,NEIN
ek1_r,64688,rechts,links,-47,-47,-15:T -14:T +45:T +46:L,-62 bis -1,NEIN
ek2_l,644f4,links,links,44,32,-32:X -31:T +32:T +33:X,1 bis 64,ja
ek2_r,644f4,rechts,rechts,-42,-42,-32:X -31:T +32:T +33:X,-73 bis -10,ja
sa_r,28642,rechts,rechts,-71,-64,-46:L -36:T +64:T +80:T +82:L,-110 bis 18,NEIN
sm_l,287e0,links,rechts,72,64,-72:L -71:T,-8 bis -7,NEIN
sm_l2,287e0,links,links,57,64,-80:L -79:T +44:T +45:L,-16 bis 109,NEIN
sm_r,287e0,rechts,links,-56,-64,-52:L -51:T +72:T +73:L,-116 bis 9,NEIN
smw_l,287e0,links,rechts,72,64,-64:T -54:T -24:T,0 bis 40,NEIN
sw_r,28642,rechts,rechts,-56,-64,+24:T +74:T,-40 bis 10,NEIN
w1l,5fa54,links,rechts,14,14,-32:X -31:L -18:L -17:T +32:T +33:X,-17 bis 46,ja
w1r,5fa54,rechts,links,-1,-1,-32:X -31:T +5:T +6:L +32:L +33:X,-32 bis 31,ja
wa_r,5fa54,rechts,rechts,-48,-48,-32:X -31:T +32:T +33:X,-79 bis -16,ja
wb_l,5fc18,links,links,56,48,-32:X -31:T +32:T +33:X,17 bis 80,ja
wb_r,5fc18,rechts,rechts,-56,-48,-32:X -31:T,-79 bis -79,ja
wc_l,5fd24,links,rechts,56,48,-32:X -31:T +32:T +33:X,17 bis 80,ja
wc_r,5fd24,rechts,links,-56,-48,+32:T +33:X,-16 bis -16,ja
wc_r2,5fd24,rechts,links,-17,-17,-32:X -31:T +21:T +22:L +32:L +33:X,-48 bis 15,ja
wk1_l,5fb50,links,links,56,48,-32:X -31:T,17 bis 17,ja
wk1_r,5fb50,rechts,rechts,-56,-48,-32:X -31:T +32:T +33:X,-79 bis -16,ja
wk2_l,5fc8c,links,rechts,55,48,-32:X -31:T +32:T +33:X,17 bis 80,ja
wk2_r,5fc8c,rechts,links,-45,-45,-32:X -31:T +32:T +33:X,-76 bis -13,ja
# Teil 6: angriffe der natuerlichen Laeufe
lauf,slot,typ,maxlp,rang,A,anim_A,face,dx_A,dz_A,ziel,pst_A,ende,abbruch,aktiv_von,aktiv_bis,aktiv_n,attr,dmg,treffer,treffer_rel,schaden,ph_treffer,umgeworfen,dx_treffer,dz_treffer,dx_aktiv,dz_aktiv,ph_aktiv,rueckzug,warte,nach_ruhe,folge,stand_vor,vor_anim,anims
greichweite_v_n1,14,WOOKY,26,12,2126,5fc18,links,46,-8,46,3,20,,4,20,17,440c,8,ja,11,8,0,nein,46,-8,46..46,-8..-8,0..0,0,16,16,5ecaa,17,5ecaa,5fc18@0 5fc50@4
greichweite_v_n1,14,WOOKY,26,12,2180,5fc18,links,46,-8,46,3,20,,4,20,17,440c,8,ja,11,8,0,nein,46,-8,46..46,-8..-8,0..0,0,15,15,5ecaa,17,5ecaa,5fc18@0 5fc50@4
greichweite_v_n1,14,WOOKY,26,13,2233,5fb50,links,46,-8,46,3,19,,9,19,11,4c0c,8,ja,12,8,0,ja,46,-8,46..46,-8..-8,0..0,0,0,0,5ed1c,17,5ecaa,5fb50@0 5fb88@4 5fbb4@9
greichweite_v_n1,14,WOOKY,26,13,2384,5fa54,links,43,-7,43,3,18,,9,13,5,400c,8,nein,,,,,,,43..43,-7..-7,0..0,5,27,32,5ec70,17,5ecaa,5fa54@0 5fa8c@4 5fab8@9 5faec@14
greichweite_v_n1,14,WOOKY,26,13,2448,5fa54,links,43,-7,43,3,25,,9,20,12,400c,8,ja,9,8,0,nein,43,-7,43..43,-7..-7,0..0,5,31,36,5ec70,18,5ecaa,5fa54@0 5fa8c@4 5fab8@9 5faec@21
greichweite_v_n1,14,WOOKY,26,13,2523,5fc18,links,43,-7,43,1,20,,4,20,17,440c,8,ja,4,8,0,nein,43,-7,43..43,-7..-7,0..0,0,16,16,5ecaa,18,5ecaa,5fc18@0 5fc50@4
greichweite_v_n1,14,WOOKY,26,13,2577,5fc18,links,43,-7,43,1,20,,4,20,17,440c,8,ja,4,8,0,nein,43,-7,43..43,-7..-7,0..0,0,17,17,5ecaa,17,5ecaa,5fc18@0 5fc50@4
greichweite_v_n1,14,WOOKY,26,13,2632,5fa54,links,43,-7,43,3,25,,9,20,12,400c,8,ja,9,8,0,nein,43,-7,43..43,-7..-7,0..0,5,31,36,5fc8c,17,5ecaa,5fa54@0 5fa8c@4 5fab8@9 5faec@21
greichweite_v_n1,14,WOOKY,26,13,2689,5fc8c,links,43,-7,43,3,18,,8,18,11,4c0c,8,ja,11,8,0,ja,43,-7,43..43,-7..-7,0..0,0,0,0,5ed1c,0,5fb18,5fc8c@0 5fcb8@4 5fce8@8
greichweite_v_n1,14,WOOKY,26,14,2840,5fa54,rechts,-31,-6,-31,3,18,,9,13,5,400c,8,nein,,,,,,,-31..-31,-6..-6,0..0,5,28,33,5ec70,17,5ecaa,5fa54@0 5fa8c@4 5fab8@9 5faec@14
greichweite_v_n1,14,WOOKY,26,14,2905,5fa54,rechts,-31,-6,-31,1,25,,9,20,12,400c,8,ja,9,8,0,nein,-31,-6,-31..-31,-6..-6,0..0,5,30,35,5ec70,18,5ecaa,5fa54@0 5fa8c@4 5fab8@9 5faec@21
greichweite_v_n1,14,WOOKY,26,14,2979,5fc18,rechts,-31,-6,-31,3,20,,4,20,17,440c,8,ja,10,8,0,nein,-31,-6,-31..-31,-6..-6,0..0,0,,,,18,5ecaa,5fc18@0 5fc50@4
greichweite_v_n1,15,WOOKY,26,12,2106,5fc18,links,45,-8,45,3,20,,4,20,17,440c,8,ja,4,8,0,nein,45,-8,45..45,-8..-8,0..0,0,14,14,5ecaa,17,5ecaa,5fc18@0 5fc50@4
greichweite_v_n1,15,WOOKY,26,12,2158,5fc18,links,45,-8,45,3,13,,4,13,10,440c,8,nein,,,,,,,45..45,-8..-8,0..0,0,14,14,5ecaa,17,5ecaa,5fc18@0 5fc50@4
greichweite_v_n1,15,WOOKY,26,12,2203,5fa54,links,45,-8,45,3,18,,9,13,5,400c,8,nein,,,,,,,45..45,-8..-8,0..0,5,24,29,5ed1c,17,5ecaa,5fa54@0 5fa8c@4 5fab8@9 5faec@14
greichweite_v_n1,15,WOOKY,26,14,2958,5fc18,links,56,3,48,1,20,,4,20,17,440c,8,ja,4,8,0,nein,56,3,56..56,3..3,0..0,0,14,14,5ecaa,17,5ecaa,5fc18@0 5fc50@4
greichweite_v_n1,16,WOOKY,16,11,1467,5fc18,links,56,4,48,1,20,,4,20,17,440c,5,ja,4,5,0,nein,56,4,56..56,4..4,0..0,0,15,15,5ecaa,21,5ecaa,5fc18@0 5fc50@4
greichweite_v_n1,16,WOOKY,16,11,1524,5fc18,links,56,4,48,3,20,,4,20,17,440c,5,ja,4,5,0,nein,56,4,56..56,4..4,0..0,0,14,14,5ecaa,21,5ecaa,5fc18@0 5fc50@4
greichweite_v_n1,16,WOOKY,16,11,1580,5fa54,links,56,4,48,3,25,,9,20,12,400c,5,ja,9,5,0,nein,56,4,56..56,4..4,0..0,5,12,17,5ed1c,21,5ecaa,5fa54@0 5fa8c@4 5fab8@9 5faec@21
greichweite_v_n1,17,EDDY,30,11,1481,645bc,links,56,3,48,3,32,,10,24,15,440c,6,ja,17,6,0,nein,56,3,56..56,3..3,0..0,8,12,20,636d4,21,636d4,645bc@0 645f4@4 64624@10 64654@25
greichweite_v_n1,17,EDDY,30,11,1547,645bc,links,56,3,48,3,32,,10,24,15,440c,6,ja,10,6,0,nein,56,3,56..56,3..3,0..0,8,31,39,6369a,21,636d4,645bc@0 645f4@4 64624@10 64654@25
greichweite_v_n1,17,EDDY,30,12,1756,645bc,links,3,-6,3,3,25,,10,17,8,440c,6,nein,,,,,,,3..3,-6..-6,0..0,8,29,37,6369a,17,636d4,645bc@0 645f4@4 64624@10 64654@18
greichweite_v_n1,17,EDDY,30,12,1829,645bc,links,3,-6,3,1,25,,10,17,8,440c,6,nein,,,,,,,3..3,-6..-6,0..0,8,12,20,636d4,18,636d4,645bc@0 645f4@4 64624@10 64654@18
greichweite_v_n1,17,EDDY,30,12,1884,645bc,links,3,-6,3,1,25,,10,17,8,440c,6,nein,,,,,,,3..3,-6..-6,0..0,8,28,36,6369a,17,636d4,645bc@0 645f4@4 64624@10 64654@18
greichweite_v_n1,17,EDDY,30,12,1956,643f8,links,3,-6,3,2,16,,9,13,5,400c,6,nein,,,,,,,-20..-8,-6..-6,18..32,3,0,3,63746,18,636d4,643f8@0 64430@4 6445c@9 64490@14
greichweite_v_n1,18,WOOKY,16,10,781,5fa54,rechts,-48,2,-48,1,25,,9,20,12,400c,5,ja,9,5,0,nein,-48,2,-48..-48,2..2,0..0,5,13,18,5ecaa,21,5ecaa,5fa54@0 5fa8c@4 5fab8@9 5faec@21
greichweite_v_n1,18,WOOKY,16,10,841,5fa54,rechts,-48,2,-48,1,25,,9,20,12,400c,5,ja,9,5,0,nein,-48,2,-48..-48,2..2,0..0,5,17,22,5ecaa,21,5ecaa,5fa54@0 5fa8c@4 5fab8@9 5faec@21
greichweite_v_n1,18,WOOKY,16,10,905,5fb50,rechts,-48,2,-48,1,16,,9,16,8,4c0c,5,ja,9,5,0,ja,-48,2,-48..-48,2..2,0..0,0,0,0,5ed1c,21,5ecaa,5fb50@0 5fb88@4 5fbb4@9
greichweite_v_n1,18,WOOKY,16,11,1058,5fa54,rechts,-45,2,-45,3,25,,9,20,12,400c,5,ja,13,5,0,nein,-45,2,-45..-45,2..2,0..0,5,28,33,5ec70,21,5ecaa,5fa54@0 5fa8c@4 5fab8@9 5faec@21
greichweite_v_n1,18,WOOKY,16,11,1134,5fa54,rechts,-45,2,-45,1,25,,9,20,12,400c,5,ja,9,5,0,nein,-45,2,-45..-45,2..2,0..0,5,14,19,5ecaa,22,5ecaa,5fa54@0 5fa8c@4 5fab8@9 5faec@21
greichweite_v_n1,18,WOOKY,16,11,1195,5fa54,rechts,-45,2,-45,1,25,,9,20,12,400c,5,ja,9,5,0,nein,-45,2,-45..-45,2..2,0..0,5,35,40,5fc8c,21,5ecaa,5fa54@0 5fa8c@4 5fab8@9 5faec@21
greichweite_v_n1,18,WOOKY,16,11,1256,5fc8c,rechts,-45,2,-45,1,15,,8,15,8,4c0c,5,ja,8,5,0,ja,-45,2,-45..-45,2..2,0..0,0,0,0,5ed1c,0,5fb18,5fc8c@0 5fcb8@4 5fce8@8
greichweite_v_n1,18,WOOKY,16,11,1499,5fa54,rechts,-55,0,-48,3,18,,9,13,5,400c,5,nein,,,,,,,-55..-55,0..0,0..0,5,14,19,5ecaa,21,5ecaa,5fa54@0 5fa8c@4 5fab8@9 5faec@14
greichweite_v_n1,18,WOOKY,16,11,1553,5fa54,rechts,-55,0,-48,3,18,,9,13,5,400c,5,nein,,,,,,,-55..-55,0..0,0..0,5,15,20,5ecaa,21,5ecaa,5fa54@0 5fa8c@4 5fab8@9 5faec@14
greichweite_v_n1,18,WOOKY,16,11,1608,5fb50,rechts,-55,0,-48,3,16,,9,16,8,4c0c,5,ja,9,5,0,ja,-55,0,-55..-55,0..0,0..0,0,0,0,5ed1c,21,5ecaa,5fb50@0 5fb88@4 5fbb4@9
greichweite_v_n1,18,WOOKY,16,12,1756,5fd24,rechts,-1,-9,-1,3,25,,10,17,8,440c,5,nein,,,,,,,-1..-1,-9..-9,0..0,8,26,34,5ec70,17,5ecaa,5fd24@0 5fd5c@4 5fd8c@10 5fdbc@18
greichweite_v_n1,18,WOOKY,16,12,1826,5fa54,rechts,-1,-9,-1,1,25,,9,20,12,400c,5,ja,9,5,0,nein,-1,-9,-1..-1,-9..-9,0..0,5,15,20,5ecaa,18,5ecaa,5fa54@0 5fa8c@4 5fab8@9 5faec@21
greichweite_v_n1,18,WOOKY,16,12,1884,5fa54,rechts,-1,-9,-1,1,25,,9,20,12,400c,5,ja,9,5,0,nein,-1,-9,-1..-1,-9..-9,0..0,5,35,40,5fc8c,17,5ecaa,5fa54@0 5fa8c@4 5fab8@9 5faec@21
greichweite_v_n1,18,WOOKY,16,12,1945,5fc8c,rechts,-1,-9,-1,1,15,,8,15,8,4c0c,5,ja,8,5,0,ja,-1,-9,-1..-1,-9..-9,0..0,0,0,0,5ed1c,0,5fb18,5fc8c@0 5fcb8@4 5fce8@8
greichweite_v_n1,18,WOOKY,16,12,2092,5fa54,rechts,-2,-4,-2,3,18,,9,13,5,400c,5,nein,,,,,,,-2..-2,-4..-4,0..0,5,26,31,5ec70,17,5ecaa,5fa54@0 5fa8c@4 5fab8@9 5faec@14
greichweite_v_n1,18,WOOKY,16,12,2155,5fc18,rechts,-2,-4,-2,3,20,,4,20,17,440c,5,ja,9,5,0,nein,-2,-4,-2..-2,-4..-4,0..0,0,15,15,5ecaa,18,5ecaa,5fc18@0 5fc50@4
greichweite_v_n1,18,WOOKY,16,12,2208,5fc18,rechts,-2,-4,-2,3,20,,4,20,17,440c,5,ja,10,5,0,nein,-2,-4,-2..-2,-4..-4,0..0,0,14,14,5ecaa,17,5ecaa,5fc18@0 5fc50@4
greichweite_v_n1,18,WOOKY,16,13,2416,5fa54,links,14,11,14,1,25,,9,20,12,400c,5,ja,9,5,0,nein,14,11,14..14,11..11,0..0,5,16,21,5ecaa,17,5ecaa,5fa54@0 5fa8c@4 5fab8@9 5faec@21
greichweite_v_n1,18,WOOKY,16,13,2475,5fa54,links,14,11,14,3,25,,9,20,12,400c,5,ja,9,5,0,nein,14,11,14..14,11..11,0..0,5,34,39,5fc8c,17,5ecaa,5fa54@0 5fa8c@4 5fab8@9 5faec@21
greichweite_v_n1,18,WOOKY,16,13,2535,5fc8c,links,14,11,14,3,17,,8,17,10,4c0c,5,nein,,,,,,,14..14,11..11,0..0,0,30,30,5ec70,0,5fb18,5fc8c@0 5fcb8@4 5fce8@8
greichweite_v_n1,18,WOOKY,16,13,2601,5fa54,links,14,11,14,3,25,,9,20,12,400c,5,ja,9,5,0,nein,14,11,14..14,11..11,0..0,5,24,29,5ec70,18,5ecaa,5fa54@0 5fa8c@4 5fab8@9 5faec@21
greichweite_v_n1,18,WOOKY,16,13,2669,5fc18,links,14,11,14,1,20,,4,20,17,440c,5,ja,4,5,0,nein,14,11,14..14,11..11,0..0,0,11,11,5ed1c,18,5ecaa,5fc18@0 5fc50@4
greichweite_v_n4,14,WOOKY,26,12,1774,5fc18,links,55,1,48,1,20,,4,20,17,440c,8,ja,4,8,0,nein,55,1,55..55,1..1,0..0,0,14,14,5ecaa,17,5ecaa,5fc18@0 5fc50@4
greichweite_v_n4,14,WOOKY,26,12,1826,5fc18,links,55,1,48,3,13,,4,13,10,440c,8,nein,,,,,,,55..55,1..1,0..0,0,16,16,5ecaa,17,5ecaa,5fc18@0 5fc50@4
greichweite_v_n4,14,WOOKY,26,12,1873,5fa54,links,55,1,48,1,18,,9,13,5,400c,8,nein,,,,,,,55..55,1..1,0..0,5,31,36,5fc8c,17,5ecaa,5fa54@0 5fa8c@4 5fab8@9 5faec@14
greichweite_v_n4,14,WOOKY,26,12,1923,5fc8c,links,55,1,48,1,15,,8,15,8,4c0c,8,ja,8,8,0,ja,55,1,55..55,1..1,0..0,0,0,0,5ed1c,0,5fb18,5fc8c@0 5fcb8@4 5fce8@8
greichweite_v_n4,14,WOOKY,26,12,2184,5fa54,links,55,4,48,1,25,,9,20,12,400c,8,ja,9,8,0,nein,55,4,55..55,4..4,0..0,5,17,22,5ecaa,17,5ecaa,5fa54@0 5fa8c@4 5fab8@9 5faec@21
greichweite_v_n4,14,WOOKY,26,13,2244,5fa54,links,55,4,48,1,25,,9,20,12,400c,8,ja,9,8,0,nein,55,4,55..55,4..4,0..0,5,30,35,5fc8c,17,5ecaa,5fa54@0 5fa8c@4 5fab8@9 5faec@21
greichweite_v_n4,14,WOOKY,26,13,2300,5fc8c,links,55,4,48,1,15,,8,15,8,4c0c,8,ja,8,8,0,ja,55,4,55..55,4..4,0..0,0,0,0,5ed1c,0,5fb18,5fc8c@0 5fcb8@4 5fce8@8
greichweite_v_n4,14,WOOKY,26,14,3004,5fa54,links,55,0,48,1,25,,9,20,12,400c,8,ja,9,8,0,nein,55,0,55..55,0..0,0..0,5,27,32,5ec70,17,5ecaa,5fa54@0 5fa8c@4 5fab8@9 5faec@21
greichweite_v_n4,14,WOOKY,26,14,3215,5fa54,links,55,0,48,3,18,,9,13,5,400c,8,nein,,,,,,,55..55,0..0,0..0,5,30,35,5ec70,17,5ecaa,5fa54@0 5fa8c@4 5fab8@9 5faec@14
greichweite_v_n4,14,WOOKY,26,15,3486,5fa54,links,55,-3,48,3,18,,9,13,5,400c,9,nein,,,,,,,55..55,-3..-3,0..0,5,25,30,5ec70,17,5ecaa,5fa54@0 5fa8c@4 5fab8@9 5faec@14
greichweite_v_n4,14,WOOKY,26,16,4341,5fc18,rechts,-56,-3,-48,1,20,,4,20,17,440c,9,ja,4,9,0,nein,-56,-3,-56..-56,-3..-3,0..0,0,16,16,5ecaa,13,5ecaa,5fc18@0 5fc50@4
greichweite_v_n4,14,WOOKY,26,16,4391,5fc18,rechts,-56,-3,-48,1,20,,4,20,17,440c,9,ja,4,9,0,nein,-56,-3,-56..-56,-3..-3,0..0,0,17,17,5ecaa,13,5ecaa,5fc18@0 5fc50@4
greichweite_v_n4,14,WOOKY,26,16,4442,5fa54,rechts,-56,-3,-48,1,25,,9,20,12,400c,9,ja,9,9,0,nein,-56,-3,-56..-56,-3..-3,0..0,5,26,31,5fc8c,13,5ecaa,5fa54@0 5fa8c@4 5fab8@9 5faec@21
greichweite_v_n4,14,WOOKY,26,16,4494,5fc8c,rechts,-56,-3,-48,1,15,,8,15,8,4c0c,9,ja,8,9,0,ja,-56,-3,-56..-56,-3..-3,0..0,0,0,0,5ed1c,0,5fb18,5fc8c@0 5fcb8@4 5fce8@8
greichweite_v_n4,14,WOOKY,26,17,4945,5fa54,rechts,-2,-10,-2,3,25,,9,20,12,400c,9,ja,10,9,0,nein,-2,-10,-2..-2,-10..-10,0..0,5,,,,13,5ecaa,5fa54@0 5fa8c@4 5fab8@9 5faec@21
greichweite_v_n4,15,WOOKY,26,12,1706,5fa54,rechts,-48,2,-48,3,25,,9,20,12,400c,8,ja,9,8,0,nein,-48,2,-48..-48,2..2,0..0,5,26,31,5ec70,17,5ecaa,5fa54@0 5fa8c@4 5fab8@9 5faec@21
greichweite_v_n4,15,WOOKY,26,12,1776,5fc18,rechts,-48,2,-48,1,13,,4,13,10,440c,8,nein,,,,,,,-48..-48,2..2,0..0,0,15,15,5ecaa,18,5ecaa,5fc18@0 5fc50@4
greichweite_v_n4,15,WOOKY,26,12,1822,5fc18,rechts,-48,2,-48,3,13,,4,13,10,440c,8,nein,,,,,,,-48..-48,2..2,0..0,0,16,16,5ecaa,17,5ecaa,5fc18@0 5fc50@4
greichweite_v_n4,15,WOOKY,26,12,1869,5fa54,rechts,-48,2,-48,1,25,,9,20,12,400c,8,ja,9,8,0,nein,-48,2,-48..-48,2..2,0..0,5,32,37,5fc8c,17,5ecaa,5fa54@0 5fa8c@4 5fab8@9 5faec@21
greichweite_v_n4,15,WOOKY,26,12,1927,5fc8c,rechts,-48,2,-48,1,4,ja,,,0,,8,nein,,,,,,,,,,,,,,0,5fb18,5fc8c@0 5fcb8@4
greichweite_v_n4,15,WOOKY,26,13,2577,5fa54,links,45,-6,45,1,25,,9,20,12,400c,8,ja,9,8,0,nein,45,-6,45..45,-6..-6,0..0,5,15,20,5ecaa,17,5ecaa,5fa54@0 5fa8c@4 5fab8@9 5faec@21
greichweite_v_n4,15,WOOKY,26,13,2635,5fa54,links,45,-6,45,1,25,,9,20,12,400c,8,ja,9,8,0,nein,45,-6,45..45,-6..-6,0..0,5,18,23,5ecaa,17,5ecaa,5fa54@0 5fa8c@4 5fab8@9 5faec@21
greichweite_v_n4,15,WOOKY,26,13,2696,5fb50,links,45,-6,45,1,16,,9,16,8,4c0c,8,ja,9,8,0,ja,45,-6,45..45,-6..-6,0..0,0,0,0,5ed1c,17,5ecaa,5fb50@0 5fb88@4 5fbb4@9
greichweite_v_n4,15,WOOKY,26,15,3918,5fa54,rechts,-56,-1,-48,1,21,,9,20,12,400c,9,ja,9,9,0,nein,-56,-1,-56..-56,-1..-1,0..0,1,0,1,5ed1c,17,5ecaa,5fa54@0 5fa8c@4 5fab8@9 5faec@21
greichweite_v_n4,15,WOOKY,26,17,4687,5fa54,rechts,-23,10,-23,1,25,,9,20,12,400c,9,ja,9,9,0,nein,-23,10,-23..-23,10..10,0..0,5,12,17,5ecaa,13,5ecaa,5fa54@0 5fa8c@4 5fab8@9 5faec@21
greichweite_v_n4,15,WOOKY,26,17,4738,5fa54,rechts,-23,10,-23,1,25,,9,20,12,400c,9,ja,9,9,0,nein,-23,10,-23..-23,10..10,0..0,5,26,31,5fc8c,13,5ecaa,5fa54@0 5fa8c@4 5fab8@9 5faec@21
greichweite_v_n4,15,WOOKY,26,17,4790,5fc8c,rechts,-23,10,-23,1,15,,8,15,8,4c0c,9,ja,8,9,0,ja,-23,10,-23..-23,10..10,0..0,0,0,0,5ed1c,0,5fb18,5fc8c@0 5fcb8@4 5fce8@8
greichweite_v_n4,15,WOOKY,26,17,4933,5fa54,rechts,-48,5,-48,3,18,,9,13,5,400c,9,nein,,,,,,,-48..-48,5..5,0..0,5,27,32,5ec70,13,5ecaa,5fa54@0 5fa8c@4 5fab8@9 5faec@14
greichweite_v_n4,15,WOOKY,26,17,4993,5fa54,rechts,-48,5,-48,1,7,ja,,,0,,9,nein,,,,,,,,,,,,,,14,5ecaa,5fa54@0 5fa8c@4
greichweite_v_n4,16,WOOKY,16,11,1038,5fd24,links,56,-3,48,1,32,,10,24,15,440c,5,ja,10,5,0,nein,56,-3,56..56,-3..-3,0..0,8,28,36,5ec70,21,5ecaa,5fd24@0 5fd5c@4 5fd8c@10 5fdbc@25
greichweite_v_n4,16,WOOKY,16,11,1331,5fc18,links,1,7,1,3,13,,4,13,10,440c,5,nein,,,,,,,1..1,7..7,0..0,0,14,14,5ecaa,21,5ecaa,5fc18@0 5fc50@4
greichweite_v_n4,16,WOOKY,16,11,1380,5fc18,links,1,7,1,1,20,,4,20,17,440c,5,ja,4,5,0,nein,1,7,1..1,7..7,0..0,0,15,15,5ecaa,21,5ecaa,5fc18@0 5fc50@4
greichweite_v_n4,16,WOOKY,16,11,1437,5fb50,links,1,7,1,3,20,,9,20,12,4c0c,5,ja,13,5,0,ja,1,7,1..1,7..7,0..0,0,0,0,5ed1c,21,5ecaa,5fb50@0 5fb88@4 5fbb4@9
greichweite_v_n4,17,EDDY,30,10,910,643f8,rechts,-42,11,-42,1,25,,9,20,12,400c,6,ja,9,6,0,nein,-42,11,-42..-42,11..11,0..0,5,25,30,6369a,21,636d4,643f8@0 64430@4 6445c@9 64490@21
greichweite_v_n4,17,EDDY,30,10,983,643f8,rechts,-42,11,-42,1,25,,9,20,12,400c,6,ja,9,6,0,nein,-42,11,-42..-42,11..11,0..0,5,30,35,6369a,22,636d4,643f8@0 64430@4 6445c@9 64490@21
greichweite_v_n4,17,EDDY,30,11,1061,643f8,rechts,-42,11,-42,3,18,,9,13,5,400c,6,nein,,,,,,,-42..-42,11..11,0..0,5,18,23,636d4,22,636d4,643f8@0 64430@4 6445c@9 64490@14
greichweite_v_n4,17,EDDY,30,11,1119,643f8,rechts,-42,11,-42,1,25,,9,20,12,400c,6,ja,9,6,0,nein,-42,11,-42..-42,11..11,0..0,5,13,18,636d4,21,636d4,643f8@0 64430@4 6445c@9 64490@21
greichweite_v_n4,17,EDDY,30,11,1179,644f4,rechts,-42,11,-42,1,25,,9,20,12,4c0c,6,ja,9,6,0,ja,-42,11,-50..-42,11..11,0..14,5,3,8,63746,21,636d4,644f4@0 6452c@4 64558@9 6458c@21
greichweite_v_n4,17,EDDY,30,11,1432,645bc,rechts,-55,3,-48,3,25,,10,17,8,440c,6,nein,,,,,,,-55..-55,3..3,0..0,8,14,22,63746,21,636d4,645bc@0 645f4@4 64624@10 64654@18
greichweite_v_n4,17,EDDY,30,11,1594,645bc,rechts,-13,3,-13,3,32,,10,24,15,440c,6,ja,14,6,0,nein,-13,3,-13..-13,3..3,0..0,8,27,35,6369a,21,636d4,645bc@0 645f4@4 64624@10 64654@25
greichweite_v_n4,17,EDDY,30,12,1672,645bc,rechts,-13,3,-13,1,32,,10,24,15,440c,6,ja,10,6,0,nein,-13,3,-13..-13,3..3,0..0,8,13,21,636d4,18,636d4,645bc@0 645f4@4 64624@10 64654@25
greichweite_v_n4,17,EDDY,30,12,1735,645bc,rechts,-13,3,-13,3,32,,10,24,15,440c,6,ja,10,6,0,nein,-13,3,-13..-13,3..3,0..0,8,24,32,6369a,17,636d4,645bc@0 645f4@4 64624@10 64654@25
greichweite_v_n4,17,EDDY,30,12,1810,645bc,rechts,-13,3,-13,1,32,,10,24,15,440c,6,ja,10,6,0,nein,-13,3,-13..-13,3..3,0..0,8,16,24,636d4,18,636d4,645bc@0 645f4@4 64624@10 64654@25
greichweite_v_n4,17,EDDY,30,12,1876,645bc,rechts,-13,3,-13,1,25,,10,17,8,440c,6,nein,,,,,,,-13..-13,3..3,0..0,8,33,41,63746,17,636d4,645bc@0 645f4@4 64624@10 64654@18
greichweite_v_n4,17,EDDY,30,12,2136,645bc,links,55,-1,48,1,32,,10,24,15,440c,6,ja,10,6,0,nein,55,-1,55..55,-1..-1,0..0,8,13,21,636d4,17,636d4,645bc@0 645f4@4 64624@10 64654@25
greichweite_v_n4,17,EDDY,30,12,2199,645bc,links,55,-1,48,3,25,,10,17,8,440c,6,nein,,,,,,,55..55,-1..-1,0..0,8,28,36,6369a,17,636d4,645bc@0 645f4@4 64624@10 64654@18
greichweite_v_n4,17,EDDY,30,13,2522,645bc,links,55,3,48,1,32,,10,24,15,440c,6,ja,10,6,0,nein,55,3,55..55,3..3,0..0,8,30,38,6369a,17,636d4,645bc@0 645f4@4 64624@10 64654@25
greichweite_v_n4,17,EDDY,30,14,2958,645bc,links,55,3,48,1,32,,10,24,15,440c,6,ja,10,6,0,nein,55,3,55..55,3..3,0..0,8,26,34,6369a,17,636d4,645bc@0 645f4@4 64624@10 64654@25
greichweite_v_n4,17,EDDY,30,14,3065,64688,links,55,3,48,1,52,,9,52,44,4c0c,6,ja,9,6,0,ja,40,3,-68..40,3..3,0..48,0,1,1,63746,17,636d4,64688@0 646c0@3 646f8@4 6472e@9
greichweite_v_n4,17,EDDY,30,14,3333,645bc,links,55,0,48,1,32,,10,24,15,440c,6,ja,10,6,0,nein,55,0,55..55,0..0,0..0,8,15,23,636d4,17,636d4,645bc@0 645f4@4 64624@10 64654@25
greichweite_v_n4,17,EDDY,30,14,3398,645bc,links,55,0,48,1,25,,10,17,8,440c,6,nein,,,,,,,55..55,0..0,0..0,8,32,40,6369a,17,636d4,645bc@0 645f4@4 64624@10 64654@18
greichweite_v_n4,17,EDDY,30,15,3564,64688,links,55,0,48,1,52,,9,52,44,4c0c,6,ja,9,6,0,ja,40,0,-68..40,0..0,0..48,0,1,1,63746,17,636d4,64688@0 646c0@3 646f8@4 6472e@9
greichweite_v_n4,17,EDDY,30,16,4122,645bc,links,55,0,48,1,32,,10,24,15,440c,6,ja,10,6,0,nein,55,0,55..55,0..0,0..0,8,14,22,636d4,13,636d4,645bc@0 645f4@4 64624@10 64654@25
greichweite_v_n4,17,EDDY,30,16,4182,645bc,links,55,0,48,2,25,,10,17,8,440c,6,nein,,,,,,,55..55,0..0,36..47,8,25,33,63746,13,636d4,645bc@0 645f4@4 64624@10 64654@18
greichweite_v_n4,17,EDDY,30,16,4298,64688,rechts,-12,-6,-12,3,45,,9,45,37,4c0c,6,nein,,,,,,,3..111,-6..-6,0..0,0,1,1,63746,13,636d4,64688@0 646c0@3 646f8@4 6472e@9
greichweite_v_n4,17,EDDY,30,16,4400,64688,links,43,0,43,3,45,,9,45,37,4c0c,6,nein,,,,,,,-80..28,0..0,0..0,0,1,1,63746,13,636d4,64688@0 646c0@3 646f8@4 6472e@9
greichweite_v_n4,18,WOOKY,16,10,548,5efc8,links,84,6,-120,1,126,ja,,,0,,0,nein,,,,,,,,,,,,,,0,5ed7e,5efc8@0 5f002@9 5ee94@17 5eece@26 5efc8@34 5f002@43 5f308@50 5f33a@51 5f368@88 5f4c0@97 5f4ec@105 5f518@106 5f544@126
greichweite_v_n4,18,SKIP,36,11,1373,287e0,rechts,-56,-3,-64,1,24,,13,16,4,8402,8,nein,,,,,,,-56..-56,-3..-3,0..0,8,12,20,287e0,0,283c8,287e0@0 2881c@5 28858@8 2888e@11 288ca@13 28904@17 28940@19 28976@21 289b2@24
greichweite_v_n4,18,SKIP,36,11,1410,287e0,rechts,-56,-3,-64,3,24,,13,16,4,8402,8,ja,13,8,0,nein,-56,-3,-56..-56,-3..-3,0..0,8,12,20,287e0,0,2849e,287e0@0 2881c@5 28858@8 2888e@11 288ca@13 28904@17 28940@19 28976@21 289b2@24
greichweite_v_n4,18,SKIP,36,11,1447,287e0,rechts,-56,-3,-64,3,24,,13,16,4,8402,8,nein,,,,,,,-50..-41,-3..-3,9..22,8,0,8,282f4,0,2849e,287e0@0 2881c@5 28858@8 2888e@11 288ca@13 28904@17 28940@19 28976@21 289b2@24
greichweite_v_n4,18,SKIP,36,13,2292,289f2,links,160,-8,989,1,41,ja,,,0,,8,nein,,,,,,,,,,,,,,0,2835c,289f2@0 28a2e@4 28a64@7 28a9e@8 28ad8@9 28b12@41
greichweite_v_n4,18,SKIP,36,14,3388,287e0,links,72,6,64,1,24,,13,16,4,8402,8,ja,13,8,0,nein,72,6,72..72,6..6,0..0,8,12,20,287e0,0,28390,287e0@0 2881c@5 28858@8 2888e@11 288ca@13 28904@17 28940@19 28976@21 289b2@24
greichweite_v_n4,18,SKIP,36,15,3425,287e0,links,72,6,64,3,24,,13,16,4,8402,8,ja,13,8,0,nein,72,6,72..72,6..6,0..0,8,12,20,287e0,0,2849e,287e0@0 2881c@5 28858@8 2888e@11 288ca@13 28904@17 28940@19 28976@21 289b2@24
greichweite_v_n4,18,SKIP,36,15,3462,287e0,links,72,6,64,3,24,,13,16,4,8402,8,ja,13,8,0,nein,72,6,72..72,6..6,0..0,8,12,20,287e0,0,2849e,287e0@0 2881c@5 28858@8 2888e@11 288ca@13 28904@17 28940@19 28976@21 289b2@24
greichweite_v_n4,18,SKIP,36,15,3499,287e0,links,72,6,64,3,24,,1,23,17,8c00/8402/8c02,8,ja,13,8,0,nein,72,6,72..72,6..6,0..0,1,0,1,282f4,0,2849e,287e0@0 2881c@5 28858@8 2888e@11 288ca@13 28904@17 28940@19 28976@21 289b2@24
greichweite_v_n4,18,SKIP,36,15,3923,289f2,links,142,-9,989,1,41,ja,,,0,,8,ja,16,11,0,ja,142,-9,,,,,,,,0,283c8,289f2@0 28a2e@4 28a64@7 28a9e@8 28ad8@9 28b12@41
greichweite_v_n4,18,SKIP,36,16,4147,289f2,links,141,-4,989,3,41,ja,,,0,,11,ja,16,11,0,ja,141,-4,,,,,,,,0,283c8,289f2@0 28a2e@4 28a64@7 28a9e@8 28ad8@9 28b12@41
greichweite_v_n4,18,SKIP,36,17,4686,287e0,rechts,-57,-2,-64,1,24,,13,16,4,8402,9,nein,,,,,,,-57..-57,-2..-2,0..0,8,0,8,282f4,0,2835c,287e0@0 2881c@5 28858@8 2888e@11 288ca@13 28904@17 28940@19 28976@21 289b2@24
greichweite_v_n5,14,WOOKY,26,14,3223,5fa54,rechts,-55,3,-48,1,25,,9,20,12,400c,8,ja,9,8,0,nein,-55,3,-55..-55,3..3,0..0,5,11,16,5ed1c,17,5ecaa,5fa54@0 5fa8c@4 5fab8@9 5faec@21
greichweite_v_n5,14,WOOKY,26,14,3398,5fc18,links,0,-4,0,3,13,,4,13,10,440c,8,nein,,,,,,,0..0,-4..-4,0..0,0,18,18,5ecaa,17,5ecaa,5fc18@0 5fc50@4
greichweite_v_n5,14,WOOKY,26,15,3447,5fc18,links,0,-4,0,1,20,,4,20,17,440c,9,ja,4,9,0,nein,0,-4,0..0,-4..-4,0..0,0,11,11,5f7f6,17,5ecaa,5fc18@0 5fc50@4
greichweite_v_n5,14,WOOKY,26,15,3479,5f7f6,rechts,-26,0,0,1,66,ja,,,0,,9,nein,,,,,,,,,,,,,,0,5fb18,5f7f6@0
greichweite_v_n5,14,WOOKY,26,15,3564,5fa54,rechts,-17,0,-17,1,25,,9,20,12,400c,9,ja,9,9,0,nein,-17,0,-17..-17,0..0,0..0,5,27,32,5ec70,17,5ecaa,5fa54@0 5fa8c@4 5fab8@9 5faec@21
greichweite_v_n5,14,WOOKY,26,15,3635,5fd24,rechts,-17,0,-17,3,32,,10,24,15,440c,9,ja,10,9,0,nein,-18,0,-18..-18,0..0,0..0,8,30,38,5ec70,18,5ecaa,5fd24@0 5fd5c@4 5fd8c@10 5fdbc@25
greichweite_v_n5,14,WOOKY,26,15,3716,5fc18,rechts,-18,0,-18,1,20,,4,20,17,440c,9,ja,4,9,0,nein,-18,0,-18..-18,0..0,0..0,0,14,14,5ecaa,18,5ecaa,5fc18@0 5fc50@4
greichweite_v_n5,14,WOOKY,26,15,3768,5fc18,rechts,-18,0,-18,3,13,,4,13,10,440c,9,nein,,,,,,,-18..-18,0..0,0..0,0,17,17,5ecaa,17,5ecaa,5fc18@0 5fc50@4
greichweite_v_n5,14,WOOKY,26,15,3816,5fa54,rechts,-18,0,-18,3,18,,9,13,5,400c,9,nein,,,,,,,-18..-18,0..0,0..0,5,31,36,5fc8c,17,5ecaa,5fa54@0 5fa8c@4 5fab8@9 5faec@14
greichweite_v_n5,14,WOOKY,26,15,3866,5fc8c,rechts,-18,0,-18,3,22,,8,22,15,4c0c,9,ja,15,9,0,ja,-18,0,-18..-18,0..0,0..0,0,0,0,5ed1c,0,5fb18,5fc8c@0 5fcb8@4 5fce8@8
greichweite_v_n5,14,WOOKY,26,17,5191,5fc18,rechts,-55,-1,-48,1,20,,4,20,17,440c,9,ja,4,9,0,nein,-55,-1,-55..-55,-1..-1,0..0,0,16,16,5ecaa,13,5ecaa,5fc18@0 5fc50@4
greichweite_v_n5,14,WOOKY,26,18,5241,5fc18,rechts,-55,-1,-48,1,20,,4,20,17,440c,9,ja,4,9,0,nein,-55,-1,-55..-55,-1..-1,0..0,0,17,17,5ecaa,13,5ecaa,5fc18@0 5fc50@4
greichweite_v_n5,14,WOOKY,26,18,5292,5fb50,rechts,-55,-1,-48,3,20,,9,20,12,4c0c,9,ja,13,9,0,ja,-55,-1,-55..-55,-1..-1,0..0,0,0,0,5ed1c,13,5ecaa,5fb50@0 5fb88@4 5fbb4@9
greichweite_v_n5,14,WOOKY,26,18,5581,5fa54,rechts,-56,-3,-48,3,11,,9,11,3,400c,9,nein,,,,,,,-56..-56,-3..-3,0..0,0,0,0,5ed1c,13,5ecaa,5fa54@0 5fa8c@4 5fab8@9
greichweite_v_n5,14,WOOKY,26,18,5724,5fa54,rechts,-5,11,-5,1,18,,9,13,5,400c,9,nein,,,,,,,-5..-5,11..11,0..0,5,16,21,5ecaa,13,5ecaa,5fa54@0 5fa8c@4 5fab8@9 5faec@14
greichweite_v_n5,14,WOOKY,26,18,5772,5fa54,rechts,-5,11,-5,1,25,,9,20,12,400c,9,ja,9,9,0,nein,-5,11,-5..-5,11..11,0..0,5,18,23,5ecaa,13,5ecaa,5fa54@0 5fa8c@4 5fab8@9 5faec@21
greichweite_v_n5,14,WOOKY,26,19,5829,5fb50,rechts,-5,11,-5,1,16,,9,16,8,4c0c,9,ja,9,9,0,ja,-5,11,-5..-5,11..11,0..0,0,0,0,5ed1c,13,5ecaa,5fb50@0 5fb88@4 5fbb4@9
greichweite_v_n5,14,WOOKY,26,19,5970,5fa54,links,1,-4,1,3,18,,9,13,5,400c,9,nein,,,,,,,1..1,-4..-4,0..0,5,,,,13,5ecaa,5fa54@0 5fa8c@4 5fab8@9 5faec@14
greichweite_v_n5,15,WOOKY,26,13,2780,5fa54,links,61,-1,48,1,25,,9,20,12,400c,8,ja,9,8,0,nein,76,-1,76..76,-1..-1,0..0,5,16,21,5ecaa,17,5ecaa,5fa54@0 5fa8c@4 5fab8@9 5faec@21
greichweite_v_n5,15,WOOKY,26,14,2839,5fa54,links,76,-1,48,3,25,,9,20,12,400c,8,ja,11,8,0,nein,76,-1,76..76,-1..-1,0..0,5,12,17,5ecaa,17,5ecaa,5fa54@0 5fa8c@4 5fab8@9 5faec@21
greichweite_v_n5,15,WOOKY,26,14,2894,5fb50,links,76,-1,48,3,17,,9,17,9,4c0c,8,ja,10,8,0,ja,76,-1,76..76,-1..-1,0..0,0,0,0,5ed1c,17,5ecaa,5fb50@0 5fb88@4 5fbb4@9
greichweite_v_n5,15,WOOKY,26,15,3525,5fa54,links,56,-1,48,1,25,,9,20,12,400c,9,ja,9,9,0,nein,56,-1,56..56,-1..-1,0..0,5,31,36,5ec70,17,5ecaa,5fa54@0 5fa8c@4 5fab8@9 5faec@21
greichweite_v_n5,15,WOOKY,26,15,3796,5fc18,links,44,-1,44,1,20,,4,20,17,440c,9,ja,4,9,0,nein,44,-1,44..44,-1..-1,0..0,0,16,16,5ecaa,17,5ecaa,5fc18@0 5fc50@4
greichweite_v_n5,15,WOOKY,26,15,3850,5fc18,links,44,-1,44,3,20,,4,20,17,440c,9,ja,4,9,0,nein,44,-1,44..44,-1..-1,0..0,0,11,11,5ed1c,17,5ecaa,5fc18@0 5fc50@4
greichweite_v_n5,15,WOOKY,26,16,4020,5fa54,links,3,-10,3,3,18,,9,13,5,400c,9,nein,,,,,,,3..3,-10..-10,0..0,5,16,21,5ecaa,17,5ecaa,5fa54@0 5fa8c@4 5fab8@9 5faec@14
greichweite_v_n5,15,WOOKY,26,16,4068,5fa54,links,3,-10,3,1,25,,9,20,12,400c,9,ja,9,9,0,nein,3,-10,3..3,-10..-10,0..0,5,13,18,5ecaa,13,5ecaa,5fa54@0 5fa8c@4 5fab8@9 5faec@21
greichweite_v_n5,15,WOOKY,26,16,4120,5fb50,links,3,-10,3,1,16,,9,16,8,4c0c,9,ja,9,9,0,ja,3,-10,3..3,-10..-10,0..0,0,0,0,5ed1c,13,5ecaa,5fb50@0 5fb88@4 5fbb4@9
greichweite_v_n5,15,WOOKY,26,18,5269,5fa54,rechts,-56,-1,-48,3,25,,9,20,12,400c,9,ja,9,9,0,nein,-56,-1,-56..-56,-1..-1,0..0,5,11,16,5ed1c,13,5ecaa,5fa54@0 5fa8c@4 5fab8@9 5faec@21
greichweite_v_n5,15,WOOKY,26,18,5472,5fa54,rechts,-48,-1,-48,1,25,,9,20,12,400c,9,ja,9,9,0,nein,-48,-1,-48..-48,-1..-1,0..0,5,18,23,5ecaa,13,5ecaa,5fa54@0 5fa8c@4 5fab8@9 5faec@21
greichweite_v_n5,15,WOOKY,26,18,5529,5fa54,rechts,-48,-1,-48,1,25,,9,20,12,400c,9,ja,9,9,0,nein,-48,-1,-48..-48,-1..-1,0..0,5,27,32,5fc8c,13,5ecaa,5fa54@0 5fa8c@4 5fab8@9 5faec@21
greichweite_v_n5,15,WOOKY,26,18,5582,5fc8c,rechts,-48,-1,-48,3,17,,8,17,10,4c0c,9,ja,10,9,0,ja,-48,-1,-48..-48,-1..-1,0..0,0,0,0,5ed1c,0,5fb18,5fc8c@0 5fcb8@4 5fce8@8
greichweite_v_n5,15,WOOKY,26,18,5719,5f7f6,links,26,0,-3,1,70,ja,,,0,,9,nein,,,,,,,,,,,,,,7,5ecaa,5f7f6@0
greichweite_v_n5,15,WOOKY,26,19,5983,5fc18,rechts,-3,-10,-3,3,17,,4,17,14,440c,9,ja,9,9,0,nein,-3,-10,-3..-3,-10..-10,0..0,0,,,,13,5ecaa,5fc18@0 5fc50@4
greichweite_v_n5,16,WOOKY,16,14,2819,5fc18,rechts,-55,-4,-48,1,20,,4,20,17,440c,5,ja,4,5,0,nein,-55,-4,-55..-55,-4..-4,0..0,0,16,16,5ecaa,17,5ecaa,5fc18@0 5fc50@4
greichweite_v_n5,16,WOOKY,16,14,2873,5fc18,rechts,-55,-4,-48,3,20,,4,20,17,440c,5,ja,4,5,0,nein,-55,-4,-55..-55,-4..-4,0..0,0,11,11,5ed1c,17,5ecaa,5fc18@0 5fc50@4
greichweite_v_n5,16,WOOKY,16,16,4334,5fa54,rechts,-58,-1,-48,1,25,,9,20,12,400c,5,ja,9,5,0,nein,-63,-1,-63..-63,-1..-1,0..0,5,29,34,5ec70,13,5ecaa,5fa54@0 5fa8c@4 5fab8@9 5faec@21
greichweite_v_n5,16,WOOKY,16,17,4731,5fc18,links,46,7,46,1,20,,4,20,17,440c,5,ja,4,5,0,nein,46,7,46..46,7..7,0..0,0,16,16,5ecaa,13,5ecaa,5fc18@0 5fc50@4
greichweite_v_n5,16,WOOKY,16,17,4781,5fc18,links,46,7,46,1,20,,4,20,17,440c,5,ja,4,5,0,nein,46,7,46..46,7..7,0..0,0,15,15,5ecaa,13,5ecaa,5fc18@0 5fc50@4
greichweite_v_n5,16,WOOKY,16,17,4830,5fa54,links,46,7,46,1,25,,9,20,12,400c,5,ja,9,5,0,nein,46,7,46..46,7..7,0..0,5,31,36,5fc8c,13,5ecaa,5fa54@0 5fa8c@4 5fab8@9 5faec@21
greichweite_v_n5,16,WOOKY,16,17,4887,5fc8c,links,46,7,46,1,15,,8,15,8,4c0c,5,ja,8,5,0,ja,46,7,46..46,7..7,0..0,0,0,0,5ed1c,0,5fb18,5fc8c@0 5fcb8@4 5fce8@8
greichweite_v_n5,16,WOOKY,16,19,5970,5fc18,rechts,-5,10,-5,3,13,,4,13,10,440c,5,nein,,,,,,,-5..-5,10..10,0..0,0,13,13,5ecaa,13,5ecaa,5fc18@0 5fc50@4
greichweite_v_n5,17,EDDY,30,11,1590,64198,links,26,0,48,1,57,ja,,,0,,0,nein,,,,,,,,,,,,,,10,636d4,64198@0
greichweite_v_n5,17,EDDY,30,12,1666,645bc,links,17,0,17,1,32,,10,24,15,440c,6,ja,10,6,0,nein,17,0,17..17,0..0,0..0,8,29,37,6369a,17,636d4,645bc@0 645f4@4 64624@10 64654@25
greichweite_v_n5,17,EDDY,30,12,1746,645bc,links,17,0,17,2,17,,10,17,8,440c,6,nein,,,,,,,-14..6,0..0,41..62,0,0,0,63746,18,636d4,645bc@0 645f4@4 64624@10
greichweite_v_n5,17,EDDY,30,12,2043,645bc,rechts,-55,3,-48,1,32,,10,24,15,440c,6,ja,10,6,0,nein,-55,3,-55..-55,3..3,0..0,8,14,22,636d4,17,636d4,645bc@0 645f4@4 64624@10 64654@25
greichweite_v_n5,17,EDDY,30,12,2095,64198,rechts,-26,0,-48,1,70,ja,,,0,,6,nein,,,,,,,,,,,,,,5,636d4,64198@0
greichweite_v_n5,17,EDDY,30,12,2184,643f8,rechts,-17,0,-17,1,25,,9,20,12,400c,6,ja,9,6,0,nein,-17,0,-17..-17,0..0,0..0,5,26,31,6369a,17,636d4,643f8@0 64430@4 6445c@9 64490@21
greichweite_v_n5,17,EDDY,30,13,2254,64688,rechts,-17,0,-17,1,59,,9,59,51,4c0c,6,ja,9,6,0,ja,-12,0,-28..-7,0..0,0..48,0,23,23,63746,18,636d4,64688@0 646c0@3 646f8@4 6472e@9
greichweite_v_n5,17,EDDY,30,13,2403,645bc,links,28,4,28,3,32,,10,24,15,440c,6,ja,17,6,0,nein,28,4,28..28,4..4,0..0,8,29,37,6369a,17,636d4,645bc@0 645f4@4 64624@10 64654@25
greichweite_v_n5,17,EDDY,30,13,2483,64688,links,28,4,28,1,52,,9,52,44,4c0c,6,ja,9,6,0,ja,13,4,6..13,4..4,0..48,0,27,27,63746,18,636d4,64688@0 646c0@3 646f8@4 6472e@9
greichweite_v_n5,17,EDDY,30,14,3238,64688,rechts,-56,3,-48,3,52,,9,52,44,4c0c,6,ja,21,6,0,ja,-5,3,-41..1,3..3,0..48,0,1,1,63746,17,636d4,64688@0 646c0@3 646f8@4 6472e@9
greichweite_v_n5,17,EDDY,30,15,3460,645bc,rechts,-56,-1,-48,3,25,,10,17,8,440c,6,nein,,,,,,,-56..-56,-1..-1,0..0,8,27,35,6369a,17,636d4,645bc@0 645f4@4 64624@10 64654@18
greichweite_v_n5,17,EDDY,30,15,3747,645bc,rechts,-48,1,-48,1,32,,10,24,15,440c,6,ja,10,6,0,nein,-48,1,-48..-48,1..1,0..0,8,13,21,636d4,17,636d4,645bc@0 645f4@4 64624@10 64654@25
greichweite_v_n5,17,EDDY,30,15,3810,645bc,rechts,-48,1,-48,3,32,,10,24,15,440c,6,ja,17,6,0,nein,-48,1,-48..-48,1..1,0..0,8,27,35,6369a,17,636d4,645bc@0 645f4@4 64624@10 64654@25
greichweite_v_n5,17,EDDY,30,15,3888,645bc,rechts,-48,1,-48,2,11,,10,11,2,440c,6,nein,,,,,,,-77..-74,1..1,35..38,0,0,0,63746,18,636d4,645bc@0 645f4@4 64624@10
greichweite_v_n5,17,EDDY,30,16,4123,64688,rechts,-56,-1,-48,1,45,,9,45,37,4c0c,6,nein,,,,,,,-41..157,-1..-1,0..48,0,1,1,63746,13,636d4,64688@0 646c0@3 646f8@4 6472e@9
greichweite_v_n5,17,EDDY,30,16,4338,64198,links,26,0,46,1,16,ja,,,0,,6,nein,,,,,,,,,,,,,,6,636d4,64198@0
greichweite_v_n5,17,EDDY,30,16,4369,643f8,links,17,0,17,3,63,ja,,,0,,6,nein,,,,,,,,,,,,,,13,636d4,643f8@0 64198@2
greichweite_v_n5,17,EDDY,30,16,4447,643f8,links,17,0,17,1,25,,9,20,12,400c,6,ja,9,6,0,nein,17,0,17..17,0..0,0..0,5,29,34,6369a,13,636d4,643f8@0 64430@4 6445c@9 64490@21
greichweite_v_n5,17,EDDY,30,16,4516,64688,links,17,0,17,1,45,,9,45,37,4c0c,6,nein,,,,,,,-9..2,0..0,43..91,0,28,28,63746,14,636d4,64688@0 646c0@3 646f8@4 6472e@9
greichweite_v_n5,17,EDDY,30,18,5553,645bc,rechts,-7,10,-7,3,32,,10,24,15,440c,6,ja,12,6,0,nein,-7,10,-7..-7,10..10,0..0,8,15,23,636d4,13,636d4,645bc@0 645f4@4 64624@10 64654@25
greichweite_v_n5,17,EDDY,30,18,5614,645bc,rechts,-7,10,-7,2,25,,10,17,8,440c,6,nein,,,,,,,-7..-7,10..10,28..44,8,33,41,63746,13,636d4,645bc@0 645f4@4 64624@10 64654@18
greichweite_v_n5,18,WOOKY,16,10,757,5fa54,rechts,-10,11,-10,1,25,,9,20,12,400c,5,ja,9,5,0,nein,-10,11,-10..-10,11..11,0..0,5,13,18,5ecaa,21,5ecaa,5fa54@0 5fa8c@4 5fab8@9 5faec@21
greichweite_v_n5,18,WOOKY,16,10,817,5fa54,rechts,-10,11,-10,1,25,,9,20,12,400c,5,ja,9,5,0,nein,-10,11,-10..-10,11..11,0..0,5,17,22,5ecaa,21,5ecaa,5fa54@0 5fa8c@4 5fab8@9 5faec@21
greichweite_v_n5,18,WOOKY,16,10,881,5fb50,rechts,-24,11,-10,1,16,,9,16,8,4c0c,5,ja,9,5,0,ja,-40,11,-40..-40,11..11,0..0,0,0,0,5ed1c,21,5ecaa,5fb50@0 5fb88@4 5fbb4@9
greichweite_v_n5,18,WOOKY,16,11,1116,5fa54,rechts,-45,-1,-45,1,25,,9,20,12,400c,5,ja,9,5,0,nein,-45,-1,-45..-45,-1..-1,0..0,5,28,33,5ec70,21,5ecaa,5fa54@0 5fa8c@4 5fab8@9 5faec@21
greichweite_v_n5,18,WOOKY,16,11,1192,5fa54,rechts,-45,-1,-45,1,25,,9,20,12,400c,5,ja,9,5,0,nein,-45,-1,-45..-45,-1..-1,0..0,5,14,19,5ecaa,22,5ecaa,5fa54@0 5fa8c@4 5fab8@9 5faec@21
greichweite_v_n5,18,WOOKY,16,11,1253,5fa54,rechts,-45,-5,-45,1,25,,9,20,12,400c,5,ja,9,5,0,nein,-45,-5,-45..-45,-5..-5,0..0,5,35,40,5fc8c,21,5ecaa,5fa54@0 5fa8c@4 5fab8@9 5faec@21
greichweite_v_n5,18,WOOKY,16,11,1314,5fc8c,rechts,-45,-5,-45,1,15,,8,15,8,4c0c,5,ja,8,5,0,ja,-45,-5,-45..-45,-5..-5,0..0,0,0,0,5ed1c,0,5fb18,5fc8c@0 5fcb8@4 5fce8@8
greichweite_v_n5,18,WOOKY,16,11,1540,5fc18,rechts,-48,8,-48,1,20,,4,20,17,440c,5,ja,4,5,0,nein,-48,8,-48..-48,8..8,0..0,0,13,13,5ecaa,21,5ecaa,5fc18@0 5fc50@4
greichweite_v_n5,18,WOOKY,16,12,1627,5fa54,rechts,-46,5,-46,1,25,,9,20,12,400c,5,ja,9,5,0,nein,-46,5,-46..-46,5..5,0..0,5,14,19,5ecaa,17,5ecaa,5fa54@0 5fa8c@4 5fab8@9 5faec@21
greichweite_v_n5,18,WOOKY,16,12,1684,5fa54,rechts,-46,5,-46,3,18,,9,13,5,400c,5,nein,,,,,,,-46..-46,5..5,0..0,5,33,38,5fc8c,17,5ecaa,5fa54@0 5fa8c@4 5fab8@9 5faec@14
greichweite_v_n5,18,WOOKY,16,12,1736,5fc8c,rechts,-46,5,-46,1,15,,8,15,8,4c0c,5,ja,8,5,22,ja,-46,5,-46..-46,5..5,22..22,0,0,0,5ed1c,0,5fb18,5fc8c@0 5fcb8@4 5fce8@8
greichweite_v_n5,18,WOOKY,16,14,2846,5fa54,rechts,-56,-1,-48,3,18,,9,13,5,400c,5,nein,,,,,,,-56..-56,-1..-1,0..0,5,14,19,5ecaa,17,5ecaa,5fa54@0 5fa8c@4 5fab8@9 5faec@14
greichweite_v_n5,18,WOOKY,16,14,2896,5fa54,rechts,-56,-1,-48,3,8,ja,,,0,,5,nein,,,,,,,,,,,,,,17,5ecaa,5fa54@0 5fa8c@4
greichweite_v_n5,18,WOOKY,16,15,3610,5fc18,links,1,10,1,1,20,,4,20,17,440c,5,ja,4,5,0,nein,1,10,1..1,10..10,0..0,0,12,12,5f7f6,17,5ecaa,5fc18@0 5fc50@4
greichweite_v_n5,18,WOOKY,16,15,3643,5f7f6,links,26,0,1,1,10,ja,,,0,,5,nein,,,,,,,,,,,,,,0,5fb18,5f7f6@0
greichweite_v_n5,18,WOOKY,16,15,3672,5fc18,links,19,0,19,1,59,ja,,,0,,5,nein,,,,,,,,,,,,,,17,5ecaa,5fc18@0 5f7f6@1
greichweite_v_n5,18,WOOKY,16,15,3750,5fa54,links,17,0,17,1,18,,9,13,5,400c,5,nein,,,,,,,17..17,0..0,0..0,5,15,20,5ecaa,17,5ecaa,5fa54@0 5fa8c@4 5fab8@9 5faec@14
greichweite_v_n5,18,WOOKY,16,15,3801,5fa54,links,17,0,17,3,18,,9,13,5,400c,5,nein,,,,,,,17..17,0..0,0..0,5,33,38,5fc8c,17,5ecaa,5fa54@0 5fa8c@4 5fab8@9 5faec@14
greichweite_v_n5,18,WOOKY,16,15,3853,5fc8c,links,17,0,17,3,17,,8,17,10,4c0c,5,nein,,,,,,,17..17,0..0,0..0,0,11,11,5ed1c,0,5fb18,5fc8c@0 5fcb8@4 5fce8@8
greichweite_v_n5,18,WOOKY,16,16,4416,5fc18,links,46,2,46,1,20,,4,20,17,440c,5,ja,4,5,0,nein,46,2,46..46,2..2,0..0,0,17,17,5ecaa,13,5ecaa,5fc18@0 5fc50@4
greichweite_v_n5,18,WOOKY,16,16,4467,5fc18,links,46,2,46,3,13,,4,13,10,440c,5,nein,,,,,,,46..46,2..2,0..0,0,16,16,5ecaa,13,5ecaa,5fc18@0 5fc50@4
greichweite_v_n5,18,WOOKY,16,16,4510,5fa54,links,46,2,46,1,16,,9,16,8,400c,5,ja,9,5,43,ja,46,2,46..46,2..2,43..43,0,0,0,5ed1c,13,5ecaa,5fa54@0 5fa8c@4 5fab8@9
greichweite_v_n5,18,WOOKY,16,18,5575,5fa54,rechts,-56,-3,-48,3,17,,9,13,5,400c,5,nein,,,,,,,-56..-56,-3..-3,0..0,4,0,4,5ed1c,13,5ecaa,5fa54@0 5fa8c@4 5fab8@9 5faec@14
greichweite_v_n6,14,WOOKY,26,12,1775,5fc18,links,55,1,48,3,20,,4,20,17,440c,8,ja,4,8,0,nein,55,1,55..55,1..1,0..0,0,13,13,5ecaa,17,5ecaa,5fc18@0 5fc50@4
greichweite_v_n6,14,WOOKY,26,12,1826,5fc18,links,55,1,48,3,13,,4,13,10,440c,8,nein,,,,,,,55..55,1..1,0..0,0,16,16,5ecaa,17,5ecaa,5fc18@0 5fc50@4
greichweite_v_n6,14,WOOKY,26,12,1873,5fa54,links,55,1,48,1,18,,9,13,5,400c,8,nein,,,,,,,55..55,1..1,0..0,5,28,33,5ed1c,17,5ecaa,5fa54@0 5fa8c@4 5fab8@9 5faec@14
greichweite_v_n6,14,WOOKY,26,13,2378,5fa54,rechts,-47,1,-48,1,25,,9,20,12,400c,8,ja,9,8,0,nein,-47,1,-47..-47,1..1,0..0,5,28,33,5ec70,17,5ecaa,5fa54@0 5fa8c@4 5fab8@9 5faec@21
greichweite_v_n6,14,WOOKY,26,13,2450,5fa54,rechts,-47,1,-47,1,25,,9,20,12,400c,8,ja,9,8,0,nein,-47,1,-47..-47,1..1,0..0,5,15,20,5ecaa,18,5ecaa,5fa54@0 5fa8c@4 5fab8@9 5faec@21
greichweite_v_n6,14,WOOKY,26,13,2508,5fa54,rechts,-47,1,-47,1,18,,9,13,5,400c,8,nein,,,,,,,-47..-47,1..1,0..0,5,31,36,5fc8c,17,5ecaa,5fa54@0 5fa8c@4 5fab8@9 5faec@14
greichweite_v_n6,14,WOOKY,26,13,2558,5fc8c,rechts,-53,1,-47,1,15,,8,15,8,4c0c,8,ja,8,8,0,ja,-60,1,-60..-60,1..1,0..0,0,0,0,5ed1c,0,5fb18,5fc8c@0 5fcb8@4 5fce8@8
greichweite_v_n6,14,WOOKY,26,14,2810,5fc18,links,47,3,47,3,20,,4,20,17,440c,8,ja,4,8,0,nein,47,3,47..47,3..3,0..0,0,17,17,5ecaa,17,5ecaa,5fc18@0 5fc50@4
greichweite_v_n6,14,WOOKY,26,14,2865,5fc18,links,47,3,47,1,20,,4,20,17,440c,8,ja,4,8,0,nein,47,3,47..47,3..3,0..0,0,18,18,5ecaa,17,5ecaa,5fc18@0 5fc50@4
greichweite_v_n6,14,WOOKY,26,14,2921,5fb50,links,47,3,47,3,18,,9,13,5,4c0c,8,nein,,,,,,,47..47,3..3,0..0,5,31,36,5ec70,17,5ecaa,5fb50@0 5fb88@4 5fbb4@9 5fbe8@14
greichweite_v_n6,14,WOOKY,26,14,2989,5fa54,links,49,3,47,1,25,,9,20,12,400c,8,ja,9,8,0,nein,65,3,65..65,3..3,0..0,5,26,31,5ec70,18,5ecaa,5fa54@0 5fa8c@4 5fab8@9 5faec@21
greichweite_v_n6,14,WOOKY,26,14,3345,5fa54,links,54,1,48,3,25,,9,20,12,400c,8,ja,11,8,0,nein,54,1,54..54,1..1,0..0,5,16,21,5ecaa,17,5ecaa,5fa54@0 5fa8c@4 5fab8@9 5faec@21
greichweite_v_n6,14,WOOKY,26,14,3404,5fa54,links,54,1,48,3,25,,9,20,12,400c,8,ja,9,8,0,nein,54,1,54..54,1..1,0..0,5,14,19,5ed1c,17,5ecaa,5fa54@0 5fa8c@4 5fab8@9 5faec@21
greichweite_v_n6,14,WOOKY,26,16,4406,5fc18,links,56,-4,48,1,20,,4,20,17,440c,9,ja,4,9,0,nein,56,-4,56..56,-4..-4,0..0,0,16,16,5ecaa,13,5ecaa,5fc18@0 5fc50@4
greichweite_v_n6,14,WOOKY,26,16,4456,5fc18,links,56,-4,48,3,13,,4,13,10,440c,9,nein,,,,,,,56..56,-4..-4,0..0,0,3,3,5ed1c,13,5ecaa,5fc18@0 5fc50@4
greichweite_v_n6,14,WOOKY,26,17,5006,5fa54,rechts,-56,-1,-48,3,18,,9,13,5,400c,9,nein,,,,,,,-56..-56,-1..-1,0..0,5,23,28,5ed1c,13,5ecaa,5fa54@0 5fa8c@4 5fab8@9 5faec@14
greichweite_v_n6,14,WOOKY,26,18,5295,5fa54,links,56,-1,48,1,16,,9,16,8,400c,9,ja,9,9,23,ja,56,-1,56..56,-1..-1,23..23,0,0,0,5ed1c,13,5ecaa,5fa54@0 5fa8c@4 5fab8@9
greichweite_v_n6,14,WOOKY,26,18,5550,5fa54,links,56,0,48,1,18,,9,13,5,400c,9,nein,,,,,,,56..56,0..0,0..0,5,15,20,5ecaa,13,5ecaa,5fa54@0 5fa8c@4 5fab8@9 5faec@14
greichweite_v_n6,14,WOOKY,26,18,5597,5fa54,links,56,0,48,1,18,,9,13,5,400c,9,nein,,,,,,,56..56,0..0,0..0,5,17,22,5ecaa,13,5ecaa,5fa54@0 5fa8c@4 5fab8@9 5faec@14
greichweite_v_n6,14,WOOKY,26,18,5646,5fb50,links,56,0,48,1,16,,9,16,8,4c0c,9,ja,9,9,0,ja,56,0,56..56,0..0,0..0,0,0,0,5ed1c,13,5ecaa,5fb50@0 5fb88@4 5fbb4@9
greichweite_v_n6,14,WOOKY,26,19,6338,5fc18,links,56,-1,48,3,0,ja,,,0,,9,nein,,,,,,,,,,,,,,13,5ecaa,5fc18@0
greichweite_v_n6,14,WOOKY,26,20,6476,5fc18,links,45,5,45,3,13,,4,13,10,440c,9,nein,,,,,,,45..45,5..5,0..0,0,18,18,5ecaa,9,5ecaa,5fc18@0 5fc50@4
greichweite_v_n6,14,WOOKY,26,20,6517,5fc18,links,45,5,45,1,13,,4,13,10,440c,9,nein,,,,,,,45..45,5..5,0..0,0,16,16,5ecaa,9,5ecaa,5fc18@0 5fc50@4
greichweite_v_n6,14,WOOKY,26,20,6556,5fa54,links,45,5,45,1,25,,9,20,12,400c,9,ja,9,9,0,nein,45,5,45..45,5..5,0..0,5,26,31,5fc8c,9,5ecaa,5fa54@0 5fa8c@4 5fab8@9 5faec@21
greichweite_v_n6,14,WOOKY,26,20,6608,5fc8c,links,45,5,45,3,18,,8,18,11,4c0c,9,ja,11,9,0,ja,45,5,45..45,5..5,0..0,0,0,0,5ed1c,0,5fb18,5fc8c@0 5fcb8@4 5fce8@8
greichweite_v_n6,14,WOOKY,26,20,6911,5fa54,links,55,-2,48,1,25,,9,20,12,400c,9,ja,9,9,0,nein,55,-2,55..55,-2..-2,0..0,5,30,35,5ec70,9,5ecaa,5fa54@0 5fa8c@4 5fab8@9 5faec@21
greichweite_v_n6,14,WOOKY,26,21,7015,5fa54,links,45,-2,47,1,18,,9,13,5,400c,9,nein,,,,,,,45..45,-2..-2,0..0,5,31,36,5ec70,48,5ecaa,5fa54@0 5fa8c@4 5fab8@9 5faec@14
greichweite_v_n6,14,WOOKY,26,21,7540,5fc18,links,46,1,46,3,13,,4,13,10,440c,9,nein,,,,,,,46..46,1..1,0..0,0,13,13,5ecaa,9,5ecaa,5fc18@0 5fc50@4
greichweite_v_n6,14,WOOKY,26,21,7576,5fc18,links,46,1,46,3,13,,4,13,10,440c,9,nein,,,,,,,46..46,1..1,0..0,0,16,16,5ecaa,9,5ecaa,5fc18@0 5fc50@4
greichweite_v_n6,14,WOOKY,26,22,7615,5fa54,links,46,1,46,1,18,,9,13,5,400c,10,nein,,,,,,,45..45,1..1,0..0,5,24,29,5fc8c,9,5ecaa,5fa54@0 5fa8c@4 5fab8@9 5faec@14
greichweite_v_n6,14,WOOKY,26,22,7658,5fc8c,links,45,1,46,3,17,,8,17,10,4c0c,10,nein,,,,,,,45..45,1..1,0..0,0,26,26,5ec70,0,5fb18,5fc8c@0 5fcb8@4 5fce8@8
greichweite_v_n6,14,WOOKY,26,22,7712,5fa54,links,45,1,45,3,18,,9,13,5,400c,10,nein,,,,,,,45..45,1..1,0..0,5,14,19,5ecaa,10,5ecaa,5fa54@0 5fa8c@4 5fab8@9 5faec@14
greichweite_v_n6,14,WOOKY,26,23,8657,5fc18,links,55,-1,48,3,13,,4,13,10,440c,10,nein,,,,,,,55..55,-1..-1,0..0,0,14,14,5ecaa,9,5ecaa,5fc18@0 5fc50@4
greichweite_v_n6,15,WOOKY,26,12,1706,5fa54,rechts,-48,2,-48,3,25,,9,20,12,400c,8,ja,9,8,0,nein,-46,2,-46..-46,2..2,0..0,5,28,33,5ec70,17,5ecaa,5fa54@0 5fa8c@4 5fab8@9 5faec@21
greichweite_v_n6,15,WOOKY,26,12,1778,5fa54,rechts,-46,2,-46,3,18,,9,13,5,400c,8,nein,,,,,,,-46..-46,2..2,0..0,5,14,19,5ecaa,18,5ecaa,5fa54@0 5fa8c@4 5fab8@9 5faec@14
greichweite_v_n6,15,WOOKY,26,12,1828,5fa54,rechts,-46,2,-46,3,18,,9,13,5,400c,8,nein,,,,,,,-46..-46,2..2,0..0,5,29,34,5fc8c,17,5ecaa,5fa54@0 5fa8c@4 5fab8@9 5faec@14
greichweite_v_n6,15,WOOKY,26,12,1876,5fc8c,rechts,-46,2,-46,1,17,,8,17,10,4c0c,8,nein,,,,,,,-46..-46,2..2,0..0,0,26,26,5ed1c,0,5fb18,5fc8c@0 5fcb8@4 5fce8@8
greichweite_v_n6,15,WOOKY,26,13,2466,5fc18,rechts,-56,3,-48,3,13,,4,13,10,440c,8,nein,,,,,,,-56..-56,3..3,0..0,0,12,12,5ecaa,17,5ecaa,5fc18@0 5fc50@4
greichweite_v_n6,15,WOOKY,26,13,2509,5fc18,rechts,-56,3,-48,1,20,,4,20,17,440c,8,ja,4,8,0,nein,-56,3,-56..-56,3..3,0..0,0,15,15,5ecaa,17,5ecaa,5fc18@0 5fc50@4
greichweite_v_n6,15,WOOKY,26,13,2562,5fa54,rechts,-69,3,-48,1,4,ja,,,0,,8,nein,,,,,,,,,,,,,,17,5ecaa,5fa54@0 5fa8c@4
greichweite_v_n6,15,WOOKY,26,14,3017,5fa54,rechts,-56,1,-48,3,25,,9,20,12,400c,8,ja,9,8,0,nein,-56,1,-56..-56,1..1,0..0,5,14,19,5ecaa,17,5ecaa,5fa54@0 5fa8c@4 5fab8@9 5faec@21
greichweite_v_n6,15,WOOKY,26,16,4022,5fc18,rechts,-55,-1,-48,1,20,,4,20,17,440c,9,ja,4,9,0,nein,-55,-1,-55..-55,-1..-1,0..0,0,15,15,5ecaa,17,5ecaa,5fc18@0 5fc50@4
greichweite_v_n6,15,WOOKY,26,16,4071,5fc18,rechts,-55,-1,-48,1,20,,4,20,17,440c,9,ja,4,9,0,nein,-55,-1,-55..-55,-1..-1,0..0,0,14,14,5ecaa,13,5ecaa,5fc18@0 5fc50@4
greichweite_v_n6,15,WOOKY,26,16,4119,5fa54,rechts,-55,-1,-48,1,25,,9,20,12,400c,9,ja,9,9,0,nein,-55,-1,-55..-55,-1..-1,0..0,5,30,35,5fc8c,13,5ecaa,5fa54@0 5fa8c@4 5fab8@9 5faec@21
greichweite_v_n6,15,WOOKY,26,16,4175,5fc8c,rechts,-55,-1,-48,1,15,,8,15,8,4c0c,9,ja,8,9,0,ja,-55,-1,-55..-55,-1..-1,0..0,0,0,0,5ed1c,0,5fb18,5fc8c@0 5fcb8@4 5fce8@8
greichweite_v_n6,15,WOOKY,26,16,4441,5fc18,rechts,-56,-1,-48,1,20,,4,20,17,440c,9,ja,4,9,0,nein,-56,-1,-56..-56,-1..-1,0..0,0,11,11,5ed1c,13,5ecaa,5fc18@0 5fc50@4
greichweite_v_n6,15,WOOKY,26,17,4944,5fc18,rechts,-56,-3,-48,1,20,,4,20,17,440c,9,ja,4,9,0,nein,-56,-3,-56..-56,-3..-3,0..0,0,18,18,5ecaa,13,5ecaa,5fc18@0 5fc50@4
greichweite_v_n6,15,WOOKY,26,17,4996,5fc18,rechts,-56,-3,-48,1,20,,4,20,17,440c,9,ja,4,9,0,nein,-56,-3,-56..-56,-3..-3,0..0,0,17,17,5ecaa,13,5ecaa,5fc18@0 5fc50@4
greichweite_v_n6,15,WOOKY,26,17,5047,5fa54,rechts,-56,-3,-48,3,0,ja,,,0,,9,nein,,,,,,,,,,,,,,13,5ecaa,5fa54@0
greichweite_v_n6,15,WOOKY,26,18,5304,5fc18,links,55,-2,48,3,0,ja,,,0,,9,nein,,,,,,,,,,,,,,13,5ecaa,5fc18@0
greichweite_v_n6,15,WOOKY,26,18,5548,5fc18,links,34,-10,34,1,20,,4,20,17,440c,9,ja,4,9,0,nein,34,-10,34..34,-10..-10,0..0,0,17,17,5ecaa,13,5ecaa,5fc18@0 5fc50@4
greichweite_v_n6,15,WOOKY,26,18,5599,5fc18,links,34,-10,34,1,20,,4,20,17,440c,9,ja,4,9,0,nein,34,-10,34..34,-10..-10,0..0,0,16,16,5ecaa,13,5ecaa,5fc18@0 5fc50@4
greichweite_v_n6,15,WOOKY,26,18,5649,5fa54,links,34,-10,34,1,6,ja,,,0,,9,nein,,,,,,,,,,,,,,13,5ecaa,5fa54@0 5fa8c@4
greichweite_v_n6,15,WOOKY,26,19,5883,5fa54,links,55,0,48,3,25,,9,20,12,400c,9,ja,9,9,0,nein,55,0,55..55,0..0,0..0,5,13,18,5ecaa,13,5ecaa,5fa54@0 5fa8c@4 5fab8@9 5faec@21
greichweite_v_n6,15,WOOKY,26,19,5935,5fa54,links,55,0,48,3,25,,9,20,12,400c,9,ja,12,9,0,nein,55,0,55..55,0..0,0..0,5,15,20,5ed1c,13,5ecaa,5fa54@0 5fa8c@4 5fab8@9 5faec@21
greichweite_v_n6,15,WOOKY,26,19,6110,5fc18,rechts,-13,0,-13,3,13,,4,13,10,440c,9,nein,,,,,,,-13..-13,0..0,0..0,0,15,15,5ecaa,20,5ecaa,5fc18@0 5fc50@4
greichweite_v_n6,15,WOOKY,26,19,6144,5f7f6,rechts,-26,0,-13,1,60,ja,,,0,,9,nein,,,,,,,,,,,,,,5,5ecaa,5f7f6@0
greichweite_v_n6,15,WOOKY,26,19,6219,5fa54,rechts,-17,0,-17,3,25,,9,20,12,400c,9,ja,9,9,0,nein,-17,0,-17..-17,0..0,0..0,5,14,19,5ecaa,13,5ecaa,5fa54@0 5fa8c@4 5fab8@9 5faec@21
greichweite_v_n6,15,WOOKY,26,19,6272,5fa54,rechts,-17,0,-17,1,25,,9,20,12,400c,9,ja,9,9,0,nein,-17,0,-17..-17,0..0,0..0,5,18,23,5ecaa,13,5ecaa,5fa54@0 5fa8c@4 5fab8@9 5faec@21
greichweite_v_n6,15,WOOKY,26,19,6329,5fb50,rechts,-17,0,-17,1,16,,9,16,8,4c0c,9,ja,9,9,0,ja,-17,0,-17..-17,0..0,0..0,0,0,0,5ed1c,13,5ecaa,5fb50@0 5fb88@4 5fbb4@9
greichweite_v_n6,15,WOOKY,26,20,6587,5fc18,links,4,-10,4,3,20,,4,20,17,440c,9,ja,5,9,0,nein,4,-10,4..4,-10..-10,0..0,0,12,12,5ed1c,9,5ecaa,5fc18@0 5fc50@4
greichweite_v_n6,15,WOOKY,26,21,7034,5fa54,links,56,1,48,3,18,,9,13,5,400c,9,nein,,,,,,,56..56,1..1,0..0,5,22,27,5ed1c,9,5ecaa,5fa54@0 5fa8c@4 5fab8@9 5faec@14
greichweite_v_n6,15,WOOKY,26,21,7537,5fa54,rechts,-55,-3,-48,3,18,,9,13,5,400c,9,nein,,,,,,,-55..-55,-3..-3,0..0,5,27,32,5ec70,9,5ecaa,5fa54@0 5fa8c@4 5fab8@9 5faec@14
greichweite_v_n6,15,WOOKY,26,22,7643,5fa54,rechts,-56,-3,-48,3,25,,9,20,12,400c,10,ja,9,10,0,nein,-56,-3,-56..-56,-3..-3,0..0,5,14,19,5ecaa,9,5ecaa,5fa54@0 5fa8c@4 5fab8@9 5faec@21
greichweite_v_n6,15,WOOKY,26,22,7692,5fa54,rechts,-56,-3,-48,1,25,,9,20,12,400c,10,ja,9,10,0,nein,-56,-3,-56..-56,-3..-3,0..0,5,15,20,5ecaa,9,5ecaa,5fa54@0 5fa8c@4 5fab8@9 5faec@21
greichweite_v_n6,15,WOOKY,26,22,7742,5fb50,rechts,-56,-3,-48,1,16,,9,16,8,4c0c,10,ja,9,10,0,ja,-56,-3,-56..-56,-3..-3,0..0,0,0,0,5ed1c,9,5ecaa,5fb50@0 5fb88@4 5fbb4@9
greichweite_v_n6,15,WOOKY,26,22,8050,5fc18,rechts,-40,-1,-48,1,18,ja,,,0,,10,nein,,,,,,,,,,,,,,9,5ecaa,5fc18@0 5f7f6@2
greichweite_v_n6,15,WOOKY,26,24,8902,5fa54,rechts,-21,-4,-21,3,18,,9,13,5,400c,10,nein,,,,,,,-21..-21,-4..-4,0..0,5,15,20,5ecaa,5,5ecaa,5fa54@0 5fa8c@4 5fab8@9 5faec@14
greichweite_v_n6,15,WOOKY,26,24,8941,5fa54,rechts,-21,-4,-21,1,25,,9,20,12,400c,10,ja,9,10,0,nein,-21,-4,-21..-21,-4..-4,0..0,5,14,19,5ecaa,5,5ecaa,5fa54@0 5fa8c@4 5fab8@9 5faec@21
greichweite_v_n6,15,WOOKY,26,24,8986,5fb50,rechts,-21,-4,-21,1,1,ja,,,0,,10,nein,,,,,,,,,,,,,,5,5ecaa,5fb50@0
greichweite_v_n6,16,WOOKY,16,11,1038,5fd24,links,56,-3,48,1,32,,10,24,15,440c,5,ja,10,5,0,nein,56,-3,56..56,-3..-3,0..0,8,28,36,5ec70,21,5ecaa,5fd24@0 5fd5c@4 5fd8c@10 5fdbc@25
greichweite_v_n6,16,WOOKY,16,11,1331,5fc18,links,1,7,1,3,13,,4,13,10,440c,5,nein,,,,,,,1..1,7..7,0..0,0,14,14,5ecaa,21,5ecaa,5fc18@0 5fc50@4
greichweite_v_n6,16,WOOKY,16,11,1380,5fc18,links,1,7,1,1,20,,4,20,17,440c,5,ja,4,5,0,nein,1,7,1..1,7..7,0..0,0,15,15,5ecaa,21,5ecaa,5fc18@0 5fc50@4
greichweite_v_n6,16,WOOKY,16,11,1437,5fb50,links,1,7,1,3,20,,9,20,12,4c0c,5,ja,13,5,0,ja,1,7,1..1,7..7,0..0,0,0,0,5ed1c,21,5ecaa,5fb50@0 5fb88@4 5fbb4@9
greichweite_v_n6,16,WOOKY,16,13,2318,5fa54,links,55,-3,48,1,25,,9,20,12,400c,5,ja,9,5,0,nein,55,-3,55..55,-3..-3,0..0,5,30,35,5ec70,17,5ecaa,5fa54@0 5fa8c@4 5fab8@9 5faec@21
greichweite_v_n6,16,WOOKY,16,13,2454,5fa54,links,56,0,48,1,18,,9,13,5,400c,5,nein,,,,,,,56..56,0..0,0..0,5,16,21,5ecaa,17,5ecaa,5fa54@0 5fa8c@4 5fab8@9 5faec@14
greichweite_v_n6,16,WOOKY,16,13,2506,5fa54,links,56,0,48,1,18,,9,13,5,400c,5,nein,,,,,,,56..56,0..0,0..0,5,30,35,5fc8c,17,5ecaa,5fa54@0 5fa8c@4 5fab8@9 5faec@14
greichweite_v_n6,16,WOOKY,16,13,2555,5fc8c,links,56,0,48,1,19,ja,,,0,,5,nein,,,,,,,,,,,,,,0,5fb18,5fc8c@0 5fcb8@4 5f7f6@8
greichweite_v_n6,16,WOOKY,16,14,2906,5fc18,links,31,-10,31,1,20,,4,20,17,440c,5,ja,4,5,0,nein,31,-10,31..31,-10..-10,0..0,0,13,13,5ecaa,17,5ecaa,5fc18@0 5fc50@4
greichweite_v_n6,16,WOOKY,16,14,2957,5fc18,links,31,-10,31,1,20,,4,20,17,440c,5,ja,4,5,0,nein,31,-10,31..31,-10..-10,0..0,0,14,14,5ecaa,17,5ecaa,5fc18@0 5fc50@4
greichweite_v_n6,16,WOOKY,16,14,3009,5fa54,links,49,-10,31,3,18,,9,13,5,400c,5,nein,,,,,,,49..49,-10..-10,0..0,5,32,37,5fc8c,17,5ecaa,5fa54@0 5fa8c@4 5fab8@9 5faec@14
greichweite_v_n6,16,WOOKY,16,14,3060,5fc8c,links,49,-10,31,1,15,,8,15,8,4c0c,5,ja,8,5,0,ja,49,-10,49..49,-10..-10,0..0,0,0,0,5ed1c,0,5fb18,5fc8c@0 5fcb8@4 5fce8@8
greichweite_v_n6,16,WOOKY,16,14,3271,5fc18,links,47,0,47,1,20,,4,20,17,440c,5,ja,4,5,0,nein,47,0,47..47,0..0,0..0,0,16,16,5ecaa,17,5ecaa,5fc18@0 5fc50@4
greichweite_v_n6,16,WOOKY,16,14,3325,5fc18,links,47,0,47,1,20,,4,20,17,440c,5,ja,4,5,0,nein,47,0,47..47,0..0,0..0,0,14,14,5ecaa,17,5ecaa,5fc18@0 5fc50@4
greichweite_v_n6,16,WOOKY,16,14,3377,5fa54,links,47,0,47,3,25,,9,20,12,400c,5,ja,9,5,0,nein,47,0,47..47,0..0,0..0,5,32,37,5fc8c,17,5ecaa,5fa54@0 5fa8c@4 5fab8@9 5faec@21
greichweite_v_n6,16,WOOKY,16,15,3435,5fc8c,links,47,0,47,3,15,,8,15,8,4c0c,5,ja,8,5,0,ja,47,0,47..47,0..0,0..0,0,0,0,5ed1c,0,5fb18,5fc8c@0 5fcb8@4 5fce8@8
greichweite_v_n6,16,WOOKY,16,15,3613,5fa54,links,47,10,47,1,25,,9,20,12,400c,5,ja,9,5,0,nein,47,10,47..47,10..10,0..0,5,16,21,5ecaa,17,5ecaa,5fa54@0 5fa8c@4 5fab8@9 5faec@21
greichweite_v_n6,16,WOOKY,16,15,3672,5fa54,links,47,10,47,1,25,,9,20,12,400c,5,ja,9,5,0,nein,47,10,47..47,10..10,0..0,5,15,20,5ecaa,17,5ecaa,5fa54@0 5fa8c@4 5fab8@9 5faec@21
greichweite_v_n6,16,WOOKY,16,15,3730,5fb50,links,47,10,47,1,16,,9,16,8,4c0c,5,ja,9,5,0,ja,47,10,47..47,10..10,0..0,0,0,0,5ed1c,17,5ecaa,5fb50@0 5fb88@4 5fbb4@9
greichweite_v_n6,16,WOOKY,16,16,4323,5fc18,rechts,-1,-10,-1,3,13,,4,13,10,440c,5,nein,,,,,,,-1..-1,-10..-10,0..0,0,16,16,5ecaa,13,5ecaa,5fc18@0 5fc50@4
greichweite_v_n6,16,WOOKY,16,16,4366,5fc18,rechts,-1,-10,-1,1,20,,4,20,17,440c,5,ja,4,5,0,nein,-1,-10,-1..-1,-10..-10,0..0,0,17,17,5ecaa,13,5ecaa,5fc18@0 5fc50@4
greichweite_v_n6,16,WOOKY,16,16,4417,5fa54,rechts,-1,-10,-1,3,18,,9,13,5,400c,5,nein,,,,,,,-1..-1,-10..-10,0..0,5,25,30,5fc8c,13,5ecaa,5fa54@0 5fa8c@4 5fab8@9 5faec@14
greichweite_v_n6,16,WOOKY,16,16,4461,5fc8c,rechts,-1,-10,-1,3,18,,8,18,11,4c0c,5,ja,11,5,0,ja,-1,-10,-1..-1,-10..-10,0..0,0,0,0,5ed1c,0,5fb18,5fc8c@0 5fcb8@4 5fce8@8
greichweite_v_n6,16,WOOKY,16,17,4956,5fc18,links,1,-10,1,3,13,,4,13,10,440c,5,nein,,,,,,,1..1,-10..-10,0..0,0,15,15,5ecaa,13,5ecaa,5fc18@0 5fc50@4
greichweite_v_n6,16,WOOKY,16,17,4998,5fc18,links,1,-10,1,1,13,,4,13,10,440c,5,nein,,,,,,,1..1,-10..-10,0..0,0,13,13,5ecaa,13,5ecaa,5fc18@0 5fc50@4
greichweite_v_n6,16,WOOKY,16,17,5038,5fb50,links,1,-10,1,1,16,,9,16,8,4c0c,5,ja,9,5,0,ja,1,-10,1..1,-10..-10,0..0,0,0,0,5ed1c,13,5ecaa,5fb50@0 5fb88@4 5fbb4@9
greichweite_v_n6,16,WOOKY,16,18,5791,5fa54,links,39,7,39,3,18,,9,13,5,400c,5,nein,,,,,,,39..39,7..7,0..0,5,31,36,5ec70,13,5ecaa,5fa54@0 5fa8c@4 5fab8@9 5faec@14
greichweite_v_n6,16,WOOKY,16,19,5855,5fa54,links,39,7,39,1,25,,9,20,12,400c,5,ja,9,5,0,nein,39,7,39..39,7..7,0..0,5,17,22,5ecaa,14,5ecaa,5fa54@0 5fa8c@4 5fab8@9 5faec@21
greichweite_v_n6,16,WOOKY,16,19,5911,5fa54,links,39,7,39,3,25,,9,20,12,400c,5,ja,9,5,0,nein,39,7,39..39,7..7,0..0,5,16,21,5ecaa,13,5ecaa,5fa54@0 5fa8c@4 5fab8@9 5faec@21
greichweite_v_n6,16,WOOKY,16,19,5966,5fb50,links,39,7,39,3,16,,9,16,8,4c0c,5,ja,9,5,0,ja,39,7,39..39,7..7,0..0,0,0,0,5ed1c,13,5ecaa,5fb50@0 5fb88@4 5fbb4@9
greichweite_v_n6,16,WOOKY,16,19,6231,5fa54,links,46,-5,46,3,18,,9,13,5,400c,5,nein,,,,,,,46..46,-5..-5,0..0,5,26,31,5ec70,13,5ecaa,5fa54@0 5fa8c@4 5fab8@9 5faec@14
greichweite_v_n6,16,WOOKY,16,19,6290,5fa54,links,46,-5,46,3,18,,9,13,5,400c,5,nein,,,,,,,46..46,-5..-5,0..0,5,15,20,5ecaa,14,5ecaa,5fa54@0 5fa8c@4 5fab8@9 5faec@14
greichweite_v_n6,16,WOOKY,16,19,6337,5fa54,links,46,-5,46,1,1,ja,,,0,,5,nein,,,,,,,,,,,,,,13,5ecaa,5fa54@0
greichweite_v_n6,16,WOOKY,16,20,6469,5fa54,links,12,11,12,3,18,,9,13,5,400c,5,nein,,,,,,,12..12,11..11,0..0,5,15,20,5ecaa,9,5ecaa,5fa54@0 5fa8c@4 5fab8@9 5faec@14
greichweite_v_n6,16,WOOKY,16,20,6512,5fa54,links,12,11,12,1,25,,9,20,12,400c,5,ja,9,5,0,nein,12,11,12..12,11..11,0..0,5,16,21,5ecaa,9,5ecaa,5fa54@0 5fa8c@4 5fab8@9 5faec@21
greichweite_v_n6,16,WOOKY,16,20,6563,5fb50,links,12,11,12,1,18,,9,13,5,4c0c,5,nein,,,,,,,12..12,11..11,0..0,5,30,35,5ec70,9,5ecaa,5fb50@0 5fb88@4 5fbb4@9 5fbe8@14
greichweite_v_n6,16,WOOKY,16,20,6965,5fa54,links,25,11,25,1,25,,9,20,12,400c,5,ja,9,5,0,nein,25,11,25..25,11..11,0..0,5,15,20,5ecaa,9,5ecaa,5fa54@0 5fa8c@4 5fab8@9 5faec@21
greichweite_v_n6,16,WOOKY,16,21,7015,5fa54,links,15,11,25,1,25,,9,20,12,400c,5,ja,9,5,0,nein,15,11,15..15,11..11,0..0,5,25,30,5fc8c,9,5ecaa,5fa54@0 5fa8c@4 5fab8@9 5faec@21
greichweite_v_n6,16,WOOKY,16,21,7066,5fc8c,links,15,11,25,1,15,,8,15,8,4c0c,5,ja,8,5,0,ja,15,11,15..15,11..11,0..0,0,0,0,5ed1c,0,5fb18,5fc8c@0 5fcb8@4 5fce8@8
greichweite_v_n6,16,WOOKY,16,21,7205,5fc18,rechts,-10,0,-10,3,13,,4,13,10,440c,5,nein,,,,,,,-10..-10,0..0,41..51,0,15,15,5ecaa,9,5ecaa,5fc18@0 5fc50@4
greichweite_v_n6,16,WOOKY,16,21,7243,5fc18,rechts,-10,0,-10,1,20,,4,20,17,440c,5,ja,4,5,0,nein,-10,0,-10..-10,0..0,0..0,0,12,12,5ecaa,9,5ecaa,5fc18@0 5fc50@4
greichweite_v_n6,16,WOOKY,16,21,7285,5fa54,rechts,-10,0,-10,1,25,,9,20,12,400c,5,ja,9,5,0,nein,-10,0,-10..-10,0..0,0..0,5,26,31,5fc8c,9,5ecaa,5fa54@0 5fa8c@4 5fab8@9 5faec@21
greichweite_v_n6,16,WOOKY,16,21,7337,5fc8c,rechts,-10,0,-10,1,15,,8,15,8,4c0c,5,ja,8,5,0,ja,-10,0,-10..-10,0..0,0..0,0,0,0,5ed1c,0,5fb18,5fc8c@0 5fcb8@4 5fce8@8
greichweite_v_n6,17,EDDY,30,10,910,643f8,rechts,-42,11,-42,1,25,,9,20,12,400c,6,ja,9,6,0,nein,-42,11,-42..-42,11..11,0..0,5,25,30,6369a,21,636d4,643f8@0 64430@4 6445c@9 64490@21
greichweite_v_n6,17,EDDY,30,10,983,643f8,rechts,-42,11,-42,1,25,,9,20,12,400c,6,ja,9,6,0,nein,-42,11,-42..-42,11..11,0..0,5,30,35,6369a,22,636d4,643f8@0 64430@4 6445c@9 64490@21
greichweite_v_n6,17,EDDY,30,11,1061,643f8,rechts,-42,11,-42,3,18,,9,13,5,400c,6,nein,,,,,,,-42..-42,11..11,0..0,5,18,23,636d4,22,636d4,643f8@0 64430@4 6445c@9 64490@14
greichweite_v_n6,17,EDDY,30,11,1119,643f8,rechts,-42,11,-42,1,25,,9,20,12,400c,6,ja,9,6,0,nein,-42,11,-42..-42,11..11,0..0,5,13,18,636d4,21,636d4,643f8@0 64430@4 6445c@9 64490@21
greichweite_v_n6,17,EDDY,30,11,1179,644f4,rechts,-42,11,-42,1,25,,9,20,12,4c0c,6,ja,9,6,0,ja,-42,11,-50..-42,11..11,0..14,5,3,8,63746,21,636d4,644f4@0 6452c@4 64558@9 6458c@21
greichweite_v_n6,17,EDDY,30,11,1432,645bc,rechts,-55,3,-48,3,25,,10,17,8,440c,6,nein,,,,,,,-55..-55,3..3,0..0,8,14,22,63746,21,636d4,645bc@0 645f4@4 64624@10 64654@18
greichweite_v_n6,17,EDDY,30,11,1594,645bc,rechts,-13,3,-13,3,32,,10,24,15,440c,6,ja,14,6,0,nein,-13,3,-13..-13,3..3,0..0,8,27,35,6369a,21,636d4,645bc@0 645f4@4 64624@10 64654@25
greichweite_v_n6,17,EDDY,30,12,1672,645bc,rechts,-13,3,-13,1,32,,10,24,15,440c,6,ja,10,6,0,nein,-13,3,-13..-13,3..3,0..0,8,8,16,64198,18,636d4,645bc@0 645f4@4 64624@10 64654@25
greichweite_v_n6,17,EDDY,30,12,1713,64198,rechts,-26,0,-13,1,10,ja,,,0,,6,nein,,,,,,,,,,,,,,0,644bc,64198@0
greichweite_v_n6,17,EDDY,30,12,1742,645bc,rechts,-19,0,-19,1,32,,10,24,15,440c,6,ja,10,6,0,nein,-19,0,-19..-19,0..0,0..0,8,17,25,636d4,17,636d4,645bc@0 645f4@4 64624@10 64654@25
greichweite_v_n6,17,EDDY,30,12,1809,645bc,rechts,-19,0,-19,1,32,,10,24,15,440c,6,ja,10,6,0,nein,-19,0,-19..-19,0..0,0..0,8,27,35,6369a,17,636d4,645bc@0 645f4@4 64624@10 64654@25
greichweite_v_n6,17,EDDY,30,12,1887,643f8,rechts,-19,0,-19,3,18,,9,13,5,400c,6,nein,,,,,,,-19..-19,0..0,0..0,5,27,32,63746,18,636d4,643f8@0 64430@4 6445c@9 64490@14
greichweite_v_n6,17,EDDY,30,12,2058,64688,rechts,-48,10,-48,3,52,,9,52,44,4c0c,6,ja,18,6,0,ja,-6,10,-33..1,10..10,0..48,0,1,1,63746,17,636d4,64688@0 646c0@3 646f8@4 6472e@9
greichweite_v_n6,17,EDDY,30,13,2262,645bc,links,46,0,46,1,32,,10,24,15,440c,6,ja,10,6,0,nein,46,0,46..46,0..0,0..0,8,15,23,636d4,17,636d4,645bc@0 645f4@4 64624@10 64654@25
greichweite_v_n6,17,EDDY,30,13,2327,645bc,links,46,0,46,3,25,,10,17,8,440c,6,nein,,,,,,,46..46,0..0,0..0,8,30,38,6369a,17,636d4,645bc@0 645f4@4 64624@10 64654@18
greichweite_v_n6,17,EDDY,30,14,3276,64688,rechts,-55,-1,-48,3,45,,9,45,37,4c0c,6,nein,,,,,,,-40..68,-1..-1,0..0,0,1,1,63746,17,636d4,64688@0 646c0@3 646f8@4 6472e@9
greichweite_v_n6,17,EDDY,30,15,3414,643f8,links,47,5,47,3,18,,9,13,5,400c,6,nein,,,,,,,47..47,5..5,0..0,5,15,20,636d4,17,636d4,643f8@0 64430@4 6445c@9 64490@14
greichweite_v_n6,17,EDDY,30,17,4768,64688,rechts,-47,-1,-47,1,52,,9,52,44,4c0c,6,ja,9,6,0,ja,-32,-1,-32..13,-1..-1,0..48,0,1,1,63746,13,636d4,64688@0 646c0@3 646f8@4 6472e@9
greichweite_v_n6,17,EDDY,30,19,6344,643f8,links,47,-5,47,2,13,,9,13,5,400c,6,nein,,,,,,,16..27,-5..-5,29..40,0,0,0,63746,13,636d4,643f8@0 64430@4 6445c@9
greichweite_v_n6,17,EDDY,30,22,7611,643f8,rechts,-21,-10,-21,1,25,,9,20,12,400c,6,ja,9,6,0,nein,-22,-10,-22..-22,-10..-10,0..0,5,12,17,636d4,9,636d4,643f8@0 64430@4 6445c@9 64490@21
greichweite_v_n6,17,EDDY,30,22,7658,643f8,rechts,-22,-10,-21,3,18,,9,13,5,400c,6,nein,,,,,,,-22..-22,-10..-10,0..0,5,18,23,636d4,9,636d4,643f8@0 64430@4 6445c@9 64490@14
greichweite_v_n6,17,EDDY,30,22,7704,644f4,rechts,-22,-10,-21,3,18,,9,13,5,4c0c,6,nein,,,,,,,-22..-22,-10..-10,0..0,5,25,30,6369a,9,636d4,644f4@0 6452c@4 64558@9 6458c@14
greichweite_v_n6,17,EDDY,30,22,7758,64688,rechts,-22,-10,-22,2,45,,9,45,37,4c0c,6,nein,,,,,,,-30..-26,-10..-10,0..49,0,28,28,63746,10,636d4,64688@0 646c0@3 646f8@4 6472e@9
greichweite_v_n6,17,EDDY,30,23,8420,645bc,links,58,-1,48,2,25,,10,17,8,440c,6,nein,,,,,,,58..58,-1..-1,31..46,8,18,26,636d4,9,636d4,645bc@0 645f4@4 64624@10 64654@18
greichweite_v_n6,17,EDDY,30,23,8473,645bc,links,58,-1,48,2,25,,10,17,8,440c,6,nein,,,,,,,58..58,-1..-1,0..0,8,30,38,6369a,9,636d4,645bc@0 645f4@4 64624@10 64654@18
greichweite_v_n6,17,EDDY,30,23,8636,645bc,links,45,3,45,1,32,,10,24,15,440c,6,ja,10,6,0,nein,45,3,45..45,3..3,0..0,8,14,22,636d4,9,636d4,645bc@0 645f4@4 64624@10 64654@25
greichweite_v_n6,17,EDDY,30,23,8692,645bc,links,77,3,45,1,0,ja,,,0,,6,nein,,,,,,,,,,,,,,9,636d4,645bc@0
greichweite_v_n6,17,EDDY,30,23,8724,645bc,links,47,3,47,1,32,,10,24,15,440c,6,ja,10,6,0,nein,47,3,47..47,3..3,0..0,8,13,21,636d4,9,636d4,645bc@0 645f4@4 64624@10 64654@25
greichweite_v_n6,17,EDDY,30,23,8779,645bc,links,47,3,47,2,15,,10,15,6,440c,6,nein,,,,,,,16..30,3..3,26..40,0,0,0,63746,9,636d4,645bc@0 645f4@4 64624@10
greichweite_v_n6,18,WOOKY,16,10,548,5efc8,links,84,6,-120,1,126,ja,,,0,,0,nein,,,,,,,,,,,,,,0,5ed7e,5efc8@0 5f002@9 5ee94@17 5eece@26 5efc8@34 5f002@43 5f308@50 5f33a@51 5f368@88 5f4c0@97 5f4ec@105 5f518@106 5f544@126
greichweite_v_n6,18,SKIP,36,11,1373,287e0,rechts,-56,-3,-64,1,24,,13,16,4,8402,8,nein,,,,,,,-56..-56,-3..-3,0..0,8,12,20,287e0,0,283c8,287e0@0 2881c@5 28858@8 2888e@11 288ca@13 28904@17 28940@19 28976@21 289b2@24
greichweite_v_n6,18,SKIP,36,11,1410,287e0,rechts,-56,-3,-64,3,24,,13,16,4,8402,8,ja,13,8,0,nein,-56,-3,-56..-56,-3..-3,0..0,8,12,20,287e0,0,2849e,287e0@0 2881c@5 28858@8 2888e@11 288ca@13 28904@17 28940@19 28976@21 289b2@24
greichweite_v_n6,18,SKIP,36,11,1447,287e0,rechts,-56,-3,-64,3,24,,13,16,4,8402,8,nein,,,,,,,-50..-41,-3..-3,9..22,8,0,8,282f4,0,2849e,287e0@0 2881c@5 28858@8 2888e@11 288ca@13 28904@17 28940@19 28976@21 289b2@24
greichweite_v_n6,18,SKIP,36,12,1782,287e0,links,72,3,64,3,24,,13,16,4,8402,8,nein,,,,,,,72..72,3..3,0..0,8,0,8,282f4,0,283c8,287e0@0 2881c@5 28858@8 2888e@11 288ca@13 28904@17 28940@19 28976@21 289b2@24
greichweite_v_n6,18,SKIP,36,12,1831,287e0,links,58,2,64,3,24,,13,16,4,8402,8,ja,15,8,0,nein,58,2,58..58,2..2,0..0,8,12,20,287e0,0,28390,287e0@0 2881c@5 28858@8 2888e@11 288ca@13 28904@17 28940@19 28976@21 289b2@24
greichweite_v_n6,18,SKIP,36,12,1868,287e0,links,58,2,64,3,24,,13,16,4,8402,8,ja,13,8,0,nein,58,2,58..58,2..2,0..0,8,12,20,28642,0,2849e,287e0@0 2881c@5 28858@8 2888e@11 288ca@13 28904@17 28940@19 28976@21 289b2@24
greichweite_v_n6,18,SKIP,36,12,1905,28642,links,58,2,64,3,33,,1,32,28,8c00/8a02/8c02,11,ja,14,11,0,ja,58,2,58..87,2..2,0..38,1,0,1,282f4,0,2849e,28642@0 2867e@5 286b8@9 286f0@12 2872a@14 28764@17 287a0@33
greichweite_v_n6,18,SKIP,36,13,2324,287e0,links,72,-4,64,1,24,,13,16,4,8402,8,nein,,,,,,,72..72,-4..-4,0..0,8,0,8,282f4,0,282f4,287e0@0 2881c@5 28858@8 2888e@11 288ca@13 28904@17 28940@19 28976@21 289b2@24
greichweite_v_n6,18,SKIP,36,13,2736,287e0,links,57,2,64,1,24,,13,16,4,8402,8,ja,13,8,0,nein,57,2,57..57,2..2,0..0,8,12,20,287e0,0,2835c,287e0@0 2881c@5 28858@8 2888e@11 288ca@13 28904@17 28940@19 28976@21 289b2@24
greichweite_v_n6,18,SKIP,36,13,2773,287e0,links,57,2,64,3,24,,13,16,4,8402,8,ja,13,8,0,nein,57,2,57..57,2..2,0..0,8,12,20,287e0,0,2849e,287e0@0 2881c@5 28858@8 2888e@11 288ca@13 28904@17 28940@19 28976@21 289b2@24
greichweite_v_n6,18,SKIP,36,14,2810,287e0,links,57,2,64,3,24,,13,16,4,8402,8,nein,,,,,,,57..57,2..2,0..0,8,0,8,282f4,0,2849e,287e0@0 2881c@5 28858@8 2888e@11 288ca@13 28904@17 28940@19 28976@21 289b2@24
greichweite_v_n6,18,SKIP,36,14,2992,287e0,links,59,-6,64,1,24,,13,16,4,8402,8,nein,,,,,,,70..70,-6..-6,0..0,8,0,8,282f4,0,28390,287e0@0 2881c@5 28858@8 2888e@11 288ca@13 28904@17 28940@19 28976@21 289b2@24
greichweite_v_n6,18,SKIP,36,19,6180,287e0,links,72,6,64,1,24,,13,16,4,8402,9,ja,13,9,0,nein,72,6,72..72,6..6,0..0,8,0,8,282f4,0,2835c,287e0@0 2881c@5 28858@8 2888e@11 288ca@13 28904@17 28940@19 28976@21 289b2@24
greichweite_v_n6,18,SKIP,36,21,7521,287e0,rechts,-56,-1,-64,1,24,,13,16,4,8402,9,ja,13,9,0,nein,-56,-1,-56..-56,-1..-1,0..0,8,12,20,287e0,0,2835c,287e0@0 2881c@5 28858@8 2888e@11 288ca@13 28904@17 28940@19 28976@21 289b2@24
greichweite_v_n6,18,SKIP,36,21,7558,287e0,rechts,-56,-1,-64,3,24,,13,16,4,8402,9,ja,13,9,0,nein,-56,-1,-56..-56,-1..-1,0..0,8,0,8,282f4,0,2849e,287e0@0 2881c@5 28858@8 2888e@11 288ca@13 28904@17 28940@19 28976@21 289b2@24
greichweite_v_n6,18,SKIP,36,22,7647,28642,rechts,-71,-3,-64,1,33,,14,16,3,8a02,13,nein,,,,,,,-71..-71,-3..-3,0..0,17,0,17,282f4,0,2835c,28642@0 2867e@5 286b8@9 286f0@12 2872a@14 28764@17 287a0@33
greichweite_v_n6,18,SKIP,36,22,7705,287e0,rechts,-57,-2,-64,3,24,,13,16,4,8402,9,nein,,,,,,,-57..-57,-2..-2,0..0,8,0,8,282f4,0,28390,287e0@0 2881c@5 28858@8 2888e@11 288ca@13 28904@17 28940@19 28976@21 289b2@24
greichweite_v_n6,18,SKIP,36,22,8045,289f2,rechts,-135,0,996,1,41,ja,,,0,,9,ja,12,13,0,ja,-124,0,,,,,,,,0,28466,289f2@0 28a2e@4 28a64@7 28a9e@8 28ad8@9 28b12@41
greichweite_v_n6,18,SKIP,36,23,8385,28642,rechts,-56,-5,-64,1,33,,1,32,28,8c00/8a02/8c02,13,ja,14,13,0,ja,-56,-5,-56..-56,-5..-5,0..38,1,0,1,282f4,0,28390,28642@0 2867e@5 286b8@9 286f0@12 2872a@14 28764@17 287a0@33
greichweite_v_n6,18,SKIP,36,23,8761,28642,rechts,-71,-3,-64,1,33,,1,32,28,8c00/8a02/8c02,13,ja,14,13,0,ja,-71,-3,-100..-71,-3..-3,0..38,1,0,1,284d8,0,28436,28642@0 2867e@5 286b8@9 286f0@12 2872a@14 28764@17 287a0@33
greichweite_v_n6,18,SKIP,36,24,8973,28642,rechts,-58,2,-64,3,27,,14,16,3,8a02,13,ja,14,13,0,ja,-58,2,-58..-58,2..2,0..0,11,,,,0,2835c,28642@0 2867e@5 286b8@9 286f0@12 2872a@14 28764@17
greichweite_v_n7,14,WOOKY,32,20,6854,5fa54,rechts,-10,-10,-10,3,25,,9,20,12,400c,9,ja,9,9,0,nein,-10,-10,-10..-10,-10..-10,0..0,5,14,19,5ecaa,9,5ecaa,5fa54@0 5fa8c@4 5fab8@9 5faec@21
greichweite_v_n7,14,WOOKY,32,20,6903,5fa54,rechts,-10,-10,-10,1,22,,9,20,12,400c,9,ja,9,9,0,nein,-10,-10,-10..-10,-10..-10,0..0,2,0,2,5ed1c,9,5ecaa,5fa54@0 5fa8c@4 5fab8@9 5faec@21
greichweite_v_n7,14,WOOKY,32,21,7064,5fc18,rechts,-48,5,-46,3,13,,4,13,10,440c,9,nein,,,,,,,-48..-48,5..5,0..0,0,15,15,5ecaa,9,5ecaa,5fc18@0 5fc50@4
greichweite_v_n7,14,WOOKY,32,21,7102,5fc18,rechts,-48,5,-46,1,20,,4,20,17,440c,9,ja,4,9,0,nein,-48,5,-48..-48,5..5,0..0,0,15,15,5ecaa,9,5ecaa,5fc18@0 5fc50@4
greichweite_v_n7,14,WOOKY,32,21,7147,5fa54,rechts,-48,5,-46,1,25,,9,20,12,400c,9,ja,9,9,0,nein,-48,5,-48..-48,5..5,0..0,5,24,29,5fc8c,9,5ecaa,5fa54@0 5fa8c@4 5fab8@9 5faec@21
greichweite_v_n7,14,WOOKY,32,21,7197,5fc8c,rechts,-48,5,-46,1,15,,8,15,8,4c0c,9,ja,8,9,0,ja,-48,5,-48..-48,5..5,0..0,0,0,0,5ed1c,0,5fb18,5fc8c@0 5fcb8@4 5fce8@8
greichweite_v_n7,14,WOOKY,32,22,8035,5fd24,links,55,0,48,3,32,,10,24,15,440c,10,ja,10,10,0,nein,55,0,55..55,0..0,0..0,8,31,39,5ec70,9,5ecaa,5fd24@0 5fd5c@4 5fd8c@10 5fdbc@25
greichweite_v_n7,14,WOOKY,32,23,8310,5fc18,links,33,-4,33,3,13,,4,13,10,440c,10,nein,,,,,,,33..33,-4..-4,0..0,0,16,16,5ecaa,9,5ecaa,5fc18@0 5fc50@4
greichweite_v_n7,14,WOOKY,32,23,8349,5fc18,links,33,-4,33,1,20,,4,20,17,440c,10,ja,4,10,0,nein,33,-4,33..33,-4..-4,0..0,0,15,15,5ecaa,9,5ecaa,5fc18@0 5fc50@4
greichweite_v_n7,14,WOOKY,32,23,8394,5fa54,links,33,-4,33,3,25,,9,20,12,400c,10,ja,13,10,0,nein,33,-4,33..33,-4..-4,0..0,5,23,28,5fc8c,9,5ecaa,5fa54@0 5fa8c@4 5fab8@9 5faec@21
greichweite_v_n7,14,WOOKY,32,23,8443,5fc8c,links,33,-4,33,3,17,,8,17,10,4c0c,10,nein,,,,,,,33..33,-4..-4,0..0,0,30,30,5ec70,0,5fb18,5fc8c@0 5fcb8@4 5fce8@8
greichweite_v_n7,14,WOOKY,32,23,8501,5fa54,links,33,-4,33,3,18,,9,13,5,400c,10,nein,,,,,,,33..33,-4..-4,0..0,5,1,6,5ed1c,10,5ecaa,5fa54@0 5fa8c@4 5fab8@9 5faec@14
greichweite_v_n7,14,WOOKY,32,23,8705,5fa54,links,46,4,46,1,18,,9,13,5,400c,10,nein,,,,,,,46..46,4..4,0..0,5,27,32,5ec70,9,5ecaa,5fa54@0 5fa8c@4 5fab8@9 5faec@14
greichweite_v_n7,14,WOOKY,32,23,8761,5fa54,links,46,4,46,1,25,,9,20,12,400c,10,ja,9,10,0,nein,46,4,46..46,4..4,0..0,5,15,20,5ecaa,10,5ecaa,5fa54@0 5fa8c@4 5fab8@9 5faec@21
greichweite_v_n7,14,WOOKY,32,24,8811,5fa54,links,46,4,46,1,25,,9,20,12,400c,10,ja,9,10,0,nein,46,4,46..46,4..4,0..0,5,15,20,5ecaa,9,5ecaa,5fa54@0 5fa8c@4 5fab8@9 5faec@21
greichweite_v_n7,14,WOOKY,32,24,8857,5fb50,links,46,4,46,1,16,,9,16,8,4c0c,10,ja,9,10,0,ja,46,4,46..46,4..4,0..0,0,0,0,5ed1c,5,5ecaa,5fb50@0 5fb88@4 5fbb4@9
greichweite_v_n7,14,WOOKY,32,24,8994,5fa54,rechts,-18,4,-18,3,6,ja,,,0,,10,nein,,,,,,,,,,,,,,5,5ecaa,5fa54@0 5fa8c@4
greichweite_v_n7,15,WOOKY,32,20,6914,5fa54,rechts,-10,-10,-10,3,11,,9,11,3,400c,9,nein,,,,,,,-10..-10,-10..-10,0..0,0,0,0,5ed1c,9,5ecaa,5fa54@0 5fa8c@4 5fab8@9
greichweite_v_n7,15,WOOKY,32,21,7423,5fd24,rechts,-56,-3,-48,1,32,,10,24,15,440c,9,ja,10,9,0,nein,-56,-3,-56..-56,-3..-3,0..0,8,30,38,5ec70,9,5ecaa,5fd24@0 5fd5c@4 5fd8c@10 5fdbc@25
greichweite_v_n7,15,WOOKY,32,21,7496,5fd24,rechts,-43,-3,-43,3,32,,10,24,15,440c,9,ja,10,9,0,nein,-43,-3,-43..-43,-3..-3,0..0,8,32,40,5ec70,10,5ecaa,5fd24@0 5fd5c@4 5fd8c@10 5fdbc@25
greichweite_v_n7,15,WOOKY,32,21,7571,5fc18,rechts,-43,-3,-43,1,20,,4,20,17,440c,9,ja,4,9,0,nein,-43,-3,-43..-43,-3..-3,0..0,0,14,14,5ecaa,10,5ecaa,5fc18@0 5fc50@4
greichweite_v_n7,15,WOOKY,32,22,7615,5fc18,rechts,-43,-3,-43,1,20,,4,20,17,440c,10,ja,4,10,0,nein,-43,-3,-43..-43,-3..-3,0..0,0,16,16,5ecaa,9,5ecaa,5fc18@0 5fc50@4
greichweite_v_n7,15,WOOKY,32,22,7661,5fa54,rechts,-43,-3,-43,1,25,,9,20,12,400c,10,ja,9,10,0,nein,-43,-3,-43..-43,-3..-3,0..0,5,26,31,5fc8c,9,5ecaa,5fa54@0 5fa8c@4 5fab8@9 5faec@21
greichweite_v_n7,15,WOOKY,32,22,7713,5fc8c,rechts,-43,-3,-43,1,15,,8,15,8,4c0c,10,ja,8,10,0,ja,-43,-3,-43..-43,-3..-3,0..0,0,0,0,5ed1c,0,5fb18,5fc8c@0 5fcb8@4 5fce8@8
greichweite_v_n7,15,WOOKY,32,22,8080,5fa54,rechts,-56,-3,-48,1,18,,9,13,5,400c,10,nein,,,,,,,-56..-56,-3..-3,0..0,5,14,19,5ecaa,9,5ecaa,5fa54@0 5fa8c@4 5fab8@9 5faec@14
greichweite_v_n7,15,WOOKY,32,22,8122,5fa54,rechts,-56,-3,-48,3,18,,9,13,5,400c,10,nein,,,,,,,-56..-56,-3..-3,0..0,5,24,29,5fc8c,9,5ecaa,5fa54@0 5fa8c@4 5fab8@9 5faec@14
greichweite_v_n7,15,WOOKY,32,22,8165,5fc8c,rechts,-56,-3,-48,3,21,,8,21,14,4c0c,10,ja,14,10,0,ja,-56,-3,-56..-56,-3..-3,0..0,0,0,0,5ed1c,0,5fb18,5fc8c@0 5fcb8@4 5fce8@8
greichweite_v_n7,15,WOOKY,32,23,8310,5fd24,links,11,-7,11,3,25,,10,17,8,440c,10,nein,,,,,,,11..11,-7..-7,0..0,8,28,36,5ec70,9,5ecaa,5fd24@0 5fd5c@4 5fd8c@10 5fdbc@18
greichweite_v_n7,15,WOOKY,32,23,8374,5fc18,links,11,-7,11,3,20,,4,20,17,440c,10,ja,6,10,0,nein,11,-7,11..11,-7..-7,0..0,0,17,17,5ecaa,10,5ecaa,5fc18@0 5fc50@4
greichweite_v_n7,15,WOOKY,32,23,8421,5fc18,links,11,-7,11,3,13,,4,13,10,440c,10,nein,,,,,,,11..11,-7..-7,0..0,0,13,13,5ecaa,9,5ecaa,5fc18@0 5fc50@4
greichweite_v_n7,15,WOOKY,32,23,8457,5fa54,links,11,-7,11,3,25,,9,20,12,400c,10,ja,9,10,0,nein,11,-7,11..11,-7..-7,0..0,5,24,29,5fc8c,9,5ecaa,5fa54@0 5fa8c@4 5fab8@9 5faec@21
greichweite_v_n7,15,WOOKY,32,23,8507,5fc8c,links,11,-7,11,3,20,,8,20,13,4c0c,10,ja,13,10,0,ja,11,-7,11..11,-7..-7,0..0,0,0,0,5ed1c,0,5fb18,5fc8c@0 5fcb8@4 5fce8@8
greichweite_v_n7,15,WOOKY,32,23,8701,5fa54,rechts,-17,-10,-17,1,25,,9,20,12,400c,10,ja,9,10,0,nein,-17,-10,-17..-17,-10..-10,0..0,5,30,35,5ec70,9,5ecaa,5fa54@0 5fa8c@4 5fab8@9 5faec@21
greichweite_v_n7,15,WOOKY,32,23,8767,5fa54,rechts,-17,-10,-17,1,18,,9,13,5,400c,10,nein,,,,,,,-17..-17,-10..-10,0..0,5,31,36,5ec70,10,5ecaa,5fa54@0 5fa8c@4 5fab8@9 5faec@14
greichweite_v_n7,15,WOOKY,32,24,8823,5fa54,rechts,-17,-10,-17,3,18,,9,13,5,400c,10,nein,,,,,,,-17..-17,-10..-10,0..0,5,18,23,5ecaa,6,5ecaa,5fa54@0 5fa8c@4 5fab8@9 5faec@14
greichweite_v_n7,15,WOOKY,32,24,8865,5fa54,rechts,-17,-10,-17,1,1,ja,,,0,,10,nein,,,,,,,,,,,,,,5,5ecaa,5fa54@0
greichweite_v_n7,16,WOOKY,16,17,4938,5fa54,links,54,-1,48,1,25,,9,20,12,400c,5,ja,9,5,0,nein,54,-1,54..54,-1..-1,0..0,5,31,36,5ec70,13,5ecaa,5fa54@0 5fa8c@4 5fab8@9 5faec@21
greichweite_v_n7,16,WOOKY,16,18,5230,5fc18,links,45,-2,45,1,20,,4,20,17,440c,5,ja,4,5,0,nein,45,-2,45..45,-2..-2,0..0,0,15,15,5ecaa,13,5ecaa,5fc18@0 5fc50@4
greichweite_v_n7,16,WOOKY,16,18,5279,5fc18,links,45,-2,45,3,13,,4,13,10,440c,5,nein,,,,,,,45..45,-2..-2,0..0,0,14,14,5ecaa,13,5ecaa,5fc18@0 5fc50@4
greichweite_v_n7,16,WOOKY,16,18,5320,5fa54,links,45,-2,45,1,25,,9,20,12,400c,5,ja,9,5,0,nein,45,-2,45..45,-2..-2,0..0,5,31,36,5fc8c,13,5ecaa,5fa54@0 5fa8c@4 5fab8@9 5faec@21
greichweite_v_n7,16,WOOKY,16,18,5377,5fc8c,links,45,-2,45,1,15,,8,15,8,4c0c,5,ja,8,5,0,ja,45,-2,45..45,-2..-2,0..0,0,0,0,5ed1c,0,5fb18,5fc8c@0 5fcb8@4 5fce8@8
greichweite_v_n7,16,WOOKY,16,18,5774,5fc18,rechts,-3,11,-3,1,20,,4,20,17,440c,5,ja,4,5,0,nein,-3,11,-3..-3,11..11,0..0,0,14,14,5ecaa,13,5ecaa,5fc18@0 5fc50@4
greichweite_v_n7,16,WOOKY,16,19,5822,5fc18,rechts,-3,11,-3,1,20,,4,20,17,440c,5,ja,4,5,0,nein,-3,11,-3..-3,11..11,0..0,0,17,17,5ecaa,13,5ecaa,5fc18@0 5fc50@4
greichweite_v_n7,16,WOOKY,16,19,5873,5fa54,rechts,-3,11,-3,1,25,,9,20,12,400c,5,ja,9,5,0,nein,-3,11,-3..-3,11..11,0..0,5,29,34,5fc8c,13,5ecaa,5fa54@0 5fa8c@4 5fab8@9 5faec@21
greichweite_v_n7,16,WOOKY,16,19,5928,5fc8c,rechts,-3,11,-3,1,15,,8,15,8,4c0c,5,ja,8,5,0,ja,-3,11,-3..-3,11..11,0..0,0,0,0,5ed1c,0,5fb18,5fc8c@0 5fcb8@4 5fce8@8
greichweite_v_n7,16,WOOKY,16,19,6124,5fc18,rechts,-46,-1,-46,1,20,,4,20,17,440c,5,ja,4,5,0,nein,-46,-1,-46..-46,-1..-1,0..0,0,14,14,5ecaa,13,5ecaa,5fc18@0 5fc50@4
greichweite_v_n7,16,WOOKY,16,19,6172,5fc18,rechts,-46,-1,-46,1,20,,4,20,17,440c,5,ja,4,5,0,nein,-46,-1,-46..-46,-1..-1,0..0,0,15,15,5ecaa,13,5ecaa,5fc18@0 5fc50@4
greichweite_v_n7,16,WOOKY,16,19,6221,5fa54,rechts,-46,-1,-46,1,25,,9,20,12,400c,5,ja,9,5,0,nein,-46,-1,-46..-46,-1..-1,0..0,5,26,31,5fc8c,13,5ecaa,5fa54@0 5fa8c@4 5fab8@9 5faec@21
greichweite_v_n7,16,WOOKY,16,19,6273,5fc8c,rechts,-56,-1,-46,1,15,,8,15,8,4c0c,5,ja,8,5,0,ja,-61,-1,-61..-61,-1..-1,0..0,0,0,0,5ed1c,0,5fb18,5fc8c@0 5fcb8@4 5fce8@8
greichweite_v_n7,16,WOOKY,16,20,6467,5fd24,rechts,-47,11,-47,1,32,,10,24,15,440c,5,ja,10,5,0,nein,-47,11,-47..-47,11..11,0..0,8,31,39,5ec70,9,5ecaa,5fd24@0 5fd5c@4 5fd8c@10 5fdbc@25
greichweite_v_n7,16,WOOKY,16,20,6541,5fa54,rechts,-47,11,-47,1,25,,9,20,12,400c,5,ja,9,5,0,nein,-47,11,-47..-47,11..11,0..0,5,18,23,5ecaa,10,5ecaa,5fa54@0 5fa8c@4 5fab8@9 5faec@21
greichweite_v_n7,16,WOOKY,16,20,6594,5fa54,rechts,-47,11,-47,1,25,,9,20,12,400c,5,ja,9,5,0,nein,-47,11,-47..-47,11..11,0..0,5,24,29,5fc8c,9,5ecaa,5fa54@0 5fa8c@4 5fab8@9 5faec@21
greichweite_v_n7,16,WOOKY,16,20,6644,5fc8c,rechts,-47,11,-47,1,15,,8,15,8,4c0c,5,ja,8,5,0,ja,-47,11,-47..-47,11..11,0..0,0,0,0,5ed1c,0,5fb18,5fc8c@0 5fcb8@4 5fce8@8
greichweite_v_n7,16,WOOKY,16,20,6785,5fc18,links,10,1,10,3,20,,4,20,17,440c,5,nein,,,,,,,10..10,1..1,0..0,0,14,14,5ecaa,9,5ecaa,5fc18@0 5fc50@4
greichweite_v_n7,16,WOOKY,16,20,6829,5fc18,links,10,1,10,1,20,,4,20,17,440c,5,ja,4,5,0,nein,10,1,10..10,1..1,0..0,0,16,16,5ecaa,9,5ecaa,5fc18@0 5fc50@4
greichweite_v_n7,16,WOOKY,16,20,6875,5fb50,links,10,1,10,3,18,,9,13,5,4c0c,5,nein,,,,,,,10..10,1..1,0..0,5,27,32,5ec70,9,5ecaa,5fb50@0 5fb88@4 5fbb4@9 5fbe8@14
greichweite_v_n7,16,WOOKY,16,21,7463,5fd24,rechts,-50,-3,-48,1,32,,10,24,15,440c,5,ja,10,5,0,nein,-43,-3,-43..-43,-3..-3,0..0,8,29,37,5ec70,9,5ecaa,5fd24@0 5fd5c@4 5fd8c@10 5fdbc@25
greichweite_v_n7,16,WOOKY,16,21,7535,5fc18,rechts,-43,-3,-43,1,20,,4,20,17,440c,5,ja,4,5,0,nein,-43,-3,-43..-43,-3..-3,0..0,0,16,16,5ecaa,10,5ecaa,5fc18@0 5fc50@4
greichweite_v_n7,16,WOOKY,16,21,7581,5fc18,rechts,-43,-3,-43,3,13,,4,13,10,440c,5,nein,,,,,,,-43..-43,-3..-3,0..0,0,15,15,5ecaa,9,5ecaa,5fc18@0 5fc50@4
greichweite_v_n7,16,WOOKY,16,22,7619,5fa54,rechts,-43,-3,-43,3,18,,9,13,5,400c,5,nein,,,,,,,-43..-43,-3..-3,0..0,5,25,30,5fc8c,9,5ecaa,5fa54@0 5fa8c@4 5fab8@9 5faec@14
greichweite_v_n7,16,WOOKY,16,22,7663,5fc8c,rechts,-43,-3,-43,1,17,,8,17,10,4c0c,5,nein,,,,,,,-43..-43,-3..-3,0..0,0,26,26,5ec70,0,5fb18,5fc8c@0 5fcb8@4 5fce8@8
greichweite_v_n7,16,WOOKY,16,22,7717,5fa54,rechts,-43,-3,-43,1,4,ja,,,0,,5,nein,,,,,,,,,,,,,,10,5ecaa,5fa54@0 5fa8c@4
greichweite_v_n7,16,WOOKY,16,22,7968,5fc18,rechts,-56,-1,-48,1,20,,4,20,17,440c,5,ja,4,5,0,nein,-56,-1,-56..-56,-1..-1,0..0,0,14,14,5ecaa,9,5ecaa,5fc18@0 5fc50@4
greichweite_v_n7,16,WOOKY,16,22,8012,5fc18,rechts,-56,-1,-48,1,20,,4,20,17,440c,5,ja,4,5,0,nein,-56,-1,-56..-56,-1..-1,0..0,0,13,13,5ecaa,9,5ecaa,5fc18@0 5fc50@4
greichweite_v_n7,16,WOOKY,16,22,8055,5fa54,rechts,-56,-1,-48,3,18,,9,13,5,400c,5,nein,,,,,,,-56..-56,-1..-1,0..0,5,23,28,5fc8c,9,5ecaa,5fa54@0 5fa8c@4 5fab8@9 5faec@14
greichweite_v_n7,16,WOOKY,16,22,8097,5fc8c,rechts,-56,-1,-48,3,17,,8,17,10,4c0c,5,nein,,,,,,,-56..-56,-1..-1,0..0,0,30,30,5ec70,0,5fb18,5fc8c@0 5fcb8@4 5fce8@8
greichweite_v_n7,16,WOOKY,16,23,8440,5fa54,rechts,-48,1,-48,3,18,,9,13,5,400c,5,nein,,,,,,,-48..-48,1..1,0..0,5,16,21,5ecaa,9,5ecaa,5fa54@0 5fa8c@4 5fab8@9 5faec@14
greichweite_v_n7,16,WOOKY,16,23,8484,5fa54,rechts,-48,1,-48,3,25,,9,20,12,400c,5,ja,9,5,0,nein,-48,1,-48..-48,1..1,0..0,5,11,16,5ed1c,9,5ecaa,5fa54@0 5fa8c@4 5fab8@9 5faec@21
greichweite_v_n7,17,EDDY,30,11,1050,643f8,links,13,11,13,1,25,,9,20,12,400c,6,ja,9,6,0,nein,13,11,13..13,11..11,0..0,5,16,21,636d4,21,636d4,643f8@0 64430@4 6445c@9 64490@21
greichweite_v_n7,17,EDDY,30,11,1113,643f8,links,13,11,13,1,25,,9,20,12,400c,6,ja,9,6,0,nein,13,11,13..13,11..11,0..0,5,15,20,636d4,21,636d4,643f8@0 64430@4 6445c@9 64490@21
greichweite_v_n7,17,EDDY,30,11,1175,644f4,links,13,11,13,1,25,,9,20,12,4c0c,6,ja,9,6,0,ja,13,11,13..22,11..11,0..14,5,3,8,63746,21,636d4,644f4@0 6452c@4 64558@9 6458c@21
greichweite_v_n7,17,EDDY,30,11,1345,645bc,links,47,11,47,1,32,,10,24,15,440c,6,ja,10,6,0,nein,47,11,47..47,11..11,0..0,8,16,24,636d4,21,636d4,645bc@0 645f4@4 64624@10 64654@25
greichweite_v_n7,17,EDDY,30,11,1415,645bc,links,47,11,47,1,32,,10,24,15,440c,6,ja,10,6,0,nein,47,11,47..47,11..11,0..0,8,29,37,6369a,21,636d4,645bc@0 645f4@4 64624@10 64654@25
greichweite_v_n7,17,EDDY,30,11,1499,643f8,links,47,11,47,1,25,,9,20,12,400c,6,ja,9,6,0,nein,47,11,47..47,11..11,0..0,5,18,23,636d4,22,636d4,643f8@0 64430@4 6445c@9 64490@21
greichweite_v_n7,17,EDDY,30,11,1564,643f8,links,47,11,47,1,25,,9,20,12,400c,6,ja,9,6,0,nein,47,11,47..47,11..11,0..0,5,15,20,636d4,21,636d4,643f8@0 64430@4 6445c@9 64490@21
greichweite_v_n7,17,EDDY,30,12,1626,644f4,links,47,11,47,1,25,,9,20,12,4c0c,6,ja,9,6,0,ja,47,11,47..55,11..11,0..14,5,3,8,63746,21,636d4,644f4@0 6452c@4 64558@9 6458c@21
greichweite_v_n7,17,EDDY,30,12,1978,645bc,rechts,-44,-2,-44,1,32,,10,24,15,440c,6,ja,10,6,0,nein,-44,-2,-44..-44,-2..-2,0..0,8,28,36,6369a,17,636d4,645bc@0 645f4@4 64624@10 64654@25
greichweite_v_n7,17,EDDY,30,12,2057,643f8,rechts,-44,-2,-44,1,25,,9,20,12,400c,6,ja,9,6,0,nein,-44,-2,-44..-44,-2..-2,0..0,5,14,19,636d4,18,636d4,643f8@0 64430@4 6445c@9 64490@21
greichweite_v_n7,17,EDDY,30,12,2114,643f8,rechts,-44,-2,-44,1,25,,9,20,12,400c,6,ja,9,6,0,nein,-44,-2,-44..-44,-2..-2,0..0,5,14,19,636d4,17,636d4,643f8@0 64430@4 6445c@9 64490@21
greichweite_v_n7,17,EDDY,30,12,2171,644f4,rechts,-44,-2,-44,1,25,,9,20,12,4c0c,6,ja,9,6,0,ja,-44,-2,-52..-44,-2..-2,0..14,5,3,8,63746,17,636d4,644f4@0 6452c@4 64558@9 6458c@21
greichweite_v_n7,17,EDDY,30,14,3043,643f8,rechts,-55,-3,-48,1,25,,9,20,12,400c,6,ja,9,6,0,nein,-55,-3,-55..-55,-3..-3,0..0,5,28,33,6369a,17,636d4,643f8@0 64430@4 6445c@9 64490@21
greichweite_v_n7,17,EDDY,30,15,3442,645bc,rechts,-56,-1,-48,1,32,,10,24,15,440c,6,ja,10,6,0,nein,-56,-1,-56..-56,-1..-1,0..0,8,17,25,636d4,17,636d4,645bc@0 645f4@4 64624@10 64654@25
greichweite_v_n7,17,EDDY,30,15,3509,645bc,rechts,-40,-1,-48,1,32,,10,24,15,440c,6,ja,10,6,0,nein,-40,-1,-40..-40,-1..-1,0..0,8,25,33,6369a,17,636d4,645bc@0 645f4@4 64624@10 64654@25
greichweite_v_n7,17,EDDY,30,15,3585,645bc,rechts,-40,-1,-40,1,32,,10,24,15,440c,6,ja,10,6,0,nein,-40,-1,-40..-40,-1..-1,0..0,8,30,38,6369a,18,636d4,645bc@0 645f4@4 64624@10 64654@25
greichweite_v_n7,17,EDDY,30,15,3666,645bc,rechts,-40,-1,-40,1,32,,10,24,15,440c,6,ja,10,6,0,nein,-40,-1,-40..-40,-1..-1,0..0,8,15,23,636d4,18,636d4,645bc@0 645f4@4 64624@10 64654@25
greichweite_v_n7,17,EDDY,30,15,3731,645bc,rechts,-40,-1,-40,1,32,,10,24,15,440c,6,ja,10,6,0,nein,-40,-1,-40..-40,-1..-1,0..0,8,28,36,6369a,17,636d4,645bc@0 645f4@4 64624@10 64654@25
greichweite_v_n7,17,EDDY,30,15,3810,643f8,rechts,-40,-1,-40,1,25,,9,20,12,400c,6,ja,9,6,0,nein,-40,-1,-40..-40,-1..-1,0..0,5,16,21,636d4,18,636d4,643f8@0 64430@4 6445c@9 64490@21
greichweite_v_n7,17,EDDY,30,15,3869,643f8,rechts,-40,-1,-40,1,25,,9,20,12,400c,6,ja,9,6,0,nein,-40,-1,-40..-40,-1..-1,0..0,5,16,21,636d4,17,636d4,643f8@0 64430@4 6445c@9 64490@21
greichweite_v_n7,17,EDDY,30,15,3928,644f4,rechts,-40,-1,-40,1,25,,9,20,12,4c0c,6,ja,9,6,0,ja,-40,-1,-49..-40,-1..-1,0..14,5,2,7,63746,17,636d4,644f4@0 6452c@4 64558@9 6458c@21
greichweite_v_n7,17,EDDY,30,16,4095,645bc,links,32,-9,32,1,32,,10,24,15,440c,6,ja,10,6,0,nein,32,-9,32..32,-9..-9,0..0,8,15,23,636d4,13,636d4,645bc@0 645f4@4 64624@10 64654@25
greichweite_v_n7,17,EDDY,30,16,4156,645bc,links,32,-9,32,1,32,,10,24,15,440c,6,ja,10,6,0,nein,32,-9,32..32,-9..-9,0..0,8,26,34,6369a,13,636d4,645bc@0 645f4@4 64624@10 64654@25
greichweite_v_n7,17,EDDY,30,16,4229,643f8,links,32,-9,32,1,25,,9,20,12,400c,6,ja,9,6,0,nein,32,-9,32..32,-9..-9,0..0,5,12,17,636d4,14,636d4,643f8@0 64430@4 6445c@9 64490@21
greichweite_v_n7,17,EDDY,30,16,4280,643f8,links,32,-9,32,1,25,,9,20,12,400c,6,ja,9,6,0,nein,44,-9,44..44,-9..-9,0..0,5,14,19,636d4,13,636d4,643f8@0 64430@4 6445c@9 64490@21
greichweite_v_n7,17,EDDY,30,16,4333,644f4,links,44,-9,32,1,24,,9,20,12,4c0c,6,ja,9,6,0,ja,44,-9,44..53,-9..-9,0..14,4,0,4,63746,13,636d4,644f4@0 6452c@4 64558@9 6458c@21
greichweite_v_n7,17,EDDY,30,17,4994,64688,links,55,0,48,1,52,,9,52,44,4c0c,6,ja,9,6,0,ja,40,0,-24..40,0..0,0..48,0,1,1,63746,13,636d4,64688@0 646c0@3 646f8@4 6472e@9
greichweite_v_n7,17,EDDY,30,18,5261,643f8,links,56,1,48,1,25,,9,20,12,400c,6,ja,9,6,0,nein,56,1,56..56,1..1,0..0,5,24,29,6369a,13,636d4,643f8@0 64430@4 6445c@9 64490@21
greichweite_v_n7,17,EDDY,30,18,5520,645bc,links,39,-7,39,3,25,,10,17,8,440c,6,nein,,,,,,,39..39,-7..-7,0..0,8,25,33,6369a,13,636d4,645bc@0 645f4@4 64624@10 64654@18
greichweite_v_n7,17,EDDY,30,18,5585,645bc,links,39,-7,39,1,32,,10,24,15,440c,6,ja,10,6,0,nein,39,-7,39..39,-7..-7,0..0,8,12,20,636d4,14,636d4,645bc@0 645f4@4 64624@10 64654@25
greichweite_v_n7,17,EDDY,30,18,5643,645bc,links,39,-7,39,1,32,,10,24,15,440c,6,ja,10,6,0,nein,39,-7,39..39,-7..-7,0..0,8,31,39,6369a,13,636d4,645bc@0 645f4@4 64624@10 64654@25
greichweite_v_n7,17,EDDY,30,18,5721,643f8,links,39,-7,39,1,25,,9,20,12,400c,6,ja,9,6,0,nein,39,-7,39..39,-7..-7,0..0,5,16,21,636d4,14,636d4,643f8@0 64430@4 6445c@9 64490@21
greichweite_v_n7,17,EDDY,30,18,5776,643f8,links,39,-7,39,1,18,,9,13,5,400c,6,nein,,,,,,,39..39,-7..-7,0..0,5,14,19,636d4,13,636d4,643f8@0 64430@4 6445c@9 64490@14
greichweite_v_n7,17,EDDY,30,19,5822,644f4,links,39,-7,39,1,18,,9,13,5,4c0c,6,nein,,,,,,,39..39,-7..-7,0..0,5,26,31,6369a,13,636d4,644f4@0 6452c@4 64558@9 6458c@14
greichweite_v_n7,17,EDDY,30,19,5881,64688,links,39,-7,39,1,45,,9,45,37,4c0c,6,nein,,,,,,,-84..24,-7..-7,0..0,0,1,1,63746,14,636d4,64688@0 646c0@3 646f8@4 6472e@9
greichweite_v_n7,17,EDDY,30,20,6611,645bc,rechts,-56,-3,-48,3,25,,10,17,8,440c,6,nein,,,,,,,-56..-56,-3..-3,0..0,8,28,36,63746,9,636d4,645bc@0 645f4@4 64624@10 64654@18
greichweite_v_n7,17,EDDY,30,20,6868,645bc,links,27,-10,27,3,25,,10,17,8,440c,6,nein,,,,,,,27..27,-10..-10,0..0,8,18,26,636d4,9,636d4,645bc@0 645f4@4 64624@10 64654@18
greichweite_v_n7,17,EDDY,30,20,6921,645bc,links,27,-10,27,3,23,,10,17,8,440c,6,nein,,,,,,,13..27,-10..-10,0..22,6,0,6,63746,9,636d4,645bc@0 645f4@4 64624@10 64654@18
greichweite_v_n7,17,EDDY,30,22,7728,643f8,links,47,-3,47,2,18,,9,13,5,400c,6,nein,,,,,,,34..34,-3..-3,32..42,5,28,33,63746,9,636d4,643f8@0 64430@4 6445c@9 64490@14
greichweite_v_n7,17,EDDY,30,22,7852,64688,rechts,-33,-1,-33,3,45,,9,45,37,4c0c,6,nein,,,,,,,-18..90,-1..-1,0..0,0,1,1,63746,9,636d4,64688@0 646c0@3 646f8@4 6472e@9
greichweite_v_n7,17,EDDY,30,22,7931,643f8,links,45,4,45,1,18,,9,13,5,400c,6,nein,,,,,,,45..45,4..4,0..0,5,16,21,636d4,9,636d4,643f8@0 64430@4 6445c@9 64490@14
greichweite_v_n7,17,EDDY,30,22,7975,643f8,links,45,4,45,3,18,,9,13,5,400c,6,nein,,,,,,,45..45,4..4,0..0,5,17,22,636d4,9,636d4,643f8@0 64430@4 6445c@9 64490@14
greichweite_v_n7,17,EDDY,30,22,8020,644f4,links,45,4,45,3,18,,9,13,5,4c0c,6,nein,,,,,,,45..45,4..4,0..0,5,31,36,6369a,9,636d4,644f4@0 6452c@4 64558@9 6458c@14
greichweite_v_n7,17,EDDY,30,22,8080,643f8,links,45,4,45,1,25,,9,20,12,400c,6,ja,9,6,0,nein,45,4,45..45,4..4,0..0,5,29,34,6369a,10,636d4,643f8@0 64430@4 6445c@9 64490@21
greichweite_v_n7,17,EDDY,30,22,8145,643f8,links,45,4,45,1,18,,9,13,5,400c,6,nein,,,,,,,45..45,4..4,0..0,5,28,33,63746,10,636d4,643f8@0 64430@4 6445c@9 64490@14
greichweite_v_n7,17,EDDY,30,23,8310,645bc,rechts,-21,-4,-21,3,25,,10,17,8,440c,6,nein,,,,,,,-21..-21,-4..-4,0..0,8,15,23,636d4,9,636d4,645bc@0 645f4@4 64624@10 64654@18
greichweite_v_n7,17,EDDY,30,23,8360,645bc,rechts,-21,-4,-21,3,25,,10,17,8,440c,6,nein,,,,,,,-21..-21,-4..-4,0..0,8,27,35,6369a,9,636d4,645bc@0 645f4@4 64624@10 64654@18
greichweite_v_n7,17,EDDY,30,23,8423,643f8,rechts,-21,-4,-21,3,25,,9,20,12,400c,6,ja,11,6,0,nein,-21,-4,-21..-21,-4..-4,0..0,5,14,19,636d4,10,636d4,643f8@0 64430@4 6445c@9 64490@21
greichweite_v_n7,17,EDDY,30,23,8472,643f8,rechts,-21,-4,-21,3,18,,9,13,5,400c,6,nein,,,,,,,-21..-21,-4..-4,0..0,5,18,23,636d4,9,636d4,643f8@0 64430@4 6445c@9 64490@14
greichweite_v_n7,17,EDDY,30,23,8518,644f4,rechts,-21,-4,-21,3,18,,9,13,5,4c0c,6,nein,,,,,,,-21..-12,-4..-4,0..14,5,3,8,63746,9,636d4,644f4@0 6452c@4 64558@9 6458c@14
greichweite_v_n7,18,WOOKY,16,10,548,5efc8,links,84,6,-120,1,126,ja,,,0,,0,nein,,,,,,,,,,,,,,0,5ed7e,5efc8@0 5f002@9 5ee94@17 5eece@26 5efc8@34 5f002@43 5f308@50 5f33a@51 5f368@88 5f4c0@97 5f4ec@105 5f518@106 5f544@126
greichweite_v_n7,18,SKIP,42,20,6904,289f2,rechts,-159,-3,923,1,41,ja,,,0,,0,ja,21,12,0,ja,-159,-3,,,,,,,,0,28390,289f2@0 28a2e@4 28a64@7 28a9e@8 28ad8@9 28b12@41
greichweite_v_n7,18,SKIP,42,21,7477,287e0,rechts,-56,-4,-64,3,24,,13,16,4,8402,9,nein,,,,,,,-56..-56,-4..-4,0..0,8,0,8,282f4,0,282f4,287e0@0 2881c@5 28858@8 2888e@11 288ca@13 28904@17 28940@19 28976@21 289b2@24
greichweite_v_n7,18,SKIP,42,22,7890,287e0,rechts,-56,-5,-64,1,24,,13,16,4,8402,9,ja,13,9,0,nein,-56,-5,-56..-56,-5..-5,0..0,8,12,20,287e0,0,28466,287e0@0 2881c@5 28858@8 2888e@11 288ca@13 28904@17 28940@19 28976@21 289b2@24
greichweite_v_n7,18,SKIP,42,22,7927,287e0,rechts,-56,-5,-64,3,24,,13,16,4,8402,9,ja,13,9,0,nein,-56,-5,-56..-56,-5..-5,0..0,8,0,8,282f4,0,2849e,287e0@0 2881c@5 28858@8 2888e@11 288ca@13 28904@17 28940@19 28976@21 289b2@24
greichweite_v_n7,18,SKIP,42,22,8102,287e0,rechts,-70,-3,-64,3,24,,13,16,4,8402,9,ja,14,9,0,nein,-70,-3,-70..-70,-3..-3,0..0,8,12,20,287e0,0,28436,287e0@0 2881c@5 28858@8 2888e@11 288ca@13 28904@17 28940@19 28976@21 289b2@24
greichweite_v_n7,18,SKIP,42,22,8139,287e0,rechts,-70,-3,-64,3,24,,13,16,4,8402,9,ja,13,9,0,nein,-70,-3,-70..-70,-3..-3,0..0,8,12,20,287e0,0,2849e,287e0@0 2881c@5 28858@8 2888e@11 288ca@13 28904@17 28940@19 28976@21 289b2@24
greichweite_v_n7,18,SKIP,42,22,8176,287e0,rechts,-70,-3,-64,3,24,,13,16,4,8402,9,nein,,,,,,,-70..-70,-3..-3,10..22,8,0,8,282f4,0,2849e,287e0@0 2881c@5 28858@8 2888e@11 288ca@13 28904@17 28940@19 28976@21 289b2@24
greichweite_v_n7,18,SKIP,42,23,8486,287e0,rechts,-70,-2,-64,3,24,,13,16,4,8402,10,nein,,,,,,,-70..-70,-2..-2,0..0,8,0,8,282f4,0,28390,287e0@0 2881c@5 28858@8 2888e@11 288ca@13 28904@17 28940@19 28976@21 289b2@24
greichweite_v_n7,18,SKIP,42,24,8827,287e0,links,57,-3,64,3,24,,13,16,4,8402,10,nein,,,,,,,57..57,-3..-3,0..0,8,0,8,282f4,0,2832a,287e0@0 2881c@5 28858@8 2888e@11 288ca@13 28904@17 28940@19 28976@21 289b2@24
greichweite_v_n8,14,WOOKY,28,16,4599,5f7f6,links,26,0,-6,1,70,ja,,,0,,0,nein,,,,,,,,,,,,,,1,5ecaa,5f7f6@0
greichweite_v_n8,14,WOOKY,28,17,4685,5fc18,links,15,-1,15,1,20,,4,20,17,440c,9,ja,4,9,0,nein,15,-1,15..15,-1..-1,0..0,0,11,11,5ed1c,13,5ecaa,5fc18@0 5fc50@4
greichweite_v_n8,14,WOOKY,28,17,4951,5fa54,links,55,0,48,1,25,,9,20,12,400c,9,ja,9,9,0,nein,55,0,55..55,0..0,0..0,5,31,36,5ec70,13,5ecaa,5fa54@0 5fa8c@4 5fab8@9 5faec@21
greichweite_v_n8,14,WOOKY,28,18,5220,5fc18,links,55,3,48,1,20,,4,20,17,440c,9,ja,4,9,0,nein,55,3,55..55,3..3,0..0,0,15,15,5ecaa,13,5ecaa,5fc18@0 5fc50@4
greichweite_v_n8,14,WOOKY,28,18,5269,5fc18,links,55,3,48,3,20,,4,20,17,440c,9,ja,9,9,0,nein,55,3,55..55,3..3,0..0,0,16,16,5ecaa,13,5ecaa,5fc18@0 5fc50@4
greichweite_v_n8,14,WOOKY,28,18,5319,5fa54,links,55,3,48,3,18,,9,13,5,400c,9,nein,,,,,,,55..55,3..3,0..0,5,27,32,5fc8c,13,5ecaa,5fa54@0 5fa8c@4 5fab8@9 5faec@14
greichweite_v_n8,14,WOOKY,28,18,5365,5fc8c,links,55,3,48,3,17,,8,17,10,4c0c,9,nein,,,,,,,55..55,3..3,0..0,0,27,27,5ec70,0,5fb18,5fc8c@0 5fcb8@4 5fce8@8
greichweite_v_n8,14,WOOKY,28,18,5681,5fc18,links,47,-2,47,3,20,,4,20,17,440c,9,ja,4,9,0,nein,47,-2,47..47,-2..-2,0..0,0,15,15,5ecaa,13,5ecaa,5fc18@0 5fc50@4
greichweite_v_n8,14,WOOKY,28,18,5730,5fc18,links,47,-2,47,3,13,,4,13,10,440c,9,nein,,,,,,,47..47,-2..-2,0..0,0,14,14,5ecaa,13,5ecaa,5fc18@0 5fc50@4
greichweite_v_n8,14,WOOKY,28,18,5771,5fb50,links,47,-2,47,1,1,ja,,,0,,9,nein,,,,,,,,,,,,,,13,5ecaa,5fb50@0
greichweite_v_n8,14,WOOKY,28,19,5907,5fc18,rechts,-36,-10,-36,3,13,,4,13,10,440c,9,nein,,,,,,,-36..-36,-10..-10,0..0,0,14,14,5ecaa,52,5ecaa,5fc18@0 5fc50@4
greichweite_v_n8,14,WOOKY,28,19,5948,5fc18,rechts,-36,-10,-36,3,20,,4,20,17,440c,9,ja,9,9,0,nein,-36,-10,-36..-36,-10..-10,0..0,0,17,17,5ecaa,13,5ecaa,5fc18@0 5fc50@4
greichweite_v_n8,14,WOOKY,28,19,5999,5fa54,rechts,-36,-10,-36,3,18,,9,13,5,400c,9,nein,,,,,,,-36..-36,-10..-10,0..0,5,24,29,5ed1c,13,5ecaa,5fa54@0 5fa8c@4 5fab8@9 5faec@14
greichweite_v_n8,14,WOOKY,28,20,6476,5fa54,rechts,-2,-7,-2,3,18,,9,13,5,400c,9,nein,,,,,,,-2..-2,-9..-9,0..0,5,16,21,5ecaa,48,5ecaa,5fa54@0 5fa8c@4 5fab8@9 5faec@14
greichweite_v_n8,14,WOOKY,28,20,6520,5fa54,rechts,-2,-9,-2,1,25,,9,20,12,400c,9,ja,9,9,0,nein,-2,-9,-2..-2,-9..-9,0..0,5,24,29,5fc8c,9,5ecaa,5fa54@0 5fa8c@4 5fab8@9 5faec@21
greichweite_v_n8,14,WOOKY,28,20,6570,5fc8c,rechts,-2,-9,-2,1,15,,8,15,8,4c0c,9,ja,8,9,0,ja,-2,-9,-2..-2,-9..-9,0..0,0,0,0,5ed1c,0,5fb18,5fc8c@0 5fcb8@4 5fce8@8
greichweite_v_n8,14,WOOKY,28,20,6781,5fc18,rechts,-56,-3,-48,3,13,,4,13,10,440c,9,nein,,,,,,,-56..-56,-3..-3,0..0,0,17,17,5ecaa,9,5ecaa,5fc18@0 5fc50@4
greichweite_v_n8,14,WOOKY,28,20,6821,5fc18,rechts,-56,-3,-48,1,20,,4,20,17,440c,9,ja,4,9,0,nein,-56,-3,-56..-56,-3..-3,0..0,0,15,15,5ecaa,9,5ecaa,5fc18@0 5fc50@4
greichweite_v_n8,14,WOOKY,28,20,6866,5fa54,rechts,-56,-3,-48,3,18,,9,13,5,400c,9,nein,,,,,,,-56..-56,-3..-3,0..0,5,26,31,5fc8c,9,5ecaa,5fa54@0 5fa8c@4 5fab8@9 5faec@14
greichweite_v_n8,14,WOOKY,28,20,6911,5fc8c,rechts,-56,-3,-48,3,20,,8,20,13,4c0c,9,ja,13,9,0,ja,-56,-3,-56..-56,-3..-3,0..0,0,0,0,5ed1c,0,5fb18,5fc8c@0 5fcb8@4 5fce8@8
greichweite_v_n8,14,WOOKY,28,21,7110,5fc18,rechts,-54,0,-48,1,20,,4,20,17,440c,9,ja,4,9,0,nein,-54,0,-54..-54,0..0,0..0,0,18,18,5ecaa,9,5ecaa,5fc18@0 5fc50@4
greichweite_v_n8,14,WOOKY,28,21,7158,5fc18,rechts,-54,0,-48,1,20,,4,20,17,440c,9,ja,4,9,0,nein,-54,0,-54..-54,0..0,0..0,0,15,15,5ecaa,9,5ecaa,5fc18@0 5fc50@4
greichweite_v_n8,14,WOOKY,28,21,7203,5fa54,rechts,-54,0,-48,1,25,,9,20,12,400c,9,ja,9,9,0,nein,-54,0,-54..-54,0..0,0..0,5,22,27,5fc8c,9,5ecaa,5fa54@0 5fa8c@4 5fab8@9 5faec@21
greichweite_v_n8,14,WOOKY,28,21,7251,5fc8c,rechts,-54,0,-48,1,15,,8,15,8,4c0c,9,ja,8,9,0,ja,-54,0,-54..-54,0..0,0..0,0,0,0,5ed1c,0,5fb18,5fc8c@0 5fcb8@4 5fce8@8
greichweite_v_n8,14,WOOKY,28,21,7406,5fa54,rechts,-46,0,-46,3,25,,9,20,12,400c,9,ja,10,9,0,nein,-46,0,-46..-46,0..0,0..0,5,28,33,5ec70,9,5ecaa,5fa54@0 5fa8c@4 5fab8@9 5faec@21
greichweite_v_n8,14,WOOKY,28,21,7470,5fa54,rechts,-46,0,-46,1,25,,9,20,12,400c,9,ja,9,9,0,nein,-46,0,-46..-46,0..0,0..0,5,14,19,5ecaa,10,5ecaa,5fa54@0 5fa8c@4 5fab8@9 5faec@21
greichweite_v_n8,14,WOOKY,28,21,7519,5fa54,rechts,-46,0,-46,1,18,,9,13,5,400c,9,nein,,,,,,,-46..-46,0..0,0..0,5,17,22,5ecaa,9,5ecaa,5fa54@0 5fa8c@4 5fab8@9 5faec@14
greichweite_v_n8,14,WOOKY,28,21,7564,5fb50,rechts,-46,0,-46,1,6,ja,,,0,,9,nein,,,,,,,,,,,,,,9,5ecaa,5fb50@0 5fb88@4
greichweite_v_n8,14,WOOKY,28,23,8252,5fa54,links,37,0,37,3,18,,9,13,5,400c,10,nein,,,,,,,37..37,0..0,0..0,5,31,36,5ec70,119,5ecaa,5fa54@0 5fa8c@4 5fab8@9 5faec@14
greichweite_v_n8,14,WOOKY,28,23,8312,5fa54,links,37,0,37,1,25,,9,20,12,400c,10,ja,9,10,0,nein,37,0,37..37,0..0,0..0,5,28,33,5ec70,10,5ecaa,5fa54@0 5fa8c@4 5fab8@9 5faec@21
greichweite_v_n8,14,WOOKY,28,23,8376,5fc18,links,37,0,37,3,20,,4,20,17,440c,10,ja,12,10,0,nein,37,0,37..37,0..0,0..0,0,16,16,5ecaa,10,5ecaa,5fc18@0 5fc50@4
greichweite_v_n8,14,WOOKY,28,23,8422,5fc18,links,37,0,37,3,13,,4,13,10,440c,10,nein,,,,,,,37..37,0..0,0..0,0,15,15,5ecaa,9,5ecaa,5fc18@0 5fc50@4
greichweite_v_n8,14,WOOKY,28,23,8622,5fa54,links,44,0,44,1,25,,9,20,12,400c,10,ja,9,10,0,nein,44,0,44..44,0..0,0..0,5,15,20,5ecaa,9,5ecaa,5fa54@0 5fa8c@4 5fab8@9 5faec@21
greichweite_v_n8,14,WOOKY,28,23,8672,5fa54,links,44,0,44,1,7,ja,,,0,,10,nein,,,,,,,,,,,,,,9,5ecaa,5fa54@0 5fa8c@4
greichweite_v_n8,15,WOOKY,28,15,3836,5fa54,links,56,-1,48,1,7,ja,,,0,,9,nein,,,,,,,,,,,,,,17,5ecaa,5fa54@0 5fa8c@4
greichweite_v_n8,15,WOOKY,28,17,4902,5fa54,links,55,-2,48,1,25,,9,20,12,400c,9,ja,9,9,0,nein,55,-2,55..55,-2..-2,0..0,5,28,33,5ec70,13,5ecaa,5fa54@0 5fa8c@4 5fab8@9 5faec@21
greichweite_v_n8,15,WOOKY,28,18,5219,5fa54,links,47,-1,47,1,18,,9,13,5,400c,9,nein,,,,,,,47..47,-1..-1,0..0,5,29,34,5ec70,13,5ecaa,5fa54@0 5fa8c@4 5fab8@9 5faec@14
greichweite_v_n8,15,WOOKY,28,18,5281,5fd24,links,47,-1,47,3,25,,10,17,8,440c,9,nein,,,,,,,47..47,-1..-1,0..0,8,29,37,5ec70,14,5ecaa,5fd24@0 5fd5c@4 5fd8c@10 5fdbc@18
greichweite_v_n8,15,WOOKY,28,18,5350,5fa54,links,47,-1,47,1,25,,9,20,12,400c,9,ja,9,9,0,nein,47,-1,47..47,-1..-1,0..0,5,29,34,5ec70,14,5ecaa,5fa54@0 5fa8c@4 5fab8@9 5faec@21
greichweite_v_n8,15,WOOKY,28,18,5419,5fa54,links,47,-1,47,3,18,,9,13,5,400c,9,nein,,,,,,,47..47,-1..-1,0..0,5,14,19,5ecaa,14,5ecaa,5fa54@0 5fa8c@4 5fab8@9 5faec@14
greichweite_v_n8,15,WOOKY,28,18,5465,5fa54,links,47,-1,47,1,25,,9,20,12,400c,9,ja,9,9,0,nein,47,-1,47..47,-1..-1,0..0,5,15,20,5ecaa,13,5ecaa,5fa54@0 5fa8c@4 5fab8@9 5faec@21
greichweite_v_n8,15,WOOKY,28,18,5519,5fb50,links,47,-1,47,1,16,,9,16,8,4c0c,9,ja,9,9,0,ja,47,-1,47..47,-1..-1,0..0,0,0,0,5ed1c,13,5ecaa,5fb50@0 5fb88@4 5fbb4@9
greichweite_v_n8,15,WOOKY,28,18,5663,5fa54,rechts,-21,-2,-21,3,18,,9,13,5,400c,9,nein,,,,,,,-21..-21,-2..-2,0..0,5,16,21,5ecaa,13,5ecaa,5fa54@0 5fa8c@4 5fab8@9 5faec@14
greichweite_v_n8,15,WOOKY,28,18,5711,5fa54,rechts,-21,-2,-21,3,25,,9,20,12,400c,9,ja,9,9,0,nein,-21,-2,-21..-21,-2..-2,0..0,5,13,18,5ecaa,13,5ecaa,5fa54@0 5fa8c@4 5fab8@9 5faec@21
greichweite_v_n8,15,WOOKY,28,18,5763,5fb50,rechts,-21,-2,-21,1,16,,9,16,8,4c0c,9,ja,9,9,0,ja,-21,-2,-21..-21,-2..-2,0..0,0,0,0,5ed1c,13,5ecaa,5fb50@0 5fb88@4 5fbb4@9
greichweite_v_n8,15,WOOKY,28,20,6888,5fa54,links,46,0,46,1,25,,9,20,12,400c,9,ja,9,9,0,nein,46,0,46..46,0..0,0..0,5,11,16,5ed1c,9,5ecaa,5fa54@0 5fa8c@4 5fab8@9 5faec@21
greichweite_v_n8,15,WOOKY,28,22,7738,5fa54,rechts,-13,-10,-13,1,71,ja,,,0,,10,nein,,,,,,,,,,,,,,9,5ecaa,5fa54@0 5f7f6@1
greichweite_v_n8,15,WOOKY,28,22,7820,5fa54,links,17,0,17,1,25,,9,20,12,400c,10,ja,9,10,0,nein,17,0,17..17,0..0,0..0,5,16,21,5ecaa,9,5ecaa,5fa54@0 5fa8c@4 5fab8@9 5faec@21
greichweite_v_n8,15,WOOKY,28,22,7871,5fa54,links,17,0,17,1,25,,9,20,12,400c,10,ja,9,10,0,nein,17,0,17..17,0..0,0..0,5,15,20,5ecaa,9,5ecaa,5fa54@0 5fa8c@4 5fab8@9 5faec@21
greichweite_v_n8,15,WOOKY,28,22,7921,5fb50,links,17,0,17,1,16,,9,16,8,4c0c,10,ja,9,10,0,ja,17,0,17..17,0..0,0..0,0,0,0,5ed1c,9,5ecaa,5fb50@0 5fb88@4 5fbb4@9
greichweite_v_n8,15,WOOKY,28,23,8318,5fc18,rechts,-56,3,-48,1,13,,4,13,10,440c,10,nein,,,,,,,-56..-56,3..3,0..0,0,16,16,5ecaa,9,5ecaa,5fc18@0 5fc50@4
greichweite_v_n8,15,WOOKY,28,23,8357,5fc18,rechts,-56,3,-48,1,20,,4,20,17,440c,10,ja,4,10,0,nein,-56,3,-56..-56,3..3,0..0,0,16,16,5ecaa,9,5ecaa,5fc18@0 5fc50@4
greichweite_v_n8,15,WOOKY,28,23,8403,5fa54,rechts,-56,3,-48,3,25,,9,20,12,400c,10,ja,12,10,0,nein,-56,3,-56..-56,3..3,0..0,5,21,26,5fc8c,9,5ecaa,5fa54@0 5fa8c@4 5fab8@9 5faec@21
greichweite_v_n8,15,WOOKY,28,23,8450,5fc8c,rechts,-56,3,-48,1,15,,8,15,8,4c0c,10,ja,8,10,0,ja,-56,3,-56..-56,3..3,0..0,0,0,0,5ed1c,0,5fb18,5fc8c@0 5fcb8@4 5fce8@8
greichweite_v_n8,15,WOOKY,28,24,8933,5fc18,rechts,-55,-3,-48,1,20,,4,20,17,440c,10,ja,4,10,0,nein,-55,-3,-55..-55,-3..-3,0..0,0,16,16,5ecaa,5,5ecaa,5fc18@0 5fc50@4
greichweite_v_n8,15,WOOKY,28,24,8975,5fc18,rechts,-55,-3,-48,1,13,,4,13,10,440c,10,nein,,,,,,,-55..-55,-3..-3,0..0,0,,,,5,5ecaa,5fc18@0 5fc50@4
greichweite_v_n8,16,WOOKY,16,12,1929,5fd24,links,46,-6,46,1,17,,10,17,8,440c,5,ja,10,5,38,ja,46,-6,46..46,-6..-6,38..38,0,0,0,5ed1c,17,5ecaa,5fd24@0 5fd5c@4 5fd8c@10
greichweite_v_n8,16,WOOKY,16,13,2523,5fd24,links,15,-10,15,3,25,,10,17,8,440c,5,nein,,,,,,,15..15,-10..-10,0..0,8,28,36,5ec70,17,5ecaa,5fd24@0 5fd5c@4 5fd8c@10 5fdbc@18
greichweite_v_n8,16,WOOKY,16,14,2880,5fc18,rechts,-55,-1,-48,3,13,,4,13,10,440c,5,nein,,,,,,,-55..-55,-1..-1,0..0,0,12,12,5ecaa,17,5ecaa,5fc18@0 5fc50@4
greichweite_v_n8,16,WOOKY,16,14,2923,5fc18,rechts,-55,-1,-48,1,4,,4,4,1,440c,5,nein,,,,,,,-55..-55,-1..-1,0..0,0,0,0,5ed1c,17,5ecaa,5fc18@0 5fc50@4
greichweite_v_n8,16,WOOKY,16,15,3585,5fa54,rechts,-56,-3,-48,3,18,,9,13,5,400c,5,nein,,,,,,,-56..-56,-3..-3,0..0,5,13,18,5ecaa,17,5ecaa,5fa54@0 5fa8c@4 5fab8@9 5faec@14
greichweite_v_n8,16,WOOKY,16,15,3634,5fa54,rechts,-56,-3,-48,1,8,ja,,,0,,5,nein,,,,,,,,,,,,,,17,5ecaa,5fa54@0 5fa8c@4
greichweite_v_n8,16,WOOKY,16,15,3781,5fa54,rechts,-3,-3,-3,3,18,,9,13,5,400c,5,nein,,,,,,,-3..-3,-3..-3,0..0,5,17,22,5ecaa,17,5ecaa,5fa54@0 5fa8c@4 5fab8@9 5faec@14
greichweite_v_n8,16,WOOKY,16,15,3834,5fa54,rechts,-3,-3,-3,1,16,,9,16,8,400c,5,ja,9,5,39,ja,-3,-3,-3..-3,-3..-3,39..39,0,0,0,5ed1c,17,5ecaa,5fa54@0 5fa8c@4 5fab8@9
greichweite_v_n8,16,WOOKY,16,15,3976,5f7f6,rechts,-26,0,12,1,68,ja,,,0,,5,nein,,,,,,,,,,,,,,2,5ecaa,5f7f6@0
greichweite_v_n8,16,WOOKY,16,16,4059,5fc18,rechts,-17,0,-17,3,20,,4,20,17,440c,5,ja,4,5,0,nein,-17,0,-17..-17,0..0,0..0,0,17,17,5ecaa,13,5ecaa,5fc18@0 5fc50@4
greichweite_v_n8,16,WOOKY,16,16,4110,5fc18,rechts,-17,0,-17,3,20,,4,20,17,440c,5,ja,7,5,0,nein,-17,0,-17..-17,0..0,0..0,0,14,14,5ed1c,13,5ecaa,5fc18@0 5fc50@4
greichweite_v_n8,16,WOOKY,16,16,4307,5fc18,links,46,3,46,1,20,,4,20,17,440c,5,ja,4,5,0,nein,46,3,46..46,3..3,0..0,0,16,16,5ecaa,13,5ecaa,5fc18@0 5fc50@4
greichweite_v_n8,16,WOOKY,16,16,4357,5fc18,links,46,3,46,1,20,,4,20,17,440c,5,ja,4,5,0,nein,46,3,46..46,3..3,0..0,0,13,13,5ecaa,13,5ecaa,5fc18@0 5fc50@4
greichweite_v_n8,16,WOOKY,16,16,4404,5fa54,links,46,3,46,1,25,,9,20,12,400c,5,ja,9,5,0,nein,46,3,46..46,3..3,0..0,5,30,35,5fc8c,13,5ecaa,5fa54@0 5fa8c@4 5fab8@9 5faec@21
greichweite_v_n8,16,WOOKY,16,16,4460,5fc8c,links,46,3,46,1,15,,8,15,8,4c0c,5,ja,8,5,46,ja,46,3,46..46,3..3,46..46,0,0,0,5ed1c,0,5fb18,5fc8c@0 5fcb8@4 5fce8@8
greichweite_v_n8,16,WOOKY,16,17,4998,5fd24,links,55,-3,48,1,32,,10,24,15,440c,5,ja,10,5,0,nein,55,-3,55..55,-3..-3,0..0,8,5,13,5ed1c,13,5ecaa,5fd24@0 5fd5c@4 5fd8c@10 5fdbc@25
greichweite_v_n8,16,WOOKY,16,19,6169,5f7f6,rechts,-26,0,1,1,70,ja,,,0,,5,nein,,,,,,,,,,,,,,5,5ecaa,5f7f6@0
greichweite_v_n8,16,WOOKY,16,19,6254,5fc18,rechts,-17,0,-17,1,20,,4,20,17,440c,5,ja,4,5,0,nein,-17,0,-17..-17,0..0,0..0,0,16,16,5ecaa,13,5ecaa,5fc18@0 5fc50@4
greichweite_v_n8,16,WOOKY,16,19,6304,5fc18,rechts,-17,0,-17,1,20,,4,20,17,440c,5,ja,4,5,0,nein,-17,0,-17..-17,0..0,0..0,0,17,17,5ecaa,13,5ecaa,5fc18@0 5fc50@4
greichweite_v_n8,16,WOOKY,16,21,7435,5fc18,links,55,-1,48,3,20,,4,20,17,440c,5,ja,8,5,0,nein,55,-1,55..55,-1..-1,0..0,0,14,14,5ecaa,9,5ecaa,5fc18@0 5fc50@4
greichweite_v_n8,16,WOOKY,16,21,7479,5fc18,links,55,-1,48,3,13,,4,13,10,440c,5,nein,,,,,,,55..55,-1..-1,0..0,0,12,12,5ecaa,9,5ecaa,5fc18@0 5fc50@4
greichweite_v_n8,16,WOOKY,16,21,7514,5fa54,links,55,-1,48,1,25,,9,20,12,400c,5,ja,9,5,0,nein,55,-1,55..55,-1..-1,0..0,5,22,27,5fc8c,9,5ecaa,5fa54@0 5fa8c@4 5fab8@9 5faec@21
greichweite_v_n8,16,WOOKY,16,21,7562,5fc8c,links,55,-1,48,1,15,,8,15,8,4c0c,5,ja,8,5,0,ja,55,-1,55..55,-1..-1,0..0,0,0,0,5ed1c,0,5fb18,5fc8c@0 5fcb8@4 5fce8@8
greichweite_v_n8,16,WOOKY,16,24,8967,5fa54,links,55,0,48,1,25,,9,20,12,400c,5,ja,9,5,0,nein,55,0,55..55,0..0,0..0,5,,,,5,5ecaa,5fa54@0 5fa8c@4 5fab8@9 5faec@21
greichweite_v_n8,17,EDDY,30,11,1571,645bc,links,55,3,48,3,32,,10,24,15,440c,6,ja,12,6,0,nein,55,3,55..55,3..3,0..0,8,16,24,636d4,21,636d4,645bc@0 645f4@4 64624@10 64654@25
greichweite_v_n8,17,EDDY,30,12,1889,645bc,links,46,-6,46,1,32,,10,24,15,440c,6,ja,10,6,0,nein,46,-6,46..46,-6..-6,0..0,8,18,26,636d4,17,636d4,645bc@0 645f4@4 64624@10 64654@25
greichweite_v_n8,17,EDDY,30,12,1957,645bc,links,75,-6,46,2,1,ja,,,0,,6,nein,,,,,,,,,,,,,,17,636d4,645bc@0
greichweite_v_n8,17,EDDY,30,12,2153,645bc,links,56,-4,48,1,32,,10,24,15,440c,6,ja,10,6,0,nein,56,-4,56..56,-4..-4,0..0,8,28,36,6369a,17,636d4,645bc@0 645f4@4 64624@10 64654@25
greichweite_v_n8,17,EDDY,30,13,2715,64198,rechts,-26,0,24,1,70,ja,,,0,,6,nein,,,,,,,,,,,,,,2,636d4,64198@0
greichweite_v_n8,17,EDDY,30,13,2804,643f8,rechts,-17,0,-17,1,25,,9,20,12,400c,6,ja,9,6,0,nein,-17,0,-17..-17,0..0,0..0,5,13,18,636d4,17,636d4,643f8@0 64430@4 6445c@9 64490@21
greichweite_v_n8,17,EDDY,30,14,2860,643f8,rechts,-17,0,-17,1,25,,9,20,12,400c,6,ja,9,6,0,nein,-17,0,-17..-17,0..0,0..0,5,15,20,636d4,17,636d4,643f8@0 64430@4 6445c@9 64490@21
greichweite_v_n8,17,EDDY,30,14,2918,644f4,rechts,-17,0,-17,1,25,,9,20,12,4c0c,6,ja,9,6,0,ja,-17,0,-25..-17,0..0,0..15,5,3,8,63746,17,636d4,644f4@0 6452c@4 64558@9 6458c@21
greichweite_v_n8,17,EDDY,30,15,3471,643f8,rechts,-56,-1,-48,1,25,,9,20,12,400c,6,ja,9,6,0,nein,-56,-1,-56..-56,-1..-1,0..0,5,15,20,636d4,17,636d4,643f8@0 64430@4 6445c@9 64490@21
greichweite_v_n8,17,EDDY,30,15,3529,643f8,rechts,-56,-1,-48,3,18,,9,13,5,400c,6,nein,,,,,,,-56..-56,-1..-1,0..0,5,18,23,636d4,17,636d4,643f8@0 64430@4 6445c@9 64490@14
greichweite_v_n8,17,EDDY,30,15,3583,644f4,rechts,-56,-1,-48,1,18,,9,13,5,4c0c,6,nein,,,,,,,-56..-56,-1..-1,0..0,5,29,34,6369a,17,636d4,644f4@0 6452c@4 64558@9 6458c@14
greichweite_v_n8,17,EDDY,30,17,4703,64688,links,55,-3,48,3,52,,9,52,44,4c0c,6,ja,13,6,0,ja,28,-3,21..40,-3..-3,0..48,0,27,27,63746,13,636d4,64688@0 646c0@3 646f8@4 6472e@9
greichweite_v_n8,17,EDDY,30,17,5024,64688,links,55,-3,48,3,52,,9,52,44,4c0c,6,ja,11,6,0,ja,34,-3,-26..40,-3..-3,0..48,0,1,1,63746,13,636d4,64688@0 646c0@3 646f8@4 6472e@9
greichweite_v_n8,17,EDDY,30,18,5236,645bc,links,55,-2,48,3,32,,10,24,15,440c,6,ja,15,6,0,nein,55,-2,55..55,-2..-2,0..0,8,16,24,636d4,13,636d4,645bc@0 645f4@4 64624@10 64654@25
greichweite_v_n8,17,EDDY,30,18,5298,645bc,links,55,-2,48,3,32,,10,24,15,440c,6,ja,10,6,0,nein,55,-2,55..55,-2..-2,0..0,8,27,35,6369a,13,636d4,645bc@0 645f4@4 64624@10 64654@25
greichweite_v_n8,17,EDDY,30,18,5402,643f8,links,55,-2,48,1,25,,9,20,12,400c,6,ja,9,6,0,nein,55,-2,55..55,-2..-2,0..0,5,25,30,6369a,13,636d4,643f8@0 64430@4 6445c@9 64490@21
greichweite_v_n8,17,EDDY,30,18,5715,64688,links,47,3,47,1,45,,9,45,37,4c0c,6,nein,,,,,,,-76..32,3..3,0..0,0,1,1,63746,13,636d4,64688@0 646c0@3 646f8@4 6472e@9
greichweite_v_n8,17,EDDY,30,19,5921,643f8,rechts,-47,0,-47,3,25,,9,20,12,400c,6,ja,9,6,0,nein,-47,0,-47..-47,0..0,0..0,5,17,22,636d4,13,636d4,643f8@0 64430@4 6445c@9 64490@21
greichweite_v_n8,17,EDDY,30,19,5977,643f8,rechts,-47,0,-47,3,25,,9,20,12,400c,6,ja,9,6,0,nein,-47,0,-47..-47,0..0,0..0,5,16,21,636d4,13,636d4,643f8@0 64430@4 6445c@9 64490@21
greichweite_v_n8,17,EDDY,30,19,6032,644f4,rechts,-47,0,-47,1,25,,9,20,12,4c0c,6,ja,9,6,0,ja,-47,0,-55..-47,0..0,0..14,5,3,8,63746,13,636d4,644f4@0 6452c@4 64558@9 6458c@21
greichweite_v_n8,17,EDDY,30,19,6336,64688,rechts,-48,2,-48,1,52,,9,52,44,4c0c,6,ja,9,6,0,ja,-33,2,-33..9,2..2,0..48,0,1,1,63746,13,636d4,64688@0 646c0@3 646f8@4 6472e@9
greichweite_v_n8,17,EDDY,30,20,6709,645bc,rechts,0,0,0,3,25,,10,17,8,440c,6,nein,,,,,,,0..0,0..0,0..0,8,17,25,636d4,9,636d4,645bc@0 645f4@4 64624@10 64654@18
greichweite_v_n8,17,EDDY,30,20,6761,645bc,rechts,0,0,0,1,32,,10,24,15,440c,6,ja,10,6,0,nein,0,0,0..0,0..0,0..0,8,5,13,64198,9,636d4,645bc@0 645f4@4 64624@10 64654@25
greichweite_v_n8,17,EDDY,30,20,6799,64198,rechts,-26,0,0,1,37,ja,,,0,,6,nein,,,,,,,,,,,,,,0,644bc,64198@0
greichweite_v_n8,17,EDDY,30,20,6848,643f8,rechts,-15,0,-15,3,25,,9,20,12,400c,6,ja,9,6,0,nein,-15,0,-15..-15,0..0,0..0,5,12,17,636d4,9,636d4,643f8@0 64430@4 6445c@9 64490@21
greichweite_v_n8,17,EDDY,30,20,6895,643f8,rechts,-15,0,-15,1,18,,9,13,5,400c,6,nein,,,,,,,-15..-15,0..0,0..0,5,14,19,636d4,9,636d4,643f8@0 64430@4 6445c@9 64490@14
greichweite_v_n8,17,EDDY,30,20,6937,644f4,rechts,-15,0,-15,2,18,,9,13,5,4c0c,6,nein,,,,,,,-15..-15,0..0,45..48,5,28,33,63746,9,636d4,644f4@0 6452c@4 64558@9 6458c@14
greichweite_v_n8,17,EDDY,30,22,8115,64688,rechts,-56,-1,-48,1,52,,9,52,44,4c0c,6,ja,9,6,0,ja,-41,-1,-41..-23,-1..5,0..48,0,28,28,63746,9,636d4,64688@0 646c0@3 646f8@4 6472e@9
greichweite_v_n8,17,EDDY,30,23,8318,645bc,rechts,-56,4,-48,1,25,,10,17,8,440c,6,nein,,,,,,,-56..-56,4..4,0..0,8,27,35,6369a,9,636d4,645bc@0 645f4@4 64624@10 64654@18
greichweite_v_n8,17,EDDY,30,23,8670,64688,rechts,-55,0,-48,1,52,,9,52,44,4c0c,6,ja,9,6,0,ja,-40,0,-40..19,0..0,0..48,0,1,1,63746,9,636d4,64688@0 646c0@3 646f8@4 6472e@9
greichweite_v_n8,18,WOOKY,16,10,665,5fc18,rechts,-56,5,-48,1,20,,4,20,17,440c,5,ja,4,5,0,nein,-56,5,-56..-56,5..5,0..0,0,15,15,5ecaa,21,5ecaa,5fc18@0 5fc50@4
greichweite_v_n8,18,WOOKY,16,10,722,5fc18,rechts,-56,5,-48,1,20,,4,20,17,440c,5,ja,4,5,0,nein,-56,5,-56..-56,5..5,0..0,0,17,17,5ecaa,21,5ecaa,5fc18@0 5fc50@4
greichweite_v_n8,18,WOOKY,16,10,781,5fa54,rechts,-56,5,-48,1,25,,9,20,12,400c,5,ja,9,5,0,nein,-56,5,-56..-56,5..5,0..0,5,34,39,5fc8c,21,5ecaa,5fa54@0 5fa8c@4 5fab8@9 5faec@21
greichweite_v_n8,18,WOOKY,16,10,841,5fc8c,rechts,-56,5,-48,1,15,,8,15,8,4c0c,5,ja,8,5,0,ja,-56,5,-56..-56,5..5,0..0,0,0,0,5ed1c,0,5fb18,5fc8c@0 5fcb8@4 5fce8@8
greichweite_v_n8,18,WOOKY,16,11,1368,5fc18,links,47,-7,47,1,20,,4,20,17,440c,5,ja,4,5,0,nein,47,-7,47..47,-7..-7,0..0,0,13,13,5ecaa,21,5ecaa,5fc18@0 5fc50@4
greichweite_v_n8,18,WOOKY,16,11,1423,5fc18,links,47,-7,47,1,20,,4,20,17,440c,5,ja,4,5,0,nein,47,-7,47..47,-7..-7,0..0,0,13,13,5ecaa,21,5ecaa,5fc18@0 5fc50@4
greichweite_v_n8,18,WOOKY,16,11,1493,5fc18,links,32,-10,32,1,20,,4,20,17,440c,5,ja,4,5,0,nein,32,-10,32..32,-10..-10,0..0,0,17,17,5ecaa,21,5ecaa,5fc18@0 5fc50@4
greichweite_v_n8,18,WOOKY,16,11,1552,5fc18,links,32,-10,32,1,20,,4,20,17,440c,5,ja,4,5,0,nein,32,-10,32..32,-10..-10,0..0,0,13,13,5ecaa,21,5ecaa,5fc18@0 5fc50@4
greichweite_v_n8,18,WOOKY,16,11,1607,5fb50,links,32,-10,32,3,16,,9,16,8,4c0c,5,ja,9,5,5,ja,32,-10,32..32,-10..-10,5..5,0,0,0,5ed1c,21,5ecaa,5fb50@0 5fb88@4 5fbb4@9
greichweite_v_n8,18,WOOKY,16,13,2214,5fc18,links,55,3,48,1,20,,4,20,17,440c,5,ja,4,5,0,nein,55,3,55..55,3..3,0..0,0,13,13,5ecaa,17,5ecaa,5fc18@0 5fc50@4
greichweite_v_n8,18,WOOKY,16,13,2265,5fc18,links,55,3,48,1,20,,4,20,17,440c,5,ja,4,5,0,nein,55,3,55..55,3..3,0..0,0,14,14,5ecaa,17,5ecaa,5fc18@0 5fc50@4
greichweite_v_n8,18,WOOKY,16,13,2317,5fa54,links,55,3,48,1,25,,9,20,12,400c,5,ja,9,5,0,nein,55,3,55..55,3..3,0..0,5,32,37,5fc8c,17,5ecaa,5fa54@0 5fa8c@4 5fab8@9 5faec@21
greichweite_v_n8,18,WOOKY,16,13,2375,5fc8c,links,55,3,48,1,15,,8,15,8,4c0c,5,ja,8,5,0,ja,55,3,55..55,3..3,0..0,0,0,0,5ed1c,0,5fb18,5fc8c@0 5fcb8@4 5fce8@8
greichweite_v_n8,18,WOOKY,16,13,2523,5fa54,rechts,-11,-5,-11,3,18,,9,13,5,400c,5,nein,,,,,,,-11..-11,-5..-5,0..0,5,15,20,5ecaa,50,5ecaa,5fa54@0 5fa8c@4 5fab8@9 5faec@14
greichweite_v_n8,18,WOOKY,16,13,2574,5fa54,rechts,-11,-5,-11,1,16,,9,16,8,400c,5,ja,9,5,47,ja,-11,-5,-11..-11,-5..-5,47..47,0,0,0,5ed1c,17,5ecaa,5fa54@0 5fa8c@4 5fab8@9
greichweite_v_n8,18,WOOKY,16,15,3517,5fa54,rechts,-56,3,-48,1,25,,9,20,12,400c,5,ja,9,5,0,nein,-56,3,-56..-56,3..3,0..0,5,15,20,5ecaa,17,5ecaa,5fa54@0 5fa8c@4 5fab8@9 5faec@21
greichweite_v_n8,18,WOOKY,16,15,3575,5fa54,rechts,-56,3,-48,1,25,,9,20,12,400c,5,ja,9,5,0,nein,-56,3,-56..-56,3..3,0..0,5,15,20,5ecaa,17,5ecaa,5fa54@0 5fa8c@4 5fab8@9 5faec@21
greichweite_v_n8,18,WOOKY,16,15,3633,5fb50,rechts,-56,3,-48,1,16,,9,16,8,4c0c,5,ja,9,5,0,ja,-56,3,-56..-56,3..3,0..0,0,0,0,5ed1c,17,5ecaa,5fb50@0 5fb88@4 5fbb4@9
greichweite_v_n8,18,WOOKY,16,16,4024,5fa54,rechts,-48,0,-48,1,25,,9,20,12,400c,5,ja,9,5,0,nein,-48,0,-48..-48,0..0,0..0,5,14,19,5ecaa,13,5ecaa,5fa54@0 5fa8c@4 5fab8@9 5faec@21
greichweite_v_n8,18,WOOKY,16,16,4077,5fa54,rechts,-48,0,-48,3,25,,9,20,12,400c,5,ja,13,5,0,nein,-48,0,-48..-48,0..0,0..0,5,29,34,5fc8c,13,5ecaa,5fa54@0 5fa8c@4 5fab8@9 5faec@21
greichweite_v_n8,18,WOOKY,16,16,4132,5fc8c,rechts,-48,0,-48,3,19,,8,19,12,4c0c,5,ja,12,5,0,ja,-48,0,-48..-48,0..0,0..0,0,0,0,5ed1c,0,5fb18,5fc8c@0 5fcb8@4 5fce8@8
greichweite_v_n8,18,WOOKY,16,19,6308,5fa54,rechts,-48,-8,-48,3,18,,9,13,5,400c,5,nein,,,,,,,-48..-48,-8..-8,0..0,5,19,24,5ed1c,13,5ecaa,5fa54@0 5fa8c@4 5fab8@9 5faec@14
greichweite_v_n8,18,WOOKY,16,23,8676,5fa54,links,34,-10,34,1,3,ja,,,0,,5,nein,,,,,,,,,,,,,,9,5ecaa,5fa54@0
