# Reichweite der Gegnerangriffe (Captain Commando, Stage 1, Figur Captain, passiv).
# Alle Laeufe: EINGRIFF Rang FFF82A = 12 ab Frame 2, EINGRIFF LP der Figur vor jedem Frame 72.
# Proben (Teil 2): EINGRIFF Figur ab dem ersten aktiven Frame A+s relativ zum Gegner gesetzt
# (x: dx = x(Gegner) - x(Figur), Tiefe dz = z(Gegner) - z(Figur), Hoehe; f<k>: Figur bis A+k
# 60 px hoch). Quellen und Proben: scripts/belege_greichweite.sh. Werte ganzzahlig am Frame-Ende.
# Erzeugt von scripts/belege_greichweite.sh mit messen_greichweite.py.
# Teil 1: natuerliche Angriffe (ohne Positionseingriff) je Messung und Angriffsart;
# erste = lang_* (kontakt, kontakt_b, ingame), dritte = lang3_* (anlauf, anlauf_b, anlauf_c,
# tiefe_b, laengere Laufzeit). nachlauf_*: nur Angriffe, die in Stand/Gehen enden
# Nachlauf nur fuer Angriffe mit voller aktiver Phase (haeufigster Bereich mit bzw. ohne
# Treffer) und vollem Rueckzug; verkuerzte stehen in nachlauf_sonst
messung,angriffsart,typ,anzahl,mit_treffer,startup,aktiv_ohne_treffer,aktiv_mit_treffer,attr,attr_treffer,schaden,umgeworfen,nachlauf_fest,nachlauf_mit_treffer,nachlauf_ohne_treffer,nachlauf_sonst,blick
dritte,E-Schlag-A,EDDY,38,30,9,A+9..A+13,A+9..A+20,0x400c,0x400c,6,nein,5,17..36,17..36,4,links/rechts
dritte,E-Schlag-B,EDDY,38,29,10,A+10..A+17/A+10..A+24,A+10..A+24,0x440c,0x440c,6,nein,8,20..39,23..39,1 7,links/rechts
dritte,E-Sprungtritt,EDDY,19,13,9,A+9..A+45/A+9..A+52,A+9..A+52,0x4c0c,0x4c0c,6,ja,0,1..33,1,-,links/rechts
dritte,E-Umwerf,EDDY,13,11,9,A+9..A+13,A+9..A+20,0x4c0c,0x4c0c,6,ja,5,5..33,31..35,-,links/rechts
dritte,S-Ausfallstich,SKIP,1,1,14,-,A+14..A+16,0x8a02,0x8a02,11,ja,-,17,-,-,links
dritte,S-Ausfallstich-Wirbel,SKIP,3,1,1,A+1..A+4 A+6..A+8 A+10..A+11 A+13..A+16 A+18..A+32,A+1..A+4 A+6..A+8 A+10..A+11 A+13..A+16 A+18..A+32,0x8c00 0x8c00 0x8c00 0x8c00 0x8c00,0x8a02,11,ja,-,1,1,-,links
dritte,S-Messerstich,SKIP,19,11,13,A+13..A+16,A+13..A+16,0x8402,0x8402,8,nein,-,8,8,-,links/rechts
dritte,S-Messerstich-Wirbel,SKIP,2,1,1,A+1..A+4 A+6..A+7 A+9..A+10 A+12..A+16 A+18..A+18 A+20..A+20 A+22..A+23,A+1..A+4 A+6..A+7 A+9..A+10 A+12..A+16 A+18..A+18 A+20..A+20 A+22..A+23,0x8c00 0x8c00 0x8c00 0x8c00 0x8c00 0x8c00 0x8c00,0x8402,8,nein,-,1,1,-,links/rechts
dritte,W-Schlag-A,WOOKY,98,72,9,A+9..A+13/A+9..A+9,A+9..A+16/A+9..A+20,0x400c,0x400c,5..8,nein,5,16..36,12..35,0 0 3 4,links/rechts
dritte,W-Schlag-B,WOOKY,59,42,4,A+4..A+13,A+4..A+20,0x440c,0x440c,5..8,nein,0,11..18,13..18,-,links/rechts
dritte,W-Schlag-C,WOOKY,6,4,10,A+10..A+17,A+10..A+24,0x440c,0x440c,5..8,nein,8,21..39,37..40,-,links/rechts
dritte,W-Umwerf-A,WOOKY,20,14,9,A+9..A+13,A+9..A+14/A+9..A+16/A+9..A+17/A+9..A+19,0x4c0c,0x4c0c,5..8,ja,5,0,32..35,0 0,links/rechts
dritte,W-Umwerf-B,WOOKY,25,20,8,A+8..A+17,A+8..A+15/A+8..A+18/A+8..A+22,0x4c0c,0x4c0c,5..8,ja,0,0,14..29,0 0,links/rechts
erste,E-Schlag-A,EDDY,13,12,9,A+9..A+13,A+9..A+20,0x400c,0x400c,6,nein,5,18..36,23,-,links/rechts
erste,E-Schlag-B,EDDY,13,9,10,A+10..A+17,A+10..A+24,0x440c,0x440c,6,nein,8,22..38,23..39,-,links/rechts
erste,E-Sprungtritt,EDDY,4,3,9,A+9..A+45,A+9..A+52/A+9..A+59,0x4c0c,0x4c0c,6,ja,0,1..26,1,1,links/rechts
erste,E-Umwerf,EDDY,3,3,9,-,A+9..A+20,0x4c0c,0x4c0c,6,ja,5,5..8,-,-,links/rechts
erste,S-Ausfallstich,SKIP,2,2,14,-,A+14..A+16,0x8a02,0x8a02,11,ja,-,17,-,-,rechts
erste,S-Ausfallstich-Wirbel,SKIP,3,2,1,A+1..A+4 A+6..A+8 A+10..A+11 A+13..A+16 A+18..A+32,A+1..A+4 A+6..A+8 A+10..A+11 A+13..A+16 A+18..A+32,0x8c00 0x8c00 0x8c00 0x8c00 0x8c00,0x8a02,11,ja,-,1,1,-,links/rechts
erste,S-Messerstich,SKIP,11,9,13,A+13..A+16,A+13..A+16,0x8402,0x8402,8,nein,-,8,8,-,links/rechts
erste,S-Messerstich-Wirbel,SKIP,2,1,1,A+1..A+4 A+6..A+7 A+9..A+10 A+12..A+16 A+18..A+18 A+20..A+20 A+22..A+23,A+1..A+4 A+6..A+7 A+9..A+10 A+12..A+16 A+18..A+18 A+20..A+20 A+22..A+23,0x8c00 0x8c00 0x8c00 0x8c00 0x8c00 0x8c00 0x8c00,0x8402,8,nein,-,1,1,-,links
erste,W-Schlag-A,WOOKY,26,21,9,A+9..A+13/A+9..A+9,A+9..A+20,0x400c,0x400c,5..8,nein,5,16..36,18..20,0,links/rechts
erste,W-Schlag-B,WOOKY,15,12,4,A+4..A+13,A+4..A+20/A+4..A+27/A+4..A+8,0x440c,0x440c,5..8,nein,0,11..18,7..14,15,links/rechts
erste,W-Schlag-C,WOOKY,4,3,10,A+10..A+17,A+10..A+24,0x440c,0x440c,5,nein,8,36..39,37,-,links/rechts
erste,W-Umwerf-A,WOOKY,6,6,9,-,A+9..A+16,0x4c0c,0x4c0c,5..8,ja,-,0,-,-,links/rechts
erste,W-Umwerf-B,WOOKY,4,4,8,-,A+8..A+15,0x4c0c,0x4c0c,5,ja,-,0,-,-,links/rechts
# Teil 1b: Folge der Angriffe je Gegner (natuerliche Laeufe); * = Figur umgeworfen,
# (-) = ohne Treffer (Figur geschuetzt oder am Boden)
lauf,slot,typ,folge
greichweite_lang3_anlauf,18,WOOKY,Schlag-A Schlag-A Umwerf-A* Schlag-A Schlag-A Schlag-A Umwerf-A* Schlag-B Schlag-B Schlag-A Umwerf-B* Schlag-A Schlag-A Umwerf-B* Schlag-B(-) Schlag-B Schlag-A Umwerf-B*
greichweite_lang3_anlauf_b,18,WOOKY,Schlag-A Schlag-A Umwerf-A* Schlag-A Schlag-A Schlag-A Umwerf-A* Schlag-B Schlag-B Schlag-A Umwerf-B* Schlag-A Schlag-A Umwerf-B* Schlag-B(-) Schlag-B Schlag-A Umwerf-B*
greichweite_lang3_anlauf_c,17,EDDY,Schlag-A Schlag-A Schlag-A Umwerf* Schlag-B Schlag-B Schlag-A Schlag-A Umwerf* Schlag-B(-) Schlag-B Schlag-B Schlag-A Schlag-A Umwerf* Sprungtritt(-) Schlag-B Schlag-B Schlag-A Schlag-A Umwerf* Sprungtritt* Sprungtritt*
greichweite_lang3_kontakt_b,16,WOOKY,Schlag-C Schlag-A(-) Schlag-A Umwerf-B* Schlag-C(-) Schlag-A Schlag-A Umwerf-B* Schlag-A Schlag-A Schlag-A(-) Schlag-A Schlag-A(-)
greichweite_lang3_kontakt_b,17,EDDY,Schlag-A Schlag-A Schlag-A Schlag-A Umwerf* Schlag-B Schlag-B Schlag-B(-) Schlag-A Schlag-B Schlag-B(-) Schlag-B Schlag-B Schlag-A(-) Schlag-A Umwerf* Schlag-B Sprungtritt* Schlag-A(-) Schlag-A Umwerf* Schlag-B Schlag-A Sprungtritt* Schlag-B(-) Schlag-B Schlag-B Sprungtritt*
greichweite_lang3_s1,14,WOOKY,Schlag-B Schlag-B Schlag-B Umwerf-A(-) Schlag-C Schlag-A(-) Schlag-B Schlag-B Umwerf-A* Schlag-A Schlag-A Umwerf-B* Schlag-B Schlag-A Schlag-A(-) Schlag-A(-) Schlag-B Schlag-B(-) Schlag-A
greichweite_lang3_s1,15,WOOKY,Schlag-A Schlag-A Umwerf-B(-) Schlag-C(-) Schlag-A(-) Schlag-A Umwerf-A(-) Schlag-A(-) Schlag-A Umwerf-A* Schlag-B Schlag-B Schlag-A Umwerf-B(-) Schlag-A Schlag-A(-) Schlag-A Schlag-A(-) Umwerf-A* Schlag-B Schlag-B(-) Umwerf-A*
greichweite_lang3_s1,16,WOOKY,Schlag-A Schlag-A Umwerf-B* Schlag-B Schlag-B Schlag-A Umwerf-B* Schlag-A Schlag-A Umwerf-A* Schlag-A Schlag-A Umwerf-A* Schlag-A Schlag-A Umwerf-B*
greichweite_lang3_s1,17,EDDY,Schlag-A(-) Sprungtritt(-) Schlag-B Schlag-B Sprungtritt(-) Schlag-A Schlag-A Umwerf* Schlag-B Schlag-B(-) Schlag-A(-)
greichweite_lang3_s2,14,WOOKY,Schlag-A Schlag-B Schlag-B Schlag-A Umwerf-B* Schlag-A(-) Schlag-A(-) Schlag-B Schlag-B Schlag-A Umwerf-B*
greichweite_lang3_s2,15,WOOKY,Schlag-B Schlag-B(-) Schlag-A(-) Schlag-A Schlag-A Umwerf-B* Schlag-A Schlag-A Schlag-A(-) Schlag-A(-) Schlag-A(-) Schlag-A Umwerf-B*
greichweite_lang3_s2,16,WOOKY,Schlag-C Schlag-B Schlag-B(-) Schlag-A Umwerf-B* Schlag-A Schlag-B Schlag-B Schlag-B(-) Schlag-B(-) Schlag-A Umwerf-B* Schlag-A(-) Schlag-A(-) Schlag-A Umwerf-A* Schlag-B Schlag-B(-) Schlag-A
greichweite_lang3_s2,17,EDDY,Schlag-A Sprungtritt* Schlag-A Schlag-B Schlag-B Schlag-B(-) Schlag-A Schlag-A(-) Umwerf(-) Schlag-A(-) Schlag-A(-) Umwerf* Sprungtritt(-) Sprungtritt(-) Schlag-A(-) Schlag-A
greichweite_lang3_s2,18,SKIP,Ausfallstich-Wirbel(-) Ausfallstich-Wirbel(-) Messerstich(-) Ausfallstich* Messerstich Messerstich Messerstich Messerstich-Wirbel(-) Ausfallstich-Wirbel* Messerstich Messerstich(-)
greichweite_lang3_s3,14,WOOKY,Schlag-A(-) Schlag-A Schlag-B Schlag-B Umwerf-A* Schlag-B Schlag-B(-) Schlag-B(-) Umwerf-A(-) Schlag-B Schlag-A(-) Schlag-A(-) Schlag-B(-) Schlag-B Umwerf-A(-) Schlag-A Schlag-B Schlag-A
greichweite_lang3_s3,15,WOOKY,Schlag-A Schlag-A(-) Umwerf-B(-) Schlag-B Schlag-B Schlag-A Schlag-A Schlag-A Umwerf-B(-) Schlag-A(-) Schlag-A Schlag-A(-) Schlag-A Schlag-A Umwerf-A*
greichweite_lang3_s3,16,WOOKY,Schlag-A(-) Schlag-A Umwerf-B* Schlag-B Schlag-B(-) Schlag-A Umwerf-B(-) Schlag-A(-) Schlag-A Schlag-B Schlag-B(-) Umwerf-A* Schlag-C Schlag-B(-) Schlag-B Schlag-A Umwerf-B* Schlag-B(-) Schlag-B Schlag-A
greichweite_lang3_s3,17,EDDY,Schlag-A Schlag-A Umwerf* Schlag-A Schlag-A Umwerf(-) Schlag-B(-) Schlag-B Sprungtritt* Sprungtritt* Schlag-B(-) Schlag-B(-)
greichweite_lang3_s3,18,SKIP,Messerstich Messerstich Messerstich Messerstich-Wirbel Messerstich(-) Messerstich(-) Messerstich(-) Messerstich Messerstich Messerstich(-) Messerstich Messerstich Messerstich(-) Messerstich(-)
greichweite_lang3_tiefe_b,16,WOOKY,Schlag-B Schlag-B Umwerf-A(-) Schlag-B Schlag-B(-) Umwerf-A(-)
greichweite_lang3_tiefe_b,17,EDDY,Schlag-A Schlag-A Umwerf* Schlag-B Schlag-B Schlag-B Schlag-B Schlag-B Sprungtritt* Sprungtritt* Sprungtritt* Schlag-B Schlag-B Sprungtritt* Sprungtritt(-) Schlag-B Schlag-A Sprungtritt*
greichweite_lang_e,16,WOOKY,Schlag-C Schlag-A(-) Schlag-A Umwerf-B* Schlag-C(-) Schlag-A Schlag-A Umwerf-B* Schlag-A
greichweite_lang_e,17,EDDY,Schlag-A Schlag-A Schlag-A Schlag-A Umwerf* Schlag-B Schlag-B Schlag-B(-) Schlag-A Schlag-B Schlag-B(-) Schlag-B Schlag-B
greichweite_lang_ev,15,WOOKY,Schlag-A Schlag-A(-)
greichweite_lang_ev,16,WOOKY,Schlag-A Schlag-B Schlag-B(-) Schlag-A Schlag-B(-) Schlag-B Schlag-A(-) Umwerf-B* Schlag-B Schlag-B
greichweite_lang_ev,17,EDDY,Schlag-A Schlag-A Schlag-B Sprungtritt*
greichweite_lang_ev,18,SKIP,Ausfallstich-Wirbel(-)
greichweite_lang_evm60,15,WOOKY,Schlag-A Schlag-A(-) Umwerf-A*
greichweite_lang_evm60,17,EDDY,Schlag-A Schlag-A Umwerf* Schlag-B Schlag-B(-) Schlag-B(-) Sprungtritt*
greichweite_lang_evm60,18,SKIP,Messerstich Messerstich Messerstich Messerstich-Wirbel Messerstich Messerstich Messerstich Messerstich-Wirbel(-) Messerstich(-)
greichweite_lang_hurtc,14,WOOKY,Schlag-B
greichweite_lang_hurtc,15,WOOKY,Schlag-B(-) Schlag-B Schlag-B Schlag-A Schlag-B
greichweite_lang_hurtc,16,WOOKY,Schlag-C Schlag-B Schlag-B Umwerf-A* Schlag-A(-) Schlag-A Umwerf-A* Schlag-A
greichweite_lang_hurtc,17,EDDY,Schlag-A Schlag-A Schlag-A(-) Schlag-A Umwerf* Sprungtritt* Schlag-B Schlag-B Sprungtritt(-)
greichweite_lang_hurtc,18,SKIP,Messerstich Messerstich(-) Ausfallstich* Ausfallstich* Ausfallstich-Wirbel* Messerstich Messerstich Ausfallstich-Wirbel*
greichweite_lang_w,18,WOOKY,Schlag-A Schlag-A Umwerf-A* Schlag-A Schlag-A Schlag-A Umwerf-A*
greichweite_lang_wv,16,WOOKY,Schlag-C Schlag-A Schlag-A
greichweite_lang_wv,18,WOOKY,Schlag-A Schlag-A Umwerf-A* Schlag-B Schlag-B Schlag-A Umwerf-B*
# Teil 1c: Serien je Messung und Gegnertyp. normale_vor_umwerf = Zahl der normalen Angriffe
# vor jedem Umwerfangriff (seit dem vorigen Umwerfangriff bzw. seit Laufbeginn); anfaenge =
# die ersten drei Angriffe nach jedem Umwerfangriff; umwerf_b_nach_a = W-Umwerf-B direkt aus
# der Wartepose nach W-Schlag-A (Anzahl/alle); messerstich_abstand = Frames zwischen zwei
# Messerstich-Beginnen ohne Stand dazwischen (37) bzw. mit Zwischenschritt 282f4
messung,typ,umwerfangriffe,normale_vor_umwerf,anfaenge,umwerf_b_nach_a,messerstich_abstand
dritte,EDDY,32,0..10 (3 4 5 0 4 0 0 4 10 1 2 2 3 1 2 2 1 6 2 0 0 2 2 2 0 2 5 0 0 2 0 2),Schlag-B+Schlag-B+Schlag-B:4 Schlag-A+Schlag-A+Umwerf:4 Schlag-B+Schlag-B+Schlag-A:3 Sprungtritt+Schlag-B+Schlag-B:3 Schlag-B+Schlag-B+Sprungtritt:3 Schlag-B+Schlag-A+Sprungtritt:2 Sprungtritt+Sprungtritt:1 Sprungtritt:1 Schlag-B+Sprungtritt+Schlag-A:1 Schlag-A+Schlag-B+Schlag-B:1 Sprungtritt+Sprungtritt+Schlag-A:1 Sprungtritt+Schlag-A+Schlag-A:1 Schlag-A+Schlag-A:1 Schlag-B+Schlag-B:1 Sprungtritt+Sprungtritt+Schlag-B:1 Sprungtritt+Schlag-B+Schlag-A:1,0/0,-
dritte,SKIP,4,0..4 (0 0 1 4),Ausfallstich-Wirbel+Messerstich+Ausfallstich:1 Messerstich+Ausfallstich+Messerstich:1 Messerstich+Messerstich+Messerstich:1 Messerstich+Messerstich:1,0/0,37(282f4) 49(282f4)
dritte,WOOKY,45,2..6 (2 3 3 2 3 2 3 3 2 3 3 3 3 4 2 2 3 2 3 4 2 2 3 2 2 2 4 5 5 6 4 6 3 4 3 5 2 5 5 2 3 4 4 2 2),Schlag-B+Schlag-B+Schlag-A:10 Schlag-A+Schlag-A+Schlag-A:7 Schlag-A+Schlag-A+Umwerf-B:4 Schlag-A+Schlag-A+Umwerf-A:3 Schlag-C+Schlag-A+Schlag-A:2 Schlag-B+Schlag-A+Schlag-A:2 Schlag-B+Schlag-B+Umwerf-A:2 Schlag-A+Schlag-A+Schlag-B:2 Schlag-C+Schlag-A+Schlag-B:1 Schlag-A+Schlag-B+Schlag-B:1 Schlag-B+Schlag-B+Schlag-B:1 Schlag-A+Schlag-B+Schlag-A:1 Schlag-C+Schlag-B+Schlag-B:1,25/25,-
erste,EDDY,7,0..4 (4 3 2 3 4 0 2),Schlag-B+Schlag-B+Schlag-B:2 Sprungtritt+Schlag-B+Schlag-B:1 Schlag-B+Schlag-B+Sprungtritt:1,0/0,-
erste,SKIP,5,0..2 (0 2 0 0 2),Ausfallstich+Ausfallstich-Wirbel+Messerstich:1 Ausfallstich-Wirbel+Messerstich+Messerstich:1 Messerstich+Messerstich+Ausfallstich-Wirbel:1,0/0,37(282f4) 42(282f4)
erste,WOOKY,10,2..7 (3 3 7 2 3 2 2 3 2 3),Schlag-A:2 Schlag-C+Schlag-A+Schlag-A:1 Schlag-B+Schlag-B:1 Schlag-A+Schlag-A+Umwerf-A:1 Schlag-A+Schlag-A+Schlag-A:1 Schlag-B+Schlag-B+Schlag-A:1,4/4,-
# Teil 2: Proben je Quelle (EINGRIFF ab dem ersten aktiven Frame; Ergebnis im ersten
# aktiven Frame: T = Treffer, spaeter = Treffer erst in einem spaeteren aktiven Frame,
# leer (Bereich) = aktiv in diesem Bereich, ohne Treffer; abbruch A+k = Gegner bricht
# in A+k ab und geht)
# ziel: Wort S+0x96 in A und Abbruchfenster [ziel-31, ziel+32] (Regel aus der Gegenpruefung V3)
quelle,angriffsart,blick_gegner,blick_figur,probe,werte
E3K2L,E-Umwerf,links,links,ziel,S+0x96 = 25 Fenster -6 bis 57: x-Proben passen 4 von 4
E3K2L,E-Umwerf,links,links,x,-7:abbruch A+10 -6:T 57:T 58:abbruch A+9
E3K2L,E-Umwerf,links,links,nat,aktiv A+9..A+20 treffer A+9 schaden 6 umgeworfen ja nachlauf_fest 5 nachlauf 8 (stand/gehen 0x63746)
E3S1L,E-Schlag-A,links,rechts,ziel,S+0x96 = 25 Fenster -6 bis 57: x-Proben passen 4 von 4
E3S1L,E-Schlag-A,links,rechts,x,-7:abbruch A+10 -6:leer (A+9..A+13) 57:T 58:abbruch A+9
E3S1L,E-Schlag-A,links,rechts,nat,aktiv A+9..A+20 treffer A+9 schaden 6 umgeworfen nein nachlauf_fest 5 nachlauf 34 (stand/gehen 0x6369a)
E3S1R,E-Schlag-A,rechts,rechts,ziel,S+0x96 = -30 Fenster -61 bis 2: x-Proben passen 4 von 4
E3S1R,E-Schlag-A,rechts,rechts,x,-62:abbruch A+9 -61:T 2:T 3:abbruch A+10
E3S1R,E-Schlag-A,rechts,rechts,nat,aktiv A+9..A+20 treffer A+9 schaden 6 umgeworfen nein nachlauf_fest 5 nachlauf 34 (stand/gehen 0x6369a)
E3S2L,E-Schlag-B,links,rechts,ziel,S+0x96 = 25 Fenster -6 bis 57: x-Proben passen 4 von 4
E3S2L,E-Schlag-B,links,rechts,x,-7:abbruch A+11 -6:leer (A+10..A+17) 57:T 58:abbruch A+10
E3S2L,E-Schlag-B,links,rechts,nat,aktiv A+10..A+24 treffer A+10 schaden 6 umgeworfen nein nachlauf_fest 8 nachlauf 25 (stand/gehen 0x636d4)
E3S2R,E-Schlag-B,rechts,rechts,ziel,S+0x96 = -30 Fenster -61 bis 2: x-Proben passen 4 von 4
E3S2R,E-Schlag-B,rechts,rechts,x,-62:abbruch A+10 -61:T 2:T 3:abbruch A+11
E3S2R,E-Schlag-B,rechts,rechts,nat,aktiv A+10..A+24 treffer A+10 schaden 6 umgeworfen nein nachlauf_fest 8 nachlauf 25 (stand/gehen 0x636d4)
EK1L,E-Sprungtritt,links,rechts,x,-2:leer (A+9..A+45) 0:T 59:T 60:spaeter A+41
EK1L,E-Sprungtritt,links,rechts,z,-13:leer (A+9..A+45) -12:T 12:T 13:leer (A+9..A+45)
EK1L,E-Sprungtritt,links,rechts,aktiv,fern bis A+8:A+9 fern bis A+9:A+10 fern bis A+30:A+31 fern bis A+44:A+45 fern bis A+45:kein fern bis A+50:kein fern bis A+52:kein
EK1L,E-Sprungtritt,links,rechts,nat,aktiv A+9..A+52 treffer A+9 schaden 6 umgeworfen ja nachlauf_fest 0 nachlauf 27 (stand/gehen 0x63746)
EK1L,E-Sprungtritt,links,rechts,whiff,aktiv A+9..A+45 treffer - schaden 0 umgeworfen - nachlauf_fest 0 nachlauf 1 (stand/gehen 0x63746)
EK1R,E-Sprungtritt,rechts,links,x,-59:spaeter A+41 -58:T 1:T 2:leer (A+9..A+45)
EK1R,E-Sprungtritt,rechts,links,z,-13:leer (A+9..A+45) -12:T 12:T 13:leer (A+9..A+45)
EK1R,E-Sprungtritt,rechts,links,aktiv,fern bis A+8:A+9 fern bis A+9:A+10 fern bis A+30:A+31 fern bis A+44:A+45 fern bis A+45:kein fern bis A+50:kein fern bis A+52:kein
EK1R,E-Sprungtritt,rechts,links,nat,aktiv A+9..A+52 treffer A+9 schaden 6 umgeworfen ja nachlauf_fest 0 nachlauf 30 (stand/gehen 0x63746)
EK1R,E-Sprungtritt,rechts,links,whiff,aktiv A+9..A+45 treffer - schaden 0 umgeworfen - nachlauf_fest 0 nachlauf 1 (stand/gehen 0x63746)
EK2L,E-Umwerf,links,rechts,ziel,S+0x96 = 46 Fenster 15 bis 78: x-Proben passen 4 von 4
EK2L,E-Umwerf,links,rechts,x,14:abbruch A+11 15:T 78:T 79:abbruch A+9
EK2L,E-Umwerf,links,rechts,z,-11:abbruch A+9 -10:T 11:T 12:abbruch A+9
EK2L,E-Umwerf,links,rechts,h,48:T 49:spaeter A+11
EK2L,E-Umwerf,links,rechts,aktiv,fern bis A+8:A+9 fern bis A+9:A+10 fern bis A+12:A+13 fern bis A+13:kein
EK2L,E-Umwerf,links,rechts,nat,aktiv A+9..A+20 treffer A+9 schaden 6 umgeworfen ja nachlauf_fest 5 nachlauf 8 (stand/gehen 0x63746)
EK2L,E-Umwerf,links,rechts,whiff,aktiv A+9..A+13 treffer - schaden 0 umgeworfen - nachlauf_fest 5 nachlauf 32 (stand/gehen 0x6369a)
EK2Ld5,E-Umwerf,links,rechts,ziel,S+0x96 = 46 Fenster 15 bis 78: x-Proben passen 4 von 4
EK2Ld5,E-Umwerf,links,rechts,x,14:abbruch A+11 15:T 78:T 79:abbruch A+9
EK2Lx30,E-Umwerf,links,rechts,z,-11:abbruch A+9 -10:T 11:T 12:abbruch A+9
EK2R,E-Umwerf,rechts,rechts,ziel,S+0x96 = -48 Fenster -79 bis -16: x-Proben passen 4 von 4
EK2R,E-Umwerf,rechts,rechts,x,-80:abbruch A+9 -79:T -16:T -15:abbruch A+10
EK2R,E-Umwerf,rechts,rechts,z,-11:abbruch A+9 -10:T 11:T 12:abbruch A+9
EK2R,E-Umwerf,rechts,rechts,h,48:T 49:spaeter A+11
EK2R,E-Umwerf,rechts,rechts,aktiv,fern bis A+8:A+9 fern bis A+9:A+10 fern bis A+12:A+13 fern bis A+13:kein
EK2R,E-Umwerf,rechts,rechts,nat,aktiv A+9..A+20 treffer A+9 schaden 6 umgeworfen ja nachlauf_fest - nachlauf 5 (stand/gehen 0x63746)
EK2R,E-Umwerf,rechts,rechts,whiff,aktiv A+9..A+13 treffer - schaden 0 umgeworfen - nachlauf_fest 5 nachlauf 33 (stand/gehen 0x6369a)
EK2Rd5,E-Umwerf,rechts,rechts,ziel,S+0x96 = -48 Fenster -79 bis -16: x-Proben passen 4 von 4
EK2Rd5,E-Umwerf,rechts,rechts,x,-80:abbruch A+9 -79:T -16:T -15:abbruch A+10
EK2Rx30,E-Umwerf,rechts,rechts,z,-11:abbruch A+9 -10:T 11:T 12:abbruch A+9
ES1L,E-Schlag-A,links,rechts,ziel,S+0x96 = 46 Fenster 15 bis 78: x-Proben passen 4 von 4
ES1L,E-Schlag-A,links,rechts,x,14:abbruch A+10 15:T 78:T 79:abbruch A+9
ES1L,E-Schlag-A,links,rechts,z,-11:abbruch A+9 -10:T 11:T 12:abbruch A+9
ES1L,E-Schlag-A,links,rechts,h,48:T 49:spaeter A+11
ES1L,E-Schlag-A,links,rechts,aktiv,fern bis A+8:A+9 fern bis A+9:A+10 fern bis A+12:A+13 fern bis A+13:kein
ES1L,E-Schlag-A,links,rechts,nat,aktiv A+9..A+20 treffer A+9 schaden 6 umgeworfen nein nachlauf_fest 5 nachlauf 31 (stand/gehen 0x6369a)
ES1L,E-Schlag-A,links,rechts,whiff,aktiv A+9..A+13 treffer - schaden 0 umgeworfen - nachlauf_fest 5 nachlauf 35 (stand/gehen 0x6369a)
ES1L,E-Schlag-A,links,rechts,sprung,J17:A+12 h48 J19:kein h49..51 J23:kein h49..51 J24:A+9 h48
ES1Ld5,E-Schlag-A,links,rechts,ziel,S+0x96 = 46 Fenster 15 bis 78: x-Proben passen 4 von 4
ES1Ld5,E-Schlag-A,links,rechts,x,14:abbruch A+10 15:T 78:T 79:abbruch A+9
ES1Lx30,E-Schlag-A,links,rechts,z,-11:abbruch A+9 -10:T 11:T 12:abbruch A+9
ES1R,E-Schlag-A,rechts,rechts,ziel,S+0x96 = -46 Fenster -77 bis -14: x-Proben passen 4 von 4
ES1R,E-Schlag-A,rechts,rechts,x,-78:abbruch A+9 -77:T -14:T -13:abbruch A+10
ES1R,E-Schlag-A,rechts,rechts,z,-11:abbruch A+9 -10:T 11:T 12:abbruch A+9
ES1R,E-Schlag-A,rechts,rechts,h,48:T 49:spaeter A+11
ES1R,E-Schlag-A,rechts,rechts,aktiv,fern bis A+8:A+9 fern bis A+9:A+10 fern bis A+12:A+13 fern bis A+13:kein
ES1R,E-Schlag-A,rechts,rechts,nat,aktiv A+9..A+20 treffer A+9 schaden 6 umgeworfen nein nachlauf_fest 5 nachlauf 31 (stand/gehen 0x6369a)
ES1R,E-Schlag-A,rechts,rechts,whiff,aktiv A+9..A+13 treffer - schaden 0 umgeworfen - nachlauf_fest 5 nachlauf 30 (stand/gehen 0x6369a)
ES1Rd5,E-Schlag-A,rechts,rechts,ziel,S+0x96 = -46 Fenster -77 bis -14: x-Proben passen 4 von 4
ES1Rd5,E-Schlag-A,rechts,rechts,x,-78:abbruch A+9 -77:T -14:T -13:abbruch A+10
ES1Rx30,E-Schlag-A,rechts,rechts,z,-11:abbruch A+9 -10:T 11:T 12:abbruch A+9
ES2L,E-Schlag-B,links,rechts,ziel,S+0x96 = 46 Fenster 15 bis 78: x-Proben passen 4 von 4
ES2L,E-Schlag-B,links,rechts,x,14:abbruch A+11 15:T 78:T 79:abbruch A+10
ES2L,E-Schlag-B,links,rechts,z,-11:abbruch A+10 -10:T 11:T 12:abbruch A+10
ES2L,E-Schlag-B,links,rechts,h,48:T 49:spaeter A+12
ES2L,E-Schlag-B,links,rechts,aktiv,fern bis A+9:A+10 fern bis A+10:A+11 fern bis A+16:A+17 fern bis A+17:kein
ES2L,E-Schlag-B,links,rechts,nat,aktiv A+10..A+24 treffer A+10 schaden 6 umgeworfen nein nachlauf_fest 8 nachlauf 25 (stand/gehen 0x636d4)
ES2L,E-Schlag-B,links,rechts,whiff,aktiv A+10..A+17 treffer - schaden 0 umgeworfen - nachlauf_fest 8 nachlauf 25 (stand/gehen 0x636d4)
ES2Ld5,E-Schlag-B,links,rechts,ziel,S+0x96 = 46 Fenster 15 bis 78: x-Proben passen 4 von 4
ES2Ld5,E-Schlag-B,links,rechts,x,14:abbruch A+11 15:T 78:T 79:abbruch A+10
ES2Lx30,E-Schlag-B,links,rechts,z,-11:abbruch A+10 -10:T 11:T 12:abbruch A+10
ES2R,E-Schlag-B,rechts,rechts,ziel,S+0x96 = -46 Fenster -77 bis -14: x-Proben passen 4 von 4
ES2R,E-Schlag-B,rechts,rechts,x,-78:abbruch A+10 -77:T -14:T -13:abbruch A+11
ES2R,E-Schlag-B,rechts,rechts,z,-11:abbruch A+10 -10:T 11:T 12:abbruch A+10
ES2R,E-Schlag-B,rechts,rechts,h,48:T 49:spaeter A+12
ES2R,E-Schlag-B,rechts,rechts,aktiv,fern bis A+9:A+10 fern bis A+10:A+11 fern bis A+16:A+17 fern bis A+17:kein
ES2R,E-Schlag-B,rechts,rechts,nat,aktiv A+10..A+24 treffer A+10 schaden 6 umgeworfen nein nachlauf_fest 8 nachlauf 37 (stand/gehen 0x6369a)
ES2R,E-Schlag-B,rechts,rechts,whiff,aktiv A+10..A+17 treffer - schaden 0 umgeworfen - nachlauf_fest 8 nachlauf 27 (stand/gehen 0x63746)
ES2Rd5,E-Schlag-B,rechts,rechts,ziel,S+0x96 = -46 Fenster -77 bis -14: x-Proben passen 4 von 4
ES2Rd5,E-Schlag-B,rechts,rechts,x,-78:abbruch A+10 -77:T -14:T -13:abbruch A+11
ES2Rx30,E-Schlag-B,rechts,rechts,z,-11:abbruch A+10 -10:T 11:T 12:abbruch A+10
SASR,S-Ausfallstich,rechts,links,x,0:T 10:leer (A+14..A+16)
SASR,S-Ausfallstich,rechts,links,z,12:T 13:leer (A+14..A+16)
SASR,S-Ausfallstich,rechts,links,nat,aktiv A+14..A+16 treffer A+14 schaden 11 umgeworfen ja nachlauf_fest - nachlauf 17 (stand/gehen 0x284d8)
SMSL,S-Messerstich,links,links,x,-16:leer (A+13..A+16) -15:T 108:T 109:leer (A+13..A+16)
SMSL,S-Messerstich,links,links,z,-13:leer (A+13..A+16) -12:T 12:T 13:leer (A+13..A+16)
SMSL,S-Messerstich,links,links,h,71:T 72:spaeter A+15 73:leer (A+13..A+16)
SMSL,S-Messerstich,links,links,aktiv,fern bis A+12:A+13 fern bis A+13:A+14 fern bis A+15:A+16 fern bis A+16:kein
SMSL,S-Messerstich,links,links,nat,aktiv A+13..A+16 treffer A+13 schaden 8 umgeworfen nein nachlauf_fest 8 nachlauf 19 (stand/gehen 0x282f4)
SMSL,S-Messerstich,links,links,whiff,aktiv A+13..A+16 treffer - schaden 0 umgeworfen - nachlauf_fest 8 nachlauf 19 (stand/gehen 0x282f4)
SMSLd5,S-Messerstich,links,links,x,-16:leer (A+13..A+16) -15:T 108:T 109:leer (A+13..A+16)
SMSLx30,S-Messerstich,links,links,z,0:T 0:T 12:T 13:leer (A+13..A+16)
SMSR,S-Messerstich,rechts,links,x,8:T 9:leer (A+13..A+16)
SMSR,S-Messerstich,rechts,links,nat,aktiv A+13..A+16 treffer A+13 schaden 8 umgeworfen nein nachlauf_fest 8 nachlauf - (laufende)
SMWL,S-Messerstich-Wirbel,links,links,x,10:spaeter A+13 40:spaeter A+13
SMWL,S-Messerstich-Wirbel,links,links,nat,aktiv A+1..A+4 A+6..A+7 A+9..A+10 A+12..A+16 A+18..A+18 A+20..A+20 A+22..A+23 treffer A+13 schaden 8 umgeworfen nein nachlauf_fest - nachlauf 1 (stand/gehen 0x282f4)
W3K1R,W-Umwerf-A,rechts,rechts,ziel,S+0x96 = -30 Fenster -61 bis 2: x-Proben passen 4 von 4
W3K1R,W-Umwerf-A,rechts,rechts,x,-62:abbruch A+9 -61:T 2:T 3:abbruch A+10
W3K1R,W-Umwerf-A,rechts,rechts,nat,aktiv A+9..A+16 treffer A+9 schaden 5 umgeworfen ja nachlauf_fest - nachlauf 0 (stand/gehen 0x5ed1c)
W3K2L,W-Umwerf-B,links,rechts,ziel,S+0x96 = 25 Fenster -6 bis 57: x-Proben passen 4 von 4
W3K2L,W-Umwerf-B,links,rechts,x,-7:abbruch A+9 -6:leer (A+8..A+17) 57:T 58:abbruch A+8
W3K2L,W-Umwerf-B,links,rechts,nat,aktiv A+8..A+15 treffer A+8 schaden 5 umgeworfen ja nachlauf_fest - nachlauf 0 (stand/gehen 0x5ed1c)
W3K2R,W-Umwerf-B,rechts,links,ziel,S+0x96 = -30 Fenster -61 bis 2: x-Proben passen 4 von 4
W3K2R,W-Umwerf-B,rechts,links,x,-62:abbruch A+8 -61:T 2:T 3:abbruch A+9
W3K2R,W-Umwerf-B,rechts,links,nat,aktiv A+8..A+15 treffer A+8 schaden 5 umgeworfen ja nachlauf_fest - nachlauf 0 (stand/gehen 0x5ed1c)
W3S1L,W-Schlag-A,links,rechts,ziel,S+0x96 = 25 Fenster -6 bis 57: x-Proben passen 4 von 4
W3S1L,W-Schlag-A,links,rechts,x,-7:abbruch A+10 -6:leer (A+9..A+13) 57:T 58:abbruch A+9
W3S1L,W-Schlag-A,links,rechts,nat,aktiv A+9..A+20 treffer A+9 schaden 5 umgeworfen nein nachlauf_fest 5 nachlauf 33 (stand/gehen 0x5ec70)
W3S1R,W-Schlag-A,rechts,rechts,ziel,S+0x96 = -30 Fenster -61 bis 2: x-Proben passen 4 von 4
W3S1R,W-Schlag-A,rechts,rechts,x,-62:abbruch A+9 -61:T 2:T 3:abbruch A+10
W3S1R,W-Schlag-A,rechts,rechts,nat,aktiv A+9..A+20 treffer A+9 schaden 5 umgeworfen nein nachlauf_fest 5 nachlauf 18 (stand/gehen 0x5ecaa)
W3S2L,W-Schlag-B,links,rechts,ziel,S+0x96 = 3 Fenster -28 bis 35: x-Proben passen 2 von 2
W3S2L,W-Schlag-B,links,rechts,x,-29:abbruch A+5 -28:leer (A+4..A+13)
W3S2L,W-Schlag-B,links,rechts,nat,aktiv A+4..A+20 treffer A+4 schaden 5 umgeworfen nein nachlauf_fest 0 nachlauf 14 (stand/gehen 0x5ecaa)
W3S2R,W-Schlag-B,rechts,links,ziel,S+0x96 = -30 Fenster -61 bis 2: x-Proben passen 4 von 4
W3S2R,W-Schlag-B,rechts,links,x,-62:abbruch A+4 -61:T 2:T 3:abbruch A+5
W3S2R,W-Schlag-B,rechts,links,nat,aktiv A+4..A+20 treffer A+4 schaden 5 umgeworfen nein nachlauf_fest 0 nachlauf 17 (stand/gehen 0x5ecaa)
W3S3R,W-Schlag-C,rechts,links,ziel,S+0x96 = -30 Fenster -61 bis 2: x-Proben passen 4 von 4
W3S3R,W-Schlag-C,rechts,links,x,-62:abbruch A+10 -61:leer (A+10..A+17) 2:leer (A+10..A+17) 3:abbruch A+11
W3S3R,W-Schlag-C,rechts,links,nat,aktiv A+10..A+17 treffer - schaden 0 umgeworfen - nachlauf_fest 8 nachlauf 36 (stand/gehen 0x5ec70)
WK1L,W-Umwerf-A,links,rechts,ziel,S+0x96 = 46 Fenster 15 bis 78: x-Proben passen 4 von 4
WK1L,W-Umwerf-A,links,rechts,x,14:abbruch A+10 15:T 78:T 79:abbruch A+9
WK1L,W-Umwerf-A,links,rechts,z,-11:abbruch A+9 -10:T 11:T 12:abbruch A+9
WK1L,W-Umwerf-A,links,rechts,h,48:T 49:spaeter A+11
WK1L,W-Umwerf-A,links,rechts,aktiv,fern bis A+8:A+9 fern bis A+9:A+10 fern bis A+12:A+13 fern bis A+13:kein
WK1L,W-Umwerf-A,links,rechts,nat,aktiv A+9..A+16 treffer A+9 schaden 5 umgeworfen ja nachlauf_fest - nachlauf 0 (stand/gehen 0x5ed1c)
WK1L,W-Umwerf-A,links,rechts,whiff,aktiv A+9..A+13 treffer - schaden 0 umgeworfen - nachlauf_fest 5 nachlauf 30 (stand/gehen 0x5ec70)
WK1Ld5,W-Umwerf-A,links,rechts,ziel,S+0x96 = 46 Fenster 15 bis 78: x-Proben passen 4 von 4
WK1Ld5,W-Umwerf-A,links,rechts,x,14:abbruch A+10 15:T 78:T 79:abbruch A+9
WK1Lx30,W-Umwerf-A,links,rechts,z,-11:abbruch A+9 -10:T 11:T 12:abbruch A+9
WK1R,W-Umwerf-A,rechts,rechts,ziel,S+0x96 = -46 Fenster -77 bis -14: x-Proben passen 4 von 4
WK1R,W-Umwerf-A,rechts,rechts,x,-78:abbruch A+9 -77:T -14:T -13:abbruch A+10
WK1R,W-Umwerf-A,rechts,rechts,z,-11:abbruch A+9 -10:T 11:T 12:abbruch A+9
WK1R,W-Umwerf-A,rechts,rechts,h,48:T 49:spaeter A+11
WK1R,W-Umwerf-A,rechts,rechts,aktiv,fern bis A+8:A+9 fern bis A+9:A+10 fern bis A+12:A+13 fern bis A+13:kein
WK1R,W-Umwerf-A,rechts,rechts,nat,aktiv A+9..A+16 treffer A+9 schaden 5 umgeworfen ja nachlauf_fest - nachlauf 0 (stand/gehen 0x5ed1c)
WK1R,W-Umwerf-A,rechts,rechts,whiff,aktiv A+9..A+13 treffer - schaden 0 umgeworfen - nachlauf_fest 5 nachlauf 35 (stand/gehen 0x5ec70)
WK1Rd5,W-Umwerf-A,rechts,rechts,ziel,S+0x96 = -46 Fenster -77 bis -14: x-Proben passen 4 von 4
WK1Rd5,W-Umwerf-A,rechts,rechts,x,-78:abbruch A+9 -77:T -14:T -13:abbruch A+10
WK1Rx30,W-Umwerf-A,rechts,rechts,z,-11:abbruch A+9 -10:T 11:T 12:abbruch A+9
WK2L,W-Umwerf-B,links,rechts,ziel,S+0x96 = 46 Fenster 15 bis 78: x-Proben passen 4 von 4
WK2L,W-Umwerf-B,links,rechts,x,14:abbruch A+9 15:T 78:T 79:abbruch A+8
WK2L,W-Umwerf-B,links,rechts,z,-11:abbruch A+8 -10:T 11:T 12:abbruch A+8
WK2L,W-Umwerf-B,links,rechts,h,48:T 49:spaeter A+10
WK2L,W-Umwerf-B,links,rechts,aktiv,fern bis A+7:A+8 fern bis A+8:A+9 fern bis A+16:A+17 fern bis A+17:kein
WK2L,W-Umwerf-B,links,rechts,nat,aktiv A+8..A+15 treffer A+8 schaden 5 umgeworfen ja nachlauf_fest - nachlauf 0 (stand/gehen 0x5ed1c)
WK2L,W-Umwerf-B,links,rechts,whiff,aktiv A+8..A+17 treffer - schaden 0 umgeworfen - nachlauf_fest 0 nachlauf 31 (stand/gehen 0x5ec70)
WK2Ld5,W-Umwerf-B,links,rechts,ziel,S+0x96 = 46 Fenster 15 bis 78: x-Proben passen 4 von 4
WK2Ld5,W-Umwerf-B,links,rechts,x,14:abbruch A+9 15:T 78:T 79:abbruch A+8
WK2Lx30,W-Umwerf-B,links,rechts,z,-11:abbruch A+8 -10:T 11:T 12:abbruch A+8
WK2R,W-Umwerf-B,rechts,links,ziel,S+0x96 = -47 Fenster -78 bis -15: x-Proben passen 4 von 4
WK2R,W-Umwerf-B,rechts,links,x,-79:abbruch A+8 -78:T -15:T -14:abbruch A+9
WK2R,W-Umwerf-B,rechts,links,z,-11:abbruch A+8 -10:T 11:T 12:abbruch A+8
WK2R,W-Umwerf-B,rechts,links,h,48:T 49:spaeter A+10
WK2R,W-Umwerf-B,rechts,links,aktiv,fern bis A+7:A+8 fern bis A+8:A+9 fern bis A+16:A+17 fern bis A+17:kein
WK2R,W-Umwerf-B,rechts,links,nat,aktiv A+8..A+15 treffer A+8 schaden 5 umgeworfen ja nachlauf_fest - nachlauf 0 (stand/gehen 0x5ed1c)
WK2R,W-Umwerf-B,rechts,links,whiff,aktiv A+8..A+17 treffer - schaden 0 umgeworfen - nachlauf_fest 0 nachlauf 30 (stand/gehen 0x5ec70)
WK2Rd5,W-Umwerf-B,rechts,links,ziel,S+0x96 = -47 Fenster -78 bis -15: x-Proben passen 4 von 4
WK2Rd5,W-Umwerf-B,rechts,links,x,-79:abbruch A+8 -78:T -15:T -14:abbruch A+9
WK2Rx30,W-Umwerf-B,rechts,links,z,-11:abbruch A+8 -10:T 11:T 12:abbruch A+8
WS1L,W-Schlag-A,links,rechts,ziel,S+0x96 = 46 Fenster 15 bis 78: x-Proben passen 4 von 4
WS1L,W-Schlag-A,links,rechts,x,14:abbruch A+10 15:T 78:T 79:abbruch A+9
WS1L,W-Schlag-A,links,rechts,z,-11:abbruch A+9 -10:T 11:T 12:abbruch A+9
WS1L,W-Schlag-A,links,rechts,h,48:T 49:spaeter A+11
WS1L,W-Schlag-A,links,rechts,aktiv,fern bis A+8:A+9 fern bis A+9:A+10 fern bis A+12:A+13 fern bis A+13:kein
WS1L,W-Schlag-A,links,rechts,nat,aktiv A+9..A+20 treffer A+9 schaden 5 umgeworfen nein nachlauf_fest 5 nachlauf 20 (stand/gehen 0x5ecaa)
WS1L,W-Schlag-A,links,rechts,whiff,aktiv A+9..A+13 treffer - schaden 0 umgeworfen - nachlauf_fest 5 nachlauf 20 (stand/gehen 0x5ecaa)
WS1L,W-Schlag-A,links,rechts,sprung,J5:A+12 h48 J7:kein h49..51 J11:kein h49..51 J12:A+9 h48
WS1La1,W-Schlag-A,links,rechts,ziel,S+0x96 = 46 Fenster 15 bis 78: x-Proben passen 1 von 1
WS1La1,W-Schlag-A,links,rechts,x,200:abbruch A+1
WS1La10,W-Schlag-A,links,rechts,ziel,S+0x96 = 46 Fenster 15 bis 78: x-Proben passen 1 von 1
WS1La10,W-Schlag-A,links,rechts,x,46:leer (A+9..A+9)
WS1Ld5,W-Schlag-A,links,rechts,ziel,S+0x96 = 46 Fenster 15 bis 78: x-Proben passen 4 von 4
WS1Ld5,W-Schlag-A,links,rechts,x,14:abbruch A+10 15:T 78:T 79:abbruch A+9
WS1Lx30,W-Schlag-A,links,rechts,z,-11:abbruch A+9 -10:T 11:T 12:abbruch A+9
WS1R,W-Schlag-A,rechts,rechts,ziel,S+0x96 = -46 Fenster -77 bis -14: x-Proben passen 4 von 4
WS1R,W-Schlag-A,rechts,rechts,x,-78:abbruch A+9 -77:T -14:T -13:abbruch A+10
WS1R,W-Schlag-A,rechts,rechts,z,-11:abbruch A+9 -10:T 11:T 12:abbruch A+9
WS1R,W-Schlag-A,rechts,rechts,h,48:T 49:spaeter A+11
WS1R,W-Schlag-A,rechts,rechts,aktiv,fern bis A+8:A+9 fern bis A+9:A+10 fern bis A+12:A+13 fern bis A+13:kein
WS1R,W-Schlag-A,rechts,rechts,nat,aktiv A+9..A+20 treffer A+9 schaden 5 umgeworfen nein nachlauf_fest 5 nachlauf 18 (stand/gehen 0x5ecaa)
WS1R,W-Schlag-A,rechts,rechts,whiff,aktiv A+9..A+13 treffer - schaden 0 umgeworfen - nachlauf_fest 5 nachlauf 19 (stand/gehen 0x5ecaa)
WS1Rd5,W-Schlag-A,rechts,rechts,ziel,S+0x96 = -46 Fenster -77 bis -14: x-Proben passen 4 von 4
WS1Rd5,W-Schlag-A,rechts,rechts,x,-78:abbruch A+9 -77:T -14:T -13:abbruch A+10
WS1Rx30,W-Schlag-A,rechts,rechts,z,-11:abbruch A+9 -10:T 11:T 12:abbruch A+9
WS2L,W-Schlag-B,links,rechts,ziel,S+0x96 = 48 Fenster 17 bis 80: x-Proben passen 4 von 4
WS2L,W-Schlag-B,links,rechts,x,16:abbruch A+5 17:T 80:T 81:abbruch A+4
WS2L,W-Schlag-B,links,rechts,z,-11:abbruch A+4 -10:T 11:T 12:abbruch A+4
WS2L,W-Schlag-B,links,rechts,h,48:T 49:spaeter A+6
WS2L,W-Schlag-B,links,rechts,aktiv,fern bis A+3:A+4 fern bis A+4:A+5 fern bis A+12:A+13 fern bis A+13:kein
WS2L,W-Schlag-B,links,rechts,nat,aktiv A+4..A+20 treffer A+4 schaden 5 umgeworfen nein nachlauf_fest 0 nachlauf 14 (stand/gehen 0x5ecaa)
WS2L,W-Schlag-B,links,rechts,whiff,aktiv A+4..A+13 treffer - schaden 0 umgeworfen - nachlauf_fest 0 nachlauf 16 (stand/gehen 0x5ecaa)
WS2Lb,W-Schlag-B,links,rechts,ziel,S+0x96 = 46 Fenster 15 bis 78: x-Proben passen 4 von 4
WS2Lb,W-Schlag-B,links,rechts,x,14:abbruch A+6 15:T 78:T 79:abbruch A+4
WS2Lb,W-Schlag-B,links,rechts,z,-11:abbruch A+4 -10:T 11:T 12:abbruch A+4
WS2Lb,W-Schlag-B,links,rechts,h,48:T 49:spaeter A+6
WS2Lb,W-Schlag-B,links,rechts,aktiv,fern bis A+3:A+4 fern bis A+4:A+5 fern bis A+12:A+13 fern bis A+13:kein
WS2Lb,W-Schlag-B,links,rechts,nat,aktiv A+4..A+20 treffer A+4 schaden 5 umgeworfen nein nachlauf_fest 0 nachlauf 15 (stand/gehen 0x5ecaa)
WS2Lb,W-Schlag-B,links,rechts,whiff,aktiv A+4..A+13 treffer - schaden 0 umgeworfen - nachlauf_fest 0 nachlauf 15 (stand/gehen 0x5ecaa)
WS2Lbd5,W-Schlag-B,links,rechts,ziel,S+0x96 = 46 Fenster 15 bis 78: x-Proben passen 4 von 4
WS2Lbd5,W-Schlag-B,links,rechts,x,14:abbruch A+6 15:T 78:T 79:abbruch A+4
WS2Lbx30,W-Schlag-B,links,rechts,z,-11:abbruch A+4 -10:T 11:T 12:abbruch A+4
WS2Ld5,W-Schlag-B,links,rechts,ziel,S+0x96 = 48 Fenster 17 bis 80: x-Proben passen 4 von 4
WS2Ld5,W-Schlag-B,links,rechts,x,16:abbruch A+5 17:T 80:T 81:abbruch A+4
WS2Lx30,W-Schlag-B,links,rechts,z,-11:abbruch A+4 -10:T 11:T 12:abbruch A+4
WS2R,W-Schlag-B,rechts,links,ziel,S+0x96 = -47 Fenster -78 bis -15: x-Proben passen 4 von 4
WS2R,W-Schlag-B,rechts,links,x,-79:abbruch A+4 -78:T -15:T -14:abbruch A+5
WS2R,W-Schlag-B,rechts,links,z,-11:abbruch A+4 -10:T 11:T 12:abbruch A+4
WS2R,W-Schlag-B,rechts,links,h,48:T 49:spaeter A+6
WS2R,W-Schlag-B,rechts,links,aktiv,fern bis A+3:A+4 fern bis A+4:A+5 fern bis A+12:A+13 fern bis A+13:kein
WS2R,W-Schlag-B,rechts,links,nat,aktiv A+4..A+20 treffer A+4 schaden 5 umgeworfen nein nachlauf_fest 0 nachlauf 15 (stand/gehen 0x5ecaa)
WS2R,W-Schlag-B,rechts,links,whiff,aktiv A+4..A+13 treffer - schaden 0 umgeworfen - nachlauf_fest 0 nachlauf 12 (stand/gehen 0x5ecaa)
WS2Rd5,W-Schlag-B,rechts,links,ziel,S+0x96 = -47 Fenster -78 bis -15: x-Proben passen 4 von 4
WS2Rd5,W-Schlag-B,rechts,links,x,-79:abbruch A+4 -78:T -15:T -14:abbruch A+5
WS2Rx30,W-Schlag-B,rechts,links,z,-11:abbruch A+4 -10:T 11:T 12:abbruch A+4
WS3L,W-Schlag-C,links,rechts,ziel,S+0x96 = 48 Fenster 17 bis 80: x-Proben passen 4 von 4
WS3L,W-Schlag-C,links,rechts,x,16:abbruch A+11 17:T 80:T 81:abbruch A+10
WS3L,W-Schlag-C,links,rechts,z,-11:abbruch A+10 -10:T 11:T 12:abbruch A+10
WS3L,W-Schlag-C,links,rechts,h,48:T 49:spaeter A+12
WS3L,W-Schlag-C,links,rechts,aktiv,fern bis A+9:A+10 fern bis A+10:A+11 fern bis A+16:A+17 fern bis A+17:kein
WS3L,W-Schlag-C,links,rechts,nat,aktiv A+10..A+24 treffer A+10 schaden 5 umgeworfen nein nachlauf_fest 8 nachlauf 39 (stand/gehen 0x5ec70)
WS3L,W-Schlag-C,links,rechts,whiff,aktiv A+10..A+17 treffer - schaden 0 umgeworfen - nachlauf_fest 8 nachlauf 16 (stand/gehen 0x5ed1c)
WS3Ld5,W-Schlag-C,links,rechts,ziel,S+0x96 = 48 Fenster 17 bis 80: x-Proben passen 4 von 4
WS3Ld5,W-Schlag-C,links,rechts,x,16:abbruch A+11 17:T 80:T 81:abbruch A+10
WS3Lx30,W-Schlag-C,links,rechts,z,-11:abbruch A+10 -10:T 11:T 12:abbruch A+10
WS3R,W-Schlag-C,rechts,links,ziel,S+0x96 = -12 Fenster -43 bis 20: x-Proben passen 4 von 4
WS3R,W-Schlag-C,rechts,links,x,-44:abbruch A+11 -43:T 3:T 4:T
WS3R,W-Schlag-C,rechts,links,z,-11:abbruch A+10 -10:T 11:T 12:abbruch A+10
WS3R,W-Schlag-C,rechts,links,h,48:T 49:spaeter A+12
WS3R,W-Schlag-C,rechts,links,aktiv,fern bis A+9:A+10 fern bis A+10:A+11 fern bis A+16:A+17 fern bis A+17:kein
WS3R,W-Schlag-C,rechts,links,nat,aktiv A+10..A+24 treffer A+10 schaden 5 umgeworfen nein nachlauf_fest 8 nachlauf 36 (stand/gehen 0x5ec70)
WS3R,W-Schlag-C,rechts,links,whiff,aktiv A+10..A+17 treffer - schaden 0 umgeworfen - nachlauf_fest 8 nachlauf 35 (stand/gehen 0x5ec70)
WS3Rd5,W-Schlag-C,rechts,links,ziel,S+0x96 = -12 Fenster -43 bis 20: x-Proben passen 4 von 4
WS3Rd5,W-Schlag-C,rechts,links,x,-44:abbruch A+11 -43:T 3:T 4:T
WS3Rx30,W-Schlag-C,rechts,links,z,-11:abbruch A+10 -10:T 11:T 12:abbruch A+10
# Teil 3: messen_greichweite.py gegnerangriff, natuerliche Laeufe (lang_*: erste Messung,
# lang3_*: dritte Messung)
lauf,slot,typ,blick,figur_blick,beginn,anims,startup,aktiv,aktive_frames,attr,schadenswert,treffer,treffer_rel,schaden,dx_aktiv,dz_aktiv,hoehe_aktiv,dx_treffer,dz_treffer,hoehe_treffer,figur_status,umgeworfen,nachlauf_fest,nachlauf_ende,nachlauf,ende_grund,erst_rel,dx_erst,dz_erst,hoehe_erst,ziel,attr_treffer
greichweite_lang_e,16,WOOKY,links,rechts,151,5fd24:4/5fd5c:6/5fd8c:15/5fdbc:8/5fb18:31,10,A+10..A+24,15,0x440c,5,161,A+10,5,55,-3,0,55,-3,0,1,nein,8,215,39,stand/gehen 0x5ec70,A+10,55,-3,0,48,0x440c
greichweite_lang_e,16,WOOKY,links,rechts,617,5fa54:4/5fa8c:5/5fab8:5/5faec:5/5fb18:15,9,A+9..A+13,5,0x400c,5,-,,0,46,-1,0,,,,3,,5,651,20,stand/gehen 0x5ecaa,A+9,46,-1,0,46,
greichweite_lang_e,16,WOOKY,links,rechts,668,5fa54:4/5fa8c:5/5fab8:12/5faec:5/5fb18:30,9,A+9..A+20,12,0x400c,5,677,A+9,5,46,-1,0,46,-1,0,1,nein,5,724,35,neuer angriff 0x5fc8c,A+9,46,-1,0,46,0x400c
greichweite_lang_e,16,WOOKY,links,rechts,724,5fc8c:4/5fcb8:4/5fce8:8,8,A+8..A+15,8,0x4c0c,5,732,A+8,5,46,-1,0,46,-1,0,1,ja,,740,0,stand/gehen 0x5ed1c,A+8,46,-1,0,46,0x4c0c
greichweite_lang_e,16,WOOKY,links,rechts,872,5fd24:4/5fd5c:6/5fd8c:8/5fdbc:8/5fb18:29,10,A+10..A+17,8,0x440c,5,-,,0,20,-8,0,,,,3,,8,927,37,stand/gehen 0x5ec70,A+10,20,-8,0,20,
greichweite_lang_e,16,WOOKY,links,rechts,945,5fa54:4/5fa8c:5/5fab8:12/5faec:5/5fb18:13,9,A+9..A+20,12,0x400c,5,954,A+9,5,20,-8,0,20,-8,0,1,nein,5,984,18,stand/gehen 0x5ecaa,A+9,20,-8,0,20,0x400c
greichweite_lang_e,16,WOOKY,links,rechts,1001,5fa54:4/5fa8c:5/5fab8:12/5faec:5/5fb18:33,9,A+9..A+20,12,0x400c,5,1010,A+9,5,20,-8,0,20,-8,0,1,nein,5,1060,38,neuer angriff 0x5fc8c,A+9,20,-8,0,20,0x400c
greichweite_lang_e,16,WOOKY,links,rechts,1060,5fc8c:4/5fcb8:4/5fce8:8,8,A+8..A+15,8,0x4c0c,5,1068,A+8,5,20,-8,0,20,-8,0,1,ja,,1076,0,stand/gehen 0x5ed1c,A+8,20,-8,0,20,0x4c0c
greichweite_lang_e,16,WOOKY,links,rechts,1319,5fa54:4/5fa8c:5/5fab8:12/5faec:5/5fb18:29,9,A+9..A+20,12,0x400c,5,1328,A+9,5,56,-3,0,56,-3,0,1,nein,5,1374,34,stand/gehen 0x5ec70,A+9,56,-3,0,48,0x400c
greichweite_lang_e,17,EDDY,links,rechts,31,643f8:4/64430:5/6445c:12/64490:5/644bc:26,9,A+9..A+20,12,0x400c,6,40,A+9,6,46,2,0,46,2,0,1,nein,5,83,31,stand/gehen 0x6369a,A+9,46,2,0,46,0x400c
greichweite_lang_e,17,EDDY,links,rechts,101,643f8:4/64430:5/6445c:12/64490:5/644bc:30,9,A+9..A+20,12,0x400c,6,110,A+9,6,46,2,0,46,2,0,1,nein,5,157,35,stand/gehen 0x6369a,A+9,46,2,0,46,0x400c
greichweite_lang_e,17,EDDY,links,rechts,175,643f8:4/64430:5/6445c:12/64490:5/644bc:15,9,A+9..A+20,12,0x400c,6,188,A+13,6,46,2,0,46,2,0,3,nein,5,216,20,stand/gehen 0x636d4,A+9,46,2,0,46,0x400c
greichweite_lang_e,17,EDDY,links,rechts,233,643f8:4/64430:5/6445c:12/64490:5/644bc:13,9,A+9..A+20,12,0x400c,6,242,A+9,6,46,2,0,46,2,0,1,nein,5,272,18,stand/gehen 0x636d4,A+9,46,2,0,46,0x400c
greichweite_lang_e,17,EDDY,links,rechts,289,644f4:4/6452c:5/64558:12/6458c:5/644bc:3,9,A+9..A+20,12,0x4c0c,6,298,A+9,6,46..54,2,0..14,46,2,0,1,ja,5,318,8,stand/gehen 0x63746,A+9,46,2,0,46,0x4c0c
greichweite_lang_e,17,EDDY,links,rechts,535,645bc:4/645f4:6/64624:15/64654:8/644bc:16,10,A+10..A+24,15,0x440c,6,545,A+10,6,44,2,0,44,2,0,1,nein,8,584,24,stand/gehen 0x636d4,A+10,44,2,0,44,0x440c
greichweite_lang_e,17,EDDY,links,rechts,601,645bc:4/645f4:6/64624:15/64654:8/644bc:30,10,A+10..A+24,15,0x440c,6,611,A+10,6,44,2,0,44,2,0,1,nein,8,664,38,stand/gehen 0x6369a,A+10,44,2,0,44,0x440c
greichweite_lang_e,17,EDDY,links,rechts,682,645bc:4/645f4:6/64624:8/64654:8/644bc:17,10,A+10..A+17,8,0x440c,6,-,,0,44,2,0,,,,3,,8,725,25,stand/gehen 0x636d4,A+10,44,2,0,44,
greichweite_lang_e,17,EDDY,links,rechts,973,643f8:4/64430:5/6445c:12/64490:5/644bc:31,9,A+9..A+20,12,0x400c,6,982,A+9,6,56,-1,0,56,-1,0,1,nein,5,1030,36,stand/gehen 0x6369a,A+9,56,-1,0,48,0x400c
greichweite_lang_e,17,EDDY,links,rechts,1264,645bc:4/645f4:6/64624:15/64654:8/644bc:15,10,A+10..A+24,15,0x440c,6,1274,A+10,6,46,-1,0,46,-1,0,1,nein,8,1312,23,stand/gehen 0x636d4,A+10,46,-1,0,46,0x440c
greichweite_lang_e,17,EDDY,links,rechts,1329,645bc:4/645f4:6/64624:8/64654:8/644bc:26,10,A+10..A+17,8,0x440c,6,-,,0,46,-1,0,,,,3,,8,1381,34,stand/gehen 0x6369a,A+10,46,-1,0,46,
greichweite_lang_e,17,EDDY,links,rechts,1399,645bc:4/645f4:6/64624:15/64654:8/644bc:14,10,A+10..A+24,15,0x440c,6,1409,A+10,6,46,-1,0,46,-1,0,1,nein,8,1446,22,stand/gehen 0x636d4,A+10,46,-1,0,46,0x440c
greichweite_lang_e,17,EDDY,links,rechts,1463,645bc:4/645f4:6/64624:15/64654:8/644bc:5,10,A+10..A+24,15,0x440c,6,1473,A+10,6,46,-1,0,46,-1,0,1,nein,8,-,,laufende,A+10,46,-1,0,46,0x440c
greichweite_lang_ev,15,WOOKY,rechts,links,489,5fa54:4/5fa8c:5/5fab8:12/5faec:5/5fb18:14,9,A+9..A+20,12,0x400c,8,498,A+9,8,-10,-10,0,-10,-10,0,1,nein,5,529,19,stand/gehen 0x5ecaa,A+9,-10,-10,0,-10,0x400c
greichweite_lang_ev,15,WOOKY,rechts,links,546,5fa54:4/5fa8c:5/5fab8:1,9,A+9..A+9,1,0x400c,8,-,,0,-10,-10,0,,,,3,,,556,0,stand/gehen 0x5ed1c,A+9,-10,-10,0,-10,
greichweite_lang_ev,16,WOOKY,links,rechts,58,5fa54:4/5fa8c:5/5fab8:12/5faec:5/5fb18:27,9,A+9..A+20,12,0x400c,5,67,A+9,5,46,11,0,46,11,0,1,nein,5,111,32,stand/gehen 0x5ec70,A+9,46,11,0,46,0x400c
greichweite_lang_ev,16,WOOKY,links,rechts,129,5fc18:4/5fc50:17/5fb18:15,4,A+4..A+20,17,0x440c,5,133,A+4,5,46,11,0,46,11,0,1,nein,0,165,15,stand/gehen 0x5ecaa,A+4,46,11,0,46,0x440c
greichweite_lang_ev,16,WOOKY,links,rechts,182,5fc18:4/5fc50:10/5fb18:13,4,A+4..A+13,10,0x440c,5,-,,0,46,11,0,,,,3,,0,209,13,stand/gehen 0x5ecaa,A+4,46,11,0,46,
greichweite_lang_ev,16,WOOKY,links,rechts,226,5fa54:4/5fa8c:5/5fab8:12/5faec:5/5fb18:11,9,A+9..A+20,12,0x400c,5,235,A+9,5,46,11,0,46,11,0,1,nein,5,263,16,stand/gehen 0x5ed1c,A+9,46,11,0,46,0x400c
greichweite_lang_ev,16,WOOKY,rechts,links,398,5fc18:4/5fc50:10/5fb18:14,4,A+4..A+13,10,0x440c,5,-,,0,-3,2,0,,,,3,,0,426,14,stand/gehen 0x5ecaa,A+4,-3,2,0,-3,
greichweite_lang_ev,16,WOOKY,rechts,links,443,5fc18:4/5fc50:17/5fb18:15,4,A+4..A+20,17,0x440c,5,447,A+4,5,-3,2,0,-3,2,0,1,nein,0,479,15,stand/gehen 0x5ecaa,A+4,-3,2,0,-3,0x440c
greichweite_lang_ev,16,WOOKY,rechts,links,496,5fa54:4/5fa8c:5/5fab8:5/5faec:5/5fb18:32,9,A+9..A+13,5,0x400c,5,-,,0,-3,2,0,,,,3,,5,547,37,neuer angriff 0x5fc8c,A+9,-3,2,0,-3,
greichweite_lang_ev,16,WOOKY,rechts,links,547,5fc8c:4/5fcb8:4/5fce8:8,8,A+8..A+15,8,0x4c0c,5,555,A+8,5,-3,2,0,-3,2,0,1,ja,,563,0,stand/gehen 0x5ed1c,A+8,-3,2,0,-3,0x4c0c
greichweite_lang_ev,16,WOOKY,rechts,links,838,5fc18:4/5fc50:17/5fb18:16,4,A+4..A+20,17,0x440c,5,842,A+4,5,0,-10,0,0,-10,0,1,nein,0,875,16,stand/gehen 0x5ecaa,A+4,0,-10,0,0,0x440c
greichweite_lang_ev,16,WOOKY,rechts,links,892,5fc18:4/5fc50:5,4,A+4..A+8,5,0x440c,5,896,A+4,5,0,-10,0,0,-10,0,1,nein,,-,,laufende,A+4,0,-10,0,0,0x440c
greichweite_lang_ev,17,EDDY,rechts,rechts,22,643f8:4/64430:5/6445c:12/64490:5/644bc:26,9,A+9..A+20,12,0x400c,6,31,A+9,6,-46,2,0,-46,2,0,1,nein,5,74,31,stand/gehen 0x6369a,A+9,-46,2,0,-46,0x400c
greichweite_lang_ev,17,EDDY,rechts,rechts,92,643f8:4/64430:5/6445c:12/64490:5/644bc:25,9,A+9..A+20,12,0x400c,6,101,A+9,6,-46,2,0,-46,2,0,1,nein,5,143,30,stand/gehen 0x6369a,A+9,-46,2,0,-46,0x400c
greichweite_lang_ev,17,EDDY,rechts,rechts,161,645bc:4/645f4:6/64624:15/64654:8/644bc:29,10,A+10..A+24,15,0x440c,6,171,A+10,6,-46,2,0,-46,2,0,1,nein,8,223,37,stand/gehen 0x6369a,A+10,-46,2,0,-46,0x440c
greichweite_lang_ev,17,EDDY,rechts,rechts,241,64688:3/646c0:1/646f8:5/6472e:51/644bc:1,9,A+9..A+59,51,0x4c0c,6,262,A+21,6,-31..10,2,0..48,5,2,0,3,ja,0,302,1,stand/gehen 0x63746,A+9,-31,2,0,-46,0x4c0c
greichweite_lang_ev,18,SKIP,links,links,834,28642:5/2867e:4/286b8:3/286f0:2/2872a:3/28764:16/287a0:1,1,A+1..A+4 A+6..A+8 A+10..A+11 A+13..A+16 A+18..A+32,28,0x8c00 0x8c00 0x8c00 0x8c00 0x8c00,11,-,,0,66,-9,0,,,,1/3,,,868,1,stand/gehen 0x282f4,A+1,66,-9,0,64,
greichweite_lang_evm60,15,WOOKY,rechts,links,1144,5fa54:4/5fa8c:5/5fab8:12/5faec:5/5fb18:16,9,A+9..A+20,12,0x400c,8,1153,A+9,8,-55,-1,0,-55,-1,0,1,nein,5,1186,21,stand/gehen 0x5ecaa,A+9,-55,-1,0,-48,0x400c
greichweite_lang_evm60,15,WOOKY,rechts,links,1203,5fa54:4/5fa8c:5/5fab8:5/5faec:5/5fb18:14,9,A+9..A+13,5,0x400c,8,-,,0,-55,-1,0,,,,3,,5,1236,19,stand/gehen 0x5ecaa,A+9,-55,-1,0,-48,
greichweite_lang_evm60,15,WOOKY,rechts,links,1253,5fb50:4/5fb88:5/5fbb4:8,9,A+9..A+16,8,0x4c0c,8,1262,A+9,8,-55,-1,0,-55,-1,0,1,ja,,1270,0,stand/gehen 0x5ed1c,A+9,-55,-1,0,-48,0x4c0c
greichweite_lang_evm60,17,EDDY,rechts,rechts,242,643f8:4/64430:5/6445c:12/64490:5/644bc:17,9,A+9..A+20,12,0x400c,6,251,A+9,6,-56,3,0,-56,3,0,1,nein,5,285,22,stand/gehen 0x636d4,A+9,-56,3,0,-48,0x400c
greichweite_lang_evm60,17,EDDY,rechts,rechts,302,643f8:4/64430:5/6445c:12/64490:5/644bc:15,9,A+9..A+20,12,0x400c,6,311,A+9,6,-56,3,0,-56,3,0,1,nein,5,343,20,stand/gehen 0x636d4,A+9,-56,3,0,-48,0x400c
greichweite_lang_evm60,17,EDDY,rechts,rechts,360,644f4:4/6452c:5/64558:12/6458c:5,9,A+9..A+20,12,0x4c0c,6,369,A+9,6,-65..-56,3,0..14,-56,3,0,1,ja,,386,5,stand/gehen 0x63746,A+9,-56,3,0,-48,0x4c0c
greichweite_lang_evm60,17,EDDY,rechts,links,1198,645bc:4/645f4:6/64624:15/64654:8/644bc:29,10,A+10..A+24,15,0x440c,6,1208,A+10,6,-7,11,0,-7,11,0,1,nein,8,1260,37,stand/gehen 0x6369a,A+10,-7,11,0,-7,0x440c
greichweite_lang_evm60,17,EDDY,rechts,links,1278,645bc:4/645f4:6/64624:8/64654:8/644bc:15,10,A+10..A+17,8,0x440c,6,-,,0,-7,11,42..48,,,,2,,8,1319,23,stand/gehen 0x636d4,A+10,-7,11,48,-7,
greichweite_lang_evm60,17,EDDY,rechts,links,1336,645bc:4/645f4:6/64624:8/64654:8/644bc:31,10,A+10..A+17,8,0x440c,6,-,,0,-7,11,0,,,,2,,8,1393,39,stand/gehen 0x6369a,A+10,-7,11,0,-7,
greichweite_lang_evm60,17,EDDY,rechts,links,1411,64688:3/646c0:1/646f8:5/6472e:44/644bc:26,9,A+9..A+52,44,0x4c0c,6,1420,A+9,6,-5,11,0..49,-5,11,0,1,ja,0,1490,26,stand/gehen 0x63746,A+9,-5,11,0,-7,0x4c0c
greichweite_lang_evm60,18,SKIP,links,links,705,287e0:5/2881c:3/28858:3/2888e:2/288ca:4/28904:2/28940:2/28976:3/289b2:1,13,A+13..A+16,4,0x8402,8,718,A+13,8,66,-11,0,66,-11,0,1,nein,,730,8,stand/gehen 0x2849e,A+13,66,-11,0,64,0x8402
greichweite_lang_evm60,18,SKIP,links,links,747,287e0:5/2881c:3/28858:3/2888e:2/288ca:4/28904:2/28940:2/28976:3/289b2:1,13,A+13..A+16,4,0x8402,8,760,A+13,8,66,-11,0,66,-11,0,1,nein,,772,8,stand/gehen 0x2849e,A+13,66,-11,0,64,0x8402
greichweite_lang_evm60,18,SKIP,links,links,789,287e0:5/2881c:3/28858:3/2888e:2/288ca:4/28904:2/28940:2/28976:3/289b2:1,13,A+13..A+16,4,0x8402,8,802,A+13,8,66,-11,0,66,-11,0,1,nein,,814,8,stand/gehen 0x2849e,A+13,66,-11,0,64,0x8402
greichweite_lang_evm60,18,SKIP,links,links,831,287e0:5/2881c:3/28858:3/2888e:2/288ca:4/28904:2/28940:2/28976:3/289b2:1,1,A+1..A+4 A+6..A+7 A+9..A+10 A+12..A+16 A+18..A+18 A+20..A+20 A+22..A+23,17,0x8c00 0x8c00 0x8c00 0x8c00 0x8c00 0x8c00 0x8c00,8,844,A+13,8,66,-11,0,66,-11,0,1,nein,,856,1,stand/gehen 0x282f4,A+1,66,-11,0,64,0x8402
greichweite_lang_evm60,18,SKIP,links,links,1023,287e0:5/2881c:3/28858:3/2888e:2/288ca:4/28904:2/28940:2/28976:3/289b2:1,13,A+13..A+16,4,0x8402,8,1036,A+13,8,67,-11,0,67,-11,0,1,nein,,1048,8,stand/gehen 0x2849e,A+13,67,-11,0,64,0x8402
greichweite_lang_evm60,18,SKIP,links,links,1065,287e0:5/2881c:3/28858:3/2888e:2/288ca:4/28904:2/28940:2/28976:3/289b2:1,13,A+13..A+16,4,0x8402,8,1078,A+13,8,67,-11,0,67,-11,0,1,nein,,1090,8,stand/gehen 0x2849e,A+13,67,-11,0,64,0x8402
greichweite_lang_evm60,18,SKIP,links,links,1107,287e0:5/2881c:3/28858:3/2888e:2/288ca:4/28904:2/28940:2/28976:3/289b2:1,13,A+13..A+16,4,0x8402,8,1120,A+13,8,67,-11,0,67,-11,0,1,nein,,1132,8,stand/gehen 0x2849e,A+13,67,-11,0,64,0x8402
greichweite_lang_evm60,18,SKIP,links,links,1149,287e0:5/2881c:3/28858:3/2888e:2/288ca:4/28904:2/28940:2/28976:3/289b2:1,1,A+1..A+4 A+6..A+7 A+9..A+10 A+12..A+16 A+18..A+18 A+20..A+20 A+22..A+23,17,0x8c00 0x8c00 0x8c00 0x8c00 0x8c00 0x8c00 0x8c00,8,-,,0,67,-11,0,,,,1/3,,,1174,1,stand/gehen 0x282f4,A+1,67,-11,0,64,
greichweite_lang_evm60,18,SKIP,links,links,1284,287e0:5/2881c:3/28858:3/2888e:2/288ca:4/28904:2/28940:2/28976:3/289b2:1,13,A+13..A+16,4,0x8402,8,-,,0,62,-11,31..39,,,,2,,,1309,8,stand/gehen 0x284d8,A+13,62,-11,39,64,
greichweite_lang_hurtc,14,WOOKY,links,links,1687,5fc18:4/5fc50:17/5fb18:15,4,A+4..A+20,17,0x440c,8,1695,A+8,8,56,-3,0,56,-3,0,3,nein,0,1723,15,stand/gehen 0x5ecaa,A+4,56,-3,0,48,0x440c
greichweite_lang_hurtc,15,WOOKY,rechts,links,1704,5fc18:4/5fc50:10/5fb18:7,4,A+4..A+13,10,0x440c,8,-,,0,-55,-3,0,,,,3,,0,1725,7,stand/gehen 0x5ed1c,A+4,-55,-3,0,-48,
greichweite_lang_hurtc,15,WOOKY,links,links,2033,5fc18:4/5fc50:17/5fb18:16,4,A+4..A+20,17,0x440c,8,2037,A+4,8,56,-3,0,56,-3,0,1,nein,0,2070,16,stand/gehen 0x5ecaa,A+4,56,-3,0,48,0x440c
greichweite_lang_hurtc,15,WOOKY,links,links,2087,5fc18:4/5fc50:17/5fb18:15,4,A+4..A+20,17,0x440c,8,2091,A+4,8,56,-3,0,56,-3,0,1,nein,0,2123,15,stand/gehen 0x5ecaa,A+4,56,-3,0,48,0x440c
greichweite_lang_hurtc,15,WOOKY,links,links,2140,5fa54:4/5fa8c:5/5fab8:12/5faec:5/5fb18:22,9,A+9..A+20,12,0x400c,8,2149,A+9,8,56,-3,0,56,-3,0,1,nein,5,2188,27,stand/gehen 0x5ed1c,A+9,56,-3,0,48,0x400c
greichweite_lang_hurtc,15,WOOKY,rechts,links,2833,5fc18:4/5fc50:17/5fb18:11,4,A+4..A+20,17,0x440c,8,2837,A+4,8,-56,-1,0,-56,-1,0,1,nein,0,2865,11,stand/gehen 0x5ed1c,A+4,-56,-1,0,-48,0x440c
greichweite_lang_hurtc,16,WOOKY,links,rechts,1070,5fd24:4/5fd5c:6/5fd8c:15/5fdbc:8/5fb18:28,10,A+10..A+24,15,0x440c,5,1080,A+10,5,55,-3,0,55,-3,0,1,nein,8,1131,36,stand/gehen 0x5ec70,A+10,55,-3,0,48,0x440c
greichweite_lang_hurtc,16,WOOKY,rechts,links,1347,5fc18:4/5fc50:24/5fb18:15,4,A+4..A+27,24,0x440c,5,1365,A+18,5,-13,8,0,-13,8,0,3,nein,0,1390,15,stand/gehen 0x5ecaa,A+4,-13,8,0,-13,0x440c
greichweite_lang_hurtc,16,WOOKY,rechts,links,1407,5fc18:4/5fc50:17/5fb18:16,4,A+4..A+20,17,0x440c,5,1419,A+12,5,-13,8,0,-13,8,0,3,nein,0,1444,16,stand/gehen 0x5ecaa,A+4,-13,8,0,-13,0x440c
greichweite_lang_hurtc,16,WOOKY,rechts,links,1461,5fb50:4/5fb88:5/5fbb4:8,9,A+9..A+16,8,0x4c0c,5,1470,A+9,5,-13,8,0,-13,8,0,1,ja,,1478,0,stand/gehen 0x5ed1c,A+9,-13,8,0,-13,0x4c0c
greichweite_lang_hurtc,16,WOOKY,rechts,links,1610,5fa54:4/5fa8c:5/5fab8:5/5faec:5/5fb18:13,9,A+9..A+13,5,0x400c,5,-,,0,-14,5,0,,,,3,,5,1642,18,stand/gehen 0x5ecaa,A+9,-14,5,0,-14,
greichweite_lang_hurtc,16,WOOKY,rechts,links,1659,5fa54:4/5fa8c:5/5fab8:12/5faec:5/5fb18:13,9,A+9..A+20,12,0x400c,5,1668,A+9,5,-14,5,0,-14,5,0,1,nein,5,1698,18,stand/gehen 0x5ecaa,A+9,-14,5,0,-14,0x400c
greichweite_lang_hurtc,16,WOOKY,rechts,links,1715,5fb50:4/5fb88:5/5fbb4:8,9,A+9..A+16,8,0x4c0c,5,1724,A+9,5,-14,5,0,-14,5,0,1,ja,,1732,0,stand/gehen 0x5ed1c,A+9,-14,5,0,-14,0x4c0c
greichweite_lang_hurtc,16,WOOKY,links,links,2367,5fa54:4/5fa8c:5/5fab8:12/5faec:5/5fb18:13,9,A+9..A+20,12,0x400c,5,2376,A+9,5,56,-1,0,56,-1,0,1,nein,5,2406,18,stand/gehen 0x5ecaa,A+9,56,-1,0,48,0x400c
greichweite_lang_hurtc,17,EDDY,rechts,rechts,946,643f8:4/64430:5/6445c:12/64490:5/644bc:25,9,A+9..A+20,12,0x400c,6,955,A+9,6,-7,11,0,-7,11,0,1,nein,5,997,30,stand/gehen 0x6369a,A+9,-7,11,0,-7,0x400c
greichweite_lang_hurtc,17,EDDY,rechts,rechts,1015,643f8:4/64430:5/6445c:12/64490:5/644bc:30,9,A+9..A+20,12,0x400c,6,1024,A+9,6,-7,11,0,-7,11,0,1,nein,5,1071,35,stand/gehen 0x6369a,A+9,-7,11,0,-7,0x400c
greichweite_lang_hurtc,17,EDDY,rechts,rechts,1089,643f8:4/64430:5/6445c:5/64490:5/644bc:18,9,A+9..A+13,5,0x400c,6,-,,0,-7,11,0,,,,3,,5,1126,23,stand/gehen 0x636d4,A+9,-7,11,0,-7,
greichweite_lang_hurtc,17,EDDY,rechts,rechts,1143,643f8:4/64430:5/6445c:12/64490:5/644bc:13,9,A+9..A+20,12,0x400c,6,1152,A+9,6,-7,11,0,-7,11,0,1,nein,5,1182,18,stand/gehen 0x636d4,A+9,-7,11,0,-7,0x400c
greichweite_lang_hurtc,17,EDDY,rechts,rechts,1199,644f4:4/6452c:5/64558:12/6458c:5/644bc:3,9,A+9..A+20,12,0x4c0c,6,1208,A+9,6,-15..-7,11,0..14,-7,11,0,1,ja,5,1228,8,stand/gehen 0x63746,A+9,-7,11,0,-7,0x4c0c
greichweite_lang_hurtc,17,EDDY,rechts,links,2841,64688:3/646c0:1/646f8:5/6472e:44/644bc:1,9,A+9..A+52,44,0x4c0c,6,2864,A+23,6,-41..67,-1,0..48,1,-1,0,3,ja,0,2895,1,stand/gehen 0x63746,A+9,-41,-1,0,-48,0x4c0c
greichweite_lang_hurtc,17,EDDY,links,links,3081,645bc:4/645f4:6/64624:15/64654:8/644bc:14,10,A+10..A+24,15,0x440c,6,3091,A+10,6,6,-10,0,6,-10,0,1,nein,8,3128,22,stand/gehen 0x636d4,A+10,6,-10,0,6,0x440c
greichweite_lang_hurtc,17,EDDY,links,links,3145,645bc:4/645f4:6/64624:15/64654:8/644bc:30,10,A+10..A+24,15,0x440c,6,3155,A+10,6,6,-10,0,6,-10,0,1,nein,8,3208,38,stand/gehen 0x6369a,A+10,6,-10,0,6,0x440c
greichweite_lang_hurtc,17,EDDY,links,links,3226,64688:3/646c0:1/646f8:5/6472e:37/644bc:1,9,A+9..A+45,37,0x4c0c,6,-,,0,-117..-9,-10,0,,,,1,,0,3273,1,stand/gehen 0x63746,A+9,-9,-10,0,6,
greichweite_lang_hurtc,18,SKIP,links,links,1379,287e0:5/2881c:3/28858:3/2888e:2/288ca:4/28904:2/28940:2/28976:3/289b2:1,13,A+13..A+16,4,0x8402,8,1392,A+13,8,58,-2,0,58,-2,0,3,nein,,1404,8,stand/gehen 0x2849e,A+13,58,-2,0,64,0x8402
greichweite_lang_hurtc,18,SKIP,links,links,1416,287e0:5/2881c:3/28858:3/2888e:2/288ca:4/28904:2/28940:2/28976:3/289b2:1,13,A+13..A+16,4,0x8402,8,-,,0,58,-2,0,,,,3,,,1441,8,stand/gehen 0x282f4,A+13,58,-2,0,64,
greichweite_lang_hurtc,18,SKIP,rechts,links,2414,28642:5/2867e:4/286b8:3/286f0:2/2872a:3/28764:16/287a0:1,14,A+14..A+16,3,0x8a02,11,2428,A+14,11,-56,-6,0,-56,-6,0,1,ja,,2448,17,stand/gehen 0x284d8,A+14,-56,-6,0,-64,0x8a02
greichweite_lang_hurtc,18,SKIP,rechts,links,2610,28642:5/2867e:4/286b8:3/286f0:2/2872a:3/28764:16/287a0:1,14,A+14..A+16,3,0x8a02,11,2624,A+14,11,-70,1,0,-70,1,0,1,ja,,2644,17,stand/gehen 0x282f4,A+14,-70,1,0,-64,0x8a02
greichweite_lang_hurtc,18,SKIP,rechts,links,3300,28642:5/2867e:4/286b8:3/286f0:2/2872a:3/28764:16/287a0:1,1,A+1..A+4 A+6..A+8 A+10..A+11 A+13..A+16 A+18..A+32,28,0x8c00 0x8c00 0x8c00 0x8c00 0x8c00,11,3314,A+14,11,-71,-3,0..37,-71,-3,0,1,ja,,3334,1,stand/gehen 0x284d8,A+1,-71,-3,0,-64,0x8a02
greichweite_lang_hurtc,18,SKIP,rechts,links,3488,287e0:5/2881c:3/28858:3/2888e:2/288ca:4/28904:2/28940:2/28976:3/289b2:1,13,A+13..A+16,4,0x8402,8,3501,A+13,8,-56,-1,0,-56,-1,0,1,nein,,3513,8,stand/gehen 0x2849e,A+13,-56,-1,0,-64,0x8402
greichweite_lang_hurtc,18,SKIP,rechts,links,3525,287e0:5/2881c:3/28858:3/2888e:2/288ca:4/28904:2/28940:2/28976:3/289b2:1,13,A+13..A+16,4,0x8402,8,3538,A+13,8,-56,-1,0,-56,-1,0,1,nein,,3550,8,stand/gehen 0x2849e,A+13,-56,-1,0,-64,0x8402
greichweite_lang_hurtc,18,SKIP,rechts,links,3562,28642:5/2867e:4/286b8:3/286f0:2/2872a:3/28764:16/287a0:1,1,A+1..A+4 A+6..A+8 A+10..A+11 A+13..A+16 A+18..A+32,28,0x8c00 0x8c00 0x8c00 0x8c00 0x8c00,11,3576,A+14,11,-56,-1,0..37,-56,-1,0,1,ja,,3596,1,stand/gehen 0x284d8,A+1,-56,-1,0,-64,0x8a02
greichweite_lang_w,18,WOOKY,links,rechts,19,5fa54:4/5fa8c:5/5fab8:12/5faec:5/5fb18:15,9,A+9..A+20,12,0x400c,5,28,A+9,5,46,10,0,46,10,0,1,nein,5,60,20,stand/gehen 0x5ecaa,A+9,46,10,0,46,0x400c
greichweite_lang_w,18,WOOKY,links,rechts,77,5fa54:4/5fa8c:5/5fab8:12/5faec:5/5fb18:17,9,A+9..A+20,12,0x400c,5,86,A+9,5,46,10,0,46,10,0,1,nein,5,120,22,stand/gehen 0x5ecaa,A+9,46,10,0,46,0x400c
greichweite_lang_w,18,WOOKY,links,rechts,137,5fb50:4/5fb88:5/5fbb4:8,9,A+9..A+16,8,0x4c0c,5,146,A+9,5,46,10,0,46,10,0,1,ja,,154,0,stand/gehen 0x5ed1c,A+9,46,10,0,46,0x4c0c
greichweite_lang_w,18,WOOKY,links,rechts,392,5fa54:4/5fa8c:5/5fab8:12/5faec:5/5fb18:31,9,A+9..A+20,12,0x400c,5,401,A+9,5,46,-3,0,46,-3,0,1,nein,5,449,36,stand/gehen 0x5ec70,A+9,46,-3,0,46,0x400c
greichweite_lang_w,18,WOOKY,links,rechts,467,5fa54:4/5fa8c:5/5fab8:12/5faec:5/5fb18:13,9,A+9..A+20,12,0x400c,5,476,A+9,5,46,-3,0,46,-3,0,1,nein,5,506,18,stand/gehen 0x5ecaa,A+9,46,-3,0,46,0x400c
greichweite_lang_w,18,WOOKY,links,rechts,523,5fa54:4/5fa8c:5/5fab8:12/5faec:5/5fb18:17,9,A+9..A+20,12,0x400c,5,532,A+9,5,46,-3,0,46,-3,0,1,nein,5,566,22,stand/gehen 0x5ecaa,A+9,46,-3,0,46,0x400c
greichweite_lang_w,18,WOOKY,links,rechts,583,5fb50:4/5fb88:5/5fbb4:8,9,A+9..A+16,8,0x4c0c,5,592,A+9,5,46,-3,0,46,-3,0,1,ja,,600,0,stand/gehen 0x5ed1c,A+9,46,-3,0,46,0x4c0c
greichweite_lang_wv,16,WOOKY,rechts,links,711,5fd24:4/5fd5c:6/5fd8c:15/5fdbc:8/5fb18:28,10,A+10..A+24,15,0x440c,5,721,A+10,5,-12,11,0,-12,11,0,1,nein,8,772,36,stand/gehen 0x5ec70,A+10,-12,11,0,-12,0x440c
greichweite_lang_wv,16,WOOKY,rechts,links,790,5fa54:4/5fa8c:5/5fab8:12/5faec:5/5fb18:27,9,A+9..A+20,12,0x400c,5,799,A+9,5,-12,11,0,-12,11,0,1,nein,5,843,32,stand/gehen 0x5ec70,A+9,-12,11,0,-12,0x400c
greichweite_lang_wv,16,WOOKY,rechts,links,861,5fa54:4/5fa8c:5/5fab8:12/5faec:5/5fb18:14,9,A+9..A+20,12,0x400c,5,870,A+9,5,-12,11,0,-12,11,0,1,nein,5,-,,laufende,A+9,-12,11,0,-12,0x400c
greichweite_lang_wv,18,WOOKY,rechts,rechts,20,5fa54:4/5fa8c:5/5fab8:12/5faec:5/5fb18:13,9,A+9..A+20,12,0x400c,5,29,A+9,5,-46,10,0,-46,10,0,1,nein,5,59,18,stand/gehen 0x5ecaa,A+9,-46,10,0,-46,0x400c
greichweite_lang_wv,18,WOOKY,rechts,rechts,76,5fa54:4/5fa8c:5/5fab8:12/5faec:5/5fb18:17,9,A+9..A+20,12,0x400c,5,85,A+9,5,-46,10,0,-46,10,0,1,nein,5,119,22,stand/gehen 0x5ecaa,A+9,-46,10,0,-46,0x400c
greichweite_lang_wv,18,WOOKY,rechts,rechts,136,5fb50:4/5fb88:5/5fbb4:8,9,A+9..A+16,8,0x4c0c,5,145,A+9,5,-46,10,0,-46,10,0,1,ja,,153,0,stand/gehen 0x5ed1c,A+9,-46,10,0,-46,0x4c0c
greichweite_lang_wv,18,WOOKY,rechts,links,386,5fc18:4/5fc50:17/5fb18:15,4,A+4..A+20,17,0x440c,5,390,A+4,5,-47,11,0,-47,11,0,1,nein,0,422,15,stand/gehen 0x5ecaa,A+4,-47,11,0,-47,0x440c
greichweite_lang_wv,18,WOOKY,rechts,links,439,5fc18:4/5fc50:17/5fb18:18,4,A+4..A+20,17,0x440c,5,443,A+4,5,-47,11,0,-47,11,0,1,nein,0,478,18,stand/gehen 0x5ecaa,A+4,-47,11,0,-47,0x440c
greichweite_lang_wv,18,WOOKY,rechts,links,495,5fa54:4/5fa8c:5/5fab8:12/5faec:5/5fb18:32,9,A+9..A+20,12,0x400c,5,504,A+9,5,-47,11,0,-47,11,0,1,nein,5,553,37,neuer angriff 0x5fc8c,A+9,-47,11,0,-47,0x400c
greichweite_lang_wv,18,WOOKY,rechts,links,553,5fc8c:4/5fcb8:4/5fce8:8,8,A+8..A+15,8,0x4c0c,5,561,A+8,5,-47,11,0,-47,11,0,1,ja,,569,0,stand/gehen 0x5ed1c,A+8,-47,11,0,-47,0x4c0c
greichweite_lang3_anlauf_b,18,WOOKY,links,rechts,57,5fa54:4/5fa8c:5/5fab8:12/5faec:5/5fb18:15,9,A+9..A+20,12,0x400c,5,66,A+9,5,46,10,0,46,10,0,1,nein,5,98,20,stand/gehen 0x5ecaa,A+9,46,10,0,46,0x400c
greichweite_lang3_anlauf_b,18,WOOKY,links,rechts,115,5fa54:4/5fa8c:5/5fab8:12/5faec:5/5fb18:17,9,A+9..A+20,12,0x400c,5,124,A+9,5,46,10,0,46,10,0,1,nein,5,158,22,stand/gehen 0x5ecaa,A+9,46,10,0,46,0x400c
greichweite_lang3_anlauf_b,18,WOOKY,links,rechts,175,5fb50:4/5fb88:5/5fbb4:8,9,A+9..A+16,8,0x4c0c,5,184,A+9,5,46,10,0,46,10,0,1,ja,,192,0,stand/gehen 0x5ed1c,A+9,46,10,0,46,0x4c0c
greichweite_lang3_anlauf_b,18,WOOKY,links,rechts,429,5fa54:4/5fa8c:5/5fab8:12/5faec:5/5fb18:31,9,A+9..A+20,12,0x400c,5,438,A+9,5,47,-2,0,47,-2,0,1,nein,5,486,36,stand/gehen 0x5ec70,A+9,47,-2,0,47,0x400c
greichweite_lang3_anlauf_b,18,WOOKY,links,rechts,504,5fa54:4/5fa8c:5/5fab8:12/5faec:5/5fb18:13,9,A+9..A+20,12,0x400c,5,513,A+9,5,47,-2,0,47,-2,0,1,nein,5,543,18,stand/gehen 0x5ecaa,A+9,47,-2,0,47,0x400c
greichweite_lang3_anlauf_b,18,WOOKY,links,rechts,560,5fa54:4/5fa8c:5/5fab8:12/5faec:5/5fb18:17,9,A+9..A+20,12,0x400c,5,569,A+9,5,47,-2,0,47,-2,0,1,nein,5,603,22,stand/gehen 0x5ecaa,A+9,47,-2,0,47,0x400c
greichweite_lang3_anlauf_b,18,WOOKY,links,rechts,620,5fb50:4/5fb88:5/5fbb4:8,9,A+9..A+16,8,0x4c0c,5,629,A+9,5,47,-2,0,47,-2,0,1,ja,,637,0,stand/gehen 0x5ed1c,A+9,47,-2,0,47,0x4c0c
greichweite_lang3_anlauf_b,18,WOOKY,rechts,rechts,1805,5fc18:4/5fc50:17/5fb18:15,4,A+4..A+20,17,0x440c,5,1809,A+4,5,-46,-10,0,-46,-10,0,1,nein,0,1841,15,stand/gehen 0x5ecaa,A+4,-46,-10,0,-46,0x440c
greichweite_lang3_anlauf_b,18,WOOKY,rechts,rechts,1858,5fc18:4/5fc50:17/5fb18:17,4,A+4..A+20,17,0x440c,5,1862,A+4,5,-46,-10,0,-46,-10,0,1,nein,0,1896,17,stand/gehen 0x5ecaa,A+4,-46,-10,0,-46,0x440c
greichweite_lang3_anlauf_b,18,WOOKY,rechts,rechts,1913,5fa54:4/5fa8c:5/5fab8:12/5faec:5/5fb18:30,9,A+9..A+20,12,0x400c,5,1922,A+9,5,-46,-10,0,-46,-10,0,1,nein,5,1969,35,neuer angriff 0x5fc8c,A+9,-46,-10,0,-46,0x400c
greichweite_lang3_anlauf_b,18,WOOKY,rechts,rechts,1969,5fc8c:4/5fcb8:4/5fce8:8,8,A+8..A+15,8,0x4c0c,5,1977,A+8,5,-46,-10,0,-46,-10,0,1,ja,,1985,0,stand/gehen 0x5ed1c,A+8,-46,-10,0,-46,0x4c0c
greichweite_lang3_anlauf_b,18,WOOKY,links,links,2205,5fa54:4/5fa8c:5/5fab8:12/5faec:5/5fb18:14,9,A+9..A+20,12,0x400c,5,2214,A+9,5,24,-10,0,24,-10,0,1,nein,5,2245,19,stand/gehen 0x5ecaa,A+9,24,-10,0,24,0x400c
greichweite_lang3_anlauf_b,18,WOOKY,links,links,2262,5fa54:4/5fa8c:5/5fab8:12/5faec:5/5fb18:32,9,A+9..A+20,12,0x400c,5,2271,A+9,5,24,-10,0,24,-10,0,1,nein,5,2320,37,neuer angriff 0x5fc8c,A+9,24,-10,0,24,0x400c
greichweite_lang3_anlauf_b,18,WOOKY,links,links,2320,5fc8c:4/5fcb8:4/5fce8:8,8,A+8..A+15,8,0x4c0c,5,2328,A+8,5,24,-10,0,24,-10,0,1,ja,,2336,0,stand/gehen 0x5ed1c,A+8,24,-10,0,24,0x4c0c
greichweite_lang3_anlauf_b,18,WOOKY,links,rechts,2467,5fc18:4/5fc50:10/5fb18:15,4,A+4..A+13,10,0x440c,5,-,,0,37,1,0,,,,3,,0,2496,15,stand/gehen 0x5ecaa,A+4,37,1,0,37,
greichweite_lang3_anlauf_b,18,WOOKY,links,rechts,2513,5fc18:4/5fc50:17/5fb18:14,4,A+4..A+20,17,0x440c,5,2517,A+4,5,37,1,0,37,1,0,1,nein,0,2548,14,stand/gehen 0x5ecaa,A+4,37,1,0,37,0x440c
greichweite_lang3_anlauf_b,18,WOOKY,links,rechts,2565,5fa54:4/5fa8c:5/5fab8:12/5faec:5/5fb18:32,9,A+9..A+20,12,0x400c,5,2574,A+9,5,37,1,0,37,1,0,1,nein,5,2623,37,neuer angriff 0x5fc8c,A+9,37,1,0,37,0x400c
greichweite_lang3_anlauf_b,18,WOOKY,links,rechts,2623,5fc8c:4/5fcb8:4/5fce8:8,8,A+8..A+15,8,0x4c0c,5,2631,A+8,5,37,1,0,37,1,0,1,ja,,2639,0,stand/gehen 0x5ed1c,A+8,37,1,0,37,0x4c0c
greichweite_lang3_anlauf_c,17,EDDY,links,rechts,55,643f8:4/64430:5/6445c:12/64490:5/644bc:30,9,A+9..A+20,12,0x400c,6,64,A+9,6,47,0,0,47,0,0,1,nein,5,111,35,stand/gehen 0x6369a,A+9,47,0,0,47,0x400c
greichweite_lang3_anlauf_c,17,EDDY,links,rechts,129,643f8:4/64430:5/6445c:12/64490:5/644bc:14,9,A+9..A+20,12,0x400c,6,138,A+9,6,47,0,0,47,0,0,1,nein,5,169,19,stand/gehen 0x636d4,A+9,47,0,0,47,0x400c
greichweite_lang3_anlauf_c,17,EDDY,links,rechts,186,643f8:4/64430:5/6445c:12/64490:5/644bc:15,9,A+9..A+20,12,0x400c,6,195,A+9,6,47,0,0,47,0,0,1,nein,5,227,20,stand/gehen 0x636d4,A+9,47,0,0,47,0x400c
greichweite_lang3_anlauf_c,17,EDDY,links,rechts,244,644f4:4/6452c:5/64558:12/6458c:5/644bc:3,9,A+9..A+20,12,0x4c0c,6,253,A+9,6,47..56,0,0..14,47,0,0,1,ja,5,273,8,stand/gehen 0x63746,A+9,47,0,0,47,0x4c0c
greichweite_lang3_anlauf_c,17,EDDY,links,rechts,785,645bc:4/645f4:6/64624:15/64654:8/644bc:16,10,A+10..A+24,15,0x440c,6,795,A+10,6,46,-9,0,46,-9,0,1,nein,8,834,24,stand/gehen 0x636d4,A+10,46,-9,0,46,0x440c
greichweite_lang3_anlauf_c,17,EDDY,links,rechts,851,645bc:4/645f4:6/64624:15/64654:8/644bc:25,10,A+10..A+24,15,0x440c,6,861,A+10,6,46,-9,0,46,-9,0,1,nein,8,909,33,stand/gehen 0x6369a,A+10,46,-9,0,46,0x440c
greichweite_lang3_anlauf_c,17,EDDY,links,rechts,927,643f8:4/64430:5/6445c:12/64490:5/644bc:15,9,A+9..A+20,12,0x400c,6,936,A+9,6,46,-9,0,46,-9,0,1,nein,5,968,20,stand/gehen 0x636d4,A+9,46,-9,0,46,0x400c
greichweite_lang3_anlauf_c,17,EDDY,links,rechts,985,643f8:4/64430:5/6445c:12/64490:5/644bc:17,9,A+9..A+20,12,0x400c,6,994,A+9,6,46,-9,0,46,-9,0,1,nein,5,1028,22,stand/gehen 0x636d4,A+9,46,-9,0,46,0x400c
greichweite_lang3_anlauf_c,17,EDDY,links,rechts,1045,644f4:4/6452c:5/64558:12/6458c:5/644bc:3,9,A+9..A+20,12,0x4c0c,6,1054,A+9,6,46..54,-9,0..14,46,-9,0,1,ja,5,1074,8,stand/gehen 0x63746,A+9,46,-9,0,46,0x4c0c
greichweite_lang3_anlauf_c,17,EDDY,rechts,rechts,1194,645bc:4/645f4:6/64624:8/64654:8/644bc:31,10,A+10..A+17,8,0x440c,6,-,,0,-37,-6,0,,,,3,,8,1251,39,stand/gehen 0x6369a,A+10,-37,-6,0,-37,
greichweite_lang3_anlauf_c,17,EDDY,rechts,rechts,1269,645bc:4/645f4:6/64624:15/64654:8/644bc:16,10,A+10..A+24,15,0x440c,6,1279,A+10,6,-37,-6,0,-37,-6,0,1,nein,8,1318,24,stand/gehen 0x636d4,A+10,-37,-6,0,-37,0x440c
greichweite_lang3_anlauf_c,17,EDDY,rechts,rechts,1335,645bc:4/645f4:6/64624:15/64654:8/644bc:30,10,A+10..A+24,15,0x440c,6,1345,A+10,6,-37,-6,0,-37,-6,0,1,nein,8,1398,38,stand/gehen 0x6369a,A+10,-37,-6,0,-37,0x440c
greichweite_lang3_anlauf_c,17,EDDY,rechts,rechts,1416,643f8:4/64430:5/6445c:12/64490:5/644bc:15,9,A+9..A+20,12,0x400c,6,1425,A+9,6,-37,-6,0,-37,-6,0,1,nein,5,1457,20,stand/gehen 0x636d4,A+9,-37,-6,0,-37,0x400c
greichweite_lang3_anlauf_c,17,EDDY,rechts,rechts,1474,643f8:4/64430:5/6445c:12/64490:5/644bc:17,9,A+9..A+20,12,0x400c,6,1483,A+9,6,-37,-6,0,-37,-6,0,1,nein,5,1517,22,stand/gehen 0x636d4,A+9,-37,-6,0,-37,0x400c
greichweite_lang3_anlauf_c,17,EDDY,rechts,rechts,1534,644f4:4/6452c:5/64558:12/6458c:5/644bc:3,9,A+9..A+20,12,0x4c0c,6,1543,A+9,6,-45..-37,-6,0..14,-37,-6,0,1,ja,5,1563,8,stand/gehen 0x63746,A+9,-37,-6,0,-37,0x4c0c
greichweite_lang3_anlauf_c,17,EDDY,rechts,links,1682,64688:3/646c0:1/646f8:5/6472e:44/644bc:1,9,A+9..A+52,44,0x4c0c,6,-,,0,12..120,9,0,,,,1/3,,0,1736,1,stand/gehen 0x63746,A+9,12,9,0,-3,
greichweite_lang3_anlauf_c,17,EDDY,links,links,1883,645bc:4/645f4:6/64624:15/64654:8/644bc:14,10,A+10..A+24,15,0x440c,6,1893,A+10,6,46,-8,0,46,-8,0,1,nein,8,1930,22,stand/gehen 0x636d4,A+10,46,-8,0,46,0x440c
greichweite_lang3_anlauf_c,17,EDDY,links,links,1947,645bc:4/645f4:6/64624:15/64654:8/644bc:26,10,A+10..A+24,15,0x440c,6,1957,A+10,6,46,-8,0,46,-8,0,1,nein,8,2006,34,stand/gehen 0x6369a,A+10,46,-8,0,46,0x440c
greichweite_lang3_anlauf_c,17,EDDY,links,links,2024,643f8:4/64430:5/6445c:12/64490:5/644bc:15,9,A+9..A+20,12,0x400c,6,2033,A+9,6,46,-8,0,46,-8,0,1,nein,5,2065,20,stand/gehen 0x636d4,A+9,46,-8,0,46,0x400c
greichweite_lang3_anlauf_c,17,EDDY,links,links,2082,643f8:4/64430:5/6445c:12/64490:5/644bc:12,9,A+9..A+20,12,0x400c,6,2091,A+9,6,46,-8,0,46,-8,0,1,nein,5,2120,17,stand/gehen 0x636d4,A+9,46,-8,0,46,0x400c
greichweite_lang3_anlauf_c,17,EDDY,links,links,2137,644f4:4/6452c:5/64558:12/6458c:5/644bc:3,9,A+9..A+20,12,0x4c0c,6,2146,A+9,6,46..55,-8,0..14,46,-8,0,1,ja,5,2166,8,stand/gehen 0x63746,A+9,46,-8,0,46,0x4c0c
greichweite_lang3_anlauf_c,17,EDDY,links,rechts,2285,64688:3/646c0:1/646f8:5/6472e:44/644bc:1,9,A+9..A+52,44,0x4c0c,6,2303,A+18,6,-80..28,-8,0..48,1,-8,0,3,ja,0,2339,1,stand/gehen 0x63746,A+9,28,-8,0,43,0x4c0c
greichweite_lang3_anlauf_c,17,EDDY,rechts,rechts,3284,64688:3/646c0:1/646f8:5/6472e:44/644bc:32,9,A+9..A+52,44,0x4c0c,6,3293,A+9,6,-40..-32,-1,0..48,-40,-1,0,1,ja,0,3369,32,stand/gehen 0x63746,A+9,-40,-1,0,-48,0x4c0c
greichweite_lang3_anlauf,18,WOOKY,links,rechts,57,5fa54:4/5fa8c:5/5fab8:12/5faec:5/5fb18:15,9,A+9..A+20,12,0x400c,5,66,A+9,5,46,10,0,46,10,0,1,nein,5,98,20,stand/gehen 0x5ecaa,A+9,46,10,0,46,0x400c
greichweite_lang3_anlauf,18,WOOKY,links,rechts,115,5fa54:4/5fa8c:5/5fab8:12/5faec:5/5fb18:17,9,A+9..A+20,12,0x400c,5,124,A+9,5,46,10,0,46,10,0,1,nein,5,158,22,stand/gehen 0x5ecaa,A+9,46,10,0,46,0x400c
greichweite_lang3_anlauf,18,WOOKY,links,rechts,175,5fb50:4/5fb88:5/5fbb4:8,9,A+9..A+16,8,0x4c0c,5,184,A+9,5,46,10,0,46,10,0,1,ja,,192,0,stand/gehen 0x5ed1c,A+9,46,10,0,46,0x4c0c
greichweite_lang3_anlauf,18,WOOKY,links,rechts,430,5fa54:4/5fa8c:5/5fab8:12/5faec:5/5fb18:31,9,A+9..A+20,12,0x400c,5,439,A+9,5,46,-3,0,46,-3,0,1,nein,5,487,36,stand/gehen 0x5ec70,A+9,46,-3,0,46,0x400c
greichweite_lang3_anlauf,18,WOOKY,links,rechts,505,5fa54:4/5fa8c:5/5fab8:12/5faec:5/5fb18:13,9,A+9..A+20,12,0x400c,5,514,A+9,5,46,-3,0,46,-3,0,1,nein,5,544,18,stand/gehen 0x5ecaa,A+9,46,-3,0,46,0x400c
greichweite_lang3_anlauf,18,WOOKY,links,rechts,561,5fa54:4/5fa8c:5/5fab8:12/5faec:5/5fb18:17,9,A+9..A+20,12,0x400c,5,570,A+9,5,46,-3,0,46,-3,0,1,nein,5,604,22,stand/gehen 0x5ecaa,A+9,46,-3,0,46,0x400c
greichweite_lang3_anlauf,18,WOOKY,links,rechts,621,5fb50:4/5fb88:5/5fbb4:8,9,A+9..A+16,8,0x4c0c,5,630,A+9,5,46,-3,0,46,-3,0,1,ja,,638,0,stand/gehen 0x5ed1c,A+9,46,-3,0,46,0x4c0c
greichweite_lang3_anlauf,18,WOOKY,rechts,rechts,1808,5fc18:4/5fc50:17/5fb18:15,4,A+4..A+20,17,0x440c,5,1812,A+4,5,-37,-10,0,-37,-10,0,1,nein,0,1844,15,stand/gehen 0x5ecaa,A+4,-37,-10,0,-37,0x440c
greichweite_lang3_anlauf,18,WOOKY,rechts,rechts,1861,5fc18:4/5fc50:17/5fb18:17,4,A+4..A+20,17,0x440c,5,1865,A+4,5,-37,-10,0,-37,-10,0,1,nein,0,1899,17,stand/gehen 0x5ecaa,A+4,-37,-10,0,-37,0x440c
greichweite_lang3_anlauf,18,WOOKY,rechts,rechts,1916,5fa54:4/5fa8c:5/5fab8:12/5faec:5/5fb18:30,9,A+9..A+20,12,0x400c,5,1925,A+9,5,-37,-10,0,-37,-10,0,1,nein,5,1972,35,neuer angriff 0x5fc8c,A+9,-37,-10,0,-37,0x400c
greichweite_lang3_anlauf,18,WOOKY,rechts,rechts,1972,5fc8c:4/5fcb8:4/5fce8:8,8,A+8..A+15,8,0x4c0c,5,1980,A+8,5,-37,-10,0,-37,-10,0,1,ja,,1988,0,stand/gehen 0x5ed1c,A+8,-37,-10,0,-37,0x4c0c
greichweite_lang3_anlauf,18,WOOKY,links,links,2211,5fa54:4/5fa8c:5/5fab8:12/5faec:5/5fb18:14,9,A+9..A+20,12,0x400c,5,2220,A+9,5,36,-10,0,36,-10,0,1,nein,5,2251,19,stand/gehen 0x5ecaa,A+9,36,-10,0,36,0x400c
greichweite_lang3_anlauf,18,WOOKY,links,links,2268,5fa54:4/5fa8c:5/5fab8:12/5faec:5/5fb18:32,9,A+9..A+20,12,0x400c,5,2277,A+9,5,36,-10,0,36,-10,0,1,nein,5,2326,37,neuer angriff 0x5fc8c,A+9,36,-10,0,36,0x400c
greichweite_lang3_anlauf,18,WOOKY,links,links,2326,5fc8c:4/5fcb8:4/5fce8:8,8,A+8..A+15,8,0x4c0c,5,2334,A+8,5,36,-10,0,36,-10,0,1,ja,,2342,0,stand/gehen 0x5ed1c,A+8,36,-10,0,36,0x4c0c
greichweite_lang3_anlauf,18,WOOKY,links,rechts,2473,5fc18:4/5fc50:10/5fb18:15,4,A+4..A+13,10,0x440c,5,-,,0,47,0,0,,,,3,,0,2502,15,stand/gehen 0x5ecaa,A+4,47,0,0,47,
greichweite_lang3_anlauf,18,WOOKY,links,rechts,2519,5fc18:4/5fc50:17/5fb18:14,4,A+4..A+20,17,0x440c,5,2523,A+4,5,47,0,0,47,0,0,1,nein,0,2554,14,stand/gehen 0x5ecaa,A+4,47,0,0,47,0x440c
greichweite_lang3_anlauf,18,WOOKY,links,rechts,2571,5fa54:4/5fa8c:5/5fab8:12/5faec:5/5fb18:32,9,A+9..A+20,12,0x400c,5,2580,A+9,5,47,0,0,47,0,0,1,nein,5,2629,37,neuer angriff 0x5fc8c,A+9,47,0,0,47,0x400c
greichweite_lang3_anlauf,18,WOOKY,links,rechts,2629,5fc8c:4/5fcb8:4/5fce8:8,8,A+8..A+15,8,0x4c0c,5,2637,A+8,5,47,0,0,47,0,0,1,ja,,2645,0,stand/gehen 0x5ed1c,A+8,47,0,0,47,0x4c0c
greichweite_lang3_kontakt_b,16,WOOKY,links,rechts,151,5fd24:4/5fd5c:6/5fd8c:15/5fdbc:8/5fb18:31,10,A+10..A+24,15,0x440c,5,161,A+10,5,55,-3,0,55,-3,0,1,nein,8,215,39,stand/gehen 0x5ec70,A+10,55,-3,0,48,0x440c
greichweite_lang3_kontakt_b,16,WOOKY,links,rechts,617,5fa54:4/5fa8c:5/5fab8:5/5faec:5/5fb18:15,9,A+9..A+13,5,0x400c,5,-,,0,46,-1,0,,,,3,,5,651,20,stand/gehen 0x5ecaa,A+9,46,-1,0,46,
greichweite_lang3_kontakt_b,16,WOOKY,links,rechts,668,5fa54:4/5fa8c:5/5fab8:12/5faec:5/5fb18:30,9,A+9..A+20,12,0x400c,5,677,A+9,5,46,-1,0,46,-1,0,1,nein,5,724,35,neuer angriff 0x5fc8c,A+9,46,-1,0,46,0x400c
greichweite_lang3_kontakt_b,16,WOOKY,links,rechts,724,5fc8c:4/5fcb8:4/5fce8:8,8,A+8..A+15,8,0x4c0c,5,732,A+8,5,46,-1,0,46,-1,0,1,ja,,740,0,stand/gehen 0x5ed1c,A+8,46,-1,0,46,0x4c0c
greichweite_lang3_kontakt_b,16,WOOKY,links,rechts,872,5fd24:4/5fd5c:6/5fd8c:8/5fdbc:8/5fb18:29,10,A+10..A+17,8,0x440c,5,-,,0,20,-8,0,,,,3,,8,927,37,stand/gehen 0x5ec70,A+10,20,-8,0,20,
greichweite_lang3_kontakt_b,16,WOOKY,links,rechts,945,5fa54:4/5fa8c:5/5fab8:12/5faec:5/5fb18:13,9,A+9..A+20,12,0x400c,5,954,A+9,5,20,-8,0,20,-8,0,1,nein,5,984,18,stand/gehen 0x5ecaa,A+9,20,-8,0,20,0x400c
greichweite_lang3_kontakt_b,16,WOOKY,links,rechts,1001,5fa54:4/5fa8c:5/5fab8:12/5faec:5/5fb18:33,9,A+9..A+20,12,0x400c,5,1010,A+9,5,20,-8,0,20,-8,0,1,nein,5,1060,38,neuer angriff 0x5fc8c,A+9,20,-8,0,20,0x400c
greichweite_lang3_kontakt_b,16,WOOKY,links,rechts,1060,5fc8c:4/5fcb8:4/5fce8:8,8,A+8..A+15,8,0x4c0c,5,1068,A+8,5,20,-8,0,20,-8,0,1,ja,,1076,0,stand/gehen 0x5ed1c,A+8,20,-8,0,20,0x4c0c
greichweite_lang3_kontakt_b,16,WOOKY,links,rechts,1319,5fa54:4/5fa8c:5/5fab8:12/5faec:5/5fb18:29,9,A+9..A+20,12,0x400c,5,1328,A+9,5,56,-3,0,56,-3,0,1,nein,5,1374,34,stand/gehen 0x5ec70,A+9,56,-3,0,48,0x400c
greichweite_lang3_kontakt_b,16,WOOKY,links,rechts,1528,5fa54:4/5fa8c:5/5fab8:12/5faec:5/5fb18:27,9,A+9..A+20,12,0x400c,5,1537,A+9,5,47,-1,0,47,-1,0,1,nein,5,1581,32,stand/gehen 0x5ec70,A+9,47,-1,0,47,0x400c
greichweite_lang3_kontakt_b,16,WOOKY,links,rechts,1599,5fa54:4/5fa8c:5/5fab8:5/5faec:5/5fb18:17,9,A+9..A+13,5,0x400c,5,-,,0,47,-1,0,,,,3,,5,1635,22,stand/gehen 0x5ecaa,A+9,47,-1,0,47,
greichweite_lang3_kontakt_b,16,WOOKY,rechts,rechts,2163,5fa54:4/5fa8c:5/5fab8:12/5faec:5/5fb18:25,9,A+9..A+20,12,0x400c,5,2172,A+9,5,-55,0,0,-55,0,0,1,nein,5,2214,30,stand/gehen 0x5ec70,A+9,-55,0,0,-48,0x400c
greichweite_lang3_kontakt_b,16,WOOKY,rechts,rechts,2485,5fa54:4/5fa8c:5/5fab8:5/5faec:5/5fb18:17,9,A+9..A+13,5,0x400c,5,-,,0,-48,0,0,,,,3,,5,2521,22,stand/gehen 0x5ecaa,A+9,-48,0,0,-48,
greichweite_lang3_kontakt_b,17,EDDY,links,rechts,31,643f8:4/64430:5/6445c:12/64490:5/644bc:26,9,A+9..A+20,12,0x400c,6,40,A+9,6,46,2,0,46,2,0,1,nein,5,83,31,stand/gehen 0x6369a,A+9,46,2,0,46,0x400c
greichweite_lang3_kontakt_b,17,EDDY,links,rechts,101,643f8:4/64430:5/6445c:12/64490:5/644bc:30,9,A+9..A+20,12,0x400c,6,110,A+9,6,46,2,0,46,2,0,1,nein,5,157,35,stand/gehen 0x6369a,A+9,46,2,0,46,0x400c
greichweite_lang3_kontakt_b,17,EDDY,links,rechts,175,643f8:4/64430:5/6445c:12/64490:5/644bc:15,9,A+9..A+20,12,0x400c,6,188,A+13,6,46,2,0,46,2,0,3,nein,5,216,20,stand/gehen 0x636d4,A+9,46,2,0,46,0x400c
greichweite_lang3_kontakt_b,17,EDDY,links,rechts,233,643f8:4/64430:5/6445c:12/64490:5/644bc:13,9,A+9..A+20,12,0x400c,6,242,A+9,6,46,2,0,46,2,0,1,nein,5,272,18,stand/gehen 0x636d4,A+9,46,2,0,46,0x400c
greichweite_lang3_kontakt_b,17,EDDY,links,rechts,289,644f4:4/6452c:5/64558:12/6458c:5/644bc:3,9,A+9..A+20,12,0x4c0c,6,298,A+9,6,46..54,2,0..14,46,2,0,1,ja,5,318,8,stand/gehen 0x63746,A+9,46,2,0,46,0x4c0c
greichweite_lang3_kontakt_b,17,EDDY,links,rechts,535,645bc:4/645f4:6/64624:15/64654:8/644bc:16,10,A+10..A+24,15,0x440c,6,545,A+10,6,44,2,0,44,2,0,1,nein,8,584,24,stand/gehen 0x636d4,A+10,44,2,0,44,0x440c
greichweite_lang3_kontakt_b,17,EDDY,links,rechts,601,645bc:4/645f4:6/64624:15/64654:8/644bc:30,10,A+10..A+24,15,0x440c,6,611,A+10,6,44,2,0,44,2,0,1,nein,8,664,38,stand/gehen 0x6369a,A+10,44,2,0,44,0x440c
greichweite_lang3_kontakt_b,17,EDDY,links,rechts,682,645bc:4/645f4:6/64624:8/64654:8/644bc:17,10,A+10..A+17,8,0x440c,6,-,,0,44,2,0,,,,3,,8,725,25,stand/gehen 0x636d4,A+10,44,2,0,44,
greichweite_lang3_kontakt_b,17,EDDY,links,rechts,973,643f8:4/64430:5/6445c:12/64490:5/644bc:31,9,A+9..A+20,12,0x400c,6,982,A+9,6,56,-1,0,56,-1,0,1,nein,5,1030,36,stand/gehen 0x6369a,A+9,56,-1,0,48,0x400c
greichweite_lang3_kontakt_b,17,EDDY,links,rechts,1264,645bc:4/645f4:6/64624:15/64654:8/644bc:15,10,A+10..A+24,15,0x440c,6,1274,A+10,6,46,-1,0,46,-1,0,1,nein,8,1312,23,stand/gehen 0x636d4,A+10,46,-1,0,46,0x440c
greichweite_lang3_kontakt_b,17,EDDY,links,rechts,1329,645bc:4/645f4:6/64624:8/64654:8/644bc:26,10,A+10..A+17,8,0x440c,6,-,,0,46,-1,0,,,,3,,8,1381,34,stand/gehen 0x6369a,A+10,46,-1,0,46,
greichweite_lang3_kontakt_b,17,EDDY,links,rechts,1399,645bc:4/645f4:6/64624:15/64654:8/644bc:14,10,A+10..A+24,15,0x440c,6,1409,A+10,6,46,-1,0,46,-1,0,1,nein,8,1446,22,stand/gehen 0x636d4,A+10,46,-1,0,46,0x440c
greichweite_lang3_kontakt_b,17,EDDY,links,rechts,1463,645bc:4/645f4:6/64624:15/64654:8/644bc:30,10,A+10..A+24,15,0x440c,6,1473,A+10,6,46,-1,0,46,-1,0,1,nein,8,1526,38,stand/gehen 0x6369a,A+10,46,-1,0,46,0x440c
greichweite_lang3_kontakt_b,17,EDDY,links,rechts,1544,643f8:4/64430:5/6445c:5/64490:5/644bc:12,9,A+9..A+13,5,0x400c,6,-,,0,46,-1,0,,,,3,,5,1575,17,stand/gehen 0x636d4,A+9,46,-1,0,46,
greichweite_lang3_kontakt_b,17,EDDY,links,rechts,1592,643f8:4/64430:5/6445c:12/64490:5/644bc:13,9,A+9..A+20,12,0x400c,6,1601,A+9,6,46,-1,0,46,-1,0,1,nein,5,1631,18,stand/gehen 0x636d4,A+9,46,-1,0,46,0x400c
greichweite_lang3_kontakt_b,17,EDDY,links,rechts,1648,644f4:4/6452c:5/64558:12/6458c:5/644bc:28,9,A+9..A+20,12,0x4c0c,6,1657,A+9,6,46,-1,0..14,46,-1,0,1,ja,5,1702,33,stand/gehen 0x63746,A+9,46,-1,0,46,0x4c0c
greichweite_lang3_kontakt_b,17,EDDY,links,rechts,1971,645bc:4/645f4:6/64624:15/64654:8/644bc:31,10,A+10..A+24,15,0x440c,6,1981,A+10,6,55,3,0,55,3,0,1,nein,8,2035,39,stand/gehen 0x6369a,A+10,55,3,0,48,0x440c
greichweite_lang3_kontakt_b,17,EDDY,links,rechts,2272,64688:3/646c0:1/646f8:5/6472e:44/644bc:1,9,A+9..A+52,44,0x4c0c,6,2281,A+9,6,-76..32,-4,0..48,32,-4,0,1,ja,0,2326,1,stand/gehen 0x63746,A+9,32,-4,0,47,0x4c0c
greichweite_lang3_kontakt_b,17,EDDY,links,rechts,2420,643f8:4/64430:5/6445c:5/64490:5/644bc:15,9,A+9..A+13,5,0x400c,6,-,,0,33,1,0,,,,3,,5,2454,20,stand/gehen 0x636d4,A+9,33,1,0,33,
greichweite_lang3_kontakt_b,17,EDDY,links,rechts,2471,643f8:4/64430:5/6445c:12/64490:5/644bc:15,9,A+9..A+20,12,0x400c,6,2480,A+9,6,33,1,0,33,1,0,1,nein,5,2512,20,stand/gehen 0x636d4,A+9,33,1,0,33,0x400c
greichweite_lang3_kontakt_b,17,EDDY,links,rechts,2529,644f4:4/6452c:5/64558:12/6458c:5/644bc:26,9,A+9..A+20,12,0x4c0c,6,2538,A+9,6,33,1,0..14,33,1,0,1,ja,5,2581,31,stand/gehen 0x63746,A+9,33,1,0,33,0x4c0c
greichweite_lang3_kontakt_b,17,EDDY,rechts,rechts,2935,645bc:4/645f4:6/64624:15/64654:8/644bc:30,10,A+10..A+24,15,0x440c,6,2945,A+10,6,-45,5,0,-45,5,0,1,nein,8,2998,38,stand/gehen 0x6369a,A+10,-45,5,0,-45,0x440c
greichweite_lang3_kontakt_b,17,EDDY,rechts,rechts,3016,643f8:4/64430:5/6445c:12/64490:5/644bc:31,9,A+9..A+20,12,0x400c,6,3025,A+9,6,-45,5,0,-45,5,0,1,nein,5,3073,36,stand/gehen 0x6369a,A+9,-45,5,0,-45,0x400c
greichweite_lang3_kontakt_b,17,EDDY,rechts,rechts,3091,64688:3/646c0:1/646f8:5/6472e:44/644bc:25,9,A+9..A+52,44,0x4c0c,6,3100,A+9,6,-30..-22,5,0..48,-30,5,0,1,ja,0,3169,25,stand/gehen 0x63746,A+9,-30,5,0,-45,0x4c0c
greichweite_lang3_kontakt_b,17,EDDY,links,links,3239,645bc:4/645f4:6/64624:8/64654:8/644bc:27,10,A+10..A+17,8,0x440c,6,-,,0,37,5,0,,,,3,,8,3292,35,stand/gehen 0x6369a,A+10,37,5,0,37,
greichweite_lang3_kontakt_b,17,EDDY,links,links,3310,645bc:4/645f4:6/64624:15/64654:8/644bc:15,10,A+10..A+24,15,0x440c,6,3320,A+10,6,37,5,0,37,5,0,1,nein,8,3358,23,stand/gehen 0x636d4,A+10,37,5,0,37,0x440c
greichweite_lang3_kontakt_b,17,EDDY,links,links,3375,645bc:4/645f4:6/64624:15/64654:8/644bc:31,10,A+10..A+24,15,0x440c,6,3385,A+10,6,37,5,0,37,5,0,1,nein,8,3439,39,stand/gehen 0x6369a,A+10,37,5,0,37,0x440c
greichweite_lang3_kontakt_b,17,EDDY,links,links,3457,64688:3/646c0:1/646f8:5/6472e:44/644bc:28,9,A+9..A+52,44,0x4c0c,6,3466,A+9,6,15..22,5,0..48,22,5,0,1,ja,0,3538,28,stand/gehen 0x63746,A+9,22,5,0,37,0x4c0c
greichweite_lang3_s1,14,WOOKY,links,rechts,1323,5fc18:4/5fc50:17/5fb18:11,4,A+4..A+20,17,0x440c,8,1327,A+4,8,17,0,0,17,0,0,1,nein,0,1355,11,stand/gehen 0x5ed1c,A+4,17,0,0,17,0x440c
greichweite_lang3_s1,14,WOOKY,links,rechts,1573,5fc18:4/5fc50:17/5fb18:16,4,A+4..A+20,17,0x440c,8,1581,A+8,8,16,11,0,16,11,0,3,nein,0,1610,16,stand/gehen 0x5ecaa,A+4,16,11,0,16,0x440c
greichweite_lang3_s1,14,WOOKY,links,rechts,1627,5fc18:4/5fc50:17/5fb18:15,4,A+4..A+20,17,0x440c,8,1635,A+8,8,16,11,0,16,11,0,3,nein,0,1663,15,stand/gehen 0x5ecaa,A+4,16,11,0,16,0x440c
greichweite_lang3_s1,14,WOOKY,links,rechts,1680,5fb50:4/5fb88:5/5fbb4:5/5fbe8:5/5fb18:29,9,A+9..A+13,5,0x4c0c,8,-,,0,16,11,0,,,,3,,5,1728,34,stand/gehen 0x5ec70,A+9,16,11,0,16,
greichweite_lang3_s1,14,WOOKY,links,rechts,1746,5fd24:4/5fd5c:6/5fd8c:15/5fdbc:8/5fb18:13,10,A+10..A+24,15,0x440c,8,1759,A+13,8,16,11,0,16,11,0,3,nein,8,1792,21,stand/gehen 0x5ed1c,A+10,16,11,0,16,0x440c
greichweite_lang3_s1,14,WOOKY,rechts,links,1930,5fa54:4/5fa8c:5/5fab8:5/5faec:5/5fb18:25,9,A+9..A+13,5,0x400c,8,-,,0,-29,2,0,,,,3,,5,1974,30,stand/gehen 0x5ec70,A+9,-29,2,0,-29,
greichweite_lang3_s1,14,WOOKY,rechts,links,1992,5fc18:4/5fc50:17/5fb18:13,4,A+4..A+20,17,0x440c,8,1996,A+4,8,-29,2,0,-29,2,0,1,nein,0,2026,13,stand/gehen 0x5ecaa,A+4,-29,2,0,-29,0x440c
greichweite_lang3_s1,14,WOOKY,rechts,links,2043,5fc18:4/5fc50:17/5fb18:14,4,A+4..A+20,17,0x440c,8,2047,A+4,8,-29,2,0,-29,2,0,1,nein,0,2078,14,stand/gehen 0x5ecaa,A+4,-29,2,0,-29,0x440c
greichweite_lang3_s1,14,WOOKY,rechts,links,2095,5fb50:4/5fb88:5/5fbb4:8,9,A+9..A+16,8,0x4c0c,8,2104,A+9,8,-29,2,0,-29,2,0,1,ja,,2112,0,stand/gehen 0x5ed1c,A+9,-29,2,0,-29,0x4c0c
greichweite_lang3_s1,14,WOOKY,rechts,links,2339,5fa54:4/5fa8c:5/5fab8:12/5faec:5/5fb18:13,9,A+9..A+20,12,0x400c,8,2348,A+9,8,-47,11,0,-47,11,0,1,nein,5,2378,18,stand/gehen 0x5ecaa,A+9,-47,11,0,-47,0x400c
greichweite_lang3_s1,14,WOOKY,rechts,links,2395,5fa54:4/5fa8c:5/5fab8:12/5faec:5/5fb18:33,9,A+9..A+20,12,0x400c,8,2404,A+9,8,-47,11,0,-47,11,0,1,nein,5,2454,38,neuer angriff 0x5fc8c,A+9,-47,11,0,-47,0x400c
greichweite_lang3_s1,14,WOOKY,rechts,links,2454,5fc8c:4/5fcb8:4/5fce8:8,8,A+8..A+15,8,0x4c0c,8,2462,A+8,8,-47,11,0,-47,11,0,1,ja,,2470,0,stand/gehen 0x5ed1c,A+8,-47,11,0,-47,0x4c0c
greichweite_lang3_s1,14,WOOKY,rechts,links,2821,5fc18:4/5fc50:17/5fb18:13,4,A+4..A+20,17,0x440c,8,2827,A+6,8,-56,-3,0,-56,-3,0,3,nein,0,2855,13,stand/gehen 0x5ed1c,A+4,-56,-3,0,-48,0x440c
greichweite_lang3_s1,14,WOOKY,links,rechts,3115,5fa54:4/5fa8c:5/5fab8:12/5faec:5/5fb18:13,9,A+9..A+20,12,0x400c,8,3124,A+9,8,55,-3,0,55,-3,0,1,nein,5,3154,18,stand/gehen 0x5ed1c,A+9,55,-3,0,48,0x400c
greichweite_lang3_s1,14,WOOKY,rechts,rechts,3395,5fa54:4/5fa8c:5/5fab8:5/5faec:5/5fb18:15,9,A+9..A+13,5,0x400c,8,-,,0,-1,11,0,,,,3,,5,3429,20,stand/gehen 0x5ecaa,A+9,-1,11,0,-1,
greichweite_lang3_s1,14,WOOKY,rechts,rechts,3446,5fa54:4/5fa8c:5/5fab8:5/5faec:5/5fb18:30,9,A+9..A+13,5,0x400c,8,-,,0,-1,11,0,,,,3,,5,3495,35,neuer angriff 0x5fc8c,A+9,-1,11,0,-1,
greichweite_lang3_s1,14,WOOKY,links,rechts,4032,5fc18:4/5fc50:17/5fb18:15,4,A+4..A+20,17,0x440c,8,4036,A+4,8,56,-3,0,56,-3,0,1,nein,0,4068,15,stand/gehen 0x5ecaa,A+4,56,-3,0,48,0x440c
greichweite_lang3_s1,14,WOOKY,links,rechts,4085,5fc18:4/5fc50:10/5fb18:13,4,A+4..A+13,10,0x440c,8,-,,0,56,-3,0,,,,3,,0,4112,13,stand/gehen 0x5ecaa,A+4,56,-3,0,48,
greichweite_lang3_s1,14,WOOKY,links,rechts,4129,5fa54:4/5fa8c:5/5fab8:12/5faec:5/5fb18:35,9,A+9..A+20,12,0x400c,8,4138,A+9,8,56,-3,0,56,-3,0,1,nein,5,4190,40,neuer angriff 0x5fc8c,A+9,56,-3,0,48,0x400c
greichweite_lang3_s1,15,WOOKY,links,rechts,1113,5fa54:4/5fa8c:5/5fab8:12/5faec:5/5fb18:14,9,A+9..A+20,12,0x400c,8,1122,A+9,8,45,11,0,45,11,0,1,nein,5,1153,19,stand/gehen 0x5ecaa,A+9,45,11,0,45,0x400c
greichweite_lang3_s1,15,WOOKY,links,rechts,1170,5fa54:4/5fa8c:5/5fab8:12/5faec:5/5fb18:31,9,A+9..A+20,12,0x400c,8,1179,A+9,8,45,11,0,45,11,0,1,nein,5,1227,36,neuer angriff 0x5fc8c,A+9,45,11,0,45,0x400c
greichweite_lang3_s1,15,WOOKY,links,rechts,1227,5fc8c:4/5fcb8:4/5fce8:10/5fb18:29,8,A+8..A+17,10,0x4c0c,8,-,,0,45,11,0,,,,3,,0,1274,29,stand/gehen 0x5ec70,A+8,45,11,0,45,
greichweite_lang3_s1,15,WOOKY,links,rechts,1292,5fd24:4/5fd5c:6/5fd8c:8/5fdbc:8/5fb18:32,10,A+10..A+17,8,0x440c,8,-,,0,45,11,0,,,,3,,8,1350,40,stand/gehen 0x5ec70,A+10,45,11,0,45,
greichweite_lang3_s1,15,WOOKY,rechts,rechts,1493,5fa54:4/5fa8c:5/5fab8:5/5faec:5/5fb18:16,9,A+9..A+13,5,0x400c,8,-,,0,-9,5,0,,,,3,,5,1528,21,stand/gehen 0x5ecaa,A+9,-9,5,0,-9,
greichweite_lang3_s1,15,WOOKY,rechts,rechts,1545,5fa54:4/5fa8c:5/5fab8:12/5faec:5/5fb18:15,9,A+9..A+20,12,0x400c,8,1554,A+9,8,-9,5,0,-9,5,0,1,nein,5,1586,20,stand/gehen 0x5ecaa,A+9,-9,5,0,-9,0x400c
greichweite_lang3_s1,15,WOOKY,rechts,rechts,1603,5fb50:4/5fb88:5/5fbb4:5/5fbe8:5/5fb18:30,9,A+9..A+13,5,0x4c0c,8,-,,0,-9,5,0,,,,3,,5,1652,35,stand/gehen 0x5ec70,A+9,-9,5,0,-9,
greichweite_lang3_s1,15,WOOKY,rechts,rechts,1670,5fa54:4/5fa8c:5/5fab8:5/5faec:5/5fb18:17,9,A+9..A+13,5,0x400c,8,-,,0,-9,5,0,,,,3,,5,1706,22,stand/gehen 0x5ecaa,A+9,-9,5,0,-9,
greichweite_lang3_s1,15,WOOKY,rechts,rechts,1723,5fa54:4/5fa8c:5/5fab8:12/5faec:5/5fb18:16,9,A+9..A+20,12,0x400c,8,1732,A+9,8,-9,5,0,-9,5,0,1,nein,5,1765,21,stand/gehen 0x5ecaa,A+9,-9,5,0,-9,0x400c
greichweite_lang3_s1,15,WOOKY,rechts,rechts,1782,5fb50:4/5fb88:5/5fbb4:8,9,A+9..A+16,8,0x4c0c,8,1791,A+9,8,-9,5,0,-9,5,0,1,ja,,1799,0,stand/gehen 0x5ed1c,A+9,-9,5,0,-9,0x4c0c
greichweite_lang3_s1,15,WOOKY,links,links,2654,5fc18:4/5fc50:17/5fb18:16,4,A+4..A+20,17,0x440c,8,2658,A+4,8,56,0,0,56,0,0,1,nein,0,2691,16,stand/gehen 0x5ecaa,A+4,56,0,0,48,0x440c
greichweite_lang3_s1,15,WOOKY,links,links,2708,5fc18:4/5fc50:17/5fb18:18,4,A+4..A+20,17,0x440c,8,2712,A+4,8,56,0,0,56,0,0,1,nein,0,2747,18,stand/gehen 0x5ecaa,A+4,56,0,0,48,0x440c
greichweite_lang3_s1,15,WOOKY,links,links,2764,5fa54:4/5fa8c:5/5fab8:12/5faec:5/5fb18:30,9,A+9..A+20,12,0x400c,8,2773,A+9,8,56,0,0,56,0,0,1,nein,5,2820,35,neuer angriff 0x5fc8c,A+9,56,0,0,48,0x400c
greichweite_lang3_s1,15,WOOKY,links,links,2820,5fc8c:4/5fcb8:4/5fce8:10/5fb18:17,8,A+8..A+17,10,0x4c0c,8,-,,0,56,0,0,,,,3,,0,2855,17,stand/gehen 0x5ed1c,A+8,56,0,0,48,
greichweite_lang3_s1,15,WOOKY,rechts,rechts,3053,5fa54:4/5fa8c:5/5fab8:12/5faec:5/5fb18:30,9,A+9..A+20,12,0x400c,8,3066,A+13,8,-48,8,0,-48,8,0,3,nein,5,3109,35,stand/gehen 0x5ec70,A+9,-48,8,0,-48,0x400c
greichweite_lang3_s1,15,WOOKY,rechts,rechts,3127,5fa54:4/5fa8c:5/5fab8:5/5faec:5/5fb18:8,9,A+9..A+13,5,0x400c,8,-,,0,-48,8,0,,,,3,,5,3154,13,stand/gehen 0x5ed1c,A+9,-48,8,0,-48,
greichweite_lang3_s1,15,WOOKY,links,rechts,3378,5fa54:4/5fa8c:5/5fab8:12/5faec:5/5fb18:15,9,A+9..A+20,12,0x400c,8,3387,A+9,8,55,-2,0,55,-2,0,1,nein,5,3419,20,stand/gehen 0x5ecaa,A+9,55,-2,0,48,0x400c
greichweite_lang3_s1,15,WOOKY,links,rechts,3436,5fa54:4/5fa8c:5/5fab8:5/5faec:5/5fb18:15,9,A+9..A+13,5,0x400c,8,-,,0,55,-2,0,,,,3,,5,3470,20,stand/gehen 0x5ecaa,A+9,55,-2,0,48,
greichweite_lang3_s1,15,WOOKY,links,rechts,3487,5fb50:4/5fb88:5/5fbb4:8,9,A+9..A+16,8,0x4c0c,8,3496,A+9,8,55,-2,0,55,-2,0,1,ja,,3504,0,stand/gehen 0x5ed1c,A+9,55,-2,0,48,0x4c0c
greichweite_lang3_s1,15,WOOKY,links,rechts,4085,5fc18:4/5fc50:17/5fb18:17,4,A+4..A+20,17,0x440c,8,4089,A+4,8,56,-3,0,56,-3,0,1,nein,0,4123,17,stand/gehen 0x5ecaa,A+4,56,-3,0,48,0x440c
greichweite_lang3_s1,15,WOOKY,links,rechts,4140,5fc18:4/5fc50:10/5fb18:15,4,A+4..A+13,10,0x440c,8,-,,0,56,-3,0,,,,3,,0,4169,15,stand/gehen 0x5ecaa,A+4,56,-3,0,48,
greichweite_lang3_s1,15,WOOKY,links,rechts,4186,5fb50:4/5fb88:5/5fbb4:6,9,A+9..A+14,6,0x4c0c,8,4195,A+9,8,56,-3,0,56,-3,0,1,ja,,-,,laufende,A+9,56,-3,0,48,0x4c0c
greichweite_lang3_s1,16,WOOKY,rechts,rechts,501,5fa54:4/5fa8c:5/5fab8:12/5faec:5/5fb18:14,9,A+9..A+20,12,0x400c,5,510,A+9,5,-77,2,0,-77,2,0,1,nein,5,541,19,stand/gehen 0x5ecaa,A+9,-77,2,0,-47,0x400c
greichweite_lang3_s1,16,WOOKY,rechts,rechts,558,5fa54:4/5fa8c:5/5fab8:12/5faec:5/5fb18:33,9,A+9..A+20,12,0x400c,5,567,A+9,5,-77,2,0,-77,2,0,1,nein,5,617,38,neuer angriff 0x5fc8c,A+9,-77,2,0,-47,0x400c
greichweite_lang3_s1,16,WOOKY,rechts,rechts,617,5fc8c:4/5fcb8:4/5fce8:8,8,A+8..A+15,8,0x4c0c,5,625,A+8,5,-77,2,0,-77,2,0,1,ja,,633,0,stand/gehen 0x5ed1c,A+8,-77,2,0,-47,0x4c0c
greichweite_lang3_s1,16,WOOKY,links,links,792,5fc18:4/5fc50:17/5fb18:13,4,A+4..A+20,17,0x440c,5,796,A+4,5,47,-10,0,47,-10,0,1,nein,0,826,13,stand/gehen 0x5ecaa,A+4,47,-10,0,47,0x440c
greichweite_lang3_s1,16,WOOKY,links,links,843,5fc18:4/5fc50:17/5fb18:16,4,A+4..A+20,17,0x440c,5,847,A+4,5,47,-10,0,47,-10,0,1,nein,0,880,16,stand/gehen 0x5ecaa,A+4,47,-10,0,47,0x440c
greichweite_lang3_s1,16,WOOKY,links,rechts,897,5fa54:4/5fa8c:5/5fab8:12/5faec:5/5fb18:31,9,A+9..A+20,12,0x400c,5,906,A+9,5,47,-10,0,47,-10,0,1,nein,5,954,36,neuer angriff 0x5fc8c,A+9,47,-10,0,47,0x400c
greichweite_lang3_s1,16,WOOKY,links,rechts,954,5fc8c:4/5fcb8:4/5fce8:8,8,A+8..A+15,8,0x4c0c,5,962,A+8,5,47,-10,0,47,-10,0,1,ja,,970,0,stand/gehen 0x5ed1c,A+8,47,-10,0,47,0x4c0c
greichweite_lang3_s1,16,WOOKY,links,rechts,1224,5fa54:4/5fa8c:5/5fab8:12/5faec:5/5fb18:16,9,A+9..A+20,12,0x400c,5,1233,A+9,5,34,11,0,34,11,0,1,nein,5,1266,21,stand/gehen 0x5ecaa,A+9,34,11,0,34,0x400c
greichweite_lang3_s1,16,WOOKY,links,rechts,1283,5fa54:4/5fa8c:5/5fab8:12/5faec:5/5fb18:16,9,A+9..A+20,12,0x400c,5,1292,A+9,5,34,11,0,34,11,0,1,nein,5,1325,21,stand/gehen 0x5ecaa,A+9,34,11,0,34,0x400c
greichweite_lang3_s1,16,WOOKY,links,rechts,1342,5fb50:4/5fb88:5/5fbb4:11,9,A+9..A+19,11,0x4c0c,5,1354,A+12,5,34,11,0,34,11,0,3,ja,,1362,0,stand/gehen 0x5ed1c,A+9,34,11,0,34,0x4c0c
greichweite_lang3_s1,16,WOOKY,links,links,2729,5fa54:4/5fa8c:5/5fab8:12/5faec:5/5fb18:17,9,A+9..A+20,12,0x400c,5,2739,A+10,5,56,-3,0,56,-3,0,3,nein,5,2772,22,stand/gehen 0x5ecaa,A+9,56,-3,0,48,0x400c
greichweite_lang3_s1,16,WOOKY,links,links,2789,5fa54:4/5fa8c:5/5fab8:12/5faec:5/5fb18:12,9,A+9..A+20,12,0x400c,5,2800,A+11,5,56,-3,0,56,-3,0,3,nein,5,2827,17,stand/gehen 0x5ecaa,A+9,56,-3,0,48,0x400c
greichweite_lang3_s1,16,WOOKY,links,links,2844,5fb50:4/5fb88:5/5fbb4:9,9,A+9..A+17,9,0x4c0c,5,2854,A+10,5,56,-3,0,56,-3,0,3,ja,,2862,0,stand/gehen 0x5ed1c,A+9,56,-3,0,48,0x4c0c
greichweite_lang3_s1,16,WOOKY,links,rechts,3685,5fa54:4/5fa8c:5/5fab8:12/5faec:5/5fb18:15,9,A+9..A+20,12,0x400c,5,3694,A+9,5,55,3,0,55,3,0,1,nein,5,3726,20,stand/gehen 0x5ecaa,A+9,55,3,0,48,0x400c
greichweite_lang3_s1,16,WOOKY,links,rechts,3743,5fa54:4/5fa8c:5/5fab8:12/5faec:5/5fb18:30,9,A+9..A+20,12,0x400c,5,3752,A+9,5,55,3,0,55,3,0,1,nein,5,3799,35,neuer angriff 0x5fc8c,A+9,55,3,0,48,0x400c
greichweite_lang3_s1,16,WOOKY,links,rechts,3799,5fc8c:4/5fcb8:4/5fce8:8,8,A+8..A+15,8,0x4c0c,5,3807,A+8,5,55,3,0,55,3,0,1,ja,,3815,0,stand/gehen 0x5ed1c,A+8,55,3,0,48,0x4c0c
greichweite_lang3_s1,17,EDDY,rechts,rechts,1134,643f8:4/64430:5/6445c:5/64490:5/644bc:26,9,A+9..A+13,5,0x400c,6,-,,0,-56,-1,0,,,,3,,5,1179,31,stand/gehen 0x6369a,A+9,-56,-1,0,-48,
greichweite_lang3_s1,17,EDDY,rechts,rechts,1380,64688:3/646c0:1/646f8:5/6472e:37/644bc:1,9,A+9..A+45,37,0x4c0c,6,-,,0,36..202,3,0..39,,,,2,,0,1427,1,stand/gehen 0x63746,A+9,36,3,39,-48,
greichweite_lang3_s1,17,EDDY,links,rechts,1593,645bc:4/645f4:6/64624:15/64654:8/644bc:15,10,A+10..A+24,15,0x440c,6,1608,A+15,6,37,-10,0,37,-10,0,3,nein,8,1641,23,stand/gehen 0x636d4,A+10,37,-10,0,37,0x440c
greichweite_lang3_s1,17,EDDY,links,rechts,1658,645bc:4/645f4:6/64624:15/64654:8/644bc:30,10,A+10..A+24,15,0x440c,6,1668,A+10,6,37,-10,0,37,-10,0,1,nein,8,1721,38,stand/gehen 0x6369a,A+10,37,-10,0,37,0x440c
greichweite_lang3_s1,17,EDDY,links,rechts,1739,64688:3/646c0:1/646f8:5/6472e:37/644bc:1,9,A+9..A+45,37,0x4c0c,6,-,,0,-86..22,-10,0,,,,3,,0,1786,1,stand/gehen 0x63746,A+9,22,-10,0,37,
greichweite_lang3_s1,17,EDDY,links,rechts,3030,643f8:4/64430:5/6445c:12/64490:5/644bc:13,9,A+9..A+20,12,0x400c,6,3039,A+9,6,56,-3,0,56,-3,0,1,nein,5,3069,18,stand/gehen 0x636d4,A+9,56,-3,0,48,0x400c
greichweite_lang3_s1,17,EDDY,links,rechts,3086,643f8:4/64430:5/6445c:12/64490:5/644bc:15,9,A+9..A+20,12,0x400c,6,3095,A+9,6,56,-3,0,56,-3,0,1,nein,5,3127,20,stand/gehen 0x636d4,A+9,56,-3,0,48,0x400c
greichweite_lang3_s1,17,EDDY,links,rechts,3144,644f4:4/6452c:5/64558:12/6458c:5,9,A+9..A+20,12,0x4c0c,6,3153,A+9,6,56..64,-3,0..14,56,-3,0,1,ja,,3170,5,stand/gehen 0x63746,A+9,56,-3,0,48,0x4c0c
greichweite_lang3_s1,17,EDDY,links,rechts,3424,645bc:4/645f4:6/64624:15/64654:8/644bc:17,10,A+10..A+24,15,0x440c,6,3434,A+10,6,47,11,0,47,11,0,1,nein,8,3474,25,stand/gehen 0x636d4,A+10,47,11,0,47,0x440c
greichweite_lang3_s1,17,EDDY,links,rechts,3491,645bc:4/645f4:6/64624:8/64654:7,10,A+10..A+17,8,0x440c,6,-,,0,47..58,11,0..18,,,,2,,,3516,7,stand/gehen 0x63746,A+10,47,11,0,47,
greichweite_lang3_s1,17,EDDY,links,rechts,3701,643f8:4/64430:5/6445c:5/64490:5/644bc:31,9,A+9..A+13,5,0x400c,6,-,,0,56,-3,0,,,,3,,5,3751,36,stand/gehen 0x6369a,A+9,56,-3,0,48,
greichweite_lang3_s2,14,WOOKY,links,links,1057,5fa54:4/5fa8c:5/5fab8:12/5faec:5/5fb18:28,9,A+9..A+20,12,0x400c,8,1066,A+9,8,47,-9,0,47,-9,0,1,nein,5,1111,33,stand/gehen 0x5ec70,A+9,47,-9,0,47,0x400c
greichweite_lang3_s2,14,WOOKY,links,links,1129,5fc18:4/5fc50:17/5fb18:13,4,A+4..A+20,17,0x440c,8,1133,A+4,8,47,-9,0,47,-9,0,1,nein,0,1163,13,stand/gehen 0x5ecaa,A+4,47,-9,0,47,0x440c
greichweite_lang3_s2,14,WOOKY,links,links,1180,5fc18:4/5fc50:17/5fb18:15,4,A+4..A+20,17,0x440c,8,1184,A+4,8,47,-9,0,47,-9,0,1,nein,0,1216,15,stand/gehen 0x5ecaa,A+4,47,-9,0,47,0x440c
greichweite_lang3_s2,14,WOOKY,links,links,1233,5fa54:4/5fa8c:5/5fab8:12/5faec:5/5fb18:30,9,A+9..A+20,12,0x400c,8,1243,A+10,8,47,-9,0,47,-9,0,3,nein,5,1289,35,neuer angriff 0x5fc8c,A+9,47,-9,0,47,0x400c
greichweite_lang3_s2,14,WOOKY,links,links,1289,5fc8c:4/5fcb8:4/5fce8:8,8,A+8..A+15,8,0x4c0c,8,1297,A+8,8,47,-9,0,47,-9,0,3,ja,,1305,0,stand/gehen 0x5ed1c,A+8,47,-9,0,47,0x4c0c
greichweite_lang3_s2,14,WOOKY,links,rechts,1562,5fa54:4/5fa8c:5/5fab8:5/5faec:5/5fb18:15,9,A+9..A+13,5,0x400c,8,-,,0,56,-3,0,,,,3,,5,1596,20,stand/gehen 0x5ecaa,A+9,56,-3,0,48,
greichweite_lang3_s2,14,WOOKY,rechts,rechts,2886,5fa54:4/5fa8c:5/5fab8:5/5faec:5/5fb18:30,9,A+9..A+13,5,0x400c,8,-,,0,-30,5,0,,,,3,,5,2935,35,stand/gehen 0x5ec70,A+9,-30,5,0,-30,
greichweite_lang3_s2,14,WOOKY,links,rechts,3472,5fc18:4/5fc50:17/5fb18:13,4,A+4..A+20,17,0x440c,8,3476,A+4,8,55,-3,0,55,-3,0,1,nein,0,3506,13,stand/gehen 0x5ecaa,A+4,55,-3,0,48,0x440c
greichweite_lang3_s2,14,WOOKY,links,rechts,3523,5fc18:4/5fc50:17/5fb18:15,4,A+4..A+20,17,0x440c,8,3527,A+4,8,55,-3,0,55,-3,0,1,nein,0,3559,15,stand/gehen 0x5ecaa,A+4,55,-3,0,48,0x440c
greichweite_lang3_s2,14,WOOKY,links,rechts,3576,5fa54:4/5fa8c:5/5fab8:12/5faec:5/5fb18:32,9,A+9..A+20,12,0x400c,8,3585,A+9,8,55,-3,0,55,-3,0,1,nein,5,3634,37,neuer angriff 0x5fc8c,A+9,55,-3,0,48,0x400c
greichweite_lang3_s2,14,WOOKY,links,rechts,3634,5fc8c:4/5fcb8:4/5fce8:8,8,A+8..A+15,8,0x4c0c,8,3642,A+8,8,55,-3,0,55,-3,0,1,ja,,3650,0,stand/gehen 0x5ed1c,A+8,55,-3,0,48,0x4c0c
greichweite_lang3_s2,15,WOOKY,rechts,links,696,5fc18:4/5fc50:17/5fb18:14,4,A+4..A+20,17,0x440c,8,700,A+4,8,-47,3,0,-47,3,0,1,nein,0,731,14,stand/gehen 0x5ecaa,A+4,-47,3,0,-47,0x440c
greichweite_lang3_s2,15,WOOKY,rechts,links,748,5fc18:4/5fc50:10/5fb18:13,4,A+4..A+13,10,0x440c,8,-,,0,-47,3,0,,,,3,,0,775,13,stand/gehen 0x5ecaa,A+4,-47,3,0,-47,
greichweite_lang3_s2,15,WOOKY,rechts,links,792,5fa54:4/5fa8c:5/5fab8:5/5faec:5/5fb18:7,9,A+9..A+13,5,0x400c,8,-,,0,-47,3,0,,,,3,,5,818,12,stand/gehen 0x5ed1c,A+9,-47,3,0,-47,
greichweite_lang3_s2,15,WOOKY,links,rechts,1486,5fa54:4/5fa8c:5/5fab8:12/5faec:5/5fb18:16,9,A+9..A+20,12,0x400c,8,1495,A+9,8,44,-7,0,44,-7,0,1,nein,5,1528,21,stand/gehen 0x5ecaa,A+9,44,-7,0,44,0x400c
greichweite_lang3_s2,15,WOOKY,links,rechts,1545,5fa54:4/5fa8c:5/5fab8:12/5faec:5/5fb18:32,9,A+9..A+20,12,0x400c,8,1554,A+9,8,44,-7,0,44,-7,0,1,nein,5,1603,37,neuer angriff 0x5fc8c,A+9,44,-7,0,44,0x400c
greichweite_lang3_s2,15,WOOKY,links,rechts,1603,5fc8c:4/5fcb8:4/5fce8:8,8,A+8..A+15,8,0x4c0c,8,1611,A+8,8,44,-7,0,44,-7,0,1,ja,,1619,0,stand/gehen 0x5ed1c,A+8,44,-7,0,44,0x4c0c
greichweite_lang3_s2,15,WOOKY,links,rechts,2325,5fa54:4/5fa8c:5/5fab8:12/5faec:5/5fb18:16,9,A+9..A+20,12,0x400c,8,2334,A+9,8,46,5,0,46,5,0,1,nein,5,2367,21,stand/gehen 0x5ecaa,A+9,46,5,0,46,0x400c
greichweite_lang3_s2,15,WOOKY,rechts,rechts,3146,5fa54:4/5fa8c:5/5fab8:12/5faec:5/5fb18:30,9,A+9..A+20,12,0x400c,8,3155,A+9,8,-56,-3,0,-56,-3,0,1,nein,5,3202,35,stand/gehen 0x5ec70,A+9,-56,-3,0,-48,0x400c
greichweite_lang3_s2,15,WOOKY,rechts,rechts,3270,5fa54:4/5fa8c:5/5fab8:1,9,A+9..A+9,1,0x400c,8,-,,0,-56,-3,0,,,,3,,,3280,0,stand/gehen 0x5ed1c,A+9,-56,-3,0,-48,
greichweite_lang3_s2,15,WOOKY,links,rechts,3582,5fa54:4/5fa8c:5/5fab8:5/5faec:5/5fb18:16,9,A+9..A+13,5,0x400c,8,-,,0,56,-1,0,,,,3,,5,3617,21,stand/gehen 0x5ecaa,A+9,56,-1,0,48,
greichweite_lang3_s2,15,WOOKY,rechts,rechts,3781,5fa54:4/5fa8c:5/5fab8:5/5faec:5/5fb18:15,9,A+9..A+13,5,0x400c,8,-,,0,-13,-1,0,,,,3,,5,3815,20,stand/gehen 0x5ecaa,A+9,-13,-1,0,-13,
greichweite_lang3_s2,15,WOOKY,rechts,rechts,3832,5fa54:4/5fa8c:5/5fab8:12/5faec:5/5fb18:32,9,A+9..A+20,12,0x400c,8,3841,A+9,8,-13,-1,0,-13,-1,0,1,nein,5,3890,37,neuer angriff 0x5fc8c,A+9,-13,-1,0,-13,0x400c
greichweite_lang3_s2,15,WOOKY,rechts,rechts,3890,5fc8c:4/5fcb8:4/5fce8:8,8,A+8..A+15,8,0x4c0c,8,3898,A+8,8,-13,-1,0,-13,-1,0,1,ja,,3906,0,stand/gehen 0x5ed1c,A+8,-13,-1,0,-13,0x4c0c
greichweite_lang3_s2,16,WOOKY,links,rechts,148,5fd24:4/5fd5c:6/5fd8c:15/5fdbc:8/5fb18:27,10,A+10..A+24,15,0x440c,5,158,A+10,5,56,-3,0,56,-3,0,1,nein,8,208,35,stand/gehen 0x5ec70,A+10,56,-3,0,48,0x440c
greichweite_lang3_s2,16,WOOKY,rechts,links,645,5fc18:4/5fc50:17/5fb18:15,4,A+4..A+20,17,0x440c,5,649,A+4,5,-56,-1,0,-56,-1,0,1,nein,0,681,15,stand/gehen 0x5ecaa,A+4,-56,-1,0,-48,0x440c
greichweite_lang3_s2,16,WOOKY,rechts,links,698,5fc18:4/5fc50:10/5fb18:13,4,A+4..A+13,10,0x440c,5,-,,0,-56,-1,0,,,,3,,0,725,13,stand/gehen 0x5ecaa,A+4,-56,-1,0,-48,
greichweite_lang3_s2,16,WOOKY,rechts,links,742,5fa54:4/5fa8c:5/5fab8:12/5faec:5/5fb18:34,9,A+9..A+20,12,0x400c,5,754,A+12,5,-56,-1,0,-56,-1,0,3,nein,5,802,39,neuer angriff 0x5fc8c,A+9,-56,-1,0,-48,0x400c
greichweite_lang3_s2,16,WOOKY,rechts,links,802,5fc8c:4/5fcb8:4/5fce8:15,8,A+8..A+22,15,0x4c0c,5,817,A+15,5,-56,-1,0,-56,-1,0,3,ja,,825,0,stand/gehen 0x5ed1c,A+8,-56,-1,0,-48,0x4c0c
greichweite_lang3_s2,16,WOOKY,rechts,links,1022,5fa54:4/5fa8c:5/5fab8:12/5faec:5/5fb18:31,9,A+9..A+20,12,0x400c,5,1031,A+9,5,-56,-4,0,-56,-4,0,1,nein,5,1079,36,stand/gehen 0x5ec70,A+9,-56,-4,0,-48,0x400c
greichweite_lang3_s2,16,WOOKY,rechts,links,1212,5fc18:4/5fc50:17/5fb18:14,4,A+4..A+20,17,0x440c,5,1216,A+4,5,-45,-4,0,-45,-4,0,1,nein,0,1247,14,stand/gehen 0x5ecaa,A+4,-45,-4,0,-45,0x440c
greichweite_lang3_s2,16,WOOKY,rechts,links,1264,5fc18:4/5fc50:17/5fb18:13,4,A+4..A+20,17,0x440c,5,1270,A+6,5,-45,-4,0,-45,-4,0,3,nein,0,1298,13,stand/gehen 0x5ed1c,A+4,-45,-4,0,-45,0x440c
greichweite_lang3_s2,16,WOOKY,links,links,2590,5fc18:4/5fc50:10/5fb18:16,4,A+4..A+13,10,0x440c,5,-,,0,45,-10,0,,,,3,,0,2620,16,stand/gehen 0x5ecaa,A+4,45,-10,0,45,
greichweite_lang3_s2,16,WOOKY,links,links,2637,5fc18:4/5fc50:10/5fb18:14,4,A+4..A+13,10,0x440c,5,-,,0,45,-10,0,,,,3,,0,2665,14,stand/gehen 0x5ecaa,A+4,45,-10,0,45,
greichweite_lang3_s2,16,WOOKY,links,links,2682,5fa54:4/5fa8c:5/5fab8:12/5faec:5/5fb18:30,9,A+9..A+20,12,0x400c,5,2691,A+9,5,45,-10,0,45,-10,0,3,nein,5,2738,35,neuer angriff 0x5fc8c,A+9,45,-10,0,45,0x400c
greichweite_lang3_s2,16,WOOKY,links,links,2738,5fc8c:4/5fcb8:4/5fce8:8,8,A+8..A+15,8,0x4c0c,5,2746,A+8,5,45,-10,0,45,-10,0,1,ja,,2754,0,stand/gehen 0x5ed1c,A+8,45,-10,0,45,0x4c0c
greichweite_lang3_s2,16,WOOKY,links,rechts,2885,5fa54:4/5fa8c:5/5fab8:5/5faec:5/5fb18:28,9,A+9..A+13,5,0x400c,5,-,,0,9,-5,0,,,,3,,5,2932,33,stand/gehen 0x5ec70,A+9,9,-5,0,9,
greichweite_lang3_s2,16,WOOKY,links,rechts,3166,5fa54:4/5fa8c:5/5fab8:5/5faec:5/5fb18:13,9,A+9..A+13,5,0x400c,5,-,,0,47,11,0,,,,3,,5,3198,18,stand/gehen 0x5ecaa,A+9,47,11,0,47,
greichweite_lang3_s2,16,WOOKY,links,rechts,3215,5fa54:4/5fa8c:5/5fab8:12/5faec:5/5fb18:12,9,A+9..A+20,12,0x400c,5,3224,A+9,5,47,11,0,47,11,0,1,nein,5,3253,17,stand/gehen 0x5ecaa,A+9,47,11,0,47,0x400c
greichweite_lang3_s2,16,WOOKY,links,rechts,3270,5fb50:4/5fb88:5/5fbb4:8,9,A+9..A+16,8,0x4c0c,5,3279,A+9,5,47,11,0,47,11,0,1,ja,,3287,0,stand/gehen 0x5ed1c,A+9,47,11,0,47,0x4c0c
greichweite_lang3_s2,16,WOOKY,rechts,rechts,3544,5fc18:4/5fc50:17/5fb18:13,4,A+4..A+20,17,0x440c,5,3554,A+10,5,-55,2,0,-55,2,0,3,nein,0,3578,13,stand/gehen 0x5ecaa,A+4,-55,2,0,-48,0x440c
greichweite_lang3_s2,16,WOOKY,rechts,rechts,3595,5fc18:4/5fc50:10/5fb18:14,4,A+4..A+13,10,0x440c,5,-,,0,-55,2,0,,,,3,,0,3623,14,stand/gehen 0x5ecaa,A+4,-55,2,0,-48,
greichweite_lang3_s2,16,WOOKY,rechts,links,4171,5fa54:4/5fa8c:5/5fab8:12/5faec:5/5fb18:4,9,A+9..A+20,12,0x400c,5,4180,A+9,5,-56,-3,0,-56,-3,0,1,nein,5,-,,laufende,A+9,-56,-3,0,-48,0x400c
greichweite_lang3_s2,17,EDDY,links,rechts,31,643f8:4/64430:5/6445c:12/64490:5/644bc:26,9,A+9..A+20,12,0x400c,6,40,A+9,6,46,2,0,46,2,0,1,nein,5,83,31,stand/gehen 0x6369a,A+9,46,2,0,46,0x400c
greichweite_lang3_s2,17,EDDY,rechts,rechts,275,64688:3/646c0:1/646f8:5/6472e:44/644bc:8,9,A+9..A+52,44,0x4c0c,6,284,A+9,6,-21..-13,0,0..48,-21,0,0,1,ja,0,336,8,stand/gehen 0x63746,A+9,-21,0,0,-4,0x4c0c
greichweite_lang3_s2,17,EDDY,rechts,links,492,643f8:4/64430:5/6445c:12/64490:5/644bc:24,9,A+9..A+20,12,0x400c,6,501,A+9,6,-56,3,0,-56,3,0,1,nein,5,542,29,stand/gehen 0x6369a,A+9,-56,3,0,-48,0x400c
greichweite_lang3_s2,17,EDDY,rechts,links,715,645bc:4/645f4:6/64624:15/64654:8/644bc:15,10,A+10..A+24,15,0x440c,6,727,A+12,6,-48,2,0,-48,2,0,3,nein,8,763,23,stand/gehen 0x636d4,A+10,-48,2,0,-48,0x440c
greichweite_lang3_s2,17,EDDY,rechts,links,780,645bc:4/645f4:6/64624:15/64654:8/644bc:25,10,A+10..A+24,15,0x440c,6,790,A+10,6,-48,2,0,-48,2,0,1,nein,8,838,33,stand/gehen 0x63746,A+10,-48,2,0,-48,0x440c
greichweite_lang3_s2,17,EDDY,rechts,rechts,1605,645bc:4/645f4:6/64624:15/64654:1,10,A+10..A+24,15,0x440c,6,-,,0,-45..-17,7,0..38,,,,2,,,1631,1,stand/gehen 0x63746,A+10,-45,7,0,-45,
greichweite_lang3_s2,17,EDDY,rechts,rechts,2100,643f8:4/64430:5/6445c:12/64490:5/644bc:15,9,A+9..A+20,12,0x400c,6,2109,A+9,6,-48,-3,0,-48,-3,0,1,nein,5,2141,20,stand/gehen 0x636d4,A+9,-48,-3,0,-48,0x400c
greichweite_lang3_s2,17,EDDY,rechts,rechts,2158,643f8:4/64430:5/6445c:5/64490:5/644bc:17,9,A+9..A+13,5,0x400c,6,-,,0,-48,-3,48,,,,2,,5,2194,22,stand/gehen 0x636d4,A+9,-48,-3,48,-48,
greichweite_lang3_s2,17,EDDY,rechts,rechts,2211,644f4:4/6452c:5/64558:5/6458c:5/644bc:26,9,A+9..A+13,5,0x4c0c,6,-,,0,-48,-3,0,,,,2,,5,2256,31,stand/gehen 0x63746,A+9,-48,-3,0,-48,
greichweite_lang3_s2,17,EDDY,rechts,rechts,2281,643f8:4/64430:5/6445c:5/64490:5/644bc:12,9,A+9..A+13,5,0x400c,6,-,,0,-37,0,0,,,,3,,5,2312,17,stand/gehen 0x636d4,A+9,-37,0,0,-37,
greichweite_lang3_s2,17,EDDY,rechts,rechts,2329,643f8:4/64430:5/6445c:5/64490:5/644bc:17,9,A+9..A+13,5,0x400c,6,-,,0,-37,0,0,,,,3,,5,2365,22,stand/gehen 0x636d4,A+9,-37,0,0,-37,
greichweite_lang3_s2,17,EDDY,rechts,rechts,2382,644f4:4/6452c:5/64558:12/6458c:5/644bc:3,9,A+9..A+20,12,0x4c0c,6,2391,A+9,6,-45..-37,0,0..14,-37,0,0,1,ja,5,2411,8,stand/gehen 0x63746,A+9,-37,0,0,-37,0x4c0c
greichweite_lang3_s2,17,EDDY,links,links,2590,64688:3/646c0:1/646f8:5/6472e:37/644bc:1,9,A+9..A+45,37,0x4c0c,6,-,,0,-88..20,11,0,,,,1/3,,0,2637,1,stand/gehen 0x63746,A+9,20,11,0,35,
greichweite_lang3_s2,17,EDDY,rechts,links,2683,64688:3/646c0:1/646f8:5/6472e:37/644bc:1,9,A+9..A+45,37,0x4c0c,6,-,,0,-32..40,3,0,,,,1/3,,0,2730,1,stand/gehen 0x63746,A+9,-32,3,0,-47,
greichweite_lang3_s2,17,EDDY,links,rechts,2748,643f8:4/64430:5/6445c:5/64490:4,9,A+9..A+13,5,0x400c,6,-,,0,49..60,3,14..29,,,,2,,,2766,4,stand/gehen 0x63746,A+9,49,3,14,40,
greichweite_lang3_s2,17,EDDY,rechts,links,4125,643f8:4/64430:5/6445c:12/64490:5/644bc:27,9,A+9..A+20,12,0x400c,6,4134,A+9,6,-55,3,0,-55,3,0,1,nein,5,4178,32,stand/gehen 0x6369a,A+9,-55,3,0,-48,0x400c
greichweite_lang3_s2,18,SKIP,links,links,639,28642:5/2867e:4/286b8:3/286f0:2/2872a:3/28764:16/287a0:1,1,A+1..A+4 A+6..A+8 A+10..A+11 A+13..A+16 A+18..A+32,28,0x8c00 0x8c00 0x8c00 0x8c00 0x8c00,11,-,,0,66,-9,0,,,,1/3,,,673,1,stand/gehen 0x282f4,A+1,66,-9,0,64,
greichweite_lang3_s2,18,SKIP,links,links,1137,28642:5/2867e:4/286b8:3/286f0:2/2872a:3/28764:16/287a0:1,1,A+1..A+4 A+6..A+8 A+10..A+11 A+13..A+16 A+18..A+32,28,0x8c00 0x8c00 0x8c00 0x8c00 0x8c00,11,-,,0,65,-9,0,,,,1/3,,,1171,1,stand/gehen 0x282f4,A+1,65,-9,0,64,
greichweite_lang3_s2,18,SKIP,links,rechts,1645,287e0:5/2881c:3/28858:3/2888e:2/288ca:4/28904:2/28940:2/28976:3/289b2:1,13,A+13..A+16,4,0x8402,8,-,,0,68,-1,1..3,,,,2,,,1670,8,stand/gehen 0x284d8,A+13,68,-1,1,64,
greichweite_lang3_s2,18,SKIP,links,rechts,1779,28642:5/2867e:4/286b8:3/286f0:2/2872a:3/28764:16/287a0:1,14,A+14..A+16,3,0x8a02,11,1793,A+14,11,57,-3,0,57,-3,0,1,ja,,1813,17,stand/gehen 0x284d8,A+14,57,-3,0,64,0x8a02
greichweite_lang3_s2,18,SKIP,rechts,links,2577,287e0:5/2881c:3/28858:3/2888e:2/288ca:4/28904:2/28940:2/28976:3/289b2:1,13,A+13..A+16,4,0x8402,8,2590,A+13,8,-56,-1,0,-56,-1,0,1,nein,,2602,8,stand/gehen 0x2849e,A+13,-56,-1,0,-64,0x8402
greichweite_lang3_s2,18,SKIP,rechts,links,2614,287e0:5/2881c:3/28858:3/2888e:2/288ca:4/28904:2/28940:2/28976:3/289b2:1,13,A+13..A+16,4,0x8402,8,2627,A+13,8,-56,-1,0,-56,-1,0,1,nein,,2639,8,stand/gehen 0x2849e,A+13,-56,-1,0,-64,0x8402
greichweite_lang3_s2,18,SKIP,rechts,links,2651,287e0:5/2881c:3/28858:3/2888e:2/288ca:4/28904:2/28940:2/28976:3/289b2:1,13,A+13..A+16,4,0x8402,8,2664,A+13,8,-56,-1,0,-56,-1,0,1,nein,,2676,8,stand/gehen 0x2849e,A+13,-56,-1,0,-64,0x8402
greichweite_lang3_s2,18,SKIP,rechts,links,2688,287e0:5/2881c:3/28858:3/2888e:2/288ca:4/28904:2/28940:2/28976:3/289b2:1,1,A+1..A+4 A+6..A+7 A+9..A+10 A+12..A+16 A+18..A+18 A+20..A+20 A+22..A+23,17,0x8c00 0x8c00 0x8c00 0x8c00 0x8c00 0x8c00 0x8c00,8,-,,0,-56,-1,0,,,,3,,,2713,1,stand/gehen 0x282f4,A+1,-56,-1,0,-64,
greichweite_lang3_s2,18,SKIP,links,rechts,2934,28642:5/2867e:4/286b8:3/286f0:2/2872a:3/28764:16/287a0:1,1,A+1..A+4 A+6..A+8 A+10..A+11 A+13..A+16 A+18..A+32,28,0x8c00 0x8c00 0x8c00 0x8c00 0x8c00,11,2948,A+14,11,72,-4,0..38,72,-4,0,1,ja,,2968,1,stand/gehen 0x282f4,A+1,72,-4,0,64,0x8a02
greichweite_lang3_s2,18,SKIP,links,rechts,3173,287e0:5/2881c:3/28858:3/2888e:2/288ca:4/28904:2/28940:2/28976:3/289b2:1,13,A+13..A+16,4,0x8402,8,3186,A+13,8,57,-6,0,57,-6,0,1,nein,,3198,8,stand/gehen 0x282f4,A+13,57,-6,0,64,0x8402
greichweite_lang3_s2,18,SKIP,links,rechts,3647,287e0:5/2881c:3/28858:3/2888e:2/288ca:4/28904:2/28940:2/28976:3/289b2:1,13,A+13..A+16,4,0x8402,8,-,,0,72,-4,38..44,,,,2,,,3672,8,stand/gehen 0x282f4,A+13,72,-4,38,64,
greichweite_lang3_s3,14,WOOKY,rechts,rechts,1166,5fa54:4/5fa8c:5/5fab8:5/5faec:5/5fb18:26,9,A+9..A+13,5,0x400c,8,-,,0,-47,-2,0,,,,3,,5,1211,31,stand/gehen 0x5ec70,A+9,-47,-2,0,-47,
greichweite_lang3_s3,14,WOOKY,rechts,rechts,1229,5fa54:4/5fa8c:5/5fab8:12/5faec:5/5fb18:26,9,A+9..A+20,12,0x400c,8,1238,A+9,8,-47,-2,0,-47,-2,0,1,nein,5,1281,31,stand/gehen 0x5ec70,A+9,-47,-2,0,-47,0x400c
greichweite_lang3_s3,14,WOOKY,rechts,rechts,1299,5fc18:4/5fc50:17/5fb18:14,4,A+4..A+20,17,0x440c,8,1303,A+4,8,-47,-2,0,-47,-2,0,1,nein,0,1334,14,stand/gehen 0x5ecaa,A+4,-47,-2,0,-47,0x440c
greichweite_lang3_s3,14,WOOKY,rechts,rechts,1351,5fc18:4/5fc50:17/5fb18:14,4,A+4..A+20,17,0x440c,8,1355,A+4,8,-47,-2,0,-47,-2,0,1,nein,0,1386,14,stand/gehen 0x5ecaa,A+4,-47,-2,0,-47,0x440c
greichweite_lang3_s3,14,WOOKY,rechts,rechts,1403,5fb50:4/5fb88:5/5fbb4:8,9,A+9..A+16,8,0x4c0c,8,1412,A+9,8,-47,-2,0,-47,-2,0,1,ja,,1420,0,stand/gehen 0x5ed1c,A+9,-47,-2,0,-47,0x4c0c
greichweite_lang3_s3,14,WOOKY,rechts,links,1605,5fc18:4/5fc50:17/5fb18:14,4,A+4..A+20,17,0x440c,8,1609,A+4,8,-55,3,0,-55,3,0,1,nein,0,1640,14,stand/gehen 0x5ecaa,A+4,-55,3,0,-48,0x440c
greichweite_lang3_s3,14,WOOKY,rechts,links,2159,5fc18:4/5fc50:10/5fb18:18,4,A+4..A+13,10,0x440c,8,-,,0,-55,-3,0,,,,3,,0,2191,18,stand/gehen 0x5ecaa,A+4,-55,-3,0,-48,
greichweite_lang3_s3,14,WOOKY,rechts,links,2208,5fc18:4/5fc50:10/5fb18:17,4,A+4..A+13,10,0x440c,8,-,,0,-55,-3,0,,,,3,,0,2239,17,stand/gehen 0x5ecaa,A+4,-55,-3,0,-48,
greichweite_lang3_s3,14,WOOKY,rechts,links,2256,5fb50:4/5fb88:5/5fbb4:5/5fbe8:5/5fb18:28,9,A+9..A+13,5,0x4c0c,8,-,,0,-55,-3,0,,,,3,,5,2303,33,stand/gehen 0x5ec70,A+9,-55,-3,0,-48,
greichweite_lang3_s3,14,WOOKY,rechts,links,2461,5fc18:4/5fc50:17/5fb18:16,4,A+4..A+20,17,0x440c,8,2465,A+4,8,-55,-3,0,-55,-3,0,1,nein,0,2498,16,stand/gehen 0x5ecaa,A+4,-55,-3,0,-48,0x440c
greichweite_lang3_s3,14,WOOKY,links,rechts,2707,5fa54:4/5fa8c:5/5fab8:5/5faec:5/5fb18:15,9,A+9..A+13,5,0x400c,8,-,,0,47,10,0,,,,3,,5,2741,20,stand/gehen 0x5ecaa,A+9,47,10,0,47,
greichweite_lang3_s3,14,WOOKY,rechts,links,2901,5fa54:4/5fa8c:5/5fab8:5/5faec:5/5fb18:29,9,A+9..A+13,5,0x400c,8,-,,0,-1,1,0,,,,3,,5,2949,34,stand/gehen 0x5ec70,A+9,-1,1,0,-1,
greichweite_lang3_s3,14,WOOKY,rechts,links,2967,5fc18:4/5fc50:10/5fb18:13,4,A+4..A+13,10,0x440c,8,-,,0,-1,1,0,,,,3,,0,2994,13,stand/gehen 0x5ecaa,A+4,-1,1,0,-1,
greichweite_lang3_s3,14,WOOKY,rechts,links,3011,5fc18:4/5fc50:17/5fb18:15,4,A+4..A+20,17,0x440c,8,3024,A+13,8,-1,1,0,-1,1,0,3,nein,0,3047,15,stand/gehen 0x5ecaa,A+4,-1,1,0,-1,0x440c
greichweite_lang3_s3,14,WOOKY,rechts,links,3064,5fb50:4/5fb88:5/5fbb4:5/5fbe8:5/5fb18:29,9,A+9..A+13,5,0x4c0c,8,-,,0,-1,1,0,,,,3,,5,3112,34,stand/gehen 0x5ec70,A+9,-1,1,0,-1,
greichweite_lang3_s3,14,WOOKY,rechts,links,3130,5fa54:4/5fa8c:5/5fab8:12/5faec:5/5fb18:11,9,A+9..A+20,12,0x400c,8,3139,A+9,8,-1,1,0,-1,1,0,1,nein,5,3167,16,stand/gehen 0x5ed1c,A+9,-1,1,0,-1,0x400c
greichweite_lang3_s3,14,WOOKY,rechts,links,3721,5fc18:4/5fc50:17/5fb18:16,4,A+4..A+20,17,0x440c,8,3728,A+7,8,-48,-8,0,-48,-8,0,3,nein,0,3758,16,stand/gehen 0x5ecaa,A+4,-48,-8,0,-48,0x440c
greichweite_lang3_s3,14,WOOKY,rechts,rechts,4037,5fa54:4/5fa8c:5/5fab8:8,9,A+9..A+16,8,0x400c,8,4046,A+9,8,-55,-3,0,-55,-3,0,1,nein,,4054,0,stand/gehen 0x5ed1c,A+9,-55,-3,0,-48,0x400c
greichweite_lang3_s3,15,WOOKY,rechts,rechts,1255,5fa54:4/5fa8c:5/5fab8:12/5faec:5/5fb18:14,9,A+9..A+20,12,0x400c,8,1265,A+10,8,-55,-1,0,-55,-1,0,3,nein,5,1295,19,stand/gehen 0x5ecaa,A+9,-55,-1,0,-48,0x400c
greichweite_lang3_s3,15,WOOKY,rechts,rechts,1312,5fa54:4/5fa8c:5/5fab8:5/5faec:5/5fb18:31,9,A+9..A+13,5,0x400c,8,-,,0,-55,-1,0,,,,3,,5,1362,36,neuer angriff 0x5fc8c,A+9,-55,-1,0,-48,
greichweite_lang3_s3,15,WOOKY,rechts,rechts,1362,5fc8c:4/5fcb8:4/5fce8:10/5fb18:27,8,A+8..A+17,10,0x4c0c,8,-,,0,-55,-1,0,,,,3,,0,1407,27,stand/gehen 0x5ec70,A+8,-55,-1,0,-48,
greichweite_lang3_s3,15,WOOKY,rechts,rechts,1826,5fc18:4/5fc50:17/5fb18:14,4,A+4..A+20,17,0x440c,8,1830,A+4,8,-2,11,0,-2,11,0,1,nein,0,1861,14,stand/gehen 0x5ecaa,A+4,-2,11,0,-2,0x440c
greichweite_lang3_s3,15,WOOKY,rechts,rechts,1878,5fc18:4/5fc50:17/5fb18:16,4,A+4..A+20,17,0x440c,8,1888,A+10,8,-2,11,0,-2,11,0,3,nein,0,1915,16,stand/gehen 0x5ecaa,A+4,-2,11,0,-2,0x440c
greichweite_lang3_s3,15,WOOKY,rechts,links,2239,5fa54:4/5fa8c:5/5fab8:12/5faec:5/5fb18:27,9,A+9..A+20,12,0x400c,8,2248,A+9,8,-55,1,0,-55,1,0,1,nein,5,2292,32,stand/gehen 0x5ec70,A+9,-55,1,0,-48,0x400c
greichweite_lang3_s3,15,WOOKY,rechts,links,2360,5fa54:4/5fa8c:5/5fab8:12/5faec:5/5fb18:17,9,A+9..A+20,12,0x400c,8,2369,A+9,8,-55,1,0,-55,1,0,1,nein,5,2403,22,stand/gehen 0x5ecaa,A+9,-55,1,0,-48,0x400c
greichweite_lang3_s3,15,WOOKY,rechts,links,2420,5fa54:4/5fa8c:5/5fab8:12/5faec:5/5fb18:30,9,A+9..A+20,12,0x400c,8,2429,A+9,8,-55,1,0,-55,1,0,1,nein,5,2476,35,neuer angriff 0x5fc8c,A+9,-55,1,0,-48,0x400c
greichweite_lang3_s3,15,WOOKY,rechts,links,2476,5fc8c:4/5fcb8:4/5fce8:10/5fb18:14,8,A+8..A+17,10,0x4c0c,8,-,,0,-55,1,0,,,,3,,0,2508,14,stand/gehen 0x5ed1c,A+8,-55,1,0,-48,
greichweite_lang3_s3,15,WOOKY,rechts,rechts,2646,5fa54:4/5fa8c:5/5fab8:5/5faec:5/5fb18:15,9,A+9..A+13,5,0x400c,8,-,,0,-8,-9,0,,,,3,,5,2680,20,stand/gehen 0x5ecaa,A+9,-8,-9,0,-8,
greichweite_lang3_s3,15,WOOKY,rechts,rechts,2697,5fa54:4/5fa8c:5/5fab8:12/5faec:5/5fb18:15,9,A+9..A+20,12,0x400c,8,2706,A+9,8,-8,-9,0,-8,-9,0,1,nein,5,2738,20,stand/gehen 0x5ecaa,A+9,-8,-9,0,-8,0x400c
greichweite_lang3_s3,15,WOOKY,rechts,links,3150,5fa54:4/5fa8c:5/5fab8:5/5faec:3,9,A+9..A+13,5,0x400c,8,-,,0,-55,-1,0,,,,3,,,3167,3,stand/gehen 0x5ed1c,A+9,-55,-1,0,-48,
greichweite_lang3_s3,15,WOOKY,links,links,3634,5fa54:4/5fa8c:5/5fab8:12/5faec:5/5fb18:15,9,A+9..A+20,12,0x400c,8,3643,A+9,8,56,0,0,56,0,0,1,nein,5,3675,20,stand/gehen 0x5ecaa,A+9,56,0,0,48,0x400c
greichweite_lang3_s3,15,WOOKY,links,links,3692,5fa54:4/5fa8c:5/5fab8:12/5faec:5/5fb18:16,9,A+9..A+20,12,0x400c,8,3701,A+9,8,56,0,0,56,0,0,1,nein,5,3734,21,stand/gehen 0x5ecaa,A+9,56,0,0,48,0x400c
greichweite_lang3_s3,15,WOOKY,links,links,3751,5fb50:4/5fb88:5/5fbb4:8,9,A+9..A+16,8,0x4c0c,8,3760,A+9,8,56,0,0,56,0,0,1,ja,,3768,0,stand/gehen 0x5ed1c,A+9,56,0,0,48,0x4c0c
greichweite_lang3_s3,16,WOOKY,rechts,rechts,1799,5fa54:4/5fa8c:5/5fab8:5/5faec:5/5fb18:17,9,A+9..A+13,5,0x400c,5,-,,0,-48,-9,0,,,,3,,5,1835,22,stand/gehen 0x5ecaa,A+9,-48,-9,0,-48,
greichweite_lang3_s3,16,WOOKY,rechts,rechts,1852,5fa54:4/5fa8c:5/5fab8:12/5faec:5/5fb18:33,9,A+9..A+20,12,0x400c,5,1861,A+9,5,-48,-9,0,-48,-9,0,1,nein,5,1911,38,neuer angriff 0x5fc8c,A+9,-48,-9,0,-48,0x400c
greichweite_lang3_s3,16,WOOKY,rechts,rechts,1911,5fc8c:4/5fcb8:4/5fce8:8,8,A+8..A+15,8,0x4c0c,5,1919,A+8,5,-48,-9,0,-48,-9,0,1,ja,,1927,0,stand/gehen 0x5ed1c,A+8,-48,-9,0,-48,0x4c0c
greichweite_lang3_s3,16,WOOKY,rechts,links,2206,5fc18:4/5fc50:17/5fb18:16,4,A+4..A+20,17,0x440c,5,2210,A+4,5,-2,11,0,-2,11,0,3,nein,0,2243,16,stand/gehen 0x5ecaa,A+4,-2,11,0,-2,0x440c
greichweite_lang3_s3,16,WOOKY,rechts,links,2260,5fc18:4/5fc50:10/5fb18:18,4,A+4..A+13,10,0x440c,5,-,,0,-2,11,0,,,,3,,0,2292,18,stand/gehen 0x5ecaa,A+4,-2,11,0,-2,
greichweite_lang3_s3,16,WOOKY,rechts,links,2309,5fa54:4/5fa8c:5/5fab8:12/5faec:5/5fb18:32,9,A+9..A+20,12,0x400c,5,2318,A+9,5,-2,11,0,-2,11,0,1,nein,5,2367,37,neuer angriff 0x5fc8c,A+9,-2,11,0,-2,0x400c
greichweite_lang3_s3,16,WOOKY,rechts,links,2367,5fc8c:4/5fcb8:4/5fce8:10/5fb18:27,8,A+8..A+17,10,0x4c0c,5,-,,0,-2,11,0,,,,3,,0,2412,27,stand/gehen 0x5ec70,A+8,-2,11,0,-2,
greichweite_lang3_s3,16,WOOKY,rechts,links,2430,5fa54:4/5fa8c:5/5fab8:5/5faec:5/5fb18:17,9,A+9..A+13,5,0x400c,5,-,,0,-2,11,0,,,,3,,5,2466,22,stand/gehen 0x5ecaa,A+9,-2,11,0,-2,
greichweite_lang3_s3,16,WOOKY,rechts,links,2483,5fa54:4/5fa8c:5/5fab8:12/5faec:4,9,A+9..A+20,12,0x400c,5,2492,A+9,5,-2,11,0,-2,11,0,3,nein,,2508,4,stand/gehen 0x5ed1c,A+9,-2,11,0,-2,0x400c
greichweite_lang3_s3,16,WOOKY,rechts,rechts,2655,5fc18:4/5fc50:17/5fb18:13,4,A+4..A+20,17,0x440c,5,2664,A+9,5,-21,-10,0,-21,-10,0,3,nein,0,2689,13,stand/gehen 0x5ecaa,A+4,-21,-10,0,-21,0x440c
greichweite_lang3_s3,16,WOOKY,rechts,rechts,2706,5fc18:4/5fc50:10/5fb18:16,4,A+4..A+13,10,0x440c,5,-,,0,-21,-10,0,,,,3,,0,2736,16,stand/gehen 0x5ecaa,A+4,-21,-10,0,-21,
greichweite_lang3_s3,16,WOOKY,rechts,rechts,2753,5fb50:4/5fb88:5/5fbb4:8,9,A+9..A+16,8,0x4c0c,5,2762,A+9,5,-21,-10,0,-21,-10,0,1,ja,,2770,0,stand/gehen 0x5ed1c,A+9,-21,-10,0,-21,0x4c0c
greichweite_lang3_s3,16,WOOKY,rechts,links,2920,5fd24:4/5fd5c:6/5fd8c:15/5fdbc:8/5fb18:26,10,A+10..A+24,15,0x440c,5,2930,A+10,5,-48,11,0,-48,11,0,1,nein,8,2979,34,stand/gehen 0x5ec70,A+10,-48,11,0,-48,0x440c
greichweite_lang3_s3,16,WOOKY,rechts,links,2997,5fc18:4/5fc50:10/5fb18:14,4,A+4..A+13,10,0x440c,5,-,,0,-48,11,0,,,,3,,0,3025,14,stand/gehen 0x5ecaa,A+4,-48,11,0,-48,
greichweite_lang3_s3,16,WOOKY,rechts,links,3042,5fc18:4/5fc50:17/5fb18:17,4,A+4..A+20,17,0x440c,5,3051,A+9,5,-48,11,0,-48,11,0,3,nein,0,3080,17,stand/gehen 0x5ecaa,A+4,-48,11,0,-48,0x440c
greichweite_lang3_s3,16,WOOKY,rechts,links,3097,5fa54:4/5fa8c:5/5fab8:12/5faec:5/5fb18:32,9,A+9..A+20,12,0x400c,5,3106,A+9,5,-48,11,0,-48,11,0,1,nein,5,3155,37,neuer angriff 0x5fc8c,A+9,-48,11,0,-48,0x400c
greichweite_lang3_s3,16,WOOKY,rechts,links,3155,5fc8c:4/5fcb8:4/5fce8:11,8,A+8..A+18,11,0x4c0c,5,3166,A+11,5,-48,11,0,-48,11,0,3,ja,,3174,0,stand/gehen 0x5ed1c,A+8,-48,11,0,-48,0x4c0c
greichweite_lang3_s3,16,WOOKY,rechts,rechts,3900,5fc18:4/5fc50:10/5fb18:18,4,A+4..A+13,10,0x440c,5,-,,0,-3,0,0,,,,3,,0,3932,18,stand/gehen 0x5ecaa,A+4,-3,0,0,-3,
greichweite_lang3_s3,16,WOOKY,rechts,rechts,3949,5fc18:4/5fc50:17/5fb18:16,4,A+4..A+20,17,0x440c,5,3953,A+4,5,-3,0,0,-3,0,0,1,nein,0,3986,16,stand/gehen 0x5ecaa,A+4,-3,0,0,-3,0x440c
greichweite_lang3_s3,16,WOOKY,rechts,rechts,4003,5fa54:4/5fa8c:5/5fab8:12/5faec:5/5fb18:24,9,A+9..A+20,12,0x400c,5,4012,A+9,5,-3,0,0,-3,0,0,1,nein,5,4053,29,stand/gehen 0x5ed1c,A+9,-3,0,0,-3,0x400c
greichweite_lang3_s3,17,EDDY,links,rechts,62,643f8:4/64430:5/6445c:12/64490:5/644bc:15,9,A+9..A+20,12,0x400c,6,71,A+9,6,17,11,0,17,11,0,1,nein,5,103,20,stand/gehen 0x636d4,A+9,17,11,0,17,0x400c
greichweite_lang3_s3,17,EDDY,links,rechts,120,643f8:4/64430:5/6445c:12/64490:5/644bc:14,9,A+9..A+20,12,0x400c,6,129,A+9,6,17,11,0,17,11,0,1,nein,5,160,19,stand/gehen 0x636d4,A+9,17,11,0,17,0x400c
greichweite_lang3_s3,17,EDDY,links,rechts,177,644f4:4/6452c:5/64558:12/6458c:5/644bc:3,9,A+9..A+20,12,0x4c0c,6,186,A+9,6,17..25,11,0..14,17,11,0,1,ja,5,206,8,stand/gehen 0x63746,A+9,17,11,0,17,0x4c0c
greichweite_lang3_s3,17,EDDY,links,rechts,695,643f8:4/64430:5/6445c:12/64490:5/644bc:15,9,A+9..A+20,12,0x400c,6,704,A+9,6,44,11,0,44,11,0,1,nein,5,736,20,stand/gehen 0x636d4,A+9,44,11,0,44,0x400c
greichweite_lang3_s3,17,EDDY,links,rechts,753,643f8:4/64430:5/6445c:12/64490:5/644bc:17,9,A+9..A+20,12,0x400c,6,762,A+9,6,44,11,0,44,11,0,1,nein,5,796,22,stand/gehen 0x636d4,A+9,44,11,0,44,0x400c
greichweite_lang3_s3,17,EDDY,links,rechts,813,644f4:4/6452c:5/64558:5/6458c:5/644bc:30,9,A+9..A+13,5,0x4c0c,6,-,,0,44,11,0,,,,3,,5,862,35,stand/gehen 0x6369a,A+9,44,11,0,44,
greichweite_lang3_s3,17,EDDY,links,rechts,880,645bc:4/645f4:6/64624:8/64654:8/644bc:17,10,A+10..A+17,8,0x440c,6,-,,0,44,11,0,,,,3,,8,923,25,stand/gehen 0x636d4,A+10,44,11,0,44,
greichweite_lang3_s3,17,EDDY,links,rechts,940,645bc:4/645f4:6/64624:15/64654:8/644bc:26,10,A+10..A+24,15,0x440c,6,950,A+10,6,44,11,0,44,11,0,1,nein,8,999,34,stand/gehen 0x6369a,A+10,44,11,0,44,0x440c
greichweite_lang3_s3,17,EDDY,links,rechts,1017,64688:3/646c0:1/646f8:5/6472e:44/644bc:26,9,A+9..A+52,44,0x4c0c,6,1026,A+9,6,22..29,11,0..48,29,11,0,1,ja,0,1096,26,stand/gehen 0x63746,A+9,29,11,0,44,0x4c0c
greichweite_lang3_s3,17,EDDY,links,links,1651,64688:3/646c0:1/646f8:5/6472e:44/644bc:29,9,A+9..A+52,44,0x4c0c,6,1660,A+9,6,33..40,-1,0..48,40,-1,0,1,ja,0,1733,29,stand/gehen 0x63746,A+9,40,-1,0,48,0x4c0c
greichweite_lang3_s3,17,EDDY,rechts,rechts,3960,645bc:4/645f4:6/64624:8/64654:8/644bc:15,10,A+10..A+17,8,0x440c,6,-,,0,-55,0,0,,,,3,,8,4001,23,stand/gehen 0x636d4,A+10,-55,0,0,-48,
greichweite_lang3_s3,17,EDDY,rechts,rechts,4018,645bc:4/645f4:6/64624:8/64654:8/644bc:27,10,A+10..A+17,8,0x440c,6,-,,0,-55,0,0,,,,3,,8,4071,35,stand/gehen 0x63746,A+10,-55,0,0,-48,
greichweite_lang3_s3,18,SKIP,links,rechts,789,287e0:5/2881c:3/28858:3/2888e:2/288ca:4/28904:2/28940:2/28976:3/289b2:1,13,A+13..A+16,4,0x8402,8,802,A+13,8,72,-4,0,72,-4,0,1,nein,,814,8,stand/gehen 0x2849e,A+13,72,-4,0,64,0x8402
greichweite_lang3_s3,18,SKIP,links,rechts,826,287e0:5/2881c:3/28858:3/2888e:2/288ca:4/28904:2/28940:2/28976:3/289b2:1,13,A+13..A+16,4,0x8402,8,839,A+13,8,72,-4,0,72,-4,0,1,nein,,851,8,stand/gehen 0x2849e,A+13,72,-4,0,64,0x8402
greichweite_lang3_s3,18,SKIP,links,rechts,863,287e0:5/2881c:3/28858:3/2888e:2/288ca:4/28904:2/28940:2/28976:3/289b2:1,13,A+13..A+16,4,0x8402,8,876,A+13,8,72,-4,0,72,-4,0,1,nein,,888,8,stand/gehen 0x2849e,A+13,72,-4,0,64,0x8402
greichweite_lang3_s3,18,SKIP,links,rechts,900,287e0:5/2881c:3/28858:3/2888e:2/288ca:4/28904:2/28940:2/28976:3/289b2:1,1,A+1..A+4 A+6..A+7 A+9..A+10 A+12..A+16 A+18..A+18 A+20..A+20 A+22..A+23,17,0x8c00 0x8c00 0x8c00 0x8c00 0x8c00 0x8c00 0x8c00,8,913,A+13,8,72,-4,0,72,-4,0,1,nein,,925,1,stand/gehen 0x282f4,A+1,72,-4,0,64,0x8402
greichweite_lang3_s3,18,SKIP,links,rechts,949,287e0:5/2881c:3/28858:3/2888e:2/288ca:4/28904:2/28940:2/28976:3/289b2:1,13,A+13..A+16,4,0x8402,8,-,,0,57,-2,0,,,,3,,,974,8,stand/gehen 0x282f4,A+13,57,-2,0,64,
greichweite_lang3_s3,18,SKIP,links,rechts,1310,287e0:5/2881c:3/28858:3/2888e:2/288ca:4/28904:2/28940:2/28976:3/289b2:1,13,A+13..A+16,4,0x8402,8,-,,0,72,4,0,,,,3,,,1335,8,stand/gehen 0x282f4,A+13,72,4,0,64,
greichweite_lang3_s3,18,SKIP,rechts,rechts,1655,287e0:5/2881c:3/28858:3/2888e:2/288ca:4/28904:2/28940:2/28976:3/289b2:1,13,A+13..A+16,4,0x8402,8,-,,0,-70..-61,3,0..14,,,,2,,,1680,8,stand/gehen 0x282f4,A+13,-70,3,0,-64,
greichweite_lang3_s3,18,SKIP,links,links,2133,287e0:5/2881c:3/28858:3/2888e:2/288ca:4/28904:2/28940:2/28976:3/289b2:1,13,A+13..A+16,4,0x8402,8,2146,A+13,8,57,3,0,57,3,0,1,nein,,2158,8,stand/gehen 0x2849e,A+13,57,3,0,64,0x8402
greichweite_lang3_s3,18,SKIP,links,links,2170,287e0:5/2881c:3/28858:3/2888e:2/288ca:4/28904:2/28940:2/28976:3/289b2:1,13,A+13..A+16,4,0x8402,8,2183,A+13,8,57,3,0,57,3,0,1,nein,,2195,8,stand/gehen 0x2849e,A+13,57,3,0,64,0x8402
greichweite_lang3_s3,18,SKIP,links,links,2207,287e0:5/2881c:3/28858:3/2888e:2/288ca:4/28904:2/28940:2/28976:3/289b2:1,13,A+13..A+16,4,0x8402,8,-,,0,57,3,0,,,,3,,,2232,8,stand/gehen 0x282f4,A+13,57,3,0,64,
greichweite_lang3_s3,18,SKIP,links,links,2947,287e0:5/2881c:3/28858:3/2888e:2/288ca:4/28904:2/28940:2/28976:3/289b2:1,13,A+13..A+16,4,0x8402,8,2960,A+13,8,58,1,0,58,1,0,1,nein,,2972,8,stand/gehen 0x2849e,A+13,58,1,0,64,0x8402
greichweite_lang3_s3,18,SKIP,links,links,2984,287e0:5/2881c:3/28858:3/2888e:2/288ca:4/28904:2/28940:2/28976:3/289b2:1,13,A+13..A+16,4,0x8402,8,2997,A+13,8,58,1,0,58,1,0,1,nein,,3009,8,stand/gehen 0x2849e,A+13,58,1,0,64,0x8402
greichweite_lang3_s3,18,SKIP,links,links,3021,287e0:5/2881c:3/28858:3/2888e:2/288ca:4/28904:2/28940:2/28976:3/289b2:1,13,A+13..A+16,4,0x8402,8,-,,0,58,1,0,,,,3,,,3046,8,stand/gehen 0x282f4,A+13,58,1,0,64,
greichweite_lang3_s3,18,SKIP,links,links,3096,287e0:5/2881c:3/28858:3/2888e:2/288ca:4/28904:2/28940:2/28976:3/289b2:1,13,A+13..A+16,4,0x8402,8,-,,0,72,4,0,,,,3,,,3121,8,stand/gehen 0x282f4,A+13,72,4,0,64,
greichweite_lang3_tiefe_b,16,WOOKY,rechts,rechts,1121,5fc18:4/5fc50:17/5fb18:17,4,A+4..A+20,17,0x440c,5,1125,A+4,5,-55,-1,0,-55,-1,0,1,nein,0,1159,17,stand/gehen 0x5ecaa,A+4,-55,-1,0,-48,0x440c
greichweite_lang3_tiefe_b,16,WOOKY,rechts,rechts,1176,5fc18:4/5fc50:17/5fb18:15,4,A+4..A+20,17,0x440c,5,1182,A+6,5,-55,-1,0,-55,-1,0,3,nein,0,1212,15,stand/gehen 0x5ecaa,A+4,-55,-1,0,-48,0x440c
greichweite_lang3_tiefe_b,16,WOOKY,rechts,rechts,1229,5fb50:4/5fb88:5/5fbb4:5/5fbe8:5/5fb18:27,9,A+9..A+13,5,0x4c0c,5,-,,0,-55,-1,0,,,,3,,5,1275,32,stand/gehen 0x5ec70,A+9,-55,-1,0,-48,
greichweite_lang3_tiefe_b,16,WOOKY,links,rechts,2821,5fc18:4/5fc50:17/5fb18:15,4,A+4..A+20,17,0x440c,5,2825,A+4,5,55,-3,0,55,-3,0,1,nein,0,2857,15,stand/gehen 0x5ecaa,A+4,55,-3,0,48,0x440c
greichweite_lang3_tiefe_b,16,WOOKY,links,rechts,2874,5fc18:4/5fc50:10/5fb18:14,4,A+4..A+13,10,0x440c,5,-,,0,55,-3,0,,,,3,,0,2902,14,stand/gehen 0x5ecaa,A+4,55,-3,0,48,
greichweite_lang3_tiefe_b,16,WOOKY,links,rechts,2919,5fb50:4/5fb88:5/5fbb4:5/5fbe8:5/5fb18:30,9,A+9..A+13,5,0x4c0c,5,-,,0,55,-3,0,,,,3,,5,2968,35,stand/gehen 0x5ec70,A+9,55,-3,0,48,
greichweite_lang3_tiefe_b,17,EDDY,links,rechts,62,643f8:4/64430:5/6445c:12/64490:5/644bc:15,9,A+9..A+20,12,0x400c,6,71,A+9,6,17,11,0,17,11,0,1,nein,5,103,20,stand/gehen 0x636d4,A+9,17,11,0,17,0x400c
greichweite_lang3_tiefe_b,17,EDDY,links,rechts,120,643f8:4/64430:5/6445c:12/64490:5/644bc:14,9,A+9..A+20,12,0x400c,6,129,A+9,6,17,11,0,17,11,0,1,nein,5,160,19,stand/gehen 0x636d4,A+9,17,11,0,17,0x400c
greichweite_lang3_tiefe_b,17,EDDY,links,rechts,177,644f4:4/6452c:5/64558:12/6458c:5/644bc:3,9,A+9..A+20,12,0x4c0c,6,186,A+9,6,17..25,11,0..14,17,11,0,1,ja,5,206,8,stand/gehen 0x63746,A+9,17,11,0,17,0x4c0c
greichweite_lang3_tiefe_b,17,EDDY,links,rechts,755,645bc:4/645f4:6/64624:15/64654:8/644bc:28,10,A+10..A+24,15,0x440c,6,765,A+10,6,55,1,0,55,1,0,1,nein,8,816,36,stand/gehen 0x6369a,A+10,55,1,0,48,0x440c
greichweite_lang3_tiefe_b,17,EDDY,links,rechts,1080,645bc:4/645f4:6/64624:15/64654:8/644bc:15,10,A+10..A+24,15,0x440c,6,1090,A+10,6,46,-1,0,46,-1,0,1,nein,8,1128,23,stand/gehen 0x636d4,A+10,46,-1,0,46,0x440c
greichweite_lang3_tiefe_b,17,EDDY,links,rechts,1145,645bc:4/645f4:6/64624:15/64654:8/644bc:25,10,A+10..A+24,15,0x440c,6,1155,A+10,6,46,-1,0,46,-1,0,1,nein,8,1203,33,stand/gehen 0x6369a,A+10,46,-1,0,46,0x440c
greichweite_lang3_tiefe_b,17,EDDY,links,rechts,1221,645bc:4/645f4:6/64624:15/64654:8/644bc:12,10,A+10..A+24,15,0x440c,6,1231,A+10,6,46,-1,0,46,-1,0,1,nein,8,1266,20,stand/gehen 0x636d4,A+10,46,-1,0,46,0x440c
greichweite_lang3_tiefe_b,17,EDDY,links,rechts,1283,645bc:4/645f4:6/64624:15/64654:8/644bc:31,10,A+10..A+24,15,0x440c,6,1293,A+10,6,46,-1,0,46,-1,0,1,nein,8,1347,39,stand/gehen 0x6369a,A+10,46,-1,0,46,0x440c
greichweite_lang3_tiefe_b,17,EDDY,links,rechts,1365,64688:3/646c0:1/646f8:5/6472e:44/644bc:1,9,A+9..A+52,44,0x4c0c,6,1374,A+9,6,-36..31,-1,0..48,31,-1,0,1,ja,0,1419,1,stand/gehen 0x63746,A+9,31,-1,0,46,0x4c0c
greichweite_lang3_tiefe_b,17,EDDY,links,rechts,1738,64688:3/646c0:1/646f8:5/6472e:44/644bc:1,9,A+9..A+52,44,0x4c0c,6,1747,A+9,6,-77..31,-6,0..48,31,-6,0,1,ja,0,1792,1,stand/gehen 0x63746,A+9,31,-6,0,46,0x4c0c
greichweite_lang3_tiefe_b,17,EDDY,links,rechts,2273,64688:3/646c0:1/646f8:5/6472e:44/644bc:1,9,A+9..A+52,44,0x4c0c,6,2282,A+9,6,-97..11,-10,0..48,11,-10,0,1,ja,0,2327,1,stand/gehen 0x63746,A+9,11,-10,0,26,0x4c0c
greichweite_lang3_tiefe_b,17,EDDY,rechts,rechts,2854,645bc:4/645f4:6/64624:15/64654:8/644bc:12,10,A+10..A+24,15,0x440c,6,2864,A+10,6,-56,1,0,-56,1,0,1,nein,8,2899,20,stand/gehen 0x636d4,A+10,-56,1,0,-48,0x440c
greichweite_lang3_tiefe_b,17,EDDY,rechts,rechts,2916,645bc:4/645f4:6/64624:15/64654:8/644bc:28,10,A+10..A+24,15,0x440c,6,2926,A+10,6,-56,1,0,-56,1,0,1,nein,8,2977,36,stand/gehen 0x6369a,A+10,-56,1,0,-48,0x440c
greichweite_lang3_tiefe_b,17,EDDY,rechts,rechts,3090,64688:3/646c0:1/646f8:5/6472e:44/644bc:33,9,A+9..A+52,44,0x4c0c,6,3099,A+9,6,-30..-22,1,0..48,-30,1,0,1,ja,0,3176,33,stand/gehen 0x63746,A+9,-30,1,0,-45,0x4c0c
greichweite_lang3_tiefe_b,17,EDDY,links,links,3238,64688:3/646c0:1/646f8:5/6472e:37/644bc:1,9,A+9..A+45,37,0x4c0c,6,-,,0,-102..6,-6,0,,,,1/3,,0,3285,1,stand/gehen 0x63746,A+9,6,-6,0,21,
greichweite_lang3_tiefe_b,17,EDDY,rechts,links,3336,645bc:4/645f4:6/64624:15/64654:8/644bc:30,10,A+10..A+24,15,0x440c,6,3346,A+10,6,-48,-1,0,-48,-1,0,1,nein,8,3399,38,stand/gehen 0x6369a,A+10,-48,-1,0,-48,0x440c
greichweite_lang3_tiefe_b,17,EDDY,rechts,links,3417,643f8:4/64430:5/6445c:12/64490:5/644bc:31,9,A+9..A+20,12,0x400c,6,3426,A+9,6,-48,-1,0,-48,-1,0,1,nein,5,3474,36,stand/gehen 0x6369a,A+9,-48,-1,0,-48,0x400c
greichweite_lang3_tiefe_b,17,EDDY,rechts,links,3492,64688:3/646c0:1/646f8:5/6472e:44/644bc:25,9,A+9..A+52,44,0x4c0c,6,3501,A+9,6,-33..-25,-1,0..48,-33,-1,0,1,ja,0,3570,25,stand/gehen 0x63746,A+9,-33,-1,0,-48,0x4c0c
# Teil 4: messen_greichweite.py gegnerangriff, Proben je Quelle (--start 1:ANIM)
lauf,slot,typ,blick,figur_blick,beginn,anims,startup,aktiv,aktive_frames,attr,schadenswert,treffer,treffer_rel,schaden,dx_aktiv,dz_aktiv,hoehe_aktiv,dx_treffer,dz_treffer,hoehe_treffer,figur_status,umgeworfen,nachlauf_fest,nachlauf_ende,nachlauf,ende_grund,erst_rel,dx_erst,dz_erst,hoehe_erst,ziel,attr_treffer
greichweite_WS1L_f12,18,WOOKY,links,rechts,19,5fa54:4/5fa8c:5/5fab8:12/5faec:5/5fb18:15,9,A+9..A+20,12,0x400c,5,32,A+13,5,46,10,0..60,46,10,0,1,nein,5,60,20,stand/gehen 0x5ecaa,A+9,46,10,60,46,0x400c
greichweite_WS1L_f13,18,WOOKY,links,rechts,19,5fa54:4/5fa8c:5/5fab8:5/5faec:5/5fb18:15,9,A+9..A+13,5,0x400c,5,-,,0,46,10,59..60,,,,1,,5,53,20,stand/gehen 0x5ecaa,A+9,46,10,60,46,
greichweite_WS1L_f8,18,WOOKY,links,rechts,19,5fa54:4/5fa8c:5/5fab8:12/5faec:5/5fb18:15,9,A+9..A+20,12,0x400c,5,28,A+9,5,46,10,0,46,10,0,1,nein,5,60,20,stand/gehen 0x5ecaa,A+9,46,10,0,46,0x400c
greichweite_WS1L_f9,18,WOOKY,links,rechts,19,5fa54:4/5fa8c:5/5fab8:12/5faec:5/5fb18:15,9,A+9..A+20,12,0x400c,5,29,A+10,5,46,10,0..60,46,10,0,1,nein,5,60,20,stand/gehen 0x5ecaa,A+9,46,10,60,46,0x400c
greichweite_WS1L_h48,18,WOOKY,links,rechts,19,5fa54:4/5fa8c:5/5fab8:8,9,A+9..A+16,8,0x400c,5,28,A+9,5,46,10,48,46,10,48,1,ja,,36,0,stand/gehen 0x5ed1c,A+9,46,10,48,46,0x400c
greichweite_WS1L_h49,18,WOOKY,links,rechts,19,5fa54:4/5fa8c:5/5fab8:10,9,A+9..A+18,10,0x400c,5,30,A+11,5,46,10,48..49,46,10,48,1,ja,,38,0,stand/gehen 0x5ed1c,A+9,46,10,49,46,0x400c
greichweite_WS1L_j11,18,WOOKY,links,rechts,19,5fa54:4/5fa8c:5/5fab8:5/5faec:5/5fb18:15,9,A+9..A+13,5,0x400c,5,-,,0,46,10,49..51,,,,1,,5,53,20,stand/gehen 0x5ecaa,A+9,46,10,49,46,
greichweite_WS1L_j12,18,WOOKY,links,rechts,19,5fa54:4/5fa8c:5/5fab8:8,9,A+9..A+16,8,0x400c,5,28,A+9,5,46,10,48,46,10,48,1,ja,,36,0,stand/gehen 0x5ed1c,A+9,46,10,48,46,0x400c
greichweite_WS1L_j5,18,WOOKY,links,rechts,19,5fa54:4/5fa8c:5/5fab8:11,9,A+9..A+19,11,0x400c,5,31,A+12,5,46,10,48..51,46,10,48,1,ja,,39,0,stand/gehen 0x5ed1c,A+9,46,10,51,46,0x400c
greichweite_WS1L_j7,18,WOOKY,links,rechts,19,5fa54:4/5fa8c:5/5fab8:5/5faec:5/5fb18:15,9,A+9..A+13,5,0x400c,5,-,,0,46,10,49..51,,,,1,,5,53,20,stand/gehen 0x5ecaa,A+9,46,10,51,46,
greichweite_WS1L_nat,18,WOOKY,links,rechts,19,5fa54:4/5fa8c:5/5fab8:12/5faec:5/5fb18:15,9,A+9..A+20,12,0x400c,5,28,A+9,5,46,10,0,46,10,0,1,nein,5,60,20,stand/gehen 0x5ecaa,A+9,46,10,0,46,0x400c
greichweite_WS1L_whiff,18,WOOKY,links,rechts,19,5fa54:4/5fa8c:5/5fab8:5/5faec:5/5fb18:15,9,A+9..A+13,5,0x400c,5,-,,0,46,10,59..60,,,,1,,5,53,20,stand/gehen 0x5ecaa,A+9,46,10,60,46,
greichweite_WS1L_x14,18,WOOKY,links,rechts,19,5fa54:4/5fa8c:5/5ed1c:1,,-,0,,5,-,,0,14,0,0,,,,1,,,29,,abgebrochen (stand/gehen 0x5ecaa),A+10,14,0,0,46,
greichweite_WS1L_x15,18,WOOKY,links,rechts,19,5fa54:4/5fa8c:5/5fab8:12/5faec:5/5fb18:15,9,A+9..A+20,12,0x400c,5,28,A+9,5,15,0,0,15,0,0,1,nein,5,60,20,stand/gehen 0x5ecaa,A+9,15,0,0,46,0x400c
greichweite_WS1L_x78,18,WOOKY,links,rechts,19,5fa54:4/5fa8c:5/5fab8:12/5faec:5/5fb18:15,9,A+9..A+20,12,0x400c,5,28,A+9,5,78,0,0,78,0,0,1,nein,5,60,20,stand/gehen 0x5ecaa,A+9,78,0,0,46,0x400c
greichweite_WS1L_x79,18,WOOKY,links,rechts,19,5fa54:4/5fa8c:5,,-,0,,5,-,,0,79,0,0,,,,1,,,28,,abgebrochen (stand/gehen 0x5ed1c),A+9,79,0,0,46,
greichweite_WS1L_z11,18,WOOKY,links,rechts,19,5fa54:4/5fa8c:5/5fab8:12/5faec:5/5fb18:15,9,A+9..A+20,12,0x400c,5,28,A+9,5,46,11,0,46,11,0,1,nein,5,60,20,stand/gehen 0x5ecaa,A+9,46,11,0,46,0x400c
greichweite_WS1L_z12,18,WOOKY,links,rechts,19,5fa54:4/5fa8c:5,,-,0,,5,-,,0,46,12,0,,,,1,,,28,,abgebrochen (stand/gehen 0x5ed1c),A+9,46,12,0,46,
greichweite_WS1L_zm10,18,WOOKY,links,rechts,19,5fa54:4/5fa8c:5/5fab8:12/5faec:5/5fb18:15,9,A+9..A+20,12,0x400c,5,28,A+9,5,46,-10,0,46,-10,0,1,nein,5,60,20,stand/gehen 0x5ecaa,A+9,46,-10,0,46,0x400c
greichweite_WS1L_zm11,18,WOOKY,links,rechts,19,5fa54:4/5fa8c:5,,-,0,,5,-,,0,46,-11,0,,,,1,,,28,,abgebrochen (stand/gehen 0x5ed1c),A+9,46,-11,0,46,
greichweite_WS1Ld5_x14,18,WOOKY,links,rechts,19,5fa54:4/5fa8c:5/5ed1c:1,,-,0,,5,-,,0,14,5,0,,,,1,,,29,,abgebrochen (stand/gehen 0x5ecaa),A+10,14,5,0,46,
greichweite_WS1Ld5_x15,18,WOOKY,links,rechts,19,5fa54:4/5fa8c:5/5fab8:12/5faec:5/5fb18:15,9,A+9..A+20,12,0x400c,5,28,A+9,5,15,5,0,15,5,0,1,nein,5,60,20,stand/gehen 0x5ecaa,A+9,15,5,0,46,0x400c
greichweite_WS1Ld5_x78,18,WOOKY,links,rechts,19,5fa54:4/5fa8c:5/5fab8:12/5faec:5/5fb18:15,9,A+9..A+20,12,0x400c,5,28,A+9,5,78,5,0,78,5,0,1,nein,5,60,20,stand/gehen 0x5ecaa,A+9,78,5,0,46,0x400c
greichweite_WS1Ld5_x79,18,WOOKY,links,rechts,19,5fa54:4/5fa8c:5,,-,0,,5,-,,0,79,5,0,,,,1,,,28,,abgebrochen (stand/gehen 0x5ed1c),A+9,79,5,0,46,
greichweite_WS1Lx30_z11,18,WOOKY,links,rechts,19,5fa54:4/5fa8c:5/5fab8:12/5faec:5/5fb18:15,9,A+9..A+20,12,0x400c,5,28,A+9,5,30,11,0,30,11,0,1,nein,5,60,20,stand/gehen 0x5ecaa,A+9,30,11,0,46,0x400c
greichweite_WS1Lx30_z12,18,WOOKY,links,rechts,19,5fa54:4/5fa8c:5,,-,0,,5,-,,0,30,12,0,,,,1,,,28,,abgebrochen (stand/gehen 0x5ed1c),A+9,30,12,0,46,
greichweite_WS1Lx30_zm10,18,WOOKY,links,rechts,19,5fa54:4/5fa8c:5/5fab8:12/5faec:5/5fb18:15,9,A+9..A+20,12,0x400c,5,28,A+9,5,30,-10,0,30,-10,0,1,nein,5,60,20,stand/gehen 0x5ecaa,A+9,30,-10,0,46,0x400c
greichweite_WS1Lx30_zm11,18,WOOKY,links,rechts,19,5fa54:4/5fa8c:5,,-,0,,5,-,,0,30,-11,0,,,,1,,,28,,abgebrochen (stand/gehen 0x5ed1c),A+9,30,-11,0,46,
greichweite_WS1La10_x90,18,WOOKY,links,rechts,19,5fa54:4/5fa8c:5/5fab8:1,9,A+9..A+9,1,0x400c,5,-,,0,46,0,60,,,,1,,,29,0,stand/gehen 0x5ed1c,A+9,46,0,60,46,
greichweite_WS1La1_x200,18,WOOKY,links,rechts,19,5fa54:1,,-,0,,5,-,,0,200,0,0,,,,1,,,20,,abgebrochen (stand/gehen 0x5ed1c),A+1,200,0,0,46,
greichweite_WS1R_f12,18,WOOKY,rechts,rechts,20,5fa54:4/5fa8c:5/5fab8:12/5faec:5/5fb18:13,9,A+9..A+20,12,0x400c,5,33,A+13,5,-46,10,0..60,-46,10,0,1,nein,5,59,18,stand/gehen 0x5ecaa,A+9,-46,10,60,-46,0x400c
greichweite_WS1R_f13,18,WOOKY,rechts,rechts,20,5fa54:4/5fa8c:5/5fab8:5/5faec:5/5fb18:14,9,A+9..A+13,5,0x400c,5,-,,0,-46,10,59..60,,,,1,,5,53,19,stand/gehen 0x5ecaa,A+9,-46,10,60,-46,
greichweite_WS1R_f8,18,WOOKY,rechts,rechts,20,5fa54:4/5fa8c:5/5fab8:12/5faec:5/5fb18:13,9,A+9..A+20,12,0x400c,5,29,A+9,5,-46,10,0,-46,10,0,1,nein,5,59,18,stand/gehen 0x5ecaa,A+9,-46,10,0,-46,0x400c
greichweite_WS1R_f9,18,WOOKY,rechts,rechts,20,5fa54:4/5fa8c:5/5fab8:12/5faec:5/5fb18:13,9,A+9..A+20,12,0x400c,5,30,A+10,5,-46,10,0..60,-46,10,0,1,nein,5,59,18,stand/gehen 0x5ecaa,A+9,-46,10,60,-46,0x400c
greichweite_WS1R_h48,18,WOOKY,rechts,rechts,20,5fa54:4/5fa8c:5/5fab8:8,9,A+9..A+16,8,0x400c,5,29,A+9,5,-46,10,48,-46,10,48,1,ja,,37,0,stand/gehen 0x5ed1c,A+9,-46,10,48,-46,0x400c
greichweite_WS1R_h49,18,WOOKY,rechts,rechts,20,5fa54:4/5fa8c:5/5fab8:10,9,A+9..A+18,10,0x400c,5,31,A+11,5,-46,10,48..49,-46,10,48,1,ja,,39,0,stand/gehen 0x5ed1c,A+9,-46,10,49,-46,0x400c
greichweite_WS1R_nat,18,WOOKY,rechts,rechts,20,5fa54:4/5fa8c:5/5fab8:12/5faec:5/5fb18:13,9,A+9..A+20,12,0x400c,5,29,A+9,5,-46,10,0,-46,10,0,1,nein,5,59,18,stand/gehen 0x5ecaa,A+9,-46,10,0,-46,0x400c
greichweite_WS1R_whiff,18,WOOKY,rechts,rechts,20,5fa54:4/5fa8c:5/5fab8:5/5faec:5/5fb18:14,9,A+9..A+13,5,0x400c,5,-,,0,-46,10,59..60,,,,1,,5,53,19,stand/gehen 0x5ecaa,A+9,-46,10,60,-46,
greichweite_WS1R_xm13,18,WOOKY,rechts,rechts,20,5fa54:4/5fa8c:5/5ed1c:1,,-,0,,5,-,,0,-13,0,0,,,,1,,,30,,abgebrochen (stand/gehen 0x5ecaa),A+10,-13,0,0,-46,
greichweite_WS1R_xm14,18,WOOKY,rechts,rechts,20,5fa54:4/5fa8c:5/5fab8:12/5faec:5/5fb18:13,9,A+9..A+20,12,0x400c,5,29,A+9,5,-14,0,0,-14,0,0,1,nein,5,59,18,stand/gehen 0x5ecaa,A+9,-14,0,0,-46,0x400c
greichweite_WS1R_xm77,18,WOOKY,rechts,rechts,20,5fa54:4/5fa8c:5/5fab8:12/5faec:5/5fb18:13,9,A+9..A+20,12,0x400c,5,29,A+9,5,-77,0,0,-77,0,0,1,nein,5,59,18,stand/gehen 0x5ecaa,A+9,-77,0,0,-46,0x400c
greichweite_WS1R_xm78,18,WOOKY,rechts,rechts,20,5fa54:4/5fa8c:5,,-,0,,5,-,,0,-78,0,0,,,,1,,,29,,abgebrochen (stand/gehen 0x5ed1c),A+9,-78,0,0,-46,
greichweite_WS1R_z11,18,WOOKY,rechts,rechts,20,5fa54:4/5fa8c:5/5fab8:12/5faec:5/5fb18:13,9,A+9..A+20,12,0x400c,5,29,A+9,5,-46,11,0,-46,11,0,1,nein,5,59,18,stand/gehen 0x5ecaa,A+9,-46,11,0,-46,0x400c
greichweite_WS1R_z12,18,WOOKY,rechts,rechts,20,5fa54:4/5fa8c:5,,-,0,,5,-,,0,-46,12,0,,,,1,,,29,,abgebrochen (stand/gehen 0x5ed1c),A+9,-46,12,0,-46,
greichweite_WS1R_zm10,18,WOOKY,rechts,rechts,20,5fa54:4/5fa8c:5/5fab8:12/5faec:5/5fb18:13,9,A+9..A+20,12,0x400c,5,29,A+9,5,-46,-10,0,-46,-10,0,1,nein,5,59,18,stand/gehen 0x5ecaa,A+9,-46,-10,0,-46,0x400c
greichweite_WS1R_zm11,18,WOOKY,rechts,rechts,20,5fa54:4/5fa8c:5,,-,0,,5,-,,0,-46,-11,0,,,,1,,,29,,abgebrochen (stand/gehen 0x5ed1c),A+9,-46,-11,0,-46,
greichweite_WS1Rd5_xm13,18,WOOKY,rechts,rechts,20,5fa54:4/5fa8c:5/5ed1c:1,,-,0,,5,-,,0,-13,5,0,,,,1,,,30,,abgebrochen (stand/gehen 0x5ecaa),A+10,-13,5,0,-46,
greichweite_WS1Rd5_xm14,18,WOOKY,rechts,rechts,20,5fa54:4/5fa8c:5/5fab8:12/5faec:5/5fb18:13,9,A+9..A+20,12,0x400c,5,29,A+9,5,-14,5,0,-14,5,0,1,nein,5,59,18,stand/gehen 0x5ecaa,A+9,-14,5,0,-46,0x400c
greichweite_WS1Rd5_xm77,18,WOOKY,rechts,rechts,20,5fa54:4/5fa8c:5/5fab8:12/5faec:5/5fb18:13,9,A+9..A+20,12,0x400c,5,29,A+9,5,-77,5,0,-77,5,0,1,nein,5,59,18,stand/gehen 0x5ecaa,A+9,-77,5,0,-46,0x400c
greichweite_WS1Rd5_xm78,18,WOOKY,rechts,rechts,20,5fa54:4/5fa8c:5,,-,0,,5,-,,0,-78,5,0,,,,1,,,29,,abgebrochen (stand/gehen 0x5ed1c),A+9,-78,5,0,-46,
greichweite_WS1Rx30_z11,18,WOOKY,rechts,rechts,20,5fa54:4/5fa8c:5/5fab8:12/5faec:5/5fb18:13,9,A+9..A+20,12,0x400c,5,29,A+9,5,-30,11,0,-30,11,0,1,nein,5,59,18,stand/gehen 0x5ecaa,A+9,-30,11,0,-46,0x400c
greichweite_WS1Rx30_z12,18,WOOKY,rechts,rechts,20,5fa54:4/5fa8c:5,,-,0,,5,-,,0,-30,12,0,,,,1,,,29,,abgebrochen (stand/gehen 0x5ed1c),A+9,-30,12,0,-46,
greichweite_WS1Rx30_zm10,18,WOOKY,rechts,rechts,20,5fa54:4/5fa8c:5/5fab8:12/5faec:5/5fb18:13,9,A+9..A+20,12,0x400c,5,29,A+9,5,-30,-10,0,-30,-10,0,1,nein,5,59,18,stand/gehen 0x5ecaa,A+9,-30,-10,0,-46,0x400c
greichweite_WS1Rx30_zm11,18,WOOKY,rechts,rechts,20,5fa54:4/5fa8c:5,,-,0,,5,-,,0,-30,-11,0,,,,1,,,29,,abgebrochen (stand/gehen 0x5ed1c),A+9,-30,-11,0,-46,
greichweite_WK1L_f12,18,WOOKY,links,rechts,137,5fb50:4/5fb88:5/5fbb4:12,9,A+9..A+20,12,0x4c0c,5,150,A+13,5,46,10,0..60,46,10,0,1,ja,,158,0,stand/gehen 0x5ed1c,A+9,46,10,60,46,0x4c0c
greichweite_WK1L_f13,18,WOOKY,links,rechts,137,5fb50:4/5fb88:5/5fbb4:5/5fbe8:5/5fb18:25,9,A+9..A+13,5,0x4c0c,5,-,,0,46,10,59..60,,,,1,,5,181,30,stand/gehen 0x5ec70,A+9,46,10,60,46,
greichweite_WK1L_f8,18,WOOKY,links,rechts,137,5fb50:4/5fb88:5/5fbb4:8,9,A+9..A+16,8,0x4c0c,5,146,A+9,5,46,10,0,46,10,0,1,ja,,154,0,stand/gehen 0x5ed1c,A+9,46,10,0,46,0x4c0c
greichweite_WK1L_f9,18,WOOKY,links,rechts,137,5fb50:4/5fb88:5/5fbb4:9,9,A+9..A+17,9,0x4c0c,5,147,A+10,5,46,10,0..60,46,10,0,1,ja,,155,0,stand/gehen 0x5ed1c,A+9,46,10,60,46,0x4c0c
greichweite_WK1L_h48,18,WOOKY,links,rechts,137,5fb50:4/5fb88:5/5fbb4:8,9,A+9..A+16,8,0x4c0c,5,146,A+9,5,46,10,48,46,10,48,1,ja,,154,0,stand/gehen 0x5ed1c,A+9,46,10,48,46,0x4c0c
greichweite_WK1L_h49,18,WOOKY,links,rechts,137,5fb50:4/5fb88:5/5fbb4:10,9,A+9..A+18,10,0x4c0c,5,148,A+11,5,46,10,48..49,46,10,48,1,ja,,156,0,stand/gehen 0x5ed1c,A+9,46,10,49,46,0x4c0c
greichweite_WK1L_nat,18,WOOKY,links,rechts,137,5fb50:4/5fb88:5/5fbb4:8,9,A+9..A+16,8,0x4c0c,5,146,A+9,5,46,10,0,46,10,0,1,ja,,154,0,stand/gehen 0x5ed1c,A+9,46,10,0,46,0x4c0c
greichweite_WK1L_whiff,18,WOOKY,links,rechts,137,5fb50:4/5fb88:5/5fbb4:5/5fbe8:5/5fb18:25,9,A+9..A+13,5,0x4c0c,5,-,,0,46,10,59..60,,,,1,,5,181,30,stand/gehen 0x5ec70,A+9,46,10,60,46,
greichweite_WK1L_x14,18,WOOKY,links,rechts,137,5fb50:4/5fb88:5/5ed1c:1,,-,0,,5,-,,0,14,0,0,,,,1,,,147,,abgebrochen (stand/gehen 0x5ecaa),A+10,14,0,0,46,
greichweite_WK1L_x15,18,WOOKY,links,rechts,137,5fb50:4/5fb88:5/5fbb4:8,9,A+9..A+16,8,0x4c0c,5,146,A+9,5,15,0,0,15,0,0,1,ja,,154,0,stand/gehen 0x5ed1c,A+9,15,0,0,46,0x4c0c
greichweite_WK1L_x78,18,WOOKY,links,rechts,137,5fb50:4/5fb88:5/5fbb4:8,9,A+9..A+16,8,0x4c0c,5,146,A+9,5,78,0,0,78,0,0,1,ja,,154,0,stand/gehen 0x5ed1c,A+9,78,0,0,46,0x4c0c
greichweite_WK1L_x79,18,WOOKY,links,rechts,137,5fb50:4/5fb88:5,,-,0,,5,-,,0,79,0,0,,,,1,,,146,,abgebrochen (stand/gehen 0x5ed1c),A+9,79,0,0,46,
greichweite_WK1L_z11,18,WOOKY,links,rechts,137,5fb50:4/5fb88:5/5fbb4:8,9,A+9..A+16,8,0x4c0c,5,146,A+9,5,46,11,0,46,11,0,1,ja,,154,0,stand/gehen 0x5ed1c,A+9,46,11,0,46,0x4c0c
greichweite_WK1L_z12,18,WOOKY,links,rechts,137,5fb50:4/5fb88:5,,-,0,,5,-,,0,46,12,0,,,,1,,,146,,abgebrochen (stand/gehen 0x5ed1c),A+9,46,12,0,46,
greichweite_WK1L_zm10,18,WOOKY,links,rechts,137,5fb50:4/5fb88:5/5fbb4:8,9,A+9..A+16,8,0x4c0c,5,146,A+9,5,46,-10,0,46,-10,0,1,ja,,154,0,stand/gehen 0x5ed1c,A+9,46,-10,0,46,0x4c0c
greichweite_WK1L_zm11,18,WOOKY,links,rechts,137,5fb50:4/5fb88:5,,-,0,,5,-,,0,46,-11,0,,,,1,,,146,,abgebrochen (stand/gehen 0x5ed1c),A+9,46,-11,0,46,
greichweite_WK1Ld5_x14,18,WOOKY,links,rechts,137,5fb50:4/5fb88:5/5ed1c:1,,-,0,,5,-,,0,14,5,0,,,,1,,,147,,abgebrochen (stand/gehen 0x5ecaa),A+10,14,5,0,46,
greichweite_WK1Ld5_x15,18,WOOKY,links,rechts,137,5fb50:4/5fb88:5/5fbb4:8,9,A+9..A+16,8,0x4c0c,5,146,A+9,5,15,5,0,15,5,0,1,ja,,154,0,stand/gehen 0x5ed1c,A+9,15,5,0,46,0x4c0c
greichweite_WK1Ld5_x78,18,WOOKY,links,rechts,137,5fb50:4/5fb88:5/5fbb4:8,9,A+9..A+16,8,0x4c0c,5,146,A+9,5,78,5,0,78,5,0,1,ja,,154,0,stand/gehen 0x5ed1c,A+9,78,5,0,46,0x4c0c
greichweite_WK1Ld5_x79,18,WOOKY,links,rechts,137,5fb50:4/5fb88:5,,-,0,,5,-,,0,79,5,0,,,,1,,,146,,abgebrochen (stand/gehen 0x5ed1c),A+9,79,5,0,46,
greichweite_WK1Lx30_z11,18,WOOKY,links,rechts,137,5fb50:4/5fb88:5/5fbb4:8,9,A+9..A+16,8,0x4c0c,5,146,A+9,5,30,11,0,30,11,0,1,ja,,154,0,stand/gehen 0x5ed1c,A+9,30,11,0,46,0x4c0c
greichweite_WK1Lx30_z12,18,WOOKY,links,rechts,137,5fb50:4/5fb88:5,,-,0,,5,-,,0,30,12,0,,,,1,,,146,,abgebrochen (stand/gehen 0x5ed1c),A+9,30,12,0,46,
greichweite_WK1Lx30_zm10,18,WOOKY,links,rechts,137,5fb50:4/5fb88:5/5fbb4:8,9,A+9..A+16,8,0x4c0c,5,146,A+9,5,30,-10,0,30,-10,0,1,ja,,154,0,stand/gehen 0x5ed1c,A+9,30,-10,0,46,0x4c0c
greichweite_WK1Lx30_zm11,18,WOOKY,links,rechts,137,5fb50:4/5fb88:5,,-,0,,5,-,,0,30,-11,0,,,,1,,,146,,abgebrochen (stand/gehen 0x5ed1c),A+9,30,-11,0,46,
greichweite_WK1R_f12,18,WOOKY,rechts,rechts,136,5fb50:4/5fb88:5/5fbb4:12,9,A+9..A+20,12,0x4c0c,5,149,A+13,5,-46,10,0..60,-46,10,0,1,ja,,157,0,stand/gehen 0x5ed1c,A+9,-46,10,60,-46,0x4c0c
greichweite_WK1R_f13,18,WOOKY,rechts,rechts,136,5fb50:4/5fb88:5/5fbb4:5/5fbe8:5/5fb18:30,9,A+9..A+13,5,0x4c0c,5,-,,0,-46,10,59..60,,,,1,,5,185,35,stand/gehen 0x5ec70,A+9,-46,10,60,-46,
greichweite_WK1R_f8,18,WOOKY,rechts,rechts,136,5fb50:4/5fb88:5/5fbb4:8,9,A+9..A+16,8,0x4c0c,5,145,A+9,5,-46,10,0,-46,10,0,1,ja,,153,0,stand/gehen 0x5ed1c,A+9,-46,10,0,-46,0x4c0c
greichweite_WK1R_f9,18,WOOKY,rechts,rechts,136,5fb50:4/5fb88:5/5fbb4:9,9,A+9..A+17,9,0x4c0c,5,146,A+10,5,-46,10,0..60,-46,10,0,1,ja,,154,0,stand/gehen 0x5ed1c,A+9,-46,10,60,-46,0x4c0c
greichweite_WK1R_h48,18,WOOKY,rechts,rechts,136,5fb50:4/5fb88:5/5fbb4:8,9,A+9..A+16,8,0x4c0c,5,145,A+9,5,-46,10,48,-46,10,48,1,ja,,153,0,stand/gehen 0x5ed1c,A+9,-46,10,48,-46,0x4c0c
greichweite_WK1R_h49,18,WOOKY,rechts,rechts,136,5fb50:4/5fb88:5/5fbb4:10,9,A+9..A+18,10,0x4c0c,5,147,A+11,5,-46,10,48..49,-46,10,48,1,ja,,155,0,stand/gehen 0x5ed1c,A+9,-46,10,49,-46,0x4c0c
greichweite_WK1R_nat,18,WOOKY,rechts,rechts,136,5fb50:4/5fb88:5/5fbb4:8,9,A+9..A+16,8,0x4c0c,5,145,A+9,5,-46,10,0,-46,10,0,1,ja,,153,0,stand/gehen 0x5ed1c,A+9,-46,10,0,-46,0x4c0c
greichweite_WK1R_whiff,18,WOOKY,rechts,rechts,136,5fb50:4/5fb88:5/5fbb4:5/5fbe8:5/5fb18:30,9,A+9..A+13,5,0x4c0c,5,-,,0,-46,10,59..60,,,,1,,5,185,35,stand/gehen 0x5ec70,A+9,-46,10,60,-46,
greichweite_WK1R_xm13,18,WOOKY,rechts,rechts,136,5fb50:4/5fb88:5/5ed1c:1,,-,0,,5,-,,0,-13,0,0,,,,1,,,146,,abgebrochen (stand/gehen 0x5ecaa),A+10,-13,0,0,-46,
greichweite_WK1R_xm14,18,WOOKY,rechts,rechts,136,5fb50:4/5fb88:5/5fbb4:8,9,A+9..A+16,8,0x4c0c,5,145,A+9,5,-14,0,0,-14,0,0,1,ja,,153,0,stand/gehen 0x5ed1c,A+9,-14,0,0,-46,0x4c0c
greichweite_WK1R_xm77,18,WOOKY,rechts,rechts,136,5fb50:4/5fb88:5/5fbb4:8,9,A+9..A+16,8,0x4c0c,5,145,A+9,5,-77,0,0,-77,0,0,1,ja,,153,0,stand/gehen 0x5ed1c,A+9,-77,0,0,-46,0x4c0c
greichweite_WK1R_xm78,18,WOOKY,rechts,rechts,136,5fb50:4/5fb88:5,,-,0,,5,-,,0,-78,0,0,,,,1,,,145,,abgebrochen (stand/gehen 0x5ed1c),A+9,-78,0,0,-46,
greichweite_WK1R_z11,18,WOOKY,rechts,rechts,136,5fb50:4/5fb88:5/5fbb4:8,9,A+9..A+16,8,0x4c0c,5,145,A+9,5,-46,11,0,-46,11,0,1,ja,,153,0,stand/gehen 0x5ed1c,A+9,-46,11,0,-46,0x4c0c
greichweite_WK1R_z12,18,WOOKY,rechts,rechts,136,5fb50:4/5fb88:5,,-,0,,5,-,,0,-46,12,0,,,,1,,,145,,abgebrochen (stand/gehen 0x5ed1c),A+9,-46,12,0,-46,
greichweite_WK1R_zm10,18,WOOKY,rechts,rechts,136,5fb50:4/5fb88:5/5fbb4:8,9,A+9..A+16,8,0x4c0c,5,145,A+9,5,-46,-10,0,-46,-10,0,1,ja,,153,0,stand/gehen 0x5ed1c,A+9,-46,-10,0,-46,0x4c0c
greichweite_WK1R_zm11,18,WOOKY,rechts,rechts,136,5fb50:4/5fb88:5,,-,0,,5,-,,0,-46,-11,0,,,,1,,,145,,abgebrochen (stand/gehen 0x5ed1c),A+9,-46,-11,0,-46,
greichweite_WK1Rd5_xm13,18,WOOKY,rechts,rechts,136,5fb50:4/5fb88:5/5ed1c:1,,-,0,,5,-,,0,-13,5,0,,,,1,,,146,,abgebrochen (stand/gehen 0x5ecaa),A+10,-13,5,0,-46,
greichweite_WK1Rd5_xm14,18,WOOKY,rechts,rechts,136,5fb50:4/5fb88:5/5fbb4:8,9,A+9..A+16,8,0x4c0c,5,145,A+9,5,-14,5,0,-14,5,0,1,ja,,153,0,stand/gehen 0x5ed1c,A+9,-14,5,0,-46,0x4c0c
greichweite_WK1Rd5_xm77,18,WOOKY,rechts,rechts,136,5fb50:4/5fb88:5/5fbb4:8,9,A+9..A+16,8,0x4c0c,5,145,A+9,5,-77,5,0,-77,5,0,1,ja,,153,0,stand/gehen 0x5ed1c,A+9,-77,5,0,-46,0x4c0c
greichweite_WK1Rd5_xm78,18,WOOKY,rechts,rechts,136,5fb50:4/5fb88:5,,-,0,,5,-,,0,-78,5,0,,,,1,,,145,,abgebrochen (stand/gehen 0x5ed1c),A+9,-78,5,0,-46,
greichweite_WK1Rx30_z11,18,WOOKY,rechts,rechts,136,5fb50:4/5fb88:5/5fbb4:8,9,A+9..A+16,8,0x4c0c,5,145,A+9,5,-30,11,0,-30,11,0,1,ja,,153,0,stand/gehen 0x5ed1c,A+9,-30,11,0,-46,0x4c0c
greichweite_WK1Rx30_z12,18,WOOKY,rechts,rechts,136,5fb50:4/5fb88:5,,-,0,,5,-,,0,-30,12,0,,,,1,,,145,,abgebrochen (stand/gehen 0x5ed1c),A+9,-30,12,0,-46,
greichweite_WK1Rx30_zm10,18,WOOKY,rechts,rechts,136,5fb50:4/5fb88:5/5fbb4:8,9,A+9..A+16,8,0x4c0c,5,145,A+9,5,-30,-10,0,-30,-10,0,1,ja,,153,0,stand/gehen 0x5ed1c,A+9,-30,-10,0,-46,0x4c0c
greichweite_WK1Rx30_zm11,18,WOOKY,rechts,rechts,136,5fb50:4/5fb88:5,,-,0,,5,-,,0,-30,-11,0,,,,1,,,145,,abgebrochen (stand/gehen 0x5ed1c),A+9,-30,-11,0,-46,
greichweite_WS2L_f12,16,WOOKY,links,rechts,203,5fc18:4/5fc50:17/5fb18:14,4,A+4..A+20,17,0x440c,5,216,A+13,5,55,-3,0..60,55,-3,0,1,nein,0,238,14,stand/gehen 0x5ecaa,A+4,55,-3,60,48,0x440c
greichweite_WS2L_f13,16,WOOKY,links,rechts,203,5fc18:4/5fc50:10/5fb18:16,4,A+4..A+13,10,0x440c,5,-,,0,55,-3,58..60,,,,1,,0,233,16,stand/gehen 0x5ecaa,A+4,55,-3,60,48,
greichweite_WS2L_f3,16,WOOKY,links,rechts,203,5fc18:4/5fc50:17/5fb18:14,4,A+4..A+20,17,0x440c,5,207,A+4,5,55,-3,0,55,-3,0,1,nein,0,238,14,stand/gehen 0x5ecaa,A+4,55,-3,0,48,0x440c
greichweite_WS2L_f4,16,WOOKY,links,rechts,203,5fc18:4/5fc50:17/5fb18:14,4,A+4..A+20,17,0x440c,5,208,A+5,5,55,-3,0..60,55,-3,0,1,nein,0,238,14,stand/gehen 0x5ecaa,A+4,55,-3,60,48,0x440c
greichweite_WS2L_h48,16,WOOKY,links,rechts,203,5fc18:4/5fc50:8,4,A+4..A+11,8,0x440c,5,207,A+4,5,55,-3,48,55,-3,48,1,ja,,215,0,stand/gehen 0x5ed1c,A+4,55,-3,48,48,0x440c
greichweite_WS2L_h49,16,WOOKY,links,rechts,203,5fc18:4/5fc50:10,4,A+4..A+13,10,0x440c,5,209,A+6,5,55,-3,48..49,55,-3,48,1,ja,,217,0,stand/gehen 0x5ed1c,A+4,55,-3,49,48,0x440c
greichweite_WS2L_nat,16,WOOKY,links,rechts,203,5fc18:4/5fc50:17/5fb18:14,4,A+4..A+20,17,0x440c,5,207,A+4,5,55,-3,0,55,-3,0,1,nein,0,238,14,stand/gehen 0x5ecaa,A+4,55,-3,0,48,0x440c
greichweite_WS2L_whiff,16,WOOKY,links,rechts,203,5fc18:4/5fc50:10/5fb18:16,4,A+4..A+13,10,0x440c,5,-,,0,55,-3,58..60,,,,1,,0,233,16,stand/gehen 0x5ecaa,A+4,55,-3,60,48,
greichweite_WS2L_x16,16,WOOKY,links,rechts,203,5fc18:4/5ed1c:1,,-,0,,5,-,,0,16,0,0,,,,1,,,208,,abgebrochen (stand/gehen 0x5ecaa),A+5,16,0,0,48,
greichweite_WS2L_x17,16,WOOKY,links,rechts,203,5fc18:4/5fc50:17/5fb18:14,4,A+4..A+20,17,0x440c,5,207,A+4,5,17,0,0,17,0,0,1,nein,0,238,14,stand/gehen 0x5ecaa,A+4,17,0,0,48,0x440c
greichweite_WS2L_x80,16,WOOKY,links,rechts,203,5fc18:4/5fc50:17/5fb18:16,4,A+4..A+20,17,0x440c,5,207,A+4,5,80,0,0,80,0,0,1,nein,0,240,16,stand/gehen 0x5ecaa,A+4,80,0,0,48,0x440c
greichweite_WS2L_x81,16,WOOKY,links,rechts,203,5fc18:4,,-,0,,5,-,,0,81,0,0,,,,1,,,207,,abgebrochen (stand/gehen 0x5ed1c),A+4,81,0,0,48,
greichweite_WS2L_z11,16,WOOKY,links,rechts,203,5fc18:4/5fc50:17/5fb18:14,4,A+4..A+20,17,0x440c,5,207,A+4,5,55,11,0,55,11,0,1,nein,0,238,14,stand/gehen 0x5ecaa,A+4,55,11,0,48,0x440c
greichweite_WS2L_z12,16,WOOKY,links,rechts,203,5fc18:4,,-,0,,5,-,,0,55,12,0,,,,1,,,207,,abgebrochen (stand/gehen 0x5ed1c),A+4,55,12,0,48,
greichweite_WS2L_zm10,16,WOOKY,links,rechts,203,5fc18:4/5fc50:17/5fb18:14,4,A+4..A+20,17,0x440c,5,207,A+4,5,55,-10,0,55,-10,0,1,nein,0,238,14,stand/gehen 0x5ecaa,A+4,55,-10,0,48,0x440c
greichweite_WS2L_zm11,16,WOOKY,links,rechts,203,5fc18:4,,-,0,,5,-,,0,55,-11,0,,,,1,,,207,,abgebrochen (stand/gehen 0x5ed1c),A+4,55,-11,0,48,
greichweite_WS2Ld5_x16,16,WOOKY,links,rechts,203,5fc18:4/5ed1c:1,,-,0,,5,-,,0,16,5,0,,,,1,,,208,,abgebrochen (stand/gehen 0x5ecaa),A+5,16,5,0,48,
greichweite_WS2Ld5_x17,16,WOOKY,links,rechts,203,5fc18:4/5fc50:17/5fb18:14,4,A+4..A+20,17,0x440c,5,207,A+4,5,17,5,0,17,5,0,1,nein,0,238,14,stand/gehen 0x5ecaa,A+4,17,5,0,48,0x440c
greichweite_WS2Ld5_x80,16,WOOKY,links,rechts,203,5fc18:4/5fc50:17/5fb18:16,4,A+4..A+20,17,0x440c,5,207,A+4,5,80,5,0,80,5,0,1,nein,0,240,16,stand/gehen 0x5ecaa,A+4,80,5,0,48,0x440c
greichweite_WS2Ld5_x81,16,WOOKY,links,rechts,203,5fc18:4,,-,0,,5,-,,0,81,5,0,,,,1,,,207,,abgebrochen (stand/gehen 0x5ed1c),A+4,81,5,0,48,
greichweite_WS2Lx30_z11,16,WOOKY,links,rechts,203,5fc18:4/5fc50:17/5fb18:14,4,A+4..A+20,17,0x440c,5,207,A+4,5,30,11,0,30,11,0,1,nein,0,238,14,stand/gehen 0x5ecaa,A+4,30,11,0,48,0x440c
greichweite_WS2Lx30_z12,16,WOOKY,links,rechts,203,5fc18:4,,-,0,,5,-,,0,30,12,0,,,,1,,,207,,abgebrochen (stand/gehen 0x5ed1c),A+4,30,12,0,48,
greichweite_WS2Lx30_zm10,16,WOOKY,links,rechts,203,5fc18:4/5fc50:17/5fb18:14,4,A+4..A+20,17,0x440c,5,207,A+4,5,30,-10,0,30,-10,0,1,nein,0,238,14,stand/gehen 0x5ecaa,A+4,30,-10,0,48,0x440c
greichweite_WS2Lx30_zm11,16,WOOKY,links,rechts,203,5fc18:4,,-,0,,5,-,,0,30,-11,0,,,,1,,,207,,abgebrochen (stand/gehen 0x5ed1c),A+4,30,-11,0,48,
greichweite_WS2Lb_f12,16,WOOKY,links,rechts,129,5fc18:4/5fc50:17/5fb18:15,4,A+4..A+20,17,0x440c,5,142,A+13,5,46,11,0..60,46,11,0,1,nein,0,165,15,stand/gehen 0x5ecaa,A+4,46,11,60,46,0x440c
greichweite_WS2Lb_f13,16,WOOKY,links,rechts,129,5fc18:4/5fc50:10/5fb18:15,4,A+4..A+13,10,0x440c,5,-,,0,46,11,58..60,,,,1,,0,158,15,stand/gehen 0x5ecaa,A+4,46,11,60,46,
greichweite_WS2Lb_f3,16,WOOKY,links,rechts,129,5fc18:4/5fc50:17/5fb18:15,4,A+4..A+20,17,0x440c,5,133,A+4,5,46,11,0,46,11,0,1,nein,0,165,15,stand/gehen 0x5ecaa,A+4,46,11,0,46,0x440c
greichweite_WS2Lb_f4,16,WOOKY,links,rechts,129,5fc18:4/5fc50:17/5fb18:15,4,A+4..A+20,17,0x440c,5,134,A+5,5,46,11,0..60,46,11,0,1,nein,0,165,15,stand/gehen 0x5ecaa,A+4,46,11,60,46,0x440c
greichweite_WS2Lb_h48,16,WOOKY,links,rechts,129,5fc18:4/5fc50:8,4,A+4..A+11,8,0x440c,5,133,A+4,5,46,11,48,46,11,48,1,ja,,141,0,stand/gehen 0x5ed1c,A+4,46,11,48,46,0x440c
greichweite_WS2Lb_h49,16,WOOKY,links,rechts,129,5fc18:4/5fc50:10,4,A+4..A+13,10,0x440c,5,135,A+6,5,46,11,48..49,46,11,48,1,ja,,143,0,stand/gehen 0x5ed1c,A+4,46,11,49,46,0x440c
greichweite_WS2Lb_nat,16,WOOKY,links,rechts,129,5fc18:4/5fc50:17/5fb18:15,4,A+4..A+20,17,0x440c,5,133,A+4,5,46,11,0,46,11,0,1,nein,0,165,15,stand/gehen 0x5ecaa,A+4,46,11,0,46,0x440c
greichweite_WS2Lb_whiff,16,WOOKY,links,rechts,129,5fc18:4/5fc50:10/5fb18:15,4,A+4..A+13,10,0x440c,5,-,,0,46,11,58..60,,,,1,,0,158,15,stand/gehen 0x5ecaa,A+4,46,11,60,46,
greichweite_WS2Lb_x14,16,WOOKY,links,rechts,129,5fc18:4/5ed1c:2,,-,0,,5,-,,0,14,0,0,,,,1,,,135,,abgebrochen (stand/gehen 0x5ecaa),A+6,14,0,0,46,
greichweite_WS2Lb_x15,16,WOOKY,links,rechts,129,5fc18:4/5fc50:17/5fb18:14,4,A+4..A+20,17,0x440c,5,133,A+4,5,15,0,0,15,0,0,1,nein,0,164,14,stand/gehen 0x5ecaa,A+4,15,0,0,46,0x440c
greichweite_WS2Lb_x78,16,WOOKY,links,rechts,129,5fc18:4/5fc50:17/5fb18:15,4,A+4..A+20,17,0x440c,5,133,A+4,5,78,0,0,78,0,0,1,nein,0,165,15,stand/gehen 0x5ecaa,A+4,78,0,0,46,0x440c
greichweite_WS2Lb_x79,16,WOOKY,links,rechts,129,5fc18:4,,-,0,,5,-,,0,79,0,0,,,,1,,,133,,abgebrochen (stand/gehen 0x5ed1c),A+4,79,0,0,46,
greichweite_WS2Lb_z11,16,WOOKY,links,rechts,129,5fc18:4/5fc50:17/5fb18:15,4,A+4..A+20,17,0x440c,5,133,A+4,5,46,11,0,46,11,0,1,nein,0,165,15,stand/gehen 0x5ecaa,A+4,46,11,0,46,0x440c
greichweite_WS2Lb_z12,16,WOOKY,links,rechts,129,5fc18:4,,-,0,,5,-,,0,46,12,0,,,,1,,,133,,abgebrochen (stand/gehen 0x5ed1c),A+4,46,12,0,46,
greichweite_WS2Lb_zm10,16,WOOKY,links,rechts,129,5fc18:4/5fc50:17/5fb18:14,4,A+4..A+20,17,0x440c,5,133,A+4,5,46,-10,0,46,-10,0,1,nein,0,164,14,stand/gehen 0x5ecaa,A+4,46,-10,0,46,0x440c
greichweite_WS2Lb_zm11,16,WOOKY,links,rechts,129,5fc18:4,,-,0,,5,-,,0,46,-11,0,,,,1,,,133,,abgebrochen (stand/gehen 0x5ed1c),A+4,46,-11,0,46,
greichweite_WS2Lbd5_x14,16,WOOKY,links,rechts,129,5fc18:4/5ed1c:2,,-,0,,5,-,,0,14,5,0,,,,1,,,135,,abgebrochen (stand/gehen 0x5ecaa),A+6,14,5,0,46,
greichweite_WS2Lbd5_x15,16,WOOKY,links,rechts,129,5fc18:4/5fc50:17/5fb18:14,4,A+4..A+20,17,0x440c,5,133,A+4,5,15,5,0,15,5,0,1,nein,0,164,14,stand/gehen 0x5ecaa,A+4,15,5,0,46,0x440c
greichweite_WS2Lbd5_x78,16,WOOKY,links,rechts,129,5fc18:4/5fc50:17/5fb18:15,4,A+4..A+20,17,0x440c,5,133,A+4,5,78,5,0,78,5,0,1,nein,0,165,15,stand/gehen 0x5ecaa,A+4,78,5,0,46,0x440c
greichweite_WS2Lbd5_x79,16,WOOKY,links,rechts,129,5fc18:4,,-,0,,5,-,,0,79,5,0,,,,1,,,133,,abgebrochen (stand/gehen 0x5ed1c),A+4,79,5,0,46,
greichweite_WS2Lbx30_z11,16,WOOKY,links,rechts,129,5fc18:4/5fc50:17/5fb18:14,4,A+4..A+20,17,0x440c,5,133,A+4,5,30,11,0,30,11,0,1,nein,0,164,14,stand/gehen 0x5ecaa,A+4,30,11,0,46,0x440c
greichweite_WS2Lbx30_z12,16,WOOKY,links,rechts,129,5fc18:4,,-,0,,5,-,,0,30,12,0,,,,1,,,133,,abgebrochen (stand/gehen 0x5ed1c),A+4,30,12,0,46,
greichweite_WS2Lbx30_zm10,16,WOOKY,links,rechts,129,5fc18:4/5fc50:17/5fb18:14,4,A+4..A+20,17,0x440c,5,133,A+4,5,30,-10,0,30,-10,0,1,nein,0,164,14,stand/gehen 0x5ecaa,A+4,30,-10,0,46,0x440c
greichweite_WS2Lbx30_zm11,16,WOOKY,links,rechts,129,5fc18:4,,-,0,,5,-,,0,30,-11,0,,,,1,,,133,,abgebrochen (stand/gehen 0x5ed1c),A+4,30,-11,0,46,
greichweite_WS2R_f12,18,WOOKY,rechts,links,386,5fc18:4/5fc50:17/5fb18:15,4,A+4..A+20,17,0x440c,5,399,A+13,5,-47,11,0..60,-47,11,0,1,nein,0,422,15,stand/gehen 0x5ecaa,A+4,-47,11,60,-47,0x440c
greichweite_WS2R_f13,18,WOOKY,rechts,links,386,5fc18:4/5fc50:10/5fb18:12,4,A+4..A+13,10,0x440c,5,-,,0,-47,11,58..60,,,,1,,0,412,12,stand/gehen 0x5ecaa,A+4,-47,11,60,-47,
greichweite_WS2R_f3,18,WOOKY,rechts,links,386,5fc18:4/5fc50:17/5fb18:15,4,A+4..A+20,17,0x440c,5,390,A+4,5,-47,11,0,-47,11,0,1,nein,0,422,15,stand/gehen 0x5ecaa,A+4,-47,11,0,-47,0x440c
greichweite_WS2R_f4,18,WOOKY,rechts,links,386,5fc18:4/5fc50:17/5fb18:15,4,A+4..A+20,17,0x440c,5,391,A+5,5,-47,11,0..60,-47,11,0,1,nein,0,422,15,stand/gehen 0x5ecaa,A+4,-47,11,60,-47,0x440c
greichweite_WS2R_h48,18,WOOKY,rechts,links,386,5fc18:4/5fc50:8,4,A+4..A+11,8,0x440c,5,390,A+4,5,-47,11,48,-47,11,48,1,ja,,398,0,stand/gehen 0x5ed1c,A+4,-47,11,48,-47,0x440c
greichweite_WS2R_h49,18,WOOKY,rechts,links,386,5fc18:4/5fc50:10,4,A+4..A+13,10,0x440c,5,392,A+6,5,-47,11,48..49,-47,11,48,1,ja,,400,0,stand/gehen 0x5ed1c,A+4,-47,11,49,-47,0x440c
greichweite_WS2R_nat,18,WOOKY,rechts,links,386,5fc18:4/5fc50:17/5fb18:15,4,A+4..A+20,17,0x440c,5,390,A+4,5,-47,11,0,-47,11,0,1,nein,0,422,15,stand/gehen 0x5ecaa,A+4,-47,11,0,-47,0x440c
greichweite_WS2R_whiff,18,WOOKY,rechts,links,386,5fc18:4/5fc50:10/5fb18:12,4,A+4..A+13,10,0x440c,5,-,,0,-47,11,58..60,,,,1,,0,412,12,stand/gehen 0x5ecaa,A+4,-47,11,60,-47,
greichweite_WS2R_xm14,18,WOOKY,rechts,links,386,5fc18:4/5ed1c:1,,-,0,,5,-,,0,-14,0,0,,,,1,,,391,,abgebrochen (stand/gehen 0x5ecaa),A+5,-14,0,0,-47,
greichweite_WS2R_xm15,18,WOOKY,rechts,links,386,5fc18:4/5fc50:17/5fb18:15,4,A+4..A+20,17,0x440c,5,390,A+4,5,-15,0,0,-15,0,0,1,nein,0,422,15,stand/gehen 0x5ecaa,A+4,-15,0,0,-47,0x440c
greichweite_WS2R_xm78,18,WOOKY,rechts,links,386,5fc18:4/5fc50:17/5fb18:18,4,A+4..A+20,17,0x440c,5,390,A+4,5,-78,0,0,-78,0,0,1,nein,0,425,18,stand/gehen 0x5ecaa,A+4,-78,0,0,-47,0x440c
greichweite_WS2R_xm79,18,WOOKY,rechts,links,386,5fc18:4,,-,0,,5,-,,0,-79,0,0,,,,1,,,390,,abgebrochen (stand/gehen 0x5ed1c),A+4,-79,0,0,-47,
greichweite_WS2R_z11,18,WOOKY,rechts,links,386,5fc18:4/5fc50:17/5fb18:15,4,A+4..A+20,17,0x440c,5,390,A+4,5,-47,11,0,-47,11,0,1,nein,0,422,15,stand/gehen 0x5ecaa,A+4,-47,11,0,-47,0x440c
greichweite_WS2R_z12,18,WOOKY,rechts,links,386,5fc18:4,,-,0,,5,-,,0,-47,12,0,,,,1,,,390,,abgebrochen (stand/gehen 0x5ed1c),A+4,-47,12,0,-47,
greichweite_WS2R_zm10,18,WOOKY,rechts,links,386,5fc18:4/5fc50:17/5fb18:15,4,A+4..A+20,17,0x440c,5,390,A+4,5,-47,-10,0,-47,-10,0,1,nein,0,422,15,stand/gehen 0x5ecaa,A+4,-47,-10,0,-47,0x440c
greichweite_WS2R_zm11,18,WOOKY,rechts,links,386,5fc18:4,,-,0,,5,-,,0,-47,-11,0,,,,1,,,390,,abgebrochen (stand/gehen 0x5ed1c),A+4,-47,-11,0,-47,
greichweite_WS2Rd5_xm14,18,WOOKY,rechts,links,386,5fc18:4/5ed1c:1,,-,0,,5,-,,0,-14,5,0,,,,1,,,391,,abgebrochen (stand/gehen 0x5ecaa),A+5,-14,5,0,-47,
greichweite_WS2Rd5_xm15,18,WOOKY,rechts,links,386,5fc18:4/5fc50:17/5fb18:15,4,A+4..A+20,17,0x440c,5,390,A+4,5,-15,5,0,-15,5,0,1,nein,0,422,15,stand/gehen 0x5ecaa,A+4,-15,5,0,-47,0x440c
greichweite_WS2Rd5_xm78,18,WOOKY,rechts,links,386,5fc18:4/5fc50:17/5fb18:18,4,A+4..A+20,17,0x440c,5,390,A+4,5,-78,5,0,-78,5,0,1,nein,0,425,18,stand/gehen 0x5ecaa,A+4,-78,5,0,-47,0x440c
greichweite_WS2Rd5_xm79,18,WOOKY,rechts,links,386,5fc18:4,,-,0,,5,-,,0,-79,5,0,,,,1,,,390,,abgebrochen (stand/gehen 0x5ed1c),A+4,-79,5,0,-47,
greichweite_WS2Rx30_z11,18,WOOKY,rechts,links,386,5fc18:4/5fc50:17/5fb18:15,4,A+4..A+20,17,0x440c,5,390,A+4,5,-30,11,0,-30,11,0,1,nein,0,422,15,stand/gehen 0x5ecaa,A+4,-30,11,0,-47,0x440c
greichweite_WS2Rx30_z12,18,WOOKY,rechts,links,386,5fc18:4,,-,0,,5,-,,0,-30,12,0,,,,1,,,390,,abgebrochen (stand/gehen 0x5ed1c),A+4,-30,12,0,-47,
greichweite_WS2Rx30_zm10,18,WOOKY,rechts,links,386,5fc18:4/5fc50:17/5fb18:15,4,A+4..A+20,17,0x440c,5,390,A+4,5,-30,-10,0,-30,-10,0,1,nein,0,422,15,stand/gehen 0x5ecaa,A+4,-30,-10,0,-47,0x440c
greichweite_WS2Rx30_zm11,18,WOOKY,rechts,links,386,5fc18:4,,-,0,,5,-,,0,-30,-11,0,,,,1,,,390,,abgebrochen (stand/gehen 0x5ed1c),A+4,-30,-11,0,-47,
greichweite_WK2L_f16,18,WOOKY,links,rechts,534,5fc8c:4/5fcb8:4/5fce8:17,8,A+8..A+24,17,0x4c0c,5,551,A+17,5,46,0,0..60,46,0,0,1,ja,,559,0,stand/gehen 0x5ed1c,A+8,46,0,60,46,0x4c0c
greichweite_WK2L_f17,18,WOOKY,links,rechts,534,5fc8c:4/5fcb8:4/5fce8:10/5fb18:31,8,A+8..A+17,10,0x4c0c,5,-,,0,46,0,58..60,,,,1,,0,583,31,stand/gehen 0x5ec70,A+8,46,0,60,46,
greichweite_WK2L_f7,18,WOOKY,links,rechts,534,5fc8c:4/5fcb8:4/5fce8:8,8,A+8..A+15,8,0x4c0c,5,542,A+8,5,46,0,0,46,0,0,1,ja,,550,0,stand/gehen 0x5ed1c,A+8,46,0,0,46,0x4c0c
greichweite_WK2L_f8,18,WOOKY,links,rechts,534,5fc8c:4/5fcb8:4/5fce8:9,8,A+8..A+16,9,0x4c0c,5,543,A+9,5,46,0,0..60,46,0,0,1,ja,,551,0,stand/gehen 0x5ed1c,A+8,46,0,60,46,0x4c0c
greichweite_WK2L_h48,18,WOOKY,links,rechts,534,5fc8c:4/5fcb8:4/5fce8:8,8,A+8..A+15,8,0x4c0c,5,542,A+8,5,46,0,48,46,0,48,1,ja,,550,0,stand/gehen 0x5ed1c,A+8,46,0,48,46,0x4c0c
greichweite_WK2L_h49,18,WOOKY,links,rechts,534,5fc8c:4/5fcb8:4/5fce8:10,8,A+8..A+17,10,0x4c0c,5,544,A+10,5,46,0,48..49,46,0,48,1,ja,,552,0,stand/gehen 0x5ed1c,A+8,46,0,49,46,0x4c0c
greichweite_WK2L_nat,18,WOOKY,links,rechts,534,5fc8c:4/5fcb8:4/5fce8:8,8,A+8..A+15,8,0x4c0c,5,542,A+8,5,46,0,0,46,0,0,1,ja,,550,0,stand/gehen 0x5ed1c,A+8,46,0,0,46,0x4c0c
greichweite_WK2L_whiff,18,WOOKY,links,rechts,534,5fc8c:4/5fcb8:4/5fce8:10/5fb18:31,8,A+8..A+17,10,0x4c0c,5,-,,0,46,0,58..60,,,,1,,0,583,31,stand/gehen 0x5ec70,A+8,46,0,60,46,
greichweite_WK2L_x14,18,WOOKY,links,rechts,534,5fc8c:4/5fcb8:4/5ed1c:1,,-,0,,5,-,,0,14,0,0,,,,1,,,543,,abgebrochen (stand/gehen 0x5ecaa),A+9,14,0,0,46,
greichweite_WK2L_x15,18,WOOKY,links,rechts,534,5fc8c:4/5fcb8:4/5fce8:8,8,A+8..A+15,8,0x4c0c,5,542,A+8,5,15,0,0,15,0,0,1,ja,,550,0,stand/gehen 0x5ed1c,A+8,15,0,0,46,0x4c0c
greichweite_WK2L_x78,18,WOOKY,links,rechts,534,5fc8c:4/5fcb8:4/5fce8:8,8,A+8..A+15,8,0x4c0c,5,542,A+8,5,78,0,0,78,0,0,1,ja,,550,0,stand/gehen 0x5ed1c,A+8,78,0,0,46,0x4c0c
greichweite_WK2L_x79,18,WOOKY,links,rechts,534,5fc8c:4/5fcb8:4,,-,0,,5,-,,0,79,0,0,,,,1,,,542,,abgebrochen (stand/gehen 0x5ed1c),A+8,79,0,0,46,
greichweite_WK2L_z11,18,WOOKY,links,rechts,534,5fc8c:4/5fcb8:4/5fce8:8,8,A+8..A+15,8,0x4c0c,5,542,A+8,5,46,11,0,46,11,0,1,ja,,550,0,stand/gehen 0x5ed1c,A+8,46,11,0,46,0x4c0c
greichweite_WK2L_z12,18,WOOKY,links,rechts,534,5fc8c:4/5fcb8:4,,-,0,,5,-,,0,46,12,0,,,,1,,,542,,abgebrochen (stand/gehen 0x5ed1c),A+8,46,12,0,46,
greichweite_WK2L_zm10,18,WOOKY,links,rechts,534,5fc8c:4/5fcb8:4/5fce8:8,8,A+8..A+15,8,0x4c0c,5,542,A+8,5,46,-10,0,46,-10,0,1,ja,,550,0,stand/gehen 0x5ed1c,A+8,46,-10,0,46,0x4c0c
greichweite_WK2L_zm11,18,WOOKY,links,rechts,534,5fc8c:4/5fcb8:4,,-,0,,5,-,,0,46,-11,0,,,,1,,,542,,abgebrochen (stand/gehen 0x5ed1c),A+8,46,-11,0,46,
greichweite_WK2Ld5_x14,18,WOOKY,links,rechts,534,5fc8c:4/5fcb8:4/5ed1c:1,,-,0,,5,-,,0,14,5,0,,,,1,,,543,,abgebrochen (stand/gehen 0x5ecaa),A+9,14,5,0,46,
greichweite_WK2Ld5_x15,18,WOOKY,links,rechts,534,5fc8c:4/5fcb8:4/5fce8:8,8,A+8..A+15,8,0x4c0c,5,542,A+8,5,15,5,0,15,5,0,1,ja,,550,0,stand/gehen 0x5ed1c,A+8,15,5,0,46,0x4c0c
greichweite_WK2Ld5_x78,18,WOOKY,links,rechts,534,5fc8c:4/5fcb8:4/5fce8:8,8,A+8..A+15,8,0x4c0c,5,542,A+8,5,78,5,0,78,5,0,1,ja,,550,0,stand/gehen 0x5ed1c,A+8,78,5,0,46,0x4c0c
greichweite_WK2Ld5_x79,18,WOOKY,links,rechts,534,5fc8c:4/5fcb8:4,,-,0,,5,-,,0,79,5,0,,,,1,,,542,,abgebrochen (stand/gehen 0x5ed1c),A+8,79,5,0,46,
greichweite_WK2Lx30_z11,18,WOOKY,links,rechts,534,5fc8c:4/5fcb8:4/5fce8:8,8,A+8..A+15,8,0x4c0c,5,542,A+8,5,30,11,0,30,11,0,1,ja,,550,0,stand/gehen 0x5ed1c,A+8,30,11,0,46,0x4c0c
greichweite_WK2Lx30_z12,18,WOOKY,links,rechts,534,5fc8c:4/5fcb8:4,,-,0,,5,-,,0,30,12,0,,,,1,,,542,,abgebrochen (stand/gehen 0x5ed1c),A+8,30,12,0,46,
greichweite_WK2Lx30_zm10,18,WOOKY,links,rechts,534,5fc8c:4/5fcb8:4/5fce8:8,8,A+8..A+15,8,0x4c0c,5,542,A+8,5,30,-10,0,30,-10,0,1,ja,,550,0,stand/gehen 0x5ed1c,A+8,30,-10,0,46,0x4c0c
greichweite_WK2Lx30_zm11,18,WOOKY,links,rechts,534,5fc8c:4/5fcb8:4,,-,0,,5,-,,0,30,-11,0,,,,1,,,542,,abgebrochen (stand/gehen 0x5ed1c),A+8,30,-11,0,46,
greichweite_WK2R_f16,18,WOOKY,rechts,links,553,5fc8c:4/5fcb8:4/5fce8:17,8,A+8..A+24,17,0x4c0c,5,570,A+17,5,-47,11,0..60,-47,11,0,1,ja,,578,0,stand/gehen 0x5ed1c,A+8,-47,11,60,-47,0x4c0c
greichweite_WK2R_f17,18,WOOKY,rechts,links,553,5fc8c:4/5fcb8:4/5fce8:10/5fb18:30,8,A+8..A+17,10,0x4c0c,5,-,,0,-47,11,58..60,,,,1,,0,601,30,stand/gehen 0x5ec70,A+8,-47,11,60,-47,
greichweite_WK2R_f7,18,WOOKY,rechts,links,553,5fc8c:4/5fcb8:4/5fce8:8,8,A+8..A+15,8,0x4c0c,5,561,A+8,5,-47,11,0,-47,11,0,1,ja,,569,0,stand/gehen 0x5ed1c,A+8,-47,11,0,-47,0x4c0c
greichweite_WK2R_f8,18,WOOKY,rechts,links,553,5fc8c:4/5fcb8:4/5fce8:9,8,A+8..A+16,9,0x4c0c,5,562,A+9,5,-47,11,0..60,-47,11,0,1,ja,,570,0,stand/gehen 0x5ed1c,A+8,-47,11,60,-47,0x4c0c
greichweite_WK2R_h48,18,WOOKY,rechts,links,553,5fc8c:4/5fcb8:4/5fce8:8,8,A+8..A+15,8,0x4c0c,5,561,A+8,5,-47,11,48,-47,11,48,1,ja,,569,0,stand/gehen 0x5ed1c,A+8,-47,11,48,-47,0x4c0c
greichweite_WK2R_h49,18,WOOKY,rechts,links,553,5fc8c:4/5fcb8:4/5fce8:10,8,A+8..A+17,10,0x4c0c,5,563,A+10,5,-47,11,48..49,-47,11,48,1,ja,,571,0,stand/gehen 0x5ed1c,A+8,-47,11,49,-47,0x4c0c
greichweite_WK2R_nat,18,WOOKY,rechts,links,553,5fc8c:4/5fcb8:4/5fce8:8,8,A+8..A+15,8,0x4c0c,5,561,A+8,5,-47,11,0,-47,11,0,1,ja,,569,0,stand/gehen 0x5ed1c,A+8,-47,11,0,-47,0x4c0c
greichweite_WK2R_whiff,18,WOOKY,rechts,links,553,5fc8c:4/5fcb8:4/5fce8:10/5fb18:30,8,A+8..A+17,10,0x4c0c,5,-,,0,-47,11,58..60,,,,1,,0,601,30,stand/gehen 0x5ec70,A+8,-47,11,60,-47,
greichweite_WK2R_xm14,18,WOOKY,rechts,links,553,5fc8c:4/5fcb8:4/5ed1c:1,,-,0,,5,-,,0,-14,0,0,,,,1,,,562,,abgebrochen (stand/gehen 0x5ecaa),A+9,-14,0,0,-47,
greichweite_WK2R_xm15,18,WOOKY,rechts,links,553,5fc8c:4/5fcb8:4/5fce8:8,8,A+8..A+15,8,0x4c0c,5,561,A+8,5,-15,0,0,-15,0,0,1,ja,,569,0,stand/gehen 0x5ed1c,A+8,-15,0,0,-47,0x4c0c
greichweite_WK2R_xm78,18,WOOKY,rechts,links,553,5fc8c:4/5fcb8:4/5fce8:8,8,A+8..A+15,8,0x4c0c,5,561,A+8,5,-78,0,0,-78,0,0,1,ja,,569,0,stand/gehen 0x5ed1c,A+8,-78,0,0,-47,0x4c0c
greichweite_WK2R_xm79,18,WOOKY,rechts,links,553,5fc8c:4/5fcb8:4,,-,0,,5,-,,0,-79,0,0,,,,1,,,561,,abgebrochen (stand/gehen 0x5ed1c),A+8,-79,0,0,-47,
greichweite_WK2R_z11,18,WOOKY,rechts,links,553,5fc8c:4/5fcb8:4/5fce8:8,8,A+8..A+15,8,0x4c0c,5,561,A+8,5,-47,11,0,-47,11,0,1,ja,,569,0,stand/gehen 0x5ed1c,A+8,-47,11,0,-47,0x4c0c
greichweite_WK2R_z12,18,WOOKY,rechts,links,553,5fc8c:4/5fcb8:4,,-,0,,5,-,,0,-47,12,0,,,,1,,,561,,abgebrochen (stand/gehen 0x5ed1c),A+8,-47,12,0,-47,
greichweite_WK2R_zm10,18,WOOKY,rechts,links,553,5fc8c:4/5fcb8:4/5fce8:8,8,A+8..A+15,8,0x4c0c,5,561,A+8,5,-47,-10,0,-47,-10,0,1,ja,,569,0,stand/gehen 0x5ed1c,A+8,-47,-10,0,-47,0x4c0c
greichweite_WK2R_zm11,18,WOOKY,rechts,links,553,5fc8c:4/5fcb8:4,,-,0,,5,-,,0,-47,-11,0,,,,1,,,561,,abgebrochen (stand/gehen 0x5ed1c),A+8,-47,-11,0,-47,
greichweite_WK2Rd5_xm14,18,WOOKY,rechts,links,553,5fc8c:4/5fcb8:4/5ed1c:1,,-,0,,5,-,,0,-14,5,0,,,,1,,,562,,abgebrochen (stand/gehen 0x5ecaa),A+9,-14,5,0,-47,
greichweite_WK2Rd5_xm15,18,WOOKY,rechts,links,553,5fc8c:4/5fcb8:4/5fce8:8,8,A+8..A+15,8,0x4c0c,5,561,A+8,5,-15,5,0,-15,5,0,1,ja,,569,0,stand/gehen 0x5ed1c,A+8,-15,5,0,-47,0x4c0c
greichweite_WK2Rd5_xm78,18,WOOKY,rechts,links,553,5fc8c:4/5fcb8:4/5fce8:8,8,A+8..A+15,8,0x4c0c,5,561,A+8,5,-78,5,0,-78,5,0,1,ja,,569,0,stand/gehen 0x5ed1c,A+8,-78,5,0,-47,0x4c0c
greichweite_WK2Rd5_xm79,18,WOOKY,rechts,links,553,5fc8c:4/5fcb8:4,,-,0,,5,-,,0,-79,5,0,,,,1,,,561,,abgebrochen (stand/gehen 0x5ed1c),A+8,-79,5,0,-47,
greichweite_WK2Rx30_z11,18,WOOKY,rechts,links,553,5fc8c:4/5fcb8:4/5fce8:8,8,A+8..A+15,8,0x4c0c,5,561,A+8,5,-30,11,0,-30,11,0,1,ja,,569,0,stand/gehen 0x5ed1c,A+8,-30,11,0,-47,0x4c0c
greichweite_WK2Rx30_z12,18,WOOKY,rechts,links,553,5fc8c:4/5fcb8:4,,-,0,,5,-,,0,-30,12,0,,,,1,,,561,,abgebrochen (stand/gehen 0x5ed1c),A+8,-30,12,0,-47,
greichweite_WK2Rx30_zm10,18,WOOKY,rechts,links,553,5fc8c:4/5fcb8:4/5fce8:8,8,A+8..A+15,8,0x4c0c,5,561,A+8,5,-30,-10,0,-30,-10,0,1,ja,,569,0,stand/gehen 0x5ed1c,A+8,-30,-10,0,-47,0x4c0c
greichweite_WK2Rx30_zm11,18,WOOKY,rechts,links,553,5fc8c:4/5fcb8:4,,-,0,,5,-,,0,-30,-11,0,,,,1,,,561,,abgebrochen (stand/gehen 0x5ed1c),A+8,-30,-11,0,-47,
greichweite_WS3L_f10,16,WOOKY,links,rechts,151,5fd24:4/5fd5c:6/5fd8c:15/5fdbc:8/5fb18:28,10,A+10..A+24,15,0x440c,5,162,A+11,5,55,-3,0..60,55,-3,0,1,nein,8,212,36,stand/gehen 0x5ec70,A+10,55,-3,60,48,0x440c
greichweite_WS3L_f16,16,WOOKY,links,rechts,151,5fd24:4/5fd5c:6/5fd8c:15/5fdbc:8/5fb18:28,10,A+10..A+24,15,0x440c,5,168,A+17,5,55,-3,0..60,55,-3,0,1,nein,8,212,36,stand/gehen 0x5ec70,A+10,55,-3,60,48,0x440c
greichweite_WS3L_f17,16,WOOKY,links,rechts,151,5fd24:4/5fd5c:6/5fd8c:8/5fdbc:8/5fb18:31,10,A+10..A+17,8,0x440c,5,-,,0,55,-3,58..60,,,,1,,8,208,39,stand/gehen 0x5ec70,A+10,55,-3,60,48,
greichweite_WS3L_f9,16,WOOKY,links,rechts,151,5fd24:4/5fd5c:6/5fd8c:15/5fdbc:8/5fb18:31,10,A+10..A+24,15,0x440c,5,161,A+10,5,55,-3,0,55,-3,0,1,nein,8,215,39,stand/gehen 0x5ec70,A+10,55,-3,0,48,0x440c
greichweite_WS3L_h48,16,WOOKY,links,rechts,151,5fd24:4/5fd5c:6/5fd8c:8,10,A+10..A+17,8,0x440c,5,161,A+10,5,55,-3,48,55,-3,48,1,ja,,169,0,stand/gehen 0x5ed1c,A+10,55,-3,48,48,0x440c
greichweite_WS3L_h49,16,WOOKY,links,rechts,151,5fd24:4/5fd5c:6/5fd8c:10,10,A+10..A+19,10,0x440c,5,163,A+12,5,55,-3,48..49,55,-3,48,1,ja,,171,0,stand/gehen 0x5ed1c,A+10,55,-3,49,48,0x440c
greichweite_WS3L_nat,16,WOOKY,links,rechts,151,5fd24:4/5fd5c:6/5fd8c:15/5fdbc:8/5fb18:31,10,A+10..A+24,15,0x440c,5,161,A+10,5,55,-3,0,55,-3,0,1,nein,8,215,39,stand/gehen 0x5ec70,A+10,55,-3,0,48,0x440c
greichweite_WS3L_whiff,16,WOOKY,links,rechts,151,5fd24:4/5fd5c:6/5fd8c:8/5fdbc:8/5fb18:8,10,A+10..A+17,8,0x440c,5,-,,0,55,-3,58..60,,,,1,,8,185,16,stand/gehen 0x5ed1c,A+10,55,-3,60,48,
greichweite_WS3L_x16,16,WOOKY,links,rechts,151,5fd24:4/5fd5c:6/5ed1c:1,,-,0,,5,-,,0,16,0,0,,,,1,,,162,,abgebrochen (stand/gehen 0x5ecaa),A+11,16,0,0,48,
greichweite_WS3L_x17,16,WOOKY,links,rechts,151,5fd24:4/5fd5c:6/5fd8c:15/5fdbc:8/5fb18:27,10,A+10..A+24,15,0x440c,5,161,A+10,5,17,0,0,17,0,0,1,nein,8,211,35,stand/gehen 0x5ec70,A+10,17,0,0,48,0x440c
greichweite_WS3L_x80,16,WOOKY,links,rechts,151,5fd24:4/5fd5c:6/5fd8c:15/5fdbc:8/5fb18:31,10,A+10..A+24,15,0x440c,5,161,A+10,5,80,0,0,80,0,0,1,nein,8,215,39,stand/gehen 0x5ec70,A+10,80,0,0,48,0x440c
greichweite_WS3L_x81,16,WOOKY,links,rechts,151,5fd24:4/5fd5c:6,,-,0,,5,-,,0,81,0,0,,,,1,,,161,,abgebrochen (stand/gehen 0x5ed1c),A+10,81,0,0,48,
greichweite_WS3L_z11,16,WOOKY,links,rechts,151,5fd24:4/5fd5c:6/5fd8c:15/5fdbc:8/5fb18:30,10,A+10..A+24,15,0x440c,5,161,A+10,5,55,11,0,55,11,0,1,nein,8,214,38,stand/gehen 0x5ec70,A+10,55,11,0,48,0x440c
greichweite_WS3L_z12,16,WOOKY,links,rechts,151,5fd24:4/5fd5c:6,,-,0,,5,-,,0,55,12,0,,,,1,,,161,,abgebrochen (stand/gehen 0x5ed1c),A+10,55,12,0,48,
greichweite_WS3L_zm10,16,WOOKY,links,rechts,151,5fd24:4/5fd5c:6/5fd8c:15/5fdbc:8/5fb18:31,10,A+10..A+24,15,0x440c,5,161,A+10,5,55,-10,0,55,-10,0,1,nein,8,215,39,stand/gehen 0x5ec70,A+10,55,-10,0,48,0x440c
greichweite_WS3L_zm11,16,WOOKY,links,rechts,151,5fd24:4/5fd5c:6,,-,0,,5,-,,0,55,-11,0,,,,1,,,161,,abgebrochen (stand/gehen 0x5ed1c),A+10,55,-11,0,48,
greichweite_WS3Ld5_x16,16,WOOKY,links,rechts,151,5fd24:4/5fd5c:6/5ed1c:1,,-,0,,5,-,,0,16,5,0,,,,1,,,162,,abgebrochen (stand/gehen 0x5ecaa),A+11,16,5,0,48,
greichweite_WS3Ld5_x17,16,WOOKY,links,rechts,151,5fd24:4/5fd5c:6/5fd8c:15/5fdbc:8/5fb18:27,10,A+10..A+24,15,0x440c,5,161,A+10,5,17,5,0,17,5,0,1,nein,8,211,35,stand/gehen 0x5ec70,A+10,17,5,0,48,0x440c
greichweite_WS3Ld5_x80,16,WOOKY,links,rechts,151,5fd24:4/5fd5c:6/5fd8c:15/5fdbc:8/5fb18:31,10,A+10..A+24,15,0x440c,5,161,A+10,5,80,5,0,80,5,0,1,nein,8,215,39,stand/gehen 0x5ec70,A+10,80,5,0,48,0x440c
greichweite_WS3Ld5_x81,16,WOOKY,links,rechts,151,5fd24:4/5fd5c:6,,-,0,,5,-,,0,81,5,0,,,,1,,,161,,abgebrochen (stand/gehen 0x5ed1c),A+10,81,5,0,48,
greichweite_WS3Lx30_z11,16,WOOKY,links,rechts,151,5fd24:4/5fd5c:6/5fd8c:15/5fdbc:8/5fb18:30,10,A+10..A+24,15,0x440c,5,161,A+10,5,30,11,0,30,11,0,1,nein,8,214,38,stand/gehen 0x5ec70,A+10,30,11,0,48,0x440c
greichweite_WS3Lx30_z12,16,WOOKY,links,rechts,151,5fd24:4/5fd5c:6,,-,0,,5,-,,0,30,12,0,,,,1,,,161,,abgebrochen (stand/gehen 0x5ed1c),A+10,30,12,0,48,
greichweite_WS3Lx30_zm10,16,WOOKY,links,rechts,151,5fd24:4/5fd5c:6/5fd8c:15/5fdbc:8/5fb18:31,10,A+10..A+24,15,0x440c,5,161,A+10,5,30,-10,0,30,-10,0,1,nein,8,215,39,stand/gehen 0x5ec70,A+10,30,-10,0,48,0x440c
greichweite_WS3Lx30_zm11,16,WOOKY,links,rechts,151,5fd24:4/5fd5c:6,,-,0,,5,-,,0,30,-11,0,,,,1,,,161,,abgebrochen (stand/gehen 0x5ed1c),A+10,30,-11,0,48,
greichweite_WS3R_f10,16,WOOKY,rechts,links,711,5fd24:4/5fd5c:6/5fd8c:15/5fdbc:8/5fb18:28,10,A+10..A+24,15,0x440c,5,722,A+11,5,-12,11,0..60,-12,11,0,1,nein,8,772,36,stand/gehen 0x5ec70,A+10,-12,11,60,-12,0x440c
greichweite_WS3R_f16,16,WOOKY,rechts,links,711,5fd24:4/5fd5c:6/5fd8c:15/5fdbc:8/5fb18:31,10,A+10..A+24,15,0x440c,5,728,A+17,5,-12,11,0..60,-12,11,0,1,nein,8,775,39,stand/gehen 0x5ec70,A+10,-12,11,60,-12,0x440c
greichweite_WS3R_f17,16,WOOKY,rechts,links,711,5fd24:4/5fd5c:6/5fd8c:8/5fdbc:8/5fb18:27,10,A+10..A+17,8,0x440c,5,-,,0,-12,11,58..60,,,,1,,8,764,35,stand/gehen 0x5ec70,A+10,-12,11,60,-12,
greichweite_WS3R_f9,16,WOOKY,rechts,links,711,5fd24:4/5fd5c:6/5fd8c:15/5fdbc:8/5fb18:28,10,A+10..A+24,15,0x440c,5,721,A+10,5,-12,11,0,-12,11,0,1,nein,8,772,36,stand/gehen 0x5ec70,A+10,-12,11,0,-12,0x440c
greichweite_WS3R_h48,16,WOOKY,rechts,links,711,5fd24:4/5fd5c:6/5fd8c:8,10,A+10..A+17,8,0x440c,5,721,A+10,5,-12,11,48,-12,11,48,1,ja,,729,0,stand/gehen 0x5ed1c,A+10,-12,11,48,-12,0x440c
greichweite_WS3R_h49,16,WOOKY,rechts,links,711,5fd24:4/5fd5c:6/5fd8c:10,10,A+10..A+19,10,0x440c,5,723,A+12,5,-12,11,48..49,-12,11,48,1,ja,,731,0,stand/gehen 0x5ed1c,A+10,-12,11,49,-12,0x440c
greichweite_WS3R_nat,16,WOOKY,rechts,links,711,5fd24:4/5fd5c:6/5fd8c:15/5fdbc:8/5fb18:28,10,A+10..A+24,15,0x440c,5,721,A+10,5,-12,11,0,-12,11,0,1,nein,8,772,36,stand/gehen 0x5ec70,A+10,-12,11,0,-12,0x440c
greichweite_WS3R_whiff,16,WOOKY,rechts,links,711,5fd24:4/5fd5c:6/5fd8c:8/5fdbc:8/5fb18:27,10,A+10..A+17,8,0x440c,5,-,,0,-12,11,58..60,,,,1,,8,764,35,stand/gehen 0x5ec70,A+10,-12,11,60,-12,
greichweite_WS3R_x3,16,WOOKY,rechts,links,711,5fd24:4/5fd5c:6/5fd8c:15/5fdbc:8/5fb18:28,10,A+10..A+24,15,0x440c,5,721,A+10,5,3,0,0,3,0,0,1,nein,8,772,36,stand/gehen 0x5ec70,A+10,3,0,0,-12,0x440c
greichweite_WS3R_x4,16,WOOKY,rechts,links,711,5fd24:4/5fd5c:6/5fd8c:15/5fdbc:8/5fb18:28,10,A+10..A+24,15,0x440c,5,721,A+10,5,4,0,0,4,0,0,1,nein,8,772,36,stand/gehen 0x5ec70,A+10,4,0,0,-12,0x440c
greichweite_WS3R_xm43,16,WOOKY,rechts,links,711,5fd24:4/5fd5c:6/5fd8c:15/5fdbc:8/5fb18:28,10,A+10..A+24,15,0x440c,5,721,A+10,5,-43,0,0,-43,0,0,1,nein,8,772,36,stand/gehen 0x5ec70,A+10,-43,0,0,-12,0x440c
greichweite_WS3R_xm44,16,WOOKY,rechts,links,711,5fd24:4/5fd5c:6/5ed1c:1,,-,0,,5,-,,0,-44,0,0,,,,1,,,722,,abgebrochen (stand/gehen 0x5ecaa),A+11,-44,0,0,-12,
greichweite_WS3R_z11,16,WOOKY,rechts,links,711,5fd24:4/5fd5c:6/5fd8c:15/5fdbc:8/5fb18:28,10,A+10..A+24,15,0x440c,5,721,A+10,5,-12,11,0,-12,11,0,1,nein,8,772,36,stand/gehen 0x5ec70,A+10,-12,11,0,-12,0x440c
greichweite_WS3R_z12,16,WOOKY,rechts,links,711,5fd24:4/5fd5c:6,,-,0,,5,-,,0,-12,12,0,,,,1,,,721,,abgebrochen (stand/gehen 0x5ed1c),A+10,-12,12,0,-12,
greichweite_WS3R_zm10,16,WOOKY,rechts,links,711,5fd24:4/5fd5c:6/5fd8c:15/5fdbc:8/5fb18:28,10,A+10..A+24,15,0x440c,5,721,A+10,5,-12,-10,0,-12,-10,0,1,nein,8,772,36,stand/gehen 0x5ec70,A+10,-12,-10,0,-12,0x440c
greichweite_WS3R_zm11,16,WOOKY,rechts,links,711,5fd24:4/5fd5c:6,,-,0,,5,-,,0,-12,-11,0,,,,1,,,721,,abgebrochen (stand/gehen 0x5ed1c),A+10,-12,-11,0,-12,
greichweite_WS3Rd5_x3,16,WOOKY,rechts,links,711,5fd24:4/5fd5c:6/5fd8c:15/5fdbc:8/5fb18:28,10,A+10..A+24,15,0x440c,5,721,A+10,5,3,5,0,3,5,0,1,nein,8,772,36,stand/gehen 0x5ec70,A+10,3,5,0,-12,0x440c
greichweite_WS3Rd5_x4,16,WOOKY,rechts,links,711,5fd24:4/5fd5c:6/5fd8c:15/5fdbc:8/5fb18:28,10,A+10..A+24,15,0x440c,5,721,A+10,5,4,5,0,4,5,0,1,nein,8,772,36,stand/gehen 0x5ec70,A+10,4,5,0,-12,0x440c
greichweite_WS3Rd5_xm43,16,WOOKY,rechts,links,711,5fd24:4/5fd5c:6/5fd8c:15/5fdbc:8/5fb18:28,10,A+10..A+24,15,0x440c,5,721,A+10,5,-43,5,0,-43,5,0,1,nein,8,772,36,stand/gehen 0x5ec70,A+10,-43,5,0,-12,0x440c
greichweite_WS3Rd5_xm44,16,WOOKY,rechts,links,711,5fd24:4/5fd5c:6/5ed1c:1,,-,0,,5,-,,0,-44,5,0,,,,1,,,722,,abgebrochen (stand/gehen 0x5ecaa),A+11,-44,5,0,-12,
greichweite_WS3Rx30_z11,16,WOOKY,rechts,links,711,5fd24:4/5fd5c:6/5fd8c:15/5fdbc:8/5fb18:28,10,A+10..A+24,15,0x440c,5,721,A+10,5,-30,11,0,-30,11,0,1,nein,8,772,36,stand/gehen 0x5ec70,A+10,-30,11,0,-12,0x440c
greichweite_WS3Rx30_z12,16,WOOKY,rechts,links,711,5fd24:4/5fd5c:6,,-,0,,5,-,,0,-30,12,0,,,,1,,,721,,abgebrochen (stand/gehen 0x5ed1c),A+10,-30,12,0,-12,
greichweite_WS3Rx30_zm10,16,WOOKY,rechts,links,711,5fd24:4/5fd5c:6/5fd8c:15/5fdbc:8/5fb18:28,10,A+10..A+24,15,0x440c,5,721,A+10,5,-30,-10,0,-30,-10,0,1,nein,8,772,36,stand/gehen 0x5ec70,A+10,-30,-10,0,-12,0x440c
greichweite_WS3Rx30_zm11,16,WOOKY,rechts,links,711,5fd24:4/5fd5c:6,,-,0,,5,-,,0,-30,-11,0,,,,1,,,721,,abgebrochen (stand/gehen 0x5ed1c),A+10,-30,-11,0,-12,
greichweite_ES1L_f12,17,EDDY,links,rechts,31,643f8:4/64430:5/6445c:12/64490:5/644bc:26,9,A+9..A+20,12,0x400c,6,44,A+13,6,46,2,0..60,46,2,0,1,nein,5,83,31,stand/gehen 0x6369a,A+9,46,2,60,46,0x400c
greichweite_ES1L_f13,17,EDDY,links,rechts,31,643f8:4/64430:5/6445c:5/64490:5/644bc:30,9,A+9..A+13,5,0x400c,6,-,,0,46,2,59..60,,,,1,,5,80,35,stand/gehen 0x6369a,A+9,46,2,60,46,
greichweite_ES1L_f8,17,EDDY,links,rechts,31,643f8:4/64430:5/6445c:12/64490:5/644bc:26,9,A+9..A+20,12,0x400c,6,40,A+9,6,46,2,0,46,2,0,1,nein,5,83,31,stand/gehen 0x6369a,A+9,46,2,0,46,0x400c
greichweite_ES1L_f9,17,EDDY,links,rechts,31,643f8:4/64430:5/6445c:12/64490:5/644bc:26,9,A+9..A+20,12,0x400c,6,41,A+10,6,46,2,0..60,46,2,0,1,nein,5,83,31,stand/gehen 0x6369a,A+9,46,2,60,46,0x400c
greichweite_ES1L_h48,17,EDDY,links,rechts,31,643f8:4/64430:5/6445c:12/64490:5/644bc:3,9,A+9..A+20,12,0x400c,6,40,A+9,6,46..54,2,48..53,46,2,48,1,ja,5,60,8,stand/gehen 0x63746,A+9,46,2,48,46,0x400c
greichweite_ES1L_h49,17,EDDY,links,rechts,31,643f8:4/64430:5/6445c:12/64490:5/644bc:5,9,A+9..A+20,12,0x400c,6,42,A+11,6,46..49,2,48..54,46,2,48,1,ja,5,62,10,stand/gehen 0x63746,A+9,46,2,49,46,0x400c
greichweite_ES1L_j17,17,EDDY,links,rechts,31,643f8:4/64430:5/6445c:12/64490:5/644bc:6,9,A+9..A+20,12,0x400c,6,43,A+12,6,46,2,48..51,46,2,48,1,ja,5,63,11,stand/gehen 0x63746,A+9,46,2,51,46,0x400c
greichweite_ES1L_j19,17,EDDY,links,rechts,31,643f8:4/64430:5/6445c:5/64490:5/644bc:30,9,A+9..A+13,5,0x400c,6,-,,0,46,2,49..51,,,,1,,5,80,35,stand/gehen 0x6369a,A+9,46,2,51,46,
greichweite_ES1L_j23,17,EDDY,links,rechts,31,643f8:4/64430:5/6445c:5/64490:5/644bc:30,9,A+9..A+13,5,0x400c,6,-,,0,46,2,49..51,,,,1,,5,80,35,stand/gehen 0x6369a,A+9,46,2,49,46,
greichweite_ES1L_j24,17,EDDY,links,rechts,31,643f8:4/64430:5/6445c:12/64490:5/644bc:3,9,A+9..A+20,12,0x400c,6,40,A+9,6,46..54,2,48..62,46,2,48,1,ja,5,60,8,stand/gehen 0x63746,A+9,46,2,48,46,0x400c
greichweite_ES1L_nat,17,EDDY,links,rechts,31,643f8:4/64430:5/6445c:12/64490:5/644bc:26,9,A+9..A+20,12,0x400c,6,40,A+9,6,46,2,0,46,2,0,1,nein,5,83,31,stand/gehen 0x6369a,A+9,46,2,0,46,0x400c
greichweite_ES1L_whiff,17,EDDY,links,rechts,31,643f8:4/64430:5/6445c:5/64490:5/644bc:30,9,A+9..A+13,5,0x400c,6,-,,0,46,2,59..60,,,,1,,5,80,35,stand/gehen 0x6369a,A+9,46,2,60,46,
greichweite_ES1L_x14,17,EDDY,links,rechts,31,643f8:4/64430:5/63746:1,,-,0,,6,-,,0,14,0,0,,,,1,,,41,,abgebrochen (stand/gehen 0x636d4),A+10,14,0,0,46,
greichweite_ES1L_x15,17,EDDY,links,rechts,31,643f8:4/64430:5/6445c:12/64490:5/644bc:29,9,A+9..A+20,12,0x400c,6,40,A+9,6,15,0,0,15,0,0,1,nein,5,86,34,stand/gehen 0x6369a,A+9,15,0,0,46,0x400c
greichweite_ES1L_x78,17,EDDY,links,rechts,31,643f8:4/64430:5/6445c:12/64490:5/644bc:26,9,A+9..A+20,12,0x400c,6,40,A+9,6,78,0,0,78,0,0,1,nein,5,83,31,stand/gehen 0x6369a,A+9,78,0,0,46,0x400c
greichweite_ES1L_x79,17,EDDY,links,rechts,31,643f8:4/64430:5,,-,0,,6,-,,0,79,0,0,,,,1,,,40,,abgebrochen (stand/gehen 0x63746),A+9,79,0,0,46,
greichweite_ES1L_z11,17,EDDY,links,rechts,31,643f8:4/64430:5/6445c:12/64490:5/644bc:26,9,A+9..A+20,12,0x400c,6,40,A+9,6,46,11,0,46,11,0,1,nein,5,83,31,stand/gehen 0x6369a,A+9,46,11,0,46,0x400c
greichweite_ES1L_z12,17,EDDY,links,rechts,31,643f8:4/64430:5,,-,0,,6,-,,0,46,12,0,,,,1,,,40,,abgebrochen (stand/gehen 0x63746),A+9,46,12,0,46,
greichweite_ES1L_zm10,17,EDDY,links,rechts,31,643f8:4/64430:5/6445c:12/64490:5/644bc:28,9,A+9..A+20,12,0x400c,6,40,A+9,6,46,-10,0,46,-10,0,1,nein,5,85,33,stand/gehen 0x6369a,A+9,46,-10,0,46,0x400c
greichweite_ES1L_zm11,17,EDDY,links,rechts,31,643f8:4/64430:5,,-,0,,6,-,,0,46,-11,0,,,,1,,,40,,abgebrochen (stand/gehen 0x63746),A+9,46,-11,0,46,
greichweite_ES1Ld5_x14,17,EDDY,links,rechts,31,643f8:4/64430:5/63746:1,,-,0,,6,-,,0,14,5,0,,,,1,,,41,,abgebrochen (stand/gehen 0x636d4),A+10,14,5,0,46,
greichweite_ES1Ld5_x15,17,EDDY,links,rechts,31,643f8:4/64430:5/6445c:12/64490:5/644bc:26,9,A+9..A+20,12,0x400c,6,40,A+9,6,15,5,0,15,5,0,1,nein,5,83,31,stand/gehen 0x6369a,A+9,15,5,0,46,0x400c
greichweite_ES1Ld5_x78,17,EDDY,links,rechts,31,643f8:4/64430:5/6445c:12/64490:5/644bc:26,9,A+9..A+20,12,0x400c,6,40,A+9,6,78,5,0,78,5,0,1,nein,5,83,31,stand/gehen 0x6369a,A+9,78,5,0,46,0x400c
greichweite_ES1Ld5_x79,17,EDDY,links,rechts,31,643f8:4/64430:5,,-,0,,6,-,,0,79,5,0,,,,1,,,40,,abgebrochen (stand/gehen 0x63746),A+9,79,5,0,46,
greichweite_ES1Lx30_z11,17,EDDY,links,rechts,31,643f8:4/64430:5/6445c:12/64490:5/644bc:26,9,A+9..A+20,12,0x400c,6,40,A+9,6,30,11,0,30,11,0,1,nein,5,83,31,stand/gehen 0x6369a,A+9,30,11,0,46,0x400c
greichweite_ES1Lx30_z12,17,EDDY,links,rechts,31,643f8:4/64430:5,,-,0,,6,-,,0,30,12,0,,,,1,,,40,,abgebrochen (stand/gehen 0x63746),A+9,30,12,0,46,
greichweite_ES1Lx30_zm10,17,EDDY,links,rechts,31,643f8:4/64430:5/6445c:12/64490:5/644bc:24,9,A+9..A+20,12,0x400c,6,40,A+9,6,30,-10,0,30,-10,0,1,nein,5,81,29,stand/gehen 0x6369a,A+9,30,-10,0,46,0x400c
greichweite_ES1Lx30_zm11,17,EDDY,links,rechts,31,643f8:4/64430:5,,-,0,,6,-,,0,30,-11,0,,,,1,,,40,,abgebrochen (stand/gehen 0x63746),A+9,30,-11,0,46,
greichweite_ES1R_f12,17,EDDY,rechts,rechts,22,643f8:4/64430:5/6445c:12/64490:5/644bc:26,9,A+9..A+20,12,0x400c,6,35,A+13,6,-46,2,0..60,-46,2,0,1,nein,5,74,31,stand/gehen 0x6369a,A+9,-46,2,60,-46,0x400c
greichweite_ES1R_f13,17,EDDY,rechts,rechts,22,643f8:4/64430:5/6445c:5/64490:5/644bc:25,9,A+9..A+13,5,0x400c,6,-,,0,-46,2,59..60,,,,1,,5,66,30,stand/gehen 0x6369a,A+9,-46,2,60,-46,
greichweite_ES1R_f8,17,EDDY,rechts,rechts,22,643f8:4/64430:5/6445c:12/64490:5/644bc:26,9,A+9..A+20,12,0x400c,6,31,A+9,6,-46,2,0,-46,2,0,1,nein,5,74,31,stand/gehen 0x6369a,A+9,-46,2,0,-46,0x400c
greichweite_ES1R_f9,17,EDDY,rechts,rechts,22,643f8:4/64430:5/6445c:12/64490:5/644bc:26,9,A+9..A+20,12,0x400c,6,32,A+10,6,-46,2,0..60,-46,2,0,1,nein,5,74,31,stand/gehen 0x6369a,A+9,-46,2,60,-46,0x400c
greichweite_ES1R_h48,17,EDDY,rechts,rechts,22,643f8:4/64430:5/6445c:12/64490:5/644bc:2,9,A+9..A+20,12,0x400c,6,31,A+9,6,-55..-46,2,48..53,-46,2,48,1,ja,5,50,7,stand/gehen 0x63746,A+9,-46,2,48,-46,0x400c
greichweite_ES1R_h49,17,EDDY,rechts,rechts,22,643f8:4/64430:5/6445c:12/64490:5/644bc:4,9,A+9..A+20,12,0x400c,6,33,A+11,6,-49..-46,2,48..54,-46,2,48,1,ja,5,52,9,stand/gehen 0x63746,A+9,-46,2,49,-46,0x400c
greichweite_ES1R_nat,17,EDDY,rechts,rechts,22,643f8:4/64430:5/6445c:12/64490:5/644bc:26,9,A+9..A+20,12,0x400c,6,31,A+9,6,-46,2,0,-46,2,0,1,nein,5,74,31,stand/gehen 0x6369a,A+9,-46,2,0,-46,0x400c
greichweite_ES1R_whiff,17,EDDY,rechts,rechts,22,643f8:4/64430:5/6445c:5/64490:5/644bc:25,9,A+9..A+13,5,0x400c,6,-,,0,-46,2,59..60,,,,1,,5,66,30,stand/gehen 0x6369a,A+9,-46,2,60,-46,
greichweite_ES1R_xm13,17,EDDY,rechts,rechts,22,643f8:4/64430:5/63746:1,,-,0,,6,-,,0,-13,0,0,,,,1,,,32,,abgebrochen (stand/gehen 0x636d4),A+10,-13,0,0,-46,
greichweite_ES1R_xm14,17,EDDY,rechts,rechts,22,643f8:4/64430:5/6445c:12/64490:5/644bc:29,9,A+9..A+20,12,0x400c,6,31,A+9,6,-14,0,0,-14,0,0,1,nein,5,77,34,stand/gehen 0x6369a,A+9,-14,0,0,-46,0x400c
greichweite_ES1R_xm77,17,EDDY,rechts,rechts,22,643f8:4/64430:5/6445c:12/64490:5/644bc:26,9,A+9..A+20,12,0x400c,6,31,A+9,6,-77,0,0,-77,0,0,1,nein,5,74,31,stand/gehen 0x6369a,A+9,-77,0,0,-46,0x400c
greichweite_ES1R_xm78,17,EDDY,rechts,rechts,22,643f8:4/64430:5,,-,0,,6,-,,0,-78,0,0,,,,1,,,31,,abgebrochen (stand/gehen 0x63746),A+9,-78,0,0,-46,
greichweite_ES1R_z11,17,EDDY,rechts,rechts,22,643f8:4/64430:5/6445c:12/64490:5/644bc:29,9,A+9..A+20,12,0x400c,6,31,A+9,6,-46,11,0,-46,11,0,1,nein,5,77,34,stand/gehen 0x6369a,A+9,-46,11,0,-46,0x400c
greichweite_ES1R_z12,17,EDDY,rechts,rechts,22,643f8:4/64430:5,,-,0,,6,-,,0,-46,12,0,,,,1,,,31,,abgebrochen (stand/gehen 0x63746),A+9,-46,12,0,-46,
greichweite_ES1R_zm10,17,EDDY,rechts,rechts,22,643f8:4/64430:5/6445c:12/64490:5/644bc:26,9,A+9..A+20,12,0x400c,6,31,A+9,6,-46,-10,0,-46,-10,0,1,nein,5,74,31,stand/gehen 0x6369a,A+9,-46,-10,0,-46,0x400c
greichweite_ES1R_zm11,17,EDDY,rechts,rechts,22,643f8:4/64430:5,,-,0,,6,-,,0,-46,-11,0,,,,1,,,31,,abgebrochen (stand/gehen 0x63746),A+9,-46,-11,0,-46,
greichweite_ES1Rd5_xm13,17,EDDY,rechts,rechts,22,643f8:4/64430:5/63746:1,,-,0,,6,-,,0,-13,5,0,,,,1,,,32,,abgebrochen (stand/gehen 0x636d4),A+10,-13,5,0,-46,
greichweite_ES1Rd5_xm14,17,EDDY,rechts,rechts,22,643f8:4/64430:5/6445c:12/64490:5/644bc:29,9,A+9..A+20,12,0x400c,6,31,A+9,6,-14,5,0,-14,5,0,1,nein,5,77,34,stand/gehen 0x6369a,A+9,-14,5,0,-46,0x400c
greichweite_ES1Rd5_xm77,17,EDDY,rechts,rechts,22,643f8:4/64430:5/6445c:12/64490:5/644bc:26,9,A+9..A+20,12,0x400c,6,31,A+9,6,-77,5,0,-77,5,0,1,nein,5,74,31,stand/gehen 0x6369a,A+9,-77,5,0,-46,0x400c
greichweite_ES1Rd5_xm78,17,EDDY,rechts,rechts,22,643f8:4/64430:5,,-,0,,6,-,,0,-78,5,0,,,,1,,,31,,abgebrochen (stand/gehen 0x63746),A+9,-78,5,0,-46,
greichweite_ES1Rx30_z11,17,EDDY,rechts,rechts,22,643f8:4/64430:5/6445c:12/64490:5/644bc:29,9,A+9..A+20,12,0x400c,6,31,A+9,6,-30,11,0,-30,11,0,1,nein,5,77,34,stand/gehen 0x6369a,A+9,-30,11,0,-46,0x400c
greichweite_ES1Rx30_z12,17,EDDY,rechts,rechts,22,643f8:4/64430:5,,-,0,,6,-,,0,-30,12,0,,,,1,,,31,,abgebrochen (stand/gehen 0x63746),A+9,-30,12,0,-46,
greichweite_ES1Rx30_zm10,17,EDDY,rechts,rechts,22,643f8:4/64430:5/6445c:12/64490:5/644bc:29,9,A+9..A+20,12,0x400c,6,31,A+9,6,-30,-10,0,-30,-10,0,1,nein,5,77,34,stand/gehen 0x6369a,A+9,-30,-10,0,-46,0x400c
greichweite_ES1Rx30_zm11,17,EDDY,rechts,rechts,22,643f8:4/64430:5,,-,0,,6,-,,0,-30,-11,0,,,,1,,,31,,abgebrochen (stand/gehen 0x63746),A+9,-30,-11,0,-46,
greichweite_ES2L_f10,17,EDDY,links,rechts,95,645bc:4/645f4:6/64624:15/64654:8/644bc:17,10,A+10..A+24,15,0x440c,6,106,A+11,6,46,0,0..60,46,0,0,1,nein,8,145,25,stand/gehen 0x636d4,A+10,46,0,60,46,0x440c
greichweite_ES2L_f16,17,EDDY,links,rechts,95,645bc:4/645f4:6/64624:15/64654:8/644bc:17,10,A+10..A+24,15,0x440c,6,112,A+17,6,46,0,0..60,46,0,0,1,nein,8,145,25,stand/gehen 0x636d4,A+10,46,0,60,46,0x440c
greichweite_ES2L_f17,17,EDDY,links,rechts,95,645bc:4/645f4:6/64624:8/64654:8/644bc:17,10,A+10..A+17,8,0x440c,6,-,,0,46,0,58..60,,,,1,,8,138,25,stand/gehen 0x636d4,A+10,46,0,60,46,
greichweite_ES2L_f9,17,EDDY,links,rechts,95,645bc:4/645f4:6/64624:15/64654:8/644bc:17,10,A+10..A+24,15,0x440c,6,105,A+10,6,46,0,0,46,0,0,1,nein,8,145,25,stand/gehen 0x636d4,A+10,46,0,0,46,0x440c
greichweite_ES2L_h48,17,EDDY,links,rechts,95,645bc:4/645f4:6/64624:15/64654:5,10,A+10..A+24,15,0x440c,6,105,A+10,6,46..63,0,48..53,46,0,48,1,ja,,125,5,stand/gehen 0x63746,A+10,46,0,48,46,0x440c
greichweite_ES2L_h49,17,EDDY,links,rechts,95,645bc:4/645f4:6/64624:15/64654:7,10,A+10..A+24,15,0x440c,6,107,A+12,6,46..57,0,48..54,46,0,48,1,ja,,127,7,stand/gehen 0x63746,A+10,46,0,49,46,0x440c
greichweite_ES2L_nat,17,EDDY,links,rechts,95,645bc:4/645f4:6/64624:15/64654:8/644bc:17,10,A+10..A+24,15,0x440c,6,105,A+10,6,46,0,0,46,0,0,1,nein,8,145,25,stand/gehen 0x636d4,A+10,46,0,0,46,0x440c
greichweite_ES2L_whiff,17,EDDY,links,rechts,95,645bc:4/645f4:6/64624:8/64654:8/644bc:17,10,A+10..A+17,8,0x440c,6,-,,0,46,0,58..60,,,,1,,8,138,25,stand/gehen 0x636d4,A+10,46,0,60,46,
greichweite_ES2L_x14,17,EDDY,links,rechts,95,645bc:4/645f4:6/63746:1,,-,0,,6,-,,0,14,0,0,,,,1,,,106,,abgebrochen (stand/gehen 0x636d4),A+11,14,0,0,46,
greichweite_ES2L_x15,17,EDDY,links,rechts,95,645bc:4/645f4:6/64624:15/64654:8/644bc:17,10,A+10..A+24,15,0x440c,6,105,A+10,6,15,0,0,15,0,0,1,nein,8,145,25,stand/gehen 0x636d4,A+10,15,0,0,46,0x440c
greichweite_ES2L_x78,17,EDDY,links,rechts,95,645bc:4/645f4:6/64624:15/64654:8/644bc:17,10,A+10..A+24,15,0x440c,6,105,A+10,6,78,0,0,78,0,0,1,nein,8,145,25,stand/gehen 0x636d4,A+10,78,0,0,46,0x440c
greichweite_ES2L_x79,17,EDDY,links,rechts,95,645bc:4/645f4:6,,-,0,,6,-,,0,79,0,0,,,,1,,,105,,abgebrochen (stand/gehen 0x63746),A+10,79,0,0,46,
greichweite_ES2L_z11,17,EDDY,links,rechts,95,645bc:4/645f4:6/64624:15/64654:8/644bc:17,10,A+10..A+24,15,0x440c,6,105,A+10,6,46,11,0,46,11,0,1,nein,8,145,25,stand/gehen 0x636d4,A+10,46,11,0,46,0x440c
greichweite_ES2L_z12,17,EDDY,links,rechts,95,645bc:4/645f4:6,,-,0,,6,-,,0,46,12,0,,,,1,,,105,,abgebrochen (stand/gehen 0x63746),A+10,46,12,0,46,
greichweite_ES2L_zm10,17,EDDY,links,rechts,95,645bc:4/645f4:6/64624:15/64654:8/644bc:17,10,A+10..A+24,15,0x440c,6,105,A+10,6,46,-10,0,46,-10,0,1,nein,8,145,25,stand/gehen 0x636d4,A+10,46,-10,0,46,0x440c
greichweite_ES2L_zm11,17,EDDY,links,rechts,95,645bc:4/645f4:6,,-,0,,6,-,,0,46,-11,0,,,,1,,,105,,abgebrochen (stand/gehen 0x63746),A+10,46,-11,0,46,
greichweite_ES2Ld5_x14,17,EDDY,links,rechts,95,645bc:4/645f4:6/63746:1,,-,0,,6,-,,0,14,5,0,,,,1,,,106,,abgebrochen (stand/gehen 0x636d4),A+11,14,5,0,46,
greichweite_ES2Ld5_x15,17,EDDY,links,rechts,95,645bc:4/645f4:6/64624:15/64654:8/644bc:17,10,A+10..A+24,15,0x440c,6,105,A+10,6,15,5,0,15,5,0,1,nein,8,145,25,stand/gehen 0x636d4,A+10,15,5,0,46,0x440c
greichweite_ES2Ld5_x78,17,EDDY,links,rechts,95,645bc:4/645f4:6/64624:15/64654:8/644bc:17,10,A+10..A+24,15,0x440c,6,105,A+10,6,78,5,0,78,5,0,1,nein,8,145,25,stand/gehen 0x636d4,A+10,78,5,0,46,0x440c
greichweite_ES2Ld5_x79,17,EDDY,links,rechts,95,645bc:4/645f4:6,,-,0,,6,-,,0,79,5,0,,,,1,,,105,,abgebrochen (stand/gehen 0x63746),A+10,79,5,0,46,
greichweite_ES2Lx30_z11,17,EDDY,links,rechts,95,645bc:4/645f4:6/64624:15/64654:8/644bc:17,10,A+10..A+24,15,0x440c,6,105,A+10,6,30,11,0,30,11,0,1,nein,8,145,25,stand/gehen 0x636d4,A+10,30,11,0,46,0x440c
greichweite_ES2Lx30_z12,17,EDDY,links,rechts,95,645bc:4/645f4:6,,-,0,,6,-,,0,30,12,0,,,,1,,,105,,abgebrochen (stand/gehen 0x63746),A+10,30,12,0,46,
greichweite_ES2Lx30_zm10,17,EDDY,links,rechts,95,645bc:4/645f4:6/64624:15/64654:8/644bc:17,10,A+10..A+24,15,0x440c,6,105,A+10,6,30,-10,0,30,-10,0,1,nein,8,145,25,stand/gehen 0x636d4,A+10,30,-10,0,46,0x440c
greichweite_ES2Lx30_zm11,17,EDDY,links,rechts,95,645bc:4/645f4:6,,-,0,,6,-,,0,30,-11,0,,,,1,,,105,,abgebrochen (stand/gehen 0x63746),A+10,30,-11,0,46,
greichweite_ES2R_f10,17,EDDY,rechts,rechts,161,645bc:4/645f4:6/64624:15/64654:8/644bc:29,10,A+10..A+24,15,0x440c,6,172,A+11,6,-46,2,0..60,-46,2,0,1,nein,8,223,37,stand/gehen 0x6369a,A+10,-46,2,60,-46,0x440c
greichweite_ES2R_f16,17,EDDY,rechts,rechts,161,645bc:4/645f4:6/64624:15/64654:8/644bc:29,10,A+10..A+24,15,0x440c,6,178,A+17,6,-46,2,0..60,-46,2,0,1,nein,8,223,37,stand/gehen 0x6369a,A+10,-46,2,60,-46,0x440c
greichweite_ES2R_f17,17,EDDY,rechts,rechts,161,645bc:4/645f4:6/64624:8/64654:8/644bc:28,10,A+10..A+17,8,0x440c,6,-,,0,-46,2,58..60,,,,1,,8,215,36,stand/gehen 0x6369a,A+10,-46,2,60,-46,
greichweite_ES2R_f9,17,EDDY,rechts,rechts,161,645bc:4/645f4:6/64624:15/64654:8/644bc:29,10,A+10..A+24,15,0x440c,6,171,A+10,6,-46,2,0,-46,2,0,1,nein,8,223,37,stand/gehen 0x6369a,A+10,-46,2,0,-46,0x440c
greichweite_ES2R_h48,17,EDDY,rechts,rechts,161,645bc:4/645f4:6/64624:15/64654:4,10,A+10..A+24,15,0x440c,6,171,A+10,6,-64..-46,2,48..53,-46,2,48,1,ja,,190,4,stand/gehen 0x63746,A+10,-46,2,48,-46,0x440c
greichweite_ES2R_h49,17,EDDY,rechts,rechts,161,645bc:4/645f4:6/64624:15/64654:6,10,A+10..A+24,15,0x440c,6,173,A+12,6,-58..-46,2,48..54,-46,2,48,1,ja,,192,6,stand/gehen 0x63746,A+10,-46,2,49,-46,0x440c
greichweite_ES2R_nat,17,EDDY,rechts,rechts,161,645bc:4/645f4:6/64624:15/64654:8/644bc:29,10,A+10..A+24,15,0x440c,6,171,A+10,6,-46,2,0,-46,2,0,1,nein,8,223,37,stand/gehen 0x6369a,A+10,-46,2,0,-46,0x440c
greichweite_ES2R_whiff,17,EDDY,rechts,rechts,161,645bc:4/645f4:6/64624:8/64654:8/644bc:19,10,A+10..A+17,8,0x440c,6,-,,0,-46,2,58..60,,,,1,,8,206,27,stand/gehen 0x63746,A+10,-46,2,60,-46,
greichweite_ES2R_xm13,17,EDDY,rechts,rechts,161,645bc:4/645f4:6/63746:1,,-,0,,6,-,,0,-13,0,0,,,,1,,,172,,abgebrochen (stand/gehen 0x636d4),A+11,-13,0,0,-46,
greichweite_ES2R_xm14,17,EDDY,rechts,rechts,161,645bc:4/645f4:6/64624:15/64654:8/644bc:29,10,A+10..A+24,15,0x440c,6,171,A+10,6,-14,0,0,-14,0,0,1,nein,8,223,37,stand/gehen 0x6369a,A+10,-14,0,0,-46,0x440c
greichweite_ES2R_xm77,17,EDDY,rechts,rechts,161,645bc:4/645f4:6/64624:15/64654:8/644bc:29,10,A+10..A+24,15,0x440c,6,171,A+10,6,-77,0,0,-77,0,0,1,nein,8,223,37,stand/gehen 0x6369a,A+10,-77,0,0,-46,0x440c
greichweite_ES2R_xm78,17,EDDY,rechts,rechts,161,645bc:4/645f4:6,,-,0,,6,-,,0,-78,0,0,,,,1,,,171,,abgebrochen (stand/gehen 0x63746),A+10,-78,0,0,-46,
greichweite_ES2R_z11,17,EDDY,rechts,rechts,161,645bc:4/645f4:6/64624:15/64654:8/644bc:31,10,A+10..A+24,15,0x440c,6,171,A+10,6,-46,11,0,-46,11,0,1,nein,8,225,39,stand/gehen 0x6369a,A+10,-46,11,0,-46,0x440c
greichweite_ES2R_z12,17,EDDY,rechts,rechts,161,645bc:4/645f4:6,,-,0,,6,-,,0,-46,12,0,,,,1,,,171,,abgebrochen (stand/gehen 0x63746),A+10,-46,12,0,-46,
greichweite_ES2R_zm10,17,EDDY,rechts,rechts,161,645bc:4/645f4:6/64624:15/64654:8/644bc:29,10,A+10..A+24,15,0x440c,6,171,A+10,6,-46,-10,0,-46,-10,0,1,nein,8,223,37,stand/gehen 0x6369a,A+10,-46,-10,0,-46,0x440c
greichweite_ES2R_zm11,17,EDDY,rechts,rechts,161,645bc:4/645f4:6,,-,0,,6,-,,0,-46,-11,0,,,,1,,,171,,abgebrochen (stand/gehen 0x63746),A+10,-46,-11,0,-46,
greichweite_ES2Rd5_xm13,17,EDDY,rechts,rechts,161,645bc:4/645f4:6/63746:1,,-,0,,6,-,,0,-13,5,0,,,,1,,,172,,abgebrochen (stand/gehen 0x636d4),A+11,-13,5,0,-46,
greichweite_ES2Rd5_xm14,17,EDDY,rechts,rechts,161,645bc:4/645f4:6/64624:15/64654:8/644bc:28,10,A+10..A+24,15,0x440c,6,171,A+10,6,-14,5,0,-14,5,0,1,nein,8,222,36,stand/gehen 0x6369a,A+10,-14,5,0,-46,0x440c
greichweite_ES2Rd5_xm77,17,EDDY,rechts,rechts,161,645bc:4/645f4:6/64624:15/64654:8/644bc:31,10,A+10..A+24,15,0x440c,6,171,A+10,6,-77,5,0,-77,5,0,1,nein,8,225,39,stand/gehen 0x6369a,A+10,-77,5,0,-46,0x440c
greichweite_ES2Rd5_xm78,17,EDDY,rechts,rechts,161,645bc:4/645f4:6,,-,0,,6,-,,0,-78,5,0,,,,1,,,171,,abgebrochen (stand/gehen 0x63746),A+10,-78,5,0,-46,
greichweite_ES2Rx30_z11,17,EDDY,rechts,rechts,161,645bc:4/645f4:6/64624:15/64654:8/644bc:28,10,A+10..A+24,15,0x440c,6,171,A+10,6,-30,11,0,-30,11,0,1,nein,8,222,36,stand/gehen 0x6369a,A+10,-30,11,0,-46,0x440c
greichweite_ES2Rx30_z12,17,EDDY,rechts,rechts,161,645bc:4/645f4:6,,-,0,,6,-,,0,-30,12,0,,,,1,,,171,,abgebrochen (stand/gehen 0x63746),A+10,-30,12,0,-46,
greichweite_ES2Rx30_zm10,17,EDDY,rechts,rechts,161,645bc:4/645f4:6/64624:15/64654:8/644bc:29,10,A+10..A+24,15,0x440c,6,171,A+10,6,-30,-10,0,-30,-10,0,1,nein,8,223,37,stand/gehen 0x6369a,A+10,-30,-10,0,-46,0x440c
greichweite_ES2Rx30_zm11,17,EDDY,rechts,rechts,161,645bc:4/645f4:6,,-,0,,6,-,,0,-30,-11,0,,,,1,,,171,,abgebrochen (stand/gehen 0x63746),A+10,-30,-11,0,-46,
greichweite_EK2L_f12,17,EDDY,links,rechts,289,644f4:4/6452c:5/64558:12/6458c:5/644bc:7,9,A+9..A+20,12,0x4c0c,6,302,A+13,6,46,2,0..60,46,2,0,1,ja,5,322,12,stand/gehen 0x63746,A+9,46,2,60,46,0x4c0c
greichweite_EK2L_f13,17,EDDY,links,rechts,289,644f4:4/6452c:5/64558:5/6458c:5/644bc:27,9,A+9..A+13,5,0x4c0c,6,-,,0,46,2,59..60,,,,1,,5,335,32,stand/gehen 0x6369a,A+9,46,2,60,46,
greichweite_EK2L_f8,17,EDDY,links,rechts,289,644f4:4/6452c:5/64558:12/6458c:5/644bc:3,9,A+9..A+20,12,0x4c0c,6,298,A+9,6,46..54,2,0..14,46,2,0,1,ja,5,318,8,stand/gehen 0x63746,A+9,46,2,0,46,0x4c0c
greichweite_EK2L_f9,17,EDDY,links,rechts,289,644f4:4/6452c:5/64558:12/6458c:5/644bc:4,9,A+9..A+20,12,0x4c0c,6,299,A+10,6,46..51,2,0..60,46,2,0,1,ja,5,319,9,stand/gehen 0x63746,A+9,46,2,60,46,0x4c0c
greichweite_EK2L_h48,17,EDDY,links,rechts,289,644f4:4/6452c:5/64558:12/6458c:5/644bc:3,9,A+9..A+20,12,0x4c0c,6,298,A+9,6,46..54,2,48..53,46,2,48,1,ja,5,318,8,stand/gehen 0x63746,A+9,46,2,48,46,0x4c0c
greichweite_EK2L_h49,17,EDDY,links,rechts,289,644f4:4/6452c:5/64558:12/6458c:5/644bc:5,9,A+9..A+20,12,0x4c0c,6,300,A+11,6,46..49,2,48..54,46,2,48,1,ja,5,320,10,stand/gehen 0x63746,A+9,46,2,49,46,0x4c0c
greichweite_EK2L_nat,17,EDDY,links,rechts,289,644f4:4/6452c:5/64558:12/6458c:5/644bc:3,9,A+9..A+20,12,0x4c0c,6,298,A+9,6,46..54,2,0..14,46,2,0,1,ja,5,318,8,stand/gehen 0x63746,A+9,46,2,0,46,0x4c0c
greichweite_EK2L_whiff,17,EDDY,links,rechts,289,644f4:4/6452c:5/64558:5/6458c:5/644bc:27,9,A+9..A+13,5,0x4c0c,6,-,,0,46,2,59..60,,,,1,,5,335,32,stand/gehen 0x6369a,A+9,46,2,60,46,
greichweite_EK2L_x14,17,EDDY,links,rechts,289,644f4:4/6452c:5/63746:2,,-,0,,6,-,,0,14,0,0,,,,1,,,300,,abgebrochen (stand/gehen 0x636d4),A+11,14,0,0,46,
greichweite_EK2L_x15,17,EDDY,links,rechts,289,644f4:4/6452c:5/64558:12/6458c:5/644bc:25,9,A+9..A+20,12,0x4c0c,6,298,A+9,6,15..18,0,0..14,15,0,0,1,ja,5,340,30,stand/gehen 0x63746,A+9,15,0,0,46,0x4c0c
greichweite_EK2L_x78,17,EDDY,links,rechts,289,644f4:4/6452c:5/64558:9,9,A+9..A+17,9,0x4c0c,6,298,A+9,6,78,0,0,78,0,0,1,ja,,307,0,stand/gehen 0x63746,A+9,78,0,0,46,0x4c0c
greichweite_EK2L_x79,17,EDDY,links,rechts,289,644f4:4/6452c:5,,-,0,,6,-,,0,79,0,0,,,,1,,,298,,abgebrochen (stand/gehen 0x63746),A+9,79,0,0,46,
greichweite_EK2L_z11,17,EDDY,links,rechts,289,644f4:4/6452c:5/64558:12/6458c:5/644bc:25,9,A+9..A+20,12,0x4c0c,6,298,A+9,6,46..49,11,0..14,46,11,0,1,ja,5,340,30,stand/gehen 0x63746,A+9,46,11,0,46,0x4c0c
greichweite_EK2L_z12,17,EDDY,links,rechts,289,644f4:4/6452c:5,,-,0,,6,-,,0,46,12,0,,,,1,,,298,,abgebrochen (stand/gehen 0x63746),A+9,46,12,0,46,
greichweite_EK2L_zm10,17,EDDY,links,rechts,289,644f4:4/6452c:5/64558:12/6458c:5/644bc:25,9,A+9..A+20,12,0x4c0c,6,298,A+9,6,46..49,-10,0..14,46,-10,0,1,ja,5,340,30,stand/gehen 0x63746,A+9,46,-10,0,46,0x4c0c
greichweite_EK2L_zm11,17,EDDY,links,rechts,289,644f4:4/6452c:5,,-,0,,6,-,,0,46,-11,0,,,,1,,,298,,abgebrochen (stand/gehen 0x63746),A+9,46,-11,0,46,
greichweite_EK2Ld5_x14,17,EDDY,links,rechts,289,644f4:4/6452c:5/63746:2,,-,0,,6,-,,0,14,5,0,,,,1,,,300,,abgebrochen (stand/gehen 0x636d4),A+11,14,5,0,46,
greichweite_EK2Ld5_x15,17,EDDY,links,rechts,289,644f4:4/6452c:5/64558:12/6458c:5/644bc:25,9,A+9..A+20,12,0x4c0c,6,298,A+9,6,15..18,5,0..14,15,5,0,1,ja,5,340,30,stand/gehen 0x63746,A+9,15,5,0,46,0x4c0c
greichweite_EK2Ld5_x78,17,EDDY,links,rechts,289,644f4:4/6452c:5/64558:9,9,A+9..A+17,9,0x4c0c,6,298,A+9,6,78,5,0,78,5,0,1,ja,,307,0,stand/gehen 0x63746,A+9,78,5,0,46,0x4c0c
greichweite_EK2Ld5_x79,17,EDDY,links,rechts,289,644f4:4/6452c:5,,-,0,,6,-,,0,79,5,0,,,,1,,,298,,abgebrochen (stand/gehen 0x63746),A+9,79,5,0,46,
greichweite_EK2Lx30_z11,17,EDDY,links,rechts,289,644f4:4/6452c:5/64558:12/6458c:5/644bc:25,9,A+9..A+20,12,0x4c0c,6,298,A+9,6,30..33,11,0..14,30,11,0,1,ja,5,340,30,stand/gehen 0x63746,A+9,30,11,0,46,0x4c0c
greichweite_EK2Lx30_z12,17,EDDY,links,rechts,289,644f4:4/6452c:5,,-,0,,6,-,,0,30,12,0,,,,1,,,298,,abgebrochen (stand/gehen 0x63746),A+9,30,12,0,46,
greichweite_EK2Lx30_zm10,17,EDDY,links,rechts,289,644f4:4/6452c:5/64558:12/6458c:5/644bc:28,9,A+9..A+20,12,0x4c0c,6,298,A+9,6,30..33,-10,0..14,30,-10,0,1,ja,5,343,33,stand/gehen 0x63746,A+9,30,-10,0,46,0x4c0c
greichweite_EK2Lx30_zm11,17,EDDY,links,rechts,289,644f4:4/6452c:5,,-,0,,6,-,,0,30,-11,0,,,,1,,,298,,abgebrochen (stand/gehen 0x63746),A+9,30,-11,0,46,
greichweite_EK2R_f12,17,EDDY,rechts,rechts,360,644f4:4/6452c:5/64558:12/6458c:5/644bc:4,9,A+9..A+20,12,0x4c0c,6,373,A+13,6,-56,3,0..60,-56,3,0,1,ja,5,390,9,stand/gehen 0x63746,A+9,-56,3,60,-48,0x4c0c
greichweite_EK2R_f13,17,EDDY,rechts,rechts,360,644f4:4/6452c:5/64558:5/6458c:5/644bc:28,9,A+9..A+13,5,0x4c0c,6,-,,0,-56,3,59..60,,,,1,,5,407,33,stand/gehen 0x6369a,A+9,-56,3,60,-48,
greichweite_EK2R_f8,17,EDDY,rechts,rechts,360,644f4:4/6452c:5/64558:12/6458c:5,9,A+9..A+20,12,0x4c0c,6,369,A+9,6,-65..-56,3,0..14,-56,3,0,1,ja,,386,5,stand/gehen 0x63746,A+9,-56,3,0,-48,0x4c0c
greichweite_EK2R_f9,17,EDDY,rechts,rechts,360,644f4:4/6452c:5/64558:12/6458c:5/644bc:1,9,A+9..A+20,12,0x4c0c,6,370,A+10,6,-62..-56,3,0..60,-56,3,0,1,ja,5,387,6,stand/gehen 0x63746,A+9,-56,3,60,-48,0x4c0c
greichweite_EK2R_h48,17,EDDY,rechts,rechts,360,644f4:4/6452c:5/64558:12/6458c:5,9,A+9..A+20,12,0x4c0c,6,369,A+9,6,-65..-56,3,48..53,-56,3,48,1,ja,,386,5,stand/gehen 0x63746,A+9,-56,3,48,-48,0x4c0c
greichweite_EK2R_h49,17,EDDY,rechts,rechts,360,644f4:4/6452c:5/64558:12/6458c:5/644bc:2,9,A+9..A+20,12,0x4c0c,6,371,A+11,6,-59..-56,3,48..54,-56,3,48,1,ja,5,388,7,stand/gehen 0x63746,A+9,-56,3,49,-48,0x4c0c
greichweite_EK2R_nat,17,EDDY,rechts,rechts,360,644f4:4/6452c:5/64558:12/6458c:5,9,A+9..A+20,12,0x4c0c,6,369,A+9,6,-65..-56,3,0..14,-56,3,0,1,ja,,386,5,stand/gehen 0x63746,A+9,-56,3,0,-48,0x4c0c
greichweite_EK2R_whiff,17,EDDY,rechts,rechts,360,644f4:4/6452c:5/64558:5/6458c:5/644bc:28,9,A+9..A+13,5,0x4c0c,6,-,,0,-56,3,59..60,,,,1,,5,407,33,stand/gehen 0x6369a,A+9,-56,3,60,-48,
greichweite_EK2R_xm15,17,EDDY,rechts,rechts,360,644f4:4/6452c:5/63746:1,,-,0,,6,-,,0,-15,0,0,,,,1,,,370,,abgebrochen (stand/gehen 0x636d4),A+10,-15,0,0,-48,
greichweite_EK2R_xm16,17,EDDY,rechts,rechts,360,644f4:4/6452c:5/64558:12/6458c:5/644bc:28,9,A+9..A+20,12,0x4c0c,6,369,A+9,6,-18..-16,0,0..14,-16,0,0,1,ja,5,414,33,stand/gehen 0x63746,A+9,-16,0,0,-48,0x4c0c
greichweite_EK2R_xm79,17,EDDY,rechts,rechts,360,644f4:4/6452c:5/64558:9,9,A+9..A+17,9,0x4c0c,6,369,A+9,6,-79,0,0,-79,0,0,1,ja,,378,0,stand/gehen 0x63746,A+9,-79,0,0,-48,0x4c0c
greichweite_EK2R_xm80,17,EDDY,rechts,rechts,360,644f4:4/6452c:5,,-,0,,6,-,,0,-80,0,0,,,,1,,,369,,abgebrochen (stand/gehen 0x63746),A+9,-80,0,0,-48,
greichweite_EK2R_z11,17,EDDY,rechts,rechts,360,644f4:4/6452c:5/64558:12/6458c:5/644bc:22,9,A+9..A+20,12,0x4c0c,6,369,A+9,6,-58..-56,11,0..14,-56,11,0,1,ja,5,408,27,stand/gehen 0x63746,A+9,-56,11,0,-48,0x4c0c
greichweite_EK2R_z12,17,EDDY,rechts,rechts,360,644f4:4/6452c:5,,-,0,,6,-,,0,-56,12,0,,,,1,,,369,,abgebrochen (stand/gehen 0x63746),A+9,-56,12,0,-48,
greichweite_EK2R_zm10,17,EDDY,rechts,rechts,360,644f4:4/6452c:5/64558:12/6458c:5/644bc:22,9,A+9..A+20,12,0x4c0c,6,369,A+9,6,-58..-56,-10,0..14,-56,-10,0,1,ja,5,408,27,stand/gehen 0x63746,A+9,-56,-10,0,-48,0x4c0c
greichweite_EK2R_zm11,17,EDDY,rechts,rechts,360,644f4:4/6452c:5,,-,0,,6,-,,0,-56,-11,0,,,,1,,,369,,abgebrochen (stand/gehen 0x63746),A+9,-56,-11,0,-48,
greichweite_EK2Rd5_xm15,17,EDDY,rechts,rechts,360,644f4:4/6452c:5/63746:1,,-,0,,6,-,,0,-15,5,0,,,,1,,,370,,abgebrochen (stand/gehen 0x636d4),A+10,-15,5,0,-48,
greichweite_EK2Rd5_xm16,17,EDDY,rechts,rechts,360,644f4:4/6452c:5/64558:12/6458c:5/644bc:28,9,A+9..A+20,12,0x4c0c,6,369,A+9,6,-18..-16,5,0..14,-16,5,0,1,ja,5,414,33,stand/gehen 0x63746,A+9,-16,5,0,-48,0x4c0c
greichweite_EK2Rd5_xm79,17,EDDY,rechts,rechts,360,644f4:4/6452c:5/64558:9,9,A+9..A+17,9,0x4c0c,6,369,A+9,6,-79,5,0,-79,5,0,1,ja,,378,0,stand/gehen 0x63746,A+9,-79,5,0,-48,0x4c0c
greichweite_EK2Rd5_xm80,17,EDDY,rechts,rechts,360,644f4:4/6452c:5,,-,0,,6,-,,0,-80,5,0,,,,1,,,369,,abgebrochen (stand/gehen 0x63746),A+9,-80,5,0,-48,
greichweite_EK2Rx30_z11,17,EDDY,rechts,rechts,360,644f4:4/6452c:5/64558:12/6458c:5/644bc:28,9,A+9..A+20,12,0x4c0c,6,369,A+9,6,-32..-30,11,0..14,-30,11,0,1,ja,5,414,33,stand/gehen 0x63746,A+9,-30,11,0,-48,0x4c0c
greichweite_EK2Rx30_z12,17,EDDY,rechts,rechts,360,644f4:4/6452c:5,,-,0,,6,-,,0,-30,12,0,,,,1,,,369,,abgebrochen (stand/gehen 0x63746),A+9,-30,12,0,-48,
greichweite_EK2Rx30_zm10,17,EDDY,rechts,rechts,360,644f4:4/6452c:5/64558:12/6458c:5/644bc:28,9,A+9..A+20,12,0x4c0c,6,369,A+9,6,-32..-30,-10,0..14,-30,-10,0,1,ja,5,414,33,stand/gehen 0x63746,A+9,-30,-10,0,-48,0x4c0c
greichweite_EK2Rx30_zm11,17,EDDY,rechts,rechts,360,644f4:4/6452c:5,,-,0,,6,-,,0,-30,-11,0,,,,1,,,369,,abgebrochen (stand/gehen 0x63746),A+9,-30,-11,0,-48,
greichweite_EK1L_f30,17,EDDY,links,rechts,183,64688:3/646c0:1/646f8:5/6472e:44/644bc:26,9,A+9..A+52,44,0x4c0c,6,214,A+31,6,27..189,0,0..43,27,0,0,1,ja,0,262,26,stand/gehen 0x63746,A+9,189,0,0,46,0x4c0c
greichweite_EK1L_f44,17,EDDY,links,rechts,183,64688:3/646c0:1/646f8:5/6472e:44/644bc:26,9,A+9..A+52,44,0x4c0c,6,228,A+45,6,27..189,0,0,27,0,0,1,ja,0,262,26,stand/gehen 0x63746,A+9,189,0,0,46,0x4c0c
greichweite_EK1L_f45,17,EDDY,links,rechts,183,64688:3/646c0:1/646f8:5/6472e:37/644bc:26,9,A+9..A+45,37,0x4c0c,6,-,,0,81..189,0,0,,,,1,,0,255,26,stand/gehen 0x6369a,A+9,189,0,0,46,
greichweite_EK1L_f50,17,EDDY,links,rechts,183,64688:3/646c0:1/646f8:5/6472e:37/644bc:1,9,A+9..A+45,37,0x4c0c,6,-,,0,81..189,0,0,,,,1,,0,230,1,stand/gehen 0x63746,A+9,189,0,0,46,
greichweite_EK1L_f52,17,EDDY,links,rechts,183,64688:3/646c0:1/646f8:5/6472e:37/644bc:1,9,A+9..A+45,37,0x4c0c,6,-,,0,81..189,0,0,,,,1,,0,230,1,stand/gehen 0x63746,A+9,189,0,0,46,
greichweite_EK1L_f8,17,EDDY,links,rechts,183,64688:3/646c0:1/646f8:5/6472e:44/644bc:27,9,A+9..A+52,44,0x4c0c,6,192,A+9,6,27..30,0,0..48,27,0,0,1,ja,0,263,27,stand/gehen 0x63746,A+9,27,0,0,46,0x4c0c
greichweite_EK1L_f9,17,EDDY,links,rechts,183,64688:3/646c0:1/646f8:5/6472e:44/644bc:27,9,A+9..A+52,44,0x4c0c,6,193,A+10,6,27..189,0,0..48,27,0,0,1,ja,0,263,27,stand/gehen 0x63746,A+9,189,0,0,46,0x4c0c
greichweite_EK1L_nat,17,EDDY,links,rechts,183,64688:3/646c0:1/646f8:5/6472e:44/644bc:27,9,A+9..A+52,44,0x4c0c,6,192,A+9,6,23..31,0,0..48,31,0,0,1,ja,0,263,27,stand/gehen 0x63746,A+9,31,0,0,46,0x4c0c
greichweite_EK1L_whiff,17,EDDY,links,rechts,183,64688:3/646c0:1/646f8:5/6472e:37/644bc:1,9,A+9..A+45,37,0x4c0c,6,-,,0,28,20,0,,,,1,,0,230,1,stand/gehen 0x63746,A+9,28,20,0,46,
greichweite_EK1L_x1,17,EDDY,links,rechts,183,64688:3/646c0:1/646f8:5/6472e:37/644bc:1,9,A+9..A+45,37,0x4c0c,6,-,,0,-17..-2,0,0,,,,1,,0,230,1,neuer angriff 0x63746,A+9,-2,0,0,46,
greichweite_EK1L_x3,17,EDDY,links,rechts,183,64688:3/646c0:1/646f8:5/6472e:44/644bc:1,9,A+9..A+52,44,0x4c0c,6,192,A+9,6,0..3,0,0..48,0,0,0,1,ja,0,237,1,stand/gehen 0x63746,A+9,0,0,0,46,0x4c0c
greichweite_EK1L_x62,17,EDDY,links,rechts,183,64688:3/646c0:1/646f8:5/6472e:44/644bc:7,9,A+9..A+52,44,0x4c0c,6,192,A+9,6,59..62,0,0..48,59,0,0,1,ja,0,243,7,stand/gehen 0x63746,A+9,59,0,0,46,0x4c0c
greichweite_EK1L_x63,17,EDDY,links,rechts,183,64688:3/646c0:1/646f8:5/6472e:44/644bc:9,9,A+9..A+52,44,0x4c0c,6,224,A+41,6,54..60,0,0..14,57,0,0,1,ja,0,245,9,stand/gehen 0x63746,A+9,60,0,0,46,0x4c0c
greichweite_EK1L_z12,17,EDDY,links,rechts,183,64688:3/646c0:1/646f8:5/6472e:44/644bc:1,9,A+9..A+52,44,0x4c0c,6,192,A+9,6,28..31,12,0..48,28,12,0,1,ja,0,237,1,stand/gehen 0x63746,A+9,28,12,0,46,0x4c0c
greichweite_EK1L_z13,17,EDDY,links,rechts,183,64688:3/646c0:1/646f8:5/6472e:37/644bc:1,9,A+9..A+45,37,0x4c0c,6,-,,0,13..28,13,0,,,,1,,0,230,1,stand/gehen 0x63746,A+9,28,13,0,46,
greichweite_EK1L_zm12,17,EDDY,links,rechts,183,64688:3/646c0:1/646f8:5/6472e:44/644bc:1,9,A+9..A+52,44,0x4c0c,6,192,A+9,6,28..31,-12,0..48,28,-12,0,1,ja,0,237,1,stand/gehen 0x63746,A+9,28,-12,0,46,0x4c0c
greichweite_EK1L_zm13,17,EDDY,links,rechts,183,64688:3/646c0:1/646f8:5/6472e:37/644bc:1,9,A+9..A+45,37,0x4c0c,6,-,,0,13..28,-13,0,,,,1,,0,230,1,stand/gehen 0x63746,A+9,28,-13,0,46,
greichweite_EK1R_f30,17,EDDY,rechts,links,1424,64688:3/646c0:1/646f8:5/6472e:44/644bc:28,9,A+9..A+52,44,0x4c0c,6,1455,A+31,6,-197..-27,0,0..44,-27,0,0,1,ja,0,1505,28,stand/gehen 0x63746,A+9,-197,0,0,-48,0x4c0c
greichweite_EK1R_f44,17,EDDY,rechts,links,1424,64688:3/646c0:1/646f8:5/6472e:44/644bc:28,9,A+9..A+52,44,0x4c0c,6,1469,A+45,6,-197..-27,0..10,0,-27,0,0,1,ja,0,1505,28,stand/gehen 0x63746,A+9,-197,0,0,-48,0x4c0c
greichweite_EK1R_f45,17,EDDY,rechts,links,1424,64688:3/646c0:1/646f8:5/6472e:37/644bc:29,9,A+9..A+45,37,0x4c0c,6,-,,0,-197..-195,0..10,0,,,,1,,0,1499,29,stand/gehen 0x6369a,A+9,-197,0,0,-48,
greichweite_EK1R_f50,17,EDDY,rechts,links,1424,64688:3/646c0:1/646f8:5/6472e:37/644bc:1,9,A+9..A+45,37,0x4c0c,6,-,,0,-197..-195,0..10,0,,,,1,,0,1471,1,stand/gehen 0x63746,A+9,-197,0,0,-48,
greichweite_EK1R_f52,17,EDDY,rechts,links,1424,64688:3/646c0:1/646f8:5/6472e:37/644bc:1,9,A+9..A+45,37,0x4c0c,6,-,,0,-197..-195,0..10,0,,,,1,,0,1471,1,stand/gehen 0x63746,A+9,-197,0,0,-48,
greichweite_EK1R_f8,17,EDDY,rechts,links,1424,64688:3/646c0:1/646f8:5/6472e:44/644bc:30,9,A+9..A+52,44,0x4c0c,6,1433,A+9,6,-30..-27,0,0..48,-27,0,0,1,ja,0,1507,30,stand/gehen 0x63746,A+9,-27,0,0,-48,0x4c0c
greichweite_EK1R_f9,17,EDDY,rechts,links,1424,64688:3/646c0:1/646f8:5/6472e:44/644bc:26,9,A+9..A+52,44,0x4c0c,6,1434,A+10,6,-197..-27,0,0..48,-27,0,0,1,ja,0,1503,26,stand/gehen 0x63746,A+9,-197,0,0,-48,0x4c0c
greichweite_EK1R_nat,17,EDDY,rechts,links,1424,64688:3/646c0:1/646f8:5/6472e:44/644bc:30,9,A+9..A+52,44,0x4c0c,6,1433,A+9,6,-40..-32,-1,0..48,-40,-1,0,1,ja,0,1507,30,stand/gehen 0x63746,A+9,-40,-1,0,-48,0x4c0c
greichweite_EK1R_whiff,17,EDDY,rechts,links,1424,64688:3/646c0:1/646f8:5/6472e:37/644bc:1,9,A+9..A+45,37,0x4c0c,6,-,,0,-37,20,0,,,,1,,0,1471,1,stand/gehen 0x63746,A+9,-37,20,0,-48,
greichweite_EK1R_xm1,17,EDDY,rechts,links,1424,64688:3/646c0:1/646f8:5/6472e:37/644bc:1,9,A+9..A+45,37,0x4c0c,6,-,,0,2..17,0,0,,,,1,,0,1471,1,neuer angriff 0x63746,A+9,2,0,0,-48,
greichweite_EK1R_xm2,17,EDDY,rechts,links,1424,64688:3/646c0:1/646f8:5/6472e:44/644bc:1,9,A+9..A+52,44,0x4c0c,6,1433,A+9,6,-2..1,0,0..48,1,0,0,1,ja,0,1478,1,stand/gehen 0x63746,A+9,1,0,0,-48,0x4c0c
greichweite_EK1R_xm61,17,EDDY,rechts,links,1424,64688:3/646c0:1/646f8:5/6472e:44/644bc:8,9,A+9..A+52,44,0x4c0c,6,1433,A+9,6,-61..-58,0,0..48,-58,0,0,1,ja,0,1485,8,stand/gehen 0x63746,A+9,-58,0,0,-48,0x4c0c
greichweite_EK1R_xm62,17,EDDY,rechts,links,1424,64688:3/646c0:1/646f8:5/6472e:44/644bc:10,9,A+9..A+52,44,0x4c0c,6,1465,A+41,6,-59..-52,0,0..14,-56,0,0,1,ja,0,1487,10,stand/gehen 0x63746,A+9,-59,0,0,-48,0x4c0c
greichweite_EK1R_z12,17,EDDY,rechts,links,1424,64688:3/646c0:1/646f8:5/6472e:44/644bc:1,9,A+9..A+52,44,0x4c0c,6,1433,A+9,6,-40..-37,12,0..48,-37,12,0,1,ja,0,1478,1,stand/gehen 0x63746,A+9,-37,12,0,-48,0x4c0c
greichweite_EK1R_z13,17,EDDY,rechts,links,1424,64688:3/646c0:1/646f8:5/6472e:37/644bc:1,9,A+9..A+45,37,0x4c0c,6,-,,0,-37..-22,13,0,,,,1,,0,1471,1,stand/gehen 0x63746,A+9,-37,13,0,-48,
greichweite_EK1R_zm12,17,EDDY,rechts,links,1424,64688:3/646c0:1/646f8:5/6472e:44/644bc:1,9,A+9..A+52,44,0x4c0c,6,1433,A+9,6,-40..-37,-12,0..48,-37,-12,0,1,ja,0,1478,1,stand/gehen 0x63746,A+9,-37,-12,0,-48,0x4c0c
greichweite_EK1R_zm13,17,EDDY,rechts,links,1424,64688:3/646c0:1/646f8:5/6472e:37/644bc:1,9,A+9..A+45,37,0x4c0c,6,-,,0,-37..-22,-13,0,,,,1,,0,1471,1,stand/gehen 0x63746,A+9,-37,-13,0,-48,
greichweite_SMSL_f12,18,SKIP,links,links,705,287e0:5/2881c:3/28858:3/2888e:2/288ca:4/28904:2/28940:2/28976:3/289b2:1/2849e:12,13,A+13..A+16,4,0x8402,8,718,A+13,8,66,0,0,66,0,0,1,nein,8,742,20,neuer angriff 0x287e0,A+13,66,0,0,64,0x8402
greichweite_SMSL_f13,18,SKIP,links,links,705,287e0:5/2881c:3/28858:3/2888e:2/288ca:4/28904:2/28940:2/28976:3/289b2:1/2849e:12,13,A+13..A+16,4,0x8402,8,719,A+14,8,66,0..20,0,66,0,0,1,nein,8,742,20,neuer angriff 0x287e0,A+13,66,20,0,64,0x8402
greichweite_SMSL_f15,18,SKIP,links,links,705,287e0:5/2881c:3/28858:3/2888e:2/288ca:4/28904:2/28940:2/28976:3/289b2:1/2849e:12,13,A+13..A+16,4,0x8402,8,721,A+16,8,66,0..20,0,66,0,0,1,nein,8,742,20,neuer angriff 0x287e0,A+13,66,20,0,64,0x8402
greichweite_SMSL_f16,18,SKIP,links,links,705,287e0:5/2881c:3/28858:3/2888e:2/288ca:4/28904:2/28940:2/28976:3/289b2:1/2849e:12,13,A+13..A+16,4,0x8402,8,-,,0,66,20,0,,,,1,,8,742,20,neuer angriff 0x287e0,A+13,66,20,0,64,
greichweite_SMSL_h71,18,SKIP,links,links,705,287e0:5/2881c:3/28858:3/2888e:2/288ca:4/28904:2/28940:2/28976:3/289b2:1,13,A+13..A+16,4,0x8402,8,718,A+13,8,66,-11,71,66,-11,71,1,ja,,730,8,stand/gehen 0x282f4,A+13,66,-11,71,64,0x8402
greichweite_SMSL_h72,18,SKIP,links,links,705,287e0:5/2881c:3/28858:3/2888e:2/288ca:4/28904:2/28940:2/28976:3/289b2:1,13,A+13..A+16,4,0x8402,8,720,A+15,8,66,-11,71..72,66,-11,71,1,ja,,730,8,stand/gehen 0x282f4,A+13,66,-11,72,64,0x8402
greichweite_SMSL_h73,18,SKIP,links,links,705,287e0:5/2881c:3/28858:3/2888e:2/288ca:4/28904:2/28940:2/28976:3/289b2:1/2849e:11,13,A+13..A+16,4,0x8402,8,-,,0,66,-11,72..73,,,,1,,8,741,19,stand/gehen 0x282f4,A+13,66,-11,73,64,
greichweite_SMSL_nat,18,SKIP,links,links,705,287e0:5/2881c:3/28858:3/2888e:2/288ca:4/28904:2/28940:2/28976:3/289b2:1/2849e:11,13,A+13..A+16,4,0x8402,8,718,A+13,8,66,-11,0,66,-11,0,1,nein,8,741,19,stand/gehen 0x282f4,A+13,66,-11,0,64,0x8402
greichweite_SMSL_whiff,18,SKIP,links,links,705,287e0:5/2881c:3/28858:3/2888e:2/288ca:4/28904:2/28940:2/28976:3/289b2:1/2849e:11,13,A+13..A+16,4,0x8402,8,-,,0,66,20,0,,,,1,,8,741,19,stand/gehen 0x282f4,A+13,66,20,0,64,
greichweite_SMSL_x108,18,SKIP,links,links,705,287e0:5/2881c:3/28858:3/2888e:2/288ca:4/28904:2/28940:2/28976:3/289b2:1/2849e:11,13,A+13..A+16,4,0x8402,8,718,A+13,8,108,0,0,108,0,0,1,nein,8,741,19,stand/gehen 0x282f4,A+13,108,0,0,64,0x8402
greichweite_SMSL_x109,18,SKIP,links,links,705,287e0:5/2881c:3/28858:3/2888e:2/288ca:4/28904:2/28940:2/28976:3/289b2:1/2849e:11,13,A+13..A+16,4,0x8402,8,-,,0,109,0,0,,,,1,,8,741,19,stand/gehen 0x282f4,A+13,109,0,0,64,
greichweite_SMSL_xm15,18,SKIP,links,links,705,287e0:5/2881c:3/28858:3/2888e:2/288ca:4/28904:2/28940:2/28976:3/289b2:1/2849e:11,13,A+13..A+16,4,0x8402,8,718,A+13,8,-15,0,0,-15,0,0,1,nein,8,741,19,stand/gehen 0x282f4,A+13,-15,0,0,64,0x8402
greichweite_SMSL_xm16,18,SKIP,links,links,705,287e0:5/2881c:3/28858:3/2888e:2/288ca:4/28904:2/28940:2/28976:3/289b2:1/2849e:11,13,A+13..A+16,4,0x8402,8,-,,0,-16,0,0,,,,1,,8,741,19,stand/gehen 0x282f4,A+13,-16,0,0,64,
greichweite_SMSL_z12,18,SKIP,links,links,705,287e0:5/2881c:3/28858:3/2888e:2/288ca:4/28904:2/28940:2/28976:3/289b2:1/2849e:11,13,A+13..A+16,4,0x8402,8,718,A+13,8,66,12,0,66,12,0,1,nein,8,741,19,stand/gehen 0x282f4,A+13,66,12,0,64,0x8402
greichweite_SMSL_z13,18,SKIP,links,links,705,287e0:5/2881c:3/28858:3/2888e:2/288ca:4/28904:2/28940:2/28976:3/289b2:1/2849e:11,13,A+13..A+16,4,0x8402,8,-,,0,66,13,0,,,,1,,8,741,19,stand/gehen 0x282f4,A+13,66,13,0,64,
greichweite_SMSL_zm12,18,SKIP,links,links,705,287e0:5/2881c:3/28858:3/2888e:2/288ca:4/28904:2/28940:2/28976:3/289b2:1/2849e:11,13,A+13..A+16,4,0x8402,8,718,A+13,8,66,-12,0,66,-12,0,1,nein,8,741,19,stand/gehen 0x282f4,A+13,66,-12,0,64,0x8402
greichweite_SMSL_zm13,18,SKIP,links,links,705,287e0:5/2881c:3/28858:3/2888e:2/288ca:4/28904:2/28940:2/28976:3/289b2:1/2849e:11,13,A+13..A+16,4,0x8402,8,-,,0,67,-13,0,,,,1,,8,741,19,stand/gehen 0x282f4,A+13,67,-13,0,64,
greichweite_SMSLd5_x108,18,SKIP,links,links,705,287e0:5/2881c:3/28858:3/2888e:2/288ca:4/28904:2/28940:2/28976:3/289b2:1/2849e:11,13,A+13..A+16,4,0x8402,8,718,A+13,8,108,5,0,108,5,0,1,nein,8,741,19,stand/gehen 0x282f4,A+13,108,5,0,64,0x8402
greichweite_SMSLd5_x109,18,SKIP,links,links,705,287e0:5/2881c:3/28858:3/2888e:2/288ca:4/28904:2/28940:2/28976:3/289b2:1/2849e:11,13,A+13..A+16,4,0x8402,8,-,,0,109,5,0,,,,1,,8,741,19,stand/gehen 0x282f4,A+13,109,5,0,64,
greichweite_SMSLd5_xm15,18,SKIP,links,links,705,287e0:5/2881c:3/28858:3/2888e:2/288ca:4/28904:2/28940:2/28976:3/289b2:1/2849e:11,13,A+13..A+16,4,0x8402,8,718,A+13,8,-15,5,0,-15,5,0,1,nein,8,741,19,stand/gehen 0x282f4,A+13,-15,5,0,64,0x8402
greichweite_SMSLd5_xm16,18,SKIP,links,links,705,287e0:5/2881c:3/28858:3/2888e:2/288ca:4/28904:2/28940:2/28976:3/289b2:1/2849e:11,13,A+13..A+16,4,0x8402,8,-,,0,-16,5,0,,,,1,,8,741,19,stand/gehen 0x282f4,A+13,-16,5,0,64,
greichweite_SMSLx30_z12,18,SKIP,links,links,705,287e0:5/2881c:3/28858:3/2888e:2/288ca:4/28904:2/28940:2/28976:3/289b2:1/2849e:11,13,A+13..A+16,4,0x8402,8,718,A+13,8,30,12,0,30,12,0,1,nein,8,741,19,stand/gehen 0x282f4,A+13,30,12,0,64,0x8402
greichweite_SMSLx30_z13,18,SKIP,links,links,705,287e0:5/2881c:3/28858:3/2888e:2/288ca:4/28904:2/28940:2/28976:3/289b2:1/2849e:11,13,A+13..A+16,4,0x8402,8,-,,0,30,13,0,,,,1,,8,741,19,stand/gehen 0x282f4,A+13,30,13,0,64,
greichweite_SMSLx30_zm12,18,SKIP,links,links,705,287e0:5/2881c:3/28858:3/2888e:2/288ca:4/28904:2/28940:2/28976:3/289b2:1/2849e:11,13,A+13..A+16,4,0x8402,8,718,A+13,8,30,-12..0,0,30,0,0,1,nein,8,741,19,stand/gehen 0x282f4,A+13,30,0,0,64,0x8402
greichweite_SMSLx30_zm13,18,SKIP,links,links,705,287e0:5/2881c:3/28858:3/2888e:2/288ca:4/28904:2/28940:2/28976:3/289b2:1/2849e:11,13,A+13..A+16,4,0x8402,8,718,A+13,8,30,-13..0,0,30,0,0,1,nein,8,741,19,stand/gehen 0x282f4,A+13,30,0,0,64,0x8402
greichweite_SMSR_nat,18,SKIP,rechts,links,3488,287e0:5/2881c:3/28858:3/2888e:2/288ca:4/28904:2/28940:2/28976:3/289b2:1/2849e:8,13,A+13..A+16,4,0x8402,8,3501,A+13,8,-56,-1,0,-56,-1,0,1,nein,8,-,,laufende,A+13,-56,-1,0,-64,0x8402
greichweite_SMSR_x8,18,SKIP,rechts,links,3488,287e0:5/2881c:3/28858:3/2888e:2/288ca:4/28904:2/28940:2/28976:3/289b2:1/2849e:8,13,A+13..A+16,4,0x8402,8,3501,A+13,8,8,0,0,8,0,0,1,nein,8,-,,laufende,A+13,8,0,0,-64,0x8402
greichweite_SMSR_x9,18,SKIP,rechts,links,3488,287e0:5/2881c:3/28858:3/2888e:2/288ca:4/28904:2/28940:2/28976:3/289b2:1,13,A+13..A+16,4,0x8402,8,-,,0,9,0,0,,,,1,,,3513,8,stand/gehen 0x282f4,A+13,9,0,0,-64,
greichweite_SASR_nat,18,SKIP,rechts,links,2414,28642:5/2867e:4/286b8:3/286f0:2/2872a:3/28764:16/287a0:1,14,A+14..A+16,3,0x8a02,11,2428,A+14,11,-56,-6,0,-56,-6,0,1,ja,,2448,17,stand/gehen 0x284d8,A+14,-56,-6,0,-64,0x8a02
greichweite_SASR_x0,18,SKIP,rechts,links,2414,28642:5/2867e:4/286b8:3/286f0:2/2872a:3/28764:16/287a0:1,14,A+14..A+16,3,0x8a02,11,2428,A+14,11,0,0,0,0,0,0,1,ja,,2448,17,stand/gehen 0x284d8,A+14,0,0,0,-64,0x8a02
greichweite_SASR_x10,18,SKIP,rechts,links,2414,28642:5/2867e:4/286b8:3/286f0:2/2872a:3/28764:16/287a0:1,14,A+14..A+16,3,0x8a02,11,-,,0,10,0,0,,,,1,,,2448,17,stand/gehen 0x282f4,A+14,10,0,0,-64,
greichweite_SASR_z12,18,SKIP,rechts,links,2414,28642:5/2867e:4/286b8:3/286f0:2/2872a:3/28764:16/287a0:1,14,A+14..A+16,3,0x8a02,11,2428,A+14,11,-56,12,0,-56,12,0,1,ja,,2448,17,stand/gehen 0x284d8,A+14,-56,12,0,-64,0x8a02
greichweite_SASR_z13,18,SKIP,rechts,links,2414,28642:5/2867e:4/286b8:3/286f0:2/2872a:3/28764:16/287a0:1,14,A+14..A+16,3,0x8a02,11,-,,0,-56,13,0,,,,1,,,2448,17,stand/gehen 0x282f4,A+14,-56,13,0,-64,
greichweite_SMWL_nat,18,SKIP,links,links,831,287e0:5/2881c:3/28858:3/2888e:2/288ca:4/28904:2/28940:2/28976:3/289b2:1,1,A+1..A+4 A+6..A+7 A+9..A+10 A+12..A+16 A+18..A+18 A+20..A+20 A+22..A+23,17,0x8c00 0x8c00 0x8c00 0x8c00 0x8c00 0x8c00 0x8c00,8,844,A+13,8,66,-11,0,66,-11,0,1,nein,,856,1,stand/gehen 0x282f4,A+1,66,-11,0,64,0x8402
greichweite_SMWL_x10,18,SKIP,links,links,831,287e0:5/2881c:3/28858:3/2888e:2/288ca:4/28904:2/28940:2/28976:3/289b2:1,1,A+1..A+4 A+6..A+7 A+9..A+10 A+12..A+16 A+18..A+18 A+20..A+20 A+22..A+23,17,0x8c00 0x8c00 0x8c00 0x8c00 0x8c00 0x8c00 0x8c00,8,844,A+13,8,10,0,0,10,0,0,1,nein,,856,1,stand/gehen 0x282f4,A+1,10,0,0,64,0x8402
greichweite_SMWL_x40,18,SKIP,links,links,831,287e0:5/2881c:3/28858:3/2888e:2/288ca:4/28904:2/28940:2/28976:3/289b2:1,1,A+1..A+4 A+6..A+7 A+9..A+10 A+12..A+16 A+18..A+18 A+20..A+20 A+22..A+23,17,0x8c00 0x8c00 0x8c00 0x8c00 0x8c00 0x8c00 0x8c00,8,844,A+13,8,40,0,0,40,0,0,1,nein,,856,1,stand/gehen 0x282f4,A+1,40,0,0,64,0x8402
greichweite_W3S1L_nat,18,WOOKY,links,rechts,348,5fa54:4/5fa8c:5/5fab8:12/5faec:5/5fb18:28,9,A+9..A+20,12,0x400c,5,357,A+9,5,25,0,0,25,0,0,1,nein,5,402,33,stand/gehen 0x5ec70,A+9,25,0,0,25,0x400c
greichweite_W3S1L_x57,18,WOOKY,links,rechts,348,5fa54:4/5fa8c:5/5fab8:12/5faec:5/5fb18:28,9,A+9..A+20,12,0x400c,5,357,A+9,5,57,0,0,57,0,0,1,nein,5,402,33,stand/gehen 0x5ec70,A+9,57,0,0,25,0x400c
greichweite_W3S1L_x58,18,WOOKY,links,rechts,348,5fa54:4/5fa8c:5,,-,0,,5,-,,0,58,0,0,,,,1,,,357,,abgebrochen (stand/gehen 0x5ed1c),A+9,58,0,0,25,
greichweite_W3S1L_xm6,18,WOOKY,links,rechts,348,5fa54:4/5fa8c:5/5fab8:5/5faec:5/5fb18:27,9,A+9..A+13,5,0x400c,5,-,,0,-6,0,0,,,,1,,5,394,32,stand/gehen 0x5ec70,A+9,-6,0,0,25,
greichweite_W3S1L_xm7,18,WOOKY,links,rechts,348,5fa54:4/5fa8c:5/5ed1c:1,,-,0,,5,-,,0,-7,0,0,,,,1,,,358,,abgebrochen (stand/gehen 0x5ecaa),A+10,-7,0,0,25,
greichweite_W3S1R_nat,18,WOOKY,rechts,rechts,20,5fa54:4/5fa8c:5/5fab8:12/5faec:5/5fb18:13,9,A+9..A+20,12,0x400c,5,29,A+9,5,-30,0,0,-30,0,0,1,nein,5,59,18,stand/gehen 0x5ecaa,A+9,-30,0,0,-30,0x400c
greichweite_W3S1R_x2,18,WOOKY,rechts,rechts,20,5fa54:4/5fa8c:5/5fab8:12/5faec:5/5fb18:13,9,A+9..A+20,12,0x400c,5,29,A+9,5,2,0,0,2,0,0,1,nein,5,59,18,stand/gehen 0x5ecaa,A+9,2,0,0,-30,0x400c
greichweite_W3S1R_x3,18,WOOKY,rechts,rechts,20,5fa54:4/5fa8c:5/5ed1c:1,,-,0,,5,-,,0,3,0,0,,,,1,,,30,,abgebrochen (stand/gehen 0x5ecaa),A+10,3,0,0,-30,
greichweite_W3S1R_xm61,18,WOOKY,rechts,rechts,20,5fa54:4/5fa8c:5/5fab8:12/5faec:5/5fb18:13,9,A+9..A+20,12,0x400c,5,29,A+9,5,-61,0,0,-61,0,0,1,nein,5,59,18,stand/gehen 0x5ecaa,A+9,-61,0,0,-30,0x400c
greichweite_W3S1R_xm62,18,WOOKY,rechts,rechts,20,5fa54:4/5fa8c:5,,-,0,,5,-,,0,-62,0,0,,,,1,,,29,,abgebrochen (stand/gehen 0x5ed1c),A+9,-62,0,0,-30,
greichweite_W3S2L_nat,18,WOOKY,links,rechts,729,5fc18:4/5fc50:17/5fb18:14,4,A+4..A+20,17,0x440c,5,733,A+4,5,-1,0,0,-1,0,0,1,nein,0,764,14,stand/gehen 0x5ecaa,A+4,-1,0,0,3,0x440c
greichweite_W3S2L_xm28,18,WOOKY,links,rechts,729,5fc18:4/5fc50:10/5fb18:12,4,A+4..A+13,10,0x440c,5,-,,0,-28,0,0,,,,1,,0,755,12,stand/gehen 0x5ecaa,A+4,-28,0,0,3,
greichweite_W3S2L_xm29,18,WOOKY,links,rechts,729,5fc18:4/5ed1c:1,,-,0,,5,-,,0,-29,0,0,,,,1,,,734,,abgebrochen (stand/gehen 0x5ecaa),A+5,-29,0,0,3,
greichweite_W3S2R_nat,18,WOOKY,rechts,links,431,5fc18:4/5fc50:17/5fb18:17,4,A+4..A+20,17,0x440c,5,435,A+4,5,-30,0,0,-30,0,0,1,nein,0,469,17,stand/gehen 0x5ecaa,A+4,-30,0,0,-30,0x440c
greichweite_W3S2R_x2,18,WOOKY,rechts,links,431,5fc18:4/5fc50:17/5fb18:17,4,A+4..A+20,17,0x440c,5,435,A+4,5,2,0,0,2,0,0,1,nein,0,469,17,stand/gehen 0x5ecaa,A+4,2,0,0,-30,0x440c
greichweite_W3S2R_x3,18,WOOKY,rechts,links,431,5fc18:4/5ed1c:1,,-,0,,5,-,,0,3,0,0,,,,1,,,436,,abgebrochen (stand/gehen 0x5ecaa),A+5,3,0,0,-30,
greichweite_W3S2R_xm61,18,WOOKY,rechts,links,431,5fc18:4/5fc50:17/5fb18:17,4,A+4..A+20,17,0x440c,5,435,A+4,5,-61,0,0,-61,0,0,1,nein,0,469,17,stand/gehen 0x5ecaa,A+4,-61,0,0,-30,0x440c
greichweite_W3S2R_xm62,18,WOOKY,rechts,links,431,5fc18:4,,-,0,,5,-,,0,-62,0,0,,,,1,,,435,,abgebrochen (stand/gehen 0x5ed1c),A+4,-62,0,0,-30,
greichweite_W3S3R_nat,18,WOOKY,rechts,links,748,5fd24:4/5fd5c:6/5fd8c:8/5fdbc:8/5fb18:28,10,A+10..A+17,8,0x440c,5,-,,0,-30,0,0,,,,3,,8,802,36,stand/gehen 0x5ec70,A+10,-30,0,0,-30,
greichweite_W3S3R_x2,18,WOOKY,rechts,links,748,5fd24:4/5fd5c:6/5fd8c:8/5fdbc:8/5fb18:28,10,A+10..A+17,8,0x440c,5,-,,0,2,0,0,,,,3,,8,802,36,stand/gehen 0x5ec70,A+10,2,0,0,-30,
greichweite_W3S3R_x3,18,WOOKY,rechts,links,748,5fd24:4/5fd5c:6/5ed1c:1,,-,0,,5,-,,0,3,0,0,,,,3,,,759,,abgebrochen (stand/gehen 0x5ecaa),A+11,3,0,0,-30,
greichweite_W3S3R_xm61,18,WOOKY,rechts,links,748,5fd24:4/5fd5c:6/5fd8c:8/5fdbc:8/5fb18:28,10,A+10..A+17,8,0x440c,5,-,,0,-61,0,0,,,,3,,8,802,36,stand/gehen 0x5ec70,A+10,-61,0,0,-30,
greichweite_W3S3R_xm62,18,WOOKY,rechts,links,748,5fd24:4/5fd5c:6,,-,0,,5,-,,0,-62,0,0,,,,3,,,758,,abgebrochen (stand/gehen 0x5ed1c),A+10,-62,0,0,-30,
greichweite_W3K1R_nat,18,WOOKY,rechts,rechts,136,5fb50:4/5fb88:5/5fbb4:8,9,A+9..A+16,8,0x4c0c,5,145,A+9,5,-30,0,0,-30,0,0,1,ja,,153,0,stand/gehen 0x5ed1c,A+9,-30,0,0,-30,0x4c0c
greichweite_W3K1R_x2,18,WOOKY,rechts,rechts,136,5fb50:4/5fb88:5/5fbb4:8,9,A+9..A+16,8,0x4c0c,5,145,A+9,5,2,0,0,2,0,0,1,ja,,153,0,stand/gehen 0x5ed1c,A+9,2,0,0,-30,0x4c0c
greichweite_W3K1R_x3,18,WOOKY,rechts,rechts,136,5fb50:4/5fb88:5/5ed1c:1,,-,0,,5,-,,0,3,0,0,,,,1,,,146,,abgebrochen (stand/gehen 0x5ecaa),A+10,3,0,0,-30,
greichweite_W3K1R_xm61,18,WOOKY,rechts,rechts,136,5fb50:4/5fb88:5/5fbb4:8,9,A+9..A+16,8,0x4c0c,5,145,A+9,5,-61,0,0,-61,0,0,1,ja,,153,0,stand/gehen 0x5ed1c,A+9,-61,0,0,-30,0x4c0c
greichweite_W3K1R_xm62,18,WOOKY,rechts,rechts,136,5fb50:4/5fb88:5,,-,0,,5,-,,0,-62,0,0,,,,1,,,145,,abgebrochen (stand/gehen 0x5ed1c),A+9,-62,0,0,-30,
greichweite_W3K2L_nat,18,WOOKY,links,rechts,534,5fc8c:4/5fcb8:4/5fce8:8,8,A+8..A+15,8,0x4c0c,5,542,A+8,5,25,0,0,25,0,0,1,ja,,550,0,stand/gehen 0x5ed1c,A+8,25,0,0,25,0x4c0c
greichweite_W3K2L_x57,18,WOOKY,links,rechts,534,5fc8c:4/5fcb8:4/5fce8:8,8,A+8..A+15,8,0x4c0c,5,542,A+8,5,57,0,0,57,0,0,1,ja,,550,0,stand/gehen 0x5ed1c,A+8,57,0,0,25,0x4c0c
greichweite_W3K2L_x58,18,WOOKY,links,rechts,534,5fc8c:4/5fcb8:4,,-,0,,5,-,,0,58,0,0,,,,1,,,542,,abgebrochen (stand/gehen 0x5ed1c),A+8,58,0,0,25,
greichweite_W3K2L_xm6,18,WOOKY,links,rechts,534,5fc8c:4/5fcb8:4/5fce8:10/5fb18:31,8,A+8..A+17,10,0x4c0c,5,-,,0,-6,0,0,,,,1,,0,583,31,stand/gehen 0x5ec70,A+8,-6,0,0,25,
greichweite_W3K2L_xm7,18,WOOKY,links,rechts,534,5fc8c:4/5fcb8:4/5ed1c:1,,-,0,,5,-,,0,-7,0,0,,,,1,,,543,,abgebrochen (stand/gehen 0x5ecaa),A+9,-7,0,0,25,
greichweite_W3K2R_nat,18,WOOKY,rechts,links,600,5fc8c:4/5fcb8:4/5fce8:8,8,A+8..A+15,8,0x4c0c,5,608,A+8,5,-30,0,0,-30,0,0,1,ja,,616,0,stand/gehen 0x5ed1c,A+8,-30,0,0,-30,0x4c0c
greichweite_W3K2R_x2,18,WOOKY,rechts,links,600,5fc8c:4/5fcb8:4/5fce8:8,8,A+8..A+15,8,0x4c0c,5,608,A+8,5,2,0,0,2,0,0,1,ja,,616,0,stand/gehen 0x5ed1c,A+8,2,0,0,-30,0x4c0c
greichweite_W3K2R_x3,18,WOOKY,rechts,links,600,5fc8c:4/5fcb8:4/5ed1c:1,,-,0,,5,-,,0,3,0,0,,,,1,,,609,,abgebrochen (stand/gehen 0x5ecaa),A+9,3,0,0,-30,
greichweite_W3K2R_xm61,18,WOOKY,rechts,links,600,5fc8c:4/5fcb8:4/5fce8:8,8,A+8..A+15,8,0x4c0c,5,608,A+8,5,-61,0,0,-61,0,0,1,ja,,616,0,stand/gehen 0x5ed1c,A+8,-61,0,0,-30,0x4c0c
greichweite_W3K2R_xm62,18,WOOKY,rechts,links,600,5fc8c:4/5fcb8:4,,-,0,,5,-,,0,-62,0,0,,,,1,,,608,,abgebrochen (stand/gehen 0x5ed1c),A+8,-62,0,0,-30,
greichweite_E3S1L_nat,17,EDDY,links,rechts,22,643f8:4/64430:5/6445c:12/64490:5/644bc:29,9,A+9..A+20,12,0x400c,6,31,A+9,6,25,0,0,25,0,0,1,nein,5,77,34,stand/gehen 0x6369a,A+9,25,0,0,25,0x400c
greichweite_E3S1L_x57,17,EDDY,links,rechts,22,643f8:4/64430:5/6445c:12/64490:5/644bc:29,9,A+9..A+20,12,0x400c,6,31,A+9,6,57,0,0,57,0,0,1,nein,5,77,34,stand/gehen 0x6369a,A+9,57,0,0,25,0x400c
greichweite_E3S1L_x58,17,EDDY,links,rechts,22,643f8:4/64430:5,,-,0,,6,-,,0,58,0,0,,,,1,,,31,,abgebrochen (stand/gehen 0x63746),A+9,58,0,0,25,
greichweite_E3S1L_xm6,17,EDDY,links,rechts,22,643f8:4/64430:5/6445c:5/64490:5/644bc:30,9,A+9..A+13,5,0x400c,6,-,,0,-6,0,0,,,,1,,5,71,35,stand/gehen 0x6369a,A+9,-6,0,0,25,
greichweite_E3S1L_xm7,17,EDDY,links,rechts,22,643f8:4/64430:5/63746:1,,-,0,,6,-,,0,-7,0,0,,,,1,,,32,,abgebrochen (stand/gehen 0x636d4),A+10,-7,0,0,25,
greichweite_E3S1R_nat,17,EDDY,rechts,rechts,22,643f8:4/64430:5/6445c:12/64490:5/644bc:29,9,A+9..A+20,12,0x400c,6,31,A+9,6,-30,0,0,-30,0,0,1,nein,5,77,34,stand/gehen 0x6369a,A+9,-30,0,0,-30,0x400c
greichweite_E3S1R_x2,17,EDDY,rechts,rechts,22,643f8:4/64430:5/6445c:12/64490:5/644bc:29,9,A+9..A+20,12,0x400c,6,31,A+9,6,2,0,0,2,0,0,1,nein,5,77,34,stand/gehen 0x6369a,A+9,2,0,0,-30,0x400c
greichweite_E3S1R_x3,17,EDDY,rechts,rechts,22,643f8:4/64430:5/63746:1,,-,0,,6,-,,0,3,0,0,,,,1,,,32,,abgebrochen (stand/gehen 0x636d4),A+10,3,0,0,-30,
greichweite_E3S1R_xm61,17,EDDY,rechts,rechts,22,643f8:4/64430:5/6445c:12/64490:5/644bc:26,9,A+9..A+20,12,0x400c,6,31,A+9,6,-61,0,0,-61,0,0,1,nein,5,74,31,stand/gehen 0x6369a,A+9,-61,0,0,-30,0x400c
greichweite_E3S1R_xm62,17,EDDY,rechts,rechts,22,643f8:4/64430:5,,-,0,,6,-,,0,-62,0,0,,,,1,,,31,,abgebrochen (stand/gehen 0x63746),A+9,-62,0,0,-30,
greichweite_E3S2L_nat,17,EDDY,links,rechts,95,645bc:4/645f4:6/64624:15/64654:8/644bc:17,10,A+10..A+24,15,0x440c,6,105,A+10,6,25,0,0,25,0,0,1,nein,8,145,25,stand/gehen 0x636d4,A+10,25,0,0,25,0x440c
greichweite_E3S2L_x57,17,EDDY,links,rechts,95,645bc:4/645f4:6/64624:15/64654:8/644bc:17,10,A+10..A+24,15,0x440c,6,105,A+10,6,57,0,0,57,0,0,1,nein,8,145,25,stand/gehen 0x636d4,A+10,57,0,0,25,0x440c
greichweite_E3S2L_x58,17,EDDY,links,rechts,95,645bc:4/645f4:6,,-,0,,6,-,,0,58,0,0,,,,1,,,105,,abgebrochen (stand/gehen 0x63746),A+10,58,0,0,25,
greichweite_E3S2L_xm6,17,EDDY,links,rechts,95,645bc:4/645f4:6/64624:8/64654:8/644bc:17,10,A+10..A+17,8,0x440c,6,-,,0,-6,0,0,,,,1,,8,138,25,stand/gehen 0x636d4,A+10,-6,0,0,25,
greichweite_E3S2L_xm7,17,EDDY,links,rechts,95,645bc:4/645f4:6/63746:1,,-,0,,6,-,,0,-7,0,0,,,,1,,,106,,abgebrochen (stand/gehen 0x636d4),A+11,-7,0,0,25,
greichweite_E3S2R_nat,17,EDDY,rechts,rechts,95,645bc:4/645f4:6/64624:15/64654:8/644bc:17,10,A+10..A+24,15,0x440c,6,105,A+10,6,-30,0,0,-30,0,0,1,nein,8,145,25,stand/gehen 0x636d4,A+10,-30,0,0,-30,0x440c
greichweite_E3S2R_x2,17,EDDY,rechts,rechts,95,645bc:4/645f4:6/64624:15/64654:8/644bc:17,10,A+10..A+24,15,0x440c,6,105,A+10,6,2,0,0,2,0,0,1,nein,8,145,25,stand/gehen 0x636d4,A+10,2,0,0,-30,0x440c
greichweite_E3S2R_x3,17,EDDY,rechts,rechts,95,645bc:4/645f4:6/63746:1,,-,0,,6,-,,0,3,0,0,,,,1,,,106,,abgebrochen (stand/gehen 0x636d4),A+11,3,0,0,-30,
greichweite_E3S2R_xm61,17,EDDY,rechts,rechts,95,645bc:4/645f4:6/64624:15/64654:8/644bc:17,10,A+10..A+24,15,0x440c,6,105,A+10,6,-61,0,0,-61,0,0,1,nein,8,145,25,stand/gehen 0x636d4,A+10,-61,0,0,-30,0x440c
greichweite_E3S2R_xm62,17,EDDY,rechts,rechts,95,645bc:4/645f4:6,,-,0,,6,-,,0,-62,0,0,,,,1,,,105,,abgebrochen (stand/gehen 0x63746),A+10,-62,0,0,-30,
greichweite_E3K2L_nat,17,EDDY,links,links,1370,644f4:4/6452c:5/64558:12/6458c:5/644bc:3,9,A+9..A+20,12,0x4c0c,6,1379,A+9,6,25..34,0,0..14,25,0,0,1,ja,5,1399,8,stand/gehen 0x63746,A+9,25,0,0,25,0x4c0c
greichweite_E3K2L_x57,17,EDDY,links,links,1370,644f4:4/6452c:5/64558:9,9,A+9..A+17,9,0x4c0c,6,1379,A+9,6,57,0,0,57,0,0,1,ja,,1388,0,stand/gehen 0x63746,A+9,57,0,0,25,0x4c0c
greichweite_E3K2L_x58,17,EDDY,links,links,1370,644f4:4/6452c:5,,-,0,,6,-,,0,58,0,0,,,,1,,,1379,,abgebrochen (stand/gehen 0x63746),A+9,58,0,0,25,
greichweite_E3K2L_xm6,17,EDDY,links,links,1370,644f4:4/6452c:5/64558:12/6458c:5/644bc:25,9,A+9..A+20,12,0x4c0c,6,1379,A+9,6,-6..-3,0,0..14,-6,0,0,1,ja,5,1421,30,stand/gehen 0x63746,A+9,-6,0,0,25,0x4c0c
greichweite_E3K2L_xm7,17,EDDY,links,links,1370,644f4:4/6452c:5/63746:1,,-,0,,6,-,,0,-7,0,0,,,,1,,,1380,,abgebrochen (stand/gehen 0x636d4),A+10,-7,0,0,25,
# Teil 5: Zeitachse (gegnerangriff --zeitachse): WOOKY-Schlag A mit Treffer (WS1L_nat),
# EDDY-Schlag A ohne Treffer (ES1L_whiff, Figur ab A+9 60 px hoch), EDDY-Sprungtritt (EK1L_nat)
lauf,slot,typ,beginn,frame,rel,anim,aktion,attr,aktiv,dx,dz,figur_hoehe,gegner_hoehe,figur_status,lp_verlust,treffer
greichweite_WS1L_nat,18,WOOKY,19,18,A-1,0x5ecaa,0x6,0x0000,nein,46,10,0,0,1,0,
greichweite_WS1L_nat,18,WOOKY,19,19,A+0,0x5fa54,0x6,0x0000,nein,46,10,0,0,1,0,
greichweite_WS1L_nat,18,WOOKY,19,20,A+1,0x5fa54,0x6,0x0000,nein,46,10,0,0,1,0,
greichweite_WS1L_nat,18,WOOKY,19,21,A+2,0x5fa54,0x6,0x0000,nein,46,10,0,0,1,0,
greichweite_WS1L_nat,18,WOOKY,19,22,A+3,0x5fa54,0x6,0x0000,nein,46,10,0,0,1,0,
greichweite_WS1L_nat,18,WOOKY,19,23,A+4,0x5fa8c,0x6,0x0000,nein,46,10,0,0,1,0,
greichweite_WS1L_nat,18,WOOKY,19,24,A+5,0x5fa8c,0x6,0x0000,nein,46,10,0,0,1,0,
greichweite_WS1L_nat,18,WOOKY,19,25,A+6,0x5fa8c,0x6,0x0000,nein,46,10,0,0,1,0,
greichweite_WS1L_nat,18,WOOKY,19,26,A+7,0x5fa8c,0x6,0x0000,nein,46,10,0,0,1,0,
greichweite_WS1L_nat,18,WOOKY,19,27,A+8,0x5fa8c,0x6,0x0000,nein,46,10,0,0,1,0,
greichweite_WS1L_nat,18,WOOKY,19,28,A+9,0x5fab8,0x6,0x400c,ja,46,10,0,0,3,5,ja
greichweite_WS1L_nat,18,WOOKY,19,29,A+10,0x5fab8,0x6,0x400c,ja,46,10,0,0,3,0,
greichweite_WS1L_nat,18,WOOKY,19,30,A+11,0x5fab8,0x6,0x400c,ja,46,10,0,0,3,0,
greichweite_WS1L_nat,18,WOOKY,19,31,A+12,0x5fab8,0x6,0x400c,ja,46,10,0,0,3,0,
greichweite_WS1L_nat,18,WOOKY,19,32,A+13,0x5fab8,0x6,0x400c,ja,46,10,0,0,3,0,
greichweite_WS1L_nat,18,WOOKY,19,33,A+14,0x5fab8,0x6,0x400c,ja,46,10,0,0,3,0,
greichweite_WS1L_nat,18,WOOKY,19,34,A+15,0x5fab8,0x6,0x400c,ja,46,10,0,0,3,0,
greichweite_WS1L_nat,18,WOOKY,19,35,A+16,0x5fab8,0x6,0x400c,ja,46,10,0,0,3,0,
greichweite_WS1L_nat,18,WOOKY,19,36,A+17,0x5fab8,0x6,0x400c,ja,46,10,0,0,3,0,
greichweite_WS1L_nat,18,WOOKY,19,37,A+18,0x5fab8,0x6,0x400c,ja,46,10,0,0,3,0,
greichweite_WS1L_nat,18,WOOKY,19,38,A+19,0x5fab8,0x6,0x400c,ja,46,10,0,0,3,0,
greichweite_WS1L_nat,18,WOOKY,19,39,A+20,0x5fab8,0x6,0x400c,ja,46,10,0,0,3,0,
greichweite_WS1L_nat,18,WOOKY,19,40,A+21,0x5faec,0x6,0x0000,nein,46,10,0,0,3,0,
greichweite_WS1L_nat,18,WOOKY,19,41,A+22,0x5faec,0x6,0x0000,nein,46,10,0,0,3,0,
greichweite_WS1L_nat,18,WOOKY,19,42,A+23,0x5faec,0x6,0x0000,nein,46,10,0,0,3,0,
greichweite_WS1L_nat,18,WOOKY,19,43,A+24,0x5faec,0x6,0x0000,nein,46,10,0,0,3,0,
greichweite_WS1L_nat,18,WOOKY,19,44,A+25,0x5faec,0x6,0x0000,nein,46,10,0,0,3,0,
greichweite_WS1L_nat,18,WOOKY,19,45,A+26,0x5fb18,0x6,0xff00,nein,46,10,0,0,3,0,
greichweite_WS1L_nat,18,WOOKY,19,46,A+27,0x5fb18,0x6,0xff00,nein,46,10,0,0,3,0,
greichweite_WS1L_nat,18,WOOKY,19,47,A+28,0x5fb18,0x6,0xff00,nein,46,10,0,0,3,0,
greichweite_WS1L_nat,18,WOOKY,19,48,A+29,0x5fb18,0x6,0xff00,nein,46,10,0,0,3,0,
greichweite_WS1L_nat,18,WOOKY,19,49,A+30,0x5fb18,0x6,0xff00,nein,46,10,0,0,3,0,
greichweite_WS1L_nat,18,WOOKY,19,50,A+31,0x5fb18,0x6,0xff00,nein,46,10,0,0,3,0,
greichweite_WS1L_nat,18,WOOKY,19,51,A+32,0x5fb18,0x6,0xff00,nein,46,10,0,0,3,0,
greichweite_WS1L_nat,18,WOOKY,19,52,A+33,0x5fb18,0x6,0xff00,nein,46,10,0,0,3,0,
greichweite_WS1L_nat,18,WOOKY,19,53,A+34,0x5fb18,0x6,0xff00,nein,46,10,0,0,3,0,
greichweite_WS1L_nat,18,WOOKY,19,54,A+35,0x5fb18,0x6,0xff00,nein,46,10,0,0,3,0,
greichweite_WS1L_nat,18,WOOKY,19,55,A+36,0x5fb18,0x6,0xff00,nein,46,10,0,0,1,0,
greichweite_WS1L_nat,18,WOOKY,19,56,A+37,0x5fb18,0x6,0xff00,nein,46,10,0,0,1,0,
greichweite_WS1L_nat,18,WOOKY,19,57,A+38,0x5fb18,0x6,0xff00,nein,46,10,0,0,1,0,
greichweite_WS1L_nat,18,WOOKY,19,58,A+39,0x5fb18,0x6,0xff00,nein,46,10,0,0,1,0,
greichweite_WS1L_nat,18,WOOKY,19,59,A+40,0x5fb18,0x6,0xff00,nein,46,10,0,0,1,0,
greichweite_WS1L_nat,18,WOOKY,19,60,A+41,0x5ecaa,0x6,0x0000,nein,46,10,0,0,1,0,
greichweite_WS1L_nat,18,WOOKY,77,76,A-1,0x5ecaa,0x6,0x0000,nein,46,10,0,0,1,0,
greichweite_WS1L_nat,18,WOOKY,77,77,A+0,0x5fa54,0x6,0x0000,nein,46,10,0,0,1,0,
greichweite_WS1L_nat,18,WOOKY,77,78,A+1,0x5fa54,0x6,0x0000,nein,46,10,0,0,1,0,
greichweite_WS1L_nat,18,WOOKY,77,79,A+2,0x5fa54,0x6,0x0000,nein,46,10,0,0,1,0,
greichweite_WS1L_nat,18,WOOKY,77,80,A+3,0x5fa54,0x6,0x0000,nein,46,10,0,0,1,0,
greichweite_WS1L_nat,18,WOOKY,77,81,A+4,0x5fa8c,0x6,0x0000,nein,46,10,0,0,1,0,
greichweite_WS1L_nat,18,WOOKY,77,82,A+5,0x5fa8c,0x6,0x0000,nein,46,10,0,0,1,0,
greichweite_WS1L_nat,18,WOOKY,77,83,A+6,0x5fa8c,0x6,0x0000,nein,46,10,0,0,1,0,
greichweite_WS1L_nat,18,WOOKY,77,84,A+7,0x5fa8c,0x6,0x0000,nein,46,10,0,0,1,0,
greichweite_WS1L_nat,18,WOOKY,77,85,A+8,0x5fa8c,0x6,0x0000,nein,46,10,0,0,1,0,
greichweite_WS1L_nat,18,WOOKY,77,86,A+9,0x5fab8,0x6,0x400c,ja,46,10,0,0,3,5,ja
greichweite_WS1L_nat,18,WOOKY,77,87,A+10,0x5fab8,0x6,0x400c,ja,46,10,0,0,3,0,
greichweite_WS1L_nat,18,WOOKY,77,88,A+11,0x5fab8,0x6,0x400c,ja,46,10,0,0,3,0,
greichweite_WS1L_nat,18,WOOKY,77,89,A+12,0x5fab8,0x6,0x400c,ja,46,10,0,0,3,0,
greichweite_WS1L_nat,18,WOOKY,77,90,A+13,0x5fab8,0x6,0x400c,ja,46,10,0,0,3,0,
greichweite_WS1L_nat,18,WOOKY,77,91,A+14,0x5fab8,0x6,0x400c,ja,46,10,0,0,3,0,
greichweite_WS1L_nat,18,WOOKY,77,92,A+15,0x5fab8,0x6,0x400c,ja,46,10,0,0,3,0,
greichweite_ES1L_whiff,17,EDDY,31,30,A-1,0x636d4,0x6,0x0000,nein,46,2,0,0,1,0,
greichweite_ES1L_whiff,17,EDDY,31,31,A+0,0x643f8,0x6,0x0000,nein,46,2,0,0,1,0,
greichweite_ES1L_whiff,17,EDDY,31,32,A+1,0x643f8,0x6,0x0000,nein,46,2,0,0,1,0,
greichweite_ES1L_whiff,17,EDDY,31,33,A+2,0x643f8,0x6,0x0000,nein,46,2,0,0,1,0,
greichweite_ES1L_whiff,17,EDDY,31,34,A+3,0x643f8,0x6,0x0000,nein,46,2,0,0,1,0,
greichweite_ES1L_whiff,17,EDDY,31,35,A+4,0x64430,0x6,0x0000,nein,46,2,0,0,1,0,
greichweite_ES1L_whiff,17,EDDY,31,36,A+5,0x64430,0x6,0x0000,nein,46,2,0,0,1,0,
greichweite_ES1L_whiff,17,EDDY,31,37,A+6,0x64430,0x6,0x0000,nein,46,2,0,0,1,0,
greichweite_ES1L_whiff,17,EDDY,31,38,A+7,0x64430,0x6,0x0000,nein,46,2,0,0,1,0,
greichweite_ES1L_whiff,17,EDDY,31,39,A+8,0x64430,0x6,0x0000,nein,46,2,0,0,1,0,
greichweite_ES1L_whiff,17,EDDY,31,40,A+9,0x6445c,0x6,0x400c,ja,46,2,60,0,1,0,
greichweite_ES1L_whiff,17,EDDY,31,41,A+10,0x6445c,0x6,0x400c,ja,46,2,60,0,1,0,
greichweite_ES1L_whiff,17,EDDY,31,42,A+11,0x6445c,0x6,0x400c,ja,46,2,59,0,1,0,
greichweite_ES1L_whiff,17,EDDY,31,43,A+12,0x6445c,0x6,0x400c,ja,46,2,59,0,1,0,
greichweite_ES1L_whiff,17,EDDY,31,44,A+13,0x6445c,0x6,0x400c,ja,46,2,59,0,1,0,
greichweite_ES1L_whiff,17,EDDY,31,45,A+14,0x64490,0x6,0x0000,nein,46,2,59,0,1,0,
greichweite_ES1L_whiff,17,EDDY,31,46,A+15,0x64490,0x6,0x0000,nein,46,2,57,0,1,0,
greichweite_ES1L_whiff,17,EDDY,31,47,A+16,0x64490,0x6,0x0000,nein,46,2,56,0,1,0,
greichweite_ES1L_whiff,17,EDDY,31,48,A+17,0x64490,0x6,0x0000,nein,46,2,54,0,1,0,
greichweite_ES1L_whiff,17,EDDY,31,49,A+18,0x64490,0x6,0x0000,nein,46,2,52,0,1,0,
greichweite_ES1L_whiff,17,EDDY,31,50,A+19,0x644bc,0x6,0xff00,nein,46,2,50,0,1,0,
greichweite_ES1L_whiff,17,EDDY,31,51,A+20,0x644bc,0x6,0xff00,nein,46,2,47,0,1,0,
greichweite_ES1L_whiff,17,EDDY,31,52,A+21,0x644bc,0x6,0xff00,nein,46,2,45,0,1,0,
greichweite_ES1L_whiff,17,EDDY,31,53,A+22,0x644bc,0x6,0xff00,nein,46,2,42,0,1,0,
greichweite_ES1L_whiff,17,EDDY,31,54,A+23,0x644bc,0x6,0xff00,nein,46,2,38,0,1,0,
greichweite_ES1L_whiff,17,EDDY,31,55,A+24,0x644bc,0x6,0xff00,nein,46,2,35,0,1,0,
greichweite_ES1L_whiff,17,EDDY,31,56,A+25,0x644bc,0x6,0xff00,nein,46,2,31,0,1,0,
greichweite_ES1L_whiff,17,EDDY,31,57,A+26,0x644bc,0x6,0xff00,nein,46,2,27,0,1,0,
greichweite_ES1L_whiff,17,EDDY,31,58,A+27,0x644bc,0x6,0xff00,nein,46,2,23,0,1,0,
greichweite_ES1L_whiff,17,EDDY,31,59,A+28,0x644bc,0x6,0xff00,nein,46,2,18,0,1,0,
greichweite_ES1L_whiff,17,EDDY,31,60,A+29,0x644bc,0x6,0xff00,nein,46,2,14,0,1,0,
greichweite_ES1L_whiff,17,EDDY,31,61,A+30,0x644bc,0x6,0xff00,nein,46,2,9,0,1,0,
greichweite_ES1L_whiff,17,EDDY,31,62,A+31,0x644bc,0x6,0xff00,nein,46,2,3,0,1,0,
greichweite_ES1L_whiff,17,EDDY,31,63,A+32,0x644bc,0x6,0xff00,nein,46,2,0,0,1,0,
greichweite_ES1L_whiff,17,EDDY,31,64,A+33,0x644bc,0x6,0xff00,nein,46,2,0,0,1,0,
greichweite_ES1L_whiff,17,EDDY,31,65,A+34,0x644bc,0x6,0xff00,nein,46,2,0,0,1,0,
greichweite_ES1L_whiff,17,EDDY,31,66,A+35,0x644bc,0x6,0xff00,nein,46,2,0,0,1,0,
greichweite_ES1L_whiff,17,EDDY,31,67,A+36,0x644bc,0x6,0xff00,nein,46,2,0,0,1,0,
greichweite_ES1L_whiff,17,EDDY,31,68,A+37,0x644bc,0x6,0xff00,nein,46,2,0,0,1,0,
greichweite_ES1L_whiff,17,EDDY,31,69,A+38,0x644bc,0x6,0xff00,nein,46,2,0,0,1,0,
greichweite_ES1L_whiff,17,EDDY,31,70,A+39,0x644bc,0x6,0xff00,nein,46,2,0,0,1,0,
greichweite_ES1L_whiff,17,EDDY,31,71,A+40,0x644bc,0x6,0xff00,nein,46,2,0,0,1,0,
greichweite_ES1L_whiff,17,EDDY,31,72,A+41,0x644bc,0x6,0xff00,nein,46,2,0,0,1,0,
greichweite_ES1L_whiff,17,EDDY,31,73,A+42,0x644bc,0x6,0xff00,nein,46,2,0,0,1,0,
greichweite_ES1L_whiff,17,EDDY,31,74,A+43,0x644bc,0x6,0xff00,nein,46,2,0,0,1,0,
greichweite_ES1L_whiff,17,EDDY,31,75,A+44,0x644bc,0x6,0xff00,nein,46,2,0,0,1,0,
greichweite_ES1L_whiff,17,EDDY,31,76,A+45,0x644bc,0x6,0xff00,nein,46,2,0,0,1,0,
greichweite_ES1L_whiff,17,EDDY,31,77,A+46,0x644bc,0x6,0xff00,nein,46,2,0,0,1,0,
greichweite_ES1L_whiff,17,EDDY,31,78,A+47,0x644bc,0x6,0xff00,nein,46,2,0,0,1,0,
greichweite_ES1L_whiff,17,EDDY,31,79,A+48,0x644bc,0x6,0xff00,nein,46,2,0,0,1,0,
greichweite_ES1L_whiff,17,EDDY,31,80,A+49,0x6369a,0x16,0x0000,nein,46,2,0,0,1,0,
greichweite_EK1L_nat,17,EDDY,183,182,A-1,0x636d4,0x6,0x0000,nein,46,0,0,0,1,0,
greichweite_EK1L_nat,17,EDDY,183,183,A+0,0x64688,0x6,0x0000,nein,46,0,0,0,1,0,
greichweite_EK1L_nat,17,EDDY,183,184,A+1,0x64688,0x6,0x0000,nein,46,0,0,0,1,0,
greichweite_EK1L_nat,17,EDDY,183,185,A+2,0x64688,0x6,0x0000,nein,46,0,0,0,1,0,
greichweite_EK1L_nat,17,EDDY,183,186,A+3,0x646c0,0x6,0xff00,nein,46,0,0,0,1,0,
greichweite_EK1L_nat,17,EDDY,183,187,A+4,0x646f8,0x6,0x0000,nein,46,0,0,0,1,0,
greichweite_EK1L_nat,17,EDDY,183,188,A+5,0x646f8,0x6,0x0000,nein,43,0,0,5,1,0,
greichweite_EK1L_nat,17,EDDY,183,189,A+6,0x646f8,0x6,0x0000,nein,40,0,0,9,1,0,
greichweite_EK1L_nat,17,EDDY,183,190,A+7,0x646f8,0x6,0x0000,nein,37,0,0,14,1,0,
greichweite_EK1L_nat,17,EDDY,183,191,A+8,0x646f8,0x6,0x0000,nein,34,0,0,18,1,0,
greichweite_EK1L_nat,17,EDDY,183,192,A+9,0x6472e,0x6,0x4c0c,ja,31,0,0,22,3,6,ja
greichweite_EK1L_nat,17,EDDY,183,193,A+10,0x6472e,0x6,0x4c0c,ja,31,0,0,22,2,0,
greichweite_EK1L_nat,17,EDDY,183,194,A+11,0x6472e,0x6,0x4c0c,ja,31,0,0,22,2,0,
greichweite_EK1L_nat,17,EDDY,183,195,A+12,0x6472e,0x6,0x4c0c,ja,31,0,0,22,2,0,
greichweite_EK1L_nat,17,EDDY,183,196,A+13,0x6472e,0x6,0x4c0c,ja,31,0,0,22,2,0,
greichweite_EK1L_nat,17,EDDY,183,197,A+14,0x6472e,0x6,0x4c0c,ja,31,0,0,22,2,0,
greichweite_EK1L_nat,17,EDDY,183,198,A+15,0x6472e,0x6,0x4c0c,ja,31,0,0,22,2,0,
greichweite_EK1L_nat,17,EDDY,183,199,A+16,0x6472e,0x6,0x4c0c,ja,31,0,0,22,2,0,
greichweite_EK1L_nat,17,EDDY,183,200,A+17,0x6472e,0x6,0x4c0c,ja,28,0,0,26,2,0,
greichweite_EK1L_nat,17,EDDY,183,201,A+18,0x6472e,0x6,0x4c0c,ja,28,0,5,29,2,0,
greichweite_EK1L_nat,17,EDDY,183,202,A+19,0x6472e,0x6,0x4c0c,ja,27,0,9,33,2,0,
greichweite_EK1L_nat,17,EDDY,183,203,A+20,0x6472e,0x6,0x4c0c,ja,27,0,14,36,2,0,
greichweite_EK1L_nat,17,EDDY,183,204,A+21,0x6472e,0x6,0x4c0c,ja,27,0,18,38,2,0,
greichweite_EK1L_nat,17,EDDY,183,205,A+22,0x6472e,0x6,0x4c0c,ja,27,0,22,41,2,0,
greichweite_EK1L_nat,17,EDDY,183,206,A+23,0x6472e,0x6,0x4c0c,ja,27,0,26,43,2,0,
greichweite_EK1L_nat,17,EDDY,183,207,A+24,0x6472e,0x6,0x4c0c,ja,27,0,29,45,2,0,
greichweite_EK1L_nat,17,EDDY,183,208,A+25,0x6472e,0x6,0x4c0c,ja,27,0,32,47,2,0,
greichweite_EK1L_nat,17,EDDY,183,209,A+26,0x6472e,0x6,0x4c0c,ja,27,0,35,48,2,0,
greichweite_EK1L_nat,17,EDDY,183,210,A+27,0x6472e,0x6,0x4c0c,ja,26,0,37,50,2,0,
greichweite_EK1L_nat,17,EDDY,183,211,A+28,0x6472e,0x6,0x4c0c,ja,26,0,40,51,2,0,
greichweite_EK1L_nat,17,EDDY,183,212,A+29,0x6472e,0x6,0x4c0c,ja,26,0,42,51,2,0,
greichweite_EK1L_nat,17,EDDY,183,213,A+30,0x6472e,0x6,0x4c0c,ja,26,0,43,52,2,0,
greichweite_EK1L_nat,17,EDDY,183,214,A+31,0x6472e,0x6,0x4c0c,ja,26,0,45,52,2,0,
greichweite_EK1L_nat,17,EDDY,183,215,A+32,0x6472e,0x6,0x4c0c,ja,26,0,46,52,2,0,
greichweite_EK1L_nat,17,EDDY,183,216,A+33,0x6472e,0x6,0x4c0c,ja,26,0,47,52,2,0,
greichweite_EK1L_nat,17,EDDY,183,217,A+34,0x6472e,0x6,0x4c0c,ja,26,0,48,51,2,0,
greichweite_EK1L_nat,17,EDDY,183,218,A+35,0x6472e,0x6,0x4c0c,ja,25,0,48,51,2,0,
greichweite_EK1L_nat,17,EDDY,183,219,A+36,0x6472e,0x6,0x4c0c,ja,25,0,48,50,2,0,
greichweite_EK1L_nat,17,EDDY,183,220,A+37,0x6472e,0x6,0x4c0c,ja,25,0,48,48,2,0,
greichweite_EK1L_nat,17,EDDY,183,221,A+38,0x6472e,0x6,0x4c0c,ja,25,0,47,47,2,0,
greichweite_EK1L_nat,17,EDDY,183,222,A+39,0x6472e,0x6,0x4c0c,ja,25,0,47,45,2,0,
greichweite_EK1L_nat,17,EDDY,183,223,A+40,0x6472e,0x6,0x4c0c,ja,25,0,46,43,2,0,
greichweite_EK1L_nat,17,EDDY,183,224,A+41,0x6472e,0x6,0x4c0c,ja,25,0,44,41,2,0,
greichweite_EK1L_nat,17,EDDY,183,225,A+42,0x6472e,0x6,0x4c0c,ja,25,0,43,38,2,0,
greichweite_EK1L_nat,17,EDDY,183,226,A+43,0x6472e,0x6,0x4c0c,ja,24,0,41,36,2,0,
greichweite_EK1L_nat,17,EDDY,183,227,A+44,0x6472e,0x6,0x4c0c,ja,24,0,39,33,2,0,
greichweite_EK1L_nat,17,EDDY,183,228,A+45,0x6472e,0x6,0x4c0c,ja,24,0,36,29,2,0,
greichweite_EK1L_nat,17,EDDY,183,229,A+46,0x6472e,0x6,0x4c0c,ja,24,0,34,26,2,0,
greichweite_EK1L_nat,17,EDDY,183,230,A+47,0x6472e,0x6,0x4c0c,ja,24,0,31,22,2,0,
greichweite_EK1L_nat,17,EDDY,183,231,A+48,0x6472e,0x6,0x4c0c,ja,24,0,28,18,2,0,
greichweite_EK1L_nat,17,EDDY,183,232,A+49,0x6472e,0x6,0x4c0c,ja,24,0,24,14,2,0,
greichweite_EK1L_nat,17,EDDY,183,233,A+50,0x6472e,0x6,0x4c0c,ja,24,0,20,9,2,0,
greichweite_EK1L_nat,17,EDDY,183,234,A+51,0x6472e,0x6,0x4c0c,ja,23,0,16,5,2,0,
greichweite_EK1L_nat,17,EDDY,183,235,A+52,0x6472e,0x6,0x4c0c,ja,23,0,12,0,2,0,
greichweite_EK1L_nat,17,EDDY,183,236,A+53,0x644bc,0x6,0xff00,nein,23,0,7,0,2,0,
greichweite_EK1L_nat,17,EDDY,183,237,A+54,0x644bc,0x6,0xff00,nein,26,0,3,0,2,0,
greichweite_EK1L_nat,17,EDDY,183,238,A+55,0x644bc,0x6,0xff00,nein,29,0,0,0,2,0,
greichweite_EK1L_nat,17,EDDY,183,239,A+56,0x644bc,0x6,0xff00,nein,32,0,1,0,2,0,
greichweite_EK1L_nat,17,EDDY,183,240,A+57,0x644bc,0x6,0xff00,nein,35,0,1,0,2,0,
greichweite_EK1L_nat,17,EDDY,183,241,A+58,0x644bc,0x6,0xff00,nein,38,0,2,0,2,0,
greichweite_EK1L_nat,17,EDDY,183,242,A+59,0x644bc,0x6,0xff00,nein,40,0,2,0,2,0,
greichweite_EK1L_nat,17,EDDY,183,243,A+60,0x644bc,0x6,0xff00,nein,43,0,2,0,2,0,
greichweite_EK1L_nat,17,EDDY,183,244,A+61,0x644bc,0x6,0xff00,nein,46,0,1,0,2,0,
greichweite_EK1L_nat,17,EDDY,183,245,A+62,0x644bc,0x6,0xff00,nein,49,0,1,0,2,0,
greichweite_EK1L_nat,17,EDDY,183,246,A+63,0x644bc,0x6,0xff00,nein,52,0,0,0,2,0,
greichweite_EK1L_nat,17,EDDY,183,247,A+64,0x644bc,0x6,0xff00,nein,55,0,0,0,2,0,
greichweite_EK1L_nat,17,EDDY,183,248,A+65,0x644bc,0x6,0xff00,nein,55,0,0,0,2,0,
greichweite_EK1L_nat,17,EDDY,183,249,A+66,0x644bc,0x6,0xff00,nein,55,0,0,0,2,0,
greichweite_EK1L_nat,17,EDDY,183,250,A+67,0x644bc,0x6,0xff00,nein,55,0,0,0,2,0,
greichweite_EK1L_nat,17,EDDY,183,251,A+68,0x644bc,0x6,0xff00,nein,55,0,0,0,2,0,
greichweite_EK1L_nat,17,EDDY,183,252,A+69,0x644bc,0x6,0xff00,nein,55,0,0,0,2,0,
greichweite_EK1L_nat,17,EDDY,183,253,A+70,0x644bc,0x6,0xff00,nein,55,0,0,0,2,0,
greichweite_EK1L_nat,17,EDDY,183,254,A+71,0x644bc,0x6,0xff00,nein,55,0,0,0,2,0,
greichweite_EK1L_nat,17,EDDY,183,255,A+72,0x644bc,0x6,0xff00,nein,55,0,0,0,2,0,
greichweite_EK1L_nat,17,EDDY,183,256,A+73,0x644bc,0x6,0xff00,nein,55,0,0,0,2,0,
greichweite_EK1L_nat,17,EDDY,183,257,A+74,0x644bc,0x6,0xff00,nein,55,0,0,0,2,0,
greichweite_EK1L_nat,17,EDDY,183,258,A+75,0x644bc,0x6,0xff00,nein,55,0,0,0,2,0,
greichweite_EK1L_nat,17,EDDY,183,259,A+76,0x644bc,0x6,0xff00,nein,55,0,0,0,2,0,
greichweite_EK1L_nat,17,EDDY,183,260,A+77,0x644bc,0x6,0xff00,nein,55,0,0,0,2,0,
greichweite_EK1L_nat,17,EDDY,183,261,A+78,0x644bc,0x6,0xff00,nein,55,0,0,0,2,0,
greichweite_EK1L_nat,17,EDDY,183,262,A+79,0x644bc,0x6,0xff00,nein,55,0,0,0,2,0,
greichweite_EK1L_nat,17,EDDY,183,263,A+80,0x63746,0x0,0x0000,nein,55,0,0,0,2,0,
