# Rest der Spielfigur (Captain Commando, Praefix rest), erzeugt von scripts/belege_rest.sh.
# Frames lokal je Lauf; D = letzter Kettendruck, h = Frame des LP-Verlusts, A/J = Angriffs-/Sprungdruck,
# T = Probeframe, t = Frame, in dem die LP der Figur unter 0 fallen, L = Landung nach dem Neueinstieg.
# Abstaende dx/dz = Gegner minus Figur, ganzzahlig am Frame-Ende; Hoehe = ganzzahliges Hoehenwort.
#
# Teil A: Nachlauf der Kettenstufen 2-4, Stufe 1 zur Kontrolle (rest_kette.lua). Gruppe rest_a_<g>_s<k>_<fall>: g w = kontakt
# (WOOKY, Druecke 14 Frames nach dem Treffer), e = kontakt_b (EDDY, 18 Frames); fall t = Treffer,
# l = Leerschlag (EINGRIFF CC_LEER: Gegner ab dem Treffer der Vorstufe 200 px entfernt), z = Tritt trifft
# erst im zweiten Fenster (EINGRIFF CC_DX=60, CC_FERN=16). angriff_ab/sprung_ab = fruehester Druck
# (D+F), der in F+1 wirkt; links/rechts/hoch = erste Bewegung bei ab D+2 gehaltener Richtung.
gruppe,stufe,D,treffer_rel_D,schaden,treffer2_rel_D,h,aktion_bis_rel_D,ruhe_rel_D,angriff_ab_rel_D,angriff_wirkung_rel_D,neue_stufe,angriff_regel,sprung_ab_rel_D,sprung_wirkung_rel_D,sprung_regel,links_x_ab_rel_D,rechts_x_ab_rel_D,hoch_z_ab_rel_D,laeufe
rest_a_e_s1_l,1,3,-,-,-,-,16,17,7,8,1,D+3..D+6 verworfen; D+7..D+20 alle angenommen,7,8,D+2..D+6 verworfen; D+7..D+20 alle angenommen,9,9,9,42
rest_a_e_s1_t,1,3,2,3,-,D+2,29,30,14,15,2,D+3..D+13 verworfen; D+14..D+20 alle angenommen,14,15,D+2..D+13 verworfen; D+14..D+20 alle angenommen,16,-,31,41
rest_a_e_s2_l,2,23,-,-,-,-,16,17,7,8,1,D+3..D+6 verworfen; D+7..D+36 alle angenommen,7,8,D+2..D+6 verworfen; D+7..D+36 alle angenommen,9,9,9,74
rest_a_e_s2_t,2,23,3,4,-,D+3,29,30,14,15,3,D+3..D+13 verworfen; D+14..D+36 alle angenommen,14,15,D+2..D+13 verworfen; D+14..D+36 alle angenommen,16,-,31,73
rest_a_e_s3_l,3,44,-,-,-,-,17,18,8,9,1,D+3..D+7 verworfen; D+8..D+36 alle angenommen,8,9,D+2..D+7 verworfen; D+8..D+36 alle angenommen,10,10,10,74
rest_a_e_s3_t,3,44,4,5,-,D+4,30,31,15,16,4,D+3..D+14 verworfen; D+15..D+36 alle angenommen,15,16,D+2..D+14 verworfen; D+15..D+36 alle angenommen,17,-,32,73
rest_a_e_s4_l,4,66,-,-,-,-,25,26,26,27,1,D+3..D+25 verworfen; D+26..D+36 alle angenommen,26,27,D+2..D+25 verworfen; D+26..D+36 alle angenommen,27,27,27,74
rest_a_e_s4_t,4,66,3,10,-,D+3,32,33,33,34,1,D+3..D+32 verworfen; D+33..D+36 alle angenommen,33,34,D+2..D+32 verworfen; D+33..D+36 alle angenommen,34,-,34,73
rest_a_e_s4_z,4,66,17,10,-,D+17,32,33,33,34,1,D+3..D+32 verworfen; D+33..D+46 alle angenommen,33,34,D+2..D+32 verworfen; D+33..D+46 alle angenommen,34,-,34,93
rest_a_w_s1_l,1,3,-,-,-,-,16,17,7,8,1,D+3..D+6 verworfen; D+7..D+20 alle angenommen,7,8,D+2..D+6 verworfen; D+7..D+20 alle angenommen,9,9,9,42
rest_a_w_s1_t,1,3,2,3,-,D+2,29,30,14,15,2,D+3..D+13 verworfen; D+14..D+20 alle angenommen,14,15,D+2..D+13 verworfen; D+14..D+20 alle angenommen,16,-,31,41
rest_a_w_s2_l,2,19,-,-,-,-,16,17,7,8,1,D+3..D+6 verworfen; D+7..D+36 alle angenommen,7,8,D+2..D+6 verworfen; D+7..D+36 alle angenommen,9,9,9,74
rest_a_w_s2_t,2,19,3,4,-,D+3,29,30,14,15,3,D+3..D+13 verworfen; D+14..D+36 alle angenommen,14,15,D+2..D+13 verworfen; D+14..D+36 alle angenommen,16,-,31,73
rest_a_w_s3_l,3,36,-,-,-,-,17,18,8,9,1,D+3..D+7 verworfen; D+8..D+36 alle angenommen,8,9,D+2..D+7 verworfen; D+8..D+36 alle angenommen,10,10,10,74
rest_a_w_s3_t,3,36,4,5,-,D+4,30,31,15,16,4,D+3..D+14 verworfen; D+15..D+36 alle angenommen,15,16,D+2..D+14 verworfen; D+15..D+36 alle angenommen,17,-,32,73
rest_a_w_s4_l,4,54,-,-,-,-,25,26,26,27,1,D+3..D+25 verworfen; D+26..D+36 alle angenommen,26,27,D+2..D+25 verworfen; D+26..D+36 alle angenommen,27,27,27,74
rest_a_w_s4_t,4,54,3,10,-,D+3,32,33,33,34,1,D+3..D+32 verworfen; D+33..D+36 alle angenommen,33,34,D+2..D+32 verworfen; D+33..D+36 alle angenommen,34,-,34,73
rest_a_w_s4_z,4,54,17,10,-,D+17,32,33,33,34,1,D+3..D+32 verworfen; D+33..D+46 alle angenommen,33,34,D+2..D+32 verworfen; D+33..D+46 alle angenommen,34,-,34,93
# Teil A, je Lauf (messen_rest.py nachlauf)
lauf,stufe,D,treffer_rel,schaden,treffer2_rel,phasen_rel,aktion_bis_rel,ruhe_rel,eingabe,ein_rel,wirkung,wirkung_rel,anim_neu,stufe_neu,x_ab_rel,z_ab_rel
rest_a_e_s1_l_a2,1,3,-,-,-,1:0 8:2,16,17,-,,,,,,,
rest_a_e_s1_l_a3,1,3,-,-,-,1:0 8:2,16,17,a,3,verworfen,-,0B2EF2,,,
rest_a_e_s1_l_a4,1,3,-,-,-,1:0 8:2,16,17,a,4,verworfen,-,0B2EF2,,,
rest_a_e_s1_l_a5,1,3,-,-,-,1:0 8:2,16,17,a,5,verworfen,-,0B2F22,,,
rest_a_e_s1_l_a6,1,3,-,-,-,1:0 8:2,16,17,a,6,verworfen,-,0B2F52,,,
rest_a_e_s1_l_a7,1,3,-,-,-,1:0 15:2,23,24,a,7,neuer Schlag,8,0B2EC4,1,,
rest_a_e_s1_l_a8,1,3,-,-,-,1:0 8:2 9:0 16:2,24,25,a,8,neuer Schlag,9,0B2EC4,1,,
rest_a_e_s1_l_a9,1,3,-,-,-,1:0 8:2 10:0 17:2,25,26,a,9,neuer Schlag,10,0B2EC4,1,,
rest_a_e_s1_l_a10,1,3,-,-,-,1:0 8:2 11:0 18:2,26,27,a,10,neuer Schlag,11,0B2EC4,1,,
rest_a_e_s1_l_a11,1,3,-,-,-,1:0 8:2 12:0 19:2,27,28,a,11,neuer Schlag,12,0B2EC4,1,,
rest_a_e_s1_l_a12,1,3,-,-,-,1:0 8:2 13:0 20:2,28,29,a,12,neuer Schlag,13,0B2EC4,1,,
rest_a_e_s1_l_a13,1,3,-,-,-,1:0 8:2 14:0 21:2,29,30,a,13,neuer Schlag,14,0B2EC4,1,,
rest_a_e_s1_l_a14,1,3,-,-,-,1:0 8:2 15:0 22:2,30,31,a,14,neuer Schlag,15,0B2EC4,1,,
rest_a_e_s1_l_a15,1,3,-,-,-,1:0 8:2 16:0 23:2,31,32,a,15,neuer Schlag,16,0B2EC4,1,,
rest_a_e_s1_l_a16,1,3,-,-,-,1:0 8:2 17:0 24:2,32,33,a,16,neuer Schlag,17,0B2EC4,1,,
rest_a_e_s1_l_a17,1,3,-,-,-,1:0 8:2 18:0 25:2,16,17,a,17,neuer Schlag,18,0B2EC4,1,,
rest_a_e_s1_l_a18,1,3,-,-,-,1:0 8:2 19:0 26:2,16,17,a,18,neuer Schlag,19,0B2EC4,1,,
rest_a_e_s1_l_a19,1,3,-,-,-,1:0 8:2 20:0 27:2,16,17,a,19,neuer Schlag,20,0B2EC4,1,,
rest_a_e_s1_l_a20,1,3,-,-,-,1:0 8:2 21:0 28:2,16,17,a,20,neuer Schlag,21,0B2EC4,1,,
rest_a_e_s1_l_hl,1,3,-,-,-,1:0 8:2,7,8,l,2,halten,,,,9,-
rest_a_e_s1_l_hr,1,3,-,-,-,1:0 8:2,7,8,r,2,halten,,,,9,-
rest_a_e_s1_l_hu,1,3,-,-,-,1:0 8:2,7,8,u,2,halten,,,,-,9
rest_a_e_s1_l_j2,1,3,-,-,-,1:0 8:2,16,17,j,2,verworfen,-,,,,
rest_a_e_s1_l_j3,1,3,-,-,-,1:0 8:2,16,17,j,3,verworfen,-,,,,
rest_a_e_s1_l_j4,1,3,-,-,-,1:0 8:2,16,17,j,4,verworfen,-,,,,
rest_a_e_s1_l_j5,1,3,-,-,-,1:0 8:2,16,17,j,5,verworfen,-,,,,
rest_a_e_s1_l_j6,1,3,-,-,-,1:0 8:2,16,17,j,6,verworfen,-,,,,
rest_a_e_s1_l_j7,1,3,-,-,-,1:0 49:2 55:0,7,55,j,7,Sprung,8,,,,
rest_a_e_s1_l_j8,1,3,-,-,-,1:0 8:2 9:0 50:2 56:0,8,56,j,8,Sprung,9,,,,
rest_a_e_s1_l_j9,1,3,-,-,-,1:0 8:2 10:0 51:2 57:0,9,57,j,9,Sprung,10,,,,
rest_a_e_s1_l_j10,1,3,-,-,-,1:0 8:2 11:0 52:2 58:0,10,58,j,10,Sprung,11,,,,
rest_a_e_s1_l_j11,1,3,-,-,-,1:0 8:2 12:0 53:2 59:0,11,59,j,11,Sprung,12,,,,
rest_a_e_s1_l_j12,1,3,-,-,-,1:0 8:2 13:0 54:2 60:0,12,60,j,12,Sprung,13,,,,
rest_a_e_s1_l_j13,1,3,-,-,-,1:0 8:2 14:0 55:2 61:0,13,61,j,13,Sprung,14,,,,
rest_a_e_s1_l_j14,1,3,-,-,-,1:0 8:2 15:0 56:2 62:0,14,62,j,14,Sprung,15,,,,
rest_a_e_s1_l_j15,1,3,-,-,-,1:0 8:2 16:0 57:2 63:0,15,63,j,15,Sprung,16,,,,
rest_a_e_s1_l_j16,1,3,-,-,-,1:0 8:2 17:0 58:2 64:0,16,64,j,16,Sprung,17,,,,
rest_a_e_s1_l_j17,1,3,-,-,-,1:0 8:2 18:0 59:2 65:0,16,17,j,17,Sprung,18,,,,
rest_a_e_s1_l_j18,1,3,-,-,-,1:0 8:2 19:0 60:2 66:0,16,17,j,18,Sprung,19,,,,
rest_a_e_s1_l_j19,1,3,-,-,-,1:0 8:2 20:0 61:2 67:0,16,17,j,19,Sprung,20,,,,
rest_a_e_s1_l_j20,1,3,-,-,-,1:0 8:2 21:0 62:2 68:0,16,17,j,20,Sprung,21,,,,
rest_a_e_s1_l_o,1,3,-,-,-,1:0 8:2,16,17,-,,,,,,,
rest_a_e_s1_t_a2,1,3,2,3,-,1:0 15:4 65:0 66:2,29,30,-,,,,,,,
rest_a_e_s1_t_a3,1,3,2,3,-,1:0 15:4 65:0 66:2,29,30,a,3,verworfen,-,0B2EF2,,,
rest_a_e_s1_t_a4,1,3,2,3,-,1:0 15:4 65:0 66:2,29,30,a,4,verworfen,-,0B2EF2,,,
rest_a_e_s1_t_a5,1,3,2,3,-,1:0 15:4 65:0 66:2,29,30,a,5,verworfen,-,0B2EF2,,,
rest_a_e_s1_t_a6,1,3,2,3,-,1:0 15:4 65:0 66:2,29,30,a,6,verworfen,-,0B2EF2,,,
rest_a_e_s1_t_a7,1,3,2,3,-,1:0 15:4 65:0 66:2,29,30,a,7,verworfen,-,0B2EF2,,,
rest_a_e_s1_t_a8,1,3,2,3,-,1:0 15:4 65:0 66:2,29,30,a,8,verworfen,-,0B2EF2,,,
rest_a_e_s1_t_a9,1,3,2,3,-,1:0 15:4 65:0 66:2,29,30,a,9,verworfen,-,0B2EF2,,,
rest_a_e_s1_t_a10,1,3,2,3,-,1:0 15:4 65:0 66:2,29,30,a,10,verworfen,-,0B2EF2,,,
rest_a_e_s1_t_a11,1,3,2,3,-,1:0 15:4 65:0 66:2,29,30,a,11,verworfen,-,0B2EF2,,,
rest_a_e_s1_t_a12,1,3,2,3,-,1:0 15:4 65:0 66:2,29,30,a,12,verworfen,-,0B2F22,,,
rest_a_e_s1_t_a13,1,3,2,3,-,1:0 15:4 65:0 66:2,29,30,a,13,verworfen,-,0B2F52,,,
rest_a_e_s1_t_a14,1,3,2,3,17,1:0 15:6 28:4,43,44,a,14,neuer Schlag,15,0B32B2,2,,
rest_a_e_s1_t_a15,1,3,2,3,18,1:0 15:4 16:6 29:4,44,45,a,15,neuer Schlag,16,0B32B2,2,,
rest_a_e_s1_t_a16,1,3,2,3,19,1:0 15:4 17:6 30:4,45,46,a,16,neuer Schlag,17,0B32B2,2,,
rest_a_e_s1_t_a17,1,3,2,3,20,1:0 15:4 18:6 31:4,46,47,a,17,neuer Schlag,18,0B32B2,2,,
rest_a_e_s1_t_a18,1,3,2,3,21,1:0 15:4 19:6 32:4,47,48,a,18,neuer Schlag,19,0B32B2,2,,
rest_a_e_s1_t_a19,1,3,2,3,22,1:0 15:4 20:6 33:4,48,49,a,19,neuer Schlag,20,0B32B2,2,,
rest_a_e_s1_t_a20,1,3,2,3,23,1:0 15:4 21:6 34:4,49,50,a,20,neuer Schlag,21,0B32B2,2,,
rest_a_e_s1_t_hl,1,3,2,3,-,1:0 15:4,14,15,l,2,halten,,,,16,-
rest_a_e_s1_t_hu,1,3,2,3,-,1:0 15:4,29,30,u,2,halten,,,,-,31
rest_a_e_s1_t_j2,1,3,2,3,-,1:0 15:4 65:0 66:2,29,30,j,2,verworfen,-,,,,
rest_a_e_s1_t_j3,1,3,2,3,-,1:0 15:4 65:0 66:2,29,30,j,3,verworfen,-,,,,
rest_a_e_s1_t_j4,1,3,2,3,-,1:0 15:4 65:0 66:2,29,30,j,4,verworfen,-,,,,
rest_a_e_s1_t_j5,1,3,2,3,-,1:0 15:4 65:0 66:2,29,30,j,5,verworfen,-,,,,
rest_a_e_s1_t_j6,1,3,2,3,-,1:0 15:4 65:0 66:2,29,30,j,6,verworfen,-,,,,
rest_a_e_s1_t_j7,1,3,2,3,-,1:0 15:4 65:0 66:2,29,30,j,7,verworfen,-,,,,
rest_a_e_s1_t_j8,1,3,2,3,-,1:0 15:4 65:0 66:2,29,30,j,8,verworfen,-,,,,
rest_a_e_s1_t_j9,1,3,2,3,-,1:0 15:4 65:0 66:2,29,30,j,9,verworfen,-,,,,
rest_a_e_s1_t_j10,1,3,2,3,-,1:0 15:4 65:0 66:2,29,30,j,10,verworfen,-,,,,
rest_a_e_s1_t_j11,1,3,2,3,-,1:0 15:4 65:0 66:2,29,30,j,11,verworfen,-,,,,
rest_a_e_s1_t_j12,1,3,2,3,-,1:0 15:4 65:0 66:2,29,30,j,12,verworfen,-,,,,
rest_a_e_s1_t_j13,1,3,2,3,-,1:0 15:4 65:0 66:2,29,30,j,13,verworfen,-,,,,
rest_a_e_s1_t_j14,1,3,2,3,-,1:0 56:2 62:0 66:2,14,62,j,14,Sprung,15,,,,
rest_a_e_s1_t_j15,1,3,2,3,-,1:0 15:4 16:0 57:2 63:0 66:2,15,63,j,15,Sprung,16,,,,
rest_a_e_s1_t_j16,1,3,2,3,-,1:0 15:4 17:0 58:2 64:0 66:2,16,64,j,16,Sprung,17,,,,
rest_a_e_s1_t_j17,1,3,2,3,-,1:0 15:4 18:0 59:2 65:0 66:2,17,65,j,17,Sprung,18,,,,
rest_a_e_s1_t_j18,1,3,2,3,-,1:0 15:4 19:0 60:2 65:0 66:2,18,65,j,18,Sprung,19,,,,
rest_a_e_s1_t_j19,1,3,2,3,-,1:0 15:4 20:0 61:2 65:0 66:2,19,65,j,19,Sprung,20,,,,
rest_a_e_s1_t_j20,1,3,2,3,-,1:0 15:4 21:0 62:2 65:0 66:2,20,65,j,20,Sprung,21,,,,
rest_a_e_s1_t_o,1,3,2,3,-,1:0 15:4 65:0 66:2,29,30,-,,,,,,,
rest_a_e_s2_l_a2,2,23,-,-,-,1:6 7:2,16,17,-,,,,,,,
rest_a_e_s2_l_a3,2,23,-,-,-,1:6 7:2,16,17,a,3,verworfen,-,0B330A,,,
rest_a_e_s2_l_a4,2,23,-,-,-,1:6 7:2,16,17,a,4,verworfen,-,0B330A,,,
rest_a_e_s2_l_a5,2,23,-,-,-,1:6 7:2,16,17,a,5,verworfen,-,0B330A,,,
rest_a_e_s2_l_a6,2,23,-,-,-,1:6 7:2,16,17,a,6,verworfen,-,0B333A,,,
rest_a_e_s2_l_a7,2,23,-,-,-,1:6 7:2 8:0 15:2,23,24,a,7,neuer Schlag,8,0B2EC4,1,,
rest_a_e_s2_l_a8,2,23,-,-,-,1:6 7:2 9:0 16:2,24,25,a,8,neuer Schlag,9,0B2EC4,1,,
rest_a_e_s2_l_a9,2,23,-,-,-,1:6 7:2 10:0 17:2,25,26,a,9,neuer Schlag,10,0B2EC4,1,,
rest_a_e_s2_l_a10,2,23,-,-,-,1:6 7:2 11:0 18:2,26,27,a,10,neuer Schlag,11,0B2EC4,1,,
rest_a_e_s2_l_a11,2,23,-,-,-,1:6 7:2 12:0 19:2,27,28,a,11,neuer Schlag,12,0B2EC4,1,,
rest_a_e_s2_l_a12,2,23,-,-,-,1:6 7:2 13:0 20:2,28,29,a,12,neuer Schlag,13,0B2EC4,1,,
rest_a_e_s2_l_a13,2,23,-,-,-,1:6 7:2 14:0 21:2,29,30,a,13,neuer Schlag,14,0B2EC4,1,,
rest_a_e_s2_l_a14,2,23,-,-,-,1:6 7:2 15:0 22:2,30,31,a,14,neuer Schlag,15,0B2EC4,1,,
rest_a_e_s2_l_a15,2,23,-,-,-,1:6 7:2 16:0 23:2,31,32,a,15,neuer Schlag,16,0B2EC4,1,,
rest_a_e_s2_l_a16,2,23,-,-,-,1:6 7:2 17:0 24:2,32,33,a,16,neuer Schlag,17,0B2EC4,1,,
rest_a_e_s2_l_a17,2,23,-,-,-,1:6 7:2 18:0 25:2,16,17,a,17,neuer Schlag,18,0B2EC4,1,,
rest_a_e_s2_l_a18,2,23,-,-,-,1:6 7:2 19:0 26:2,16,17,a,18,neuer Schlag,19,0B2EC4,1,,
rest_a_e_s2_l_a19,2,23,-,-,-,1:6 7:2 20:0 27:2,16,17,a,19,neuer Schlag,20,0B2EC4,1,,
rest_a_e_s2_l_a20,2,23,-,-,-,1:6 7:2 21:0 28:2,16,17,a,20,neuer Schlag,21,0B2EC4,1,,
rest_a_e_s2_l_a21,2,23,-,-,-,1:6 7:2 22:0 29:2,16,17,a,21,neuer Schlag,22,0B2EC4,1,,
rest_a_e_s2_l_a22,2,23,-,-,-,1:6 7:2 23:0 30:2,16,17,a,22,neuer Schlag,23,0B2EC4,1,,
rest_a_e_s2_l_a23,2,23,-,-,-,1:6 7:2 24:0 31:2,16,17,a,23,neuer Schlag,24,0B2EC4,1,,
rest_a_e_s2_l_a24,2,23,-,-,-,1:6 7:2 25:0 32:2,16,17,a,24,neuer Schlag,25,0B2EC4,1,,
rest_a_e_s2_l_a25,2,23,-,-,-,1:6 7:2 26:0 33:2,16,17,a,25,neuer Schlag,26,0B2EC4,1,,
rest_a_e_s2_l_a26,2,23,-,-,-,1:6 7:2 27:0 34:2,16,17,a,26,neuer Schlag,27,0B2EC4,1,,
rest_a_e_s2_l_a27,2,23,-,-,-,1:6 7:2 28:0 35:2,16,17,a,27,neuer Schlag,28,0B2EC4,1,,
rest_a_e_s2_l_a28,2,23,-,-,-,1:6 7:2 29:0 36:2,16,17,a,28,neuer Schlag,29,0B2EC4,1,,
rest_a_e_s2_l_a29,2,23,-,-,-,1:6 7:2 30:0 37:2,16,17,a,29,neuer Schlag,30,0B2EC4,1,,
rest_a_e_s2_l_a30,2,23,-,-,-,1:6 7:2 31:0 38:2,16,17,a,30,neuer Schlag,31,0B2EC4,1,,
rest_a_e_s2_l_a31,2,23,-,-,-,1:6 7:2 32:0 39:2,16,17,a,31,neuer Schlag,32,0B2EC4,1,,
rest_a_e_s2_l_a32,2,23,-,-,-,1:6 7:2 33:0 40:2,16,17,a,32,neuer Schlag,33,0B2EC4,1,,
rest_a_e_s2_l_a33,2,23,-,-,-,1:6 7:2 34:0 41:2,16,17,a,33,neuer Schlag,34,0B2EC4,1,,
rest_a_e_s2_l_a34,2,23,-,-,-,1:6 7:2 35:0 42:2,16,17,a,34,neuer Schlag,35,0B2EC4,1,,
rest_a_e_s2_l_a35,2,23,-,-,-,1:6 7:2 36:0 43:2,16,17,a,35,neuer Schlag,36,0B2EC4,1,,
rest_a_e_s2_l_a36,2,23,-,-,-,1:6 7:2 37:0 44:2,16,17,a,36,neuer Schlag,37,0B2EC4,1,,
rest_a_e_s2_l_hl,2,23,-,-,-,1:6 7:2,7,8,l,2,halten,,,,9,-
rest_a_e_s2_l_hr,2,23,-,-,-,1:6 7:2,7,8,r,2,halten,,,,9,-
rest_a_e_s2_l_hu,2,23,-,-,-,1:6 7:2,7,8,u,2,halten,,,,-,9
rest_a_e_s2_l_j2,2,23,-,-,-,1:6 7:2,16,17,j,2,verworfen,-,,,,
rest_a_e_s2_l_j3,2,23,-,-,-,1:6 7:2,16,17,j,3,verworfen,-,,,,
rest_a_e_s2_l_j4,2,23,-,-,-,1:6 7:2,16,17,j,4,verworfen,-,,,,
rest_a_e_s2_l_j5,2,23,-,-,-,1:6 7:2,16,17,j,5,verworfen,-,,,,
rest_a_e_s2_l_j6,2,23,-,-,-,1:6 7:2,16,17,j,6,verworfen,-,,,,
rest_a_e_s2_l_j7,2,23,-,-,-,1:6 7:2 8:0 49:2 55:0,7,55,j,7,Sprung,8,,,,
rest_a_e_s2_l_j8,2,23,-,-,-,1:6 7:2 9:0 50:2 56:0,8,56,j,8,Sprung,9,,,,
rest_a_e_s2_l_j9,2,23,-,-,-,1:6 7:2 10:0 51:2 57:0,9,57,j,9,Sprung,10,,,,
rest_a_e_s2_l_j10,2,23,-,-,-,1:6 7:2 11:0 52:2 58:0,10,58,j,10,Sprung,11,,,,
rest_a_e_s2_l_j11,2,23,-,-,-,1:6 7:2 12:0 53:2 59:0,11,59,j,11,Sprung,12,,,,
rest_a_e_s2_l_j12,2,23,-,-,-,1:6 7:2 13:0 54:2 60:0,12,60,j,12,Sprung,13,,,,
rest_a_e_s2_l_j13,2,23,-,-,-,1:6 7:2 14:0 55:2 61:0,13,61,j,13,Sprung,14,,,,
rest_a_e_s2_l_j14,2,23,-,-,-,1:6 7:2 15:0 56:2 62:0,14,62,j,14,Sprung,15,,,,
rest_a_e_s2_l_j15,2,23,-,-,-,1:6 7:2 16:0 57:2 63:0,15,63,j,15,Sprung,16,,,,
rest_a_e_s2_l_j16,2,23,-,-,-,1:6 7:2 17:0 58:2 64:0,16,64,j,16,Sprung,17,,,,
rest_a_e_s2_l_j17,2,23,-,-,-,1:6 7:2 18:0 59:2 65:0,16,17,j,17,Sprung,18,,,,
rest_a_e_s2_l_j18,2,23,-,-,-,1:6 7:2 19:0 60:2 66:0,16,17,j,18,Sprung,19,,,,
rest_a_e_s2_l_j19,2,23,-,-,-,1:6 7:2 20:0 61:2 67:0,16,17,j,19,Sprung,20,,,,
rest_a_e_s2_l_j20,2,23,-,-,-,1:6 7:2 21:0 62:2 68:0,16,17,j,20,Sprung,21,,,,
rest_a_e_s2_l_j21,2,23,-,-,-,1:6 7:2 22:0 63:2 69:0,16,17,j,21,Sprung,22,,,,
rest_a_e_s2_l_j22,2,23,-,-,-,1:6 7:2 23:0 64:2 70:0,16,17,j,22,Sprung,23,,,,
rest_a_e_s2_l_j23,2,23,-,-,-,1:6 7:2 24:0 65:2 71:0,16,17,j,23,Sprung,24,,,,
rest_a_e_s2_l_j24,2,23,-,-,-,1:6 7:2 25:0 66:2 72:0,16,17,j,24,Sprung,25,,,,
rest_a_e_s2_l_j25,2,23,-,-,-,1:6 7:2 26:0 67:2 73:0,16,17,j,25,Sprung,26,,,,
rest_a_e_s2_l_j26,2,23,-,-,-,1:6 7:2 27:0 68:2 74:0,16,17,j,26,Sprung,27,,,,
rest_a_e_s2_l_j27,2,23,-,-,-,1:6 7:2 28:0 69:2 75:0,16,17,j,27,Sprung,28,,,,
rest_a_e_s2_l_j28,2,23,-,-,-,1:6 7:2 29:0 70:2 76:0,16,17,j,28,Sprung,29,,,,
rest_a_e_s2_l_j29,2,23,-,-,-,1:6 7:2 30:0 71:2 77:0,16,17,j,29,Sprung,30,,,,
rest_a_e_s2_l_j30,2,23,-,-,-,1:6 7:2 31:0 72:2 78:0,16,17,j,30,Sprung,31,,,,
rest_a_e_s2_l_j31,2,23,-,-,-,1:6 7:2 32:0 73:2 79:0,16,17,j,31,Sprung,32,,,,
rest_a_e_s2_l_j32,2,23,-,-,-,1:6 7:2 33:0 74:2 80:0,16,17,j,32,Sprung,33,,,,
rest_a_e_s2_l_j33,2,23,-,-,-,1:6 7:2 34:0 75:2,16,17,j,33,Sprung,34,,,,
rest_a_e_s2_l_j34,2,23,-,-,-,1:6 7:2 35:0 76:2,16,17,j,34,Sprung,35,,,,
rest_a_e_s2_l_j35,2,23,-,-,-,1:6 7:2 36:0 77:2,16,17,j,35,Sprung,36,,,,
rest_a_e_s2_l_j36,2,23,-,-,-,1:6 7:2 37:0 78:2,16,17,j,36,Sprung,37,,,,
rest_a_e_s2_l_o,2,23,-,-,-,1:6 7:2,16,17,-,,,,,,,
rest_a_e_s2_t_a2,2,23,3,4,-,1:6 14:4 67:0 68:2,29,30,-,,,,,,,
rest_a_e_s2_t_a3,2,23,3,4,-,1:6 14:4 67:0 68:2,29,30,a,3,verworfen,-,0B330A,,,
rest_a_e_s2_t_a4,2,23,3,4,-,1:6 14:4 67:0 68:2,29,30,a,4,verworfen,-,0B330A,,,
rest_a_e_s2_t_a5,2,23,3,4,-,1:6 14:4 67:0 68:2,29,30,a,5,verworfen,-,0B330A,,,
rest_a_e_s2_t_a6,2,23,3,4,-,1:6 14:4 67:0 68:2,29,30,a,6,verworfen,-,0B330A,,,
rest_a_e_s2_t_a7,2,23,3,4,-,1:6 14:4 67:0 68:2,29,30,a,7,verworfen,-,0B330A,,,
rest_a_e_s2_t_a8,2,23,3,4,-,1:6 14:4 67:0 68:2,29,30,a,8,verworfen,-,0B330A,,,
rest_a_e_s2_t_a9,2,23,3,4,-,1:6 14:4 67:0 68:2,29,30,a,9,verworfen,-,0B330A,,,
rest_a_e_s2_t_a10,2,23,3,4,-,1:6 14:4 67:0 68:2,29,30,a,10,verworfen,-,0B330A,,,
rest_a_e_s2_t_a11,2,23,3,4,-,1:6 14:4 67:0 68:2,29,30,a,11,verworfen,-,0B330A,,,
rest_a_e_s2_t_a12,2,23,3,4,-,1:6 14:4 67:0 68:2,29,30,a,12,verworfen,-,0B330A,,,
rest_a_e_s2_t_a13,2,23,3,4,-,1:6 14:4 67:0 68:2,29,30,a,13,verworfen,-,0B333A,,,
rest_a_e_s2_t_a14,2,23,3,4,18,1:6 14:4 15:6 29:4,44,45,a,14,neuer Schlag,15,0B35DE,3,,
rest_a_e_s2_t_a15,2,23,3,4,19,1:6 14:4 16:6 30:4,45,46,a,15,neuer Schlag,16,0B35DE,3,,
rest_a_e_s2_t_a16,2,23,3,4,20,1:6 14:4 17:6 31:4,46,47,a,16,neuer Schlag,17,0B35DE,3,,
rest_a_e_s2_t_a17,2,23,3,4,21,1:6 14:4 18:6 32:4,47,48,a,17,neuer Schlag,18,0B35DE,3,,
rest_a_e_s2_t_a18,2,23,3,4,22,1:6 14:4 19:6 33:4,48,49,a,18,neuer Schlag,19,0B35DE,3,,
rest_a_e_s2_t_a19,2,23,3,4,23,1:6 14:4 20:6 34:4,49,50,a,19,neuer Schlag,20,0B35DE,3,,
rest_a_e_s2_t_a20,2,23,3,4,24,1:6 14:4 21:6 35:4,50,51,a,20,neuer Schlag,21,0B35DE,3,,
rest_a_e_s2_t_a21,2,23,3,4,25,1:6 14:4 22:6 36:4,51,52,a,21,neuer Schlag,22,0B35DE,3,,
rest_a_e_s2_t_a22,2,23,3,4,26,1:6 14:4 23:6 37:4,52,53,a,22,neuer Schlag,23,0B35DE,3,,
rest_a_e_s2_t_a23,2,23,3,4,27,1:6 14:4 24:6 38:4,53,54,a,23,neuer Schlag,24,0B35DE,3,,
rest_a_e_s2_t_a24,2,23,3,4,28,1:6 14:4 25:6 39:4,54,55,a,24,neuer Schlag,25,0B35DE,3,,
rest_a_e_s2_t_a25,2,23,3,4,29,1:6 14:4 26:6 40:4,55,56,a,25,neuer Schlag,26,0B35DE,3,,
rest_a_e_s2_t_a26,2,23,3,4,30,1:6 14:4 27:6 41:4,56,57,a,26,neuer Schlag,27,0B35DE,3,,
rest_a_e_s2_t_a27,2,23,3,4,31,1:6 14:4 28:6 42:4,57,58,a,27,neuer Schlag,28,0B35DE,3,,
rest_a_e_s2_t_a28,2,23,3,4,32,1:6 14:4 29:6 43:4,58,59,a,28,neuer Schlag,29,0B35DE,3,,
rest_a_e_s2_t_a29,2,23,3,4,33,1:6 14:4 30:6 44:4,59,60,a,29,neuer Schlag,30,0B35DE,3,,
rest_a_e_s2_t_a30,2,23,3,4,32,1:6 14:4 31:0 45:4,29,30,a,30,neuer Schlag,31,0B2EC4,1,,
rest_a_e_s2_t_a31,2,23,3,4,33,1:6 14:4 32:0 46:4,29,30,a,31,neuer Schlag,32,0B2EC4,1,,
rest_a_e_s2_t_a32,2,23,3,4,34,1:6 14:4 33:0 47:4,29,30,a,32,neuer Schlag,33,0B2EC4,1,,
rest_a_e_s2_t_a33,2,23,3,4,35,1:6 14:4 34:0 48:4,29,30,a,33,neuer Schlag,34,0B2EC4,1,,
rest_a_e_s2_t_a34,2,23,3,4,36,1:6 14:4 35:0 49:4,29,30,a,34,neuer Schlag,35,0B2EC4,1,,
rest_a_e_s2_t_a35,2,23,3,4,37,1:6 14:4 36:0 50:4,29,30,a,35,neuer Schlag,36,0B2EC4,1,,
rest_a_e_s2_t_a36,2,23,3,4,38,1:6 14:4 37:0 51:4,29,30,a,36,neuer Schlag,37,0B2EC4,1,,
rest_a_e_s2_t_hl,2,23,3,4,-,1:6 14:4,14,15,l,2,halten,,,,16,-
rest_a_e_s2_t_hu,2,23,3,4,-,1:6 14:4,29,30,u,2,halten,,,,-,31
rest_a_e_s2_t_j2,2,23,3,4,-,1:6 14:4 67:0 68:2,29,30,j,2,verworfen,-,,,,
rest_a_e_s2_t_j3,2,23,3,4,-,1:6 14:4 67:0 68:2,29,30,j,3,verworfen,-,,,,
rest_a_e_s2_t_j4,2,23,3,4,-,1:6 14:4 67:0 68:2,29,30,j,4,verworfen,-,,,,
rest_a_e_s2_t_j5,2,23,3,4,-,1:6 14:4 67:0 68:2,29,30,j,5,verworfen,-,,,,
rest_a_e_s2_t_j6,2,23,3,4,-,1:6 14:4 67:0 68:2,29,30,j,6,verworfen,-,,,,
rest_a_e_s2_t_j7,2,23,3,4,-,1:6 14:4 67:0 68:2,29,30,j,7,verworfen,-,,,,
rest_a_e_s2_t_j8,2,23,3,4,-,1:6 14:4 67:0 68:2,29,30,j,8,verworfen,-,,,,
rest_a_e_s2_t_j9,2,23,3,4,-,1:6 14:4 67:0 68:2,29,30,j,9,verworfen,-,,,,
rest_a_e_s2_t_j10,2,23,3,4,-,1:6 14:4 67:0 68:2,29,30,j,10,verworfen,-,,,,
rest_a_e_s2_t_j11,2,23,3,4,-,1:6 14:4 67:0 68:2,29,30,j,11,verworfen,-,,,,
rest_a_e_s2_t_j12,2,23,3,4,-,1:6 14:4 67:0 68:2,29,30,j,12,verworfen,-,,,,
rest_a_e_s2_t_j13,2,23,3,4,-,1:6 14:4 67:0 68:2,29,30,j,13,verworfen,-,,,,
rest_a_e_s2_t_j14,2,23,3,4,-,1:6 14:4 15:0 56:2 62:0 68:2,14,62,j,14,Sprung,15,,,,
rest_a_e_s2_t_j15,2,23,3,4,-,1:6 14:4 16:0 57:2 63:0 68:2,15,63,j,15,Sprung,16,,,,
rest_a_e_s2_t_j16,2,23,3,4,-,1:6 14:4 17:0 58:2 64:0 68:2,16,64,j,16,Sprung,17,,,,
rest_a_e_s2_t_j17,2,23,3,4,-,1:6 14:4 18:0 59:2 65:0 68:2,17,65,j,17,Sprung,18,,,,
rest_a_e_s2_t_j18,2,23,3,4,-,1:6 14:4 19:0 60:2 66:0 68:2,18,66,j,18,Sprung,19,,,,
rest_a_e_s2_t_j19,2,23,3,4,-,1:6 14:4 20:0 61:2 67:0 68:2,19,67,j,19,Sprung,20,,,,
rest_a_e_s2_t_j20,2,23,3,4,-,1:6 14:4 21:0 62:2 67:0 68:2,20,67,j,20,Sprung,21,,,,
rest_a_e_s2_t_j21,2,23,3,4,-,1:6 14:4 22:0 63:2 67:0 68:2,21,67,j,21,Sprung,22,,,,
rest_a_e_s2_t_j22,2,23,3,4,-,1:6 14:4 23:0 64:2 67:0 68:2,22,67,j,22,Sprung,23,,,,
rest_a_e_s2_t_j23,2,23,3,4,-,1:6 14:4 24:0 65:2 67:0 68:2,23,67,j,23,Sprung,24,,,,
rest_a_e_s2_t_j24,2,23,3,4,-,1:6 14:4 25:0 66:2 67:0 68:2,24,67,j,24,Sprung,25,,,,
rest_a_e_s2_t_j25,2,23,3,4,-,1:6 14:4 26:0 68:2,25,67,j,25,Sprung,26,,,,
rest_a_e_s2_t_j26,2,23,3,4,-,1:6 14:4 27:0 68:2,26,-,j,26,Sprung,27,,,,
rest_a_e_s2_t_j27,2,23,3,4,-,1:6 14:4 28:0 68:2,27,-,j,27,Sprung,28,,,,
rest_a_e_s2_t_j28,2,23,3,4,-,1:6 14:4 29:0 68:2,28,-,j,28,Sprung,29,,,,
rest_a_e_s2_t_j29,2,23,3,4,-,1:6 14:4 30:0 68:2,29,-,j,29,Sprung,30,,,,
rest_a_e_s2_t_j30,2,23,3,4,-,1:6 14:4 31:0 68:2,29,30,j,30,Sprung,31,,,,
rest_a_e_s2_t_j31,2,23,3,4,-,1:6 14:4 32:0 68:2,29,30,j,31,Sprung,32,,,,
rest_a_e_s2_t_j32,2,23,3,4,-,1:6 14:4 33:0 68:2,29,30,j,32,Sprung,33,,,,
rest_a_e_s2_t_j33,2,23,3,4,-,1:6 14:4 34:0 68:2,29,30,j,33,Sprung,34,,,,
rest_a_e_s2_t_j34,2,23,3,4,-,1:6 14:4 35:0 68:2,29,30,j,34,Sprung,35,,,,
rest_a_e_s2_t_j35,2,23,3,4,-,1:6 14:4 36:0 68:2,29,30,j,35,Sprung,36,,,,
rest_a_e_s2_t_j36,2,23,3,4,-,1:6 14:4 37:0 68:2,29,30,j,36,Sprung,37,,,,
rest_a_e_s2_t_o,2,23,3,4,-,1:6 14:4 67:0 68:2,29,30,-,,,,,,,
rest_a_e_s3_l_a2,3,44,-,-,-,1:6 8:2,17,18,-,,,,,,,
rest_a_e_s3_l_a3,3,44,-,-,-,1:6 8:2,17,18,a,3,verworfen,-,0B3666,,,
rest_a_e_s3_l_a4,3,44,-,-,-,1:6 8:2,17,18,a,4,verworfen,-,0B3666,,,
rest_a_e_s3_l_a5,3,44,-,-,-,1:6 8:2,17,18,a,5,verworfen,-,0B3666,,,
rest_a_e_s3_l_a6,3,44,-,-,-,1:6 8:2,17,18,a,6,verworfen,-,0B3666,,,
rest_a_e_s3_l_a7,3,44,-,-,-,1:6 8:2,17,18,a,7,verworfen,-,0B3696,,,
rest_a_e_s3_l_a8,3,44,-,-,-,1:6 8:2 9:0 16:2,24,25,a,8,neuer Schlag,9,0B2EC4,1,,
rest_a_e_s3_l_a9,3,44,-,-,-,1:6 8:2 10:0 17:2,25,26,a,9,neuer Schlag,10,0B2EC4,1,,
rest_a_e_s3_l_a10,3,44,-,-,-,1:6 8:2 11:0 18:2,26,27,a,10,neuer Schlag,11,0B2EC4,1,,
rest_a_e_s3_l_a11,3,44,-,-,-,1:6 8:2 12:0 19:2,27,28,a,11,neuer Schlag,12,0B2EC4,1,,
rest_a_e_s3_l_a12,3,44,-,-,-,1:6 8:2 13:0 20:2,28,29,a,12,neuer Schlag,13,0B2EC4,1,,
rest_a_e_s3_l_a13,3,44,-,-,-,1:6 8:2 14:0 21:2,29,30,a,13,neuer Schlag,14,0B2EC4,1,,
rest_a_e_s3_l_a14,3,44,-,-,-,1:6 8:2 15:0 22:2,30,31,a,14,neuer Schlag,15,0B2EC4,1,,
rest_a_e_s3_l_a15,3,44,-,-,-,1:6 8:2 16:0 23:2,31,32,a,15,neuer Schlag,16,0B2EC4,1,,
rest_a_e_s3_l_a16,3,44,-,-,-,1:6 8:2 17:0 24:2,32,33,a,16,neuer Schlag,17,0B2EC4,1,,
rest_a_e_s3_l_a17,3,44,-,-,-,1:6 8:2 18:0 25:2,33,34,a,17,neuer Schlag,18,0B2EC4,1,,
rest_a_e_s3_l_a18,3,44,-,-,-,1:6 8:2 19:0 26:2,17,18,a,18,neuer Schlag,19,0B2EC4,1,,
rest_a_e_s3_l_a19,3,44,-,-,-,1:6 8:2 20:0 27:2,17,18,a,19,neuer Schlag,20,0B2EC4,1,,
rest_a_e_s3_l_a20,3,44,-,-,-,1:6 8:2 21:0 28:2,17,18,a,20,neuer Schlag,21,0B2EC4,1,,
rest_a_e_s3_l_a21,3,44,-,-,-,1:6 8:2 22:0 29:2,17,18,a,21,neuer Schlag,22,0B2EC4,1,,
rest_a_e_s3_l_a22,3,44,-,-,-,1:6 8:2 23:0 30:2,17,18,a,22,neuer Schlag,23,0B2EC4,1,,
rest_a_e_s3_l_a23,3,44,-,-,-,1:6 8:2 24:0 31:2,17,18,a,23,neuer Schlag,24,0B2EC4,1,,
rest_a_e_s3_l_a24,3,44,-,-,-,1:6 8:2 25:0 32:2,17,18,a,24,neuer Schlag,25,0B2EC4,1,,
rest_a_e_s3_l_a25,3,44,-,-,-,1:6 8:2 26:0 33:2,17,18,a,25,neuer Schlag,26,0B2EC4,1,,
rest_a_e_s3_l_a26,3,44,-,-,-,1:6 8:2 27:0 34:2,17,18,a,26,neuer Schlag,27,0B2EC4,1,,
rest_a_e_s3_l_a27,3,44,-,-,-,1:6 8:2 28:0 35:2,17,18,a,27,neuer Schlag,28,0B2EC4,1,,
rest_a_e_s3_l_a28,3,44,-,-,-,1:6 8:2 29:0 36:2,17,18,a,28,neuer Schlag,29,0B2EC4,1,,
rest_a_e_s3_l_a29,3,44,-,-,-,1:6 8:2 30:0 37:2,17,18,a,29,neuer Schlag,30,0B2EC4,1,,
rest_a_e_s3_l_a30,3,44,-,-,-,1:6 8:2 31:0 38:2,17,18,a,30,neuer Schlag,31,0B2EC4,1,,
rest_a_e_s3_l_a31,3,44,-,-,-,1:6 8:2 32:0 39:2,17,18,a,31,neuer Schlag,32,0B2EC4,1,,
rest_a_e_s3_l_a32,3,44,-,-,-,1:6 8:2 33:0 40:2,17,18,a,32,neuer Schlag,33,0B2EC4,1,,
rest_a_e_s3_l_a33,3,44,-,-,-,1:6 8:2 34:0 41:2,17,18,a,33,neuer Schlag,34,0B2EC4,1,,
rest_a_e_s3_l_a34,3,44,-,-,-,1:6 8:2 35:0 42:2,17,18,a,34,neuer Schlag,35,0B2EC4,1,,
rest_a_e_s3_l_a35,3,44,-,-,-,1:6 8:2 36:0 43:2,17,18,a,35,neuer Schlag,36,0B2EC4,1,,
rest_a_e_s3_l_a36,3,44,-,-,-,1:6 8:2 37:0 44:2,17,18,a,36,neuer Schlag,37,0B2EC4,1,,
rest_a_e_s3_l_hl,3,44,-,-,-,1:6 8:2,8,9,l,2,halten,,,,10,-
rest_a_e_s3_l_hr,3,44,-,-,-,1:6 8:2,8,9,r,2,halten,,,,10,-
rest_a_e_s3_l_hu,3,44,-,-,-,1:6 8:2 72:0 73:2,8,9,u,2,halten,,,,-,10
rest_a_e_s3_l_j2,3,44,-,-,-,1:6 8:2,17,18,j,2,verworfen,-,,,,
rest_a_e_s3_l_j3,3,44,-,-,-,1:6 8:2,17,18,j,3,verworfen,-,,,,
rest_a_e_s3_l_j4,3,44,-,-,-,1:6 8:2,17,18,j,4,verworfen,-,,,,
rest_a_e_s3_l_j5,3,44,-,-,-,1:6 8:2,17,18,j,5,verworfen,-,,,,
rest_a_e_s3_l_j6,3,44,-,-,-,1:6 8:2,17,18,j,6,verworfen,-,,,,
rest_a_e_s3_l_j7,3,44,-,-,-,1:6 8:2,17,18,j,7,verworfen,-,,,,
rest_a_e_s3_l_j8,3,44,-,-,-,1:6 8:2 9:0 50:2 56:0,8,56,j,8,Sprung,9,,,,
rest_a_e_s3_l_j9,3,44,-,-,-,1:6 8:2 10:0 51:2 57:0,9,57,j,9,Sprung,10,,,,
rest_a_e_s3_l_j10,3,44,-,-,-,1:6 8:2 11:0 52:2 58:0,10,58,j,10,Sprung,11,,,,
rest_a_e_s3_l_j11,3,44,-,-,-,1:6 8:2 12:0 53:2 59:0,11,59,j,11,Sprung,12,,,,
rest_a_e_s3_l_j12,3,44,-,-,-,1:6 8:2 13:0 54:2 60:0,12,60,j,12,Sprung,13,,,,
rest_a_e_s3_l_j13,3,44,-,-,-,1:6 8:2 14:0 55:2 61:0,13,61,j,13,Sprung,14,,,,
rest_a_e_s3_l_j14,3,44,-,-,-,1:6 8:2 15:0 56:2 62:0,14,62,j,14,Sprung,15,,,,
rest_a_e_s3_l_j15,3,44,-,-,-,1:6 8:2 16:0 57:2 63:0,15,63,j,15,Sprung,16,,,,
rest_a_e_s3_l_j16,3,44,-,-,-,1:6 8:2 17:0 58:2 64:0,16,64,j,16,Sprung,17,,,,
rest_a_e_s3_l_j17,3,44,-,-,-,1:6 8:2 18:0 59:2 65:0,17,65,j,17,Sprung,18,,,,
rest_a_e_s3_l_j18,3,44,-,-,-,1:6 8:2 19:0 60:2 66:0,17,18,j,18,Sprung,19,,,,
rest_a_e_s3_l_j19,3,44,-,-,-,1:6 8:2 20:0 61:2 67:0,17,18,j,19,Sprung,20,,,,
rest_a_e_s3_l_j20,3,44,-,-,-,1:6 8:2 21:0 62:2 68:0,17,18,j,20,Sprung,21,,,,
rest_a_e_s3_l_j21,3,44,-,-,-,1:6 8:2 22:0 63:2 69:0,17,18,j,21,Sprung,22,,,,
rest_a_e_s3_l_j22,3,44,-,-,-,1:6 8:2 23:0 64:2 70:0,17,18,j,22,Sprung,23,,,,
rest_a_e_s3_l_j23,3,44,-,-,-,1:6 8:2 24:0 65:2 71:0,17,18,j,23,Sprung,24,,,,
rest_a_e_s3_l_j24,3,44,-,-,-,1:6 8:2 25:0 66:2 72:0,17,18,j,24,Sprung,25,,,,
rest_a_e_s3_l_j25,3,44,-,-,-,1:6 8:2 26:0 67:2 73:0,17,18,j,25,Sprung,26,,,,
rest_a_e_s3_l_j26,3,44,-,-,-,1:6 8:2 27:0 68:2 74:0,17,18,j,26,Sprung,27,,,,
rest_a_e_s3_l_j27,3,44,-,-,-,1:6 8:2 28:0 69:2 75:0,17,18,j,27,Sprung,28,,,,
rest_a_e_s3_l_j28,3,44,-,-,-,1:6 8:2 29:0 70:2 76:0,17,18,j,28,Sprung,29,,,,
rest_a_e_s3_l_j29,3,44,-,-,-,1:6 8:2 30:0 71:2 77:0,17,18,j,29,Sprung,30,,,,
rest_a_e_s3_l_j30,3,44,-,-,-,1:6 8:2 31:0 72:2 78:0,17,18,j,30,Sprung,31,,,,
rest_a_e_s3_l_j31,3,44,-,-,-,1:6 8:2 32:0 73:2 79:0,17,18,j,31,Sprung,32,,,,
rest_a_e_s3_l_j32,3,44,-,-,-,1:6 8:2 33:0 74:2 80:0,17,18,j,32,Sprung,33,,,,
rest_a_e_s3_l_j33,3,44,-,-,-,1:6 8:2 34:0 75:2,17,18,j,33,Sprung,34,,,,
rest_a_e_s3_l_j34,3,44,-,-,-,1:6 8:2 35:0 76:2,17,18,j,34,Sprung,35,,,,
rest_a_e_s3_l_j35,3,44,-,-,-,1:6 8:2 36:0 77:2,17,18,j,35,Sprung,36,,,,
rest_a_e_s3_l_j36,3,44,-,-,-,1:6 8:2 37:0 78:2,17,18,j,36,Sprung,37,,,,
rest_a_e_s3_l_o,3,44,-,-,-,1:6 8:2,17,18,-,,,,,,,
rest_a_e_s3_t_a2,3,44,4,5,-,1:6 15:4 67:0 68:2,30,31,-,,,,,,,
rest_a_e_s3_t_a3,3,44,4,5,-,1:6 15:4 67:0 68:2,30,31,a,3,verworfen,-,0B3666,,,
rest_a_e_s3_t_a4,3,44,4,5,-,1:6 15:4 67:0 68:2,30,31,a,4,verworfen,-,0B3666,,,
rest_a_e_s3_t_a5,3,44,4,5,-,1:6 15:4 67:0 68:2,30,31,a,5,verworfen,-,0B3666,,,
rest_a_e_s3_t_a6,3,44,4,5,-,1:6 15:4 67:0 68:2,30,31,a,6,verworfen,-,0B3666,,,
rest_a_e_s3_t_a7,3,44,4,5,-,1:6 15:4 67:0 68:2,30,31,a,7,verworfen,-,0B3666,,,
rest_a_e_s3_t_a8,3,44,4,5,-,1:6 15:4 67:0 68:2,30,31,a,8,verworfen,-,0B3666,,,
rest_a_e_s3_t_a9,3,44,4,5,-,1:6 15:4 67:0 68:2,30,31,a,9,verworfen,-,0B3666,,,
rest_a_e_s3_t_a10,3,44,4,5,-,1:6 15:4 67:0 68:2,30,31,a,10,verworfen,-,0B3666,,,
rest_a_e_s3_t_a11,3,44,4,5,-,1:6 15:4 67:0 68:2,30,31,a,11,verworfen,-,0B3666,,,
rest_a_e_s3_t_a12,3,44,4,5,-,1:6 15:4 67:0 68:2,30,31,a,12,verworfen,-,0B3666,,,
rest_a_e_s3_t_a13,3,44,4,5,-,1:6 15:4 67:0 68:2,30,31,a,13,verworfen,-,0B3666,,,
rest_a_e_s3_t_a14,3,44,4,5,-,1:6 15:4 67:0 68:2,30,31,a,14,verworfen,-,0B3696,,,
rest_a_e_s3_t_a15,3,44,4,5,18,1:6 15:4 16:6 48:0,47,48,a,15,neuer Schlag,16,0B3EE8,4,,
rest_a_e_s3_t_a16,3,44,4,5,19,1:6 15:4 17:6 49:0,48,49,a,16,neuer Schlag,17,0B3EE8,4,,
rest_a_e_s3_t_a17,3,44,4,5,20,1:6 15:4 18:6 50:0,49,50,a,17,neuer Schlag,18,0B3EE8,4,,
rest_a_e_s3_t_a18,3,44,4,5,21,1:6 15:4 19:6 51:0,50,51,a,18,neuer Schlag,19,0B3EE8,4,,
rest_a_e_s3_t_a19,3,44,4,5,22,1:6 15:4 20:6 52:0,51,52,a,19,neuer Schlag,20,0B3EE8,4,,
rest_a_e_s3_t_a20,3,44,4,5,23,1:6 15:4 21:6 53:0,52,53,a,20,neuer Schlag,21,0B3EE8,4,,
rest_a_e_s3_t_a21,3,44,4,5,24,1:6 15:4 22:6 54:0,53,54,a,21,neuer Schlag,22,0B3EE8,4,,
rest_a_e_s3_t_a22,3,44,4,5,25,1:6 15:4 23:6 55:0,54,55,a,22,neuer Schlag,23,0B3EE8,4,,
rest_a_e_s3_t_a23,3,44,4,5,26,1:6 15:4 24:6 56:0,55,56,a,23,neuer Schlag,24,0B3EE8,4,,
rest_a_e_s3_t_a24,3,44,4,5,27,1:6 15:4 25:6 57:0,56,57,a,24,neuer Schlag,25,0B3EE8,4,,
rest_a_e_s3_t_a25,3,44,4,5,28,1:6 15:4 26:6 58:0,57,58,a,25,neuer Schlag,26,0B3EE8,4,,
rest_a_e_s3_t_a26,3,44,4,5,29,1:6 15:4 27:6 59:0,58,59,a,26,neuer Schlag,27,0B3EE8,4,,
rest_a_e_s3_t_a27,3,44,4,5,30,1:6 15:4 28:6 60:0,59,60,a,27,neuer Schlag,28,0B3EE8,4,,
rest_a_e_s3_t_a28,3,44,4,5,31,1:6 15:4 29:6 61:0,60,61,a,28,neuer Schlag,29,0B3EE8,4,,
rest_a_e_s3_t_a29,3,44,4,5,32,1:6 15:4 30:6 62:0,61,62,a,29,neuer Schlag,30,0B3EE8,4,,
rest_a_e_s3_t_a30,3,44,4,5,33,1:6 15:4 31:6 63:0,62,63,a,30,neuer Schlag,31,0B3EE8,4,,
rest_a_e_s3_t_a31,3,44,4,5,33,1:6 15:4 32:0 46:4,30,31,a,31,neuer Schlag,32,0B2EC4,1,,
rest_a_e_s3_t_a32,3,44,4,5,34,1:6 15:4 33:0 47:4,30,31,a,32,neuer Schlag,33,0B2EC4,1,,
rest_a_e_s3_t_a33,3,44,4,5,35,1:6 15:4 34:0 48:4,30,31,a,33,neuer Schlag,34,0B2EC4,1,,
rest_a_e_s3_t_a34,3,44,4,5,36,1:6 15:4 35:0 49:4,30,31,a,34,neuer Schlag,35,0B2EC4,1,,
rest_a_e_s3_t_a35,3,44,4,5,37,1:6 15:4 36:0 50:4,30,31,a,35,neuer Schlag,36,0B2EC4,1,,
rest_a_e_s3_t_a36,3,44,4,5,38,1:6 15:4 37:0 51:4,30,31,a,36,neuer Schlag,37,0B2EC4,1,,
rest_a_e_s3_t_hl,3,44,4,5,-,1:6 15:4,15,16,l,2,halten,,,,17,-
rest_a_e_s3_t_hu,3,44,4,5,-,1:6 15:4 71:0 72:2,30,31,u,2,halten,,,,-,32
rest_a_e_s3_t_j2,3,44,4,5,-,1:6 15:4 67:0 68:2,30,31,j,2,verworfen,-,,,,
rest_a_e_s3_t_j3,3,44,4,5,-,1:6 15:4 67:0 68:2,30,31,j,3,verworfen,-,,,,
rest_a_e_s3_t_j4,3,44,4,5,-,1:6 15:4 67:0 68:2,30,31,j,4,verworfen,-,,,,
rest_a_e_s3_t_j5,3,44,4,5,-,1:6 15:4 67:0 68:2,30,31,j,5,verworfen,-,,,,
rest_a_e_s3_t_j6,3,44,4,5,-,1:6 15:4 67:0 68:2,30,31,j,6,verworfen,-,,,,
rest_a_e_s3_t_j7,3,44,4,5,-,1:6 15:4 67:0 68:2,30,31,j,7,verworfen,-,,,,
rest_a_e_s3_t_j8,3,44,4,5,-,1:6 15:4 67:0 68:2,30,31,j,8,verworfen,-,,,,
rest_a_e_s3_t_j9,3,44,4,5,-,1:6 15:4 67:0 68:2,30,31,j,9,verworfen,-,,,,
rest_a_e_s3_t_j10,3,44,4,5,-,1:6 15:4 67:0 68:2,30,31,j,10,verworfen,-,,,,
rest_a_e_s3_t_j11,3,44,4,5,-,1:6 15:4 67:0 68:2,30,31,j,11,verworfen,-,,,,
rest_a_e_s3_t_j12,3,44,4,5,-,1:6 15:4 67:0 68:2,30,31,j,12,verworfen,-,,,,
rest_a_e_s3_t_j13,3,44,4,5,-,1:6 15:4 67:0 68:2,30,31,j,13,verworfen,-,,,,
rest_a_e_s3_t_j14,3,44,4,5,-,1:6 15:4 67:0 68:2,30,31,j,14,verworfen,-,,,,
rest_a_e_s3_t_j15,3,44,4,5,-,1:6 15:4 16:0 57:2 63:0 68:2,15,63,j,15,Sprung,16,,,,
rest_a_e_s3_t_j16,3,44,4,5,-,1:6 15:4 17:0 58:2 64:0 68:2,16,64,j,16,Sprung,17,,,,
rest_a_e_s3_t_j17,3,44,4,5,-,1:6 15:4 18:0 59:2 65:0 68:2,17,65,j,17,Sprung,18,,,,
rest_a_e_s3_t_j18,3,44,4,5,-,1:6 15:4 19:0 60:2 66:0 68:2,18,66,j,18,Sprung,19,,,,
rest_a_e_s3_t_j19,3,44,4,5,-,1:6 15:4 20:0 61:2 67:0 68:2,19,67,j,19,Sprung,20,,,,
rest_a_e_s3_t_j20,3,44,4,5,-,1:6 15:4 21:0 62:2 67:0 68:2,20,67,j,20,Sprung,21,,,,
rest_a_e_s3_t_j21,3,44,4,5,-,1:6 15:4 22:0 63:2 67:0 68:2,21,67,j,21,Sprung,22,,,,
rest_a_e_s3_t_j22,3,44,4,5,-,1:6 15:4 23:0 64:2 67:0 68:2,22,67,j,22,Sprung,23,,,,
rest_a_e_s3_t_j23,3,44,4,5,-,1:6 15:4 24:0 65:2 67:0 68:2,23,67,j,23,Sprung,24,,,,
rest_a_e_s3_t_j24,3,44,4,5,-,1:6 15:4 25:0 66:2 67:0 68:2,24,67,j,24,Sprung,25,,,,
rest_a_e_s3_t_j25,3,44,4,5,-,1:6 15:4 26:0 68:2,25,67,j,25,Sprung,26,,,,
rest_a_e_s3_t_j26,3,44,4,5,-,1:6 15:4 27:0 68:2,26,-,j,26,Sprung,27,,,,
rest_a_e_s3_t_j27,3,44,4,5,-,1:6 15:4 28:0 68:2,27,-,j,27,Sprung,28,,,,
rest_a_e_s3_t_j28,3,44,4,5,-,1:6 15:4 29:0 68:2,28,-,j,28,Sprung,29,,,,
rest_a_e_s3_t_j29,3,44,4,5,-,1:6 15:4 30:0 68:2,29,-,j,29,Sprung,30,,,,
rest_a_e_s3_t_j30,3,44,4,5,-,1:6 15:4 31:0 68:2,30,-,j,30,Sprung,31,,,,
rest_a_e_s3_t_j31,3,44,4,5,-,1:6 15:4 32:0 68:2,30,31,j,31,Sprung,32,,,,
rest_a_e_s3_t_j32,3,44,4,5,-,1:6 15:4 33:0 68:2,30,31,j,32,Sprung,33,,,,
rest_a_e_s3_t_j33,3,44,4,5,-,1:6 15:4 34:0 68:2,30,31,j,33,Sprung,34,,,,
rest_a_e_s3_t_j34,3,44,4,5,-,1:6 15:4 35:0 68:2,30,31,j,34,Sprung,35,,,,
rest_a_e_s3_t_j35,3,44,4,5,-,1:6 15:4 36:0 68:2,30,31,j,35,Sprung,36,,,,
rest_a_e_s3_t_j36,3,44,4,5,-,1:6 15:4 37:0 68:2,30,31,j,36,Sprung,37,,,,
rest_a_e_s3_t_o,3,44,4,5,-,1:6 15:4 67:0 68:2,30,31,-,,,,,,,
rest_a_e_s4_l_a2,4,66,-,-,-,1:6 26:0,25,26,-,,,,,,,
rest_a_e_s4_l_a3,4,66,-,-,-,1:6 26:0,25,26,a,3,verworfen,-,0B3F3E,,,
rest_a_e_s4_l_a4,4,66,-,-,-,1:6 26:0,25,26,a,4,verworfen,-,0B3F3E,,,
rest_a_e_s4_l_a5,4,66,-,-,-,1:6 26:0,25,26,a,5,verworfen,-,0B3F3E,,,
rest_a_e_s4_l_a6,4,66,-,-,-,1:6 26:0,25,26,a,6,verworfen,-,0B3F6A,,,
rest_a_e_s4_l_a7,4,66,-,-,-,1:6 26:0,25,26,a,7,verworfen,-,0B3F6A,,,
rest_a_e_s4_l_a8,4,66,-,-,-,1:6 26:0,25,26,a,8,verworfen,-,0B3F96,,,
rest_a_e_s4_l_a9,4,66,-,-,-,1:6 26:0,25,26,a,9,verworfen,-,0B3F96,,,
rest_a_e_s4_l_a10,4,66,-,-,-,1:6 26:0,25,26,a,10,verworfen,-,0B3FBC,,,
rest_a_e_s4_l_a11,4,66,-,-,-,1:6 26:0,25,26,a,11,verworfen,-,0B3FBC,,,
rest_a_e_s4_l_a12,4,66,-,-,-,1:6 26:0,25,26,a,12,verworfen,-,0B3FE2,,,
rest_a_e_s4_l_a13,4,66,-,-,-,1:6 26:0,25,26,a,13,verworfen,-,0B3FE2,,,
rest_a_e_s4_l_a14,4,66,-,-,-,1:6 26:0,25,26,a,14,verworfen,-,0B400C,,,
rest_a_e_s4_l_a15,4,66,-,-,-,1:6 26:0,25,26,a,15,verworfen,-,0B400C,,,
rest_a_e_s4_l_a16,4,66,-,-,-,1:6 26:0,25,26,a,16,verworfen,-,0B4038,,,
rest_a_e_s4_l_a17,4,66,-,-,-,1:6 26:0,25,26,a,17,verworfen,-,0B4038,,,
rest_a_e_s4_l_a18,4,66,-,-,-,1:6 26:0,25,26,a,18,verworfen,-,0B4038,,,
rest_a_e_s4_l_a19,4,66,-,-,-,1:6 26:0,25,26,a,19,verworfen,-,0B4038,,,
rest_a_e_s4_l_a20,4,66,-,-,-,1:6 26:0,25,26,a,20,verworfen,-,0B4066,,,
rest_a_e_s4_l_a21,4,66,-,-,-,1:6 26:0,25,26,a,21,verworfen,-,0B4066,,,
rest_a_e_s4_l_a22,4,66,-,-,-,1:6 26:0,25,26,a,22,verworfen,-,0B4094,,,
rest_a_e_s4_l_a23,4,66,-,-,-,1:6 26:0,25,26,a,23,verworfen,-,0B4094,,,
rest_a_e_s4_l_a24,4,66,-,-,-,1:6 26:0,25,26,a,24,verworfen,-,0B40C0,,,
rest_a_e_s4_l_a25,4,66,-,-,-,1:6 26:0,25,26,a,25,verworfen,-,0AFF30,,,
rest_a_e_s4_l_a26,4,66,-,-,-,1:6 26:0 34:2,25,26,a,26,neuer Schlag,27,0B2EC4,1,,
rest_a_e_s4_l_a27,4,66,-,-,-,1:6 26:0 35:2,25,26,a,27,neuer Schlag,28,0B2EC4,1,,
rest_a_e_s4_l_a28,4,66,-,-,-,1:6 26:0 36:2,25,26,a,28,neuer Schlag,29,0B2EC4,1,,
rest_a_e_s4_l_a29,4,66,-,-,-,1:6 26:0 37:2,25,26,a,29,neuer Schlag,30,0B2EC4,1,,
rest_a_e_s4_l_a30,4,66,-,-,-,1:6 26:0 38:2,25,26,a,30,neuer Schlag,31,0B2EC4,1,,
rest_a_e_s4_l_a31,4,66,-,-,-,1:6 26:0 39:2,25,26,a,31,neuer Schlag,32,0B2EC4,1,,
rest_a_e_s4_l_a32,4,66,-,-,-,1:6 26:0 40:2,25,26,a,32,neuer Schlag,33,0B2EC4,1,,
rest_a_e_s4_l_a33,4,66,-,-,-,1:6 26:0 41:2,25,26,a,33,neuer Schlag,34,0B2EC4,1,,
rest_a_e_s4_l_a34,4,66,-,-,-,1:6 26:0 42:2,25,26,a,34,neuer Schlag,35,0B2EC4,1,,
rest_a_e_s4_l_a35,4,66,-,-,-,1:6 26:0 43:2,25,26,a,35,neuer Schlag,36,0B2EC4,1,,
rest_a_e_s4_l_a36,4,66,-,-,-,1:6 26:0 44:2,25,26,a,36,neuer Schlag,37,0B2EC4,1,,
rest_a_e_s4_l_hl,4,66,-,-,-,1:6 26:0,25,26,l,2,halten,,,,27,-
rest_a_e_s4_l_hr,4,66,-,-,-,1:6 26:0,25,26,r,2,halten,,,,27,-
rest_a_e_s4_l_hu,4,66,-,-,-,1:6 26:0 35:2,25,26,u,2,halten,,,,-,27
rest_a_e_s4_l_j2,4,66,-,-,-,1:6 26:0,25,26,j,2,verworfen,-,,,,
rest_a_e_s4_l_j3,4,66,-,-,-,1:6 26:0,25,26,j,3,verworfen,-,,,,
rest_a_e_s4_l_j4,4,66,-,-,-,1:6 26:0,25,26,j,4,verworfen,-,,,,
rest_a_e_s4_l_j5,4,66,-,-,-,1:6 26:0,25,26,j,5,verworfen,-,,,,
rest_a_e_s4_l_j6,4,66,-,-,-,1:6 26:0,25,26,j,6,verworfen,-,,,,
rest_a_e_s4_l_j7,4,66,-,-,-,1:6 26:0,25,26,j,7,verworfen,-,,,,
rest_a_e_s4_l_j8,4,66,-,-,-,1:6 26:0,25,26,j,8,verworfen,-,,,,
rest_a_e_s4_l_j9,4,66,-,-,-,1:6 26:0,25,26,j,9,verworfen,-,,,,
rest_a_e_s4_l_j10,4,66,-,-,-,1:6 26:0,25,26,j,10,verworfen,-,,,,
rest_a_e_s4_l_j11,4,66,-,-,-,1:6 26:0,25,26,j,11,verworfen,-,,,,
rest_a_e_s4_l_j12,4,66,-,-,-,1:6 26:0,25,26,j,12,verworfen,-,,,,
rest_a_e_s4_l_j13,4,66,-,-,-,1:6 26:0,25,26,j,13,verworfen,-,,,,
rest_a_e_s4_l_j14,4,66,-,-,-,1:6 26:0,25,26,j,14,verworfen,-,,,,
rest_a_e_s4_l_j15,4,66,-,-,-,1:6 26:0,25,26,j,15,verworfen,-,,,,
rest_a_e_s4_l_j16,4,66,-,-,-,1:6 26:0,25,26,j,16,verworfen,-,,,,
rest_a_e_s4_l_j17,4,66,-,-,-,1:6 26:0,25,26,j,17,verworfen,-,,,,
rest_a_e_s4_l_j18,4,66,-,-,-,1:6 26:0,25,26,j,18,verworfen,-,,,,
rest_a_e_s4_l_j19,4,66,-,-,-,1:6 26:0,25,26,j,19,verworfen,-,,,,
rest_a_e_s4_l_j20,4,66,-,-,-,1:6 26:0,25,26,j,20,verworfen,-,,,,
rest_a_e_s4_l_j21,4,66,-,-,-,1:6 26:0,25,26,j,21,verworfen,-,,,,
rest_a_e_s4_l_j22,4,66,-,-,-,1:6 26:0,25,26,j,22,verworfen,-,,,,
rest_a_e_s4_l_j23,4,66,-,-,-,1:6 26:0,25,26,j,23,verworfen,-,,,,
rest_a_e_s4_l_j24,4,66,-,-,-,1:6 26:0,25,26,j,24,verworfen,-,,,,
rest_a_e_s4_l_j25,4,66,-,-,-,1:6 26:0,25,26,j,25,verworfen,-,,,,
rest_a_e_s4_l_j26,4,66,-,-,-,1:6 26:0 68:2 74:0,25,26,j,26,Sprung,27,,,,
rest_a_e_s4_l_j27,4,66,-,-,-,1:6 26:0 69:2 75:0,25,26,j,27,Sprung,28,,,,
rest_a_e_s4_l_j28,4,66,-,-,-,1:6 26:0 70:2 76:0,25,26,j,28,Sprung,29,,,,
rest_a_e_s4_l_j29,4,66,-,-,-,1:6 26:0 71:2 77:0,25,26,j,29,Sprung,30,,,,
rest_a_e_s4_l_j30,4,66,-,-,-,1:6 26:0 72:2 78:0,25,26,j,30,Sprung,31,,,,
rest_a_e_s4_l_j31,4,66,-,-,-,1:6 26:0 73:2 79:0,25,26,j,31,Sprung,32,,,,
rest_a_e_s4_l_j32,4,66,-,-,-,1:6 26:0 74:2 80:0,25,26,j,32,Sprung,33,,,,
rest_a_e_s4_l_j33,4,66,-,-,-,1:6 26:0 75:2,25,26,j,33,Sprung,34,,,,
rest_a_e_s4_l_j34,4,66,-,-,-,1:6 26:0 76:2,25,26,j,34,Sprung,35,,,,
rest_a_e_s4_l_j35,4,66,-,-,-,1:6 26:0 77:2,25,26,j,35,Sprung,36,,,,
rest_a_e_s4_l_j36,4,66,-,-,-,1:6 26:0 78:2,25,26,j,36,Sprung,37,,,,
rest_a_e_s4_l_o,4,66,-,-,-,1:6 26:0,25,26,-,,,,,,,
rest_a_e_s4_t_a2,4,66,3,10,-,1:6 33:0,32,33,-,,,,,,,
rest_a_e_s4_t_a3,4,66,3,10,-,1:6 33:0,32,33,a,3,verworfen,-,0B3F3E,,,
rest_a_e_s4_t_a4,4,66,3,10,-,1:6 33:0,32,33,a,4,verworfen,-,0B3F3E,,,
rest_a_e_s4_t_a5,4,66,3,10,-,1:6 33:0,32,33,a,5,verworfen,-,0B3F3E,,,
rest_a_e_s4_t_a6,4,66,3,10,-,1:6 33:0,32,33,a,6,verworfen,-,0B3F3E,,,
rest_a_e_s4_t_a7,4,66,3,10,-,1:6 33:0,32,33,a,7,verworfen,-,0B3F3E,,,
rest_a_e_s4_t_a8,4,66,3,10,-,1:6 33:0,32,33,a,8,verworfen,-,0B3F3E,,,
rest_a_e_s4_t_a9,4,66,3,10,-,1:6 33:0,32,33,a,9,verworfen,-,0B3F3E,,,
rest_a_e_s4_t_a10,4,66,3,10,-,1:6 33:0,32,33,a,10,verworfen,-,0B3F3E,,,
rest_a_e_s4_t_a11,4,66,3,10,-,1:6 33:0,32,33,a,11,verworfen,-,0B3F3E,,,
rest_a_e_s4_t_a12,4,66,3,10,-,1:6 33:0,32,33,a,12,verworfen,-,0B3F3E,,,
rest_a_e_s4_t_a13,4,66,3,10,-,1:6 33:0,32,33,a,13,verworfen,-,0B3F6A,,,
rest_a_e_s4_t_a14,4,66,3,10,-,1:6 33:0,32,33,a,14,verworfen,-,0B3F6A,,,
rest_a_e_s4_t_a15,4,66,3,10,-,1:6 33:0,32,33,a,15,verworfen,-,0B3F96,,,
rest_a_e_s4_t_a16,4,66,3,10,-,1:6 33:0,32,33,a,16,verworfen,-,0B3F96,,,
rest_a_e_s4_t_a17,4,66,3,10,-,1:6 33:0,32,33,a,17,verworfen,-,0B3FBC,,,
rest_a_e_s4_t_a18,4,66,3,10,-,1:6 33:0,32,33,a,18,verworfen,-,0B3FBC,,,
rest_a_e_s4_t_a19,4,66,3,10,-,1:6 33:0,32,33,a,19,verworfen,-,0B3FE2,,,
rest_a_e_s4_t_a20,4,66,3,10,-,1:6 33:0,32,33,a,20,verworfen,-,0B3FE2,,,
rest_a_e_s4_t_a21,4,66,3,10,-,1:6 33:0,32,33,a,21,verworfen,-,0B400C,,,
rest_a_e_s4_t_a22,4,66,3,10,-,1:6 33:0,32,33,a,22,verworfen,-,0B400C,,,
rest_a_e_s4_t_a23,4,66,3,10,-,1:6 33:0,32,33,a,23,verworfen,-,0B4038,,,
rest_a_e_s4_t_a24,4,66,3,10,-,1:6 33:0,32,33,a,24,verworfen,-,0B4038,,,
rest_a_e_s4_t_a25,4,66,3,10,-,1:6 33:0,32,33,a,25,verworfen,-,0B4038,,,
rest_a_e_s4_t_a26,4,66,3,10,-,1:6 33:0,32,33,a,26,verworfen,-,0B4038,,,
rest_a_e_s4_t_a27,4,66,3,10,-,1:6 33:0,32,33,a,27,verworfen,-,0B4066,,,
rest_a_e_s4_t_a28,4,66,3,10,-,1:6 33:0,32,33,a,28,verworfen,-,0B4066,,,
rest_a_e_s4_t_a29,4,66,3,10,-,1:6 33:0,32,33,a,29,verworfen,-,0B4094,,,
rest_a_e_s4_t_a30,4,66,3,10,-,1:6 33:0,32,33,a,30,verworfen,-,0B4094,,,
rest_a_e_s4_t_a31,4,66,3,10,-,1:6 33:0,32,33,a,31,verworfen,-,0B40C0,,,
rest_a_e_s4_t_a32,4,66,3,10,-,1:6 33:0,32,33,a,32,verworfen,-,0AFF30,,,
rest_a_e_s4_t_a33,4,66,3,10,-,1:6 33:0 41:2,32,33,a,33,neuer Schlag,34,0B2EC4,1,,
rest_a_e_s4_t_a34,4,66,3,10,-,1:6 33:0 42:2,32,33,a,34,neuer Schlag,35,0B2EC4,1,,
rest_a_e_s4_t_a35,4,66,3,10,-,1:6 33:0 43:2,32,33,a,35,neuer Schlag,36,0B2EC4,1,,
rest_a_e_s4_t_a36,4,66,3,10,-,1:6 33:0 44:2,32,33,a,36,neuer Schlag,37,0B2EC4,1,,
rest_a_e_s4_t_hl,4,66,3,10,-,1:6 33:0,32,33,l,2,halten,,,,34,-
rest_a_e_s4_t_hu,4,66,3,10,-,1:6 33:0 42:2,32,33,u,2,halten,,,,-,34
rest_a_e_s4_t_j2,4,66,3,10,-,1:6 33:0,32,33,j,2,verworfen,-,,,,
rest_a_e_s4_t_j3,4,66,3,10,-,1:6 33:0,32,33,j,3,verworfen,-,,,,
rest_a_e_s4_t_j4,4,66,3,10,-,1:6 33:0,32,33,j,4,verworfen,-,,,,
rest_a_e_s4_t_j5,4,66,3,10,-,1:6 33:0,32,33,j,5,verworfen,-,,,,
rest_a_e_s4_t_j6,4,66,3,10,-,1:6 33:0,32,33,j,6,verworfen,-,,,,
rest_a_e_s4_t_j7,4,66,3,10,-,1:6 33:0,32,33,j,7,verworfen,-,,,,
rest_a_e_s4_t_j8,4,66,3,10,-,1:6 33:0,32,33,j,8,verworfen,-,,,,
rest_a_e_s4_t_j9,4,66,3,10,-,1:6 33:0,32,33,j,9,verworfen,-,,,,
rest_a_e_s4_t_j10,4,66,3,10,-,1:6 33:0,32,33,j,10,verworfen,-,,,,
rest_a_e_s4_t_j11,4,66,3,10,-,1:6 33:0,32,33,j,11,verworfen,-,,,,
rest_a_e_s4_t_j12,4,66,3,10,-,1:6 33:0,32,33,j,12,verworfen,-,,,,
rest_a_e_s4_t_j13,4,66,3,10,-,1:6 33:0,32,33,j,13,verworfen,-,,,,
rest_a_e_s4_t_j14,4,66,3,10,-,1:6 33:0,32,33,j,14,verworfen,-,,,,
rest_a_e_s4_t_j15,4,66,3,10,-,1:6 33:0,32,33,j,15,verworfen,-,,,,
rest_a_e_s4_t_j16,4,66,3,10,-,1:6 33:0,32,33,j,16,verworfen,-,,,,
rest_a_e_s4_t_j17,4,66,3,10,-,1:6 33:0,32,33,j,17,verworfen,-,,,,
rest_a_e_s4_t_j18,4,66,3,10,-,1:6 33:0,32,33,j,18,verworfen,-,,,,
rest_a_e_s4_t_j19,4,66,3,10,-,1:6 33:0,32,33,j,19,verworfen,-,,,,
rest_a_e_s4_t_j20,4,66,3,10,-,1:6 33:0,32,33,j,20,verworfen,-,,,,
rest_a_e_s4_t_j21,4,66,3,10,-,1:6 33:0,32,33,j,21,verworfen,-,,,,
rest_a_e_s4_t_j22,4,66,3,10,-,1:6 33:0,32,33,j,22,verworfen,-,,,,
rest_a_e_s4_t_j23,4,66,3,10,-,1:6 33:0,32,33,j,23,verworfen,-,,,,
rest_a_e_s4_t_j24,4,66,3,10,-,1:6 33:0,32,33,j,24,verworfen,-,,,,
rest_a_e_s4_t_j25,4,66,3,10,-,1:6 33:0,32,33,j,25,verworfen,-,,,,
rest_a_e_s4_t_j26,4,66,3,10,-,1:6 33:0,32,33,j,26,verworfen,-,,,,
rest_a_e_s4_t_j27,4,66,3,10,-,1:6 33:0,32,33,j,27,verworfen,-,,,,
rest_a_e_s4_t_j28,4,66,3,10,-,1:6 33:0,32,33,j,28,verworfen,-,,,,
rest_a_e_s4_t_j29,4,66,3,10,-,1:6 33:0,32,33,j,29,verworfen,-,,,,
rest_a_e_s4_t_j30,4,66,3,10,-,1:6 33:0,32,33,j,30,verworfen,-,,,,
rest_a_e_s4_t_j31,4,66,3,10,-,1:6 33:0,32,33,j,31,verworfen,-,,,,
rest_a_e_s4_t_j32,4,66,3,10,-,1:6 33:0,32,33,j,32,verworfen,-,,,,
rest_a_e_s4_t_j33,4,66,3,10,-,1:6 33:0 75:2,32,33,j,33,Sprung,34,,,,
rest_a_e_s4_t_j34,4,66,3,10,-,1:6 33:0 76:2,32,33,j,34,Sprung,35,,,,
rest_a_e_s4_t_j35,4,66,3,10,-,1:6 33:0 77:2,32,33,j,35,Sprung,36,,,,
rest_a_e_s4_t_j36,4,66,3,10,-,1:6 33:0 78:2,32,33,j,36,Sprung,37,,,,
rest_a_e_s4_t_o,4,66,3,10,-,1:6 33:0,32,33,-,,,,,,,
rest_a_e_s4_z_a2,4,66,17,10,-,1:6 33:0,32,33,-,,,,,,,
rest_a_e_s4_z_a3,4,66,17,10,-,1:6 33:0,32,33,a,3,verworfen,-,0B3F3E,,,
rest_a_e_s4_z_a4,4,66,17,10,-,1:6 33:0,32,33,a,4,verworfen,-,0B3F3E,,,
rest_a_e_s4_z_a5,4,66,17,10,-,1:6 33:0,32,33,a,5,verworfen,-,0B3F3E,,,
rest_a_e_s4_z_a6,4,66,17,10,-,1:6 33:0,32,33,a,6,verworfen,-,0B3F6A,,,
rest_a_e_s4_z_a7,4,66,17,10,-,1:6 33:0,32,33,a,7,verworfen,-,0B3F6A,,,
rest_a_e_s4_z_a8,4,66,17,10,-,1:6 33:0,32,33,a,8,verworfen,-,0B3F96,,,
rest_a_e_s4_z_a9,4,66,17,10,-,1:6 33:0,32,33,a,9,verworfen,-,0B3F96,,,
rest_a_e_s4_z_a10,4,66,17,10,-,1:6 33:0,32,33,a,10,verworfen,-,0B3FBC,,,
rest_a_e_s4_z_a11,4,66,17,10,-,1:6 33:0,32,33,a,11,verworfen,-,0B3FBC,,,
rest_a_e_s4_z_a12,4,66,17,10,-,1:6 33:0,32,33,a,12,verworfen,-,0B3FE2,,,
rest_a_e_s4_z_a13,4,66,17,10,-,1:6 33:0,32,33,a,13,verworfen,-,0B3FE2,,,
rest_a_e_s4_z_a14,4,66,17,10,-,1:6 33:0,32,33,a,14,verworfen,-,0B400C,,,
rest_a_e_s4_z_a15,4,66,17,10,-,1:6 33:0,32,33,a,15,verworfen,-,0B400C,,,
rest_a_e_s4_z_a16,4,66,17,10,-,1:6 33:0,32,33,a,16,verworfen,-,0B4038,,,
rest_a_e_s4_z_a17,4,66,17,10,-,1:6 33:0,32,33,a,17,verworfen,-,0B4038,,,
rest_a_e_s4_z_a18,4,66,17,10,-,1:6 33:0,32,33,a,18,verworfen,-,0B4038,,,
rest_a_e_s4_z_a19,4,66,17,10,-,1:6 33:0,32,33,a,19,verworfen,-,0B4038,,,
rest_a_e_s4_z_a20,4,66,17,10,-,1:6 33:0,32,33,a,20,verworfen,-,0B4038,,,
rest_a_e_s4_z_a21,4,66,17,10,-,1:6 33:0,32,33,a,21,verworfen,-,0B4038,,,
rest_a_e_s4_z_a22,4,66,17,10,-,1:6 33:0,32,33,a,22,verworfen,-,0B4038,,,
rest_a_e_s4_z_a23,4,66,17,10,-,1:6 33:0,32,33,a,23,verworfen,-,0B4038,,,
rest_a_e_s4_z_a24,4,66,17,10,-,1:6 33:0,32,33,a,24,verworfen,-,0B4038,,,
rest_a_e_s4_z_a25,4,66,17,10,-,1:6 33:0,32,33,a,25,verworfen,-,0B4038,,,
rest_a_e_s4_z_a26,4,66,17,10,-,1:6 33:0,32,33,a,26,verworfen,-,0B4038,,,
rest_a_e_s4_z_a27,4,66,17,10,-,1:6 33:0,32,33,a,27,verworfen,-,0B4066,,,
rest_a_e_s4_z_a28,4,66,17,10,-,1:6 33:0,32,33,a,28,verworfen,-,0B4066,,,
rest_a_e_s4_z_a29,4,66,17,10,-,1:6 33:0,32,33,a,29,verworfen,-,0B4094,,,
rest_a_e_s4_z_a30,4,66,17,10,-,1:6 33:0,32,33,a,30,verworfen,-,0B4094,,,
rest_a_e_s4_z_a31,4,66,17,10,-,1:6 33:0,32,33,a,31,verworfen,-,0B40C0,,,
rest_a_e_s4_z_a32,4,66,17,10,-,1:6 33:0,32,33,a,32,verworfen,-,0AFF30,,,
rest_a_e_s4_z_a33,4,66,17,10,-,1:6 33:0 41:2,32,33,a,33,neuer Schlag,34,0B2EC4,1,,
rest_a_e_s4_z_a34,4,66,17,10,-,1:6 33:0 42:2,32,33,a,34,neuer Schlag,35,0B2EC4,1,,
rest_a_e_s4_z_a35,4,66,17,10,-,1:6 33:0 43:2,32,33,a,35,neuer Schlag,36,0B2EC4,1,,
rest_a_e_s4_z_a36,4,66,17,10,-,1:6 33:0 44:2,32,33,a,36,neuer Schlag,37,0B2EC4,1,,
rest_a_e_s4_z_a37,4,66,17,10,-,1:6 33:0 45:2,32,33,a,37,neuer Schlag,38,0B2EC4,1,,
rest_a_e_s4_z_a38,4,66,17,10,-,1:6 33:0 46:2,32,33,a,38,neuer Schlag,39,0B2EC4,1,,
rest_a_e_s4_z_a39,4,66,17,10,-,1:6 33:0 47:2,32,33,a,39,neuer Schlag,40,0B2EC4,1,,
rest_a_e_s4_z_a40,4,66,17,10,-,1:6 33:0 48:2,32,33,a,40,neuer Schlag,41,0B2EC4,1,,
rest_a_e_s4_z_a41,4,66,17,10,-,1:6 33:0 49:2,32,33,a,41,neuer Schlag,42,0B2EC4,1,,
rest_a_e_s4_z_a42,4,66,17,10,-,1:6 33:0 50:2,32,33,a,42,neuer Schlag,43,0B2EC4,1,,
rest_a_e_s4_z_a43,4,66,17,10,-,1:6 33:0 51:2,32,33,a,43,neuer Schlag,44,0B2EC4,1,,
rest_a_e_s4_z_a44,4,66,17,10,-,1:6 33:0 52:2,32,33,a,44,neuer Schlag,45,0B2EC4,1,,
rest_a_e_s4_z_a45,4,66,17,10,-,1:6 33:0 53:2,32,33,a,45,neuer Schlag,46,0B2EC4,1,,
rest_a_e_s4_z_a46,4,66,17,10,-,1:6 33:0 54:2,32,33,a,46,neuer Schlag,47,0B2EC4,1,,
rest_a_e_s4_z_hl,4,66,17,10,-,1:6 33:0,32,33,l,2,halten,,,,34,-
rest_a_e_s4_z_hu,4,66,17,10,-,1:6 33:0 42:2,32,33,u,2,halten,,,,-,34
rest_a_e_s4_z_j2,4,66,17,10,-,1:6 33:0,32,33,j,2,verworfen,-,,,,
rest_a_e_s4_z_j3,4,66,17,10,-,1:6 33:0,32,33,j,3,verworfen,-,,,,
rest_a_e_s4_z_j4,4,66,17,10,-,1:6 33:0,32,33,j,4,verworfen,-,,,,
rest_a_e_s4_z_j5,4,66,17,10,-,1:6 33:0,32,33,j,5,verworfen,-,,,,
rest_a_e_s4_z_j6,4,66,17,10,-,1:6 33:0,32,33,j,6,verworfen,-,,,,
rest_a_e_s4_z_j7,4,66,17,10,-,1:6 33:0,32,33,j,7,verworfen,-,,,,
rest_a_e_s4_z_j8,4,66,17,10,-,1:6 33:0,32,33,j,8,verworfen,-,,,,
rest_a_e_s4_z_j9,4,66,17,10,-,1:6 33:0,32,33,j,9,verworfen,-,,,,
rest_a_e_s4_z_j10,4,66,17,10,-,1:6 33:0,32,33,j,10,verworfen,-,,,,
rest_a_e_s4_z_j11,4,66,17,10,-,1:6 33:0,32,33,j,11,verworfen,-,,,,
rest_a_e_s4_z_j12,4,66,17,10,-,1:6 33:0,32,33,j,12,verworfen,-,,,,
rest_a_e_s4_z_j13,4,66,17,10,-,1:6 33:0,32,33,j,13,verworfen,-,,,,
rest_a_e_s4_z_j14,4,66,17,10,-,1:6 33:0,32,33,j,14,verworfen,-,,,,
rest_a_e_s4_z_j15,4,66,17,10,-,1:6 33:0,32,33,j,15,verworfen,-,,,,
rest_a_e_s4_z_j16,4,66,17,10,-,1:6 33:0,32,33,j,16,verworfen,-,,,,
rest_a_e_s4_z_j17,4,66,17,10,-,1:6 33:0,32,33,j,17,verworfen,-,,,,
rest_a_e_s4_z_j18,4,66,17,10,-,1:6 33:0,32,33,j,18,verworfen,-,,,,
rest_a_e_s4_z_j19,4,66,17,10,-,1:6 33:0,32,33,j,19,verworfen,-,,,,
rest_a_e_s4_z_j20,4,66,17,10,-,1:6 33:0,32,33,j,20,verworfen,-,,,,
rest_a_e_s4_z_j21,4,66,17,10,-,1:6 33:0,32,33,j,21,verworfen,-,,,,
rest_a_e_s4_z_j22,4,66,17,10,-,1:6 33:0,32,33,j,22,verworfen,-,,,,
rest_a_e_s4_z_j23,4,66,17,10,-,1:6 33:0,32,33,j,23,verworfen,-,,,,
rest_a_e_s4_z_j24,4,66,17,10,-,1:6 33:0,32,33,j,24,verworfen,-,,,,
rest_a_e_s4_z_j25,4,66,17,10,-,1:6 33:0,32,33,j,25,verworfen,-,,,,
rest_a_e_s4_z_j26,4,66,17,10,-,1:6 33:0,32,33,j,26,verworfen,-,,,,
rest_a_e_s4_z_j27,4,66,17,10,-,1:6 33:0,32,33,j,27,verworfen,-,,,,
rest_a_e_s4_z_j28,4,66,17,10,-,1:6 33:0,32,33,j,28,verworfen,-,,,,
rest_a_e_s4_z_j29,4,66,17,10,-,1:6 33:0,32,33,j,29,verworfen,-,,,,
rest_a_e_s4_z_j30,4,66,17,10,-,1:6 33:0,32,33,j,30,verworfen,-,,,,
rest_a_e_s4_z_j31,4,66,17,10,-,1:6 33:0,32,33,j,31,verworfen,-,,,,
rest_a_e_s4_z_j32,4,66,17,10,-,1:6 33:0,32,33,j,32,verworfen,-,,,,
rest_a_e_s4_z_j33,4,66,17,10,-,1:6 33:0 75:2,32,33,j,33,Sprung,34,,,,
rest_a_e_s4_z_j34,4,66,17,10,-,1:6 33:0 76:2,32,33,j,34,Sprung,35,,,,
rest_a_e_s4_z_j35,4,66,17,10,-,1:6 33:0 77:2,32,33,j,35,Sprung,36,,,,
rest_a_e_s4_z_j36,4,66,17,10,-,1:6 33:0 78:2,32,33,j,36,Sprung,37,,,,
rest_a_e_s4_z_j37,4,66,17,10,-,1:6 33:0 79:2,32,33,j,37,Sprung,38,,,,
rest_a_e_s4_z_j38,4,66,17,10,-,1:6 33:0 80:2,32,33,j,38,Sprung,39,,,,
rest_a_e_s4_z_j39,4,66,17,10,-,1:6 33:0,32,33,j,39,Sprung,40,,,,
rest_a_e_s4_z_j40,4,66,17,10,-,1:6 33:0,32,33,j,40,Sprung,41,,,,
rest_a_e_s4_z_j41,4,66,17,10,-,1:6 33:0,32,33,j,41,Sprung,42,,,,
rest_a_e_s4_z_j42,4,66,17,10,-,1:6 33:0,32,33,j,42,Sprung,43,,,,
rest_a_e_s4_z_j43,4,66,17,10,-,1:6 33:0,32,33,j,43,Sprung,44,,,,
rest_a_e_s4_z_j44,4,66,17,10,-,1:6 33:0,32,33,j,44,Sprung,45,,,,
rest_a_e_s4_z_j45,4,66,17,10,-,1:6 33:0,32,33,j,45,Sprung,46,,,,
rest_a_e_s4_z_j46,4,66,17,10,-,1:6 33:0,32,33,j,46,Sprung,47,,,,
rest_a_e_s4_z_o,4,66,17,10,-,1:6 33:0,32,33,-,,,,,,,
rest_a_w_s1_l_a2,1,3,-,-,-,1:0 8:2,16,17,-,,,,,,,
rest_a_w_s1_l_a3,1,3,-,-,-,1:0 8:2,16,17,a,3,verworfen,-,0B2EF2,,,
rest_a_w_s1_l_a4,1,3,-,-,-,1:0 8:2,16,17,a,4,verworfen,-,0B2EF2,,,
rest_a_w_s1_l_a5,1,3,-,-,-,1:0 8:2,16,17,a,5,verworfen,-,0B2F22,,,
rest_a_w_s1_l_a6,1,3,-,-,-,1:0 8:2,16,17,a,6,verworfen,-,0B2F52,,,
rest_a_w_s1_l_a7,1,3,-,-,-,1:0 15:2,23,24,a,7,neuer Schlag,8,0B2EC4,1,,
rest_a_w_s1_l_a8,1,3,-,-,-,1:0 8:2 9:0 16:2,24,25,a,8,neuer Schlag,9,0B2EC4,1,,
rest_a_w_s1_l_a9,1,3,-,-,-,1:0 8:2 10:0 17:2,25,26,a,9,neuer Schlag,10,0B2EC4,1,,
rest_a_w_s1_l_a10,1,3,-,-,-,1:0 8:2 11:0 18:2,26,27,a,10,neuer Schlag,11,0B2EC4,1,,
rest_a_w_s1_l_a11,1,3,-,-,-,1:0 8:2 12:0 19:2,27,28,a,11,neuer Schlag,12,0B2EC4,1,,
rest_a_w_s1_l_a12,1,3,-,-,-,1:0 8:2 13:0 20:2,28,29,a,12,neuer Schlag,13,0B2EC4,1,,
rest_a_w_s1_l_a13,1,3,-,-,-,1:0 8:2 14:0 21:2,29,30,a,13,neuer Schlag,14,0B2EC4,1,,
rest_a_w_s1_l_a14,1,3,-,-,-,1:0 8:2 15:0 22:2,30,31,a,14,neuer Schlag,15,0B2EC4,1,,
rest_a_w_s1_l_a15,1,3,-,-,-,1:0 8:2 16:0 23:2,31,32,a,15,neuer Schlag,16,0B2EC4,1,,
rest_a_w_s1_l_a16,1,3,-,-,-,1:0 8:2 17:0 24:2,32,33,a,16,neuer Schlag,17,0B2EC4,1,,
rest_a_w_s1_l_a17,1,3,-,-,-,1:0 8:2 18:0 25:2,16,17,a,17,neuer Schlag,18,0B2EC4,1,,
rest_a_w_s1_l_a18,1,3,-,-,-,1:0 8:2 19:0 26:2,16,17,a,18,neuer Schlag,19,0B2EC4,1,,
rest_a_w_s1_l_a19,1,3,-,-,-,1:0 8:2 20:0 27:2,16,17,a,19,neuer Schlag,20,0B2EC4,1,,
rest_a_w_s1_l_a20,1,3,-,-,-,1:0 8:2 21:0 28:2,16,17,a,20,neuer Schlag,21,0B2EC4,1,,
rest_a_w_s1_l_hl,1,3,-,-,-,1:0 8:2,7,8,l,2,halten,,,,9,-
rest_a_w_s1_l_hr,1,3,-,-,-,1:0 8:2,7,8,r,2,halten,,,,9,-
rest_a_w_s1_l_hu,1,3,-,-,-,1:0 8:2,7,8,u,2,halten,,,,-,9
rest_a_w_s1_l_j2,1,3,-,-,-,1:0 8:2,16,17,j,2,verworfen,-,,,,
rest_a_w_s1_l_j3,1,3,-,-,-,1:0 8:2,16,17,j,3,verworfen,-,,,,
rest_a_w_s1_l_j4,1,3,-,-,-,1:0 8:2,16,17,j,4,verworfen,-,,,,
rest_a_w_s1_l_j5,1,3,-,-,-,1:0 8:2,16,17,j,5,verworfen,-,,,,
rest_a_w_s1_l_j6,1,3,-,-,-,1:0 8:2,16,17,j,6,verworfen,-,,,,
rest_a_w_s1_l_j7,1,3,-,-,-,1:0 49:2 55:0,7,55,j,7,Sprung,8,,,,
rest_a_w_s1_l_j8,1,3,-,-,-,1:0 8:2 9:0 50:2 56:0,8,56,j,8,Sprung,9,,,,
rest_a_w_s1_l_j9,1,3,-,-,-,1:0 8:2 10:0 51:2 57:0,9,57,j,9,Sprung,10,,,,
rest_a_w_s1_l_j10,1,3,-,-,-,1:0 8:2 11:0 52:2 58:0,10,58,j,10,Sprung,11,,,,
rest_a_w_s1_l_j11,1,3,-,-,-,1:0 8:2 12:0 53:2 59:0,11,59,j,11,Sprung,12,,,,
rest_a_w_s1_l_j12,1,3,-,-,-,1:0 8:2 13:0 54:2 60:0,12,60,j,12,Sprung,13,,,,
rest_a_w_s1_l_j13,1,3,-,-,-,1:0 8:2 14:0 55:2 61:0,13,61,j,13,Sprung,14,,,,
rest_a_w_s1_l_j14,1,3,-,-,-,1:0 8:2 15:0 56:2 62:0,14,62,j,14,Sprung,15,,,,
rest_a_w_s1_l_j15,1,3,-,-,-,1:0 8:2 16:0 57:2 63:0,15,63,j,15,Sprung,16,,,,
rest_a_w_s1_l_j16,1,3,-,-,-,1:0 8:2 17:0 58:2 64:0,16,64,j,16,Sprung,17,,,,
rest_a_w_s1_l_j17,1,3,-,-,-,1:0 8:2 18:0 59:2 65:0,16,17,j,17,Sprung,18,,,,
rest_a_w_s1_l_j18,1,3,-,-,-,1:0 8:2 19:0 60:2 66:0,16,17,j,18,Sprung,19,,,,
rest_a_w_s1_l_j19,1,3,-,-,-,1:0 8:2 20:0 61:2 67:0,16,17,j,19,Sprung,20,,,,
rest_a_w_s1_l_j20,1,3,-,-,-,1:0 8:2 21:0 62:2 68:0,16,17,j,20,Sprung,21,,,,
rest_a_w_s1_l_o,1,3,-,-,-,1:0 8:2,16,17,-,,,,,,,
rest_a_w_s1_t_a2,1,3,2,3,-,1:0 15:4 51:0 52:2 78:0,29,30,-,,,,,,,
rest_a_w_s1_t_a3,1,3,2,3,-,1:0 15:4 51:0 52:2 78:0,29,30,a,3,verworfen,-,0B2EF2,,,
rest_a_w_s1_t_a4,1,3,2,3,-,1:0 15:4 51:0 52:2 78:0,29,30,a,4,verworfen,-,0B2EF2,,,
rest_a_w_s1_t_a5,1,3,2,3,-,1:0 15:4 51:0 52:2 78:0,29,30,a,5,verworfen,-,0B2EF2,,,
rest_a_w_s1_t_a6,1,3,2,3,-,1:0 15:4 51:0 52:2 78:0,29,30,a,6,verworfen,-,0B2EF2,,,
rest_a_w_s1_t_a7,1,3,2,3,-,1:0 15:4 51:0 52:2 78:0,29,30,a,7,verworfen,-,0B2EF2,,,
rest_a_w_s1_t_a8,1,3,2,3,-,1:0 15:4 51:0 52:2 78:0,29,30,a,8,verworfen,-,0B2EF2,,,
rest_a_w_s1_t_a9,1,3,2,3,-,1:0 15:4 51:0 52:2 78:0,29,30,a,9,verworfen,-,0B2EF2,,,
rest_a_w_s1_t_a10,1,3,2,3,-,1:0 15:4 51:0 52:2 78:0,29,30,a,10,verworfen,-,0B2EF2,,,
rest_a_w_s1_t_a11,1,3,2,3,-,1:0 15:4 51:0 52:2 78:0,29,30,a,11,verworfen,-,0B2EF2,,,
rest_a_w_s1_t_a12,1,3,2,3,-,1:0 15:4 51:0 52:2 78:0,29,30,a,12,verworfen,-,0B2F22,,,
rest_a_w_s1_t_a13,1,3,2,3,-,1:0 15:4 51:0 52:2 78:0,29,30,a,13,verworfen,-,0B2F52,,,
rest_a_w_s1_t_a14,1,3,2,3,17,1:0 15:6 28:4 66:0 67:2,43,44,a,14,neuer Schlag,15,0B32B2,2,,
rest_a_w_s1_t_a15,1,3,2,3,18,1:0 15:4 16:6 29:4 67:0 68:2,44,45,a,15,neuer Schlag,16,0B32B2,2,,
rest_a_w_s1_t_a16,1,3,2,3,19,1:0 15:4 17:6 30:4 68:0 69:2,45,46,a,16,neuer Schlag,17,0B32B2,2,,
rest_a_w_s1_t_a17,1,3,2,3,20,1:0 15:4 18:6 31:4 69:0 70:2,46,47,a,17,neuer Schlag,18,0B32B2,2,,
rest_a_w_s1_t_a18,1,3,2,3,21,1:0 15:4 19:6 32:4 70:0 71:2,47,48,a,18,neuer Schlag,19,0B32B2,2,,
rest_a_w_s1_t_a19,1,3,2,3,22,1:0 15:4 20:6 33:4 71:0 72:2,48,49,a,19,neuer Schlag,20,0B32B2,2,,
rest_a_w_s1_t_a20,1,3,2,3,23,1:0 15:4 21:6 34:4 72:0 73:2,49,50,a,20,neuer Schlag,21,0B32B2,2,,
rest_a_w_s1_t_hl,1,3,2,3,-,1:0 15:4,14,15,l,2,halten,,,,16,-
rest_a_w_s1_t_hu,1,3,2,3,-,1:0 15:4,29,30,u,2,halten,,,,-,31
rest_a_w_s1_t_j2,1,3,2,3,-,1:0 15:4 51:0 52:2 78:0,29,30,j,2,verworfen,-,,,,
rest_a_w_s1_t_j3,1,3,2,3,-,1:0 15:4 51:0 52:2 78:0,29,30,j,3,verworfen,-,,,,
rest_a_w_s1_t_j4,1,3,2,3,-,1:0 15:4 51:0 52:2 78:0,29,30,j,4,verworfen,-,,,,
rest_a_w_s1_t_j5,1,3,2,3,-,1:0 15:4 51:0 52:2 78:0,29,30,j,5,verworfen,-,,,,
rest_a_w_s1_t_j6,1,3,2,3,-,1:0 15:4 51:0 52:2 78:0,29,30,j,6,verworfen,-,,,,
rest_a_w_s1_t_j7,1,3,2,3,-,1:0 15:4 51:0 52:2 78:0,29,30,j,7,verworfen,-,,,,
rest_a_w_s1_t_j8,1,3,2,3,-,1:0 15:4 51:0 52:2 78:0,29,30,j,8,verworfen,-,,,,
rest_a_w_s1_t_j9,1,3,2,3,-,1:0 15:4 51:0 52:2 78:0,29,30,j,9,verworfen,-,,,,
rest_a_w_s1_t_j10,1,3,2,3,-,1:0 15:4 51:0 52:2 78:0,29,30,j,10,verworfen,-,,,,
rest_a_w_s1_t_j11,1,3,2,3,-,1:0 15:4 51:0 52:2 78:0,29,30,j,11,verworfen,-,,,,
rest_a_w_s1_t_j12,1,3,2,3,-,1:0 15:4 51:0 52:2 78:0,29,30,j,12,verworfen,-,,,,
rest_a_w_s1_t_j13,1,3,2,3,-,1:0 15:4 51:0 52:2 78:0,29,30,j,13,verworfen,-,,,,
rest_a_w_s1_t_j14,1,3,2,3,-,1:0 52:2,14,-,j,14,Sprung,15,,,,
rest_a_w_s1_t_j15,1,3,2,3,-,1:0 15:4 16:0 52:2,15,-,j,15,Sprung,16,,,,
rest_a_w_s1_t_j16,1,3,2,3,-,1:0 15:4 17:0 52:2,16,-,j,16,Sprung,17,,,,
rest_a_w_s1_t_j17,1,3,2,3,-,1:0 15:4 18:0 52:2,17,-,j,17,Sprung,18,,,,
rest_a_w_s1_t_j18,1,3,2,3,-,1:0 15:4 19:0 52:2,18,-,j,18,Sprung,19,,,,
rest_a_w_s1_t_j19,1,3,2,3,-,1:0 15:4 20:0 52:2,19,-,j,19,Sprung,20,,,,
rest_a_w_s1_t_j20,1,3,2,3,-,1:0 15:4 21:0 52:2,20,-,j,20,Sprung,21,,,,
rest_a_w_s1_t_o,1,3,2,3,-,1:0 15:4 51:0 52:2 78:0,29,30,-,,,,,,,
rest_a_w_s2_l_a2,2,19,-,-,-,1:6 7:2,16,17,-,,,,,,,
rest_a_w_s2_l_a3,2,19,-,-,-,1:6 7:2,16,17,a,3,verworfen,-,0B330A,,,
rest_a_w_s2_l_a4,2,19,-,-,-,1:6 7:2,16,17,a,4,verworfen,-,0B330A,,,
rest_a_w_s2_l_a5,2,19,-,-,-,1:6 7:2,16,17,a,5,verworfen,-,0B330A,,,
rest_a_w_s2_l_a6,2,19,-,-,-,1:6 7:2,16,17,a,6,verworfen,-,0B333A,,,
rest_a_w_s2_l_a7,2,19,-,-,-,1:6 7:2 8:0 15:2,23,24,a,7,neuer Schlag,8,0B2EC4,1,,
rest_a_w_s2_l_a8,2,19,-,-,-,1:6 7:2 9:0 16:2,24,25,a,8,neuer Schlag,9,0B2EC4,1,,
rest_a_w_s2_l_a9,2,19,-,-,-,1:6 7:2 10:0 17:2,25,26,a,9,neuer Schlag,10,0B2EC4,1,,
rest_a_w_s2_l_a10,2,19,-,-,-,1:6 7:2 11:0 18:2,26,27,a,10,neuer Schlag,11,0B2EC4,1,,
rest_a_w_s2_l_a11,2,19,-,-,-,1:6 7:2 12:0 19:2,27,28,a,11,neuer Schlag,12,0B2EC4,1,,
rest_a_w_s2_l_a12,2,19,-,-,-,1:6 7:2 13:0 20:2,28,29,a,12,neuer Schlag,13,0B2EC4,1,,
rest_a_w_s2_l_a13,2,19,-,-,-,1:6 7:2 14:0 21:2,29,30,a,13,neuer Schlag,14,0B2EC4,1,,
rest_a_w_s2_l_a14,2,19,-,-,-,1:6 7:2 15:0 22:2,30,31,a,14,neuer Schlag,15,0B2EC4,1,,
rest_a_w_s2_l_a15,2,19,-,-,-,1:6 7:2 16:0 23:2,31,32,a,15,neuer Schlag,16,0B2EC4,1,,
rest_a_w_s2_l_a16,2,19,-,-,-,1:6 7:2 17:0 24:2,32,33,a,16,neuer Schlag,17,0B2EC4,1,,
rest_a_w_s2_l_a17,2,19,-,-,-,1:6 7:2 18:0 25:2,16,17,a,17,neuer Schlag,18,0B2EC4,1,,
rest_a_w_s2_l_a18,2,19,-,-,-,1:6 7:2 19:0 26:2,16,17,a,18,neuer Schlag,19,0B2EC4,1,,
rest_a_w_s2_l_a19,2,19,-,-,-,1:6 7:2 20:0 27:2,16,17,a,19,neuer Schlag,20,0B2EC4,1,,
rest_a_w_s2_l_a20,2,19,-,-,-,1:6 7:2 21:0 28:2,16,17,a,20,neuer Schlag,21,0B2EC4,1,,
rest_a_w_s2_l_a21,2,19,-,-,-,1:6 7:2 22:0 29:2,16,17,a,21,neuer Schlag,22,0B2EC4,1,,
rest_a_w_s2_l_a22,2,19,-,-,-,1:6 7:2 23:0 30:2,16,17,a,22,neuer Schlag,23,0B2EC4,1,,
rest_a_w_s2_l_a23,2,19,-,-,-,1:6 7:2 24:0 31:2,16,17,a,23,neuer Schlag,24,0B2EC4,1,,
rest_a_w_s2_l_a24,2,19,-,-,-,1:6 7:2 25:0 32:2,16,17,a,24,neuer Schlag,25,0B2EC4,1,,
rest_a_w_s2_l_a25,2,19,-,-,-,1:6 7:2 26:0 33:2,16,17,a,25,neuer Schlag,26,0B2EC4,1,,
rest_a_w_s2_l_a26,2,19,-,-,-,1:6 7:2 27:0 34:2,16,17,a,26,neuer Schlag,27,0B2EC4,1,,
rest_a_w_s2_l_a27,2,19,-,-,-,1:6 7:2 28:0 35:2,16,17,a,27,neuer Schlag,28,0B2EC4,1,,
rest_a_w_s2_l_a28,2,19,-,-,-,1:6 7:2 29:0 36:2,16,17,a,28,neuer Schlag,29,0B2EC4,1,,
rest_a_w_s2_l_a29,2,19,-,-,-,1:6 7:2 30:0 37:2,16,17,a,29,neuer Schlag,30,0B2EC4,1,,
rest_a_w_s2_l_a30,2,19,-,-,-,1:6 7:2 31:0 38:2,16,17,a,30,neuer Schlag,31,0B2EC4,1,,
rest_a_w_s2_l_a31,2,19,-,-,-,1:6 7:2 32:0 39:2,16,17,a,31,neuer Schlag,32,0B2EC4,1,,
rest_a_w_s2_l_a32,2,19,-,-,-,1:6 7:2 33:0 40:2,16,17,a,32,neuer Schlag,33,0B2EC4,1,,
rest_a_w_s2_l_a33,2,19,-,-,-,1:6 7:2 34:0 41:2,16,17,a,33,neuer Schlag,34,0B2EC4,1,,
rest_a_w_s2_l_a34,2,19,-,-,-,1:6 7:2 35:0 42:2,16,17,a,34,neuer Schlag,35,0B2EC4,1,,
rest_a_w_s2_l_a35,2,19,-,-,-,1:6 7:2 36:0 43:2,16,17,a,35,neuer Schlag,36,0B2EC4,1,,
rest_a_w_s2_l_a36,2,19,-,-,-,1:6 7:2 37:0 44:2,16,17,a,36,neuer Schlag,37,0B2EC4,1,,
rest_a_w_s2_l_hl,2,19,-,-,-,1:6 7:2,7,8,l,2,halten,,,,9,-
rest_a_w_s2_l_hr,2,19,-,-,-,1:6 7:2,7,8,r,2,halten,,,,9,-
rest_a_w_s2_l_hu,2,19,-,-,-,1:6 7:2,7,8,u,2,halten,,,,-,9
rest_a_w_s2_l_j2,2,19,-,-,-,1:6 7:2,16,17,j,2,verworfen,-,,,,
rest_a_w_s2_l_j3,2,19,-,-,-,1:6 7:2,16,17,j,3,verworfen,-,,,,
rest_a_w_s2_l_j4,2,19,-,-,-,1:6 7:2,16,17,j,4,verworfen,-,,,,
rest_a_w_s2_l_j5,2,19,-,-,-,1:6 7:2,16,17,j,5,verworfen,-,,,,
rest_a_w_s2_l_j6,2,19,-,-,-,1:6 7:2,16,17,j,6,verworfen,-,,,,
rest_a_w_s2_l_j7,2,19,-,-,-,1:6 7:2 8:0 49:2 55:0,7,55,j,7,Sprung,8,,,,
rest_a_w_s2_l_j8,2,19,-,-,-,1:6 7:2 9:0 50:2 56:0,8,56,j,8,Sprung,9,,,,
rest_a_w_s2_l_j9,2,19,-,-,-,1:6 7:2 10:0 51:2 57:0,9,57,j,9,Sprung,10,,,,
rest_a_w_s2_l_j10,2,19,-,-,-,1:6 7:2 11:0 52:2 58:0,10,58,j,10,Sprung,11,,,,
rest_a_w_s2_l_j11,2,19,-,-,-,1:6 7:2 12:0 53:2 59:0,11,59,j,11,Sprung,12,,,,
rest_a_w_s2_l_j12,2,19,-,-,-,1:6 7:2 13:0 54:2 60:0,12,60,j,12,Sprung,13,,,,
rest_a_w_s2_l_j13,2,19,-,-,-,1:6 7:2 14:0 55:2 61:0,13,61,j,13,Sprung,14,,,,
rest_a_w_s2_l_j14,2,19,-,-,-,1:6 7:2 15:0 56:2 62:0,14,62,j,14,Sprung,15,,,,
rest_a_w_s2_l_j15,2,19,-,-,-,1:6 7:2 16:0 57:2 63:0,15,63,j,15,Sprung,16,,,,
rest_a_w_s2_l_j16,2,19,-,-,-,1:6 7:2 17:0 58:2 64:0,16,64,j,16,Sprung,17,,,,
rest_a_w_s2_l_j17,2,19,-,-,-,1:6 7:2 18:0 59:2 65:0,16,17,j,17,Sprung,18,,,,
rest_a_w_s2_l_j18,2,19,-,-,-,1:6 7:2 19:0 60:2 66:0,16,17,j,18,Sprung,19,,,,
rest_a_w_s2_l_j19,2,19,-,-,-,1:6 7:2 20:0 61:2 67:0,16,17,j,19,Sprung,20,,,,
rest_a_w_s2_l_j20,2,19,-,-,-,1:6 7:2 21:0 62:2 68:0,16,17,j,20,Sprung,21,,,,
rest_a_w_s2_l_j21,2,19,-,-,-,1:6 7:2 22:0 63:2 69:0,16,17,j,21,Sprung,22,,,,
rest_a_w_s2_l_j22,2,19,-,-,-,1:6 7:2 23:0 64:2 70:0,16,17,j,22,Sprung,23,,,,
rest_a_w_s2_l_j23,2,19,-,-,-,1:6 7:2 24:0 65:2 71:0,16,17,j,23,Sprung,24,,,,
rest_a_w_s2_l_j24,2,19,-,-,-,1:6 7:2 25:0 66:2 72:0,16,17,j,24,Sprung,25,,,,
rest_a_w_s2_l_j25,2,19,-,-,-,1:6 7:2 26:0 67:2 73:0,16,17,j,25,Sprung,26,,,,
rest_a_w_s2_l_j26,2,19,-,-,-,1:6 7:2 27:0 68:2 74:0,16,17,j,26,Sprung,27,,,,
rest_a_w_s2_l_j27,2,19,-,-,-,1:6 7:2 28:0 69:2 75:0,16,17,j,27,Sprung,28,,,,
rest_a_w_s2_l_j28,2,19,-,-,-,1:6 7:2 29:0 70:2 76:0,16,17,j,28,Sprung,29,,,,
rest_a_w_s2_l_j29,2,19,-,-,-,1:6 7:2 30:0 71:2 77:0,16,17,j,29,Sprung,30,,,,
rest_a_w_s2_l_j30,2,19,-,-,-,1:6 7:2 31:0 72:2 78:0,16,17,j,30,Sprung,31,,,,
rest_a_w_s2_l_j31,2,19,-,-,-,1:6 7:2 32:0 73:2 79:0,16,17,j,31,Sprung,32,,,,
rest_a_w_s2_l_j32,2,19,-,-,-,1:6 7:2 33:0 74:2 80:0,16,17,j,32,Sprung,33,,,,
rest_a_w_s2_l_j33,2,19,-,-,-,1:6 7:2 34:0 75:2,16,17,j,33,Sprung,34,,,,
rest_a_w_s2_l_j34,2,19,-,-,-,1:6 7:2 35:0 76:2,16,17,j,34,Sprung,35,,,,
rest_a_w_s2_l_j35,2,19,-,-,-,1:6 7:2 36:0 77:2,16,17,j,35,Sprung,36,,,,
rest_a_w_s2_l_j36,2,19,-,-,-,1:6 7:2 37:0 78:2,16,17,j,36,Sprung,37,,,,
rest_a_w_s2_l_o,2,19,-,-,-,1:6 7:2,16,17,-,,,,,,,
rest_a_w_s2_t_a2,2,19,3,4,-,1:6 14:4 52:0 53:2 79:0,29,30,-,,,,,,,
rest_a_w_s2_t_a3,2,19,3,4,-,1:6 14:4 52:0 53:2 79:0,29,30,a,3,verworfen,-,0B330A,,,
rest_a_w_s2_t_a4,2,19,3,4,-,1:6 14:4 52:0 53:2 79:0,29,30,a,4,verworfen,-,0B330A,,,
rest_a_w_s2_t_a5,2,19,3,4,-,1:6 14:4 52:0 53:2 79:0,29,30,a,5,verworfen,-,0B330A,,,
rest_a_w_s2_t_a6,2,19,3,4,-,1:6 14:4 52:0 53:2 79:0,29,30,a,6,verworfen,-,0B330A,,,
rest_a_w_s2_t_a7,2,19,3,4,-,1:6 14:4 52:0 53:2 79:0,29,30,a,7,verworfen,-,0B330A,,,
rest_a_w_s2_t_a8,2,19,3,4,-,1:6 14:4 52:0 53:2 79:0,29,30,a,8,verworfen,-,0B330A,,,
rest_a_w_s2_t_a9,2,19,3,4,-,1:6 14:4 52:0 53:2 79:0,29,30,a,9,verworfen,-,0B330A,,,
rest_a_w_s2_t_a10,2,19,3,4,-,1:6 14:4 52:0 53:2 79:0,29,30,a,10,verworfen,-,0B330A,,,
rest_a_w_s2_t_a11,2,19,3,4,-,1:6 14:4 52:0 53:2 79:0,29,30,a,11,verworfen,-,0B330A,,,
rest_a_w_s2_t_a12,2,19,3,4,-,1:6 14:4 52:0 53:2 79:0,29,30,a,12,verworfen,-,0B330A,,,
rest_a_w_s2_t_a13,2,19,3,4,-,1:6 14:4 52:0 53:2 79:0,29,30,a,13,verworfen,-,0B333A,,,
rest_a_w_s2_t_a14,2,19,3,4,18,1:6 14:4 15:6 29:4 67:0 68:2,44,45,a,14,neuer Schlag,15,0B35DE,3,,
rest_a_w_s2_t_a15,2,19,3,4,19,1:6 14:4 16:6 30:4 68:0 69:2,45,46,a,15,neuer Schlag,16,0B35DE,3,,
rest_a_w_s2_t_a16,2,19,3,4,20,1:6 14:4 17:6 31:4 69:0 70:2,46,47,a,16,neuer Schlag,17,0B35DE,3,,
rest_a_w_s2_t_a17,2,19,3,4,21,1:6 14:4 18:6 32:4 70:0 71:2,47,48,a,17,neuer Schlag,18,0B35DE,3,,
rest_a_w_s2_t_a18,2,19,3,4,22,1:6 14:4 19:6 33:4 71:0 72:2,48,49,a,18,neuer Schlag,19,0B35DE,3,,
rest_a_w_s2_t_a19,2,19,3,4,23,1:6 14:4 20:6 34:4 72:0 73:2,49,50,a,19,neuer Schlag,20,0B35DE,3,,
rest_a_w_s2_t_a20,2,19,3,4,24,1:6 14:4 21:6 35:4 73:0 74:2,50,51,a,20,neuer Schlag,21,0B35DE,3,,
rest_a_w_s2_t_a21,2,19,3,4,25,1:6 14:4 22:6 36:4 74:0 75:2,51,52,a,21,neuer Schlag,22,0B35DE,3,,
rest_a_w_s2_t_a22,2,19,3,4,26,1:6 14:4 23:6 37:4 75:0 76:2,52,53,a,22,neuer Schlag,23,0B35DE,3,,
rest_a_w_s2_t_a23,2,19,3,4,27,1:6 14:4 24:6 38:4 76:0 77:2,53,54,a,23,neuer Schlag,24,0B35DE,3,,
rest_a_w_s2_t_a24,2,19,3,4,28,1:6 14:4 25:6 39:4 77:0 78:2,54,55,a,24,neuer Schlag,25,0B35DE,3,,
rest_a_w_s2_t_a25,2,19,3,4,29,1:6 14:4 26:6 40:4 78:0 79:2,55,56,a,25,neuer Schlag,26,0B35DE,3,,
rest_a_w_s2_t_a26,2,19,3,4,30,1:6 14:4 27:6 41:4 79:0 80:2,56,57,a,26,neuer Schlag,27,0B35DE,3,,
rest_a_w_s2_t_a27,2,19,3,4,31,1:6 14:4 28:6 42:4 80:0,57,58,a,27,neuer Schlag,28,0B35DE,3,,
rest_a_w_s2_t_a28,2,19,3,4,32,1:6 14:4 29:6 43:4,58,59,a,28,neuer Schlag,29,0B35DE,3,,
rest_a_w_s2_t_a29,2,19,3,4,33,1:6 14:4 30:6 44:4,59,60,a,29,neuer Schlag,30,0B35DE,3,,
rest_a_w_s2_t_a30,2,19,3,4,32,1:6 14:4 31:0 45:4,29,30,a,30,neuer Schlag,31,0B2EC4,1,,
rest_a_w_s2_t_a31,2,19,3,4,33,1:6 14:4 32:0 46:4,29,30,a,31,neuer Schlag,32,0B2EC4,1,,
rest_a_w_s2_t_a32,2,19,3,4,34,1:6 14:4 33:0 47:4,29,30,a,32,neuer Schlag,33,0B2EC4,1,,
rest_a_w_s2_t_a33,2,19,3,4,35,1:6 14:4 34:0 48:4,29,30,a,33,neuer Schlag,34,0B2EC4,1,,
rest_a_w_s2_t_a34,2,19,3,4,36,1:6 14:4 35:0 49:4,29,30,a,34,neuer Schlag,35,0B2EC4,1,,
rest_a_w_s2_t_a35,2,19,3,4,37,1:6 14:4 36:0 50:4,29,30,a,35,neuer Schlag,36,0B2EC4,1,,
rest_a_w_s2_t_a36,2,19,3,4,38,1:6 14:4 37:0 51:4,29,30,a,36,neuer Schlag,37,0B2EC4,1,,
rest_a_w_s2_t_hl,2,19,3,4,-,1:6 14:4,14,15,l,2,halten,,,,16,-
rest_a_w_s2_t_hu,2,19,3,4,-,1:6 14:4,29,30,u,2,halten,,,,-,31
rest_a_w_s2_t_j2,2,19,3,4,-,1:6 14:4 52:0 53:2 79:0,29,30,j,2,verworfen,-,,,,
rest_a_w_s2_t_j3,2,19,3,4,-,1:6 14:4 52:0 53:2 79:0,29,30,j,3,verworfen,-,,,,
rest_a_w_s2_t_j4,2,19,3,4,-,1:6 14:4 52:0 53:2 79:0,29,30,j,4,verworfen,-,,,,
rest_a_w_s2_t_j5,2,19,3,4,-,1:6 14:4 52:0 53:2 79:0,29,30,j,5,verworfen,-,,,,
rest_a_w_s2_t_j6,2,19,3,4,-,1:6 14:4 52:0 53:2 79:0,29,30,j,6,verworfen,-,,,,
rest_a_w_s2_t_j7,2,19,3,4,-,1:6 14:4 52:0 53:2 79:0,29,30,j,7,verworfen,-,,,,
rest_a_w_s2_t_j8,2,19,3,4,-,1:6 14:4 52:0 53:2 79:0,29,30,j,8,verworfen,-,,,,
rest_a_w_s2_t_j9,2,19,3,4,-,1:6 14:4 52:0 53:2 79:0,29,30,j,9,verworfen,-,,,,
rest_a_w_s2_t_j10,2,19,3,4,-,1:6 14:4 52:0 53:2 79:0,29,30,j,10,verworfen,-,,,,
rest_a_w_s2_t_j11,2,19,3,4,-,1:6 14:4 52:0 53:2 79:0,29,30,j,11,verworfen,-,,,,
rest_a_w_s2_t_j12,2,19,3,4,-,1:6 14:4 52:0 53:2 79:0,29,30,j,12,verworfen,-,,,,
rest_a_w_s2_t_j13,2,19,3,4,-,1:6 14:4 52:0 53:2 79:0,29,30,j,13,verworfen,-,,,,
rest_a_w_s2_t_j14,2,19,3,4,-,1:6 14:4 15:0 53:2,14,-,j,14,Sprung,15,,,,
rest_a_w_s2_t_j15,2,19,3,4,-,1:6 14:4 16:0 53:2,15,-,j,15,Sprung,16,,,,
rest_a_w_s2_t_j16,2,19,3,4,-,1:6 14:4 17:0 53:2,16,-,j,16,Sprung,17,,,,
rest_a_w_s2_t_j17,2,19,3,4,-,1:6 14:4 18:0 53:2,17,-,j,17,Sprung,18,,,,
rest_a_w_s2_t_j18,2,19,3,4,-,1:6 14:4 19:0 53:2,18,-,j,18,Sprung,19,,,,
rest_a_w_s2_t_j19,2,19,3,4,-,1:6 14:4 20:0 53:2,19,-,j,19,Sprung,20,,,,
rest_a_w_s2_t_j20,2,19,3,4,-,1:6 14:4 21:0 53:2,20,-,j,20,Sprung,21,,,,
rest_a_w_s2_t_j21,2,19,3,4,-,1:6 14:4 22:0 53:2,21,-,j,21,Sprung,22,,,,
rest_a_w_s2_t_j22,2,19,3,4,-,1:6 14:4 23:0 53:2,22,-,j,22,Sprung,23,,,,
rest_a_w_s2_t_j23,2,19,3,4,-,1:6 14:4 24:0 53:2,23,-,j,23,Sprung,24,,,,
rest_a_w_s2_t_j24,2,19,3,4,-,1:6 14:4 25:0 53:2,24,-,j,24,Sprung,25,,,,
rest_a_w_s2_t_j25,2,19,3,4,-,1:6 14:4 26:0 53:2,25,-,j,25,Sprung,26,,,,
rest_a_w_s2_t_j26,2,19,3,4,-,1:6 14:4 27:0 53:2,26,-,j,26,Sprung,27,,,,
rest_a_w_s2_t_j27,2,19,3,4,-,1:6 14:4 28:0 54:2,27,-,j,27,Sprung,28,,,,
rest_a_w_s2_t_j28,2,19,3,4,-,1:6 14:4 29:0 55:2,28,-,j,28,Sprung,29,,,,
rest_a_w_s2_t_j29,2,19,3,4,-,1:6 14:4 30:0 56:2,29,-,j,29,Sprung,30,,,,
rest_a_w_s2_t_j30,2,19,3,4,-,1:6 14:4 31:0 57:2,29,30,j,30,Sprung,31,,,,
rest_a_w_s2_t_j31,2,19,3,4,-,1:6 14:4 32:0 58:2,29,30,j,31,Sprung,32,,,,
rest_a_w_s2_t_j32,2,19,3,4,-,1:6 14:4 33:0 59:2,29,30,j,32,Sprung,33,,,,
rest_a_w_s2_t_j33,2,19,3,4,-,1:6 14:4 34:0 60:2,29,30,j,33,Sprung,34,,,,
rest_a_w_s2_t_j34,2,19,3,4,-,1:6 14:4 35:0 61:2,29,30,j,34,Sprung,35,,,,
rest_a_w_s2_t_j35,2,19,3,4,-,1:6 14:4 36:0 62:2,29,30,j,35,Sprung,36,,,,
rest_a_w_s2_t_j36,2,19,3,4,-,1:6 14:4 37:0 53:2,29,30,j,36,Sprung,37,,,,
rest_a_w_s2_t_o,2,19,3,4,-,1:6 14:4 52:0 53:2 79:0,29,30,-,,,,,,,
rest_a_w_s3_l_a2,3,36,-,-,-,1:6 8:2,17,18,-,,,,,,,
rest_a_w_s3_l_a3,3,36,-,-,-,1:6 8:2,17,18,a,3,verworfen,-,0B3666,,,
rest_a_w_s3_l_a4,3,36,-,-,-,1:6 8:2,17,18,a,4,verworfen,-,0B3666,,,
rest_a_w_s3_l_a5,3,36,-,-,-,1:6 8:2,17,18,a,5,verworfen,-,0B3666,,,
rest_a_w_s3_l_a6,3,36,-,-,-,1:6 8:2,17,18,a,6,verworfen,-,0B3666,,,
rest_a_w_s3_l_a7,3,36,-,-,-,1:6 8:2,17,18,a,7,verworfen,-,0B3696,,,
rest_a_w_s3_l_a8,3,36,-,-,-,1:6 8:2 9:0 16:2,24,25,a,8,neuer Schlag,9,0B2EC4,1,,
rest_a_w_s3_l_a9,3,36,-,-,-,1:6 8:2 10:0 17:2,25,26,a,9,neuer Schlag,10,0B2EC4,1,,
rest_a_w_s3_l_a10,3,36,-,-,-,1:6 8:2 11:0 18:2,26,27,a,10,neuer Schlag,11,0B2EC4,1,,
rest_a_w_s3_l_a11,3,36,-,-,-,1:6 8:2 12:0 19:2,27,28,a,11,neuer Schlag,12,0B2EC4,1,,
rest_a_w_s3_l_a12,3,36,-,-,-,1:6 8:2 13:0 20:2,28,29,a,12,neuer Schlag,13,0B2EC4,1,,
rest_a_w_s3_l_a13,3,36,-,-,-,1:6 8:2 14:0 21:2,29,30,a,13,neuer Schlag,14,0B2EC4,1,,
rest_a_w_s3_l_a14,3,36,-,-,-,1:6 8:2 15:0 22:2,30,31,a,14,neuer Schlag,15,0B2EC4,1,,
rest_a_w_s3_l_a15,3,36,-,-,-,1:6 8:2 16:0 23:2,31,32,a,15,neuer Schlag,16,0B2EC4,1,,
rest_a_w_s3_l_a16,3,36,-,-,-,1:6 8:2 17:0 24:2,32,33,a,16,neuer Schlag,17,0B2EC4,1,,
rest_a_w_s3_l_a17,3,36,-,-,-,1:6 8:2 18:0 25:2,33,34,a,17,neuer Schlag,18,0B2EC4,1,,
rest_a_w_s3_l_a18,3,36,-,-,-,1:6 8:2 19:0 26:2,17,18,a,18,neuer Schlag,19,0B2EC4,1,,
rest_a_w_s3_l_a19,3,36,-,-,-,1:6 8:2 20:0 27:2,17,18,a,19,neuer Schlag,20,0B2EC4,1,,
rest_a_w_s3_l_a20,3,36,-,-,-,1:6 8:2 21:0 28:2,17,18,a,20,neuer Schlag,21,0B2EC4,1,,
rest_a_w_s3_l_a21,3,36,-,-,-,1:6 8:2 22:0 29:2,17,18,a,21,neuer Schlag,22,0B2EC4,1,,
rest_a_w_s3_l_a22,3,36,-,-,-,1:6 8:2 23:0 30:2,17,18,a,22,neuer Schlag,23,0B2EC4,1,,
rest_a_w_s3_l_a23,3,36,-,-,-,1:6 8:2 24:0 31:2,17,18,a,23,neuer Schlag,24,0B2EC4,1,,
rest_a_w_s3_l_a24,3,36,-,-,-,1:6 8:2 25:0 32:2,17,18,a,24,neuer Schlag,25,0B2EC4,1,,
rest_a_w_s3_l_a25,3,36,-,-,-,1:6 8:2 26:0 33:2,17,18,a,25,neuer Schlag,26,0B2EC4,1,,
rest_a_w_s3_l_a26,3,36,-,-,-,1:6 8:2 27:0 34:2,17,18,a,26,neuer Schlag,27,0B2EC4,1,,
rest_a_w_s3_l_a27,3,36,-,-,-,1:6 8:2 28:0 35:2,17,18,a,27,neuer Schlag,28,0B2EC4,1,,
rest_a_w_s3_l_a28,3,36,-,-,-,1:6 8:2 29:0 36:2,17,18,a,28,neuer Schlag,29,0B2EC4,1,,
rest_a_w_s3_l_a29,3,36,-,-,-,1:6 8:2 30:0 37:2,17,18,a,29,neuer Schlag,30,0B2EC4,1,,
rest_a_w_s3_l_a30,3,36,-,-,-,1:6 8:2 31:0 38:2,17,18,a,30,neuer Schlag,31,0B2EC4,1,,
rest_a_w_s3_l_a31,3,36,-,-,-,1:6 8:2 32:0 39:2,17,18,a,31,neuer Schlag,32,0B2EC4,1,,
rest_a_w_s3_l_a32,3,36,-,-,-,1:6 8:2 33:0 40:2,17,18,a,32,neuer Schlag,33,0B2EC4,1,,
rest_a_w_s3_l_a33,3,36,-,-,-,1:6 8:2 34:0 41:2,17,18,a,33,neuer Schlag,34,0B2EC4,1,,
rest_a_w_s3_l_a34,3,36,-,-,-,1:6 8:2 35:0 42:2,17,18,a,34,neuer Schlag,35,0B2EC4,1,,
rest_a_w_s3_l_a35,3,36,-,-,-,1:6 8:2 36:0 43:2,17,18,a,35,neuer Schlag,36,0B2EC4,1,,
rest_a_w_s3_l_a36,3,36,-,-,-,1:6 8:2 37:0 44:2,17,18,a,36,neuer Schlag,37,0B2EC4,1,,
rest_a_w_s3_l_hl,3,36,-,-,-,1:6 8:2,8,9,l,2,halten,,,,10,-
rest_a_w_s3_l_hr,3,36,-,-,-,1:6 8:2,8,9,r,2,halten,,,,10,-
rest_a_w_s3_l_hu,3,36,-,-,-,1:6 8:2,8,9,u,2,halten,,,,-,10
rest_a_w_s3_l_j2,3,36,-,-,-,1:6 8:2,17,18,j,2,verworfen,-,,,,
rest_a_w_s3_l_j3,3,36,-,-,-,1:6 8:2,17,18,j,3,verworfen,-,,,,
rest_a_w_s3_l_j4,3,36,-,-,-,1:6 8:2,17,18,j,4,verworfen,-,,,,
rest_a_w_s3_l_j5,3,36,-,-,-,1:6 8:2,17,18,j,5,verworfen,-,,,,
rest_a_w_s3_l_j6,3,36,-,-,-,1:6 8:2,17,18,j,6,verworfen,-,,,,
rest_a_w_s3_l_j7,3,36,-,-,-,1:6 8:2,17,18,j,7,verworfen,-,,,,
rest_a_w_s3_l_j8,3,36,-,-,-,1:6 8:2 9:0 50:2 56:0,8,56,j,8,Sprung,9,,,,
rest_a_w_s3_l_j9,3,36,-,-,-,1:6 8:2 10:0 51:2 57:0,9,57,j,9,Sprung,10,,,,
rest_a_w_s3_l_j10,3,36,-,-,-,1:6 8:2 11:0 52:2 58:0,10,58,j,10,Sprung,11,,,,
rest_a_w_s3_l_j11,3,36,-,-,-,1:6 8:2 12:0 53:2 59:0,11,59,j,11,Sprung,12,,,,
rest_a_w_s3_l_j12,3,36,-,-,-,1:6 8:2 13:0 54:2 60:0,12,60,j,12,Sprung,13,,,,
rest_a_w_s3_l_j13,3,36,-,-,-,1:6 8:2 14:0 55:2 61:0,13,61,j,13,Sprung,14,,,,
rest_a_w_s3_l_j14,3,36,-,-,-,1:6 8:2 15:0 56:2 62:0,14,62,j,14,Sprung,15,,,,
rest_a_w_s3_l_j15,3,36,-,-,-,1:6 8:2 16:0 57:2 63:0,15,63,j,15,Sprung,16,,,,
rest_a_w_s3_l_j16,3,36,-,-,-,1:6 8:2 17:0 58:2 64:0,16,64,j,16,Sprung,17,,,,
rest_a_w_s3_l_j17,3,36,-,-,-,1:6 8:2 18:0 59:2 65:0,17,65,j,17,Sprung,18,,,,
rest_a_w_s3_l_j18,3,36,-,-,-,1:6 8:2 19:0 60:2 66:0,17,18,j,18,Sprung,19,,,,
rest_a_w_s3_l_j19,3,36,-,-,-,1:6 8:2 20:0 61:2 67:0,17,18,j,19,Sprung,20,,,,
rest_a_w_s3_l_j20,3,36,-,-,-,1:6 8:2 21:0 62:2 68:0,17,18,j,20,Sprung,21,,,,
rest_a_w_s3_l_j21,3,36,-,-,-,1:6 8:2 22:0 63:2 69:0,17,18,j,21,Sprung,22,,,,
rest_a_w_s3_l_j22,3,36,-,-,-,1:6 8:2 23:0 64:2 70:0,17,18,j,22,Sprung,23,,,,
rest_a_w_s3_l_j23,3,36,-,-,-,1:6 8:2 24:0 65:2 71:0,17,18,j,23,Sprung,24,,,,
rest_a_w_s3_l_j24,3,36,-,-,-,1:6 8:2 25:0 66:2 72:0,17,18,j,24,Sprung,25,,,,
rest_a_w_s3_l_j25,3,36,-,-,-,1:6 8:2 26:0 67:2 73:0,17,18,j,25,Sprung,26,,,,
rest_a_w_s3_l_j26,3,36,-,-,-,1:6 8:2 27:0 68:2 74:0,17,18,j,26,Sprung,27,,,,
rest_a_w_s3_l_j27,3,36,-,-,-,1:6 8:2 28:0 69:2 75:0,17,18,j,27,Sprung,28,,,,
rest_a_w_s3_l_j28,3,36,-,-,-,1:6 8:2 29:0 70:2 76:0,17,18,j,28,Sprung,29,,,,
rest_a_w_s3_l_j29,3,36,-,-,-,1:6 8:2 30:0 71:2 77:0,17,18,j,29,Sprung,30,,,,
rest_a_w_s3_l_j30,3,36,-,-,-,1:6 8:2 31:0 72:2 78:0,17,18,j,30,Sprung,31,,,,
rest_a_w_s3_l_j31,3,36,-,-,-,1:6 8:2 32:0 73:2 79:0,17,18,j,31,Sprung,32,,,,
rest_a_w_s3_l_j32,3,36,-,-,-,1:6 8:2 33:0 74:2 80:0,17,18,j,32,Sprung,33,,,,
rest_a_w_s3_l_j33,3,36,-,-,-,1:6 8:2 34:0 75:2,17,18,j,33,Sprung,34,,,,
rest_a_w_s3_l_j34,3,36,-,-,-,1:6 8:2 35:0 76:2,17,18,j,34,Sprung,35,,,,
rest_a_w_s3_l_j35,3,36,-,-,-,1:6 8:2 36:0 77:2,17,18,j,35,Sprung,36,,,,
rest_a_w_s3_l_j36,3,36,-,-,-,1:6 8:2 37:0 78:2,17,18,j,36,Sprung,37,,,,
rest_a_w_s3_l_o,3,36,-,-,-,1:6 8:2,17,18,-,,,,,,,
rest_a_w_s3_t_a2,3,36,4,5,-,1:6 15:4 53:0 54:2 80:0,30,31,-,,,,,,,
rest_a_w_s3_t_a3,3,36,4,5,-,1:6 15:4 53:0 54:2 80:0,30,31,a,3,verworfen,-,0B3666,,,
rest_a_w_s3_t_a4,3,36,4,5,-,1:6 15:4 53:0 54:2 80:0,30,31,a,4,verworfen,-,0B3666,,,
rest_a_w_s3_t_a5,3,36,4,5,-,1:6 15:4 53:0 54:2 80:0,30,31,a,5,verworfen,-,0B3666,,,
rest_a_w_s3_t_a6,3,36,4,5,-,1:6 15:4 53:0 54:2 80:0,30,31,a,6,verworfen,-,0B3666,,,
rest_a_w_s3_t_a7,3,36,4,5,-,1:6 15:4 53:0 54:2 80:0,30,31,a,7,verworfen,-,0B3666,,,
rest_a_w_s3_t_a8,3,36,4,5,-,1:6 15:4 53:0 54:2 80:0,30,31,a,8,verworfen,-,0B3666,,,
rest_a_w_s3_t_a9,3,36,4,5,-,1:6 15:4 53:0 54:2 80:0,30,31,a,9,verworfen,-,0B3666,,,
rest_a_w_s3_t_a10,3,36,4,5,-,1:6 15:4 53:0 54:2 80:0,30,31,a,10,verworfen,-,0B3666,,,
rest_a_w_s3_t_a11,3,36,4,5,-,1:6 15:4 53:0 54:2 80:0,30,31,a,11,verworfen,-,0B3666,,,
rest_a_w_s3_t_a12,3,36,4,5,-,1:6 15:4 53:0 54:2 80:0,30,31,a,12,verworfen,-,0B3666,,,
rest_a_w_s3_t_a13,3,36,4,5,-,1:6 15:4 53:0 54:2 80:0,30,31,a,13,verworfen,-,0B3666,,,
rest_a_w_s3_t_a14,3,36,4,5,-,1:6 15:4 53:0 54:2 80:0,30,31,a,14,verworfen,-,0B3696,,,
rest_a_w_s3_t_a15,3,36,4,5,18,1:6 15:4 16:6 48:0,47,48,a,15,neuer Schlag,16,0B3EE8,4,,
rest_a_w_s3_t_a16,3,36,4,5,19,1:6 15:4 17:6 49:0,48,49,a,16,neuer Schlag,17,0B3EE8,4,,
rest_a_w_s3_t_a17,3,36,4,5,20,1:6 15:4 18:6 50:0,49,50,a,17,neuer Schlag,18,0B3EE8,4,,
rest_a_w_s3_t_a18,3,36,4,5,21,1:6 15:4 19:6 51:0,50,51,a,18,neuer Schlag,19,0B3EE8,4,,
rest_a_w_s3_t_a19,3,36,4,5,22,1:6 15:4 20:6 52:0,51,52,a,19,neuer Schlag,20,0B3EE8,4,,
rest_a_w_s3_t_a20,3,36,4,5,23,1:6 15:4 21:6 53:0,52,53,a,20,neuer Schlag,21,0B3EE8,4,,
rest_a_w_s3_t_a21,3,36,4,5,24,1:6 15:4 22:6 54:0,53,54,a,21,neuer Schlag,22,0B3EE8,4,,
rest_a_w_s3_t_a22,3,36,4,5,25,1:6 15:4 23:6 55:0,54,55,a,22,neuer Schlag,23,0B3EE8,4,,
rest_a_w_s3_t_a23,3,36,4,5,26,1:6 15:4 24:6 56:0,55,56,a,23,neuer Schlag,24,0B3EE8,4,,
rest_a_w_s3_t_a24,3,36,4,5,27,1:6 15:4 25:6 57:0,56,57,a,24,neuer Schlag,25,0B3EE8,4,,
rest_a_w_s3_t_a25,3,36,4,5,28,1:6 15:4 26:6 58:0,57,58,a,25,neuer Schlag,26,0B3EE8,4,,
rest_a_w_s3_t_a26,3,36,4,5,29,1:6 15:4 27:6 59:0,58,59,a,26,neuer Schlag,27,0B3EE8,4,,
rest_a_w_s3_t_a27,3,36,4,5,30,1:6 15:4 28:6 60:0,59,60,a,27,neuer Schlag,28,0B3EE8,4,,
rest_a_w_s3_t_a28,3,36,4,5,31,1:6 15:4 29:6 61:0,60,61,a,28,neuer Schlag,29,0B3EE8,4,,
rest_a_w_s3_t_a29,3,36,4,5,32,1:6 15:4 30:6 62:0,61,62,a,29,neuer Schlag,30,0B3EE8,4,,
rest_a_w_s3_t_a30,3,36,4,5,33,1:6 15:4 31:6 63:0,62,63,a,30,neuer Schlag,31,0B3EE8,4,,
rest_a_w_s3_t_a31,3,36,4,5,33,1:6 15:4 32:0 46:4,30,31,a,31,neuer Schlag,32,0B2EC4,1,,
rest_a_w_s3_t_a32,3,36,4,5,34,1:6 15:4 33:0 47:4,30,31,a,32,neuer Schlag,33,0B2EC4,1,,
rest_a_w_s3_t_a33,3,36,4,5,35,1:6 15:4 34:0 48:4,30,31,a,33,neuer Schlag,34,0B2EC4,1,,
rest_a_w_s3_t_a34,3,36,4,5,36,1:6 15:4 35:0 49:4,30,31,a,34,neuer Schlag,35,0B2EC4,1,,
rest_a_w_s3_t_a35,3,36,4,5,37,1:6 15:4 36:0 50:4,30,31,a,35,neuer Schlag,36,0B2EC4,1,,
rest_a_w_s3_t_a36,3,36,4,5,38,1:6 15:4 37:0 51:4,30,31,a,36,neuer Schlag,37,0B2EC4,1,,
rest_a_w_s3_t_hl,3,36,4,5,-,1:6 15:4,15,16,l,2,halten,,,,17,-
rest_a_w_s3_t_hu,3,36,4,5,-,1:6 15:4,30,31,u,2,halten,,,,-,32
rest_a_w_s3_t_j2,3,36,4,5,-,1:6 15:4 53:0 54:2 80:0,30,31,j,2,verworfen,-,,,,
rest_a_w_s3_t_j3,3,36,4,5,-,1:6 15:4 53:0 54:2 80:0,30,31,j,3,verworfen,-,,,,
rest_a_w_s3_t_j4,3,36,4,5,-,1:6 15:4 53:0 54:2 80:0,30,31,j,4,verworfen,-,,,,
rest_a_w_s3_t_j5,3,36,4,5,-,1:6 15:4 53:0 54:2 80:0,30,31,j,5,verworfen,-,,,,
rest_a_w_s3_t_j6,3,36,4,5,-,1:6 15:4 53:0 54:2 80:0,30,31,j,6,verworfen,-,,,,
rest_a_w_s3_t_j7,3,36,4,5,-,1:6 15:4 53:0 54:2 80:0,30,31,j,7,verworfen,-,,,,
rest_a_w_s3_t_j8,3,36,4,5,-,1:6 15:4 53:0 54:2 80:0,30,31,j,8,verworfen,-,,,,
rest_a_w_s3_t_j9,3,36,4,5,-,1:6 15:4 53:0 54:2 80:0,30,31,j,9,verworfen,-,,,,
rest_a_w_s3_t_j10,3,36,4,5,-,1:6 15:4 53:0 54:2 80:0,30,31,j,10,verworfen,-,,,,
rest_a_w_s3_t_j11,3,36,4,5,-,1:6 15:4 53:0 54:2 80:0,30,31,j,11,verworfen,-,,,,
rest_a_w_s3_t_j12,3,36,4,5,-,1:6 15:4 53:0 54:2 80:0,30,31,j,12,verworfen,-,,,,
rest_a_w_s3_t_j13,3,36,4,5,-,1:6 15:4 53:0 54:2 80:0,30,31,j,13,verworfen,-,,,,
rest_a_w_s3_t_j14,3,36,4,5,-,1:6 15:4 53:0 54:2 80:0,30,31,j,14,verworfen,-,,,,
rest_a_w_s3_t_j15,3,36,4,5,-,1:6 15:4 16:0 54:2,15,-,j,15,Sprung,16,,,,
rest_a_w_s3_t_j16,3,36,4,5,-,1:6 15:4 17:0 54:2,16,-,j,16,Sprung,17,,,,
rest_a_w_s3_t_j17,3,36,4,5,-,1:6 15:4 18:0 54:2,17,-,j,17,Sprung,18,,,,
rest_a_w_s3_t_j18,3,36,4,5,-,1:6 15:4 19:0 54:2,18,-,j,18,Sprung,19,,,,
rest_a_w_s3_t_j19,3,36,4,5,-,1:6 15:4 20:0 54:2,19,-,j,19,Sprung,20,,,,
rest_a_w_s3_t_j20,3,36,4,5,-,1:6 15:4 21:0 54:2,20,-,j,20,Sprung,21,,,,
rest_a_w_s3_t_j21,3,36,4,5,-,1:6 15:4 22:0 54:2,21,-,j,21,Sprung,22,,,,
rest_a_w_s3_t_j22,3,36,4,5,-,1:6 15:4 23:0 54:2,22,-,j,22,Sprung,23,,,,
rest_a_w_s3_t_j23,3,36,4,5,-,1:6 15:4 24:0 54:2,23,-,j,23,Sprung,24,,,,
rest_a_w_s3_t_j24,3,36,4,5,-,1:6 15:4 25:0 54:2,24,-,j,24,Sprung,25,,,,
rest_a_w_s3_t_j25,3,36,4,5,-,1:6 15:4 26:0 54:2,25,-,j,25,Sprung,26,,,,
rest_a_w_s3_t_j26,3,36,4,5,-,1:6 15:4 27:0 54:2,26,-,j,26,Sprung,27,,,,
rest_a_w_s3_t_j27,3,36,4,5,-,1:6 15:4 28:0 54:2,27,-,j,27,Sprung,28,,,,
rest_a_w_s3_t_j28,3,36,4,5,-,1:6 15:4 29:0 55:2,28,-,j,28,Sprung,29,,,,
rest_a_w_s3_t_j29,3,36,4,5,-,1:6 15:4 30:0 56:2,29,-,j,29,Sprung,30,,,,
rest_a_w_s3_t_j30,3,36,4,5,-,1:6 15:4 31:0 57:2,30,-,j,30,Sprung,31,,,,
rest_a_w_s3_t_j31,3,36,4,5,-,1:6 15:4 32:0 58:2,30,31,j,31,Sprung,32,,,,
rest_a_w_s3_t_j32,3,36,4,5,-,1:6 15:4 33:0 59:2,30,31,j,32,Sprung,33,,,,
rest_a_w_s3_t_j33,3,36,4,5,-,1:6 15:4 34:0 60:2,30,31,j,33,Sprung,34,,,,
rest_a_w_s3_t_j34,3,36,4,5,-,1:6 15:4 35:0 61:2,30,31,j,34,Sprung,35,,,,
rest_a_w_s3_t_j35,3,36,4,5,-,1:6 15:4 36:0 62:2,30,31,j,35,Sprung,36,,,,
rest_a_w_s3_t_j36,3,36,4,5,-,1:6 15:4 37:0 63:2,30,31,j,36,Sprung,37,,,,
rest_a_w_s3_t_o,3,36,4,5,-,1:6 15:4 53:0 54:2 80:0,30,31,-,,,,,,,
rest_a_w_s4_l_a2,4,54,-,-,-,1:6 26:0,25,26,-,,,,,,,
rest_a_w_s4_l_a3,4,54,-,-,-,1:6 26:0,25,26,a,3,verworfen,-,0B3F3E,,,
rest_a_w_s4_l_a4,4,54,-,-,-,1:6 26:0,25,26,a,4,verworfen,-,0B3F3E,,,
rest_a_w_s4_l_a5,4,54,-,-,-,1:6 26:0,25,26,a,5,verworfen,-,0B3F3E,,,
rest_a_w_s4_l_a6,4,54,-,-,-,1:6 26:0,25,26,a,6,verworfen,-,0B3F6A,,,
rest_a_w_s4_l_a7,4,54,-,-,-,1:6 26:0,25,26,a,7,verworfen,-,0B3F6A,,,
rest_a_w_s4_l_a8,4,54,-,-,-,1:6 26:0,25,26,a,8,verworfen,-,0B3F96,,,
rest_a_w_s4_l_a9,4,54,-,-,-,1:6 26:0,25,26,a,9,verworfen,-,0B3F96,,,
rest_a_w_s4_l_a10,4,54,-,-,-,1:6 26:0,25,26,a,10,verworfen,-,0B3FBC,,,
rest_a_w_s4_l_a11,4,54,-,-,-,1:6 26:0,25,26,a,11,verworfen,-,0B3FBC,,,
rest_a_w_s4_l_a12,4,54,-,-,-,1:6 26:0,25,26,a,12,verworfen,-,0B3FE2,,,
rest_a_w_s4_l_a13,4,54,-,-,-,1:6 26:0,25,26,a,13,verworfen,-,0B3FE2,,,
rest_a_w_s4_l_a14,4,54,-,-,-,1:6 26:0,25,26,a,14,verworfen,-,0B400C,,,
rest_a_w_s4_l_a15,4,54,-,-,-,1:6 26:0,25,26,a,15,verworfen,-,0B400C,,,
rest_a_w_s4_l_a16,4,54,-,-,-,1:6 26:0,25,26,a,16,verworfen,-,0B4038,,,
rest_a_w_s4_l_a17,4,54,-,-,-,1:6 26:0,25,26,a,17,verworfen,-,0B4038,,,
rest_a_w_s4_l_a18,4,54,-,-,-,1:6 26:0,25,26,a,18,verworfen,-,0B4038,,,
rest_a_w_s4_l_a19,4,54,-,-,-,1:6 26:0,25,26,a,19,verworfen,-,0B4038,,,
rest_a_w_s4_l_a20,4,54,-,-,-,1:6 26:0,25,26,a,20,verworfen,-,0B4066,,,
rest_a_w_s4_l_a21,4,54,-,-,-,1:6 26:0,25,26,a,21,verworfen,-,0B4066,,,
rest_a_w_s4_l_a22,4,54,-,-,-,1:6 26:0,25,26,a,22,verworfen,-,0B4094,,,
rest_a_w_s4_l_a23,4,54,-,-,-,1:6 26:0,25,26,a,23,verworfen,-,0B4094,,,
rest_a_w_s4_l_a24,4,54,-,-,-,1:6 26:0,25,26,a,24,verworfen,-,0B40C0,,,
rest_a_w_s4_l_a25,4,54,-,-,-,1:6 26:0,25,26,a,25,verworfen,-,0AFF30,,,
rest_a_w_s4_l_a26,4,54,-,-,-,1:6 26:0 34:2,25,26,a,26,neuer Schlag,27,0B2EC4,1,,
rest_a_w_s4_l_a27,4,54,-,-,-,1:6 26:0 35:2,25,26,a,27,neuer Schlag,28,0B2EC4,1,,
rest_a_w_s4_l_a28,4,54,-,-,-,1:6 26:0 36:2,25,26,a,28,neuer Schlag,29,0B2EC4,1,,
rest_a_w_s4_l_a29,4,54,-,-,-,1:6 26:0 37:2,25,26,a,29,neuer Schlag,30,0B2EC4,1,,
rest_a_w_s4_l_a30,4,54,-,-,-,1:6 26:0 38:2,25,26,a,30,neuer Schlag,31,0B2EC4,1,,
rest_a_w_s4_l_a31,4,54,-,-,-,1:6 26:0 39:2,25,26,a,31,neuer Schlag,32,0B2EC4,1,,
rest_a_w_s4_l_a32,4,54,-,-,-,1:6 26:0 40:2,25,26,a,32,neuer Schlag,33,0B2EC4,1,,
rest_a_w_s4_l_a33,4,54,-,-,-,1:6 26:0 41:2,25,26,a,33,neuer Schlag,34,0B2EC4,1,,
rest_a_w_s4_l_a34,4,54,-,-,-,1:6 26:0 42:2,25,26,a,34,neuer Schlag,35,0B2EC4,1,,
rest_a_w_s4_l_a35,4,54,-,-,-,1:6 26:0 43:2,25,26,a,35,neuer Schlag,36,0B2EC4,1,,
rest_a_w_s4_l_a36,4,54,-,-,-,1:6 26:0 44:2,25,26,a,36,neuer Schlag,37,0B2EC4,1,,
rest_a_w_s4_l_hl,4,54,-,-,-,1:6 26:0,25,26,l,2,halten,,,,27,-
rest_a_w_s4_l_hr,4,54,-,-,-,1:6 26:0,25,26,r,2,halten,,,,27,-
rest_a_w_s4_l_hu,4,54,-,-,-,1:6 26:0,25,26,u,2,halten,,,,-,27
rest_a_w_s4_l_j2,4,54,-,-,-,1:6 26:0,25,26,j,2,verworfen,-,,,,
rest_a_w_s4_l_j3,4,54,-,-,-,1:6 26:0,25,26,j,3,verworfen,-,,,,
rest_a_w_s4_l_j4,4,54,-,-,-,1:6 26:0,25,26,j,4,verworfen,-,,,,
rest_a_w_s4_l_j5,4,54,-,-,-,1:6 26:0,25,26,j,5,verworfen,-,,,,
rest_a_w_s4_l_j6,4,54,-,-,-,1:6 26:0,25,26,j,6,verworfen,-,,,,
rest_a_w_s4_l_j7,4,54,-,-,-,1:6 26:0,25,26,j,7,verworfen,-,,,,
rest_a_w_s4_l_j8,4,54,-,-,-,1:6 26:0,25,26,j,8,verworfen,-,,,,
rest_a_w_s4_l_j9,4,54,-,-,-,1:6 26:0,25,26,j,9,verworfen,-,,,,
rest_a_w_s4_l_j10,4,54,-,-,-,1:6 26:0,25,26,j,10,verworfen,-,,,,
rest_a_w_s4_l_j11,4,54,-,-,-,1:6 26:0,25,26,j,11,verworfen,-,,,,
rest_a_w_s4_l_j12,4,54,-,-,-,1:6 26:0,25,26,j,12,verworfen,-,,,,
rest_a_w_s4_l_j13,4,54,-,-,-,1:6 26:0,25,26,j,13,verworfen,-,,,,
rest_a_w_s4_l_j14,4,54,-,-,-,1:6 26:0,25,26,j,14,verworfen,-,,,,
rest_a_w_s4_l_j15,4,54,-,-,-,1:6 26:0,25,26,j,15,verworfen,-,,,,
rest_a_w_s4_l_j16,4,54,-,-,-,1:6 26:0,25,26,j,16,verworfen,-,,,,
rest_a_w_s4_l_j17,4,54,-,-,-,1:6 26:0,25,26,j,17,verworfen,-,,,,
rest_a_w_s4_l_j18,4,54,-,-,-,1:6 26:0,25,26,j,18,verworfen,-,,,,
rest_a_w_s4_l_j19,4,54,-,-,-,1:6 26:0,25,26,j,19,verworfen,-,,,,
rest_a_w_s4_l_j20,4,54,-,-,-,1:6 26:0,25,26,j,20,verworfen,-,,,,
rest_a_w_s4_l_j21,4,54,-,-,-,1:6 26:0,25,26,j,21,verworfen,-,,,,
rest_a_w_s4_l_j22,4,54,-,-,-,1:6 26:0,25,26,j,22,verworfen,-,,,,
rest_a_w_s4_l_j23,4,54,-,-,-,1:6 26:0,25,26,j,23,verworfen,-,,,,
rest_a_w_s4_l_j24,4,54,-,-,-,1:6 26:0,25,26,j,24,verworfen,-,,,,
rest_a_w_s4_l_j25,4,54,-,-,-,1:6 26:0,25,26,j,25,verworfen,-,,,,
rest_a_w_s4_l_j26,4,54,-,-,-,1:6 26:0 68:2 74:0,25,26,j,26,Sprung,27,,,,
rest_a_w_s4_l_j27,4,54,-,-,-,1:6 26:0 69:2 75:0,25,26,j,27,Sprung,28,,,,
rest_a_w_s4_l_j28,4,54,-,-,-,1:6 26:0 70:2 76:0,25,26,j,28,Sprung,29,,,,
rest_a_w_s4_l_j29,4,54,-,-,-,1:6 26:0 71:2 77:0,25,26,j,29,Sprung,30,,,,
rest_a_w_s4_l_j30,4,54,-,-,-,1:6 26:0 72:2 78:0,25,26,j,30,Sprung,31,,,,
rest_a_w_s4_l_j31,4,54,-,-,-,1:6 26:0 73:2 79:0,25,26,j,31,Sprung,32,,,,
rest_a_w_s4_l_j32,4,54,-,-,-,1:6 26:0 74:2 80:0,25,26,j,32,Sprung,33,,,,
rest_a_w_s4_l_j33,4,54,-,-,-,1:6 26:0 75:2,25,26,j,33,Sprung,34,,,,
rest_a_w_s4_l_j34,4,54,-,-,-,1:6 26:0 76:2,25,26,j,34,Sprung,35,,,,
rest_a_w_s4_l_j35,4,54,-,-,-,1:6 26:0 77:2,25,26,j,35,Sprung,36,,,,
rest_a_w_s4_l_j36,4,54,-,-,-,1:6 26:0 78:2,25,26,j,36,Sprung,37,,,,
rest_a_w_s4_l_o,4,54,-,-,-,1:6 26:0,25,26,-,,,,,,,
rest_a_w_s4_t_a2,4,54,3,10,-,1:6 33:0,32,33,-,,,,,,,
rest_a_w_s4_t_a3,4,54,3,10,-,1:6 33:0,32,33,a,3,verworfen,-,0B3F3E,,,
rest_a_w_s4_t_a4,4,54,3,10,-,1:6 33:0,32,33,a,4,verworfen,-,0B3F3E,,,
rest_a_w_s4_t_a5,4,54,3,10,-,1:6 33:0,32,33,a,5,verworfen,-,0B3F3E,,,
rest_a_w_s4_t_a6,4,54,3,10,-,1:6 33:0,32,33,a,6,verworfen,-,0B3F3E,,,
rest_a_w_s4_t_a7,4,54,3,10,-,1:6 33:0,32,33,a,7,verworfen,-,0B3F3E,,,
rest_a_w_s4_t_a8,4,54,3,10,-,1:6 33:0,32,33,a,8,verworfen,-,0B3F3E,,,
rest_a_w_s4_t_a9,4,54,3,10,-,1:6 33:0,32,33,a,9,verworfen,-,0B3F3E,,,
rest_a_w_s4_t_a10,4,54,3,10,-,1:6 33:0,32,33,a,10,verworfen,-,0B3F3E,,,
rest_a_w_s4_t_a11,4,54,3,10,-,1:6 33:0,32,33,a,11,verworfen,-,0B3F3E,,,
rest_a_w_s4_t_a12,4,54,3,10,-,1:6 33:0,32,33,a,12,verworfen,-,0B3F3E,,,
rest_a_w_s4_t_a13,4,54,3,10,-,1:6 33:0,32,33,a,13,verworfen,-,0B3F6A,,,
rest_a_w_s4_t_a14,4,54,3,10,-,1:6 33:0,32,33,a,14,verworfen,-,0B3F6A,,,
rest_a_w_s4_t_a15,4,54,3,10,-,1:6 33:0,32,33,a,15,verworfen,-,0B3F96,,,
rest_a_w_s4_t_a16,4,54,3,10,-,1:6 33:0,32,33,a,16,verworfen,-,0B3F96,,,
rest_a_w_s4_t_a17,4,54,3,10,-,1:6 33:0,32,33,a,17,verworfen,-,0B3FBC,,,
rest_a_w_s4_t_a18,4,54,3,10,-,1:6 33:0,32,33,a,18,verworfen,-,0B3FBC,,,
rest_a_w_s4_t_a19,4,54,3,10,-,1:6 33:0,32,33,a,19,verworfen,-,0B3FE2,,,
rest_a_w_s4_t_a20,4,54,3,10,-,1:6 33:0,32,33,a,20,verworfen,-,0B3FE2,,,
rest_a_w_s4_t_a21,4,54,3,10,-,1:6 33:0,32,33,a,21,verworfen,-,0B400C,,,
rest_a_w_s4_t_a22,4,54,3,10,-,1:6 33:0,32,33,a,22,verworfen,-,0B400C,,,
rest_a_w_s4_t_a23,4,54,3,10,-,1:6 33:0,32,33,a,23,verworfen,-,0B4038,,,
rest_a_w_s4_t_a24,4,54,3,10,-,1:6 33:0,32,33,a,24,verworfen,-,0B4038,,,
rest_a_w_s4_t_a25,4,54,3,10,-,1:6 33:0,32,33,a,25,verworfen,-,0B4038,,,
rest_a_w_s4_t_a26,4,54,3,10,-,1:6 33:0,32,33,a,26,verworfen,-,0B4038,,,
rest_a_w_s4_t_a27,4,54,3,10,-,1:6 33:0,32,33,a,27,verworfen,-,0B4066,,,
rest_a_w_s4_t_a28,4,54,3,10,-,1:6 33:0,32,33,a,28,verworfen,-,0B4066,,,
rest_a_w_s4_t_a29,4,54,3,10,-,1:6 33:0,32,33,a,29,verworfen,-,0B4094,,,
rest_a_w_s4_t_a30,4,54,3,10,-,1:6 33:0,32,33,a,30,verworfen,-,0B4094,,,
rest_a_w_s4_t_a31,4,54,3,10,-,1:6 33:0,32,33,a,31,verworfen,-,0B40C0,,,
rest_a_w_s4_t_a32,4,54,3,10,-,1:6 33:0,32,33,a,32,verworfen,-,0AFF30,,,
rest_a_w_s4_t_a33,4,54,3,10,-,1:6 33:0 41:2,32,33,a,33,neuer Schlag,34,0B2EC4,1,,
rest_a_w_s4_t_a34,4,54,3,10,-,1:6 33:0 42:2,32,33,a,34,neuer Schlag,35,0B2EC4,1,,
rest_a_w_s4_t_a35,4,54,3,10,-,1:6 33:0 43:2,32,33,a,35,neuer Schlag,36,0B2EC4,1,,
rest_a_w_s4_t_a36,4,54,3,10,-,1:6 33:0 44:2,32,33,a,36,neuer Schlag,37,0B2EC4,1,,
rest_a_w_s4_t_hl,4,54,3,10,-,1:6 33:0,32,33,l,2,halten,,,,34,-
rest_a_w_s4_t_hu,4,54,3,10,-,1:6 33:0,32,33,u,2,halten,,,,-,34
rest_a_w_s4_t_j2,4,54,3,10,-,1:6 33:0,32,33,j,2,verworfen,-,,,,
rest_a_w_s4_t_j3,4,54,3,10,-,1:6 33:0,32,33,j,3,verworfen,-,,,,
rest_a_w_s4_t_j4,4,54,3,10,-,1:6 33:0,32,33,j,4,verworfen,-,,,,
rest_a_w_s4_t_j5,4,54,3,10,-,1:6 33:0,32,33,j,5,verworfen,-,,,,
rest_a_w_s4_t_j6,4,54,3,10,-,1:6 33:0,32,33,j,6,verworfen,-,,,,
rest_a_w_s4_t_j7,4,54,3,10,-,1:6 33:0,32,33,j,7,verworfen,-,,,,
rest_a_w_s4_t_j8,4,54,3,10,-,1:6 33:0,32,33,j,8,verworfen,-,,,,
rest_a_w_s4_t_j9,4,54,3,10,-,1:6 33:0,32,33,j,9,verworfen,-,,,,
rest_a_w_s4_t_j10,4,54,3,10,-,1:6 33:0,32,33,j,10,verworfen,-,,,,
rest_a_w_s4_t_j11,4,54,3,10,-,1:6 33:0,32,33,j,11,verworfen,-,,,,
rest_a_w_s4_t_j12,4,54,3,10,-,1:6 33:0,32,33,j,12,verworfen,-,,,,
rest_a_w_s4_t_j13,4,54,3,10,-,1:6 33:0,32,33,j,13,verworfen,-,,,,
rest_a_w_s4_t_j14,4,54,3,10,-,1:6 33:0,32,33,j,14,verworfen,-,,,,
rest_a_w_s4_t_j15,4,54,3,10,-,1:6 33:0,32,33,j,15,verworfen,-,,,,
rest_a_w_s4_t_j16,4,54,3,10,-,1:6 33:0,32,33,j,16,verworfen,-,,,,
rest_a_w_s4_t_j17,4,54,3,10,-,1:6 33:0,32,33,j,17,verworfen,-,,,,
rest_a_w_s4_t_j18,4,54,3,10,-,1:6 33:0,32,33,j,18,verworfen,-,,,,
rest_a_w_s4_t_j19,4,54,3,10,-,1:6 33:0,32,33,j,19,verworfen,-,,,,
rest_a_w_s4_t_j20,4,54,3,10,-,1:6 33:0,32,33,j,20,verworfen,-,,,,
rest_a_w_s4_t_j21,4,54,3,10,-,1:6 33:0,32,33,j,21,verworfen,-,,,,
rest_a_w_s4_t_j22,4,54,3,10,-,1:6 33:0,32,33,j,22,verworfen,-,,,,
rest_a_w_s4_t_j23,4,54,3,10,-,1:6 33:0,32,33,j,23,verworfen,-,,,,
rest_a_w_s4_t_j24,4,54,3,10,-,1:6 33:0,32,33,j,24,verworfen,-,,,,
rest_a_w_s4_t_j25,4,54,3,10,-,1:6 33:0,32,33,j,25,verworfen,-,,,,
rest_a_w_s4_t_j26,4,54,3,10,-,1:6 33:0,32,33,j,26,verworfen,-,,,,
rest_a_w_s4_t_j27,4,54,3,10,-,1:6 33:0,32,33,j,27,verworfen,-,,,,
rest_a_w_s4_t_j28,4,54,3,10,-,1:6 33:0,32,33,j,28,verworfen,-,,,,
rest_a_w_s4_t_j29,4,54,3,10,-,1:6 33:0,32,33,j,29,verworfen,-,,,,
rest_a_w_s4_t_j30,4,54,3,10,-,1:6 33:0,32,33,j,30,verworfen,-,,,,
rest_a_w_s4_t_j31,4,54,3,10,-,1:6 33:0,32,33,j,31,verworfen,-,,,,
rest_a_w_s4_t_j32,4,54,3,10,-,1:6 33:0,32,33,j,32,verworfen,-,,,,
rest_a_w_s4_t_j33,4,54,3,10,-,1:6 33:0 75:2,32,33,j,33,Sprung,34,,,,
rest_a_w_s4_t_j34,4,54,3,10,-,1:6 33:0 76:2,32,33,j,34,Sprung,35,,,,
rest_a_w_s4_t_j35,4,54,3,10,-,1:6 33:0 77:2,32,33,j,35,Sprung,36,,,,
rest_a_w_s4_t_j36,4,54,3,10,-,1:6 33:0 78:2,32,33,j,36,Sprung,37,,,,
rest_a_w_s4_t_o,4,54,3,10,-,1:6 33:0,32,33,-,,,,,,,
rest_a_w_s4_z_a2,4,54,17,10,-,1:6 33:0,32,33,-,,,,,,,
rest_a_w_s4_z_a3,4,54,17,10,-,1:6 33:0,32,33,a,3,verworfen,-,0B3F3E,,,
rest_a_w_s4_z_a4,4,54,17,10,-,1:6 33:0,32,33,a,4,verworfen,-,0B3F3E,,,
rest_a_w_s4_z_a5,4,54,17,10,-,1:6 33:0,32,33,a,5,verworfen,-,0B3F3E,,,
rest_a_w_s4_z_a6,4,54,17,10,-,1:6 33:0,32,33,a,6,verworfen,-,0B3F6A,,,
rest_a_w_s4_z_a7,4,54,17,10,-,1:6 33:0,32,33,a,7,verworfen,-,0B3F6A,,,
rest_a_w_s4_z_a8,4,54,17,10,-,1:6 33:0,32,33,a,8,verworfen,-,0B3F96,,,
rest_a_w_s4_z_a9,4,54,17,10,-,1:6 33:0,32,33,a,9,verworfen,-,0B3F96,,,
rest_a_w_s4_z_a10,4,54,17,10,-,1:6 33:0,32,33,a,10,verworfen,-,0B3FBC,,,
rest_a_w_s4_z_a11,4,54,17,10,-,1:6 33:0,32,33,a,11,verworfen,-,0B3FBC,,,
rest_a_w_s4_z_a12,4,54,17,10,-,1:6 33:0,32,33,a,12,verworfen,-,0B3FE2,,,
rest_a_w_s4_z_a13,4,54,17,10,-,1:6 33:0,32,33,a,13,verworfen,-,0B3FE2,,,
rest_a_w_s4_z_a14,4,54,17,10,-,1:6 33:0,32,33,a,14,verworfen,-,0B400C,,,
rest_a_w_s4_z_a15,4,54,17,10,-,1:6 33:0,32,33,a,15,verworfen,-,0B400C,,,
rest_a_w_s4_z_a16,4,54,17,10,-,1:6 33:0,32,33,a,16,verworfen,-,0B4038,,,
rest_a_w_s4_z_a17,4,54,17,10,-,1:6 33:0,32,33,a,17,verworfen,-,0B4038,,,
rest_a_w_s4_z_a18,4,54,17,10,-,1:6 33:0,32,33,a,18,verworfen,-,0B4038,,,
rest_a_w_s4_z_a19,4,54,17,10,-,1:6 33:0,32,33,a,19,verworfen,-,0B4038,,,
rest_a_w_s4_z_a20,4,54,17,10,-,1:6 33:0,32,33,a,20,verworfen,-,0B4038,,,
rest_a_w_s4_z_a21,4,54,17,10,-,1:6 33:0,32,33,a,21,verworfen,-,0B4038,,,
rest_a_w_s4_z_a22,4,54,17,10,-,1:6 33:0,32,33,a,22,verworfen,-,0B4038,,,
rest_a_w_s4_z_a23,4,54,17,10,-,1:6 33:0,32,33,a,23,verworfen,-,0B4038,,,
rest_a_w_s4_z_a24,4,54,17,10,-,1:6 33:0,32,33,a,24,verworfen,-,0B4038,,,
rest_a_w_s4_z_a25,4,54,17,10,-,1:6 33:0,32,33,a,25,verworfen,-,0B4038,,,
rest_a_w_s4_z_a26,4,54,17,10,-,1:6 33:0,32,33,a,26,verworfen,-,0B4038,,,
rest_a_w_s4_z_a27,4,54,17,10,-,1:6 33:0,32,33,a,27,verworfen,-,0B4066,,,
rest_a_w_s4_z_a28,4,54,17,10,-,1:6 33:0,32,33,a,28,verworfen,-,0B4066,,,
rest_a_w_s4_z_a29,4,54,17,10,-,1:6 33:0,32,33,a,29,verworfen,-,0B4094,,,
rest_a_w_s4_z_a30,4,54,17,10,-,1:6 33:0,32,33,a,30,verworfen,-,0B4094,,,
rest_a_w_s4_z_a31,4,54,17,10,-,1:6 33:0,32,33,a,31,verworfen,-,0B40C0,,,
rest_a_w_s4_z_a32,4,54,17,10,-,1:6 33:0,32,33,a,32,verworfen,-,0AFF30,,,
rest_a_w_s4_z_a33,4,54,17,10,-,1:6 33:0 41:2,32,33,a,33,neuer Schlag,34,0B2EC4,1,,
rest_a_w_s4_z_a34,4,54,17,10,-,1:6 33:0 42:2,32,33,a,34,neuer Schlag,35,0B2EC4,1,,
rest_a_w_s4_z_a35,4,54,17,10,-,1:6 33:0 43:2,32,33,a,35,neuer Schlag,36,0B2EC4,1,,
rest_a_w_s4_z_a36,4,54,17,10,-,1:6 33:0 44:2,32,33,a,36,neuer Schlag,37,0B2EC4,1,,
rest_a_w_s4_z_a37,4,54,17,10,-,1:6 33:0 45:2,32,33,a,37,neuer Schlag,38,0B2EC4,1,,
rest_a_w_s4_z_a38,4,54,17,10,-,1:6 33:0 46:2,32,33,a,38,neuer Schlag,39,0B2EC4,1,,
rest_a_w_s4_z_a39,4,54,17,10,-,1:6 33:0 47:2,32,33,a,39,neuer Schlag,40,0B2EC4,1,,
rest_a_w_s4_z_a40,4,54,17,10,-,1:6 33:0 48:2,32,33,a,40,neuer Schlag,41,0B2EC4,1,,
rest_a_w_s4_z_a41,4,54,17,10,-,1:6 33:0 49:2,32,33,a,41,neuer Schlag,42,0B2EC4,1,,
rest_a_w_s4_z_a42,4,54,17,10,-,1:6 33:0 50:2,32,33,a,42,neuer Schlag,43,0B2EC4,1,,
rest_a_w_s4_z_a43,4,54,17,10,-,1:6 33:0 51:2,32,33,a,43,neuer Schlag,44,0B2EC4,1,,
rest_a_w_s4_z_a44,4,54,17,10,-,1:6 33:0 52:2,32,33,a,44,neuer Schlag,45,0B2EC4,1,,
rest_a_w_s4_z_a45,4,54,17,10,-,1:6 33:0 53:2,32,33,a,45,neuer Schlag,46,0B2EC4,1,,
rest_a_w_s4_z_a46,4,54,17,10,-,1:6 33:0 54:2,32,33,a,46,neuer Schlag,47,0B2EC4,1,,
rest_a_w_s4_z_hl,4,54,17,10,-,1:6 33:0,32,33,l,2,halten,,,,34,-
rest_a_w_s4_z_hu,4,54,17,10,-,1:6 33:0,32,33,u,2,halten,,,,-,34
rest_a_w_s4_z_j2,4,54,17,10,-,1:6 33:0,32,33,j,2,verworfen,-,,,,
rest_a_w_s4_z_j3,4,54,17,10,-,1:6 33:0,32,33,j,3,verworfen,-,,,,
rest_a_w_s4_z_j4,4,54,17,10,-,1:6 33:0,32,33,j,4,verworfen,-,,,,
rest_a_w_s4_z_j5,4,54,17,10,-,1:6 33:0,32,33,j,5,verworfen,-,,,,
rest_a_w_s4_z_j6,4,54,17,10,-,1:6 33:0,32,33,j,6,verworfen,-,,,,
rest_a_w_s4_z_j7,4,54,17,10,-,1:6 33:0,32,33,j,7,verworfen,-,,,,
rest_a_w_s4_z_j8,4,54,17,10,-,1:6 33:0,32,33,j,8,verworfen,-,,,,
rest_a_w_s4_z_j9,4,54,17,10,-,1:6 33:0,32,33,j,9,verworfen,-,,,,
rest_a_w_s4_z_j10,4,54,17,10,-,1:6 33:0,32,33,j,10,verworfen,-,,,,
rest_a_w_s4_z_j11,4,54,17,10,-,1:6 33:0,32,33,j,11,verworfen,-,,,,
rest_a_w_s4_z_j12,4,54,17,10,-,1:6 33:0,32,33,j,12,verworfen,-,,,,
rest_a_w_s4_z_j13,4,54,17,10,-,1:6 33:0,32,33,j,13,verworfen,-,,,,
rest_a_w_s4_z_j14,4,54,17,10,-,1:6 33:0,32,33,j,14,verworfen,-,,,,
rest_a_w_s4_z_j15,4,54,17,10,-,1:6 33:0,32,33,j,15,verworfen,-,,,,
rest_a_w_s4_z_j16,4,54,17,10,-,1:6 33:0,32,33,j,16,verworfen,-,,,,
rest_a_w_s4_z_j17,4,54,17,10,-,1:6 33:0,32,33,j,17,verworfen,-,,,,
rest_a_w_s4_z_j18,4,54,17,10,-,1:6 33:0,32,33,j,18,verworfen,-,,,,
rest_a_w_s4_z_j19,4,54,17,10,-,1:6 33:0,32,33,j,19,verworfen,-,,,,
rest_a_w_s4_z_j20,4,54,17,10,-,1:6 33:0,32,33,j,20,verworfen,-,,,,
rest_a_w_s4_z_j21,4,54,17,10,-,1:6 33:0,32,33,j,21,verworfen,-,,,,
rest_a_w_s4_z_j22,4,54,17,10,-,1:6 33:0,32,33,j,22,verworfen,-,,,,
rest_a_w_s4_z_j23,4,54,17,10,-,1:6 33:0,32,33,j,23,verworfen,-,,,,
rest_a_w_s4_z_j24,4,54,17,10,-,1:6 33:0,32,33,j,24,verworfen,-,,,,
rest_a_w_s4_z_j25,4,54,17,10,-,1:6 33:0,32,33,j,25,verworfen,-,,,,
rest_a_w_s4_z_j26,4,54,17,10,-,1:6 33:0,32,33,j,26,verworfen,-,,,,
rest_a_w_s4_z_j27,4,54,17,10,-,1:6 33:0,32,33,j,27,verworfen,-,,,,
rest_a_w_s4_z_j28,4,54,17,10,-,1:6 33:0,32,33,j,28,verworfen,-,,,,
rest_a_w_s4_z_j29,4,54,17,10,-,1:6 33:0,32,33,j,29,verworfen,-,,,,
rest_a_w_s4_z_j30,4,54,17,10,-,1:6 33:0,32,33,j,30,verworfen,-,,,,
rest_a_w_s4_z_j31,4,54,17,10,-,1:6 33:0,32,33,j,31,verworfen,-,,,,
rest_a_w_s4_z_j32,4,54,17,10,-,1:6 33:0,32,33,j,32,verworfen,-,,,,
rest_a_w_s4_z_j33,4,54,17,10,-,1:6 33:0 75:2,32,33,j,33,Sprung,34,,,,
rest_a_w_s4_z_j34,4,54,17,10,-,1:6 33:0 76:2,32,33,j,34,Sprung,35,,,,
rest_a_w_s4_z_j35,4,54,17,10,-,1:6 33:0 77:2,32,33,j,35,Sprung,36,,,,
rest_a_w_s4_z_j36,4,54,17,10,-,1:6 33:0 78:2,32,33,j,36,Sprung,37,,,,
rest_a_w_s4_z_j37,4,54,17,10,-,1:6 33:0 79:2,32,33,j,37,Sprung,38,,,,
rest_a_w_s4_z_j38,4,54,17,10,-,1:6 33:0 80:2,32,33,j,38,Sprung,39,,,,
rest_a_w_s4_z_j39,4,54,17,10,-,1:6 33:0,32,33,j,39,Sprung,40,,,,
rest_a_w_s4_z_j40,4,54,17,10,-,1:6 33:0,32,33,j,40,Sprung,41,,,,
rest_a_w_s4_z_j41,4,54,17,10,-,1:6 33:0,32,33,j,41,Sprung,42,,,,
rest_a_w_s4_z_j42,4,54,17,10,-,1:6 33:0,32,33,j,42,Sprung,43,,,,
rest_a_w_s4_z_j43,4,54,17,10,-,1:6 33:0,32,33,j,43,Sprung,44,,,,
rest_a_w_s4_z_j44,4,54,17,10,-,1:6 33:0,32,33,j,44,Sprung,45,,,,
rest_a_w_s4_z_j45,4,54,17,10,-,1:6 33:0,32,33,j,45,Sprung,46,,,,
rest_a_w_s4_z_j46,4,54,17,10,-,1:6 33:0,32,33,j,46,Sprung,47,,,,
rest_a_w_s4_z_o,4,54,17,10,-,1:6 33:0,32,33,-,,,,,,,
#
# Teil B: Sprungangriff hoch (CC_DIR=u im Frame des Sprungdrucks) und runter (CC_ADIR=d mit dem Angriff).
# EINGRIFF: Gegner nur im Probeframe T bei dx/dz, sonst 200 px entfernt (ab kontakt_b WOOKY Slot 16
# 300 px entfernt). Gruppen rest_b_<g>_<var>_a<A-J> (aktive Frames), _x<T-A> (x), _xg (grob),
# _z<T-A> (Tiefe vorn bei dx 30), _zh<T-A> (Tiefe hinten bei dx -20). rest_b_nat_*: ohne Eingriff.
gruppe,variante,J,A,art,ergebnis,schaden,umgeworfen
rest_b_e_hoch_a2,hoch,3,5,fenster,Treffer in A+7(h29) A+8(h32) A+9(h35) A+10(h38); kein Treffer in A+5(h22) A+6(h26) A+11(h40) A+12(h43),12,ja
rest_b_e_hoch_a11,hoch,3,14,fenster,Treffer in -; kein Treffer in A+5(h46) A+6(h48) A+7(h49) A+8(h50) A+9(h50) A+10(h51) A+11(h51) A+12(h51),-,-
rest_b_e_hoch_a19,hoch,3,22,fenster,Treffer in A+8(h48) A+9(h47) A+10(h45); kein Treffer in A+5(h51) A+6(h50) A+7(h49) A+11(h44) A+12(h41),12,ja
rest_b_e_hoch_a31,hoch,3,34,fenster,Treffer in A+7(h20) A+8(h16) A+9(h12) A+10(h7); kein Treffer in A+5(h27) A+6(h24) A+11(h2) A+12(h0),12,ja
rest_b_e_hoch_x7,hoch,3,9,x (T=A+7, h 40),Treffer bei -32 -31 -30 78 79 80 81 82 83 84 85; kein Treffer bei -38 -37 -36 -35 -34 -33 86 87 88,12,ja
rest_b_e_hoch_x10,hoch,3,9,x (T=A+10, h 46),Treffer bei -32 -31 -30 78 79 80 81 82 83 84 85; kein Treffer bei -38 -37 -36 -35 -34 -33 86 87 88,12,ja
rest_b_e_hoch_z7,hoch,3,9,tiefe (T=A+7, h 40),Treffer bei -12 -11 11 12 12; kein Treffer bei -14 -13 13,12,ja
rest_b_e_runter_a3,runter,3,6,fenster,Treffer in A+9(h38) A+10(h40) A+28(h41) A+29(h39) A+30(h37) A+31(h34) A+32(h31); kein Treffer in A+5(h26) A+6(h29) A+7(h32) A+8(h35) A+11(h43) A+12(h44) A+13(h46) A+14(h48) A+15(h49) A+16(h50) A+17(h50) A+18(h51) A+19(h51) A+20(h51) A+21(h51) A+22(h50) A+23(h49) A+24(h48) A+25(h47) A+26(h45) A+27(h44) A+33(h27) A+34(h24) A+35(h20) A+36(h16),4,nein
rest_b_e_runter_a16,runter,3,19,fenster,Treffer in A+15(h41) A+16(h39) A+17(h37) A+18(h34) A+19(h31) A+20(h27) A+21(h24) A+22(h20) A+23(h16) A+24(h12) A+25(h7) A+26(h2); kein Treffer in A+5(h51) A+6(h51) A+7(h51) A+8(h51) A+9(h50) A+10(h49) A+11(h48) A+12(h47) A+13(h45) A+14(h44) A+27(h0) A+28(h0) A+29(h0) A+30(h0),4,nein
rest_b_e_runter_a26,runter,3,29,fenster,Treffer in A+9(h31) A+10(h27) A+11(h24) A+12(h20) A+13(h16) A+14(h12) A+15(h7) A+16(h2); kein Treffer in A+5(h41) A+6(h39) A+7(h37) A+8(h34) A+17(h0) A+18(h0) A+19(h0) A+20(h0),4,nein
rest_b_e_runter_x11,runter,3,23,x (T=A+11, h 41),Treffer bei -41 -40 -39 -38 -37 37 38 39 40 41 42; kein Treffer bei -46 -45 -44 -43 -42 43 44 45 46,4,nein
rest_b_e_runter_x18,runter,3,23,x (T=A+18, h 20),Treffer bei -41 -40 -39 -38 -37 37 38 39 40 41 42; kein Treffer bei -46 -45 -44 -43 -42 43 44 45 46,4,nein
rest_b_e_runter_z11,runter,3,23,tiefe (T=A+11, h 41),Treffer bei -12 -11 11 12 12; kein Treffer bei -14 -13 13,4,nein
rest_b_w_hoch_a1,hoch,4,5,fenster,Treffer in A+7(h26) A+8(h29) A+9(h32) A+10(h35); kein Treffer in A+1(h0) A+2(h5) A+3(h9) A+4(h14) A+5(h18) A+6(h22) A+11(h38) A+12(h40) A+13(h43) A+14(h44),12,ja
rest_b_w_hoch_a6,hoch,4,10,fenster,Treffer in A+7(h40) A+8(h43) A+9(h44) A+10(h46); kein Treffer in A+1(h22) A+2(h26) A+3(h29) A+4(h32) A+5(h35) A+6(h38) A+11(h48) A+12(h49) A+13(h50) A+14(h50),12,ja
rest_b_w_hoch_a11,hoch,4,15,fenster,Treffer in -; kein Treffer in A+1(h38) A+2(h40) A+3(h43) A+4(h44) A+5(h46) A+6(h48) A+7(h49) A+8(h50) A+9(h50) A+10(h51) A+11(h51) A+12(h51) A+13(h51) A+14(h50),-,-
rest_b_w_hoch_a12,hoch,4,16,fenster,Treffer in -; kein Treffer in A+1(h40) A+2(h43) A+3(h44) A+4(h46) A+5(h48) A+6(h49) A+7(h50) A+8(h50) A+9(h51) A+10(h51) A+11(h51) A+12(h51) A+13(h50) A+14(h49),-,-
rest_b_w_hoch_a19,hoch,4,23,fenster,Treffer in A+8(h48) A+9(h47) A+10(h45); kein Treffer in A+1(h50) A+2(h51) A+3(h51) A+4(h51) A+5(h51) A+6(h50) A+7(h49) A+11(h44) A+12(h41) A+13(h39) A+14(h37),12,ja
rest_b_w_hoch_a20,hoch,4,24,fenster,Treffer in A+7(h48) A+8(h47) A+9(h45) A+10(h44); kein Treffer in A+1(h51) A+2(h51) A+3(h51) A+4(h51) A+5(h50) A+6(h49) A+11(h41) A+12(h39) A+13(h37) A+14(h34),12,ja
rest_b_w_hoch_a28,hoch,4,32,fenster,Treffer in A+7(h31) A+8(h27) A+9(h24) A+10(h20); kein Treffer in A+1(h45) A+2(h44) A+3(h41) A+4(h39) A+5(h37) A+6(h34) A+11(h16) A+12(h12) A+13(h7) A+14(h2),12,ja
rest_b_w_hoch_a32,hoch,4,36,fenster,Treffer in A+7(h16) A+8(h12) A+9(h7) A+10(h2); kein Treffer in A+1(h37) A+2(h34) A+3(h31) A+4(h27) A+5(h24) A+6(h20) A+11(h0) A+12(h0) A+13(h0) A+14(h0),12,ja
rest_b_w_hoch_a33,hoch,4,37,fenster,Treffer in A+7(h12) A+8(h7) A+9(h2); kein Treffer in A+1(h34) A+2(h31) A+3(h27) A+4(h24) A+5(h20) A+6(h16) A+10(h0) A+11(h0) A+12(h0) A+13(h0) A+14(h0),12,ja
rest_b_w_hoch_x7,hoch,4,10,x (T=A+7, h 40),Treffer bei -32 -31 -30 78 79 80 81 82 83 84 85; kein Treffer bei -38 -37 -36 -35 -34 -33 86 87 88,12,ja
rest_b_w_hoch_x10,hoch,4,10,x (T=A+10, h 46),Treffer bei -32 -31 -30 78 79 80 81 82 83 84 85; kein Treffer bei -38 -37 -36 -35 -34 -33 86 87 88,12,ja
rest_b_w_hoch_xg7,hoch,4,10,x (T=A+7, h 40),Treffer bei -32 -24 -16 -8 0 8 16 24 32 40 46 54 62 70 78; kein Treffer bei -66 -58 -48 -40 86 94 102 110 118,12,ja
rest_b_w_hoch_z7,hoch,4,10,tiefe (T=A+7, h 40),Treffer bei -12 -11 11 12; kein Treffer bei -14 -13 13 14,12,ja
rest_b_w_hoch_zh7,hoch,4,10,tiefe (T=A+7, h 40),Treffer bei -12 -11 11 12; kein Treffer bei -14 -13 13 14,12,ja
rest_b_w_runter_a1,runter,4,5,fenster,Treffer in A+9(h32) A+10(h35) A+11(h38) A+12(h40) A+30(h41) A+31(h39) A+32(h37); kein Treffer in A+1(h0) A+2(h5) A+3(h9) A+4(h14) A+5(h18) A+6(h22) A+7(h26) A+8(h29) A+13(h43) A+14(h44) A+15(h46) A+16(h48) A+17(h49) A+18(h50) A+19(h50) A+20(h51) A+21(h51) A+22(h51) A+23(h51) A+24(h50) A+25(h49) A+26(h48) A+27(h47) A+28(h45) A+29(h44) A+33(h34) A+34(h31) A+35(h27) A+36(h24) A+37(h20) A+38(h16) A+39(h12) A+40(h7),4,nein
rest_b_w_runter_a6,runter,4,10,fenster,Treffer in A+25(h41) A+26(h39) A+27(h37) A+28(h34) A+29(h31) A+30(h27) A+31(h24) A+32(h20); kein Treffer in A+1(h22) A+2(h26) A+3(h29) A+4(h32) A+5(h35) A+6(h38) A+7(h40) A+8(h43) A+9(h44) A+10(h46) A+11(h48) A+12(h49) A+13(h50) A+14(h50) A+15(h51) A+16(h51) A+17(h51) A+18(h51) A+19(h50) A+20(h49) A+21(h48) A+22(h47) A+23(h45) A+24(h44) A+33(h16) A+34(h12) A+35(h7) A+36(h2) A+37(h0) A+38(h0) A+39(h0) A+40(h0),4,nein
rest_b_w_runter_a12,runter,4,16,fenster,Treffer in A+19(h41) A+20(h39) A+21(h37) A+22(h34) A+23(h31) A+24(h27) A+25(h24) A+26(h20) A+27(h16) A+28(h12) A+29(h7) A+30(h2); kein Treffer in A+1(h40) A+2(h43) A+3(h44) A+4(h46) A+5(h48) A+6(h49) A+7(h50) A+8(h50) A+9(h51) A+10(h51) A+11(h51) A+12(h51) A+13(h50) A+14(h49) A+15(h48) A+16(h47) A+17(h45) A+18(h44) A+31(h0) A+32(h0) A+33(h0) A+34(h0),4,nein
rest_b_w_runter_a20,runter,4,24,fenster,Treffer in A+11(h41) A+12(h39) A+13(h37) A+14(h34) A+15(h31) A+16(h27) A+17(h24) A+18(h20) A+19(h16) A+20(h12) A+21(h7) A+22(h2); kein Treffer in A+1(h51) A+2(h51) A+3(h51) A+4(h51) A+5(h50) A+6(h49) A+7(h48) A+8(h47) A+9(h45) A+10(h44) A+23(h0) A+24(h0) A+25(h0) A+26(h0),4,nein
rest_b_w_runter_a24,runter,4,28,fenster,Treffer in A+9(h37) A+10(h34) A+11(h31) A+12(h27) A+13(h24) A+14(h20) A+15(h16) A+16(h12) A+17(h7) A+18(h2); kein Treffer in A+1(h50) A+2(h49) A+3(h48) A+4(h47) A+5(h45) A+6(h44) A+7(h41) A+8(h39) A+19(h0) A+20(h0) A+21(h0) A+22(h0),4,nein
rest_b_w_runter_a28,runter,4,32,fenster,Treffer in A+9(h24) A+10(h20) A+11(h16) A+12(h12) A+13(h7) A+14(h2); kein Treffer in A+1(h45) A+2(h44) A+3(h41) A+4(h39) A+5(h37) A+6(h34) A+7(h31) A+8(h27) A+15(h0) A+16(h0) A+17(h0) A+18(h0),4,nein
rest_b_w_runter_x11,runter,4,24,x (T=A+11, h 41),Treffer bei -41 -40 -39 -38 -37 37 38 39 40 41 42; kein Treffer bei -46 -45 -44 -43 -42 43 44 45 46,4,nein
rest_b_w_runter_x18,runter,4,24,x (T=A+18, h 20),Treffer bei -41 -40 -39 -38 -37 37 38 39 40 41 42; kein Treffer bei -46 -45 -44 -43 -42 43 44 45 46,4,nein
rest_b_w_runter_xg11,runter,4,24,x (T=A+11, h 41),Treffer bei -40 -32 -24 -16 -8 0 8 16 24 32 40; kein Treffer bei -66 -58 -48 46 54 62 70 78 86 94 102 110 118,4,nein
rest_b_w_runter_z11,runter,4,24,tiefe (T=A+11, h 41),Treffer bei -12 -11 11 12; kein Treffer bei -14 -13 13 14,4,nein
rest_b_w_runter_zh11,runter,4,24,tiefe (T=A+11, h 41),Treffer bei -12 -11 11 12; kein Treffer bei -14 -13 13 14,4,nein
# Teil B, je Lauf (messen_rest.py sprung)
lauf,variante,J,A,T_rel,h_T,dx_T,dz_T,blick_T,treffer_rel,schaden,h_treffer,dx_treffer,dz_treffer,umgeworfen,aktion0e_bis_rel,aufsetzen_rel,stand_rel
rest_b_e_hoch_a2_f5,hoch,3,5,5,22,25,0,l,-,-,-,-,-,-,29,43,-
rest_b_e_hoch_a2_f6,hoch,3,5,6,26,25,0,l,-,-,-,-,-,-,29,43,-
rest_b_e_hoch_a2_f7,hoch,3,5,7,29,25,0,l,7,12,29,25,0,ja,36,-,-
rest_b_e_hoch_a2_f8,hoch,3,5,8,32,25,0,l,8,12,32,25,0,ja,36,-,-
rest_b_e_hoch_a2_f9,hoch,3,5,9,35,25,0,l,9,12,35,25,0,ja,36,-,-
rest_b_e_hoch_a2_f10,hoch,3,5,10,38,25,0,l,10,12,38,25,0,ja,36,-,-
rest_b_e_hoch_a2_f11,hoch,3,5,11,40,25,0,l,-,-,-,-,-,-,29,43,-
rest_b_e_hoch_a2_f12,hoch,3,5,12,43,25,0,l,-,-,-,-,-,-,29,43,-
rest_b_e_hoch_a11_f5,hoch,3,14,5,46,25,0,l,-,-,-,-,-,-,29,43,49
rest_b_e_hoch_a11_f6,hoch,3,14,6,48,25,0,l,-,-,-,-,-,-,29,43,49
rest_b_e_hoch_a11_f7,hoch,3,14,7,49,25,0,l,-,-,-,-,-,-,29,43,49
rest_b_e_hoch_a11_f8,hoch,3,14,8,50,25,0,l,-,-,-,-,-,-,29,43,49
rest_b_e_hoch_a11_f9,hoch,3,14,9,50,25,0,l,-,-,-,-,-,-,29,43,49
rest_b_e_hoch_a11_f10,hoch,3,14,10,51,25,0,l,-,-,-,-,-,-,29,43,49
rest_b_e_hoch_a11_f11,hoch,3,14,11,51,25,0,l,-,-,-,-,-,-,29,43,49
rest_b_e_hoch_a11_f12,hoch,3,14,12,51,25,0,l,-,-,-,-,-,-,29,43,49
rest_b_e_hoch_a19_f5,hoch,3,22,5,51,25,0,l,-,-,-,-,-,-,29,43,49
rest_b_e_hoch_a19_f6,hoch,3,22,6,50,25,0,l,-,-,-,-,-,-,29,43,49
rest_b_e_hoch_a19_f7,hoch,3,22,7,49,25,0,l,-,-,-,-,-,-,29,43,49
rest_b_e_hoch_a19_f8,hoch,3,22,8,48,25,0,l,8,12,48,25,0,ja,36,50,56
rest_b_e_hoch_a19_f9,hoch,3,22,9,47,25,0,l,9,12,47,25,0,ja,36,50,56
rest_b_e_hoch_a19_f10,hoch,3,22,10,45,25,0,l,10,12,45,25,0,ja,36,50,56
rest_b_e_hoch_a19_f11,hoch,3,22,11,44,25,0,l,-,-,-,-,-,-,29,43,49
rest_b_e_hoch_a19_f12,hoch,3,22,12,41,25,0,l,-,-,-,-,-,-,29,43,49
rest_b_e_hoch_a31_f5,hoch,3,34,5,27,25,0,l,-,-,-,-,-,-,17,43,49
rest_b_e_hoch_a31_f6,hoch,3,34,6,24,25,0,l,-,-,-,-,-,-,17,43,49
rest_b_e_hoch_a31_f7,hoch,3,34,7,20,25,0,l,7,12,20,25,0,ja,24,50,56
rest_b_e_hoch_a31_f8,hoch,3,34,8,16,25,0,l,8,12,16,25,0,ja,24,50,56
rest_b_e_hoch_a31_f9,hoch,3,34,9,12,25,0,l,9,12,12,25,0,ja,24,50,56
rest_b_e_hoch_a31_f10,hoch,3,34,10,7,25,0,l,10,12,7,25,0,ja,24,50,56
rest_b_e_hoch_a31_f11,hoch,3,34,11,2,25,0,l,-,-,-,-,-,-,17,43,49
rest_b_e_hoch_a31_f12,hoch,3,34,12,0,25,0,l,-,-,-,-,-,-,17,43,49
rest_b_e_hoch_x7_80,hoch,3,9,7,40,78,0,l,7,12,40,78,0,ja,36,50,-
rest_b_e_hoch_x7_81,hoch,3,9,7,40,79,0,l,7,12,40,79,0,ja,36,50,-
rest_b_e_hoch_x7_82,hoch,3,9,7,40,80,0,l,7,12,40,80,0,ja,36,50,-
rest_b_e_hoch_x7_83,hoch,3,9,7,40,81,0,l,7,12,40,81,0,ja,36,50,-
rest_b_e_hoch_x7_84,hoch,3,9,7,40,82,0,l,7,12,40,82,0,ja,36,50,-
rest_b_e_hoch_x7_85,hoch,3,9,7,40,83,0,l,7,12,40,83,0,ja,36,50,-
rest_b_e_hoch_x7_86,hoch,3,9,7,40,84,0,l,7,12,40,84,0,ja,36,50,-
rest_b_e_hoch_x7_87,hoch,3,9,7,40,85,0,l,7,12,40,85,0,ja,36,50,-
rest_b_e_hoch_x7_88,hoch,3,9,7,40,86,0,l,-,-,-,-,-,-,29,43,49
rest_b_e_hoch_x7_89,hoch,3,9,7,40,87,0,l,-,-,-,-,-,-,29,43,49
rest_b_e_hoch_x7_90,hoch,3,9,7,40,88,0,l,-,-,-,-,-,-,29,43,49
rest_b_e_hoch_x7_m30,hoch,3,9,7,40,-30,0,r,7,12,40,-30,0,ja,36,50,-
rest_b_e_hoch_x7_m31,hoch,3,9,7,40,-31,0,r,7,12,40,-31,0,ja,36,50,-
rest_b_e_hoch_x7_m32,hoch,3,9,7,40,-32,0,r,7,12,40,-32,0,ja,36,50,-
rest_b_e_hoch_x7_m33,hoch,3,9,7,40,-33,0,r,-,-,-,-,-,-,29,43,49
rest_b_e_hoch_x7_m34,hoch,3,9,7,40,-34,0,r,-,-,-,-,-,-,29,43,49
rest_b_e_hoch_x7_m35,hoch,3,9,7,40,-35,0,r,-,-,-,-,-,-,29,43,49
rest_b_e_hoch_x7_m36,hoch,3,9,7,40,-36,0,r,-,-,-,-,-,-,29,43,49
rest_b_e_hoch_x7_m37,hoch,3,9,7,40,-37,0,r,-,-,-,-,-,-,29,43,49
rest_b_e_hoch_x7_m38,hoch,3,9,7,40,-38,0,r,-,-,-,-,-,-,29,43,49
rest_b_e_hoch_x10_80,hoch,3,9,10,46,78,0,l,10,12,46,78,0,ja,36,50,-
rest_b_e_hoch_x10_81,hoch,3,9,10,46,79,0,l,10,12,46,79,0,ja,36,50,-
rest_b_e_hoch_x10_82,hoch,3,9,10,46,80,0,l,10,12,46,80,0,ja,36,50,-
rest_b_e_hoch_x10_83,hoch,3,9,10,46,81,0,l,10,12,46,81,0,ja,36,50,-
rest_b_e_hoch_x10_84,hoch,3,9,10,46,82,0,l,10,12,46,82,0,ja,36,50,-
rest_b_e_hoch_x10_85,hoch,3,9,10,46,83,0,l,10,12,46,83,0,ja,36,50,-
rest_b_e_hoch_x10_86,hoch,3,9,10,46,84,0,l,10,12,46,84,0,ja,36,50,-
rest_b_e_hoch_x10_87,hoch,3,9,10,46,85,0,l,10,12,46,85,0,ja,36,50,-
rest_b_e_hoch_x10_88,hoch,3,9,10,46,86,0,l,-,-,-,-,-,-,29,43,49
rest_b_e_hoch_x10_89,hoch,3,9,10,46,87,0,l,-,-,-,-,-,-,29,43,49
rest_b_e_hoch_x10_90,hoch,3,9,10,46,88,0,l,-,-,-,-,-,-,29,43,49
rest_b_e_hoch_x10_m30,hoch,3,9,10,46,-30,0,r,10,12,46,-30,0,ja,36,50,-
rest_b_e_hoch_x10_m31,hoch,3,9,10,46,-31,0,r,10,12,46,-31,0,ja,36,50,-
rest_b_e_hoch_x10_m32,hoch,3,9,10,46,-32,0,r,10,12,46,-32,0,ja,36,50,-
rest_b_e_hoch_x10_m33,hoch,3,9,10,46,-33,0,r,-,-,-,-,-,-,29,43,49
rest_b_e_hoch_x10_m34,hoch,3,9,10,46,-34,0,r,-,-,-,-,-,-,29,43,49
rest_b_e_hoch_x10_m35,hoch,3,9,10,46,-35,0,r,-,-,-,-,-,-,29,43,49
rest_b_e_hoch_x10_m36,hoch,3,9,10,46,-36,0,r,-,-,-,-,-,-,29,43,49
rest_b_e_hoch_x10_m37,hoch,3,9,10,46,-37,0,r,-,-,-,-,-,-,29,43,49
rest_b_e_hoch_x10_m38,hoch,3,9,10,46,-38,0,r,-,-,-,-,-,-,29,43,49
rest_b_e_hoch_z7_11,hoch,3,9,7,40,30,11,l,7,12,40,30,11,ja,36,50,-
rest_b_e_hoch_z7_12,hoch,3,9,7,40,28,12,l,7,12,40,28,12,ja,36,50,-
rest_b_e_hoch_z7_13,hoch,3,9,7,40,28,12,l,7,12,40,28,12,ja,36,50,-
rest_b_e_hoch_z7_14,hoch,3,9,7,40,28,13,l,-,-,-,-,-,-,29,43,49
rest_b_e_hoch_z7_m11,hoch,3,9,7,40,28,-11,l,7,12,40,28,-11,ja,36,50,-
rest_b_e_hoch_z7_m12,hoch,3,9,7,40,28,-12,l,7,12,40,28,-12,ja,36,50,-
rest_b_e_hoch_z7_m13,hoch,3,9,7,40,28,-13,l,-,-,-,-,-,-,29,43,49
rest_b_e_hoch_z7_m14,hoch,3,9,7,40,28,-14,l,-,-,-,-,-,-,29,43,49
rest_b_e_runter_a3_f5,runter,3,6,5,26,25,0,l,-,-,-,-,-,-,-,43,-
rest_b_e_runter_a3_f6,runter,3,6,6,29,25,0,l,-,-,-,-,-,-,-,43,-
rest_b_e_runter_a3_f7,runter,3,6,7,32,25,0,l,-,-,-,-,-,-,-,43,-
rest_b_e_runter_a3_f8,runter,3,6,8,35,25,0,l,-,-,-,-,-,-,-,43,-
rest_b_e_runter_a3_f9,runter,3,6,9,38,25,0,l,9,4,38,25,0,nein,-,-,-
rest_b_e_runter_a3_f10,runter,3,6,10,40,25,0,l,10,4,40,25,0,nein,-,-,-
rest_b_e_runter_a3_f11,runter,3,6,11,43,25,0,l,-,-,-,-,-,-,-,43,-
rest_b_e_runter_a3_f12,runter,3,6,12,44,25,0,l,-,-,-,-,-,-,-,43,-
rest_b_e_runter_a3_f13,runter,3,6,13,46,25,0,l,-,-,-,-,-,-,-,43,-
rest_b_e_runter_a3_f14,runter,3,6,14,48,25,0,l,-,-,-,-,-,-,-,43,-
rest_b_e_runter_a3_f15,runter,3,6,15,49,25,0,l,-,-,-,-,-,-,-,43,-
rest_b_e_runter_a3_f16,runter,3,6,16,50,25,0,l,-,-,-,-,-,-,-,43,-
rest_b_e_runter_a3_f17,runter,3,6,17,50,25,0,l,-,-,-,-,-,-,-,43,-
rest_b_e_runter_a3_f18,runter,3,6,18,51,25,0,l,-,-,-,-,-,-,-,43,-
rest_b_e_runter_a3_f19,runter,3,6,19,51,25,0,l,-,-,-,-,-,-,-,43,-
rest_b_e_runter_a3_f20,runter,3,6,20,51,25,0,l,-,-,-,-,-,-,-,43,-
rest_b_e_runter_a3_f21,runter,3,6,21,51,25,0,l,-,-,-,-,-,-,-,43,-
rest_b_e_runter_a3_f22,runter,3,6,22,50,25,0,l,-,-,-,-,-,-,-,43,-
rest_b_e_runter_a3_f23,runter,3,6,23,49,25,0,l,-,-,-,-,-,-,-,43,-
rest_b_e_runter_a3_f24,runter,3,6,24,48,25,0,l,-,-,-,-,-,-,-,43,-
rest_b_e_runter_a3_f25,runter,3,6,25,47,25,0,l,-,-,-,-,-,-,-,43,-
rest_b_e_runter_a3_f26,runter,3,6,26,45,25,0,l,-,-,-,-,-,-,-,43,-
rest_b_e_runter_a3_f27,runter,3,6,27,44,25,0,l,-,-,-,-,-,-,-,43,-
rest_b_e_runter_a3_f28,runter,3,6,28,41,25,0,l,28,4,41,25,0,nein,-,-,-
rest_b_e_runter_a3_f29,runter,3,6,29,39,25,0,l,29,4,39,25,0,nein,-,-,-
rest_b_e_runter_a3_f30,runter,3,6,30,37,25,0,l,30,4,37,25,0,nein,-,-,-
rest_b_e_runter_a3_f31,runter,3,6,31,34,25,0,l,31,4,34,25,0,nein,-,-,-
rest_b_e_runter_a3_f32,runter,3,6,32,31,25,0,l,32,4,31,25,0,nein,-,-,-
rest_b_e_runter_a3_f33,runter,3,6,33,27,25,0,l,-,-,-,-,-,-,-,43,-
rest_b_e_runter_a3_f34,runter,3,6,34,24,25,0,l,-,-,-,-,-,-,-,43,-
rest_b_e_runter_a3_f35,runter,3,6,35,20,25,0,l,-,-,-,-,-,-,-,43,-
rest_b_e_runter_a3_f36,runter,3,6,36,16,25,0,l,-,-,-,-,-,-,-,43,-
rest_b_e_runter_a16_f5,runter,3,19,5,51,25,0,l,-,-,-,-,-,-,32,43,49
rest_b_e_runter_a16_f6,runter,3,19,6,51,25,0,l,-,-,-,-,-,-,32,43,49
rest_b_e_runter_a16_f7,runter,3,19,7,51,25,0,l,-,-,-,-,-,-,32,43,49
rest_b_e_runter_a16_f8,runter,3,19,8,51,25,0,l,-,-,-,-,-,-,32,43,49
rest_b_e_runter_a16_f9,runter,3,19,9,50,25,0,l,-,-,-,-,-,-,32,43,49
rest_b_e_runter_a16_f10,runter,3,19,10,49,25,0,l,-,-,-,-,-,-,32,43,49
rest_b_e_runter_a16_f11,runter,3,19,11,48,25,0,l,-,-,-,-,-,-,32,43,49
rest_b_e_runter_a16_f12,runter,3,19,12,47,25,0,l,-,-,-,-,-,-,32,43,49
rest_b_e_runter_a16_f13,runter,3,19,13,45,25,0,l,-,-,-,-,-,-,32,43,49
rest_b_e_runter_a16_f14,runter,3,19,14,44,25,0,l,-,-,-,-,-,-,32,43,49
rest_b_e_runter_a16_f15,runter,3,19,15,41,25,0,l,15,4,41,25,0,nein,39,50,56
rest_b_e_runter_a16_f16,runter,3,19,16,39,25,0,l,16,4,39,25,0,nein,39,50,56
rest_b_e_runter_a16_f17,runter,3,19,17,37,25,0,l,17,4,37,25,0,nein,39,50,56
rest_b_e_runter_a16_f18,runter,3,19,18,34,25,0,l,18,4,34,25,0,nein,39,50,56
rest_b_e_runter_a16_f19,runter,3,19,19,31,25,0,l,19,4,31,25,0,nein,39,50,56
rest_b_e_runter_a16_f20,runter,3,19,20,27,25,0,l,20,4,27,25,0,nein,39,50,56
rest_b_e_runter_a16_f21,runter,3,19,21,24,25,0,l,21,4,24,25,0,nein,39,50,56
rest_b_e_runter_a16_f22,runter,3,19,22,20,25,0,l,22,4,20,25,0,nein,39,50,56
rest_b_e_runter_a16_f23,runter,3,19,23,16,25,0,l,23,4,16,25,0,nein,39,50,56
rest_b_e_runter_a16_f24,runter,3,19,24,12,25,0,l,24,4,12,25,0,nein,39,50,56
rest_b_e_runter_a16_f25,runter,3,19,25,7,25,0,l,25,4,7,25,0,nein,39,50,56
rest_b_e_runter_a16_f26,runter,3,19,26,2,25,0,l,26,4,2,25,0,nein,39,50,56
rest_b_e_runter_a16_f27,runter,3,19,27,0,25,0,l,-,-,-,-,-,-,32,43,49
rest_b_e_runter_a16_f28,runter,3,19,28,0,25,0,l,-,-,-,-,-,-,32,43,49
rest_b_e_runter_a16_f29,runter,3,19,29,0,25,0,l,-,-,-,-,-,-,32,43,49
rest_b_e_runter_a16_f30,runter,3,19,30,0,25,0,l,-,-,-,-,-,-,32,43,49
rest_b_e_runter_a26_f5,runter,3,29,5,41,25,0,l,-,-,-,-,-,-,22,43,49
rest_b_e_runter_a26_f6,runter,3,29,6,39,25,0,l,-,-,-,-,-,-,22,43,49
rest_b_e_runter_a26_f7,runter,3,29,7,37,25,0,l,-,-,-,-,-,-,22,43,49
rest_b_e_runter_a26_f8,runter,3,29,8,34,25,0,l,-,-,-,-,-,-,22,43,49
rest_b_e_runter_a26_f9,runter,3,29,9,31,25,0,l,9,4,31,25,0,nein,29,50,56
rest_b_e_runter_a26_f10,runter,3,29,10,27,25,0,l,10,4,27,25,0,nein,29,50,56
rest_b_e_runter_a26_f11,runter,3,29,11,24,25,0,l,11,4,24,25,0,nein,29,50,56
rest_b_e_runter_a26_f12,runter,3,29,12,20,25,0,l,12,4,20,25,0,nein,29,50,56
rest_b_e_runter_a26_f13,runter,3,29,13,16,25,0,l,13,4,16,25,0,nein,29,50,56
rest_b_e_runter_a26_f14,runter,3,29,14,12,25,0,l,14,4,12,25,0,nein,29,50,56
rest_b_e_runter_a26_f15,runter,3,29,15,7,25,0,l,15,4,7,25,0,nein,29,50,56
rest_b_e_runter_a26_f16,runter,3,29,16,2,25,0,l,16,4,2,25,0,nein,29,50,56
rest_b_e_runter_a26_f17,runter,3,29,17,0,25,0,l,-,-,-,-,-,-,22,43,49
rest_b_e_runter_a26_f18,runter,3,29,18,0,25,0,l,-,-,-,-,-,-,22,43,49
rest_b_e_runter_a26_f19,runter,3,29,19,0,25,0,l,-,-,-,-,-,-,22,43,49
rest_b_e_runter_a26_f20,runter,3,29,20,0,25,0,l,-,-,-,-,-,-,22,43,49
rest_b_e_runter_x11_37,runter,3,23,11,41,37,0,l,11,4,41,37,0,nein,35,50,56
rest_b_e_runter_x11_38,runter,3,23,11,41,38,0,l,11,4,41,38,0,nein,35,50,56
rest_b_e_runter_x11_39,runter,3,23,11,41,39,0,l,11,4,41,39,0,nein,35,50,56
rest_b_e_runter_x11_40,runter,3,23,11,41,40,0,l,11,4,41,40,0,nein,35,50,56
rest_b_e_runter_x11_41,runter,3,23,11,41,41,0,l,11,4,41,41,0,nein,35,50,56
rest_b_e_runter_x11_42,runter,3,23,11,41,42,0,l,11,4,41,42,0,nein,35,50,56
rest_b_e_runter_x11_43,runter,3,23,11,41,43,0,l,-,-,-,-,-,-,28,43,49
rest_b_e_runter_x11_44,runter,3,23,11,41,44,0,l,-,-,-,-,-,-,28,43,49
rest_b_e_runter_x11_45,runter,3,23,11,41,45,0,l,-,-,-,-,-,-,28,43,49
rest_b_e_runter_x11_46,runter,3,23,11,41,46,0,l,-,-,-,-,-,-,28,43,49
rest_b_e_runter_x11_m37,runter,3,23,11,41,-37,0,r,11,4,41,-37,0,nein,35,50,56
rest_b_e_runter_x11_m38,runter,3,23,11,41,-38,0,r,11,4,41,-38,0,nein,35,50,56
rest_b_e_runter_x11_m39,runter,3,23,11,41,-39,0,r,11,4,41,-39,0,nein,35,50,56
rest_b_e_runter_x11_m40,runter,3,23,11,41,-40,0,r,11,4,41,-40,0,nein,35,50,56
rest_b_e_runter_x11_m41,runter,3,23,11,41,-41,0,r,11,4,41,-41,0,nein,35,50,56
rest_b_e_runter_x11_m42,runter,3,23,11,41,-42,0,r,-,-,-,-,-,-,28,43,49
rest_b_e_runter_x11_m43,runter,3,23,11,41,-43,0,r,-,-,-,-,-,-,28,43,49
rest_b_e_runter_x11_m44,runter,3,23,11,41,-44,0,r,-,-,-,-,-,-,28,43,49
rest_b_e_runter_x11_m45,runter,3,23,11,41,-45,0,r,-,-,-,-,-,-,28,43,49
rest_b_e_runter_x11_m46,runter,3,23,11,41,-46,0,r,-,-,-,-,-,-,28,43,49
rest_b_e_runter_x18_37,runter,3,23,18,20,37,0,l,18,4,20,37,0,nein,35,50,56
rest_b_e_runter_x18_38,runter,3,23,18,20,38,0,l,18,4,20,38,0,nein,35,50,56
rest_b_e_runter_x18_39,runter,3,23,18,20,39,0,l,18,4,20,39,0,nein,35,50,56
rest_b_e_runter_x18_40,runter,3,23,18,20,40,0,l,18,4,20,40,0,nein,35,50,56
rest_b_e_runter_x18_41,runter,3,23,18,20,41,0,l,18,4,20,41,0,nein,35,50,56
rest_b_e_runter_x18_42,runter,3,23,18,20,42,0,l,18,4,20,42,0,nein,35,50,56
rest_b_e_runter_x18_43,runter,3,23,18,20,43,0,l,-,-,-,-,-,-,28,43,49
rest_b_e_runter_x18_44,runter,3,23,18,20,44,0,l,-,-,-,-,-,-,28,43,49
rest_b_e_runter_x18_45,runter,3,23,18,20,45,0,l,-,-,-,-,-,-,28,43,49
rest_b_e_runter_x18_46,runter,3,23,18,20,46,0,l,-,-,-,-,-,-,28,43,49
rest_b_e_runter_x18_m37,runter,3,23,18,20,-37,0,r,18,4,20,-37,0,nein,35,50,56
rest_b_e_runter_x18_m38,runter,3,23,18,20,-38,0,r,18,4,20,-38,0,nein,35,50,56
rest_b_e_runter_x18_m39,runter,3,23,18,20,-39,0,r,18,4,20,-39,0,nein,35,50,56
rest_b_e_runter_x18_m40,runter,3,23,18,20,-40,0,r,18,4,20,-40,0,nein,35,50,56
rest_b_e_runter_x18_m41,runter,3,23,18,20,-41,0,r,18,4,20,-41,0,nein,35,50,56
rest_b_e_runter_x18_m42,runter,3,23,18,20,-42,0,r,-,-,-,-,-,-,28,43,49
rest_b_e_runter_x18_m43,runter,3,23,18,20,-43,0,r,-,-,-,-,-,-,28,43,49
rest_b_e_runter_x18_m44,runter,3,23,18,20,-44,0,r,-,-,-,-,-,-,28,43,49
rest_b_e_runter_x18_m45,runter,3,23,18,20,-45,0,r,-,-,-,-,-,-,28,43,49
rest_b_e_runter_x18_m46,runter,3,23,18,20,-46,0,r,-,-,-,-,-,-,28,43,49
rest_b_e_runter_z11_11,runter,3,23,11,41,30,11,l,11,4,41,30,11,nein,35,50,56
rest_b_e_runter_z11_12,runter,3,23,11,41,28,12,l,11,4,41,28,12,nein,35,50,56
rest_b_e_runter_z11_13,runter,3,23,11,41,28,12,l,11,4,41,28,12,nein,35,50,56
rest_b_e_runter_z11_14,runter,3,23,11,41,28,13,l,-,-,-,-,-,-,28,43,49
rest_b_e_runter_z11_m11,runter,3,23,11,41,28,-11,l,11,4,41,28,-11,nein,35,50,56
rest_b_e_runter_z11_m12,runter,3,23,11,41,28,-12,l,11,4,41,28,-12,nein,35,50,56
rest_b_e_runter_z11_m13,runter,3,23,11,41,28,-13,l,-,-,-,-,-,-,28,43,49
rest_b_e_runter_z11_m14,runter,3,23,11,41,28,-14,l,-,-,-,-,-,-,28,43,49
rest_b_nat_e_hoch_a5,hoch,6,11,-,-,-,-,-,7,12,38,46,2,ja,36,50,56
rest_b_nat_e_hoch_a8,hoch,6,14,-,-,-,-,-,7,12,44,46,2,ja,36,50,56
rest_b_nat_e_runter_a18,runter,2,18,-,-,-,-,-,26,4,2,46,2,nein,39,50,56
rest_b_nat_e_runter_a22,runter,2,22,-,-,-,-,-,22,4,2,46,2,nein,35,50,56
rest_b_nat_w_hoch_a6,hoch,4,10,-,-,-,-,-,7,12,40,46,10,ja,36,50,56
rest_b_nat_w_hoch_a9,hoch,4,13,-,-,-,-,-,7,12,46,46,10,ja,36,50,56
rest_b_nat_w_richtungrunter_a20,richtung+runter,4,24,-,-,-,-,-,14,4,34,-26,10,nein,35,50,56
rest_b_w_hoch_a1_f1,hoch,4,5,1,0,30,0,l,-,-,-,-,-,-,29,43,-
rest_b_w_hoch_a1_f2,hoch,4,5,2,5,30,0,l,-,-,-,-,-,-,29,43,-
rest_b_w_hoch_a1_f3,hoch,4,5,3,9,30,0,l,-,-,-,-,-,-,29,43,-
rest_b_w_hoch_a1_f4,hoch,4,5,4,14,30,0,l,-,-,-,-,-,-,29,43,-
rest_b_w_hoch_a1_f5,hoch,4,5,5,18,30,0,l,-,-,-,-,-,-,29,43,-
rest_b_w_hoch_a1_f6,hoch,4,5,6,22,30,0,l,-,-,-,-,-,-,29,43,-
rest_b_w_hoch_a1_f7,hoch,4,5,7,26,30,0,l,7,12,26,30,0,ja,36,-,-
rest_b_w_hoch_a1_f8,hoch,4,5,8,29,30,0,l,8,12,29,30,0,ja,36,-,-
rest_b_w_hoch_a1_f9,hoch,4,5,9,32,30,0,l,9,12,32,30,0,ja,36,-,-
rest_b_w_hoch_a1_f10,hoch,4,5,10,35,30,0,l,10,12,35,30,0,ja,36,-,-
rest_b_w_hoch_a1_f11,hoch,4,5,11,38,30,0,l,-,-,-,-,-,-,29,43,-
rest_b_w_hoch_a1_f12,hoch,4,5,12,40,30,0,l,-,-,-,-,-,-,29,43,-
rest_b_w_hoch_a1_f13,hoch,4,5,13,43,30,0,l,-,-,-,-,-,-,29,43,-
rest_b_w_hoch_a1_f14,hoch,4,5,14,44,30,0,l,-,-,-,-,-,-,29,43,-
rest_b_w_hoch_a6_f1,hoch,4,10,1,22,30,0,l,-,-,-,-,-,-,29,43,49
rest_b_w_hoch_a6_f2,hoch,4,10,2,26,30,0,l,-,-,-,-,-,-,29,43,49
rest_b_w_hoch_a6_f3,hoch,4,10,3,29,30,0,l,-,-,-,-,-,-,29,43,49
rest_b_w_hoch_a6_f4,hoch,4,10,4,32,30,0,l,-,-,-,-,-,-,29,43,49
rest_b_w_hoch_a6_f5,hoch,4,10,5,35,30,0,l,-,-,-,-,-,-,29,43,49
rest_b_w_hoch_a6_f6,hoch,4,10,6,38,30,0,l,-,-,-,-,-,-,29,43,49
rest_b_w_hoch_a6_f7,hoch,4,10,7,40,30,0,l,7,12,40,30,0,ja,36,50,-
rest_b_w_hoch_a6_f8,hoch,4,10,8,43,30,0,l,8,12,43,30,0,ja,36,50,-
rest_b_w_hoch_a6_f9,hoch,4,10,9,44,30,0,l,9,12,44,30,0,ja,36,50,-
rest_b_w_hoch_a6_f10,hoch,4,10,10,46,30,0,l,10,12,46,30,0,ja,36,50,-
rest_b_w_hoch_a6_f11,hoch,4,10,11,48,30,0,l,-,-,-,-,-,-,29,43,49
rest_b_w_hoch_a6_f12,hoch,4,10,12,49,30,0,l,-,-,-,-,-,-,29,43,49
rest_b_w_hoch_a6_f13,hoch,4,10,13,50,30,0,l,-,-,-,-,-,-,29,43,49
rest_b_w_hoch_a6_f14,hoch,4,10,14,50,30,0,l,-,-,-,-,-,-,29,43,49
rest_b_w_hoch_a11_f1,hoch,4,15,1,38,30,0,l,-,-,-,-,-,-,29,43,49
rest_b_w_hoch_a11_f2,hoch,4,15,2,40,30,0,l,-,-,-,-,-,-,29,43,49
rest_b_w_hoch_a11_f3,hoch,4,15,3,43,30,0,l,-,-,-,-,-,-,29,43,49
rest_b_w_hoch_a11_f4,hoch,4,15,4,44,30,0,l,-,-,-,-,-,-,29,43,49
rest_b_w_hoch_a11_f5,hoch,4,15,5,46,30,0,l,-,-,-,-,-,-,29,43,49
rest_b_w_hoch_a11_f6,hoch,4,15,6,48,30,0,l,-,-,-,-,-,-,29,43,49
rest_b_w_hoch_a11_f7,hoch,4,15,7,49,30,0,l,-,-,-,-,-,-,29,43,49
rest_b_w_hoch_a11_f8,hoch,4,15,8,50,30,0,l,-,-,-,-,-,-,29,43,49
rest_b_w_hoch_a11_f9,hoch,4,15,9,50,30,0,l,-,-,-,-,-,-,29,43,49
rest_b_w_hoch_a11_f10,hoch,4,15,10,51,30,0,l,-,-,-,-,-,-,29,43,49
rest_b_w_hoch_a11_f11,hoch,4,15,11,51,30,0,l,-,-,-,-,-,-,29,43,49
rest_b_w_hoch_a11_f12,hoch,4,15,12,51,30,0,l,-,-,-,-,-,-,29,43,49
rest_b_w_hoch_a11_f13,hoch,4,15,13,51,30,0,l,-,-,-,-,-,-,29,43,49
rest_b_w_hoch_a11_f14,hoch,4,15,14,50,30,0,l,-,-,-,-,-,-,29,43,49
rest_b_w_hoch_a12_f1,hoch,4,16,1,40,30,0,l,-,-,-,-,-,-,29,43,49
rest_b_w_hoch_a12_f2,hoch,4,16,2,43,30,0,l,-,-,-,-,-,-,29,43,49
rest_b_w_hoch_a12_f3,hoch,4,16,3,44,30,0,l,-,-,-,-,-,-,29,43,49
rest_b_w_hoch_a12_f4,hoch,4,16,4,46,30,0,l,-,-,-,-,-,-,29,43,49
rest_b_w_hoch_a12_f5,hoch,4,16,5,48,30,0,l,-,-,-,-,-,-,29,43,49
rest_b_w_hoch_a12_f6,hoch,4,16,6,49,30,0,l,-,-,-,-,-,-,29,43,49
rest_b_w_hoch_a12_f7,hoch,4,16,7,50,30,0,l,-,-,-,-,-,-,29,43,49
rest_b_w_hoch_a12_f8,hoch,4,16,8,50,30,0,l,-,-,-,-,-,-,29,43,49
rest_b_w_hoch_a12_f9,hoch,4,16,9,51,30,0,l,-,-,-,-,-,-,29,43,49
rest_b_w_hoch_a12_f10,hoch,4,16,10,51,30,0,l,-,-,-,-,-,-,29,43,49
rest_b_w_hoch_a12_f11,hoch,4,16,11,51,30,0,l,-,-,-,-,-,-,29,43,49
rest_b_w_hoch_a12_f12,hoch,4,16,12,51,30,0,l,-,-,-,-,-,-,29,43,49
rest_b_w_hoch_a12_f13,hoch,4,16,13,50,30,0,l,-,-,-,-,-,-,29,43,49
rest_b_w_hoch_a12_f14,hoch,4,16,14,49,30,0,l,-,-,-,-,-,-,29,43,49
rest_b_w_hoch_a19_f1,hoch,4,23,1,50,30,0,l,-,-,-,-,-,-,29,43,49
rest_b_w_hoch_a19_f2,hoch,4,23,2,51,30,0,l,-,-,-,-,-,-,29,43,49
rest_b_w_hoch_a19_f3,hoch,4,23,3,51,30,0,l,-,-,-,-,-,-,29,43,49
rest_b_w_hoch_a19_f4,hoch,4,23,4,51,30,0,l,-,-,-,-,-,-,29,43,49
rest_b_w_hoch_a19_f5,hoch,4,23,5,51,30,0,l,-,-,-,-,-,-,29,43,49
rest_b_w_hoch_a19_f6,hoch,4,23,6,50,30,0,l,-,-,-,-,-,-,29,43,49
rest_b_w_hoch_a19_f7,hoch,4,23,7,49,30,0,l,-,-,-,-,-,-,29,43,49
rest_b_w_hoch_a19_f8,hoch,4,23,8,48,30,0,l,8,12,48,30,0,ja,36,50,56
rest_b_w_hoch_a19_f9,hoch,4,23,9,47,30,0,l,9,12,47,30,0,ja,36,50,56
rest_b_w_hoch_a19_f10,hoch,4,23,10,45,30,0,l,10,12,45,30,0,ja,36,50,56
rest_b_w_hoch_a19_f11,hoch,4,23,11,44,30,0,l,-,-,-,-,-,-,29,43,49
rest_b_w_hoch_a19_f12,hoch,4,23,12,41,30,0,l,-,-,-,-,-,-,29,43,49
rest_b_w_hoch_a19_f13,hoch,4,23,13,39,30,0,l,-,-,-,-,-,-,29,43,49
rest_b_w_hoch_a19_f14,hoch,4,23,14,37,30,0,l,-,-,-,-,-,-,29,43,49
rest_b_w_hoch_a20_f1,hoch,4,24,1,51,30,0,l,-,-,-,-,-,-,28,43,49
rest_b_w_hoch_a20_f2,hoch,4,24,2,51,30,0,l,-,-,-,-,-,-,28,43,49
rest_b_w_hoch_a20_f3,hoch,4,24,3,51,30,0,l,-,-,-,-,-,-,28,43,49
rest_b_w_hoch_a20_f4,hoch,4,24,4,51,30,0,l,-,-,-,-,-,-,28,43,49
rest_b_w_hoch_a20_f5,hoch,4,24,5,50,30,0,l,-,-,-,-,-,-,28,43,49
rest_b_w_hoch_a20_f6,hoch,4,24,6,49,30,0,l,-,-,-,-,-,-,28,43,49
rest_b_w_hoch_a20_f7,hoch,4,24,7,48,30,0,l,7,12,48,30,0,ja,35,50,56
rest_b_w_hoch_a20_f8,hoch,4,24,8,47,30,0,l,8,12,47,30,0,ja,35,50,56
rest_b_w_hoch_a20_f9,hoch,4,24,9,45,30,0,l,9,12,45,30,0,ja,35,50,56
rest_b_w_hoch_a20_f10,hoch,4,24,10,44,30,0,l,10,12,44,30,0,ja,35,50,56
rest_b_w_hoch_a20_f11,hoch,4,24,11,41,30,0,l,-,-,-,-,-,-,28,43,49
rest_b_w_hoch_a20_f12,hoch,4,24,12,39,30,0,l,-,-,-,-,-,-,28,43,49
rest_b_w_hoch_a20_f13,hoch,4,24,13,37,30,0,l,-,-,-,-,-,-,28,43,49
rest_b_w_hoch_a20_f14,hoch,4,24,14,34,30,0,l,-,-,-,-,-,-,28,43,49
rest_b_w_hoch_a28_f1,hoch,4,32,1,45,30,0,l,-,-,-,-,-,-,20,43,49
rest_b_w_hoch_a28_f2,hoch,4,32,2,44,30,0,l,-,-,-,-,-,-,20,43,49
rest_b_w_hoch_a28_f3,hoch,4,32,3,41,30,0,l,-,-,-,-,-,-,20,43,49
rest_b_w_hoch_a28_f4,hoch,4,32,4,39,30,0,l,-,-,-,-,-,-,20,43,49
rest_b_w_hoch_a28_f5,hoch,4,32,5,37,30,0,l,-,-,-,-,-,-,20,43,49
rest_b_w_hoch_a28_f6,hoch,4,32,6,34,30,0,l,-,-,-,-,-,-,20,43,49
rest_b_w_hoch_a28_f7,hoch,4,32,7,31,30,0,l,7,12,31,30,0,ja,27,50,56
rest_b_w_hoch_a28_f8,hoch,4,32,8,27,30,0,l,8,12,27,30,0,ja,27,50,56
rest_b_w_hoch_a28_f9,hoch,4,32,9,24,30,0,l,9,12,24,30,0,ja,27,50,56
rest_b_w_hoch_a28_f10,hoch,4,32,10,20,30,0,l,10,12,20,30,0,ja,27,50,56
rest_b_w_hoch_a28_f11,hoch,4,32,11,16,28,0,l,-,-,-,-,-,-,20,43,49
rest_b_w_hoch_a28_f12,hoch,4,32,12,12,28,0,l,-,-,-,-,-,-,20,43,49
rest_b_w_hoch_a28_f13,hoch,4,32,13,7,28,0,l,-,-,-,-,-,-,20,43,49
rest_b_w_hoch_a28_f14,hoch,4,32,14,2,28,0,l,-,-,-,-,-,-,20,43,49
rest_b_w_hoch_a32_f1,hoch,4,36,1,37,30,0,l,-,-,-,-,-,-,16,43,49
rest_b_w_hoch_a32_f2,hoch,4,36,2,34,30,0,l,-,-,-,-,-,-,16,43,49
rest_b_w_hoch_a32_f3,hoch,4,36,3,31,30,0,l,-,-,-,-,-,-,16,43,49
rest_b_w_hoch_a32_f4,hoch,4,36,4,27,30,0,l,-,-,-,-,-,-,16,43,49
rest_b_w_hoch_a32_f5,hoch,4,36,5,24,30,0,l,-,-,-,-,-,-,16,43,49
rest_b_w_hoch_a32_f6,hoch,4,36,6,20,30,0,l,-,-,-,-,-,-,16,43,49
rest_b_w_hoch_a32_f7,hoch,4,36,7,16,28,0,l,7,12,16,28,0,ja,23,50,56
rest_b_w_hoch_a32_f8,hoch,4,36,8,12,28,0,l,8,12,12,28,0,ja,23,50,56
rest_b_w_hoch_a32_f9,hoch,4,36,9,7,28,0,l,9,12,7,28,0,ja,23,50,56
rest_b_w_hoch_a32_f10,hoch,4,36,10,2,28,0,l,10,12,2,28,0,ja,23,50,56
rest_b_w_hoch_a32_f11,hoch,4,36,11,0,28,0,l,-,-,-,-,-,-,16,43,49
rest_b_w_hoch_a32_f12,hoch,4,36,12,0,28,0,l,-,-,-,-,-,-,16,43,49
rest_b_w_hoch_a32_f13,hoch,4,36,13,0,28,0,l,-,-,-,-,-,-,16,43,49
rest_b_w_hoch_a32_f14,hoch,4,36,14,0,28,0,l,-,-,-,-,-,-,16,43,49
rest_b_w_hoch_a33_f1,hoch,4,37,1,34,30,0,l,-,-,-,-,-,-,15,43,49
rest_b_w_hoch_a33_f2,hoch,4,37,2,31,30,0,l,-,-,-,-,-,-,15,43,49
rest_b_w_hoch_a33_f3,hoch,4,37,3,27,30,0,l,-,-,-,-,-,-,15,43,49
rest_b_w_hoch_a33_f4,hoch,4,37,4,24,30,0,l,-,-,-,-,-,-,15,43,49
rest_b_w_hoch_a33_f5,hoch,4,37,5,20,30,0,l,-,-,-,-,-,-,15,43,49
rest_b_w_hoch_a33_f6,hoch,4,37,6,16,28,0,l,-,-,-,-,-,-,15,43,49
rest_b_w_hoch_a33_f7,hoch,4,37,7,12,28,0,l,7,12,12,28,0,ja,22,50,56
rest_b_w_hoch_a33_f8,hoch,4,37,8,7,28,0,l,8,12,7,28,0,ja,22,50,56
rest_b_w_hoch_a33_f9,hoch,4,37,9,2,28,0,l,9,12,2,28,0,ja,22,50,56
rest_b_w_hoch_a33_f10,hoch,4,37,10,0,28,0,l,-,-,-,-,-,-,15,43,49
rest_b_w_hoch_a33_f11,hoch,4,37,11,0,28,0,l,-,-,-,-,-,-,15,43,49
rest_b_w_hoch_a33_f12,hoch,4,37,12,0,28,0,l,-,-,-,-,-,-,15,43,49
rest_b_w_hoch_a33_f13,hoch,4,37,13,0,28,0,l,-,-,-,-,-,-,15,43,49
rest_b_w_hoch_a33_f14,hoch,4,37,14,0,28,0,l,-,-,-,-,-,-,15,43,49
rest_b_w_hoch_x7_80,hoch,4,10,7,40,78,0,l,7,12,40,78,0,ja,36,50,-
rest_b_w_hoch_x7_81,hoch,4,10,7,40,79,0,l,7,12,40,79,0,ja,36,50,-
rest_b_w_hoch_x7_82,hoch,4,10,7,40,80,0,l,7,12,40,80,0,ja,36,50,-
rest_b_w_hoch_x7_83,hoch,4,10,7,40,81,0,l,7,12,40,81,0,ja,36,50,-
rest_b_w_hoch_x7_84,hoch,4,10,7,40,82,0,l,7,12,40,82,0,ja,36,50,-
rest_b_w_hoch_x7_85,hoch,4,10,7,40,83,0,l,7,12,40,83,0,ja,36,50,-
rest_b_w_hoch_x7_86,hoch,4,10,7,40,84,0,l,7,12,40,84,0,ja,36,50,-
rest_b_w_hoch_x7_87,hoch,4,10,7,40,85,0,l,7,12,40,85,0,ja,36,50,-
rest_b_w_hoch_x7_88,hoch,4,10,7,40,86,0,l,-,-,-,-,-,-,29,43,49
rest_b_w_hoch_x7_89,hoch,4,10,7,40,87,0,l,-,-,-,-,-,-,29,43,49
rest_b_w_hoch_x7_90,hoch,4,10,7,40,88,0,l,-,-,-,-,-,-,29,43,49
rest_b_w_hoch_x7_m30,hoch,4,10,7,40,-30,0,r,7,12,40,-30,0,ja,36,50,-
rest_b_w_hoch_x7_m31,hoch,4,10,7,40,-31,0,r,7,12,40,-31,0,ja,36,50,-
rest_b_w_hoch_x7_m32,hoch,4,10,7,40,-32,0,r,7,12,40,-32,0,ja,36,50,-
rest_b_w_hoch_x7_m33,hoch,4,10,7,40,-33,0,r,-,-,-,-,-,-,29,43,49
rest_b_w_hoch_x7_m34,hoch,4,10,7,40,-34,0,r,-,-,-,-,-,-,29,43,49
rest_b_w_hoch_x7_m35,hoch,4,10,7,40,-35,0,r,-,-,-,-,-,-,29,43,49
rest_b_w_hoch_x7_m36,hoch,4,10,7,40,-36,0,r,-,-,-,-,-,-,29,43,49
rest_b_w_hoch_x7_m37,hoch,4,10,7,40,-37,0,r,-,-,-,-,-,-,29,43,49
rest_b_w_hoch_x7_m38,hoch,4,10,7,40,-38,0,r,-,-,-,-,-,-,29,43,49
rest_b_w_hoch_x10_80,hoch,4,10,10,46,78,0,l,10,12,46,78,0,ja,36,50,-
rest_b_w_hoch_x10_81,hoch,4,10,10,46,79,0,l,10,12,46,79,0,ja,36,50,-
rest_b_w_hoch_x10_82,hoch,4,10,10,46,80,0,l,10,12,46,80,0,ja,36,50,-
rest_b_w_hoch_x10_83,hoch,4,10,10,46,81,0,l,10,12,46,81,0,ja,36,50,-
rest_b_w_hoch_x10_84,hoch,4,10,10,46,82,0,l,10,12,46,82,0,ja,36,50,-
rest_b_w_hoch_x10_85,hoch,4,10,10,46,83,0,l,10,12,46,83,0,ja,36,50,-
rest_b_w_hoch_x10_86,hoch,4,10,10,46,84,0,l,10,12,46,84,0,ja,36,50,-
rest_b_w_hoch_x10_87,hoch,4,10,10,46,85,0,l,10,12,46,85,0,ja,36,50,-
rest_b_w_hoch_x10_88,hoch,4,10,10,46,86,0,l,-,-,-,-,-,-,29,43,49
rest_b_w_hoch_x10_89,hoch,4,10,10,46,87,0,l,-,-,-,-,-,-,29,43,49
rest_b_w_hoch_x10_90,hoch,4,10,10,46,88,0,l,-,-,-,-,-,-,29,43,49
rest_b_w_hoch_x10_m30,hoch,4,10,10,46,-30,0,r,10,12,46,-30,0,ja,36,50,-
rest_b_w_hoch_x10_m31,hoch,4,10,10,46,-31,0,r,10,12,46,-31,0,ja,36,50,-
rest_b_w_hoch_x10_m32,hoch,4,10,10,46,-32,0,r,10,12,46,-32,0,ja,36,50,-
rest_b_w_hoch_x10_m33,hoch,4,10,10,46,-33,0,r,-,-,-,-,-,-,29,43,49
rest_b_w_hoch_x10_m34,hoch,4,10,10,46,-34,0,r,-,-,-,-,-,-,29,43,49
rest_b_w_hoch_x10_m35,hoch,4,10,10,46,-35,0,r,-,-,-,-,-,-,29,43,49
rest_b_w_hoch_x10_m36,hoch,4,10,10,46,-36,0,r,-,-,-,-,-,-,29,43,49
rest_b_w_hoch_x10_m37,hoch,4,10,10,46,-37,0,r,-,-,-,-,-,-,29,43,49
rest_b_w_hoch_x10_m38,hoch,4,10,10,46,-38,0,r,-,-,-,-,-,-,29,43,49
rest_b_w_hoch_xg7_0,hoch,4,10,7,40,0,0,l,7,12,40,0,0,ja,36,50,-
rest_b_w_hoch_xg7_8,hoch,4,10,7,40,8,0,l,7,12,40,8,0,ja,36,50,-
rest_b_w_hoch_xg7_16,hoch,4,10,7,40,16,0,l,7,12,40,16,0,ja,36,50,-
rest_b_w_hoch_xg7_24,hoch,4,10,7,40,24,0,l,7,12,40,24,0,ja,36,50,-
rest_b_w_hoch_xg7_32,hoch,4,10,7,40,32,0,l,7,12,40,32,0,ja,36,50,-
rest_b_w_hoch_xg7_40,hoch,4,10,7,40,40,0,l,7,12,40,40,0,ja,36,50,-
rest_b_w_hoch_xg7_48,hoch,4,10,7,40,46,0,l,7,12,40,46,0,ja,36,50,-
rest_b_w_hoch_xg7_56,hoch,4,10,7,40,54,0,l,7,12,40,54,0,ja,36,50,-
rest_b_w_hoch_xg7_64,hoch,4,10,7,40,62,0,l,7,12,40,62,0,ja,36,50,-
rest_b_w_hoch_xg7_72,hoch,4,10,7,40,70,0,l,7,12,40,70,0,ja,36,50,-
rest_b_w_hoch_xg7_80,hoch,4,10,7,40,78,0,l,7,12,40,78,0,ja,36,50,-
rest_b_w_hoch_xg7_88,hoch,4,10,7,40,86,0,l,-,-,-,-,-,-,29,43,49
rest_b_w_hoch_xg7_96,hoch,4,10,7,40,94,0,l,-,-,-,-,-,-,29,43,49
rest_b_w_hoch_xg7_104,hoch,4,10,7,40,102,0,l,-,-,-,-,-,-,29,43,49
rest_b_w_hoch_xg7_112,hoch,4,10,7,40,110,0,l,-,-,-,-,-,-,29,43,49
rest_b_w_hoch_xg7_120,hoch,4,10,7,40,118,0,l,-,-,-,-,-,-,29,43,49
rest_b_w_hoch_xg7_m8,hoch,4,10,7,40,-8,0,r,7,12,40,-8,0,ja,36,50,-
rest_b_w_hoch_xg7_m16,hoch,4,10,7,40,-16,0,r,7,12,40,-16,0,ja,36,50,-
rest_b_w_hoch_xg7_m24,hoch,4,10,7,40,-24,0,r,7,12,40,-24,0,ja,36,50,-
rest_b_w_hoch_xg7_m32,hoch,4,10,7,40,-32,0,r,7,12,40,-32,0,ja,36,50,-
rest_b_w_hoch_xg7_m40,hoch,4,10,7,40,-40,0,r,-,-,-,-,-,-,29,43,49
rest_b_w_hoch_xg7_m48,hoch,4,10,7,40,-48,0,r,-,-,-,-,-,-,29,43,49
rest_b_w_hoch_xg7_m56,hoch,4,10,7,40,-58,0,r,-,-,-,-,-,-,29,43,49
rest_b_w_hoch_xg7_m64,hoch,4,10,7,40,-66,0,r,-,-,-,-,-,-,29,43,49
rest_b_w_hoch_z7_11,hoch,4,10,7,40,30,11,l,7,12,40,30,11,ja,36,50,-
rest_b_w_hoch_z7_12,hoch,4,10,7,40,28,12,l,7,12,40,28,12,ja,36,50,-
rest_b_w_hoch_z7_13,hoch,4,10,7,40,28,13,l,-,-,-,-,-,-,29,43,49
rest_b_w_hoch_z7_14,hoch,4,10,7,40,28,14,l,-,-,-,-,-,-,29,43,49
rest_b_w_hoch_z7_m11,hoch,4,10,7,40,28,-11,l,7,12,40,28,-11,ja,36,50,-
rest_b_w_hoch_z7_m12,hoch,4,10,7,40,28,-12,l,7,12,40,28,-12,ja,36,50,-
rest_b_w_hoch_z7_m13,hoch,4,10,7,40,28,-13,l,-,-,-,-,-,-,29,43,49
rest_b_w_hoch_z7_m14,hoch,4,10,7,40,28,-14,l,-,-,-,-,-,-,29,43,49
rest_b_w_hoch_zh7_11,hoch,4,10,7,40,-20,11,r,7,12,40,-20,11,ja,36,50,-
rest_b_w_hoch_zh7_12,hoch,4,10,7,40,-22,12,r,7,12,40,-22,12,ja,36,50,-
rest_b_w_hoch_zh7_13,hoch,4,10,7,40,-22,13,r,-,-,-,-,-,-,29,43,49
rest_b_w_hoch_zh7_14,hoch,4,10,7,40,-22,14,r,-,-,-,-,-,-,29,43,49
rest_b_w_hoch_zh7_m11,hoch,4,10,7,40,-22,-11,r,7,12,40,-22,-11,ja,36,50,-
rest_b_w_hoch_zh7_m12,hoch,4,10,7,40,-22,-12,r,7,12,40,-22,-12,ja,36,50,-
rest_b_w_hoch_zh7_m13,hoch,4,10,7,40,-22,-13,r,-,-,-,-,-,-,29,43,49
rest_b_w_hoch_zh7_m14,hoch,4,10,7,40,-22,-14,r,-,-,-,-,-,-,29,43,49
rest_b_w_runter_a1_f1,runter,4,5,1,0,30,0,l,-,-,-,-,-,-,-,43,-
rest_b_w_runter_a1_f2,runter,4,5,2,5,30,0,l,-,-,-,-,-,-,-,43,-
rest_b_w_runter_a1_f3,runter,4,5,3,9,30,0,l,-,-,-,-,-,-,-,43,-
rest_b_w_runter_a1_f4,runter,4,5,4,14,30,0,l,-,-,-,-,-,-,-,43,-
rest_b_w_runter_a1_f5,runter,4,5,5,18,30,0,l,-,-,-,-,-,-,-,43,-
rest_b_w_runter_a1_f6,runter,4,5,6,22,30,0,l,-,-,-,-,-,-,-,43,-
rest_b_w_runter_a1_f7,runter,4,5,7,26,30,0,l,-,-,-,-,-,-,-,43,-
rest_b_w_runter_a1_f8,runter,4,5,8,29,30,0,l,-,-,-,-,-,-,-,43,-
rest_b_w_runter_a1_f9,runter,4,5,9,32,30,0,l,9,4,32,30,0,nein,-,-,-
rest_b_w_runter_a1_f10,runter,4,5,10,35,30,0,l,10,4,35,30,0,nein,-,-,-
rest_b_w_runter_a1_f11,runter,4,5,11,38,30,0,l,11,4,38,30,0,nein,-,-,-
rest_b_w_runter_a1_f12,runter,4,5,12,40,30,0,l,12,4,40,30,0,nein,-,-,-
rest_b_w_runter_a1_f13,runter,4,5,13,43,30,0,l,-,-,-,-,-,-,-,43,-
rest_b_w_runter_a1_f14,runter,4,5,14,44,30,0,l,-,-,-,-,-,-,-,43,-
rest_b_w_runter_a1_f15,runter,4,5,15,46,30,0,l,-,-,-,-,-,-,-,43,-
rest_b_w_runter_a1_f16,runter,4,5,16,48,30,0,l,-,-,-,-,-,-,-,43,-
rest_b_w_runter_a1_f17,runter,4,5,17,49,30,0,l,-,-,-,-,-,-,-,43,-
rest_b_w_runter_a1_f18,runter,4,5,18,50,30,0,l,-,-,-,-,-,-,-,43,-
rest_b_w_runter_a1_f19,runter,4,5,19,50,30,0,l,-,-,-,-,-,-,-,43,-
rest_b_w_runter_a1_f20,runter,4,5,20,51,30,0,l,-,-,-,-,-,-,-,43,-
rest_b_w_runter_a1_f21,runter,4,5,21,51,30,0,l,-,-,-,-,-,-,-,43,-
rest_b_w_runter_a1_f22,runter,4,5,22,51,30,0,l,-,-,-,-,-,-,-,43,-
rest_b_w_runter_a1_f23,runter,4,5,23,51,30,0,l,-,-,-,-,-,-,-,43,-
rest_b_w_runter_a1_f24,runter,4,5,24,50,30,0,l,-,-,-,-,-,-,-,43,-
rest_b_w_runter_a1_f25,runter,4,5,25,49,30,0,l,-,-,-,-,-,-,-,43,-
rest_b_w_runter_a1_f26,runter,4,5,26,48,30,0,l,-,-,-,-,-,-,-,43,-
rest_b_w_runter_a1_f27,runter,4,5,27,47,30,0,l,-,-,-,-,-,-,-,43,-
rest_b_w_runter_a1_f28,runter,4,5,28,45,30,0,l,-,-,-,-,-,-,-,43,-
rest_b_w_runter_a1_f29,runter,4,5,29,44,30,0,l,-,-,-,-,-,-,-,43,-
rest_b_w_runter_a1_f30,runter,4,5,30,41,30,0,l,30,4,41,30,0,nein,-,-,-
rest_b_w_runter_a1_f31,runter,4,5,31,39,30,0,l,31,4,39,30,0,nein,-,-,-
rest_b_w_runter_a1_f32,runter,4,5,32,37,30,0,l,32,4,37,30,0,nein,-,-,-
rest_b_w_runter_a1_f33,runter,4,5,33,34,30,0,l,-,-,-,-,-,-,-,43,-
rest_b_w_runter_a1_f34,runter,4,5,34,31,30,0,l,-,-,-,-,-,-,-,43,-
rest_b_w_runter_a1_f35,runter,4,5,35,27,30,0,l,-,-,-,-,-,-,-,43,-
rest_b_w_runter_a1_f36,runter,4,5,36,24,30,0,l,-,-,-,-,-,-,-,43,-
rest_b_w_runter_a1_f37,runter,4,5,37,20,30,0,l,-,-,-,-,-,-,-,43,-
rest_b_w_runter_a1_f38,runter,4,5,38,16,28,0,l,-,-,-,-,-,-,-,43,-
rest_b_w_runter_a1_f39,runter,4,5,39,12,28,0,l,-,-,-,-,-,-,-,43,-
rest_b_w_runter_a1_f40,runter,4,5,40,7,28,0,l,-,-,-,-,-,-,-,43,-
rest_b_w_runter_a6_f1,runter,4,10,1,22,30,0,l,-,-,-,-,-,-,42,43,49
rest_b_w_runter_a6_f2,runter,4,10,2,26,30,0,l,-,-,-,-,-,-,42,43,49
rest_b_w_runter_a6_f3,runter,4,10,3,29,30,0,l,-,-,-,-,-,-,42,43,49
rest_b_w_runter_a6_f4,runter,4,10,4,32,30,0,l,-,-,-,-,-,-,42,43,49
rest_b_w_runter_a6_f5,runter,4,10,5,35,30,0,l,-,-,-,-,-,-,42,43,49
rest_b_w_runter_a6_f6,runter,4,10,6,38,30,0,l,-,-,-,-,-,-,42,43,49
rest_b_w_runter_a6_f7,runter,4,10,7,40,30,0,l,-,-,-,-,-,-,42,43,49
rest_b_w_runter_a6_f8,runter,4,10,8,43,30,0,l,-,-,-,-,-,-,42,43,49
rest_b_w_runter_a6_f9,runter,4,10,9,44,30,0,l,-,-,-,-,-,-,42,43,49
rest_b_w_runter_a6_f10,runter,4,10,10,46,30,0,l,-,-,-,-,-,-,42,43,49
rest_b_w_runter_a6_f11,runter,4,10,11,48,30,0,l,-,-,-,-,-,-,42,43,49
rest_b_w_runter_a6_f12,runter,4,10,12,49,30,0,l,-,-,-,-,-,-,42,43,49
rest_b_w_runter_a6_f13,runter,4,10,13,50,30,0,l,-,-,-,-,-,-,42,43,49
rest_b_w_runter_a6_f14,runter,4,10,14,50,30,0,l,-,-,-,-,-,-,42,43,49
rest_b_w_runter_a6_f15,runter,4,10,15,51,30,0,l,-,-,-,-,-,-,42,43,49
rest_b_w_runter_a6_f16,runter,4,10,16,51,30,0,l,-,-,-,-,-,-,42,43,49
rest_b_w_runter_a6_f17,runter,4,10,17,51,30,0,l,-,-,-,-,-,-,42,43,49
rest_b_w_runter_a6_f18,runter,4,10,18,51,30,0,l,-,-,-,-,-,-,42,43,49
rest_b_w_runter_a6_f19,runter,4,10,19,50,30,0,l,-,-,-,-,-,-,42,43,49
rest_b_w_runter_a6_f20,runter,4,10,20,49,30,0,l,-,-,-,-,-,-,42,43,49
rest_b_w_runter_a6_f21,runter,4,10,21,48,30,0,l,-,-,-,-,-,-,42,43,49
rest_b_w_runter_a6_f22,runter,4,10,22,47,30,0,l,-,-,-,-,-,-,42,43,49
rest_b_w_runter_a6_f23,runter,4,10,23,45,30,0,l,-,-,-,-,-,-,42,43,49
rest_b_w_runter_a6_f24,runter,4,10,24,44,30,0,l,-,-,-,-,-,-,42,43,49
rest_b_w_runter_a6_f25,runter,4,10,25,41,30,0,l,25,4,41,30,0,nein,-,50,-
rest_b_w_runter_a6_f26,runter,4,10,26,39,30,0,l,26,4,39,30,0,nein,-,50,-
rest_b_w_runter_a6_f27,runter,4,10,27,37,30,0,l,27,4,37,30,0,nein,-,50,-
rest_b_w_runter_a6_f28,runter,4,10,28,34,30,0,l,28,4,34,30,0,nein,-,50,-
rest_b_w_runter_a6_f29,runter,4,10,29,31,30,0,l,29,4,31,30,0,nein,-,50,-
rest_b_w_runter_a6_f30,runter,4,10,30,27,30,0,l,30,4,27,30,0,nein,-,50,-
rest_b_w_runter_a6_f31,runter,4,10,31,24,30,0,l,31,4,24,30,0,nein,-,50,-
rest_b_w_runter_a6_f32,runter,4,10,32,20,30,0,l,32,4,20,30,0,nein,-,50,-
rest_b_w_runter_a6_f33,runter,4,10,33,16,28,0,l,-,-,-,-,-,-,42,43,49
rest_b_w_runter_a6_f34,runter,4,10,34,12,28,0,l,-,-,-,-,-,-,42,43,49
rest_b_w_runter_a6_f35,runter,4,10,35,7,28,0,l,-,-,-,-,-,-,42,43,49
rest_b_w_runter_a6_f36,runter,4,10,36,2,28,0,l,-,-,-,-,-,-,42,43,49
rest_b_w_runter_a6_f37,runter,4,10,37,0,28,0,l,-,-,-,-,-,-,42,43,49
rest_b_w_runter_a6_f38,runter,4,10,38,0,28,0,l,-,-,-,-,-,-,42,43,49
rest_b_w_runter_a6_f39,runter,4,10,39,0,28,0,l,-,-,-,-,-,-,42,43,49
rest_b_w_runter_a6_f40,runter,4,10,40,0,28,0,l,-,-,-,-,-,-,42,43,49
rest_b_w_runter_a12_f1,runter,4,16,1,40,30,0,l,-,-,-,-,-,-,36,43,49
rest_b_w_runter_a12_f2,runter,4,16,2,43,30,0,l,-,-,-,-,-,-,36,43,49
rest_b_w_runter_a12_f3,runter,4,16,3,44,30,0,l,-,-,-,-,-,-,36,43,49
rest_b_w_runter_a12_f4,runter,4,16,4,46,30,0,l,-,-,-,-,-,-,36,43,49
rest_b_w_runter_a12_f5,runter,4,16,5,48,30,0,l,-,-,-,-,-,-,36,43,49
rest_b_w_runter_a12_f6,runter,4,16,6,49,30,0,l,-,-,-,-,-,-,36,43,49
rest_b_w_runter_a12_f7,runter,4,16,7,50,30,0,l,-,-,-,-,-,-,36,43,49
rest_b_w_runter_a12_f8,runter,4,16,8,50,30,0,l,-,-,-,-,-,-,36,43,49
rest_b_w_runter_a12_f9,runter,4,16,9,51,30,0,l,-,-,-,-,-,-,36,43,49
rest_b_w_runter_a12_f10,runter,4,16,10,51,30,0,l,-,-,-,-,-,-,36,43,49
rest_b_w_runter_a12_f11,runter,4,16,11,51,30,0,l,-,-,-,-,-,-,36,43,49
rest_b_w_runter_a12_f12,runter,4,16,12,51,30,0,l,-,-,-,-,-,-,36,43,49
rest_b_w_runter_a12_f13,runter,4,16,13,50,30,0,l,-,-,-,-,-,-,36,43,49
rest_b_w_runter_a12_f14,runter,4,16,14,49,30,0,l,-,-,-,-,-,-,36,43,49
rest_b_w_runter_a12_f15,runter,4,16,15,48,30,0,l,-,-,-,-,-,-,36,43,49
rest_b_w_runter_a12_f16,runter,4,16,16,47,30,0,l,-,-,-,-,-,-,36,43,49
rest_b_w_runter_a12_f17,runter,4,16,17,45,30,0,l,-,-,-,-,-,-,36,43,49
rest_b_w_runter_a12_f18,runter,4,16,18,44,30,0,l,-,-,-,-,-,-,36,43,49
rest_b_w_runter_a12_f19,runter,4,16,19,41,30,0,l,19,4,41,30,0,nein,43,50,56
rest_b_w_runter_a12_f20,runter,4,16,20,39,30,0,l,20,4,39,30,0,nein,43,50,56
rest_b_w_runter_a12_f21,runter,4,16,21,37,30,0,l,21,4,37,30,0,nein,43,50,56
rest_b_w_runter_a12_f22,runter,4,16,22,34,30,0,l,22,4,34,30,0,nein,43,50,56
rest_b_w_runter_a12_f23,runter,4,16,23,31,30,0,l,23,4,31,30,0,nein,43,50,56
rest_b_w_runter_a12_f24,runter,4,16,24,27,30,0,l,24,4,27,30,0,nein,43,50,56
rest_b_w_runter_a12_f25,runter,4,16,25,24,30,0,l,25,4,24,30,0,nein,43,50,56
rest_b_w_runter_a12_f26,runter,4,16,26,20,30,0,l,26,4,20,30,0,nein,43,50,56
rest_b_w_runter_a12_f27,runter,4,16,27,16,28,0,l,27,4,16,28,0,nein,43,50,56
rest_b_w_runter_a12_f28,runter,4,16,28,12,28,0,l,28,4,12,28,0,nein,43,50,56
rest_b_w_runter_a12_f29,runter,4,16,29,7,28,0,l,29,4,7,28,0,nein,43,50,56
rest_b_w_runter_a12_f30,runter,4,16,30,2,28,0,l,30,4,2,28,0,nein,43,50,56
rest_b_w_runter_a12_f31,runter,4,16,31,0,28,0,l,-,-,-,-,-,-,36,43,49
rest_b_w_runter_a12_f32,runter,4,16,32,0,28,0,l,-,-,-,-,-,-,36,43,49
rest_b_w_runter_a12_f33,runter,4,16,33,0,28,0,l,-,-,-,-,-,-,36,43,49
rest_b_w_runter_a12_f34,runter,4,16,34,0,28,0,l,-,-,-,-,-,-,36,43,49
rest_b_w_runter_a20_f1,runter,4,24,1,51,30,0,l,-,-,-,-,-,-,28,43,49
rest_b_w_runter_a20_f2,runter,4,24,2,51,30,0,l,-,-,-,-,-,-,28,43,49
rest_b_w_runter_a20_f3,runter,4,24,3,51,30,0,l,-,-,-,-,-,-,28,43,49
rest_b_w_runter_a20_f4,runter,4,24,4,51,30,0,l,-,-,-,-,-,-,28,43,49
rest_b_w_runter_a20_f5,runter,4,24,5,50,30,0,l,-,-,-,-,-,-,28,43,49
rest_b_w_runter_a20_f6,runter,4,24,6,49,30,0,l,-,-,-,-,-,-,28,43,49
rest_b_w_runter_a20_f7,runter,4,24,7,48,30,0,l,-,-,-,-,-,-,28,43,49
rest_b_w_runter_a20_f8,runter,4,24,8,47,30,0,l,-,-,-,-,-,-,28,43,49
rest_b_w_runter_a20_f9,runter,4,24,9,45,30,0,l,-,-,-,-,-,-,28,43,49
rest_b_w_runter_a20_f10,runter,4,24,10,44,30,0,l,-,-,-,-,-,-,28,43,49
rest_b_w_runter_a20_f11,runter,4,24,11,41,30,0,l,11,4,41,30,0,nein,35,50,56
rest_b_w_runter_a20_f12,runter,4,24,12,39,30,0,l,12,4,39,30,0,nein,35,50,56
rest_b_w_runter_a20_f13,runter,4,24,13,37,30,0,l,13,4,37,30,0,nein,35,50,56
rest_b_w_runter_a20_f14,runter,4,24,14,34,30,0,l,14,4,34,30,0,nein,35,50,56
rest_b_w_runter_a20_f15,runter,4,24,15,31,30,0,l,15,4,31,30,0,nein,35,50,56
rest_b_w_runter_a20_f16,runter,4,24,16,27,30,0,l,16,4,27,30,0,nein,35,50,56
rest_b_w_runter_a20_f17,runter,4,24,17,24,30,0,l,17,4,24,30,0,nein,35,50,56
rest_b_w_runter_a20_f18,runter,4,24,18,20,30,0,l,18,4,20,30,0,nein,35,50,56
rest_b_w_runter_a20_f19,runter,4,24,19,16,28,0,l,19,4,16,28,0,nein,35,50,56
rest_b_w_runter_a20_f20,runter,4,24,20,12,28,0,l,20,4,12,28,0,nein,35,50,56
rest_b_w_runter_a20_f21,runter,4,24,21,7,28,0,l,21,4,7,28,0,nein,35,50,56
rest_b_w_runter_a20_f22,runter,4,24,22,2,28,0,l,22,4,2,28,0,nein,35,50,56
rest_b_w_runter_a20_f23,runter,4,24,23,0,28,0,l,-,-,-,-,-,-,28,43,49
rest_b_w_runter_a20_f24,runter,4,24,24,0,28,0,l,-,-,-,-,-,-,28,43,49
rest_b_w_runter_a20_f25,runter,4,24,25,0,28,0,l,-,-,-,-,-,-,28,43,49
rest_b_w_runter_a20_f26,runter,4,24,26,0,28,0,l,-,-,-,-,-,-,28,43,49
rest_b_w_runter_a24_f1,runter,4,28,1,50,30,0,l,-,-,-,-,-,-,24,43,49
rest_b_w_runter_a24_f2,runter,4,28,2,49,30,0,l,-,-,-,-,-,-,24,43,49
rest_b_w_runter_a24_f3,runter,4,28,3,48,30,0,l,-,-,-,-,-,-,24,43,49
rest_b_w_runter_a24_f4,runter,4,28,4,47,30,0,l,-,-,-,-,-,-,24,43,49
rest_b_w_runter_a24_f5,runter,4,28,5,45,30,0,l,-,-,-,-,-,-,24,43,49
rest_b_w_runter_a24_f6,runter,4,28,6,44,30,0,l,-,-,-,-,-,-,24,43,49
rest_b_w_runter_a24_f7,runter,4,28,7,41,30,0,l,-,-,-,-,-,-,24,43,49
rest_b_w_runter_a24_f8,runter,4,28,8,39,30,0,l,-,-,-,-,-,-,24,43,49
rest_b_w_runter_a24_f9,runter,4,28,9,37,30,0,l,9,4,37,30,0,nein,31,50,56
rest_b_w_runter_a24_f10,runter,4,28,10,34,30,0,l,10,4,34,30,0,nein,31,50,56
rest_b_w_runter_a24_f11,runter,4,28,11,31,30,0,l,11,4,31,30,0,nein,31,50,56
rest_b_w_runter_a24_f12,runter,4,28,12,27,30,0,l,12,4,27,30,0,nein,31,50,56
rest_b_w_runter_a24_f13,runter,4,28,13,24,30,0,l,13,4,24,30,0,nein,31,50,56
rest_b_w_runter_a24_f14,runter,4,28,14,20,30,0,l,14,4,20,30,0,nein,31,50,56
rest_b_w_runter_a24_f15,runter,4,28,15,16,28,0,l,15,4,16,28,0,nein,31,50,56
rest_b_w_runter_a24_f16,runter,4,28,16,12,28,0,l,16,4,12,28,0,nein,31,50,56
rest_b_w_runter_a24_f17,runter,4,28,17,7,28,0,l,17,4,7,28,0,nein,31,50,56
rest_b_w_runter_a24_f18,runter,4,28,18,2,28,0,l,18,4,2,28,0,nein,31,50,56
rest_b_w_runter_a24_f19,runter,4,28,19,0,28,0,l,-,-,-,-,-,-,24,43,49
rest_b_w_runter_a24_f20,runter,4,28,20,0,28,0,l,-,-,-,-,-,-,24,43,49
rest_b_w_runter_a24_f21,runter,4,28,21,0,28,0,l,-,-,-,-,-,-,24,43,49
rest_b_w_runter_a24_f22,runter,4,28,22,0,28,0,l,-,-,-,-,-,-,24,43,49
rest_b_w_runter_a28_f1,runter,4,32,1,45,30,0,l,-,-,-,-,-,-,20,43,49
rest_b_w_runter_a28_f2,runter,4,32,2,44,30,0,l,-,-,-,-,-,-,20,43,49
rest_b_w_runter_a28_f3,runter,4,32,3,41,30,0,l,-,-,-,-,-,-,20,43,49
rest_b_w_runter_a28_f4,runter,4,32,4,39,30,0,l,-,-,-,-,-,-,20,43,49
rest_b_w_runter_a28_f5,runter,4,32,5,37,30,0,l,-,-,-,-,-,-,20,43,49
rest_b_w_runter_a28_f6,runter,4,32,6,34,30,0,l,-,-,-,-,-,-,20,43,49
rest_b_w_runter_a28_f7,runter,4,32,7,31,30,0,l,-,-,-,-,-,-,20,43,49
rest_b_w_runter_a28_f8,runter,4,32,8,27,30,0,l,-,-,-,-,-,-,20,43,49
rest_b_w_runter_a28_f9,runter,4,32,9,24,30,0,l,9,4,24,30,0,nein,27,50,56
rest_b_w_runter_a28_f10,runter,4,32,10,20,30,0,l,10,4,20,30,0,nein,27,50,56
rest_b_w_runter_a28_f11,runter,4,32,11,16,28,0,l,11,4,16,28,0,nein,27,50,56
rest_b_w_runter_a28_f12,runter,4,32,12,12,28,0,l,12,4,12,28,0,nein,27,50,56
rest_b_w_runter_a28_f13,runter,4,32,13,7,28,0,l,13,4,7,28,0,nein,27,50,56
rest_b_w_runter_a28_f14,runter,4,32,14,2,28,0,l,14,4,2,28,0,nein,27,50,56
rest_b_w_runter_a28_f15,runter,4,32,15,0,28,0,l,-,-,-,-,-,-,20,43,49
rest_b_w_runter_a28_f16,runter,4,32,16,0,28,0,l,-,-,-,-,-,-,20,43,49
rest_b_w_runter_a28_f17,runter,4,32,17,0,28,0,l,-,-,-,-,-,-,20,43,49
rest_b_w_runter_a28_f18,runter,4,32,18,0,28,0,l,-,-,-,-,-,-,20,43,49
rest_b_w_runter_x11_37,runter,4,24,11,41,37,0,l,11,4,41,37,0,nein,35,50,56
rest_b_w_runter_x11_38,runter,4,24,11,41,38,0,l,11,4,41,38,0,nein,35,50,56
rest_b_w_runter_x11_39,runter,4,24,11,41,39,0,l,11,4,41,39,0,nein,35,50,56
rest_b_w_runter_x11_40,runter,4,24,11,41,40,0,l,11,4,41,40,0,nein,35,50,56
rest_b_w_runter_x11_41,runter,4,24,11,41,41,0,l,11,4,41,41,0,nein,35,50,56
rest_b_w_runter_x11_42,runter,4,24,11,41,42,0,l,11,4,41,42,0,nein,35,50,56
rest_b_w_runter_x11_43,runter,4,24,11,41,43,0,l,-,-,-,-,-,-,28,43,49
rest_b_w_runter_x11_44,runter,4,24,11,41,44,0,l,-,-,-,-,-,-,28,43,49
rest_b_w_runter_x11_45,runter,4,24,11,41,45,0,l,-,-,-,-,-,-,28,43,49
rest_b_w_runter_x11_46,runter,4,24,11,41,46,0,l,-,-,-,-,-,-,28,43,49
rest_b_w_runter_x11_m37,runter,4,24,11,41,-37,0,r,11,4,41,-37,0,nein,35,50,56
rest_b_w_runter_x11_m38,runter,4,24,11,41,-38,0,r,11,4,41,-38,0,nein,35,50,56
rest_b_w_runter_x11_m39,runter,4,24,11,41,-39,0,r,11,4,41,-39,0,nein,35,50,56
rest_b_w_runter_x11_m40,runter,4,24,11,41,-40,0,r,11,4,41,-40,0,nein,35,50,56
rest_b_w_runter_x11_m41,runter,4,24,11,41,-41,0,r,11,4,41,-41,0,nein,35,50,56
rest_b_w_runter_x11_m42,runter,4,24,11,41,-42,0,r,-,-,-,-,-,-,28,43,49
rest_b_w_runter_x11_m43,runter,4,24,11,41,-43,0,r,-,-,-,-,-,-,28,43,49
rest_b_w_runter_x11_m44,runter,4,24,11,41,-44,0,r,-,-,-,-,-,-,28,43,49
rest_b_w_runter_x11_m45,runter,4,24,11,41,-45,0,r,-,-,-,-,-,-,28,43,49
rest_b_w_runter_x11_m46,runter,4,24,11,41,-46,0,r,-,-,-,-,-,-,28,43,49
rest_b_w_runter_x18_37,runter,4,24,18,20,37,0,l,18,4,20,37,0,nein,35,50,56
rest_b_w_runter_x18_38,runter,4,24,18,20,38,0,l,18,4,20,38,0,nein,35,50,56
rest_b_w_runter_x18_39,runter,4,24,18,20,39,0,l,18,4,20,39,0,nein,35,50,56
rest_b_w_runter_x18_40,runter,4,24,18,20,40,0,l,18,4,20,40,0,nein,35,50,56
rest_b_w_runter_x18_41,runter,4,24,18,20,41,0,l,18,4,20,41,0,nein,35,50,56
rest_b_w_runter_x18_42,runter,4,24,18,20,42,0,l,18,4,20,42,0,nein,35,50,56
rest_b_w_runter_x18_43,runter,4,24,18,20,43,0,l,-,-,-,-,-,-,28,43,49
rest_b_w_runter_x18_44,runter,4,24,18,20,44,0,l,-,-,-,-,-,-,28,43,49
rest_b_w_runter_x18_45,runter,4,24,18,20,45,0,l,-,-,-,-,-,-,28,43,49
rest_b_w_runter_x18_46,runter,4,24,18,20,46,0,l,-,-,-,-,-,-,28,43,49
rest_b_w_runter_x18_m37,runter,4,24,18,20,-37,0,r,18,4,20,-37,0,nein,35,50,56
rest_b_w_runter_x18_m38,runter,4,24,18,20,-38,0,r,18,4,20,-38,0,nein,35,50,56
rest_b_w_runter_x18_m39,runter,4,24,18,20,-39,0,r,18,4,20,-39,0,nein,35,50,56
rest_b_w_runter_x18_m40,runter,4,24,18,20,-40,0,r,18,4,20,-40,0,nein,35,50,56
rest_b_w_runter_x18_m41,runter,4,24,18,20,-41,0,r,18,4,20,-41,0,nein,35,50,56
rest_b_w_runter_x18_m42,runter,4,24,18,20,-42,0,r,-,-,-,-,-,-,28,43,49
rest_b_w_runter_x18_m43,runter,4,24,18,20,-43,0,r,-,-,-,-,-,-,28,43,49
rest_b_w_runter_x18_m44,runter,4,24,18,20,-44,0,r,-,-,-,-,-,-,28,43,49
rest_b_w_runter_x18_m45,runter,4,24,18,20,-45,0,r,-,-,-,-,-,-,28,43,49
rest_b_w_runter_x18_m46,runter,4,24,18,20,-46,0,r,-,-,-,-,-,-,28,43,49
rest_b_w_runter_xg11_0,runter,4,24,11,41,0,0,l,11,4,41,0,0,nein,35,50,56
rest_b_w_runter_xg11_8,runter,4,24,11,41,8,0,l,11,4,41,8,0,nein,35,50,56
rest_b_w_runter_xg11_16,runter,4,24,11,41,16,0,l,11,4,41,16,0,nein,35,50,56
rest_b_w_runter_xg11_24,runter,4,24,11,41,24,0,l,11,4,41,24,0,nein,35,50,56
rest_b_w_runter_xg11_32,runter,4,24,11,41,32,0,l,11,4,41,32,0,nein,35,50,56
rest_b_w_runter_xg11_40,runter,4,24,11,41,40,0,l,11,4,41,40,0,nein,35,50,56
rest_b_w_runter_xg11_48,runter,4,24,11,41,46,0,l,-,-,-,-,-,-,28,43,49
rest_b_w_runter_xg11_56,runter,4,24,11,41,54,0,l,-,-,-,-,-,-,28,43,49
rest_b_w_runter_xg11_64,runter,4,24,11,41,62,0,l,-,-,-,-,-,-,28,43,49
rest_b_w_runter_xg11_72,runter,4,24,11,41,70,0,l,-,-,-,-,-,-,28,43,49
rest_b_w_runter_xg11_80,runter,4,24,11,41,78,0,l,-,-,-,-,-,-,28,43,49
rest_b_w_runter_xg11_88,runter,4,24,11,41,86,0,l,-,-,-,-,-,-,28,43,49
rest_b_w_runter_xg11_96,runter,4,24,11,41,94,0,l,-,-,-,-,-,-,28,43,49
rest_b_w_runter_xg11_104,runter,4,24,11,41,102,0,l,-,-,-,-,-,-,28,43,49
rest_b_w_runter_xg11_112,runter,4,24,11,41,110,0,l,-,-,-,-,-,-,28,43,49
rest_b_w_runter_xg11_120,runter,4,24,11,41,118,0,l,-,-,-,-,-,-,28,43,49
rest_b_w_runter_xg11_m8,runter,4,24,11,41,-8,0,r,11,4,41,-8,0,nein,35,50,56
rest_b_w_runter_xg11_m16,runter,4,24,11,41,-16,0,r,11,4,41,-16,0,nein,35,50,56
rest_b_w_runter_xg11_m24,runter,4,24,11,41,-24,0,r,11,4,41,-24,0,nein,35,50,56
rest_b_w_runter_xg11_m32,runter,4,24,11,41,-32,0,r,11,4,41,-32,0,nein,35,50,56
rest_b_w_runter_xg11_m40,runter,4,24,11,41,-40,0,r,11,4,41,-40,0,nein,35,50,56
rest_b_w_runter_xg11_m48,runter,4,24,11,41,-48,0,r,-,-,-,-,-,-,28,43,49
rest_b_w_runter_xg11_m56,runter,4,24,11,41,-58,0,r,-,-,-,-,-,-,28,43,49
rest_b_w_runter_xg11_m64,runter,4,24,11,41,-66,0,r,-,-,-,-,-,-,28,43,49
rest_b_w_runter_z11_11,runter,4,24,11,41,30,11,l,11,4,41,30,11,nein,35,50,56
rest_b_w_runter_z11_12,runter,4,24,11,41,28,12,l,11,4,41,28,12,nein,35,50,56
rest_b_w_runter_z11_13,runter,4,24,11,41,28,13,l,-,-,-,-,-,-,28,43,49
rest_b_w_runter_z11_14,runter,4,24,11,41,28,14,l,-,-,-,-,-,-,28,43,49
rest_b_w_runter_z11_m11,runter,4,24,11,41,28,-11,l,11,4,41,28,-11,nein,35,50,56
rest_b_w_runter_z11_m12,runter,4,24,11,41,28,-12,l,11,4,41,28,-12,nein,35,50,56
rest_b_w_runter_z11_m13,runter,4,24,11,41,28,-13,l,-,-,-,-,-,-,28,43,49
rest_b_w_runter_z11_m14,runter,4,24,11,41,28,-14,l,-,-,-,-,-,-,28,43,49
rest_b_w_runter_zh11_11,runter,4,24,11,41,-20,11,r,11,4,41,-20,11,nein,35,50,56
rest_b_w_runter_zh11_12,runter,4,24,11,41,-22,12,r,11,4,41,-22,12,nein,35,50,56
rest_b_w_runter_zh11_13,runter,4,24,11,41,-22,13,r,-,-,-,-,-,-,28,43,49
rest_b_w_runter_zh11_14,runter,4,24,11,41,-22,14,r,-,-,-,-,-,-,28,43,49
rest_b_w_runter_zh11_m11,runter,4,24,11,41,-22,-11,r,11,4,41,-22,-11,nein,35,50,56
rest_b_w_runter_zh11_m12,runter,4,24,11,41,-22,-12,r,11,4,41,-22,-12,nein,35,50,56
rest_b_w_runter_zh11_m13,runter,4,24,11,41,-22,-13,r,-,-,-,-,-,-,28,43,49
rest_b_w_runter_zh11_m14,runter,4,24,11,41,-22,-14,r,-,-,-,-,-,-,28,43,49
#
# Teil C: Gegner mit genau 0 LP (messen_rest.py nulllp). rest_c_s1/s2/s3/tritt_*: EINGRIFF CC_ELP (LP vor
# dem Treffer so gesetzt, dass er genau 0 ergibt); rest_c_danach_*: dazu ein weiterer Schlag;
# rest_c_nat_*: ohne Eingriff. status_folge = Frame relativ zu null_frame: S+4/Aktion S+0x0A.
lauf,slot,typ,null_frame,schaden,umgeworfen,lp_danach,frames_mit_0,status_folge,aktiv_ab,figur_lp_verluste_durch_ihn,tod_frame,lp_tod,slot_frei_rel_tod,laufende
rest_c_danach_e,17,0x60ca0,5,3,nein,0,57,0:3/0 23:1/0 33:1/6,23,-,62,-3,79,203
rest_c_danach_w,18,0x5a97e,5,3,nein,0,37,0:3/0 23:1/0 24:1/6,23,-,42,-3,79,203
rest_c_nat_e,17,0x60ca0,165,3,nein,0,236,0:3/0 23:1/0 24:1/6 122:1/0 185:1/4,23,54:-6,-,-,-,400
rest_c_nat_w,18,0x5a97e,89,7,ja,0,212,0:3/c 1:2/c 97:1/0 131:1/6,97,199:-5,-,-,-,300
rest_c_s1_e,17,0x60ca0,5,3,nein,0,249,0:3/0 23:1/0 33:1/6 205:1/0,23,63:-6 123:-6 185:-6,-,-,-,253
rest_c_s1_w,18,0x5a97e,5,3,nein,0,249,0:3/0 23:1/0 24:1/6 178:1/0 218:1/2,23,49:-5 107:-5 170:-5,-,-,-,253
rest_c_s2_w,18,0x5a97e,22,4,nein,0,248,0:3/4 23:1/0 24:1/6 178:1/0 218:1/2,23,49:-5 107:-5 170:-5,-,-,-,269
rest_c_s3_e,17,0x60ca0,40,5,nein,0,247,0:3/0 23:1/0 33:1/6 210:1/0,23,63:-6 128:-6 190:-6,-,-,-,286
rest_c_tritt_e,17,0x60ca0,57,10,ja,0,248,0:3/c 1:2/c 113:1/0 193:1/2,113,-,-,-,-,304
rest_c_tritt_w,18,0x5a97e,57,10,ja,0,248,0:3/c 1:2/c 105:1/0,105,-,-,-,-,304
#
# Teil D: Tod und Neueinstieg der Figur (messen_rest.py tod). rest_d_hurt*: ohne Eingriff. rest_d_boss,
# rest_d_anfang: EINGRIFF LP der Figur in Frame 2 auf 1. rest_d_rang7/9/24: dazu EINGRIFF Rang bis Frame 870
# gehalten. rest_d_<c|h>_*: Eingaben nach dem Tod (hr/hu Richtung ab t+4 gehalten, aF/jF ein Druck in
# L+F); rest_d_*_schutz: EINGRIFF, ein Gegner ab L+110 bei dx 40/dz 0 gehalten.
lauf,t,lp_t,angreifer,attr,schaden,aktionen_rel_t,neu_rel_t,leben,rang_vorher,rang_nachher,rang_wechsel_rel_t,erscheinen_rel_t,x,z,h,kamera_x,kamera_y,x_minus_kx,z_minus_ky,blick,landung_rel_t,landung_rel_erscheinen,hoehe_L,stand_rel_t,status3_bis_rel_L,t69_start,t69_null_rel_L,gegner_in_L,eingabe_ab_rel_L,wirkung_rel_L,gegnerangriffe_im_schutz,naechster_lp_verlust_rel_L,gegneraktionen_bis_erscheinen,gegnerangriffe_bis_erscheinen
rest_d_anfang,810,-4,18,400C,5,0:6 1:0 2:2 40:4 49:6 59:a 120:0,120,2->1,10,7,120,121,529,304,256,465,256,64,48,r,173,52,0,179,199,200,200,17:sichtbar_ohne_Treffer 18:WOOKY:-5:dx20:dz-5:um,-,-,L-18:S18,-,0/2/6/a,-
rest_d_boss,96,-8,17,400C,9,0:6 1:0 2:2 40:4 49:6 59:a 120:0,120,2->1,16,13,120,121,2192,176,256,2128,128,64,48,r,173,52,0,179,199,200,200,16:WOOKY:-5:dx5:dz-10:um 17:WOOKY:-5:dx56:dz-22:um 19:DOLG:-10:dx4:dz6:um,-,-,L+160:S16 L+170:S19,280,0/4/6,-
rest_d_boss,998,-2,19,4002,9,0:0 2:2 40:4 49:6 59:a 120:0,kein Neueinstieg,1->0 in t+120,14,11,120,-,-,-,-,-,-,-,-,-,-,-,-,-,-,-,-,-,-,-,-,-,-,-
rest_d_c_a0,1741,-2,15,440C,8,0:4 1:0 2:2 40:4 72:6 91:a 152:0,152,2->1,12,9,152,153,913,304,256,849,256,64,48,r,205,52,0,211,-,200,-,14:WOOKY:-5:dx126:dz14:um 15:WOOKY:-5:dx167:dz14:um 16:WOOKY:-5:dx214:dz-7:um 17:EDDY:-5:dx168:dz-6:um 18:SKIP:-5:dx101:dz29:um,0,-,-,-,0/2/4/6,-
rest_d_c_a1,1741,-2,15,440C,8,0:4 1:0 2:2 40:4 72:6 91:a 152:0,152,2->1,12,9,152,153,913,304,256,849,256,64,48,r,205,52,0,211,-,200,-,14:WOOKY:-5:dx126:dz14:um 15:WOOKY:-5:dx167:dz14:um 16:WOOKY:-5:dx214:dz-7:um 17:EDDY:-5:dx168:dz-6:um 18:SKIP:-5:dx101:dz29:um,1,-,-,-,0/2/4/6,-
rest_d_c_a2,1741,-2,15,440C,8,0:4 1:0 2:2 40:4 72:6 91:a 152:0,152,2->1,12,9,152,153,913,304,256,849,256,64,48,r,205,52,0,211,-,200,-,14:WOOKY:-5:dx126:dz14:um 15:WOOKY:-5:dx167:dz14:um 16:WOOKY:-5:dx214:dz-7:um 17:EDDY:-5:dx168:dz-6:um 18:SKIP:-5:dx101:dz29:um,2,-,-,-,0/2/4/6,-
rest_d_c_a3,1741,-2,15,440C,8,0:4 1:0 2:2 40:4 72:6 91:a 152:0,152,2->1,12,9,152,153,913,304,256,849,256,64,48,r,205,52,0,211,-,200,-,14:WOOKY:-5:dx126:dz14:um 15:WOOKY:-5:dx167:dz14:um 16:WOOKY:-5:dx214:dz-7:um 17:EDDY:-5:dx168:dz-6:um 18:SKIP:-5:dx101:dz29:um,3,-,-,-,0/2/4/6,-
rest_d_c_a4,1741,-2,15,440C,8,0:4 1:0 2:2 40:4 72:6 91:a 152:0,152,2->1,12,9,152,153,913,304,256,849,256,64,48,r,205,52,0,211,-,200,-,14:WOOKY:-5:dx126:dz14:um 15:WOOKY:-5:dx167:dz14:um 16:WOOKY:-5:dx214:dz-7:um 17:EDDY:-5:dx168:dz-6:um 18:SKIP:-5:dx101:dz29:um,4,-,-,-,0/2/4/6,-
rest_d_c_a5,1741,-2,15,440C,8,0:4 1:0 2:2 40:4 72:6 91:a 152:0,152,2->1,12,9,152,153,913,304,256,849,256,64,48,r,205,52,0,211,-,200,-,14:WOOKY:-5:dx126:dz14:um 15:WOOKY:-5:dx167:dz14:um 16:WOOKY:-5:dx214:dz-7:um 17:EDDY:-5:dx168:dz-6:um 18:SKIP:-5:dx101:dz29:um,5,-,-,-,0/2/4/6,-
rest_d_c_a6,1741,-2,15,440C,8,0:4 1:0 2:2 40:4 72:6 91:a 152:0,152,2->1,12,9,152,153,913,304,256,849,256,64,48,r,205,52,0,211,-,200,-,14:WOOKY:-5:dx126:dz14:um 15:WOOKY:-5:dx167:dz14:um 16:WOOKY:-5:dx214:dz-7:um 17:EDDY:-5:dx168:dz-6:um 18:SKIP:-5:dx101:dz29:um,6,7,-,-,0/2/4/6,-
rest_d_c_a7,1741,-2,15,440C,8,0:4 1:0 2:2 40:4 72:6 91:a 152:0,152,2->1,12,9,152,153,913,304,256,849,256,64,48,r,205,52,0,211,-,200,-,14:WOOKY:-5:dx126:dz14:um 15:WOOKY:-5:dx167:dz14:um 16:WOOKY:-5:dx214:dz-7:um 17:EDDY:-5:dx168:dz-6:um 18:SKIP:-5:dx101:dz29:um,7,8,-,-,0/2/4/6,-
rest_d_c_a-1,1741,-2,15,440C,8,0:4 1:0 2:2 40:4 72:6 91:a 152:0,152,2->1,12,9,152,153,913,304,256,849,256,64,48,r,205,52,0,211,-,200,-,14:WOOKY:-5:dx126:dz14:um 15:WOOKY:-5:dx167:dz14:um 16:WOOKY:-5:dx214:dz-7:um 17:EDDY:-5:dx168:dz-6:um 18:SKIP:-5:dx101:dz29:um,-1,-,-,-,0/2/4/6,-
rest_d_c_hr,1741,-2,15,440C,8,0:4 1:0 2:2 40:4 72:6 91:a 152:0,152,2->1,12,9,152,153,913,304,256,849,256,64,48,r,205,52,0,211,-,200,-,14:WOOKY:-5:dx126:dz14:um 15:WOOKY:-5:dx167:dz14:um 16:WOOKY:-5:dx214:dz-7:um 17:EDDY:-5:dx168:dz-6:um 18:SKIP:-5:dx101:dz29:um,-201,7,-,-,0/2/4/6,-
rest_d_c_hu,1741,-2,15,440C,8,0:4 1:0 2:2 40:4 72:6 91:a 152:0,152,2->1,12,9,152,153,913,304,256,849,256,64,48,r,205,52,0,211,-,200,-,14:WOOKY:-5:dx126:dz14:um 15:WOOKY:-5:dx167:dz14:um 16:WOOKY:-5:dx214:dz-7:um 17:EDDY:-5:dx168:dz-6:um 18:SKIP:-5:dx101:dz29:um,-201,7,-,-,0/2/4/6,-
rest_d_c_j0,1741,-2,15,440C,8,0:4 1:0 2:2 40:4 72:6 91:a 152:0,152,2->1,12,9,152,153,913,304,256,849,256,64,48,r,205,52,0,-,-,200,-,14:WOOKY:-5:dx126:dz14:um 15:WOOKY:-5:dx167:dz14:um 16:WOOKY:-5:dx214:dz-7:um 17:EDDY:-5:dx168:dz-6:um 18:SKIP:-5:dx101:dz29:um,0,1,-,-,0/2/4/6,-
rest_d_c_j1,1741,-2,15,440C,8,0:4 1:0 2:2 40:4 72:6 91:a 152:0,152,2->1,12,9,152,153,913,304,256,849,256,64,48,r,205,52,0,-,-,200,-,14:WOOKY:-5:dx126:dz14:um 15:WOOKY:-5:dx167:dz14:um 16:WOOKY:-5:dx214:dz-7:um 17:EDDY:-5:dx168:dz-6:um 18:SKIP:-5:dx101:dz29:um,1,2,-,-,0/2/4/6,-
rest_d_c_j2,1741,-2,15,440C,8,0:4 1:0 2:2 40:4 72:6 91:a 152:0,152,2->1,12,9,152,153,913,304,256,849,256,64,48,r,205,52,0,-,-,200,-,14:WOOKY:-5:dx126:dz14:um 15:WOOKY:-5:dx167:dz14:um 16:WOOKY:-5:dx214:dz-7:um 17:EDDY:-5:dx168:dz-6:um 18:SKIP:-5:dx101:dz29:um,2,3,-,-,0/2/4/6,-
rest_d_c_j3,1741,-2,15,440C,8,0:4 1:0 2:2 40:4 72:6 91:a 152:0,152,2->1,12,9,152,153,913,304,256,849,256,64,48,r,205,52,0,-,-,200,-,14:WOOKY:-5:dx126:dz14:um 15:WOOKY:-5:dx167:dz14:um 16:WOOKY:-5:dx214:dz-7:um 17:EDDY:-5:dx168:dz-6:um 18:SKIP:-5:dx101:dz29:um,3,4,-,-,0/2/4/6,-
rest_d_c_j4,1741,-2,15,440C,8,0:4 1:0 2:2 40:4 72:6 91:a 152:0,152,2->1,12,9,152,153,913,304,256,849,256,64,48,r,205,52,0,-,-,200,-,14:WOOKY:-5:dx126:dz14:um 15:WOOKY:-5:dx167:dz14:um 16:WOOKY:-5:dx214:dz-7:um 17:EDDY:-5:dx168:dz-6:um 18:SKIP:-5:dx101:dz29:um,4,5,-,-,0/2/4/6,-
rest_d_c_j5,1741,-2,15,440C,8,0:4 1:0 2:2 40:4 72:6 91:a 152:0,152,2->1,12,9,152,153,913,304,256,849,256,64,48,r,205,52,0,211,-,200,-,14:WOOKY:-5:dx126:dz14:um 15:WOOKY:-5:dx167:dz14:um 16:WOOKY:-5:dx214:dz-7:um 17:EDDY:-5:dx168:dz-6:um 18:SKIP:-5:dx101:dz29:um,5,-,-,-,0/2/4/6,-
rest_d_c_j6,1741,-2,15,440C,8,0:4 1:0 2:2 40:4 72:6 91:a 152:0,152,2->1,12,9,152,153,913,304,256,849,256,64,48,r,205,52,0,211,-,200,-,14:WOOKY:-5:dx126:dz14:um 15:WOOKY:-5:dx167:dz14:um 16:WOOKY:-5:dx214:dz-7:um 17:EDDY:-5:dx168:dz-6:um 18:SKIP:-5:dx101:dz29:um,6,7,-,-,0/2/4/6,-
rest_d_c_j7,1741,-2,15,440C,8,0:4 1:0 2:2 40:4 72:6 91:a 152:0,152,2->1,12,9,152,153,913,304,256,849,256,64,48,r,205,52,0,211,-,200,-,14:WOOKY:-5:dx126:dz14:um 15:WOOKY:-5:dx167:dz14:um 16:WOOKY:-5:dx214:dz-7:um 17:EDDY:-5:dx168:dz-6:um 18:SKIP:-5:dx101:dz29:um,7,8,-,-,0/2/4/6,-
rest_d_c_j-1,1741,-2,15,440C,8,0:4 1:0 2:2 40:4 72:6 91:a 152:0,152,2->1,12,9,152,153,913,304,256,849,256,64,48,r,205,52,0,211,-,200,-,14:WOOKY:-5:dx126:dz14:um 15:WOOKY:-5:dx167:dz14:um 16:WOOKY:-5:dx214:dz-7:um 17:EDDY:-5:dx168:dz-6:um 18:SKIP:-5:dx101:dz29:um,-1,-,-,-,0/2/4/6,-
rest_d_c_schutz,1741,-2,15,440C,8,0:4 1:0 2:2 40:4 72:6 91:a 152:0,152,2->1,12,9,152,153,913,304,256,849,256,64,48,r,205,52,0,211,199,200,200,14:WOOKY:-5:dx126:dz14:um 15:WOOKY:-5:dx167:dz14:um 16:WOOKY:-5:dx214:dz-7:um 17:EDDY:-5:dx168:dz-6:um 18:SKIP:-5:dx101:dz29:um,-,-,-,-,0/2/4/6,-
rest_d_hurt,1508,-5,18,400C,5,0:0 2:2 40:4 49:6 59:a 120:0,120,2->1,12,9,120,121,914,304,256,850,256,64,48,r,173,52,0,179,199,200,200,14:WOOKY:-5:dx174:dz7:um 15:WOOKY:-5:dx217:dz9:um 16:WOOKY:-5:dx-23:dz11:um 17:EDDY:-5:dx-64:dz28:um 18:WOOKY:-5:dx221:dz-10:um,-,-,-,212,0/2/6/a/c,-
rest_d_hurt,2608,-2,14,440C,8,0:6 1:0 2:2 40:4 49:6 59:a 120:0,kein Neueinstieg,1->0 in t+120,10,7,120,-,-,-,-,-,-,-,-,-,-,-,-,-,-,-,-,-,-,-,-,-,-,-
rest_d_hurt_b,1855,-1,14,440C,8,0:6 1:0 2:2 40:4 49:6 59:a 120:0,120,2->1,12,9,120,121,914,304,256,850,256,64,48,r,173,52,0,179,199,200,200,14:WOOKY:-5:dx86:dz-15:um 15:WOOKY:-5:dx168:dz14:um 16:WOOKY:-5:dx221:dz-8:um 17:EDDY:-5:dx-15:dz16:um 18:WOOKY:-5:dx170:dz-11:um,-,-,-,327,0/2/4/6,-
rest_d_hurt_b,3623,-4,14,400C,8,0:0 2:2 40:4 49:6 59:a 120:0,kein Neueinstieg,1->0 in t+120,12,9,120,-,-,-,-,-,-,-,-,-,-,-,-,-,-,-,-,-,-,-,-,-,-,-
rest_d_hurt_c,1741,-2,15,440C,8,0:4 1:0 2:2 40:4 72:6 91:a 152:0,152,2->1,12,9,152,153,913,304,256,849,256,64,48,r,205,52,0,211,199,200,200,14:WOOKY:-5:dx126:dz14:um 15:WOOKY:-5:dx167:dz14:um 16:WOOKY:-5:dx214:dz-7:um 17:EDDY:-5:dx168:dz-6:um 18:SKIP:-5:dx101:dz29:um,-,-,-,260,0/2/4/6,-
rest_d_hurt_c,3063,-1,16,440C,5,0:4 1:0 2:2 40:4 72:6 91:a 152:0,kein Neueinstieg,1->0 in t+152,11,8,152,-,-,-,-,-,-,-,-,-,-,-,-,-,-,-,-,-,-,-,-,-,-,-
rest_d_h_a0,1508,-5,18,400C,5,0:0 2:2 40:4 49:6 59:a 120:0,120,2->1,12,9,120,121,914,304,256,850,256,64,48,r,173,52,0,179,-,200,-,14:WOOKY:-5:dx174:dz7:um 15:WOOKY:-5:dx217:dz9:um 16:WOOKY:-5:dx-23:dz11:um 17:EDDY:-5:dx-64:dz28:um 18:WOOKY:-5:dx221:dz-10:um,0,-,-,-,0/2/6/a/c,-
rest_d_h_a1,1508,-5,18,400C,5,0:0 2:2 40:4 49:6 59:a 120:0,120,2->1,12,9,120,121,914,304,256,850,256,64,48,r,173,52,0,179,-,200,-,14:WOOKY:-5:dx174:dz7:um 15:WOOKY:-5:dx217:dz9:um 16:WOOKY:-5:dx-23:dz11:um 17:EDDY:-5:dx-64:dz28:um 18:WOOKY:-5:dx221:dz-10:um,1,-,-,-,0/2/6/a/c,-
rest_d_h_a2,1508,-5,18,400C,5,0:0 2:2 40:4 49:6 59:a 120:0,120,2->1,12,9,120,121,914,304,256,850,256,64,48,r,173,52,0,179,-,200,-,14:WOOKY:-5:dx174:dz7:um 15:WOOKY:-5:dx217:dz9:um 16:WOOKY:-5:dx-23:dz11:um 17:EDDY:-5:dx-64:dz28:um 18:WOOKY:-5:dx221:dz-10:um,2,-,-,-,0/2/6/a/c,-
rest_d_h_a3,1508,-5,18,400C,5,0:0 2:2 40:4 49:6 59:a 120:0,120,2->1,12,9,120,121,914,304,256,850,256,64,48,r,173,52,0,179,-,200,-,14:WOOKY:-5:dx174:dz7:um 15:WOOKY:-5:dx217:dz9:um 16:WOOKY:-5:dx-23:dz11:um 17:EDDY:-5:dx-64:dz28:um 18:WOOKY:-5:dx221:dz-10:um,3,-,-,-,0/2/6/a/c,-
rest_d_h_a4,1508,-5,18,400C,5,0:0 2:2 40:4 49:6 59:a 120:0,120,2->1,12,9,120,121,914,304,256,850,256,64,48,r,173,52,0,179,-,200,-,14:WOOKY:-5:dx174:dz7:um 15:WOOKY:-5:dx217:dz9:um 16:WOOKY:-5:dx-23:dz11:um 17:EDDY:-5:dx-64:dz28:um 18:WOOKY:-5:dx221:dz-10:um,4,-,-,-,0/2/6/a/c,-
rest_d_h_a5,1508,-5,18,400C,5,0:0 2:2 40:4 49:6 59:a 120:0,120,2->1,12,9,120,121,914,304,256,850,256,64,48,r,173,52,0,179,-,200,-,14:WOOKY:-5:dx174:dz7:um 15:WOOKY:-5:dx217:dz9:um 16:WOOKY:-5:dx-23:dz11:um 17:EDDY:-5:dx-64:dz28:um 18:WOOKY:-5:dx221:dz-10:um,5,-,-,-,0/2/6/a/c,-
rest_d_h_a6,1508,-5,18,400C,5,0:0 2:2 40:4 49:6 59:a 120:0,120,2->1,12,9,120,121,914,304,256,850,256,64,48,r,173,52,0,179,-,200,-,14:WOOKY:-5:dx174:dz7:um 15:WOOKY:-5:dx217:dz9:um 16:WOOKY:-5:dx-23:dz11:um 17:EDDY:-5:dx-64:dz28:um 18:WOOKY:-5:dx221:dz-10:um,6,7,-,-,0/2/6/a/c,-
rest_d_h_a7,1508,-5,18,400C,5,0:0 2:2 40:4 49:6 59:a 120:0,120,2->1,12,9,120,121,914,304,256,850,256,64,48,r,173,52,0,179,-,200,-,14:WOOKY:-5:dx174:dz7:um 15:WOOKY:-5:dx217:dz9:um 16:WOOKY:-5:dx-23:dz11:um 17:EDDY:-5:dx-64:dz28:um 18:WOOKY:-5:dx221:dz-10:um,7,8,-,-,0/2/6/a/c,-
rest_d_h_a-1,1508,-5,18,400C,5,0:0 2:2 40:4 49:6 59:a 120:0,120,2->1,12,9,120,121,914,304,256,850,256,64,48,r,173,52,0,179,-,200,-,14:WOOKY:-5:dx174:dz7:um 15:WOOKY:-5:dx217:dz9:um 16:WOOKY:-5:dx-23:dz11:um 17:EDDY:-5:dx-64:dz28:um 18:WOOKY:-5:dx221:dz-10:um,-1,-,-,-,0/2/6/a/c,-
rest_d_h_hr,1508,-5,18,400C,5,0:0 2:2 40:4 49:6 59:a 120:0,120,2->1,12,9,120,121,914,304,256,850,256,64,48,r,173,52,0,179,-,200,-,14:WOOKY:-5:dx174:dz7:um 15:WOOKY:-5:dx217:dz9:um 16:WOOKY:-5:dx-23:dz11:um 17:EDDY:-5:dx-64:dz28:um 18:WOOKY:-5:dx221:dz-10:um,-169,7,-,-,0/2/6/a/c,-
rest_d_h_hu,1508,-5,18,400C,5,0:0 2:2 40:4 49:6 59:a 120:0,120,2->1,12,9,120,121,914,304,256,850,256,64,48,r,173,52,0,179,-,200,-,14:WOOKY:-5:dx174:dz7:um 15:WOOKY:-5:dx217:dz9:um 16:WOOKY:-5:dx-23:dz11:um 17:EDDY:-5:dx-64:dz28:um 18:WOOKY:-5:dx221:dz-10:um,-169,7,-,-,0/2/6/a/c,-
rest_d_h_j0,1508,-5,18,400C,5,0:0 2:2 40:4 49:6 59:a 120:0,120,2->1,12,9,120,121,914,304,256,850,256,64,48,r,173,52,0,-,-,200,-,14:WOOKY:-5:dx174:dz7:um 15:WOOKY:-5:dx217:dz9:um 16:WOOKY:-5:dx-23:dz11:um 17:EDDY:-5:dx-64:dz28:um 18:WOOKY:-5:dx221:dz-10:um,0,1,-,-,0/2/6/a/c,-
rest_d_h_j1,1508,-5,18,400C,5,0:0 2:2 40:4 49:6 59:a 120:0,120,2->1,12,9,120,121,914,304,256,850,256,64,48,r,173,52,0,-,-,200,-,14:WOOKY:-5:dx174:dz7:um 15:WOOKY:-5:dx217:dz9:um 16:WOOKY:-5:dx-23:dz11:um 17:EDDY:-5:dx-64:dz28:um 18:WOOKY:-5:dx221:dz-10:um,1,2,-,-,0/2/6/a/c,-
rest_d_h_j2,1508,-5,18,400C,5,0:0 2:2 40:4 49:6 59:a 120:0,120,2->1,12,9,120,121,914,304,256,850,256,64,48,r,173,52,0,-,-,200,-,14:WOOKY:-5:dx174:dz7:um 15:WOOKY:-5:dx217:dz9:um 16:WOOKY:-5:dx-23:dz11:um 17:EDDY:-5:dx-64:dz28:um 18:WOOKY:-5:dx221:dz-10:um,2,3,-,-,0/2/6/a/c,-
rest_d_h_j3,1508,-5,18,400C,5,0:0 2:2 40:4 49:6 59:a 120:0,120,2->1,12,9,120,121,914,304,256,850,256,64,48,r,173,52,0,-,-,200,-,14:WOOKY:-5:dx174:dz7:um 15:WOOKY:-5:dx217:dz9:um 16:WOOKY:-5:dx-23:dz11:um 17:EDDY:-5:dx-64:dz28:um 18:WOOKY:-5:dx221:dz-10:um,3,4,-,-,0/2/6/a/c,-
rest_d_h_j4,1508,-5,18,400C,5,0:0 2:2 40:4 49:6 59:a 120:0,120,2->1,12,9,120,121,914,304,256,850,256,64,48,r,173,52,0,-,-,200,-,14:WOOKY:-5:dx174:dz7:um 15:WOOKY:-5:dx217:dz9:um 16:WOOKY:-5:dx-23:dz11:um 17:EDDY:-5:dx-64:dz28:um 18:WOOKY:-5:dx221:dz-10:um,4,5,-,-,0/2/6/a/c,-
rest_d_h_j5,1508,-5,18,400C,5,0:0 2:2 40:4 49:6 59:a 120:0,120,2->1,12,9,120,121,914,304,256,850,256,64,48,r,173,52,0,179,-,200,-,14:WOOKY:-5:dx174:dz7:um 15:WOOKY:-5:dx217:dz9:um 16:WOOKY:-5:dx-23:dz11:um 17:EDDY:-5:dx-64:dz28:um 18:WOOKY:-5:dx221:dz-10:um,5,-,-,-,0/2/6/a/c,-
rest_d_h_j6,1508,-5,18,400C,5,0:0 2:2 40:4 49:6 59:a 120:0,120,2->1,12,9,120,121,914,304,256,850,256,64,48,r,173,52,0,179,-,200,-,14:WOOKY:-5:dx174:dz7:um 15:WOOKY:-5:dx217:dz9:um 16:WOOKY:-5:dx-23:dz11:um 17:EDDY:-5:dx-64:dz28:um 18:WOOKY:-5:dx221:dz-10:um,6,7,-,-,0/2/6/a/c,-
rest_d_h_j7,1508,-5,18,400C,5,0:0 2:2 40:4 49:6 59:a 120:0,120,2->1,12,9,120,121,914,304,256,850,256,64,48,r,173,52,0,179,-,200,-,14:WOOKY:-5:dx174:dz7:um 15:WOOKY:-5:dx217:dz9:um 16:WOOKY:-5:dx-23:dz11:um 17:EDDY:-5:dx-64:dz28:um 18:WOOKY:-5:dx221:dz-10:um,7,8,-,-,0/2/6/a/c,-
rest_d_h_j-1,1508,-5,18,400C,5,0:0 2:2 40:4 49:6 59:a 120:0,120,2->1,12,9,120,121,914,304,256,850,256,64,48,r,173,52,0,179,-,200,-,14:WOOKY:-5:dx174:dz7:um 15:WOOKY:-5:dx217:dz9:um 16:WOOKY:-5:dx-23:dz11:um 17:EDDY:-5:dx-64:dz28:um 18:WOOKY:-5:dx221:dz-10:um,-1,-,-,-,0/2/6/a/c,-
rest_d_h_schutz,1508,-5,18,400C,5,0:0 2:2 40:4 49:6 59:a 120:0,120,2->1,12,9,120,121,914,304,256,850,256,64,48,r,173,52,0,179,199,200,200,14:WOOKY:-5:dx174:dz7:um 15:WOOKY:-5:dx217:dz9:um 16:WOOKY:-5:dx-23:dz11:um 17:EDDY:-5:dx-64:dz28:um 18:WOOKY:-5:dx221:dz-10:um,-,-,L+141:S14,211,0/2/6/a/c,-
rest_d_rang7,814,-4,18,400C,5,0:6 1:0 2:2 40:4 49:6 59:a 120:0,120,2->1,7,7,-,121,529,304,256,465,256,64,48,r,173,52,0,179,199,200,200,17:sichtbar_ohne_Treffer 18:WOOKY:-5:dx20:dz-5:um,-,-,L-18:S18,-,0/2/6/a,-
rest_d_rang9,810,-4,18,400C,5,0:6 1:0 2:2 40:4 49:6 59:a 120:0,120,2->1,9,7,120,121,529,304,256,465,256,64,48,r,173,52,0,179,199,200,200,17:sichtbar_ohne_Treffer 18:WOOKY:-5:dx20:dz-5:um,-,-,L-18:S18,-,0/2/6/a,-
rest_d_rang24,794,-4,18,400C,5,0:6 1:0 2:2 40:4 49:6 59:a 120:0,120,2->1,24,21,120,121,529,304,256,465,256,64,48,r,173,52,0,179,199,200,200,17:sichtbar_ohne_Treffer 18:WOOKY:-5:dx20:dz-5:um,-,-,L-34:S18,211,0/2/6/a,-
#
# Teil E: Rang FFF82A beim Wechsel des Stage-Index FFA8CE (Bot; EINGRIFFE des Bots: LP der Figur
# aufgefuellt, LP der Gegner nach Stillstand auf 1). rest_e_r8/r24: EINGRIFF Rang 8 bzw. 24 und
# Rangzaehler 3000 in der Bossarena, danach Bot.
lauf,frame,stage_vorher,stage_nachher,rang_vorher,rang_nachher,zaehler_vorher,zaehler_nachher,rangwechsel_in_der_naehe
rest_e_boss,1208,0,1,17,14,84,84,1208:17->14
rest_e_s1,6570,0,1,18,15,365,365,6570:18->15
rest_e_s2,8998,1,2,24,21,600,600,8998:24->21
rest_e_r8,884,0,1,8,7,2237,2237,884:8->7
rest_e_r24,1304,0,1,24,21,3000,3000,1304:24->21
# Teil E, Ereignisse der Bot-Laeufe
# rest_e_boss: 1 control (Savestate) stage 0 px 2248 pd 156 camx 2048 camy 128
# rest_e_boss: 302 EINGRIFF clear: 3 Gegner LP -> 1 (camx 2048 seit 301 Frames)
# rest_e_boss: 603 EINGRIFF clear: 3 Gegner LP -> 1 (camx 2048 seit 602 Frames)
# rest_e_boss: 1208 stage 0 -> 1 (camx 2074)
# rest_e_boss: 1308 control stage 1 px 320 pd 48 camx 256 camy 0
# rest_e_s1: 1 control (Savestate) stage 0 px 320 pd 304 camx 256 camy 256
# rest_e_s1: 6001 EINGRIFF clear: 1 Gegner LP -> 1 (camx 2048 seit 959 Frames)
# rest_e_s1: 6570 stage 0 -> 1 (camx 2175)
# rest_e_s1: 6670 control stage 1 px 320 pd 48 camx 256 camy 0
# rest_e_s2: 1 control (Savestate) stage 1 px 320 pd 48 camx 256 camy 0
# rest_e_s2: 3148 EINGRIFF clear: 1 Gegner LP -> 1 (camx 896 seit 913 Frames)
# rest_e_s2: 5346 EINGRIFF clear: 3 Gegner LP -> 1 (camx 2259 seit 901 Frames)
# rest_e_s2: 6412 EINGRIFF clear: 5 Gegner LP -> 1 (camx 2432 seit 901 Frames)
# rest_e_s2: 8121 EINGRIFF clear: 1 Gegner LP -> 1 (camx 2688 seit 901 Frames)
# rest_e_s2: 8998 stage 1 -> 2 (camx 2686)
# rest_e_s2: 9098 control stage 2 px 320 pd 48 camx 256 camy 0
# rest_e_r8: 1 control (Savestate) stage 0 px 2248 pd 156 camx 2048 camy 128
# rest_e_r8: 302 EINGRIFF clear: 2 Gegner LP -> 1 (camx 2048 seit 301 Frames)
# rest_e_r8: 884 stage 0 -> 1 (camx 2074)
# rest_e_r8: 984 control stage 1 px 320 pd 48 camx 256 camy 0
# rest_e_r24: 1 control (Savestate) stage 0 px 2248 pd 156 camx 2048 camy 128
# rest_e_r24: 302 EINGRIFF clear: 3 Gegner LP -> 1 (camx 2048 seit 301 Frames)
# rest_e_r24: 603 EINGRIFF clear: 3 Gegner LP -> 1 (camx 2048 seit 602 Frames)
# rest_e_r24: 1304 stage 0 -> 1 (camx 2074)
# rest_e_r24: 1404 control stage 1 px 320 pd 48 camx 256 camy 0
#
# Teil F1/F2: Mindestabstand (rest_f1_*, EINGRIFF CC_DX/CC_DZ) und Blick links (rest_f2_*, EINGRIFF,
# Figur in Frame 2 nach links gedreht) je Stufe (messen_rest.py probe).
lauf,stufe,D,blick_figur,treffer_rel_D,schaden,stufe_ram,dx,dz,blick_gegner,dx_ohne_treffer
rest_f1_e_s1_0,1,3,r,2,3,1,0,0,l,
rest_f1_e_s1_10,1,3,r,2,3,1,10,0,l,
rest_f1_e_s1_20,1,3,r,2,3,1,20,0,l,
rest_f1_e_s1_30,1,3,r,2,3,1,30,0,l,
rest_f1_e_s1_40,1,3,r,2,3,1,40,0,l,
rest_f1_e_s1_m16,1,3,r,2,3,1,-16,0,r,
rest_f1_e_s1_m17,1,3,r,2,3,1,-17,0,r,
rest_f1_e_s1_m18,1,3,r,2,3,1,-18,0,r,
rest_f1_e_s1_m19,1,3,r,2,3,1,-19,0,r,
rest_f1_e_s1_m20,1,3,r,2,3,1,-20,0,r,
rest_f1_e_s1_m21,1,3,r,2,3,1,-21,0,r,
rest_f1_e_s1_m22,1,3,r,2,3,1,-22,0,r,
rest_f1_e_s1_m23,1,3,r,2,3,1,-23,0,r,
rest_f1_e_s1_m24,1,3,r,2,3,1,-24,0,r,
rest_f1_e_s1_m25,1,3,r,2,3,1,-25,0,r,
rest_f1_e_s1_m26,1,3,r,2,3,1,-26,0,r,
rest_f1_e_s1_m27,1,3,r,2,3,1,-27,0,r,
rest_f1_e_s1_m28,1,3,r,2,3,1,-28,0,r,
rest_f1_e_s1_m29,1,3,r,-,-,-,-,-,-,-29
rest_f1_e_s1_m30,1,3,r,-,-,-,-,-,-,-30
rest_f1_e_s1_m31,1,3,r,-,-,-,-,-,-,-31
rest_f1_e_s1_m32,1,3,r,-,-,-,-,-,-,-32
rest_f1_e_s1_m33,1,3,r,-,-,-,-,-,-,-33
rest_f1_e_s1_m34,1,3,r,-,-,-,-,-,-,-34
rest_f1_e_s2_0,2,19,r,3,4,2,0,0,l,
rest_f1_e_s2_m20,2,19,r,-,-,-,-,-,-,-20
rest_f1_e_s3_0,3,36,r,4,5,3,0,0,l,
rest_f1_e_s3_m20,3,36,r,-,-,-,-,-,-,-20
rest_f1_e_s4_0,4,54,r,3,10,4,0,0,l,
rest_f1_e_s4_m20,4,54,r,-,-,-,-,-,-,-20
rest_f1_w_s1_0,1,3,r,2,3,1,0,0,l,
rest_f1_w_s1_10,1,3,r,2,3,1,10,0,l,
rest_f1_w_s1_20,1,3,r,2,3,1,20,0,l,
rest_f1_w_s1_30,1,3,r,2,3,1,30,0,l,
rest_f1_w_s1_40,1,3,r,2,3,1,40,0,l,
rest_f1_w_s1_m16,1,3,r,2,3,1,-16,0,r,
rest_f1_w_s1_m17,1,3,r,2,3,1,-17,0,r,
rest_f1_w_s1_m18,1,3,r,2,3,1,-18,0,r,
rest_f1_w_s1_m19,1,3,r,2,3,1,-19,0,r,
rest_f1_w_s1_m20,1,3,r,2,3,1,-20,0,r,
rest_f1_w_s1_m21,1,3,r,2,3,1,-21,0,r,
rest_f1_w_s1_m22,1,3,r,2,3,1,-22,0,r,
rest_f1_w_s1_m23,1,3,r,2,3,1,-23,0,r,
rest_f1_w_s1_m24,1,3,r,2,3,1,-24,0,r,
rest_f1_w_s1_m25,1,3,r,2,3,1,-25,0,r,
rest_f1_w_s1_m26,1,3,r,2,3,1,-26,0,r,
rest_f1_w_s1_m27,1,3,r,2,3,1,-27,0,r,
rest_f1_w_s1_m28,1,3,r,2,3,1,-28,0,r,
rest_f1_w_s1_m29,1,3,r,-,-,-,-,-,-,-29
rest_f1_w_s1_m30,1,3,r,-,-,-,-,-,-,-30
rest_f1_w_s1_m31,1,3,r,-,-,-,-,-,-,-31
rest_f1_w_s1_m32,1,3,r,-,-,-,-,-,-,-32
rest_f1_w_s1_m33,1,3,r,-,-,-,-,-,-,-33
rest_f1_w_s1_m34,1,3,r,-,-,-,-,-,-,-34
rest_f1_w_s2_0,2,19,r,3,4,2,0,0,l,
rest_f1_w_s2_m20,2,19,r,-,-,-,-,-,-,-20
rest_f1_w_s3_0,3,36,r,4,5,3,0,0,l,
rest_f1_w_s3_m20,3,36,r,-,-,-,-,-,-,-20
rest_f1_w_s4_0,4,54,r,3,10,4,0,0,l,
rest_f1_w_s4_m20,4,54,r,-,-,-,-,-,-,-20
rest_f2_e_s1_80,1,5,l,2,3,1,-82,0,r,
rest_f2_e_s1_81,1,5,l,2,3,1,-83,0,r,
rest_f2_e_s1_82,1,5,l,2,3,1,-84,0,r,
rest_f2_e_s1_83,1,5,l,-,-,-,-,-,-,-85
rest_f2_e_s1_84,1,5,l,-,-,-,-,-,-,-86
rest_f2_e_s1_85,1,5,l,-,-,-,-,-,-,-87
rest_f2_e_s1_86,1,5,l,-,-,-,-,-,-,-88
rest_f2_e_s1_87,1,5,l,-,-,-,-,-,-,-89
rest_f2_e_s2_85,2,21,l,3,4,2,-85,0,r,
rest_f2_e_s2_86,2,21,l,3,4,2,-86,0,r,
rest_f2_e_s2_87,2,21,l,-,-,-,-,-,-,-87
rest_f2_e_s2_88,2,21,l,-,-,-,-,-,-,-88
rest_f2_e_s2_89,2,21,l,-,-,-,-,-,-,-89
rest_f2_e_s3_89,3,38,l,4,5,3,-89,0,r,
rest_f2_e_s3_90,3,38,l,4,5,3,-90,0,r,
rest_f2_e_s3_91,3,38,l,-,-,-,-,-,-,-91
rest_f2_e_s3_92,3,38,l,-,-,-,-,-,-,-92
rest_f2_e_s3_93,3,38,l,-,-,-,-,-,-,-93
rest_f2_e_s4_98,4,56,l,3,10,4,-98,0,r,
rest_f2_e_s4_99,4,56,l,3,10,4,-99,0,r,
rest_f2_e_s4_100,4,56,l,-,-,-,-,-,-,-100
rest_f2_e_s4_101,4,56,l,-,-,-,-,-,-,-101
rest_f2_e_s4_102,4,56,l,-,-,-,-,-,-,-102
rest_f2_w_s1_80,1,5,l,2,3,1,-82,0,r,
rest_f2_w_s1_81,1,5,l,2,3,1,-83,0,r,
rest_f2_w_s1_82,1,5,l,2,3,1,-84,0,r,
rest_f2_w_s1_83,1,5,l,4,3,1,-84,0,r,
rest_f2_w_s1_84,1,5,l,-,-,-,-,-,-,-86 -85
rest_f2_w_s1_85,1,5,l,-,-,-,-,-,-,-87 -86
rest_f2_w_s1_86,1,5,l,-,-,-,-,-,-,-88 -87
rest_f2_w_s1_87,1,5,l,-,-,-,-,-,-,-89 -88
rest_f2_w_s2_85,2,21,l,3,4,2,-85,0,r,
rest_f2_w_s2_86,2,21,l,3,4,2,-86,0,r,
rest_f2_w_s2_87,2,21,l,-,-,-,-,-,-,-87
rest_f2_w_s2_88,2,21,l,-,-,-,-,-,-,-88
rest_f2_w_s2_89,2,21,l,-,-,-,-,-,-,-89
rest_f2_w_s3_89,3,38,l,4,5,3,-89,0,r,
rest_f2_w_s3_90,3,38,l,4,5,3,-90,0,r,
rest_f2_w_s3_91,3,38,l,-,-,-,-,-,-,-91
rest_f2_w_s3_92,3,38,l,-,-,-,-,-,-,-92
rest_f2_w_s3_93,3,38,l,-,-,-,-,-,-,-93
rest_f2_w_s4_98,4,56,l,3,10,4,-98,0,r,
rest_f2_w_s4_99,4,56,l,3,10,4,-99,0,r,
rest_f2_w_s4_100,4,56,l,-,-,-,-,-,-,-100
rest_f2_w_s4_101,4,56,l,-,-,-,-,-,-,-101
rest_f2_w_s4_102,4,56,l,-,-,-,-,-,-,-102
# Teil F2: Sprungangriff mit Blick links (rest_f2j_*, Probe in A+5)
lauf,variante,J,A,T_rel,h_T,dx_T,dz_T,blick_T,treffer_rel,schaden,h_treffer,dx_treffer,dz_treffer,umgeworfen,aktion0e_bis_rel,aufsetzen_rel,stand_rel
rest_f2j_e_neutral_x5_m70,neutral,4,10,5,35,-72,0,r,5,7,35,-72,0,ja,38,50,56
rest_f2j_e_neutral_x5_m71,neutral,4,10,5,35,-73,0,r,5,7,35,-73,0,ja,38,50,56
rest_f2j_e_neutral_x5_m72,neutral,4,10,5,35,-74,0,r,5,7,35,-74,0,ja,38,50,56
rest_f2j_e_neutral_x5_m73,neutral,4,10,5,35,-75,0,r,5,7,35,-75,0,ja,38,50,56
rest_f2j_e_neutral_x5_m74,neutral,4,10,5,35,-76,0,r,-,-,-,-,-,-,31,43,49
rest_f2j_e_neutral_x5_m75,neutral,4,10,5,35,-77,0,r,-,-,-,-,-,-,31,43,49
rest_f2j_e_neutral_x5_m76,neutral,4,10,5,35,-78,0,r,-,-,-,-,-,-,31,43,49
rest_f2j_e_neutral_x5_m77,neutral,4,10,5,35,-79,0,r,-,-,-,-,-,-,31,43,49
rest_f2j_e_neutral_x5_m78,neutral,4,10,5,35,-80,0,r,-,-,-,-,-,-,31,43,49
rest_f2j_e_richtung_x5_m97,richtung,4,10,5,35,-96,0,r,5,7,35,-96,0,ja,38,50,56
rest_f2j_e_richtung_x5_m98,richtung,4,10,5,35,-97,0,r,5,7,35,-97,0,ja,38,50,56
rest_f2j_e_richtung_x5_m99,richtung,4,10,5,35,-98,0,r,5,7,35,-98,0,ja,38,50,56
rest_f2j_e_richtung_x5_m100,richtung,4,10,5,35,-99,0,r,-,-,-,-,-,-,31,43,49
rest_f2j_e_richtung_x5_m101,richtung,4,10,5,35,-100,0,r,-,-,-,-,-,-,31,43,49
rest_f2j_w_neutral_x5_m70,neutral,4,10,5,35,-72,0,r,5,7,35,-72,0,ja,38,50,56
rest_f2j_w_neutral_x5_m71,neutral,4,10,5,35,-73,0,r,5,7,35,-73,0,ja,38,50,56
rest_f2j_w_neutral_x5_m72,neutral,4,10,5,35,-74,0,r,5,7,35,-74,0,ja,38,50,56
rest_f2j_w_neutral_x5_m73,neutral,4,10,5,35,-75,0,r,5,7,35,-75,0,ja,38,50,56
rest_f2j_w_neutral_x5_m74,neutral,4,10,5,35,-76,0,r,-,-,-,-,-,-,31,43,49
rest_f2j_w_neutral_x5_m75,neutral,4,10,5,35,-77,0,r,-,-,-,-,-,-,31,43,49
rest_f2j_w_neutral_x5_m76,neutral,4,10,5,35,-78,0,r,-,-,-,-,-,-,31,43,49
rest_f2j_w_neutral_x5_m77,neutral,4,10,5,35,-79,0,r,-,-,-,-,-,-,31,43,49
rest_f2j_w_neutral_x5_m78,neutral,4,10,5,35,-80,0,r,-,-,-,-,-,-,31,43,49
rest_f2j_w_richtung_x5_m97,richtung,4,10,5,35,-97,0,r,5,7,35,-97,0,ja,38,50,56
rest_f2j_w_richtung_x5_m98,richtung,4,10,5,35,-98,0,r,5,7,35,-98,0,ja,38,50,56
rest_f2j_w_richtung_x5_m99,richtung,4,10,5,35,-99,0,r,-,-,-,-,-,-,31,43,49
rest_f2j_w_richtung_x5_m100,richtung,4,10,5,35,-100,0,r,-,-,-,-,-,-,31,43,49
rest_f2j_w_richtung_x5_m101,richtung,4,10,5,35,-101,0,r,-,-,-,-,-,-,31,43,49
# Teil F3: Richtung beim Kettendruck (rest_f3_*, ohne Eingriff; messen_rest.py richtung)
lauf,stufe,D,richtung,anim_D1,blick_D1,weg_x_D1_D8,treffer_rel_D,schaden,kombostufe,folgedruck_rel_D,folgestufe
rest_f3_e_s2_d,2,19,d,0B32B2,r,0 0 0 0 0 0 0 0,3,4,2,-,-
rest_f3_e_s2_l,2,19,l,0B4494,l,-8 -14 -18 -20 -20 -20 -20 -20,-,-,-,-,-
rest_f3_e_s2_l_a16,2,19,l,0B4494,l,-8 -14 -18 -20 -20 -20 -20 -20,-,-,-,16,1
rest_f3_e_s2_r,2,19,r,0B4494,r,8 14 18 20 20 20 20 20,9,4,2,-,-
rest_f3_e_s2_r_a20,2,19,r,0B4494,r,8 14 18 20 20 20 20 20,9,4,2,20,3
rest_f3_e_s2_u,2,19,u,0B32B2,r,0 0 0 0 0 0 0 0,3,4,2,-,-
rest_f3_e_s3_d,3,36,d,0B35DE,r,0 0 0 0 0 0 0 0,4,5,3,-,-
rest_f3_e_s3_l,3,36,l,0B4A66,l,-8 -14 -18 -20 -20 -20 -20 -20,-,-,-,-,-
rest_f3_e_s3_l_a16,3,36,l,0B4A66,l,-8 -14 -18 -20 -20 -20 -20 -20,-,-,-,16,1
rest_f3_e_s3_r,3,36,r,0B4A66,r,8 14 18 20 20 20 20 20,8,5,3,-,-
rest_f3_e_s3_r_a20,3,36,r,0B4A66,r,8 14 18 20 20 20 20 20,8,5,3,20,4
rest_f3_e_s3_u,3,36,u,0B35DE,r,0 0 0 0 0 0 0 0,4,5,3,-,-
rest_f3_e_s4_d,4,54,d,0B3EE8,r,0 0 0 0 0 0 0 0,3,10,4,-,-
rest_f3_e_s4_l,4,54,l,0B589E,l,-8 -14 -18 -20 -20 -20 -20 -20,-,-,-,-,-
rest_f3_e_s4_l_a16,4,54,l,0B589E,l,-8 -14 -18 -20 -20 -20 -20 -20,-,-,-,16,1
rest_f3_e_s4_r,4,54,r,0B589E,r,8 14 18 20 20 20 20 20,9,10,4,-,-
rest_f3_e_s4_r_a20,4,54,r,0B589E,r,8 14 18 20 20 20 20 20,9,10,4,20,keine
rest_f3_e_s4_u,4,54,u,0B3EE8,r,0 0 0 0 0 0 0 0,3,10,4,-,-
rest_f3_w_s2_d,2,19,d,0B32B2,r,0 0 0 0 0 0 0 0,3,4,2,-,-
rest_f3_w_s2_l,2,19,l,0B4494,l,-8 -14 -18 -20 -20 -20 -20 -20,-,-,-,-,-
rest_f3_w_s2_l_a16,2,19,l,0B4494,l,-8 -14 -18 -20 -20 -20 -20 -20,-,-,-,16,1
rest_f3_w_s2_r,2,19,r,0B4494,r,8 14 18 20 20 20 20 20,9,4,2,-,-
rest_f3_w_s2_r_a20,2,19,r,0B4494,r,8 14 18 20 20 20 20 20,9,4,2,20,3
rest_f3_w_s2_u,2,19,u,0B32B2,r,0 0 0 0 0 0 0 0,3,4,2,-,-
rest_f3_w_s3_d,3,36,d,0B35DE,r,0 0 0 0 0 0 0 0,4,5,3,-,-
rest_f3_w_s3_l,3,36,l,0B4A66,l,-8 -14 -18 -20 -20 -20 -20 -20,-,-,-,-,-
rest_f3_w_s3_l_a16,3,36,l,0B4A66,l,-8 -14 -18 -20 -20 -20 -20 -20,-,-,-,16,1
rest_f3_w_s3_r,3,36,r,0B4A66,r,8 14 18 20 20 20 20 20,8,5,3,-,-
rest_f3_w_s3_r_a20,3,36,r,0B4A66,r,8 14 18 20 20 20 20 20,8,5,3,20,4
rest_f3_w_s3_u,3,36,u,0B35DE,r,0 0 0 0 0 0 0 0,4,5,3,-,-
rest_f3_w_s4_d,4,54,d,0B3EE8,r,0 0 0 0 0 0 0 0,3,10,4,-,-
rest_f3_w_s4_l,4,54,l,0B589E,l,-8 -14 -18 -20 -20 -20 -20 -20,-,-,-,-,-
rest_f3_w_s4_l_a16,4,54,l,0B589E,l,-8 -14 -18 -20 -20 -20 -20 -20,-,-,-,16,1
rest_f3_w_s4_r,4,54,r,0B589E,r,8 14 18 20 20 20 20 20,9,10,4,-,-
rest_f3_w_s4_r_a20,4,54,r,0B589E,r,8 14 18 20 20 20 20 20,9,10,4,20,keine
rest_f3_w_s4_u,4,54,u,0B3EE8,r,0 0 0 0 0 0 0 0,3,10,4,-,-
# Teil F3: aktive Frames des Ausfallschritts (rest_f3a_*, EINGRIFF CC_DX=26, CC_FERN=n)
lauf,stufe,D,blick_figur,treffer_rel_D,schaden,stufe_ram,dx,dz,blick_gegner,dx_ohne_treffer
rest_f3a_w_s2_fern0,2,19,r,9,4,2,26,0,l,
rest_f3a_w_s2_fern1,2,19,r,9,4,2,26,0,l,
rest_f3a_w_s2_fern2,2,19,r,9,4,2,26,0,l,
rest_f3a_w_s2_fern3,2,19,r,9,4,2,26,0,l,
rest_f3a_w_s2_fern4,2,19,r,9,4,2,26,0,l,
rest_f3a_w_s2_fern5,2,19,r,9,4,2,26,0,l,
rest_f3a_w_s2_fern6,2,19,r,9,4,2,26,0,l,
rest_f3a_w_s2_fern7,2,19,r,9,4,2,26,0,l,
rest_f3a_w_s2_fern8,2,19,r,9,4,2,26,0,l,
rest_f3a_w_s2_fern9,2,19,r,10,4,2,26,0,l,
rest_f3a_w_s2_fern10,2,19,r,11,4,2,26,0,l,
rest_f3a_w_s2_fern11,2,19,r,12,4,2,26,0,l,
rest_f3a_w_s2_fern12,2,19,r,-,-,-,-,-,-,26 192 194 196 198 200
rest_f3a_w_s3_fern0,3,36,r,8,5,3,26,0,l,
rest_f3a_w_s3_fern1,3,36,r,8,5,3,26,0,l,
rest_f3a_w_s3_fern2,3,36,r,8,5,3,26,0,l,
rest_f3a_w_s3_fern3,3,36,r,8,5,3,26,0,l,
rest_f3a_w_s3_fern4,3,36,r,8,5,3,26,0,l,
rest_f3a_w_s3_fern5,3,36,r,8,5,3,26,0,l,
rest_f3a_w_s3_fern6,3,36,r,8,5,3,26,0,l,
rest_f3a_w_s3_fern7,3,36,r,8,5,3,26,0,l,
rest_f3a_w_s3_fern8,3,36,r,9,5,3,26,0,l,
rest_f3a_w_s3_fern9,3,36,r,10,5,3,26,0,l,
rest_f3a_w_s3_fern10,3,36,r,11,5,3,26,0,l,
rest_f3a_w_s3_fern11,3,36,r,-,-,-,-,-,-,26 192 194 196 198 200
rest_f3a_w_s3_fern12,3,36,r,-,-,-,-,-,-,26 192 194 196 198 200
rest_f3a_w_s4_fern0,4,54,r,9,10,4,26,0,l,
rest_f3a_w_s4_fern1,4,54,r,9,10,4,26,0,l,
rest_f3a_w_s4_fern2,4,54,r,9,10,4,26,0,l,
rest_f3a_w_s4_fern3,4,54,r,9,10,4,26,0,l,
rest_f3a_w_s4_fern4,4,54,r,9,10,4,26,0,l,
rest_f3a_w_s4_fern5,4,54,r,9,10,4,26,0,l,
rest_f3a_w_s4_fern6,4,54,r,9,10,4,26,0,l,
rest_f3a_w_s4_fern7,4,54,r,9,10,4,26,0,l,
rest_f3a_w_s4_fern8,4,54,r,9,10,4,26,0,l,
rest_f3a_w_s4_fern9,4,54,r,10,10,4,26,0,l,
rest_f3a_w_s4_fern10,4,54,r,11,10,4,26,0,l,
rest_f3a_w_s4_fern11,4,54,r,12,10,4,26,0,l,
rest_f3a_w_s4_fern12,4,54,r,-,-,-,-,-,-,26 192 194 196 198 200
# Teil F4/F5: Treffer in der Luft (rest_f4_*, ohne Eingriff) und gleichzeitiger Treffer (rest_f5_*;
# rest_f5_?dx*: EINGRIFF Lage des Gegners vor seinem Angriff); messen_rest.py gegentreffer
lauf,eingaben,gegner_aktiv_ab,figur_lp_verluste,gegner_lp_verluste
rest_f4_e_0,,139(S16) 44(S17) 121(S17),44:-6:S17:h0/0:akt0:steht 121:-6:S17:h0/0:akt0:steht,-
rest_f4_e_j34,j34,44(S17),44:-6:S17:h32/35:akta:um,-
rest_f4_e_j36,j36,44(S17),44:-6:S17:h26/29:akta:um,-
rest_f4_e_j38,j38,44(S17),44:-6:S17:h18/22:akta:um,-
rest_f4_e_j40,j40,44(S17),44:-6:S17:h9/14:akta:um,-
rest_f4_e_j42,j42,44(S17),44:-6:S17:h0/5:akta:um,-
rest_f4_w_0,,28(S18) 90(S18),28:-5:S18:h0/0:akt0:steht 90:-5:S18:h0/0:akt0:steht,-
rest_f4_w_j18,j18,28(S18),28:-5:S18:h32/35:akta:um,-
rest_f4_w_j20,j20,28(S18),28:-5:S18:h26/29:akta:um,-
rest_f4_w_j22,j22,28(S18),28:-5:S18:h18/22:akta:um,-
rest_f4_w_j24,j24,28(S18),28:-5:S18:h9/14:akta:um,-
rest_f4_w_j26,j26,28(S18),28:-5:S18:h0/5:akta:um,-
rest_f4_w_j58,j58,28(S18) 90(S18),28:-5:S18:h0/0:akt0:steht 90:-5:S18:h39/37:akta:um,-
rest_f4_w_j62,j62,28(S18) 90(S18),28:-5:S18:h0/0:akt0:steht 90:-5:S18:h47/45:akta:um,-
rest_f5_edx20_p33,a33,35(S17),-,35:S17:-3
rest_f5_edx20_p34,a34,35(S17),35:-6:S17:h0/0:akt0:steht,-
rest_f5_edx20_ref,,35(S17),35:-6:S17:h0/0:akt0:steht,-
rest_f5_edx30_p33,a33,35(S17),-,35:S17:-3
rest_f5_edx30_p34,a34,35(S17),35:-6:S17:h0/0:akt0:steht,-
rest_f5_edx30_ref,,35(S17),35:-6:S17:h0/0:akt0:steht,-
rest_f5_e_p40,a40,-,-,42:S17:-3
rest_f5_e_p41,a41,-,-,43:S17:-3
rest_f5_e_p42,a42,44(S17),-,44:S17:-3
rest_f5_e_p43,a43,44(S17),44:-6:S17:h0/0:akt0:steht,-
rest_f5_e_p44,a44,44(S17),44:-6:S17:h0/0:akt0:steht,-
rest_f5_wdx20_p26,a26,28(S18),-,28:S18:-3
rest_f5_wdx20_p27,a27,28(S18),28:-5:S18:h0/0:akt0:steht,-
rest_f5_wdx20_ref,,28(S18),28:-5:S18:h0/0:akt0:steht,-
rest_f5_wdx70_p26,a26,28(S18),-,28:S18:-3
rest_f5_wdx70_p27,a27,28(S18),28:-5:S18:h0/0:akt0:steht,-
rest_f5_wdx70_ref,,28(S18),28:-5:S18:h0/0:akt0:steht,-
rest_f5_w_p24,a24,-,-,26:S18:-3
rest_f5_w_p25,a25,-,-,27:S18:-3
rest_f5_w_p26,a26,28(S18),-,28:S18:-3
rest_f5_w_p27,a27,28(S18),28:-5:S18:h0/0:akt0:steht,-
rest_f5_w_p28,a28,28(S18),28:-5:S18:h0/0:akt0:steht,-
#
# Teil M3: dritte Messung zu D1, D4, F1 (Praefix rest_m3).
# D1 (messen_rest.py todesart): Tod an 19 Stellen (EINGRIFF LP 1 in Frame 2, Tod durch den naechsten
# natuerlichen Treffer) und an der Stage-1-Wand (rest_m3_d1_wand_<x>_<z>, EINGRIFF Lage der Figur und
# des EDDY). Klasse nach der Regel: Klinge (Attribut-Bit 0x8000) 107, Wand (Flug endet vor t+40 an einer
# Begrenzung, die keine Bildkante ist) 108, Rollen (Reaktion 4 in t) 151/152, sonst normal 120/121.
lauf,t,angreifer,typ,attr,klinge,reaktion_t,bild_x_t,flug_x,stopp_rel_t,stopp_bild_x,aktion8_ab,rollt,aktionen_rel_t,neueinstieg_rel_t,klasse,passt
rest_m3_d1_greichweite_v_eb_l,13,17,EDDY,440C,nein,4,24,0,3,Rand 24,-,ja,0:4 1:0 2:2 40:4 72:6 90:a 151:0,151,Rollen,ja
rest_m3_d1_greichweite_v_sm_r,16,18,SKIP,8402,ja,4,159.125,62.375,-,-,39,nein,0:4 1:0 2:2 3:4 11:6 39:8 49:a 87:c 107:0,107,Klinge,ja
rest_m3_d1_greichweite_v_sw_r,17,18,SKIP,8A02,ja,a,360,0,3,Rand 360,39,nein,0:a 1:0 2:2 3:4 11:6 39:8 49:a 87:c 107:0,107,Klinge,ja
rest_m3_d1_greichweite_v_wc_r,13,15,WOOKY,440C,nein,4,360,0,3,Rand 360,-,ja,0:4 1:0 2:2 40:4 72:6 91:a 152:0,152,Rollen,ja
rest_m3_d1_greichweite_v_wk2_r,11,18,WOOKY,4C0C,nein,c,200.125,106.375,-,-,-,nein,0:c 1:0 2:2 40:4 50:6 60:a 121:0,121,normal,ja
rest_m3_d1_item_bot1_s1_cam00321,265,18,WOOKY,400C,nein,6,200.25,106.375,-,-,-,nein,0:6 1:0 2:2 40:4 49:6 59:a 120:0,120,normal,ja
rest_m3_d1_item_bot1_s1_cam00513,287,17,EDDY,400C,nein,0,200.25,-106.375,-,-,-,nein,0:0 2:2 40:4 49:6 59:a 120:0,120,normal,ja
rest_m3_d1_item_bot1_s1_cam00768,122,18,SKIP,8402,ja,4,200.25,-62.375,-,-,39,nein,0:4 1:0 2:2 3:4 11:6 39:8 49:a 87:c 107:0,107,Klinge,ja
rest_m3_d1_item_bot1_s1_cam00832,79,16,WOOKY,440C,nein,4,200.75,-106.375,-,-,-,ja,0:4 1:0 2:2 40:4 72:6 90:a 151:0,151,Rollen,ja
rest_m3_d1_item_bot1_s1_cam00960,323,18,SKIP,8402,ja,4,200,-62.375,-,-,39,nein,0:4 1:0 2:2 3:4 11:6 39:8 49:a 87:c 107:0,107,Klinge,ja
rest_m3_d1_item_bot1_s1_cam01153,182,17,EDDY,440C,nein,4,200,-106.375,-,-,-,ja,0:4 1:0 2:2 40:4 72:6 90:a 151:0,151,Rollen,ja
rest_m3_d1_item_bot1_s1_cam01216,110,17,EDDY,4C0C,nein,c,200,-106.375,-,-,-,nein,0:c 1:0 2:2 40:4 49:6 59:a 120:0,120,normal,ja
rest_m3_d1_item_bot1_s1_cam01344,518,16,WOOKY,0000,nein,c,200.5,68,26,209.5,26,nein,0:c 1:0 2:2 26:8 40:6 47:a 108:0,108,Wand,ja
rest_m3_d1_item_bot1_s1_cam01408,495,16,WOOKY,0000,nein,c,200,17.125,9,200.125,9,nein,0:c 1:0 2:2 9:8 40:6 47:a 108:0,108,Wand,ja
rest_m3_d1_item_v_b1_s1_cam01345,309,18,WOOKY,0000,nein,4,200,-106.375,-,-,-,ja,0:4 1:0 2:2 40:4 72:6 90:a 151:0,151,Rollen,ja
rest_m3_d1_item_v_b1_s1_cam01440,61,18,WOOKY,400C,nein,6,200.875,99.625,37,200.5,37,nein,0:6 1:0 2:2 37:8 40:6 47:a 108:0,108,Wand,ja
rest_m3_d1_stage4,43,19,WOOKY,400C,nein,0,64,0.125,3,64.125,3,nein,0:0 2:2 3:8 40:6 47:a 108:0,108,Wand,ja
rest_m3_d1_stage5,344,16,74164,8002,ja,0,121,171.625,-,-,39,nein,0:0 2:2 3:4 11:6 39:8 49:a 87:c 107:0,107,Klinge,ja
rest_m3_d1_stage9,67,16,20c1c,4002,nein,6,200,106.375,-,-,-,nein,0:6 1:0 2:2 40:4 49:6 59:a 120:0,120,normal,ja
rest_m3_d1_wand_930_320,49,17,EDDY,400C,nein,6,204,106.375,-,-,-,nein,0:6 1:0 2:2 40:4 49:6 59:a 120:0,120,normal,ja
rest_m3_d1_wand_930_340,49,17,EDDY,400C,nein,6,204,86.125,33,200.125,33,nein,0:6 1:0 2:2 33:8 40:6 47:a 108:0,108,Wand,ja
rest_m3_d1_wand_960_320,49,17,EDDY,400C,nein,6,234,106.375,-,-,-,nein,0:6 1:0 2:2 40:4 49:6 59:a 120:0,120,normal,ja
rest_m3_d1_wand_960_340,49,17,EDDY,400C,nein,6,234,56.5,22,240.5,22,nein,0:6 1:0 2:2 22:8 40:6 47:a 108:0,108,Wand,ja
# D1 und D4 (messen_rest.py tod): rest_m3_d4_fass_<dx>_<dz>: EINGRIFF Oelfass Slot 43 ab dem Erscheinen
# um dx/dz gegen den Erscheinungsort (x 914, Tiefe 304) versetzt. Spalten landung_rel_erscheinen, hoehe_L.
lauf,t,lp_t,angreifer,attr,schaden,aktionen_rel_t,neu_rel_t,leben,rang_vorher,rang_nachher,rang_wechsel_rel_t,erscheinen_rel_t,x,z,h,kamera_x,kamera_y,x_minus_kx,z_minus_ky,blick,landung_rel_t,landung_rel_erscheinen,hoehe_L,stand_rel_t,status3_bis_rel_L,t69_start,t69_null_rel_L,gegner_in_L,eingabe_ab_rel_L,wirkung_rel_L,gegnerangriffe_im_schutz,naechster_lp_verlust_rel_L,gegneraktionen_bis_erscheinen,gegnerangriffe_bis_erscheinen
rest_m3_d1_greichweite_v_eb_l,13,-5,17,440C,6,0:4 1:0 2:2 40:4 72:6 90:a 151:0,151,2->1,13,10,151,152,879,304,256,815,256,64,48,r,204,52,0,210,199,200,200,14:WOOKY:-5:dx-44:dz-10:um 16:WOOKY:-5:dx59:dz-10:um 17:EDDY:-5:dx-23:dz45:um 18:SKIP:-5:dx129:dz-27:um,-,-,L+133:S15 L+187:S15,240,0/2/4/6,-
rest_m3_d1_greichweite_v_sm_r,16,-8,18,8402,9,0:4 1:0 2:2 3:4 11:6 39:8 49:a 87:c 107:0,107,2->1,22,19,107,108,914,304,256,850,256,64,48,r,160,52,0,166,226,200,200,14:WOOKY:-5:dx64:dz34:um 15:WOOKY:-5:dx47:dz23:um 16:WOOKY:-5:dx26:dz23:um 17:EDDY:-5:dx63:dz-7:um 18:SKIP:-5:dx36:dz-11:um,-,-,L+154:S16 L+199:S16,200,0/2/4/6,-
rest_m3_d1_greichweite_v_sm_r,1084,-1,15,440C,9,0:4 1:0 2:2 40:4 72:6 90:a 151:0,kein Neueinstieg,1->0 in t+151,20,17,151,-,-,-,-,-,-,-,-,-,-,-,-,-,-,-,-,-,-,-,-,-,-,-
rest_m3_d1_greichweite_v_sw_r,17,-12,18,8A02,13,0:a 1:0 2:2 3:4 11:6 39:8 49:a 87:c 107:0,107,2->1,23,20,107,108,914,304,256,850,256,64,48,r,160,52,0,166,199,200,200,14:WOOKY:-5:dx176:dz13:um 15:WOOKY:-5:dx157:dz-27:um 18:SKIP:-5:dx117:dz5:um,-,-,-,382,0/2/4/6,t+4:S18
rest_m3_d1_greichweite_v_sw_r,1314,-3,16,400C,5,0:0 2:2 40:4 49:6 59:a,kein Neueinstieg,-->- in t+-,-,-,-,-,-,-,-,-,-,-,-,-,-,-,-,-,-,-,-,-,-,-,-,-,-,-
rest_m3_d1_greichweite_v_wc_r,13,-8,15,440C,9,0:4 1:0 2:2 40:4 72:6 91:a 152:0,152,2->1,21,18,152,153,914,304,256,850,256,64,48,r,205,52,0,211,199,200,200,14:WOOKY:-5:dx137:dz14:um 16:WOOKY:-5:dx309:dz21:um 17:EDDY:-5:dx282:dz-13:um 18:SKIP:-5:dx201:dz-36:um,-,-,-,330,0/2/4/6,-
rest_m3_d1_greichweite_v_wc_r,1073,-1,14,440C,9,0:6 1:0 2:2 40:4 49:6 59:a 120:0,kein Neueinstieg,1->0 in t+120,20,17,120,-,-,-,-,-,-,-,-,-,-,-,-,-,-,-,-,-,-,-,-,-,-,-
rest_m3_d1_greichweite_v_wk2_r,11,-4,18,4C0C,5,0:c 1:0 2:2 40:4 50:6 60:a 121:0,121,2->1,11,8,121,122,667,304,256,603,256,64,48,r,174,52,0,180,226,200,200,16:WOOKY:-5:dx237:dz33:um 17:EDDY:-5:dx229:dz3:um 18:WOOKY:-5:dx-99:dz16:um,-,-,L+196:S18,200,0/4/6/a,-
rest_m3_d1_item_bot1_s1_cam00321,265,-4,18,400C,5,0:6 1:0 2:2 40:4 49:6 59:a 120:0,120,2->1,8,7,120,121,520,304,256,456,256,64,48,r,173,52,0,179,199,200,200,17:sichtbar_ohne_Treffer 18:WOOKY:-5:dx20:dz-5:um,-,-,L-18:S18,-,0/2/6/a,-
rest_m3_d1_item_bot1_s1_cam00513,287,-5,17,400C,6,0:0 2:2 40:4 49:6 59:a 120:0,120,2->1,8,7,120,121,577,304,256,513,256,64,48,r,173,52,0,179,199,200,200,16:sichtbar_ohne_Treffer 17:EDDY:-5:dx129:dz37:um,-,-,-,432,0/4/6/a,-
rest_m3_d1_item_bot1_s1_cam00768,122,-6,18,8402,7,0:4 1:0 2:2 3:4 11:6 39:8 49:a 87:c 107:0,107,2->1,9,7,107,108,832,304,256,768,256,64,48,r,160,52,0,166,199,200,200,18:SKIP:-5:dx235:dz6:um,-,-,-,463,0/4/6,-
rest_m3_d1_item_bot1_s1_cam00832,79,-7,16,440C,8,0:4 1:0 2:2 40:4 72:6 90:a 151:0,151,2->1,9,7,151,152,896,304,256,832,256,64,48,r,204,52,0,210,199,200,200,16:WOOKY:-5:dx167:dz-6:um 18:SKIP:-5:dx212:dz-20:um,-,-,L+121:S17,307,0/2/4/6/c,-
rest_m3_d1_item_bot1_s1_cam00832,1346,-1,16,400C,8,0:0 2:2 40:4 49:6,kein Neueinstieg,-->- in t+-,-,-,-,-,-,-,-,-,-,-,-,-,-,-,-,-,-,-,-,-,-,-,-,-,-,-
rest_m3_d1_item_bot1_s1_cam00960,323,-7,18,8402,8,0:4 1:0 2:2 3:4 11:6 39:8 49:a 87:c 107:0,107,2->1,9,7,107,108,1024,288,256,960,240,64,48,r,160,52,0,166,199,200,200,16:WOOKY:-5:dx240:dz7:um 17:WOOKY:-5:dx175:dz-28:um 18:SKIP:-5:dx154:dz-7:um,-,-,-,401,0/2/4/6,-
rest_m3_d1_item_bot1_s1_cam01153,182,-8,17,440C,9,0:4 1:0 2:2 40:4 72:6 90:a 151:0,151,2->1,10,7,151,152,1217,239,256,1153,191,64,48,r,204,52,0,210,199,200,200,16:EDDY:-5:dx90:dz28:um 17:EDDY:-5:dx93:dz18:um,-,-,-,328,0/2/6,-
rest_m3_d1_item_bot1_s1_cam01216,110,-8,17,4C0C,9,0:c 1:0 2:2 40:4 49:6 59:a 120:0,120,2->1,10,7,120,121,1280,224,256,1216,176,64,48,r,173,52,0,179,199,200,200,16:EDDY:-5:dx187:dz33:um 17:EDDY:-5:dx92:dz56:um,-,-,-,290,0/2/6,-
rest_m3_d1_item_bot1_s1_cam01344,518,-14,16,0000,15,0:c 1:0 2:2 26:8 40:6 47:a 108:0,108,2->1,11,8,108,109,1476,176,256,1412,128,64,48,r,158,49,48,164,199,200,200,16:sichtbar_ohne_Treffer,-,-,-,686,6,-
rest_m3_d1_item_bot1_s1_cam01408,495,-11,16,0000,12,0:c 1:0 2:2 9:8 40:6 47:a 108:0,108,2->1,11,8,108,109,1489,176,256,1425,128,64,48,r,158,49,48,164,199,200,200,16:sichtbar_ohne_Treffer,-,-,-,578,0/2/6/a,-
rest_m3_d1_item_v_b1_s1_cam01345,309,-11,18,0000,12,0:4 1:0 2:2 40:4 72:6 90:a 151:0,151,2->1,13,10,151,152,1409,191,256,1345,143,64,48,r,204,52,0,210,199,200,200,18:sichtbar_ohne_Treffer,-,-,-,386,0/2/6/a,-
rest_m3_d1_item_v_b1_s1_cam01440,61,-7,18,400C,8,0:6 1:0 2:2 37:8 40:6 47:a 108:0,108,2->1,13,10,108,109,1604,176,256,1540,128,64,48,r,161,52,0,167,199,200,200,18:sichtbar_ohne_Treffer,-,-,-,-,0/14/6/e,-
rest_m3_d1_stage4,43,-6,19,400C,7,0:0 2:2 3:8 40:6 47:a 108:0,108,2->1,7,7,-,109,320,48,256,256,0,64,48,r,161,52,0,167,199,200,200,19:WOOKY:-5:dx45:dz-9:um,-,-,L-18:S19,413,0/2/6,-
rest_m3_d1_stage5,344,-4,16,8002,5,0:0 2:2 3:4 11:6 39:8 49:a 87:c 107:0,107,2->1,8,7,107,108,3027,48,256,2963,0,64,48,r,160,52,0,166,199,200,200,15:0x6c660:-5:dx-3:dz7:um 17:0x6c660:-5:dx77:dz30:um 19:sichtbar_ohne_Treffer,-,-,L+4:S15,464,0/2,-
rest_m3_d1_stage9,67,-6,16,4002,7,0:6 1:0 2:2 40:4 49:6 59:a 120:0,120,2->1,7,7,-,121,464,48,256,400,0,64,48,r,173,52,0,179,199,200,200,13:0x36fb2:-5:dx67:dz0:um 14:0x36fb2:-5:dx42:dz-17:um 15:0x20c1c:-5:dx183:dz-12:um 16:0x20c1c:-5:dx-67:dz-3:um 17:0x20c1c:-5:dx64:dz-1:um 18:0x20c1c:-5:dx183:dz-9:um,-,-,L+2:S13,224,0/2/4/a,t+17:S17
rest_m3_d1_stage9,1229,-1,13,120C,13,0:12 1:0 2:2 40:4 49:6 59:a 120:0,kein Neueinstieg,1->0 in t+120,9,7,120,-,-,-,-,-,-,-,-,-,-,-,-,-,-,-,-,-,-,-,-,-,-,-
rest_m3_d1_wand_930_320,49,-5,17,400C,6,0:6 1:0 2:2 40:4 49:6 59:a 120:0,120,2->1,11,8,120,121,914,304,256,850,256,64,48,r,173,52,0,179,-,200,-,14:WOOKY:-5:dx166:dz-14:um 15:WOOKY:-5:dx132:dz-3:um 16:WOOKY:-5:dx162:dz-16:um 17:EDDY:-5:dx64:dz-2:um 18:SKIP:-5:dx63:dz-10:um,-,-,-,-,0/2/4/6/a/c,-
rest_m3_d1_wand_930_340,49,-5,17,400C,6,0:6 1:0 2:2 33:8 40:6 47:a 108:0,108,2->1,11,8,108,109,880,304,256,816,256,64,48,r,161,52,0,167,-,200,-,14:WOOKY:-5:dx222:dz-10:um 15:WOOKY:-5:dx185:dz-18:um 16:WOOKY:-5:dx30:dz32:um 17:EDDY:-5:dx-41:dz24:um 18:SKIP:-5:dx127:dz3:um,-,-,-,-,0/2/4/6/a/c,-
rest_m3_d1_wand_960_320,49,-5,17,400C,6,0:6 1:0 2:2 40:4 49:6 59:a 120:0,120,2->1,11,8,120,121,912,304,256,848,256,64,48,r,173,52,0,179,-,200,-,14:WOOKY:-5:dx178:dz-14:um 15:WOOKY:-5:dx142:dz-14:um 16:WOOKY:-5:dx231:dz4:um 17:EDDY:-5:dx-66:dz-2:um 18:SKIP:-5:dx62:dz-1:um,-,-,-,-,0/2/6/a/c,-
rest_m3_d1_wand_960_340,49,-5,17,400C,6,0:6 1:0 2:2 22:8 40:6 47:a 108:0,108,2->1,11,8,108,109,880,304,256,816,256,64,48,r,161,52,0,167,-,200,-,14:WOOKY:-5:dx231:dz-14:um 15:WOOKY:-5:dx195:dz-14:um 16:WOOKY:-5:dx37:dz31:um 17:EDDY:-5:dx-14:dz26:um 18:SKIP:-5:dx169:dz6:um,-,-,-,-,0/2/4/6/a/c,-
rest_m3_d4_fass_0_0,1855,-1,14,440C,8,0:6 1:0 2:2 40:4 49:6 59:a 120:0,120,2->1,12,9,120,121,914,304,256,850,256,64,48,r,173,52,0,179,-,200,-,14:WOOKY:-5:dx86:dz-16:um 15:WOOKY:-5:dx168:dz13:um 16:WOOKY:-5:dx221:dz-9:um 17:EDDY:-5:dx-15:dz15:um 18:WOOKY:-5:dx170:dz-12:um,-,-,-,-,0/2/4/6,-
rest_m3_d4_fass_0_1,1855,-1,14,440C,8,0:6 1:0 2:2 40:4 49:6 59:a 120:0,120,2->1,12,9,120,121,914,304,256,850,256,64,48,r,170,49,48,176,-,200,-,14:WOOKY:-5:dx92:dz-16:um 15:WOOKY:-5:dx168:dz14:um 16:WOOKY:-5:dx221:dz-8:um 17:EDDY:-5:dx-15:dz16:um 18:WOOKY:-5:dx173:dz-13:um,-,-,-,-,0/2/4/6,-
rest_m3_d4_fass_0_8,1855,-1,14,440C,8,0:6 1:0 2:2 40:4 49:6 59:a 120:0,120,2->1,12,9,120,121,914,304,256,850,256,64,48,r,170,49,48,176,-,200,-,14:WOOKY:-5:dx92:dz-16:um 15:WOOKY:-5:dx168:dz14:um 16:WOOKY:-5:dx221:dz-8:um 17:EDDY:-5:dx-15:dz16:um 18:WOOKY:-5:dx173:dz-13:um,-,-,-,-,0/2/4/6,-
rest_m3_d4_fass_0_16,1855,-1,14,440C,8,0:6 1:0 2:2 40:4 49:6 59:a 120:0,120,2->1,12,9,120,121,914,304,256,850,256,64,48,r,170,49,48,176,-,200,-,14:WOOKY:-5:dx92:dz-16:um 15:WOOKY:-5:dx168:dz14:um 16:WOOKY:-5:dx221:dz-8:um 17:EDDY:-5:dx-15:dz17:um 18:WOOKY:-5:dx173:dz-13:um,-,-,-,-,0/2/4/6,-
rest_m3_d4_fass_0_17,1855,-1,14,440C,8,0:6 1:0 2:2 40:4 49:6 59:a 120:0,120,2->1,12,9,120,121,914,304,256,850,256,64,48,r,173,52,0,179,-,200,-,14:WOOKY:-5:dx86:dz-15:um 15:WOOKY:-5:dx168:dz14:um 16:WOOKY:-5:dx221:dz-8:um 17:EDDY:-5:dx-15:dz16:um 18:WOOKY:-5:dx170:dz-11:um,-,-,-,-,0/2/4/6,-
rest_m3_d4_fass_0_20,1855,-1,14,440C,8,0:6 1:0 2:2 40:4 49:6 59:a 120:0,120,2->1,12,9,120,121,914,304,256,850,256,64,48,r,173,52,0,179,-,200,-,14:WOOKY:-5:dx86:dz-15:um 15:WOOKY:-5:dx168:dz14:um 16:WOOKY:-5:dx221:dz-8:um 17:EDDY:-5:dx-15:dz16:um 18:WOOKY:-5:dx170:dz-11:um,-,-,-,-,0/2/4/6,-
rest_m3_d4_fass_32_8,1855,-1,14,440C,8,0:6 1:0 2:2 40:4 49:6 59:a 120:0,120,2->1,12,9,120,121,914,304,256,850,256,64,48,r,170,49,48,176,-,200,-,14:WOOKY:-5:dx92:dz-16:um 15:WOOKY:-5:dx168:dz14:um 16:WOOKY:-5:dx221:dz-8:um 17:EDDY:-5:dx-15:dz16:um 18:WOOKY:-5:dx173:dz-13:um,-,-,-,-,0/2/4/6,-
rest_m3_d4_fass_33_8,1855,-1,14,440C,8,0:6 1:0 2:2 40:4 49:6 59:a 120:0,120,2->1,12,9,120,121,914,304,256,850,256,64,48,r,170,49,48,176,-,200,-,14:WOOKY:-5:dx92:dz-16:um 15:WOOKY:-5:dx168:dz14:um 16:WOOKY:-5:dx221:dz-8:um 17:EDDY:-5:dx-15:dz16:um 18:WOOKY:-5:dx173:dz-13:um,-,-,-,-,0/2/4/6,-
rest_m3_d4_fass_34_8,1855,-1,14,440C,8,0:6 1:0 2:2 40:4 49:6 59:a 120:0,120,2->1,12,9,120,121,914,304,256,850,256,64,48,r,170,49,48,176,-,200,-,14:WOOKY:-5:dx92:dz-16:um 15:WOOKY:-5:dx168:dz14:um 16:WOOKY:-5:dx221:dz-8:um 17:EDDY:-5:dx-15:dz16:um 18:WOOKY:-5:dx173:dz-13:um,-,-,-,-,0/2/4/6,-
rest_m3_d4_fass_35_8,1855,-1,14,440C,8,0:6 1:0 2:2 40:4 49:6 59:a 120:0,120,2->1,12,9,120,121,914,304,256,850,256,64,48,r,170,49,48,176,-,200,-,14:WOOKY:-5:dx92:dz-16:um 15:WOOKY:-5:dx168:dz14:um 16:WOOKY:-5:dx221:dz-8:um 17:EDDY:-5:dx-15:dz16:um 18:WOOKY:-5:dx173:dz-13:um,-,-,-,-,0/2/4/6,-
rest_m3_d4_fass_36_8,1855,-1,14,440C,8,0:6 1:0 2:2 40:4 49:6 59:a 120:0,120,2->1,12,9,120,121,914,304,256,850,256,64,48,r,170,49,48,176,-,200,-,14:WOOKY:-5:dx92:dz-16:um 15:WOOKY:-5:dx168:dz14:um 16:WOOKY:-5:dx221:dz-8:um 17:EDDY:-5:dx-15:dz16:um 18:WOOKY:-5:dx173:dz-13:um,-,-,-,-,0/2/4/6,-
rest_m3_d4_fass_37_8,1855,-1,14,440C,8,0:6 1:0 2:2 40:4 49:6 59:a 120:0,120,2->1,12,9,120,121,914,304,256,850,256,64,48,r,173,52,0,179,-,200,-,14:WOOKY:-5:dx86:dz-15:um 15:WOOKY:-5:dx168:dz14:um 16:WOOKY:-5:dx221:dz-8:um 17:EDDY:-5:dx-15:dz16:um 18:WOOKY:-5:dx170:dz-11:um,-,-,-,-,0/2/4/6,-
rest_m3_d4_fass_38_8,1855,-1,14,440C,8,0:6 1:0 2:2 40:4 49:6 59:a 120:0,120,2->1,12,9,120,121,914,304,256,850,256,64,48,r,173,52,0,179,-,200,-,14:WOOKY:-5:dx86:dz-15:um 15:WOOKY:-5:dx168:dz14:um 16:WOOKY:-5:dx221:dz-8:um 17:EDDY:-5:dx-15:dz16:um 18:WOOKY:-5:dx170:dz-11:um,-,-,-,-,0/2/4/6,-
rest_m3_d4_fass_39_8,1855,-1,14,440C,8,0:6 1:0 2:2 40:4 49:6 59:a 120:0,120,2->1,12,9,120,121,914,304,256,850,256,64,48,r,173,52,0,179,-,200,-,14:WOOKY:-5:dx86:dz-15:um 15:WOOKY:-5:dx168:dz14:um 16:WOOKY:-5:dx221:dz-8:um 17:EDDY:-5:dx-15:dz16:um 18:WOOKY:-5:dx170:dz-11:um,-,-,-,-,0/2/4/6,-
rest_m3_d4_fass_40_8,1855,-1,14,440C,8,0:6 1:0 2:2 40:4 49:6 59:a 120:0,120,2->1,12,9,120,121,914,304,256,850,256,64,48,r,173,52,0,179,-,200,-,14:WOOKY:-5:dx86:dz-15:um 15:WOOKY:-5:dx168:dz14:um 16:WOOKY:-5:dx221:dz-8:um 17:EDDY:-5:dx-15:dz16:um 18:WOOKY:-5:dx170:dz-11:um,-,-,-,-,0/2/4/6,-
rest_m3_d4_fass_m32_8,1855,-1,14,440C,8,0:6 1:0 2:2 40:4 49:6 59:a 120:0,120,2->1,12,9,120,121,914,304,256,850,256,64,48,r,170,49,48,176,-,200,-,14:WOOKY:-5:dx92:dz-16:um 15:WOOKY:-5:dx168:dz14:um 16:WOOKY:-5:dx221:dz-8:um 17:EDDY:-5:dx-15:dz16:um 18:WOOKY:-5:dx173:dz-13:um,-,-,-,-,0/2/4/6,-
rest_m3_d4_fass_m33_8,1855,-1,14,440C,8,0:6 1:0 2:2 40:4 49:6 59:a 120:0,120,2->1,12,9,120,121,914,304,256,850,256,64,48,r,170,49,48,176,-,200,-,14:WOOKY:-5:dx92:dz-16:um 15:WOOKY:-5:dx168:dz14:um 16:WOOKY:-5:dx221:dz-8:um 17:EDDY:-5:dx-15:dz16:um 18:WOOKY:-5:dx173:dz-13:um,-,-,-,-,0/2/4/6,-
rest_m3_d4_fass_m34_8,1855,-1,14,440C,8,0:6 1:0 2:2 40:4 49:6 59:a 120:0,120,2->1,12,9,120,121,914,304,256,850,256,64,48,r,170,49,48,176,-,200,-,14:WOOKY:-5:dx92:dz-16:um 15:WOOKY:-5:dx168:dz14:um 16:WOOKY:-5:dx221:dz-8:um 17:EDDY:-5:dx-15:dz16:um 18:WOOKY:-5:dx173:dz-13:um,-,-,-,-,0/2/4/6,-
rest_m3_d4_fass_m35_8,1855,-1,14,440C,8,0:6 1:0 2:2 40:4 49:6 59:a 120:0,120,2->1,12,9,120,121,914,304,256,850,256,64,48,r,170,49,48,176,-,200,-,14:WOOKY:-5:dx92:dz-16:um 15:WOOKY:-5:dx168:dz14:um 16:WOOKY:-5:dx221:dz-8:um 17:EDDY:-5:dx-15:dz16:um 18:WOOKY:-5:dx173:dz-13:um,-,-,-,-,0/2/4/6,-
rest_m3_d4_fass_m36_8,1855,-1,14,440C,8,0:6 1:0 2:2 40:4 49:6 59:a 120:0,120,2->1,12,9,120,121,914,304,256,850,256,64,48,r,173,52,0,179,-,200,-,14:WOOKY:-5:dx86:dz-15:um 15:WOOKY:-5:dx168:dz14:um 16:WOOKY:-5:dx221:dz-8:um 17:EDDY:-5:dx-15:dz16:um 18:WOOKY:-5:dx170:dz-11:um,-,-,-,-,0/2/4/6,-
rest_m3_d4_fass_m37_8,1855,-1,14,440C,8,0:6 1:0 2:2 40:4 49:6 59:a 120:0,120,2->1,12,9,120,121,914,304,256,850,256,64,48,r,173,52,0,179,-,200,-,14:WOOKY:-5:dx86:dz-15:um 15:WOOKY:-5:dx168:dz14:um 16:WOOKY:-5:dx221:dz-8:um 17:EDDY:-5:dx-15:dz16:um 18:WOOKY:-5:dx170:dz-11:um,-,-,-,-,0/2/4/6,-
rest_m3_d4_fass_m38_8,1855,-1,14,440C,8,0:6 1:0 2:2 40:4 49:6 59:a 120:0,120,2->1,12,9,120,121,914,304,256,850,256,64,48,r,173,52,0,179,-,200,-,14:WOOKY:-5:dx86:dz-15:um 15:WOOKY:-5:dx168:dz14:um 16:WOOKY:-5:dx221:dz-8:um 17:EDDY:-5:dx-15:dz16:um 18:WOOKY:-5:dx170:dz-11:um,-,-,-,-,0/2/4/6,-
rest_m3_d4_fass_m39_8,1855,-1,14,440C,8,0:6 1:0 2:2 40:4 49:6 59:a 120:0,120,2->1,12,9,120,121,914,304,256,850,256,64,48,r,173,52,0,179,-,200,-,14:WOOKY:-5:dx86:dz-15:um 15:WOOKY:-5:dx168:dz14:um 16:WOOKY:-5:dx221:dz-8:um 17:EDDY:-5:dx-15:dz16:um 18:WOOKY:-5:dx170:dz-11:um,-,-,-,-,0/2/4/6,-
rest_m3_d4_fass_m40_8,1855,-1,14,440C,8,0:6 1:0 2:2 40:4 49:6 59:a 120:0,120,2->1,12,9,120,121,914,304,256,850,256,64,48,r,173,52,0,179,-,200,-,14:WOOKY:-5:dx86:dz-15:um 15:WOOKY:-5:dx168:dz14:um 16:WOOKY:-5:dx221:dz-8:um 17:EDDY:-5:dx-15:dz16:um 18:WOOKY:-5:dx170:dz-11:um,-,-,-,-,0/2/4/6,-
# F1 (messen_rest.py grenzen): Treffer der gepruefenten Stufe hinter der Figur, Gegner per EINGRIFF bei dx,
# Blickrichtung r (zur Figur) bzw. l (weg) gesetzt; g w = reaktion_w3 (WOOKY), e = tiefe_b (EDDY).
gruppe,stufe,treffer_bei_dx,kein_treffer_bei_dx,blick_gegner_bei_treffer
rest_m3_f1_e_s1_l,1,-4 -3 -2 -1 0,-6 -5,l
rest_m3_f1_e_s1_r,1,-28 -27 -26 -25 -24,-30 -29,r
rest_m3_f1_e_s2_l,2,-2 -1 0,-6 -5 -4 -3,l
rest_m3_f1_e_s2_r,2,-26 -25 -24,-30 -29 -28 -27,r
rest_m3_f1_e_s3_l,3,-2 -1 0,-6 -5 -4 -3,l
rest_m3_f1_e_s3_r,3,-26 -25 -24,-30 -29 -28 -27,r
rest_m3_f1_e_s4_l,4,-1 0,-6 -5 -4 -3 -2,l
rest_m3_f1_e_s4_r,4,-25 -24,-30 -29 -28 -27 -26,r
rest_m3_f1_w_s1_l,1,-4 -3 -2 -1 0,-6 -5,l
rest_m3_f1_w_s1_r,1,-28 -27 -26 -25 -24,-30 -29,r
rest_m3_f1_w_s2_l,2,-2 -1 0,-6 -5 -4 -3,l
rest_m3_f1_w_s2_r,2,-26 -25 -24,-30 -29 -28 -27,r
rest_m3_f1_w_s3_l,3,-2 -1 0,-6 -5 -4 -3,l
rest_m3_f1_w_s3_r,3,-26 -25 -24,-30 -29 -28 -27,r
rest_m3_f1_w_s4_l,4,-1 0,-6 -5 -4 -3 -2,l
rest_m3_f1_w_s4_r,4,-25 -24,-30 -29 -28 -27 -26,r
# F1 je Lauf (messen_rest.py probe)
lauf,stufe,D,blick_figur,treffer_rel_D,schaden,stufe_ram,dx,dz,blick_gegner,dx_ohne_treffer
rest_m3_f1_e_s1_l_0,1,20,r,2,3,1,0,0,l,
rest_m3_f1_e_s1_l_m1,1,20,r,2,3,1,-1,0,l,
rest_m3_f1_e_s1_l_m2,1,20,r,2,3,1,-2,0,l,
rest_m3_f1_e_s1_l_m3,1,20,r,2,3,1,-3,0,l,
rest_m3_f1_e_s1_l_m4,1,20,r,2,3,1,-4,0,l,
rest_m3_f1_e_s1_l_m5,1,20,r,-,-,-,-,-,-,-5
rest_m3_f1_e_s1_l_m6,1,20,r,-,-,-,-,-,-,-6
rest_m3_f1_e_s1_r_m24,1,20,r,2,3,1,-24,0,r,
rest_m3_f1_e_s1_r_m25,1,20,r,2,3,1,-25,0,r,
rest_m3_f1_e_s1_r_m26,1,20,r,2,3,1,-26,0,r,
rest_m3_f1_e_s1_r_m27,1,20,r,2,3,1,-27,0,r,
rest_m3_f1_e_s1_r_m28,1,20,r,2,3,1,-28,0,r,
rest_m3_f1_e_s1_r_m29,1,20,r,-,-,-,-,-,-,-29
rest_m3_f1_e_s1_r_m30,1,20,r,-,-,-,-,-,-,-30
rest_m3_f1_e_s2_l_0,2,36,r,3,4,2,0,0,l,
rest_m3_f1_e_s2_l_m1,2,36,r,3,4,2,-1,0,l,
rest_m3_f1_e_s2_l_m2,2,36,r,3,4,2,-2,0,l,
rest_m3_f1_e_s2_l_m3,2,36,r,-,-,-,-,-,-,-3
rest_m3_f1_e_s2_l_m4,2,36,r,-,-,-,-,-,-,-4
rest_m3_f1_e_s2_l_m5,2,36,r,-,-,-,-,-,-,-5
rest_m3_f1_e_s2_l_m6,2,36,r,-,-,-,-,-,-,-6
rest_m3_f1_e_s2_r_m24,2,36,r,3,4,2,-24,0,r,
rest_m3_f1_e_s2_r_m25,2,36,r,3,4,2,-25,0,r,
rest_m3_f1_e_s2_r_m26,2,36,r,3,4,2,-26,0,r,
rest_m3_f1_e_s2_r_m27,2,36,r,-,-,-,-,-,-,-27
rest_m3_f1_e_s2_r_m28,2,36,r,-,-,-,-,-,-,-28
rest_m3_f1_e_s2_r_m29,2,36,r,-,-,-,-,-,-,-29
rest_m3_f1_e_s2_r_m30,2,36,r,-,-,-,-,-,-,-30
rest_m3_f1_e_s3_l_0,3,53,r,4,5,3,0,0,l,
rest_m3_f1_e_s3_l_m1,3,53,r,4,5,3,-1,0,l,
rest_m3_f1_e_s3_l_m2,3,53,r,4,5,3,-2,0,l,
rest_m3_f1_e_s3_l_m3,3,53,r,-,-,-,-,-,-,-3
rest_m3_f1_e_s3_l_m4,3,53,r,-,-,-,-,-,-,-4
rest_m3_f1_e_s3_l_m5,3,53,r,-,-,-,-,-,-,-5
rest_m3_f1_e_s3_l_m6,3,53,r,-,-,-,-,-,-,-6
rest_m3_f1_e_s3_r_m24,3,53,r,4,5,3,-24,0,r,
rest_m3_f1_e_s3_r_m25,3,53,r,4,5,3,-25,0,r,
rest_m3_f1_e_s3_r_m26,3,53,r,4,5,3,-26,0,r,
rest_m3_f1_e_s3_r_m27,3,53,r,-,-,-,-,-,-,-27
rest_m3_f1_e_s3_r_m28,3,53,r,-,-,-,-,-,-,-28
rest_m3_f1_e_s3_r_m29,3,53,r,-,-,-,-,-,-,-29
rest_m3_f1_e_s3_r_m30,3,53,r,-,-,-,-,-,-,-30
rest_m3_f1_e_s4_l_0,4,71,r,3,10,4,0,0,l,
rest_m3_f1_e_s4_l_m1,4,71,r,3,10,4,-1,0,l,
rest_m3_f1_e_s4_l_m2,4,71,r,-,-,-,-,-,-,-2
rest_m3_f1_e_s4_l_m3,4,71,r,-,-,-,-,-,-,-3
rest_m3_f1_e_s4_l_m4,4,71,r,-,-,-,-,-,-,-4
rest_m3_f1_e_s4_l_m5,4,71,r,-,-,-,-,-,-,-5
rest_m3_f1_e_s4_l_m6,4,71,r,-,-,-,-,-,-,-6
rest_m3_f1_e_s4_r_m24,4,71,r,3,10,4,-24,0,r,
rest_m3_f1_e_s4_r_m25,4,71,r,3,10,4,-25,0,r,
rest_m3_f1_e_s4_r_m26,4,71,r,-,-,-,-,-,-,-26
rest_m3_f1_e_s4_r_m27,4,71,r,-,-,-,-,-,-,-27
rest_m3_f1_e_s4_r_m28,4,71,r,-,-,-,-,-,-,-28
rest_m3_f1_e_s4_r_m29,4,71,r,-,-,-,-,-,-,-29
rest_m3_f1_e_s4_r_m30,4,71,r,-,-,-,-,-,-,-30
rest_m3_f1_w_s1_l_0,1,3,r,2,3,1,0,0,l,
rest_m3_f1_w_s1_l_m1,1,3,r,2,3,1,-1,0,l,
rest_m3_f1_w_s1_l_m2,1,3,r,2,3,1,-2,0,l,
rest_m3_f1_w_s1_l_m3,1,3,r,2,3,1,-3,0,l,
rest_m3_f1_w_s1_l_m4,1,3,r,2,3,1,-4,0,l,
rest_m3_f1_w_s1_l_m5,1,3,r,-,-,-,-,-,-,-5
rest_m3_f1_w_s1_l_m6,1,3,r,-,-,-,-,-,-,-6
rest_m3_f1_w_s1_r_m24,1,3,r,2,3,1,-24,0,r,
rest_m3_f1_w_s1_r_m25,1,3,r,2,3,1,-25,0,r,
rest_m3_f1_w_s1_r_m26,1,3,r,2,3,1,-26,0,r,
rest_m3_f1_w_s1_r_m27,1,3,r,2,3,1,-27,0,r,
rest_m3_f1_w_s1_r_m28,1,3,r,2,3,1,-28,0,r,
rest_m3_f1_w_s1_r_m29,1,3,r,-,-,-,-,-,-,-29
rest_m3_f1_w_s1_r_m30,1,3,r,-,-,-,-,-,-,-30
rest_m3_f1_w_s2_l_0,2,19,r,3,4,2,0,0,l,
rest_m3_f1_w_s2_l_m1,2,19,r,3,4,2,-1,0,l,
rest_m3_f1_w_s2_l_m2,2,19,r,3,4,2,-2,0,l,
rest_m3_f1_w_s2_l_m3,2,19,r,-,-,-,-,-,-,-3
rest_m3_f1_w_s2_l_m4,2,19,r,-,-,-,-,-,-,-4
rest_m3_f1_w_s2_l_m5,2,19,r,-,-,-,-,-,-,-5
rest_m3_f1_w_s2_l_m6,2,19,r,-,-,-,-,-,-,-6
rest_m3_f1_w_s2_r_m24,2,19,r,3,4,2,-24,0,r,
rest_m3_f1_w_s2_r_m25,2,19,r,3,4,2,-25,0,r,
rest_m3_f1_w_s2_r_m26,2,19,r,3,4,2,-26,0,r,
rest_m3_f1_w_s2_r_m27,2,19,r,-,-,-,-,-,-,-27
rest_m3_f1_w_s2_r_m28,2,19,r,-,-,-,-,-,-,-28
rest_m3_f1_w_s2_r_m29,2,19,r,-,-,-,-,-,-,-29
rest_m3_f1_w_s2_r_m30,2,19,r,-,-,-,-,-,-,-30
rest_m3_f1_w_s3_l_0,3,36,r,4,5,3,0,0,l,
rest_m3_f1_w_s3_l_m1,3,36,r,4,5,3,-1,0,l,
rest_m3_f1_w_s3_l_m2,3,36,r,4,5,3,-2,0,l,
rest_m3_f1_w_s3_l_m3,3,36,r,-,-,-,-,-,-,-3
rest_m3_f1_w_s3_l_m4,3,36,r,-,-,-,-,-,-,-4
rest_m3_f1_w_s3_l_m5,3,36,r,-,-,-,-,-,-,-5
rest_m3_f1_w_s3_l_m6,3,36,r,-,-,-,-,-,-,-6
rest_m3_f1_w_s3_r_m24,3,36,r,4,5,3,-24,0,r,
rest_m3_f1_w_s3_r_m25,3,36,r,4,5,3,-25,0,r,
rest_m3_f1_w_s3_r_m26,3,36,r,4,5,3,-26,0,r,
rest_m3_f1_w_s3_r_m27,3,36,r,-,-,-,-,-,-,-27
rest_m3_f1_w_s3_r_m28,3,36,r,-,-,-,-,-,-,-28
rest_m3_f1_w_s3_r_m29,3,36,r,-,-,-,-,-,-,-29
rest_m3_f1_w_s3_r_m30,3,36,r,-,-,-,-,-,-,-30
rest_m3_f1_w_s4_l_0,4,54,r,3,10,4,0,0,l,
rest_m3_f1_w_s4_l_m1,4,54,r,3,10,4,-1,0,l,
rest_m3_f1_w_s4_l_m2,4,54,r,-,-,-,-,-,-,-2
rest_m3_f1_w_s4_l_m3,4,54,r,-,-,-,-,-,-,-3
rest_m3_f1_w_s4_l_m4,4,54,r,-,-,-,-,-,-,-4
rest_m3_f1_w_s4_l_m5,4,54,r,-,-,-,-,-,-,-5
rest_m3_f1_w_s4_l_m6,4,54,r,-,-,-,-,-,-,-6
rest_m3_f1_w_s4_r_m24,4,54,r,3,10,4,-24,0,r,
rest_m3_f1_w_s4_r_m25,4,54,r,3,10,4,-25,0,r,
rest_m3_f1_w_s4_r_m26,4,54,r,-,-,-,-,-,-,-26
rest_m3_f1_w_s4_r_m27,4,54,r,-,-,-,-,-,-,-27
rest_m3_f1_w_s4_r_m28,4,54,r,-,-,-,-,-,-,-28
rest_m3_f1_w_s4_r_m29,4,54,r,-,-,-,-,-,-,-29
rest_m3_f1_w_s4_r_m30,4,54,r,-,-,-,-,-,-,-30
# F1 bei dx -20: Gegner in der Trefferreaktion (a14) oder frei (a25), Blick natuerlich (x) oder gesetzt
lauf,stufe,D,blick_figur,treffer_rel_D,schaden,stufe_ram,dx,dz,blick_gegner,dx_ohne_treffer
rest_m3_f1z_e_s1_a14_l,1,20,r,-,-,-,-,-,-,-20
rest_m3_f1z_e_s1_a14_r,1,20,r,2,3,1,-20,0,r,
rest_m3_f1z_e_s1_a14_x,1,20,r,2,3,1,-20,0,r,
rest_m3_f1z_e_s2_a14_l,2,36,r,-,-,-,-,-,-,-20
rest_m3_f1z_e_s2_a14_r,2,36,r,3,4,2,-20,0,r,
rest_m3_f1z_e_s2_a14_x,2,36,r,-,-,-,-,-,-,-20
rest_m3_f1z_e_s2_a25_l,2,47,r,-,-,-,-,-,-,-20
rest_m3_f1z_e_s2_a25_r,2,47,r,3,4,2,-20,0,r,
rest_m3_f1z_e_s2_a25_x,2,47,r,3,4,2,-20,0,r,
rest_m3_f1z_e_s3_a14_l,3,53,r,-,-,-,-,-,-,-20
rest_m3_f1z_e_s3_a14_r,3,53,r,4,5,3,-20,0,r,
rest_m3_f1z_e_s3_a14_x,3,53,r,-,-,-,-,-,-,-20
rest_m3_f1z_e_s3_a25_l,3,75,r,-,-,-,-,-,-,-20
rest_m3_f1z_e_s3_a25_r,3,75,r,4,5,3,-20,0,r,
rest_m3_f1z_e_s3_a25_x,3,75,r,4,5,3,-20,0,r,
rest_m3_f1z_e_s4_a14_l,4,71,r,-,-,-,-,-,-,-20
rest_m3_f1z_e_s4_a14_r,4,71,r,3,10,4,-20,0,r,
rest_m3_f1z_e_s4_a14_x,4,71,r,-,-,-,-,-,-,-20
rest_m3_f1z_e_s4_a25_l,4,104,r,-,-,-,-,-,-,-20
rest_m3_f1z_e_s4_a25_r,4,104,r,3,10,4,-20,0,r,
rest_m3_f1z_e_s4_a25_x,4,104,r,3,10,4,-20,0,r,
rest_m3_f1z_w_s1_a14_l,1,3,r,-,-,-,-,-,-,-20
rest_m3_f1z_w_s1_a14_r,1,3,r,2,3,1,-20,0,r,
rest_m3_f1z_w_s1_a14_x,1,3,r,2,3,1,-20,0,r,
rest_m3_f1z_w_s2_a14_l,2,19,r,-,-,-,-,-,-,-20
rest_m3_f1z_w_s2_a14_r,2,19,r,3,4,2,-20,0,r,
rest_m3_f1z_w_s2_a14_x,2,19,r,-,-,-,-,-,-,-20
rest_m3_f1z_w_s2_a25_l,2,30,r,-,-,-,-,-,-,-20
rest_m3_f1z_w_s2_a25_r,2,30,r,3,4,2,-20,0,r,
rest_m3_f1z_w_s2_a25_x,2,30,r,3,4,2,-20,0,r,
rest_m3_f1z_w_s3_a14_l,3,36,r,-,-,-,-,-,-,-20
rest_m3_f1z_w_s3_a14_r,3,36,r,4,5,3,-20,0,r,
rest_m3_f1z_w_s3_a14_x,3,36,r,-,-,-,-,-,-,-20
rest_m3_f1z_w_s3_a25_l,3,58,r,-,-,-,-,-,-,-20
rest_m3_f1z_w_s3_a25_r,3,58,r,4,5,3,-20,0,r,
rest_m3_f1z_w_s3_a25_x,3,58,r,4,5,3,-20,0,r,
rest_m3_f1z_w_s4_a14_l,4,54,r,-,-,-,-,-,-,-20
rest_m3_f1z_w_s4_a14_r,4,54,r,3,10,4,-20,0,r,
rest_m3_f1z_w_s4_a14_x,4,54,r,-,-,-,-,-,-,-20
rest_m3_f1z_w_s4_a25_l,4,87,r,-,-,-,-,-,-,-20
rest_m3_f1z_w_s4_a25_r,4,87,r,3,10,4,-20,0,r,
rest_m3_f1z_w_s4_a25_x,4,87,r,3,10,4,-20,0,r,
