# Sprint (Captain Commando). Erzeugt von scripts/belege_sprint.sh. P = Bezugsdruck (Angriff, sonst
# Sprung, sonst zweiter Druck der Richtung). dx/dz: Gegner minus Figur, ganzzahlig am Frame-Ende.
# Geschwindigkeiten in px/Frame (16.16). EINGRIFF: sa_x/z/fen/zwei, sja_x/z/fen, sg_dz0 (Gegnerposition).
# Zusammenfassung
gruppe,lauf,befund
dritte_sja13,d3_sja13_e_v100_a33_t46,Frame A+13, Hoehe der Figur 24, dx 96: kein Treffer
dritte_sja13,d3_sja13_e_v100_a34_t47,Frame A+13, Hoehe der Figur 20, dx 96: kein Treffer
dritte_sja13,d3_sja13_e_v100_a35_t48,Frame A+13, Hoehe der Figur 16, dx 95: Treffer
dritte_sja13,d3_sja13_e_v60_a33_t46,Frame A+13, Hoehe der Figur 24, dx 56: kein Treffer
dritte_sja13,d3_sja13_e_v60_a34_t47,Frame A+13, Hoehe der Figur 20, dx 56: kein Treffer
dritte_sja13,d3_sja13_e_v60_a35_t48,Frame A+13, Hoehe der Figur 16, dx 55: Treffer
dritte_sja13,d3_sja13_w_v100_a33_t46,Frame A+13, Hoehe der Figur 24, dx 96: kein Treffer
dritte_sja13,d3_sja13_w_v100_a34_t47,Frame A+13, Hoehe der Figur 20, dx 96: kein Treffer
dritte_sja13,d3_sja13_w_v100_a35_t48,Frame A+13, Hoehe der Figur 16, dx 95: Treffer
dritte_sja13,d3_sja13_w_v60_a33_t46,Frame A+13, Hoehe der Figur 24, dx 56: kein Treffer
dritte_sja13,d3_sja13_w_v60_a34_t47,Frame A+13, Hoehe der Figur 20, dx 56: kein Treffer
dritte_sja13,d3_sja13_w_v60_a35_t48,Frame A+13, Hoehe der Figur 16, dx 55: Treffer
dritte_sja_reichweite,EDDY_A=J+21_A+20,32..36:- 139..147:T
dritte_sja_reichweite,EDDY_A=J+21_A+25,157..165:T 169:-
dritte_sja_reichweite,EDDY_A=J+21_A+30,32..36:- 40..174:T
dritte_sja_reichweite,EDDY_A=J+21_A+35,157..165:T 169:-
dritte_sja_reichweite,EDDY_A=J+21_A+39,130..140:T 150..160:-
dritte_sja_reichweite,EDDY_A=J+25_A+20,34:- 38..145:T 149:-
dritte_sja_reichweite,EDDY_A=J+25_A+25,158..166:T 170:-
dritte_sja_reichweite,EDDY_A=J+25_A+30,34..172:T 176:-
dritte_sja_reichweite,EDDY_A=J+25_A+35,157..169:-
dritte_sja_reichweite,EDDY_A=J+25_A+39,130..140:T 150..160:-
dritte_sja_reichweite,WOOKY_A=J+21_A+20,32..36:- 139..147:T
dritte_sja_reichweite,WOOKY_A=J+21_A+25,157..165:T 169:-
dritte_sja_reichweite,WOOKY_A=J+21_A+30,32..36:- 40..174:T
dritte_sja_reichweite,WOOKY_A=J+21_A+35,157..165:T 169:-
dritte_sja_reichweite,WOOKY_A=J+21_A+39,130..140:T 150..160:-
dritte_sja_reichweite,WOOKY_A=J+25_A+20,34:- 38..145:T 149:-
dritte_sja_reichweite,WOOKY_A=J+25_A+25,158..166:T 170:-
dritte_sja_reichweite,WOOKY_A=J+25_A+30,34..172:T 176:-
dritte_sja_reichweite,WOOKY_A=J+25_A+35,157..169:-
dritte_sja_reichweite,WOOKY_A=J+25_A+39,130..140:T 150..160:-
tempo,d3_rut_l18,2-6:0x0(5 Frames, Weg x +3.5 Tiefe +0; vx max +1.75) | 7-19:0x2(13 Frames, Weg x +47.25 Tiefe +0; je Frame 1x+1.75/+0 5x+3.875/+0 6x+3.75/+0 1x+3.625/+0) | 21-36:0x10(16 Frames, Weg x +0 Tiefe +0; vx max +0)
tempo,d3_rut_l19,2-6:0x0(5 Frames, Weg x +3.5 Tiefe +0; vx max +1.75) | 7-20:0x2(14 Frames, Weg x +50.875 Tiefe +0; je Frame 1x+1.75/+0 5x+3.875/+0 6x+3.75/+0 1x+3.625/+0 1x+3.625/+0) | 21-55:0x6(35 Frames, Weg x +0 Tiefe +0; vx max +0)
tempo,d3_rut_l20,2-6:0x0(5 Frames, Weg x +3.5 Tiefe +0; vx max +1.75) | 7-20:0x2(14 Frames, Weg x +50.875 Tiefe +0; je Frame 1x+1.75/+0 5x+3.875/+0 6x+3.75/+0 1x+3.625/+0 1x+3.625/+0) | 21-55:0x6(35 Frames, Weg x +43.875 Tiefe +0; vx max +3.625)
tempo,d3_rut_l21,2-6:0x0(5 Frames, Weg x +3.5 Tiefe +0; vx max +1.75) | 7-20:0x2(14 Frames, Weg x +50.875 Tiefe +0; je Frame 1x+1.75/+0 5x+3.875/+0 6x+3.75/+0 1x+3.625/+0 1x+3.625/+0) | 21-55:0x6(35 Frames, Weg x +43.875 Tiefe +0; vx max +3.625)
tempo,d3_sj_norm_s1,31-77:0xa(47 Frames, Weg x +92.25 Tiefe +0; Scheitel 51.5 (Hoehe vor dem Sprung 0.25, Anstieg 51.25); vx max +2.25)
tempo,d3_sj_s1,2-6:0x0(5 Frames, Weg x +3.5 Tiefe +0; vx max +1.75) | 7-30:0x2(24 Frames, Weg x +86.375 Tiefe +0; je Frame 1x+1.75/+0 5x+3.875/+0 6x+3.75/+0 6x+3.625/+0 5x+3.5/+0 1x+3.5/+0) | 31-77:0x4(47 Frames, Weg x +92.25 Tiefe +0; Scheitel 51.5 (Hoehe vor dem Sprung 0.25, Anstieg 51.25); vx max +2.25) | 78-90:0x0(13 Frames, Weg x +5.25 Tiefe +0; vx max +1.75)
tempo,d3_tief_a,2-6:0x0(5 Frames, Weg x +0 Tiefe +2; vx max +0) | 7-96:0x2(90 Frames, Weg x +0 Tiefe +35.3281; Bewegung bis Frame 22 (16 Frames), danach am Rand; je Frame 1x+0/+1 5x+0/+2.42188 6x+0/+2.34375 3x+0/+2.26562 1x+0/+1.26562 2x+0/+0.265625 1x+0/+0.1875 1x+0/-0.8125 4x+0/+0.1875 1x+0/-0.890625 5x+0/+0.109375 6x+0/+0.03125 6x+0/-0.046875 3x+0/-0.125 1x+0/+0.875 2x+0/-0.125 3x+0/-0.203125 1x+0/+0.796875 2x+0/-0.203125 1x+0/-0.28125 1x+0/+0.71875 3x+0/-0.28125 1x+0/+0.71875 2x+0/-0.359375 1x+0/+0.640625 2x+0/-0.359375 1x+0/+0.640625 1x+0/-0.4375 1x+0/+0.5625 1x+0/-0.4375 1x+0/+0.5625 2x+0/-0.4375 2x+0/+0.484375 1x+0/-0.515625 1x+0/+0.484375 1x+0/-0.515625 1x+0/+0.484375 1x+0/-0.59375 1x+0/+0.40625 1x+0/-0.59375 2x+0/+0.40625 1x+0/-0.59375 1x+0/+0.328125 1x+0/-0.671875 2x+0/+0.328125 1x+0/-0.671875 1x+0/+0.328125)
tempo,d3_tief_b,2-6:0x0(5 Frames, Weg x +0 Tiefe -2; vx max +0) | 7-96:0x2(90 Frames, Weg x +0 Tiefe -52; Bewegung bis Frame 29 (23 Frames), danach am Rand; je Frame 1x+0/-1 5x+0/-2.42188 6x+0/-2.34375 6x+0/-2.26562 5x+0/-2.1875 1x+0/-0.296875 66x+0/+0)
tempo,ew_d10_g10,2-22:0x0(21 Frames, Weg x +17.5 Tiefe +0; vx max +1.75) | 23-60:0x2(38 Frames, Weg x +132.375 Tiefe +0; je Frame 1x+1.75/+0 5x+3.875/+0 6x+3.75/+0 6x+3.625/+0 6x+3.5/+0 6x+3.375/+0 6x+3.25/+0 2x+3.125/+0)
tempo,ew_d10_g2,2-14:0x0(13 Frames, Weg x +17.5 Tiefe +0; vx max +1.75) | 15-52:0x2(38 Frames, Weg x +132.375 Tiefe +0; je Frame 1x+1.75/+0 5x+3.875/+0 6x+3.75/+0 6x+3.625/+0 6x+3.5/+0 6x+3.375/+0 6x+3.25/+0 2x+3.125/+0)
tempo,ew_d11_g1,2-52:0x0(51 Frames, Weg x +85.75 Tiefe +0; vx max +1.75)
tempo,ew_d11_g2,2-53:0x0(52 Frames, Weg x +85.75 Tiefe +0; vx max +1.75)
tempo,ew_d1_g11,2-52:0x0(51 Frames, Weg x +68.25 Tiefe +0; vx max +1.75)
tempo,ew_d1_g2,2-5:0x0(4 Frames, Weg x +1.75 Tiefe +0; vx max +1.75) | 6-43:0x2(38 Frames, Weg x +132.375 Tiefe +0; je Frame 1x+1.75/+0 5x+3.875/+0 6x+3.75/+0 6x+3.625/+0 6x+3.5/+0 6x+3.375/+0 6x+3.25/+0 2x+3.125/+0)
tempo,ew_d2_g1,2-5:0x0(4 Frames, Weg x +3.5 Tiefe +0; vx max +1.75) | 6-43:0x2(38 Frames, Weg x +132.375 Tiefe +0; je Frame 1x+1.75/+0 5x+3.875/+0 6x+3.75/+0 6x+3.625/+0 6x+3.5/+0 6x+3.375/+0 6x+3.25/+0 2x+3.125/+0)
tempo,ew_d2_g10,2-14:0x0(13 Frames, Weg x +3.5 Tiefe +0; vx max +1.75) | 15-52:0x2(38 Frames, Weg x +132.375 Tiefe +0; je Frame 1x+1.75/+0 5x+3.875/+0 6x+3.75/+0 6x+3.625/+0 6x+3.5/+0 6x+3.375/+0 6x+3.25/+0 2x+3.125/+0)
tempo,ew_d2_g11,2-53:0x0(52 Frames, Weg x +70 Tiefe +0; vx max +1.75)
tempo,ew_d8_g5,2-15:0x0(14 Frames, Weg x +14 Tiefe +0; vx max +1.75) | 16-53:0x2(38 Frames, Weg x +132.375 Tiefe +0; je Frame 1x+1.75/+0 5x+3.875/+0 6x+3.75/+0 6x+3.625/+0 6x+3.5/+0 6x+3.375/+0 6x+3.25/+0 2x+3.125/+0)
tempo,ew_h1,2-6:0x0(5 Frames, Weg x +3.5 Tiefe +0; vx max +1.75) | 7-7:0x2(1 Frames, Weg x +1.75 Tiefe +0; je Frame 1x+1.75/+0)
tempo,ew_h2,2-6:0x0(5 Frames, Weg x +3.5 Tiefe +0; vx max +1.75) | 7-8:0x2(2 Frames, Weg x +5.625 Tiefe +0; je Frame 1x+1.75/+0 1x+3.875/+0)
tempo,ew_h20,2-6:0x0(5 Frames, Weg x +3.5 Tiefe +0; vx max +1.75) | 7-26:0x2(20 Frames, Weg x +72.375 Tiefe +0; je Frame 1x+1.75/+0 5x+3.875/+0 6x+3.75/+0 6x+3.625/+0 1x+3.5/+0 1x+3.5/+0)
tempo,ew_h5,2-6:0x0(5 Frames, Weg x +3.5 Tiefe +0; vx max +1.75) | 7-11:0x2(5 Frames, Weg x +17.25 Tiefe +0; je Frame 1x+1.75/+0 3x+3.875/+0 1x+3.875/+0)
tempo,ew_l_d10_g2,2-22:0x0(21 Frames, Weg x -17.5 Tiefe +0; vx max -1.75) | 23-62:0x2(40 Frames, Weg x -138.625 Tiefe +0; je Frame 1x-1.75/+0 5x-3.875/+0 6x-3.75/+0 6x-3.625/+0 6x-3.5/+0 6x-3.375/+0 6x-3.25/+0 4x-3.125/+0)
tempo,ew_l_d11_g2,2-63:0x0(62 Frames, Weg x -89.25 Tiefe +0; vx max -1.75)
tempo,ew_l_d2_g10,2-22:0x0(21 Frames, Weg x -3.5 Tiefe +0; vx max -1.75) | 23-62:0x2(40 Frames, Weg x -138.625 Tiefe +0; je Frame 1x-1.75/+0 5x-3.875/+0 6x-3.75/+0 6x-3.625/+0 6x-3.5/+0 6x-3.375/+0 6x-3.25/+0 4x-3.125/+0)
tempo,ew_l_d2_g11,2-63:0x0(62 Frames, Weg x -73.5 Tiefe +0; vx max -1.75)
tempo,ew_misch,2-60:0x0(59 Frames, Weg x +71 Tiefe +37.5; vx max +1.75)
tempo,ri_h,2-49:0x0(48 Frames, Weg x +0 Tiefe -36; vx max +0) | 50-110:0x2(61 Frames, Weg x +0 Tiefe +73.4375; Bewegung bis Frame 82 (33 Frames), danach am Rand; je Frame 1x+0/+1 5x+0/+2.42188 6x+0/+2.34375 6x+0/+2.26562 6x+0/+2.1875 6x+0/+2.10938 3x+0/+2.03125 1x+0/+1.03125 2x+0/+0.03125 6x+0/-0.046875 3x+0/-0.125 1x+0/+0.875 2x+0/-0.125 3x+0/-0.203125 1x+0/+0.796875 2x+0/-0.203125 1x+0/-0.28125 1x+0/+0.71875 3x+0/-0.28125 1x+0/+0.71875 1x+0/-0.359375)
tempo,ri_l,2-6:0x0(5 Frames, Weg x -3.5 Tiefe +0; vx max -1.75) | 7-70:0x2(64 Frames, Weg x -172.5 Tiefe +0; Bewegung bis Frame 58 (52 Frames), danach am Rand; je Frame 1x-1.75/+0 5x-3.875/+0 6x-3.75/+0 6x-3.625/+0 6x-3.5/+0 6x-3.375/+0 6x-3.25/+0 6x-3.125/+0 6x-3/+0 3x-2.875/+0 1x-1/+0 12x+0/+0)
tempo,ri_lh,2-39:0x0(38 Frames, Weg x -2.5 Tiefe -27.5; vx max -1.25) | 40-90:0x2(51 Frames, Weg x -128.562 Tiefe +48.668; je Frame 1x-1.25/+0.75 5x-2.90625/+1.75586 6x-2.8125/+1.69922 6x-2.71875/+1.64258 6x-2.625/+1.58594 6x-2.53125/+1.5293 2x-2.4375/+0.472656 1x-2.4375/-0.527344 1x-2.4375/+0.472656 1x-2.4375/-0.527344 1x-2.4375/+0.472656 1x-2.34375/-0.583984 2x-2.34375/+0.416016 1x-2.34375/-0.583984 1x-2.34375/+0.416016 1x-2.34375/-0.583984 2x-2.25/+0.359375 1x-2.25/-0.640625 2x-2.25/+0.359375 1x-2.25/-0.640625 2x-2.15625/+0.302734 1x-2.15625/-0.697266)
tempo,ri_lu,2-29:0x0(28 Frames, Weg x -2.5 Tiefe +17.5; vx max -1.25) | 30-90:0x2(61 Frames, Weg x -149.375 Tiefe -71.5001; je Frame 1x-1.25/-0.75 5x-2.90625/-1.75586 6x-2.8125/-1.69922 6x-2.71875/-1.64258 6x-2.625/-1.58594 6x-2.53125/-1.5293 6x-2.4375/-1.47266 6x-2.34375/-1.41602 4x-2.25/-1.35938 1x-2.25/-0.458984 1x-2.25/+0 6x-2.15625/+0 6x-2.0625/+0 1x-1.96875/+0)
tempo,ri_r,2-6:0x0(5 Frames, Weg x +3.5 Tiefe +0; vx max +1.75) | 7-96:0x2(90 Frames, Weg x +267.875 Tiefe +0; je Frame 1x+1.75/+0 5x+3.875/+0 6x+3.75/+0 6x+3.625/+0 6x+3.5/+0 6x+3.375/+0 6x+3.25/+0 6x+3.125/+0 6x+3/+0 6x+2.875/+0 6x+2.75/+0 6x+2.625/+0 6x+2.5/+0 6x+2.375/+0 6x+2.25/+0 6x+2.125/+0) | 97-110:0x0(14 Frames, Weg x +22.75 Tiefe +0; vx max +1.75)
tempo,ri_r_b,2-17:0x0(16 Frames, Weg x +5.25 Tiefe +0; vx max +1.75) | 18-107:0x2(90 Frames, Weg x +267.875 Tiefe +0; je Frame 1x+1.75/+0 5x+3.875/+0 6x+3.75/+0 6x+3.625/+0 6x+3.5/+0 6x+3.375/+0 6x+3.25/+0 6x+3.125/+0 6x+3/+0 6x+2.875/+0 6x+2.75/+0 6x+2.625/+0 6x+2.5/+0 6x+2.375/+0 6x+2.25/+0 6x+2.125/+0) | 108-120:0x0(13 Frames, Weg x +21 Tiefe +0; vx max +1.75)
tempo,ri_rh,2-49:0x0(48 Frames, Weg x +2.5 Tiefe -36.5; vx max +1.25) | 50-110:0x2(61 Frames, Weg x +161.375 Tiefe +74.2423; je Frame 1x+1.25/+0.75 5x+2.90625/+1.75586 6x+4.8125/+1.69922 6x+2.71875/+1.64258 6x+2.625/+1.58594 6x+2.53125/+1.5293 6x+2.4375/+1.47266 6x+2.34375/+1.41602 6x+2.25/+1.35938 2x+2.15625/+0.302734 1x+2.15625/-0.697266 2x+2.15625/+0.302734 1x+2.15625/-0.697266 3x+2.0625/+0.246094 1x+2.0625/-0.753906 2x+2.0625/+0.246094 1x+1.96875/+0.189453)
tempo,ri_ru,2-49:0x0(48 Frames, Weg x +2.5 Tiefe +35.5; vx max +1.25) | 50-110:0x2(61 Frames, Weg x +161.375 Tiefe -73.5001; je Frame 1x+1.25/-0.75 5x+2.90625/-1.75586 6x+4.8125/-1.69922 6x+2.71875/-1.64258 6x+2.625/-1.58594 6x+2.53125/-1.5293 6x+2.4375/-1.47266 6x+2.34375/-1.41602 5x+2.25/-1.35938 1x+2.25/-1.09961 6x+2.15625/+0 6x+2.0625/+0 1x+1.96875/+0)
tempo,ri_u,2-49:0x0(48 Frames, Weg x +0 Tiefe +35; vx max +0) | 50-110:0x2(61 Frames, Weg x +0 Tiefe -73; Bewegung bis Frame 82 (33 Frames), danach am Rand; je Frame 1x+0/-1 5x+0/-2.42188 6x+0/-2.34375 6x+0/-2.26562 6x+0/-2.1875 6x+0/-2.10938 3x+0/-2.03125 1x+0/-0.359375 27x+0/+0)
tempo,rw_hoch,2-6:0x0(5 Frames, Weg x +3.5 Tiefe +0; vx max +1.75) | 7-60:0x2(54 Frames, Weg x +170.406 Tiefe +17.6153; je Frame 1x+1.75/+0 5x+3.875/+0 6x+3.75/+0 1x+3.625/+0 1x+3.625/+0 4x+2.71875/+1.64258 6x+2.625/+1.58594 1x+2.53125/+1.5293 5x+3.375/+0 6x+3.25/+0 6x+3.125/+0 6x+3/+0 6x+2.875/+0)
tempo,rw_links,2-6:0x0(5 Frames, Weg x +3.5 Tiefe +0; vx max +1.75) | 7-31:0x2(25 Frames, Weg x +89.75 Tiefe +0; je Frame 1x+1.75/+0 5x+3.875/+0 6x+3.75/+0 6x+3.625/+0 6x+3.5/+0 1x+3.375/+0) | 32-55:0x0(24 Frames, Weg x -33.25 Tiefe +0; vx max -1.75)
tempo,rw_neu,2-6:0x0(5 Frames, Weg x +3.5 Tiefe +0; vx max +1.75) | 7-96:0x2(90 Frames, Weg x +267.875 Tiefe +0; je Frame 1x+1.75/+0 5x+3.875/+0 6x+3.75/+0 6x+3.625/+0 6x+3.5/+0 6x+3.375/+0 6x+3.25/+0 6x+3.125/+0 6x+3/+0 6x+2.875/+0 6x+2.75/+0 6x+2.625/+0 6x+2.5/+0 6x+2.375/+0 6x+2.25/+0 6x+2.125/+0) | 97-103:0x0(7 Frames, Weg x +3.5 Tiefe +0; vx max +1.75) | 104-150:0x2(47 Frames, Weg x +159.875 Tiefe +0; je Frame 1x+1.75/+0 5x+3.875/+0 6x+3.75/+0 6x+3.625/+0 6x+3.5/+0 6x+3.375/+0 6x+3.25/+0 6x+3.125/+0 5x+3/+0)
tempo,rw_neu_gehalten,2-6:0x0(5 Frames, Weg x +3.5 Tiefe +0; vx max +1.75) | 7-96:0x2(90 Frames, Weg x +267.875 Tiefe +0; je Frame 1x+1.75/+0 5x+3.875/+0 6x+3.75/+0 6x+3.625/+0 6x+3.5/+0 6x+3.375/+0 6x+3.25/+0 6x+3.125/+0 6x+3/+0 6x+2.875/+0 6x+2.75/+0 6x+2.625/+0 6x+2.5/+0 6x+2.375/+0 6x+2.25/+0 6x+2.125/+0) | 97-150:0x0(54 Frames, Weg x +89.25 Tiefe +0; vx max +1.75)
tempo,rw_neu_sofort,2-6:0x0(5 Frames, Weg x +3.5 Tiefe +0; vx max +1.75) | 7-96:0x2(90 Frames, Weg x +267.875 Tiefe +0; je Frame 1x+1.75/+0 5x+3.875/+0 6x+3.75/+0 6x+3.625/+0 6x+3.5/+0 6x+3.375/+0 6x+3.25/+0 6x+3.125/+0 6x+3/+0 6x+2.875/+0 6x+2.75/+0 6x+2.625/+0 6x+2.5/+0 6x+2.375/+0 6x+2.25/+0 5x+2.125/+0 1x+2.125/+0) | 97-99:0x0(3 Frames, Weg x +1.75 Tiefe +0; vx max +1.75) | 100-150:0x2(51 Frames, Weg x +171.5 Tiefe +0; je Frame 1x+1.75/+0 5x+3.875/+0 6x+3.75/+0 6x+3.625/+0 6x+3.5/+0 6x+3.375/+0 6x+3.25/+0 6x+3.125/+0 6x+3/+0 3x+2.875/+0)
tempo,rw_nur_hoch,2-6:0x0(5 Frames, Weg x +3.5 Tiefe +0; vx max +1.75) | 7-20:0x2(14 Frames, Weg x +50.875 Tiefe +0; je Frame 1x+1.75/+0 5x+3.875/+0 6x+3.75/+0 1x+3.625/+0 1x+3.625/+0) | 21-45:0x0(25 Frames, Weg x +0 Tiefe +20; vx max +0)
tempo,sa_leer20,2-6:0x0(5 Frames, Weg x +3.5 Tiefe +0; vx max +1.75) | 7-20:0x2(14 Frames, Weg x +50.875 Tiefe +0; je Frame 1x+1.75/+0 5x+3.875/+0 6x+3.75/+0 1x+3.625/+0 1x+3.625/+0) | 21-55:0x6(35 Frames, Weg x +43.875 Tiefe +0; vx max +3.625) | 56-80:0x0(25 Frames, Weg x +42 Tiefe +0; vx max +1.75)
tempo,sa_leer20_los,2-6:0x0(5 Frames, Weg x +3.5 Tiefe +0; vx max +1.75) | 7-20:0x2(14 Frames, Weg x +50.875 Tiefe +0; je Frame 1x+1.75/+0 5x+3.875/+0 6x+3.75/+0 1x+3.625/+0 1x+3.625/+0) | 21-55:0x6(35 Frames, Weg x +43.875 Tiefe +0; vx max +3.625)
tempo,sa_leer40,2-6:0x0(5 Frames, Weg x +3.5 Tiefe +0; vx max +1.75) | 7-40:0x2(34 Frames, Weg x +119.625 Tiefe +0; je Frame 1x+1.75/+0 5x+3.875/+0 6x+3.75/+0 6x+3.625/+0 6x+3.5/+0 6x+3.375/+0 3x+3.25/+0 1x+3.25/+0) | 41-75:0x6(35 Frames, Weg x +35.4375 Tiefe +0; vx max +3.25) | 76-100:0x0(25 Frames, Weg x +8.75 Tiefe +0; vx max +1.75)
tempo,sa_nat_ac,2-6:0x0(5 Frames, Weg x +3.5 Tiefe +0; vx max +1.75) | 7-8:0x2(2 Frames, Weg x +5.625 Tiefe +0; je Frame 1x+1.75/+0 1x+3.875/+0) | 9-50:0x6(42 Frames, Weg x +50 Tiefe +0; vx max +3.875) | 51-120:0x0(70 Frames, Weg x +17.5 Tiefe +0; vx max +1.75)
tempo,sa_nat_k,2-6:0x0(5 Frames, Weg x +3.5 Tiefe +0; vx max +1.75) | 7-8:0x2(2 Frames, Weg x +5.625 Tiefe +0; je Frame 1x+1.75/+0 1x+3.875/+0) | 9-50:0x6(42 Frames, Weg x +50 Tiefe +0; vx max +3.875) | 51-120:0x0(70 Frames, Weg x +17.5 Tiefe +0; vx max +1.75)
tempo,sa_nat_kb,2-6:0x0(5 Frames, Weg x +3.5 Tiefe +0; vx max +1.75) | 7-8:0x2(2 Frames, Weg x +5.625 Tiefe +0; je Frame 1x+1.75/+0 1x+3.875/+0) | 9-50:0x6(42 Frames, Weg x +50 Tiefe +0; vx max +3.875) | 51-120:0x0(70 Frames, Weg x +17.5 Tiefe +0; vx max +1.75)
tempo,sj_20,2-6:0x0(5 Frames, Weg x +3.5 Tiefe +0; vx max +1.75) | 7-20:0x2(14 Frames, Weg x +50.875 Tiefe +0; je Frame 1x+1.75/+0 5x+3.875/+0 6x+3.75/+0 1x+3.625/+0 1x+3.625/+0) | 21-67:0x4(47 Frames, Weg x +92.25 Tiefe +0; Scheitel 51.5 (Hoehe vor dem Sprung 0.25, Anstieg 51.25); vx max +2.25) | 68-80:0x0(13 Frames, Weg x +21 Tiefe +0; vx max +1.75)
tempo,sj_60,2-6:0x0(5 Frames, Weg x +3.5 Tiefe +0; vx max +1.75) | 7-60:0x2(54 Frames, Weg x +180.125 Tiefe +0; je Frame 1x+1.75/+0 5x+3.875/+0 6x+3.75/+0 6x+3.625/+0 6x+3.5/+0 6x+3.375/+0 6x+3.25/+0 6x+3.125/+0 6x+3/+0 5x+2.875/+0 1x+2.875/+0) | 61-107:0x4(47 Frames, Weg x +92.25 Tiefe +0; Scheitel 51.5 (Hoehe vor dem Sprung 0.25, Anstieg 51.25); vx max +2.25) | 108-120:0x0(13 Frames, Weg x +21 Tiefe +0; vx max +1.75)
tempo,sj_norm,21-67:0xa(47 Frames, Weg x +92.25 Tiefe +0; Scheitel 51.5 (Hoehe vor dem Sprung 0.25, Anstieg 51.25); vx max +2.25)
tempo,sja_leer,2-6:0x0(5 Frames, Weg x +3.5 Tiefe +0; vx max +1.75) | 7-20:0x2(14 Frames, Weg x +50.875 Tiefe +0; je Frame 1x+1.75/+0 5x+3.875/+0 6x+3.75/+0 1x+3.625/+0 1x+3.625/+0) | 21-28:0x4(8 Frames, Weg x +15.75 Tiefe +0; Scheitel 29.5625 (Hoehe vor dem Sprung 0.25, Anstieg 29.3125); vx max +2.25) | 29-68:0x8(40 Frames, Weg x +76.5 Tiefe +0; Scheitel 51.5 (Hoehe vor dem Sprung 29.5625, Anstieg 21.9375); vx max +2.25) | 69-90:0x0(22 Frames, Weg x +21 Tiefe +0; vx max +1.75)
tempo,sp_spezial,2-6:0x0(5 Frames, Weg x +3.5 Tiefe +0; vx max +1.75) | 7-20:0x2(14 Frames, Weg x +50.875 Tiefe +0; je Frame 1x+1.75/+0 5x+3.875/+0 6x+3.75/+0 1x+3.625/+0 1x+3.625/+0) | 21-70:0x14(50 Frames, Weg x +0 Tiefe +0; vx max +0)
ablauf,d3_rut_l18,P=20; Aktionen P-13:0x0->0x2 P:0x2->0x0 P+1:0x0->0x10 P+17:0x10->0x0; Treffer -; umgeworfen -; Flugweite -; Griff -; bewegt ab -
ablauf,d3_rut_l19,P=20; Aktionen P-13:0x0->0x2 P+1:0x2->0x6 P+36:0x6->0x0; Treffer -; umgeworfen -; Flugweite -; Griff -; bewegt ab -
ablauf,d3_rut_l20,P=20; Aktionen P-13:0x0->0x2 P+1:0x2->0x6 P+36:0x6->0x0; Treffer -; umgeworfen -; Flugweite -; Griff -; bewegt ab -
ablauf,d3_rut_l21,P=20; Aktionen P-13:0x0->0x2 P+1:0x2->0x6 P+36:0x6->0x0; Treffer -; umgeworfen -; Flugweite -; Griff -; bewegt ab -
ablauf,d3_sj_norm_s1,P=30; Aktionen P+1:0x0->0xa P+48:0xa->0x0; Treffer -; umgeworfen -; Flugweite -; Griff -; bewegt ab -
ablauf,d3_sj_s1,P=30; Aktionen P-23:0x0->0x2 P+1:0x2->0x4 P+48:0x4->0x0; Treffer -; umgeworfen -; Flugweite -; Griff -; bewegt ab P+49
ablauf,d3_sja13_e_v100_a33_t46,P=33; Aktionen P-26:0x0->0x2 P-23:0x2->0x4 P+1:0x4->0x8; Treffer -; umgeworfen -; Flugweite -; Griff -; bewegt ab -
ablauf,d3_sja13_e_v100_a34_t47,P=34; Aktionen P-27:0x0->0x2 P-24:0x2->0x4 P+1:0x4->0x8; Treffer -; umgeworfen -; Flugweite -; Griff -; bewegt ab -
ablauf,d3_sja13_e_v100_a35_t48,P=35; Aktionen P-28:0x0->0x2 P-25:0x2->0x4 P+1:0x4->0x8; Treffer s17-13@P+13(dx95,dz0); umgeworfen s17@P+14; Flugweite -; Griff -; bewegt ab -
ablauf,d3_sja13_e_v60_a33_t46,P=33; Aktionen P-26:0x0->0x2 P-23:0x2->0x4 P+1:0x4->0x8; Treffer -; umgeworfen -; Flugweite -; Griff -; bewegt ab -
ablauf,d3_sja13_e_v60_a34_t47,P=34; Aktionen P-27:0x0->0x2 P-24:0x2->0x4 P+1:0x4->0x8; Treffer -; umgeworfen -; Flugweite -; Griff -; bewegt ab -
ablauf,d3_sja13_e_v60_a35_t48,P=35; Aktionen P-28:0x0->0x2 P-25:0x2->0x4 P+1:0x4->0x8; Treffer s17-13@P+13(dx55,dz0); umgeworfen s17@P+14; Flugweite -; Griff -; bewegt ab -
ablauf,d3_sja13_w_v100_a33_t46,P=33; Aktionen P-26:0x0->0x2 P-23:0x2->0x4 P+1:0x4->0x8; Treffer -; umgeworfen -; Flugweite -; Griff -; bewegt ab -
ablauf,d3_sja13_w_v100_a34_t47,P=34; Aktionen P-27:0x0->0x2 P-24:0x2->0x4 P+1:0x4->0x8; Treffer -; umgeworfen -; Flugweite -; Griff -; bewegt ab -
ablauf,d3_sja13_w_v100_a35_t48,P=35; Aktionen P-28:0x0->0x2 P-25:0x2->0x4 P+1:0x4->0x8; Treffer s18-13@P+13(dx95,dz0); umgeworfen s18@P+14; Flugweite -; Griff -; bewegt ab -
ablauf,d3_sja13_w_v60_a33_t46,P=33; Aktionen P-26:0x0->0x2 P-23:0x2->0x4 P+1:0x4->0x8; Treffer -; umgeworfen -; Flugweite -; Griff -; bewegt ab -
ablauf,d3_sja13_w_v60_a34_t47,P=34; Aktionen P-27:0x0->0x2 P-24:0x2->0x4 P+1:0x4->0x8; Treffer -; umgeworfen -; Flugweite -; Griff -; bewegt ab -
ablauf,d3_sja13_w_v60_a35_t48,P=35; Aktionen P-28:0x0->0x2 P-25:0x2->0x4 P+1:0x4->0x8; Treffer s18-13@P+13(dx55,dz0); umgeworfen s18@P+14; Flugweite -; Griff -; bewegt ab -
ablauf,d3_sjax_e_a30_k20_v143,P=30; Aktionen P-23:0x0->0x2 P-20:0x2->0x4 P+1:0x4->0x8; Treffer s17-13@P+20(dx139,dz0); umgeworfen s17@P+21; Flugweite -; Griff -; bewegt ab -
ablauf,d3_sjax_e_a30_k20_v147,P=30; Aktionen P-23:0x0->0x2 P-20:0x2->0x4 P+1:0x4->0x8; Treffer s17-13@P+20(dx143,dz0); umgeworfen s17@P+21; Flugweite -; Griff -; bewegt ab -
ablauf,d3_sjax_e_a30_k20_v151,P=30; Aktionen P-23:0x0->0x2 P-20:0x2->0x4 P+1:0x4->0x8; Treffer s17-13@P+20(dx147,dz0); umgeworfen s17@P+21; Flugweite -; Griff -; bewegt ab -
ablauf,d3_sjax_e_a30_k20_v34,P=30; Aktionen P-23:0x0->0x2 P-20:0x2->0x4 P+1:0x4->0x8; Treffer -; umgeworfen -; Flugweite -; Griff -; bewegt ab -
ablauf,d3_sjax_e_a30_k20_v38,P=30; Aktionen P-23:0x0->0x2 P-20:0x2->0x4 P+1:0x4->0x8; Treffer -; umgeworfen -; Flugweite -; Griff -; bewegt ab -
ablauf,d3_sjax_e_a30_k25_v159,P=30; Aktionen P-23:0x0->0x2 P-20:0x2->0x4 P+1:0x4->0x8 P+28:0x8->0x0; Treffer s17-13@P+25(dx157,dz0); umgeworfen s17@P+26; Flugweite -; Griff -; bewegt ab P+29
ablauf,d3_sjax_e_a30_k25_v163,P=30; Aktionen P-23:0x0->0x2 P-20:0x2->0x4 P+1:0x4->0x8 P+28:0x8->0x0; Treffer s17-13@P+25(dx161,dz0); umgeworfen s17@P+26; Flugweite -; Griff -; bewegt ab P+29
ablauf,d3_sjax_e_a30_k25_v167,P=30; Aktionen P-23:0x0->0x2 P-20:0x2->0x4 P+1:0x4->0x8 P+28:0x8->0x0; Treffer s17-13@P+25(dx165,dz0); umgeworfen s17@P+26; Flugweite -; Griff -; bewegt ab P+29
ablauf,d3_sjax_e_a30_k25_v171,P=30; Aktionen P-23:0x0->0x2 P-20:0x2->0x4 P+1:0x4->0x8 P+28:0x8->0x0; Treffer -; umgeworfen -; Flugweite -; Griff -; bewegt ab P+29
ablauf,d3_sjax_e_a30_k30_v160,P=30; Aktionen P-23:0x0->0x2 P-20:0x2->0x4 P+1:0x4->0x8 P+28:0x8->0x0; Treffer s17-13@P+30(dx158,dz0); umgeworfen s17@P+31; Flugweite -; Griff -; bewegt ab P+29
ablauf,d3_sjax_e_a30_k30_v164,P=30; Aktionen P-23:0x0->0x2 P-20:0x2->0x4 P+1:0x4->0x8 P+28:0x8->0x0; Treffer s17-13@P+30(dx162,dz0); umgeworfen s17@P+31; Flugweite -; Griff -; bewegt ab P+29
ablauf,d3_sjax_e_a30_k30_v168,P=30; Aktionen P-23:0x0->0x2 P-20:0x2->0x4 P+1:0x4->0x8 P+28:0x8->0x0; Treffer s17-13@P+30(dx166,dz0); umgeworfen s17@P+31; Flugweite -; Griff -; bewegt ab P+29
ablauf,d3_sjax_e_a30_k30_v172,P=30; Aktionen P-23:0x0->0x2 P-20:0x2->0x4 P+1:0x4->0x8 P+28:0x8->0x0; Treffer s17-13@P+30(dx170,dz0); umgeworfen s17@P+31; Flugweite -; Griff -; bewegt ab P+29
ablauf,d3_sjax_e_a30_k30_v176,P=30; Aktionen P-23:0x0->0x2 P-20:0x2->0x4 P+1:0x4->0x8 P+28:0x8->0x0; Treffer s17-13@P+30(dx174,dz0); umgeworfen s17@P+31; Flugweite -; Griff -; bewegt ab P+29
ablauf,d3_sjax_e_a30_k30_v34,P=30; Aktionen P-23:0x0->0x2 P-20:0x2->0x4 P+1:0x4->0x8 P+28:0x8->0x0; Treffer s17-13@P+31(dx26,dz0); umgeworfen s17@P+32; Flugweite -; Griff -; bewegt ab P+29
ablauf,d3_sjax_e_a30_k30_v38,P=30; Aktionen P-23:0x0->0x2 P-20:0x2->0x4 P+1:0x4->0x8 P+28:0x8->0x0; Treffer s17-13@P+31(dx26,dz0); umgeworfen s17@P+32; Flugweite -; Griff -; bewegt ab P+29
ablauf,d3_sjax_e_a30_k30_v42,P=30; Aktionen P-23:0x0->0x2 P-20:0x2->0x4 P+1:0x4->0x8 P+28:0x8->0x0; Treffer s17-13@P+30(dx40,dz0); umgeworfen s17@P+31; Flugweite -; Griff -; bewegt ab P+29
ablauf,d3_sjax_e_a30_k35_v157,P=30; Aktionen P-23:0x0->0x2 P-20:0x2->0x4 P+1:0x4->0x8 P+28:0x8->0x0; Treffer s17-13@P+35(dx157,dz0); umgeworfen s17@P+36; Flugweite -; Griff -; bewegt ab P+29
ablauf,d3_sjax_e_a30_k35_v161,P=30; Aktionen P-23:0x0->0x2 P-20:0x2->0x4 P+1:0x4->0x8 P+28:0x8->0x0; Treffer s17-13@P+35(dx161,dz0); umgeworfen s17@P+36; Flugweite -; Griff -; bewegt ab P+29
ablauf,d3_sjax_e_a30_k35_v165,P=30; Aktionen P-23:0x0->0x2 P-20:0x2->0x4 P+1:0x4->0x8 P+28:0x8->0x0; Treffer s17-13@P+35(dx165,dz0); umgeworfen s17@P+36; Flugweite -; Griff -; bewegt ab P+29
ablauf,d3_sjax_e_a30_k35_v169,P=30; Aktionen P-23:0x0->0x2 P-20:0x2->0x4 P+1:0x4->0x8 P+28:0x8->0x0; Treffer -; umgeworfen -; Flugweite -; Griff -; bewegt ab P+29
ablauf,d3_sjax_e_a30_k39_v130,P=30; Aktionen P-23:0x0->0x2 P-20:0x2->0x4 P+1:0x4->0x8 P+28:0x8->0x0; Treffer s17-13@P+39(dx130,dz0); umgeworfen s17@P+40; Flugweite -; Griff -; bewegt ab P+29
ablauf,d3_sjax_e_a30_k39_v140,P=30; Aktionen P-23:0x0->0x2 P-20:0x2->0x4 P+1:0x4->0x8 P+28:0x8->0x0; Treffer s17-13@P+39(dx140,dz0); umgeworfen s17@P+40; Flugweite -; Griff -; bewegt ab P+29
ablauf,d3_sjax_e_a30_k39_v150,P=30; Aktionen P-23:0x0->0x2 P-20:0x2->0x4 P+1:0x4->0x8 P+28:0x8->0x0; Treffer -; umgeworfen -; Flugweite -; Griff -; bewegt ab P+29
ablauf,d3_sjax_e_a30_k39_v160,P=30; Aktionen P-23:0x0->0x2 P-20:0x2->0x4 P+1:0x4->0x8 P+28:0x8->0x0; Treffer -; umgeworfen -; Flugweite -; Griff -; bewegt ab P+29
ablauf,d3_sjax_e_a34_k20_v143,P=34; Aktionen P-27:0x0->0x2 P-24:0x2->0x4 P+1:0x4->0x8 P+24:0x8->0x0; Treffer s17-13@P+20(dx141,dz0); umgeworfen s17@P+21; Flugweite -; Griff -; bewegt ab P+25
ablauf,d3_sjax_e_a34_k20_v147,P=34; Aktionen P-27:0x0->0x2 P-24:0x2->0x4 P+1:0x4->0x8 P+24:0x8->0x0; Treffer s17-13@P+20(dx145,dz0); umgeworfen s17@P+21; Flugweite -; Griff -; bewegt ab P+25
ablauf,d3_sjax_e_a34_k20_v151,P=34; Aktionen P-27:0x0->0x2 P-24:0x2->0x4 P+1:0x4->0x8 P+24:0x8->0x0; Treffer -; umgeworfen -; Flugweite -; Griff -; bewegt ab P+25
ablauf,d3_sjax_e_a34_k20_v34,P=34; Aktionen P-27:0x0->0x2 P-24:0x2->0x4 P+1:0x4->0x8 P+24:0x8->0x0; Treffer -; umgeworfen -; Flugweite -; Griff -; bewegt ab P+25
ablauf,d3_sjax_e_a34_k20_v38,P=34; Aktionen P-27:0x0->0x2 P-24:0x2->0x4 P+1:0x4->0x8 P+24:0x8->0x0; Treffer s17-13@P+20(dx38,dz0); umgeworfen s17@P+21; Flugweite -; Griff -; bewegt ab P+25
ablauf,d3_sjax_e_a34_k25_v159,P=34; Aktionen P-27:0x0->0x2 P-24:0x2->0x4 P+1:0x4->0x8 P+24:0x8->0x0; Treffer s17-13@P+25(dx158,dz0); umgeworfen s17@P+26; Flugweite -; Griff -; bewegt ab P+25
ablauf,d3_sjax_e_a34_k25_v163,P=34; Aktionen P-27:0x0->0x2 P-24:0x2->0x4 P+1:0x4->0x8 P+24:0x8->0x0; Treffer s17-13@P+25(dx162,dz0); umgeworfen s17@P+26; Flugweite -; Griff -; bewegt ab P+25
ablauf,d3_sjax_e_a34_k25_v167,P=34; Aktionen P-27:0x0->0x2 P-24:0x2->0x4 P+1:0x4->0x8 P+24:0x8->0x0; Treffer s17-13@P+25(dx166,dz0); umgeworfen s17@P+26; Flugweite -; Griff -; bewegt ab P+25
ablauf,d3_sjax_e_a34_k25_v171,P=34; Aktionen P-27:0x0->0x2 P-24:0x2->0x4 P+1:0x4->0x8 P+24:0x8->0x0; Treffer -; umgeworfen -; Flugweite -; Griff -; bewegt ab P+25
ablauf,d3_sjax_e_a34_k30_v160,P=34; Aktionen P-27:0x0->0x2 P-24:0x2->0x4 P+1:0x4->0x8 P+24:0x8->0x0; Treffer s17-13@P+30(dx160,dz0); umgeworfen s17@P+31; Flugweite -; Griff -; bewegt ab P+25
ablauf,d3_sjax_e_a34_k30_v164,P=34; Aktionen P-27:0x0->0x2 P-24:0x2->0x4 P+1:0x4->0x8 P+24:0x8->0x0; Treffer s17-13@P+30(dx164,dz0); umgeworfen s17@P+31; Flugweite -; Griff -; bewegt ab P+25
ablauf,d3_sjax_e_a34_k30_v168,P=34; Aktionen P-27:0x0->0x2 P-24:0x2->0x4 P+1:0x4->0x8 P+24:0x8->0x0; Treffer s17-13@P+30(dx168,dz0); umgeworfen s17@P+31; Flugweite -; Griff -; bewegt ab P+25
ablauf,d3_sjax_e_a34_k30_v172,P=34; Aktionen P-27:0x0->0x2 P-24:0x2->0x4 P+1:0x4->0x8 P+24:0x8->0x0; Treffer s17-13@P+30(dx172,dz0); umgeworfen s17@P+31; Flugweite -; Griff -; bewegt ab P+25
ablauf,d3_sjax_e_a34_k30_v176,P=34; Aktionen P-27:0x0->0x2 P-24:0x2->0x4 P+1:0x4->0x8 P+24:0x8->0x0; Treffer -; umgeworfen -; Flugweite -; Griff -; bewegt ab P+25
ablauf,d3_sjax_e_a34_k30_v34,P=34; Aktionen P-27:0x0->0x2 P-24:0x2->0x4 P+1:0x4->0x8 P+24:0x8->0x0; Treffer s17-13@P+30(dx34,dz0); umgeworfen s17@P+31; Flugweite -; Griff -; bewegt ab P+25
ablauf,d3_sjax_e_a34_k30_v38,P=34; Aktionen P-27:0x0->0x2 P-24:0x2->0x4 P+1:0x4->0x8 P+24:0x8->0x0; Treffer s17-13@P+30(dx38,dz0); umgeworfen s17@P+31; Flugweite -; Griff -; bewegt ab P+25
ablauf,d3_sjax_e_a34_k30_v42,P=34; Aktionen P-27:0x0->0x2 P-24:0x2->0x4 P+1:0x4->0x8 P+24:0x8->0x0; Treffer s17-13@P+30(dx42,dz0); umgeworfen s17@P+31; Flugweite -; Griff -; bewegt ab P+25
ablauf,d3_sjax_e_a34_k35_v157,P=34; Aktionen P-27:0x0->0x2 P-24:0x2->0x4 P+1:0x4->0x8 P+24:0x8->0x0; Treffer -; umgeworfen -; Flugweite -; Griff -; bewegt ab P+25
ablauf,d3_sjax_e_a34_k35_v161,P=34; Aktionen P-27:0x0->0x2 P-24:0x2->0x4 P+1:0x4->0x8 P+24:0x8->0x0; Treffer -; umgeworfen -; Flugweite -; Griff -; bewegt ab P+25
ablauf,d3_sjax_e_a34_k35_v165,P=34; Aktionen P-27:0x0->0x2 P-24:0x2->0x4 P+1:0x4->0x8 P+24:0x8->0x0; Treffer -; umgeworfen -; Flugweite -; Griff -; bewegt ab P+25
ablauf,d3_sjax_e_a34_k35_v169,P=34; Aktionen P-27:0x0->0x2 P-24:0x2->0x4 P+1:0x4->0x8 P+24:0x8->0x0; Treffer -; umgeworfen -; Flugweite -; Griff -; bewegt ab P+25
ablauf,d3_sjax_e_a34_k39_v130,P=34; Aktionen P-27:0x0->0x2 P-24:0x2->0x4 P+1:0x4->0x8 P+24:0x8->0x0; Treffer s17-13@P+39(dx130,dz0); umgeworfen s17@P+40; Flugweite -; Griff -; bewegt ab P+25
ablauf,d3_sjax_e_a34_k39_v140,P=34; Aktionen P-27:0x0->0x2 P-24:0x2->0x4 P+1:0x4->0x8 P+24:0x8->0x0; Treffer s17-13@P+39(dx140,dz0); umgeworfen s17@P+40; Flugweite -; Griff -; bewegt ab P+25
ablauf,d3_sjax_e_a34_k39_v150,P=34; Aktionen P-27:0x0->0x2 P-24:0x2->0x4 P+1:0x4->0x8 P+24:0x8->0x0; Treffer -; umgeworfen -; Flugweite -; Griff -; bewegt ab P+25
ablauf,d3_sjax_e_a34_k39_v160,P=34; Aktionen P-27:0x0->0x2 P-24:0x2->0x4 P+1:0x4->0x8 P+24:0x8->0x0; Treffer -; umgeworfen -; Flugweite -; Griff -; bewegt ab P+25
ablauf,d3_sjax_w_a30_k20_v143,P=30; Aktionen P-23:0x0->0x2 P-20:0x2->0x4 P+1:0x4->0x8; Treffer s18-13@P+20(dx139,dz0); umgeworfen s18@P+21; Flugweite -; Griff -; bewegt ab -
ablauf,d3_sjax_w_a30_k20_v147,P=30; Aktionen P-23:0x0->0x2 P-20:0x2->0x4 P+1:0x4->0x8; Treffer s18-13@P+20(dx143,dz0); umgeworfen s18@P+21; Flugweite -; Griff -; bewegt ab -
ablauf,d3_sjax_w_a30_k20_v151,P=30; Aktionen P-23:0x0->0x2 P-20:0x2->0x4 P+1:0x4->0x8; Treffer s18-13@P+20(dx147,dz0); umgeworfen s18@P+21; Flugweite -; Griff -; bewegt ab -
ablauf,d3_sjax_w_a30_k20_v34,P=30; Aktionen P-23:0x0->0x2 P-20:0x2->0x4 P+1:0x4->0x8; Treffer -; umgeworfen -; Flugweite -; Griff -; bewegt ab -
ablauf,d3_sjax_w_a30_k20_v38,P=30; Aktionen P-23:0x0->0x2 P-20:0x2->0x4 P+1:0x4->0x8; Treffer -; umgeworfen -; Flugweite -; Griff -; bewegt ab -
ablauf,d3_sjax_w_a30_k25_v159,P=30; Aktionen P-23:0x0->0x2 P-20:0x2->0x4 P+1:0x4->0x8 P+28:0x8->0x0; Treffer s18-13@P+25(dx157,dz0); umgeworfen s18@P+26; Flugweite -; Griff -; bewegt ab P+29
ablauf,d3_sjax_w_a30_k25_v163,P=30; Aktionen P-23:0x0->0x2 P-20:0x2->0x4 P+1:0x4->0x8 P+28:0x8->0x0; Treffer s18-13@P+25(dx161,dz0); umgeworfen s18@P+26; Flugweite -; Griff -; bewegt ab P+29
ablauf,d3_sjax_w_a30_k25_v167,P=30; Aktionen P-23:0x0->0x2 P-20:0x2->0x4 P+1:0x4->0x8 P+28:0x8->0x0; Treffer s18-13@P+25(dx165,dz0); umgeworfen s18@P+26; Flugweite -; Griff -; bewegt ab P+29
ablauf,d3_sjax_w_a30_k25_v171,P=30; Aktionen P-23:0x0->0x2 P-20:0x2->0x4 P+1:0x4->0x8 P+28:0x8->0x0; Treffer -; umgeworfen -; Flugweite -; Griff -; bewegt ab P+29
ablauf,d3_sjax_w_a30_k30_v160,P=30; Aktionen P-23:0x0->0x2 P-20:0x2->0x4 P+1:0x4->0x8 P+28:0x8->0x0; Treffer s18-13@P+30(dx158,dz0); umgeworfen s18@P+31; Flugweite -; Griff -; bewegt ab P+29
ablauf,d3_sjax_w_a30_k30_v164,P=30; Aktionen P-23:0x0->0x2 P-20:0x2->0x4 P+1:0x4->0x8 P+28:0x8->0x0; Treffer s18-13@P+30(dx162,dz0); umgeworfen s18@P+31; Flugweite -; Griff -; bewegt ab P+29
ablauf,d3_sjax_w_a30_k30_v168,P=30; Aktionen P-23:0x0->0x2 P-20:0x2->0x4 P+1:0x4->0x8 P+28:0x8->0x0; Treffer s18-13@P+30(dx166,dz0); umgeworfen s18@P+31; Flugweite -; Griff -; bewegt ab P+29
ablauf,d3_sjax_w_a30_k30_v172,P=30; Aktionen P-23:0x0->0x2 P-20:0x2->0x4 P+1:0x4->0x8 P+28:0x8->0x0; Treffer s18-13@P+30(dx170,dz0); umgeworfen s18@P+31; Flugweite -; Griff -; bewegt ab P+29
ablauf,d3_sjax_w_a30_k30_v176,P=30; Aktionen P-23:0x0->0x2 P-20:0x2->0x4 P+1:0x4->0x8 P+28:0x8->0x0; Treffer s18-13@P+30(dx174,dz0); umgeworfen s18@P+31; Flugweite -; Griff -; bewegt ab P+29
ablauf,d3_sjax_w_a30_k30_v34,P=30; Aktionen P-23:0x0->0x2 P-20:0x2->0x4 P+1:0x4->0x8 P+28:0x8->0x0; Treffer s18-13@P+31(dx26,dz0); umgeworfen s18@P+32; Flugweite -; Griff -; bewegt ab P+29
ablauf,d3_sjax_w_a30_k30_v38,P=30; Aktionen P-23:0x0->0x2 P-20:0x2->0x4 P+1:0x4->0x8 P+28:0x8->0x0; Treffer s18-13@P+31(dx26,dz0); umgeworfen s18@P+32; Flugweite -; Griff -; bewegt ab P+29
ablauf,d3_sjax_w_a30_k30_v42,P=30; Aktionen P-23:0x0->0x2 P-20:0x2->0x4 P+1:0x4->0x8 P+28:0x8->0x0; Treffer s18-13@P+30(dx40,dz0); umgeworfen s18@P+31; Flugweite -; Griff -; bewegt ab P+29
ablauf,d3_sjax_w_a30_k35_v157,P=30; Aktionen P-23:0x0->0x2 P-20:0x2->0x4 P+1:0x4->0x8 P+28:0x8->0x0; Treffer s18-13@P+35(dx157,dz0); umgeworfen s18@P+36; Flugweite -; Griff -; bewegt ab P+29
ablauf,d3_sjax_w_a30_k35_v161,P=30; Aktionen P-23:0x0->0x2 P-20:0x2->0x4 P+1:0x4->0x8 P+28:0x8->0x0; Treffer s18-13@P+35(dx161,dz0); umgeworfen s18@P+36; Flugweite -; Griff -; bewegt ab P+29
ablauf,d3_sjax_w_a30_k35_v165,P=30; Aktionen P-23:0x0->0x2 P-20:0x2->0x4 P+1:0x4->0x8 P+28:0x8->0x0; Treffer s18-13@P+35(dx165,dz0); umgeworfen s18@P+36; Flugweite -; Griff -; bewegt ab P+29
ablauf,d3_sjax_w_a30_k35_v169,P=30; Aktionen P-23:0x0->0x2 P-20:0x2->0x4 P+1:0x4->0x8 P+28:0x8->0x0; Treffer -; umgeworfen -; Flugweite -; Griff -; bewegt ab P+29
ablauf,d3_sjax_w_a30_k39_v130,P=30; Aktionen P-23:0x0->0x2 P-20:0x2->0x4 P+1:0x4->0x8 P+28:0x8->0x0; Treffer s18-13@P+39(dx130,dz0); umgeworfen s18@P+40; Flugweite -; Griff -; bewegt ab P+29
ablauf,d3_sjax_w_a30_k39_v140,P=30; Aktionen P-23:0x0->0x2 P-20:0x2->0x4 P+1:0x4->0x8 P+28:0x8->0x0; Treffer s18-13@P+39(dx140,dz0); umgeworfen s18@P+40; Flugweite -; Griff -; bewegt ab P+29
ablauf,d3_sjax_w_a30_k39_v150,P=30; Aktionen P-23:0x0->0x2 P-20:0x2->0x4 P+1:0x4->0x8 P+28:0x8->0x0; Treffer -; umgeworfen -; Flugweite -; Griff -; bewegt ab P+29
ablauf,d3_sjax_w_a30_k39_v160,P=30; Aktionen P-23:0x0->0x2 P-20:0x2->0x4 P+1:0x4->0x8 P+28:0x8->0x0; Treffer -; umgeworfen -; Flugweite -; Griff -; bewegt ab P+29
ablauf,d3_sjax_w_a34_k20_v143,P=34; Aktionen P-27:0x0->0x2 P-24:0x2->0x4 P+1:0x4->0x8 P+24:0x8->0x0; Treffer s18-13@P+20(dx141,dz0); umgeworfen s18@P+21; Flugweite -; Griff -; bewegt ab P+25
ablauf,d3_sjax_w_a34_k20_v147,P=34; Aktionen P-27:0x0->0x2 P-24:0x2->0x4 P+1:0x4->0x8 P+24:0x8->0x0; Treffer s18-13@P+20(dx145,dz0); umgeworfen s18@P+21; Flugweite -; Griff -; bewegt ab P+25
ablauf,d3_sjax_w_a34_k20_v151,P=34; Aktionen P-27:0x0->0x2 P-24:0x2->0x4 P+1:0x4->0x8 P+24:0x8->0x0; Treffer -; umgeworfen -; Flugweite -; Griff -; bewegt ab P+25
ablauf,d3_sjax_w_a34_k20_v34,P=34; Aktionen P-27:0x0->0x2 P-24:0x2->0x4 P+1:0x4->0x8 P+24:0x8->0x0; Treffer -; umgeworfen -; Flugweite -; Griff -; bewegt ab P+25
ablauf,d3_sjax_w_a34_k20_v38,P=34; Aktionen P-27:0x0->0x2 P-24:0x2->0x4 P+1:0x4->0x8 P+24:0x8->0x0; Treffer s18-13@P+20(dx38,dz0); umgeworfen s18@P+21; Flugweite -; Griff -; bewegt ab P+25
ablauf,d3_sjax_w_a34_k25_v159,P=34; Aktionen P-27:0x0->0x2 P-24:0x2->0x4 P+1:0x4->0x8 P+24:0x8->0x0; Treffer s18-13@P+25(dx158,dz0); umgeworfen s18@P+26; Flugweite -; Griff -; bewegt ab P+25
ablauf,d3_sjax_w_a34_k25_v163,P=34; Aktionen P-27:0x0->0x2 P-24:0x2->0x4 P+1:0x4->0x8 P+24:0x8->0x0; Treffer s18-13@P+25(dx162,dz0); umgeworfen s18@P+26; Flugweite -; Griff -; bewegt ab P+25
ablauf,d3_sjax_w_a34_k25_v167,P=34; Aktionen P-27:0x0->0x2 P-24:0x2->0x4 P+1:0x4->0x8 P+24:0x8->0x0; Treffer s18-13@P+25(dx166,dz0); umgeworfen s18@P+26; Flugweite -; Griff -; bewegt ab P+25
ablauf,d3_sjax_w_a34_k25_v171,P=34; Aktionen P-27:0x0->0x2 P-24:0x2->0x4 P+1:0x4->0x8 P+24:0x8->0x0; Treffer -; umgeworfen -; Flugweite -; Griff -; bewegt ab P+25
ablauf,d3_sjax_w_a34_k30_v160,P=34; Aktionen P-27:0x0->0x2 P-24:0x2->0x4 P+1:0x4->0x8 P+24:0x8->0x0; Treffer s18-13@P+30(dx160,dz0); umgeworfen s18@P+31; Flugweite -; Griff -; bewegt ab P+25
ablauf,d3_sjax_w_a34_k30_v164,P=34; Aktionen P-27:0x0->0x2 P-24:0x2->0x4 P+1:0x4->0x8 P+24:0x8->0x0; Treffer s18-13@P+30(dx164,dz0); umgeworfen s18@P+31; Flugweite -; Griff -; bewegt ab P+25
ablauf,d3_sjax_w_a34_k30_v168,P=34; Aktionen P-27:0x0->0x2 P-24:0x2->0x4 P+1:0x4->0x8 P+24:0x8->0x0; Treffer s18-13@P+30(dx168,dz0); umgeworfen s18@P+31; Flugweite -; Griff -; bewegt ab P+25
ablauf,d3_sjax_w_a34_k30_v172,P=34; Aktionen P-27:0x0->0x2 P-24:0x2->0x4 P+1:0x4->0x8 P+24:0x8->0x0; Treffer s18-13@P+30(dx172,dz0); umgeworfen s18@P+31; Flugweite -; Griff -; bewegt ab P+25
ablauf,d3_sjax_w_a34_k30_v176,P=34; Aktionen P-27:0x0->0x2 P-24:0x2->0x4 P+1:0x4->0x8 P+24:0x8->0x0; Treffer -; umgeworfen -; Flugweite -; Griff -; bewegt ab P+25
ablauf,d3_sjax_w_a34_k30_v34,P=34; Aktionen P-27:0x0->0x2 P-24:0x2->0x4 P+1:0x4->0x8 P+24:0x8->0x0; Treffer s18-13@P+30(dx34,dz0); umgeworfen s18@P+31; Flugweite -; Griff -; bewegt ab P+25
ablauf,d3_sjax_w_a34_k30_v38,P=34; Aktionen P-27:0x0->0x2 P-24:0x2->0x4 P+1:0x4->0x8 P+24:0x8->0x0; Treffer s18-13@P+30(dx38,dz0); umgeworfen s18@P+31; Flugweite -; Griff -; bewegt ab P+25
ablauf,d3_sjax_w_a34_k30_v42,P=34; Aktionen P-27:0x0->0x2 P-24:0x2->0x4 P+1:0x4->0x8 P+24:0x8->0x0; Treffer s18-13@P+30(dx42,dz0); umgeworfen s18@P+31; Flugweite -; Griff -; bewegt ab P+25
ablauf,d3_sjax_w_a34_k35_v157,P=34; Aktionen P-27:0x0->0x2 P-24:0x2->0x4 P+1:0x4->0x8 P+24:0x8->0x0; Treffer -; umgeworfen -; Flugweite -; Griff -; bewegt ab P+25
ablauf,d3_sjax_w_a34_k35_v161,P=34; Aktionen P-27:0x0->0x2 P-24:0x2->0x4 P+1:0x4->0x8 P+24:0x8->0x0; Treffer -; umgeworfen -; Flugweite -; Griff -; bewegt ab P+25
ablauf,d3_sjax_w_a34_k35_v165,P=34; Aktionen P-27:0x0->0x2 P-24:0x2->0x4 P+1:0x4->0x8 P+24:0x8->0x0; Treffer -; umgeworfen -; Flugweite -; Griff -; bewegt ab P+25
ablauf,d3_sjax_w_a34_k35_v169,P=34; Aktionen P-27:0x0->0x2 P-24:0x2->0x4 P+1:0x4->0x8 P+24:0x8->0x0; Treffer -; umgeworfen -; Flugweite -; Griff -; bewegt ab P+25
ablauf,d3_sjax_w_a34_k39_v130,P=34; Aktionen P-27:0x0->0x2 P-24:0x2->0x4 P+1:0x4->0x8 P+24:0x8->0x0; Treffer s18-13@P+39(dx130,dz0); umgeworfen s18@P+40; Flugweite -; Griff -; bewegt ab P+25
ablauf,d3_sjax_w_a34_k39_v140,P=34; Aktionen P-27:0x0->0x2 P-24:0x2->0x4 P+1:0x4->0x8 P+24:0x8->0x0; Treffer s18-13@P+39(dx140,dz0); umgeworfen s18@P+40; Flugweite -; Griff -; bewegt ab P+25
ablauf,d3_sjax_w_a34_k39_v150,P=34; Aktionen P-27:0x0->0x2 P-24:0x2->0x4 P+1:0x4->0x8 P+24:0x8->0x0; Treffer -; umgeworfen -; Flugweite -; Griff -; bewegt ab P+25
ablauf,d3_sjax_w_a34_k39_v160,P=34; Aktionen P-27:0x0->0x2 P-24:0x2->0x4 P+1:0x4->0x8 P+24:0x8->0x0; Treffer -; umgeworfen -; Flugweite -; Griff -; bewegt ab P+25
ablauf,d3_tief_a,P=6; Aktionen P+1:0x0->0x2 P+91:0x2->0x0; Treffer -; umgeworfen -; Flugweite -; Griff -; bewegt ab -
ablauf,d3_tief_b,P=6; Aktionen P+1:0x0->0x2 P+91:0x2->0x0; Treffer -; umgeworfen -; Flugweite -; Griff -; bewegt ab -
ablauf,ew_d10_g10,P=22; Aktionen P+1:0x0->0x2; Treffer -; umgeworfen -; Flugweite -; Griff -; bewegt ab -
ablauf,ew_d10_g2,P=14; Aktionen P+1:0x0->0x2; Treffer -; umgeworfen -; Flugweite -; Griff -; bewegt ab -
ablauf,ew_d11_g1,P=14; Aktionen ; Treffer -; umgeworfen -; Flugweite -; Griff -; bewegt ab -
ablauf,ew_d11_g2,P=15; Aktionen ; Treffer -; umgeworfen -; Flugweite -; Griff -; bewegt ab -
ablauf,ew_d1_g11,P=14; Aktionen ; Treffer -; umgeworfen -; Flugweite -; Griff -; bewegt ab -
ablauf,ew_d1_g2,P=5; Aktionen P+1:0x0->0x2; Treffer -; umgeworfen -; Flugweite -; Griff -; bewegt ab -
ablauf,ew_d2_g1,P=5; Aktionen P+1:0x0->0x2; Treffer -; umgeworfen -; Flugweite -; Griff -; bewegt ab -
ablauf,ew_d2_g10,P=14; Aktionen P+1:0x0->0x2; Treffer -; umgeworfen -; Flugweite -; Griff -; bewegt ab -
ablauf,ew_d2_g11,P=15; Aktionen ; Treffer -; umgeworfen -; Flugweite -; Griff -; bewegt ab -
ablauf,ew_d8_g5,P=15; Aktionen P+1:0x0->0x2; Treffer -; umgeworfen -; Flugweite -; Griff -; bewegt ab -
ablauf,ew_h1,P=6; Aktionen P+1:0x0->0x2 P+2:0x2->0x0; Treffer -; umgeworfen -; Flugweite -; Griff -; bewegt ab -
ablauf,ew_h2,P=6; Aktionen P+1:0x0->0x2 P+3:0x2->0x0; Treffer -; umgeworfen -; Flugweite -; Griff -; bewegt ab -
ablauf,ew_h20,P=6; Aktionen P+1:0x0->0x2 P+21:0x2->0x0; Treffer -; umgeworfen -; Flugweite -; Griff -; bewegt ab -
ablauf,ew_h5,P=6; Aktionen P+1:0x0->0x2 P+6:0x2->0x0; Treffer -; umgeworfen -; Flugweite -; Griff -; bewegt ab -
ablauf,ew_l_d10_g2,P=22; Aktionen P+1:0x0->0x2; Treffer -; umgeworfen -; Flugweite -; Griff -; bewegt ab -
ablauf,ew_l_d11_g2,P=23; Aktionen ; Treffer -; umgeworfen -; Flugweite -; Griff -; bewegt ab -
ablauf,ew_l_d2_g10,P=22; Aktionen P+1:0x0->0x2; Treffer -; umgeworfen -; Flugweite -; Griff -; bewegt ab -
ablauf,ew_l_d2_g11,P=23; Aktionen ; Treffer -; umgeworfen -; Flugweite -; Griff -; bewegt ab -
ablauf,ew_misch,P=6; Aktionen ; Treffer -; umgeworfen -; Flugweite -; Griff -; bewegt ab -
ablauf,ri_h,P=49; Aktionen P+1:0x0->0x2; Treffer -; umgeworfen -; Flugweite -; Griff -; bewegt ab -
ablauf,ri_l,P=6; Aktionen P+1:0x0->0x2; Treffer -; umgeworfen -; Flugweite -; Griff -; bewegt ab -
ablauf,ri_lh,P=39; Aktionen P+1:0x0->0x2; Treffer -; umgeworfen -; Flugweite -; Griff -; bewegt ab -
ablauf,ri_lu,P=29; Aktionen P+1:0x0->0x2; Treffer -; umgeworfen -; Flugweite -; Griff -; bewegt ab -
ablauf,ri_r,P=6; Aktionen P+1:0x0->0x2 P+91:0x2->0x0; Treffer -; umgeworfen -; Flugweite -; Griff -; bewegt ab P+92
ablauf,ri_r_b,P=17; Aktionen P+1:0x0->0x2 P+91:0x2->0x0; Treffer -; umgeworfen -; Flugweite -; Griff -; bewegt ab P+92
ablauf,ri_rh,P=49; Aktionen P+1:0x0->0x2; Treffer -; umgeworfen -; Flugweite -; Griff -; bewegt ab -
ablauf,ri_ru,P=49; Aktionen P+1:0x0->0x2; Treffer -; umgeworfen -; Flugweite -; Griff -; bewegt ab -
ablauf,ri_u,P=49; Aktionen P+1:0x0->0x2; Treffer -; umgeworfen -; Flugweite -; Griff -; bewegt ab -
ablauf,rw_hoch,P=6; Aktionen P+1:0x0->0x2; Treffer -; umgeworfen -; Flugweite -; Griff -; bewegt ab -
ablauf,rw_links,P=6; Aktionen P+1:0x0->0x2 P+26:0x2->0x0; Treffer -; umgeworfen -; Flugweite -; Griff -; bewegt ab P+27
ablauf,rw_neu,P=6; Aktionen P+1:0x0->0x2 P+91:0x2->0x0 P+98:0x0->0x2; Treffer -; umgeworfen -; Flugweite -; Griff -; bewegt ab P+94
ablauf,rw_neu_gehalten,P=6; Aktionen P+1:0x0->0x2 P+91:0x2->0x0; Treffer -; umgeworfen -; Flugweite -; Griff -; bewegt ab P+92
ablauf,rw_neu_sofort,P=6; Aktionen P+1:0x0->0x2 P+91:0x2->0x0 P+94:0x0->0x2; Treffer -; umgeworfen -; Flugweite -; Griff -; bewegt ab P+92
ablauf,rw_nur_hoch,P=6; Aktionen P+1:0x0->0x2 P+15:0x2->0x0; Treffer -; umgeworfen -; Flugweite -; Griff -; bewegt ab P+16
ablauf,sa_fen_k_t17,P=14; Aktionen P-7:0x0->0x2 P+1:0x2->0x6 P+36:0x6->0x0; Treffer -; umgeworfen -; Flugweite -; Griff -; bewegt ab -
ablauf,sa_fen_k_t18,P=14; Aktionen P-7:0x0->0x2 P+1:0x2->0x6 P+36:0x6->0x0; Treffer -; umgeworfen -; Flugweite -; Griff -; bewegt ab -
ablauf,sa_fen_k_t19,P=14; Aktionen P-7:0x0->0x2 P+1:0x2->0x6; Treffer s18-9@P+5(dx36,dz0); umgeworfen s18@P+6; Flugweite -; Griff -; bewegt ab -
ablauf,sa_fen_k_t20,P=14; Aktionen P-7:0x0->0x2 P+1:0x2->0x6; Treffer s18-9@P+6(dx37,dz0); umgeworfen s18@P+7; Flugweite -; Griff -; bewegt ab -
ablauf,sa_fen_k_t21,P=14; Aktionen P-7:0x0->0x2 P+1:0x2->0x6; Treffer s18-9@P+7(dx37,dz0); umgeworfen s18@P+8; Flugweite -; Griff -; bewegt ab -
ablauf,sa_fen_k_t22,P=14; Aktionen P-7:0x0->0x2 P+1:0x2->0x6; Treffer s18-9@P+8(dx37,dz0); umgeworfen s18@P+9; Flugweite -; Griff -; bewegt ab -
ablauf,sa_fen_k_t23,P=14; Aktionen P-7:0x0->0x2 P+1:0x2->0x6; Treffer s18-9@P+9(dx38,dz0); umgeworfen s18@P+10; Flugweite -; Griff -; bewegt ab -
ablauf,sa_fen_k_t24,P=14; Aktionen P-7:0x0->0x2 P+1:0x2->0x6; Treffer s18-9@P+10(dx37,dz0); umgeworfen s18@P+11; Flugweite -; Griff -; bewegt ab -
ablauf,sa_fen_k_t25,P=14; Aktionen P-7:0x0->0x2 P+1:0x2->0x6; Treffer s18-9@P+11(dx38,dz0); umgeworfen s18@P+12; Flugweite -; Griff -; bewegt ab -
ablauf,sa_fen_k_t26,P=14; Aktionen P-7:0x0->0x2 P+1:0x2->0x6; Treffer s18-9@P+12(dx38,dz0); umgeworfen s18@P+13; Flugweite -; Griff -; bewegt ab -
ablauf,sa_fen_k_t27,P=14; Aktionen P-7:0x0->0x2 P+1:0x2->0x6; Treffer s18-9@P+13(dx38,dz0); umgeworfen s18@P+14; Flugweite -; Griff -; bewegt ab -
ablauf,sa_fen_k_t28,P=14; Aktionen P-7:0x0->0x2 P+1:0x2->0x6; Treffer s18-9@P+14(dx38,dz0); umgeworfen s18@P+15; Flugweite -; Griff -; bewegt ab -
ablauf,sa_fen_k_t29,P=14; Aktionen P-7:0x0->0x2 P+1:0x2->0x6 P+36:0x6->0x0; Treffer -; umgeworfen -; Flugweite -; Griff -; bewegt ab -
ablauf,sa_fen_k_t30,P=14; Aktionen P-7:0x0->0x2 P+1:0x2->0x6 P+36:0x6->0x0; Treffer -; umgeworfen -; Flugweite -; Griff -; bewegt ab -
ablauf,sa_fen_kb_t24,P=20; Aktionen P-13:0x0->0x2 P+1:0x2->0x6 P+36:0x6->0x0; Treffer -; umgeworfen -; Flugweite -; Griff -; bewegt ab -
ablauf,sa_fen_kb_t25,P=20; Aktionen P-13:0x0->0x2 P+1:0x2->0x6; Treffer s17-9@P+5(dx37,dz0); umgeworfen s17@P+6; Flugweite -; Griff -; bewegt ab -
ablauf,sa_fen_kb_t34,P=20; Aktionen P-13:0x0->0x2 P+1:0x2->0x6; Treffer s17-9@P+14(dx38,dz0); umgeworfen s17@P+15; Flugweite -; Griff -; bewegt ab -
ablauf,sa_fen_kb_t35,P=20; Aktionen P-13:0x0->0x2 P+1:0x2->0x6 P+36:0x6->0x0; Treffer -; umgeworfen -; Flugweite -; Griff -; bewegt ab -
ablauf,sa_fen_kb_t36,P=20; Aktionen P-13:0x0->0x2 P+1:0x2->0x6 P+36:0x6->0x0; Treffer -; umgeworfen -; Flugweite -; Griff -; bewegt ab -
ablauf,sa_leer20,P=20; Aktionen P-13:0x0->0x2 P+1:0x2->0x6 P+36:0x6->0x0; Treffer -; umgeworfen -; Flugweite -; Griff -; bewegt ab P+37
ablauf,sa_leer20_los,P=20; Aktionen P-13:0x0->0x2 P+1:0x2->0x6 P+36:0x6->0x0; Treffer -; umgeworfen -; Flugweite -; Griff -; bewegt ab -
ablauf,sa_leer40,P=40; Aktionen P-33:0x0->0x2 P+1:0x2->0x6 P+36:0x6->0x0; Treffer -; umgeworfen -; Flugweite -; Griff -; bewegt ab P+37
ablauf,sa_nat_ac,P=8; Aktionen P-1:0x0->0x2 P+1:0x2->0x6 P+43:0x6->0x0; Treffer s17-9@P+5(dx66,dz0); umgeworfen s17@P+6; Flugweite s17:+135.125; Griff -; bewegt ab P+44
ablauf,sa_nat_k,P=8; Aktionen P-1:0x0->0x2 P+1:0x2->0x6 P+43:0x6->0x0; Treffer s18-9@P+5(dx23,dz10); umgeworfen s18@P+6; Flugweite s18:+135.125; Griff -; bewegt ab P+44
ablauf,sa_nat_kb,P=8; Aktionen P-1:0x0->0x2 P+1:0x2->0x6 P+43:0x6->0x0; Treffer s17-9@P+5(dx32,dz2); umgeworfen s17@P+6; Flugweite s17:+135.125; Griff -; bewegt ab P+44
ablauf,sa_x_k_0,P=14; Aktionen P-7:0x0->0x2 P+1:0x2->0x6; Treffer s18-9@P+9(dx-2,dz0); umgeworfen s18@P+10; Flugweite -; Griff -; bewegt ab -
ablauf,sa_x_k_100,P=14; Aktionen P-7:0x0->0x2 P+1:0x2->0x6; Treffer s18-9@P+5(dx94,dz0); umgeworfen s18@P+6; Flugweite -; Griff -; bewegt ab -
ablauf,sa_x_k_104,P=14; Aktionen P-7:0x0->0x2 P+1:0x2->0x6; Treffer s18-9@P+5(dx98,dz0); umgeworfen s18@P+6; Flugweite -; Griff -; bewegt ab -
ablauf,sa_x_k_106,P=14; Aktionen P-7:0x0->0x2 P+1:0x2->0x6; Treffer s18-9@P+5(dx100,dz0); umgeworfen s18@P+6; Flugweite -; Griff -; bewegt ab -
ablauf,sa_x_k_108,P=14; Aktionen P-7:0x0->0x2 P+1:0x2->0x6; Treffer s18-9@P+5(dx102,dz0); umgeworfen s18@P+6; Flugweite -; Griff -; bewegt ab -
ablauf,sa_x_k_110,P=14; Aktionen P-7:0x0->0x2 P+1:0x2->0x6; Treffer s18-9@P+5(dx104,dz0); umgeworfen s18@P+6; Flugweite -; Griff -; bewegt ab -
ablauf,sa_x_k_112,P=14; Aktionen P-7:0x0->0x2 P+1:0x2->0x6; Treffer -; umgeworfen -; Flugweite -; Griff -; bewegt ab -
ablauf,sa_x_k_114,P=14; Aktionen P-7:0x0->0x2 P+1:0x2->0x6; Treffer -; umgeworfen -; Flugweite -; Griff -; bewegt ab -
ablauf,sa_x_k_116,P=14; Aktionen P-7:0x0->0x2 P+1:0x2->0x6; Treffer -; umgeworfen -; Flugweite -; Griff -; bewegt ab -
ablauf,sa_x_k_118,P=14; Aktionen P-7:0x0->0x2 P+1:0x2->0x6; Treffer -; umgeworfen -; Flugweite -; Griff -; bewegt ab -
ablauf,sa_x_k_12,P=14; Aktionen P-7:0x0->0x2 P+1:0x2->0x6; Treffer s18-9@P+5(dx8,dz0); umgeworfen s18@P+6; Flugweite -; Griff -; bewegt ab -
ablauf,sa_x_k_16,P=14; Aktionen P-7:0x0->0x2 P+1:0x2->0x6; Treffer s18-9@P+5(dx12,dz0); umgeworfen s18@P+6; Flugweite -; Griff -; bewegt ab -
ablauf,sa_x_k_4,P=14; Aktionen P-7:0x0->0x2 P+1:0x2->0x6; Treffer s18-9@P+5(dx0,dz0); umgeworfen s18@P+6; Flugweite -; Griff -; bewegt ab -
ablauf,sa_x_k_50,P=14; Aktionen P-7:0x0->0x2 P+1:0x2->0x6; Treffer s18-9@P+5(dx46,dz0); umgeworfen s18@P+6; Flugweite -; Griff -; bewegt ab -
ablauf,sa_x_k_8,P=14; Aktionen P-7:0x0->0x2 P+1:0x2->0x6; Treffer s18-9@P+5(dx4,dz0); umgeworfen s18@P+6; Flugweite -; Griff -; bewegt ab -
ablauf,sa_x_k_m20,P=14; Aktionen P-7:0x0->0x2 P+1:0x2->0x6; Treffer s18-9@P+5(dx-24,dz0); umgeworfen s18@P+6; Flugweite -; Griff -; bewegt ab -
ablauf,sa_x_k_m22,P=14; Aktionen P-7:0x0->0x2 P+1:0x2->0x6; Treffer s18-9@P+5(dx-26,dz0); umgeworfen s18@P+6; Flugweite -; Griff -; bewegt ab -
ablauf,sa_x_k_m24,P=14; Aktionen P-7:0x0->0x2 P+1:0x2->0x6; Treffer s18-9@P+9(dx-26,dz0); umgeworfen s18@P+10; Flugweite -; Griff -; bewegt ab -
ablauf,sa_x_k_m26,P=14; Aktionen P-7:0x0->0x2 P+1:0x2->0x6; Treffer -; umgeworfen -; Flugweite -; Griff -; bewegt ab -
ablauf,sa_x_k_m28,P=14; Aktionen P-7:0x0->0x2 P+1:0x2->0x6; Treffer -; umgeworfen -; Flugweite -; Griff -; bewegt ab -
ablauf,sa_x_k_m30,P=14; Aktionen P-7:0x0->0x2 P+1:0x2->0x6; Treffer -; umgeworfen -; Flugweite -; Griff -; bewegt ab -
ablauf,sa_x_k_m32,P=14; Aktionen P-7:0x0->0x2 P+1:0x2->0x6; Treffer -; umgeworfen -; Flugweite -; Griff -; bewegt ab -
ablauf,sa_x_k_m34,P=14; Aktionen P-7:0x0->0x2 P+1:0x2->0x6; Treffer -; umgeworfen -; Flugweite -; Griff -; bewegt ab -
ablauf,sa_x_k_m4,P=14; Aktionen P-7:0x0->0x2 P+1:0x2->0x6; Treffer s18-9@P+5(dx-8,dz0); umgeworfen s18@P+6; Flugweite -; Griff -; bewegt ab -
ablauf,sa_x_k_m8,P=14; Aktionen P-7:0x0->0x2 P+1:0x2->0x6; Treffer s18-9@P+5(dx-12,dz0); umgeworfen s18@P+6; Flugweite -; Griff -; bewegt ab -
ablauf,sa_x_kb_106,P=14; Aktionen P-7:0x0->0x2 P+1:0x2->0x6; Treffer s17-9@P+5(dx101,dz0); umgeworfen s17@P+6; Flugweite -; Griff -; bewegt ab -
ablauf,sa_x_kb_108,P=14; Aktionen P-7:0x0->0x2 P+1:0x2->0x6; Treffer s17-9@P+5(dx103,dz0); umgeworfen s17@P+6; Flugweite -; Griff -; bewegt ab -
ablauf,sa_x_kb_110,P=14; Aktionen P-7:0x0->0x2 P+1:0x2->0x6; Treffer s17-9@P+5(dx105,dz0); umgeworfen s17@P+6; Flugweite -; Griff -; bewegt ab -
ablauf,sa_x_kb_112,P=14; Aktionen P-7:0x0->0x2 P+1:0x2->0x6; Treffer -; umgeworfen -; Flugweite -; Griff -; bewegt ab -
ablauf,sa_x_kb_114,P=14; Aktionen P-7:0x0->0x2 P+1:0x2->0x6; Treffer -; umgeworfen -; Flugweite -; Griff -; bewegt ab -
ablauf,sa_x_kb_116,P=14; Aktionen P-7:0x0->0x2 P+1:0x2->0x6; Treffer -; umgeworfen -; Flugweite -; Griff -; bewegt ab -
ablauf,sa_x_kb_118,P=14; Aktionen P-7:0x0->0x2 P+1:0x2->0x6; Treffer -; umgeworfen -; Flugweite -; Griff -; bewegt ab -
ablauf,sa_x_kb_120,P=14; Aktionen P-7:0x0->0x2 P+1:0x2->0x6; Treffer -; umgeworfen -; Flugweite -; Griff -; bewegt ab -
ablauf,sa_x_kb_m20,P=14; Aktionen P-7:0x0->0x2 P+1:0x2->0x6; Treffer s17-9@P+5(dx-23,dz0); umgeworfen s17@P+6; Flugweite -; Griff -; bewegt ab -
ablauf,sa_x_kb_m22,P=14; Aktionen P-7:0x0->0x2 P+1:0x2->0x6; Treffer s17-9@P+5(dx-25,dz0); umgeworfen s17@P+6; Flugweite -; Griff -; bewegt ab -
ablauf,sa_x_kb_m24,P=14; Aktionen P-7:0x0->0x2 P+1:0x2->0x6; Treffer s17-9@P+8(dx-26,dz0); umgeworfen s17@P+9; Flugweite -; Griff -; bewegt ab -
ablauf,sa_x_kb_m26,P=14; Aktionen P-7:0x0->0x2 P+1:0x2->0x6; Treffer -; umgeworfen -; Flugweite -; Griff -; bewegt ab -
ablauf,sa_x_kb_m28,P=14; Aktionen P-7:0x0->0x2 P+1:0x2->0x6; Treffer -; umgeworfen -; Flugweite -; Griff -; bewegt ab -
ablauf,sa_x_kb_m30,P=14; Aktionen P-7:0x0->0x2 P+1:0x2->0x6; Treffer -; umgeworfen -; Flugweite -; Griff -; bewegt ab -
ablauf,sa_x_kb_m32,P=14; Aktionen P-7:0x0->0x2 P+1:0x2->0x6; Treffer -; umgeworfen -; Flugweite -; Griff -; bewegt ab -
ablauf,sa_x_kb_m34,P=14; Aktionen P-7:0x0->0x2 P+1:0x2->0x6; Treffer -; umgeworfen -; Flugweite -; Griff -; bewegt ab -
ablauf,sa_z_k_10,P=14; Aktionen P-7:0x0->0x2 P+1:0x2->0x6; Treffer s18-9@P+5(dx36,dz10); umgeworfen s18@P+6; Flugweite -; Griff -; bewegt ab -
ablauf,sa_z_k_11,P=14; Aktionen P-7:0x0->0x2 P+1:0x2->0x6; Treffer s18-9@P+5(dx36,dz11); umgeworfen s18@P+6; Flugweite -; Griff -; bewegt ab -
ablauf,sa_z_k_12,P=14; Aktionen P-7:0x0->0x2 P+1:0x2->0x6; Treffer s18-9@P+5(dx34,dz12); umgeworfen s18@P+6; Flugweite -; Griff -; bewegt ab -
ablauf,sa_z_k_13,P=14; Aktionen P-7:0x0->0x2 P+1:0x2->0x6; Treffer -; umgeworfen -; Flugweite -; Griff -; bewegt ab -
ablauf,sa_z_k_14,P=14; Aktionen P-7:0x0->0x2 P+1:0x2->0x6; Treffer -; umgeworfen -; Flugweite -; Griff -; bewegt ab -
ablauf,sa_z_k_m10,P=14; Aktionen P-7:0x0->0x2 P+1:0x2->0x6; Treffer s18-9@P+5(dx36,dz-10); umgeworfen s18@P+6; Flugweite -; Griff -; bewegt ab -
ablauf,sa_z_k_m11,P=14; Aktionen P-7:0x0->0x2 P+1:0x2->0x6; Treffer s18-9@P+5(dx34,dz-11); umgeworfen s18@P+6; Flugweite -; Griff -; bewegt ab -
ablauf,sa_z_k_m12,P=14; Aktionen P-7:0x0->0x2 P+1:0x2->0x6; Treffer s18-9@P+5(dx34,dz-12); umgeworfen s18@P+6; Flugweite -; Griff -; bewegt ab -
ablauf,sa_z_k_m13,P=14; Aktionen P-7:0x0->0x2 P+1:0x2->0x6; Treffer -; umgeworfen -; Flugweite -; Griff -; bewegt ab -
ablauf,sa_z_k_m14,P=14; Aktionen P-7:0x0->0x2 P+1:0x2->0x6; Treffer -; umgeworfen -; Flugweite -; Griff -; bewegt ab -
ablauf,sa_z_kb_11,P=14; Aktionen P-7:0x0->0x2 P+1:0x2->0x6; Treffer s17-9@P+5(dx37,dz11); umgeworfen s17@P+6; Flugweite -; Griff -; bewegt ab -
ablauf,sa_z_kb_12,P=14; Aktionen P-7:0x0->0x2 P+1:0x2->0x6; Treffer s17-9@P+5(dx35,dz12); umgeworfen s17@P+6; Flugweite -; Griff -; bewegt ab -
ablauf,sa_z_kb_13,P=14; Aktionen P-7:0x0->0x2 P+1:0x2->0x6; Treffer s17-9@P+5(dx35,dz12); umgeworfen s17@P+6; Flugweite -; Griff -; bewegt ab -
ablauf,sa_z_kb_m11,P=14; Aktionen P-7:0x0->0x2 P+1:0x2->0x6; Treffer s17-9@P+5(dx35,dz-11); umgeworfen s17@P+6; Flugweite -; Griff -; bewegt ab -
ablauf,sa_z_kb_m12,P=14; Aktionen P-7:0x0->0x2 P+1:0x2->0x6; Treffer s17-9@P+5(dx35,dz-12); umgeworfen s17@P+6; Flugweite -; Griff -; bewegt ab -
ablauf,sa_z_kb_m13,P=14; Aktionen P-7:0x0->0x2 P+1:0x2->0x6; Treffer -; umgeworfen -; Flugweite -; Griff -; bewegt ab -
ablauf,sa_zwei_a,P=14; Aktionen P-7:0x0->0x2 P+1:0x2->0x6 P+44:0x6->0x0; Treffer s16-9@P+5(dx-6,dz0) s17-9@P+6(dx-102,dz0); umgeworfen s16@P+6 s17@P+7; Flugweite s16:-135.125 s17:-135.125; Griff -; bewegt ab -
ablauf,sa_zwei_b,P=14; Aktionen P-7:0x0->0x2 P+1:0x2->0x6 P+43:0x6->0x0; Treffer s16-9@P+5(dx-16,dz0) s17-9@P+5(dx-70,dz-2); umgeworfen s16@P+6 s17@P+6; Flugweite s16:-135.125 s17:-135.125; Griff -; bewegt ab -
ablauf,sg_dz0,P=6; Aktionen P+1:0x0->0x2 P+36:0x2->0x0; Treffer -; umgeworfen -; Flugweite -; Griff -; bewegt ab -
ablauf,sg_k,P=6; Aktionen P+1:0x0->0x2 P+36:0x2->0x0; Treffer -; umgeworfen -; Flugweite -; Griff -; bewegt ab -
ablauf,sg_kb,P=6; Aktionen P+1:0x0->0x2 P+36:0x2->0x0; Treffer -; umgeworfen -; Flugweite -; Griff -; bewegt ab -
ablauf,sg_lauf,P=1; Aktionen ; Treffer -; umgeworfen -; Flugweite -; Griff s18@P+5(dx39,dz10); bewegt ab -
ablauf,sg_lauf_nach,P=6; Aktionen P+1:0x0->0x2 P+4:0x2->0x0; Treffer -; umgeworfen -; Flugweite -; Griff s18@P+5(dx32,dz10); bewegt ab P+5
ablauf,sj_20,P=20; Aktionen P-13:0x0->0x2 P+1:0x2->0x4 P+48:0x4->0x0; Treffer -; umgeworfen -; Flugweite -; Griff -; bewegt ab P+49
ablauf,sj_60,P=60; Aktionen P-53:0x0->0x2 P+1:0x2->0x4 P+48:0x4->0x0; Treffer -; umgeworfen -; Flugweite -; Griff -; bewegt ab P+49
ablauf,sj_norm,P=20; Aktionen P+1:0x0->0xa P+48:0xa->0x0; Treffer -; umgeworfen -; Flugweite -; Griff -; bewegt ab -
ablauf,sja_fen_a14_t27,P=14; Aktionen P-7:0x0->0x2 P-5:0x2->0x4 P+1:0x4->0x8 P+43:0x8->0x0; Treffer -; umgeworfen -; Flugweite -; Griff -; bewegt ab P+44
ablauf,sja_fen_a14_t45,P=14; Aktionen P-7:0x0->0x2 P-5:0x2->0x4 P+1:0x4->0x8 P+43:0x8->0x0; Treffer -; umgeworfen -; Flugweite -; Griff -; bewegt ab P+44
ablauf,sja_fen_a14_t46,P=14; Aktionen P-7:0x0->0x2 P-5:0x2->0x4 P+1:0x4->0x8 P+43:0x8->0x0; Treffer s18-13@P+32(dx75,dz0); umgeworfen s18@P+33; Flugweite s18:+11; Griff -; bewegt ab P+44
ablauf,sja_fen_a14_t50,P=14; Aktionen P-7:0x0->0x2 P-5:0x2->0x4 P+1:0x4->0x8 P+43:0x8->0x0; Treffer s18-13@P+36(dx75,dz0); umgeworfen s18@P+37; Flugweite s18:+9; Griff -; bewegt ab P+44
ablauf,sja_fen_a14_t53,P=14; Aktionen P-7:0x0->0x2 P-5:0x2->0x4 P+1:0x4->0x8 P+43:0x8->0x0; Treffer s18-13@P+39(dx78,dz0); umgeworfen s18@P+40; Flugweite s18:+7; Griff -; bewegt ab P+44
ablauf,sja_fen_a14_t54,P=14; Aktionen P-7:0x0->0x2 P-5:0x2->0x4 P+1:0x4->0x8 P+43:0x8->0x0; Treffer -; umgeworfen -; Flugweite -; Griff -; bewegt ab P+44
ablauf,sja_fen_a30_t42,P=30; Aktionen P-23:0x0->0x2 P-21:0x2->0x4 P+1:0x4->0x8 P+27:0x8->0x0; Treffer -; umgeworfen -; Flugweite -; Griff -; bewegt ab P+28
ablauf,sja_fen_a30_t43,P=30; Aktionen P-23:0x0->0x2 P-21:0x2->0x4 P+1:0x4->0x8 P+27:0x8->0x0; Treffer -; umgeworfen -; Flugweite -; Griff -; bewegt ab P+28
ablauf,sja_fen_a30_t44,P=30; Aktionen P-23:0x0->0x2 P-21:0x2->0x4 P+1:0x4->0x8 P+27:0x8->0x0; Treffer -; umgeworfen -; Flugweite -; Griff -; bewegt ab P+28
ablauf,sja_fen_a30_t49,P=30; Aktionen P-23:0x0->0x2 P-21:0x2->0x4 P+1:0x4->0x8 P+27:0x8->0x0; Treffer -; umgeworfen -; Flugweite -; Griff -; bewegt ab P+28
ablauf,sja_fen_a30_t50,P=30; Aktionen P-23:0x0->0x2 P-21:0x2->0x4 P+1:0x4->0x8 P+27:0x8->0x0; Treffer s18-13@P+20(dx75,dz0); umgeworfen s18@P+21; Flugweite s18:+9; Griff -; bewegt ab P+28
ablauf,sja_fen_a30_t51,P=30; Aktionen P-23:0x0->0x2 P-21:0x2->0x4 P+1:0x4->0x8 P+27:0x8->0x0; Treffer s18-13@P+21(dx76,dz0); umgeworfen s18@P+22; Flugweite s18:+7; Griff -; bewegt ab P+28
ablauf,sja_fen_a30_t69,P=30; Aktionen P-23:0x0->0x2 P-21:0x2->0x4 P+1:0x4->0x8 P+27:0x8->0x0; Treffer s18-13@P+39(dx78,dz0); umgeworfen s18@P+40; Flugweite s18:+0; Griff -; bewegt ab P+28
ablauf,sja_fen_a30_t70,P=30; Aktionen P-23:0x0->0x2 P-21:0x2->0x4 P+1:0x4->0x8 P+27:0x8->0x0; Treffer -; umgeworfen -; Flugweite -; Griff -; bewegt ab P+28
ablauf,sja_fen_a34_t46,P=34; Aktionen P-27:0x0->0x2 P-25:0x2->0x4 P+1:0x4->0x8 P+23:0x8->0x0; Treffer -; umgeworfen -; Flugweite -; Griff -; bewegt ab P+24
ablauf,sja_fen_a34_t47,P=34; Aktionen P-27:0x0->0x2 P-25:0x2->0x4 P+1:0x4->0x8 P+30:0x8->0x0; Treffer s18-13@P+13(dx76,dz0); umgeworfen s18@P+14; Flugweite s18:+9; Griff -; bewegt ab -
ablauf,sja_fen_a34_t48,P=34; Aktionen P-27:0x0->0x2 P-25:0x2->0x4 P+1:0x4->0x8 P+23:0x8->0x0; Treffer -; umgeworfen -; Flugweite -; Griff -; bewegt ab P+24
ablauf,sja_fen_a34_t53,P=34; Aktionen P-27:0x0->0x2 P-25:0x2->0x4 P+1:0x4->0x8 P+23:0x8->0x0; Treffer -; umgeworfen -; Flugweite -; Griff -; bewegt ab P+24
ablauf,sja_fen_a34_t54,P=34; Aktionen P-27:0x0->0x2 P-25:0x2->0x4 P+1:0x4->0x8 P+23:0x8->0x0; Treffer s18-13@P+20(dx78,dz0); umgeworfen s18@P+21; Flugweite s18:+7; Griff -; bewegt ab P+24
ablauf,sja_fen_a34_t72,P=34; Aktionen P-27:0x0->0x2 P-25:0x2->0x4 P+1:0x4->0x8 P+23:0x8->0x0; Treffer s18-13@P+38(dx78,dz0); umgeworfen s18@P+39; Flugweite s18:+0; Griff -; bewegt ab P+24
ablauf,sja_fen_a34_t73,P=34; Aktionen P-27:0x0->0x2 P-25:0x2->0x4 P+1:0x4->0x8 P+23:0x8->0x0; Treffer s18-13@P+39(dx78,dz0); umgeworfen s18@P+40; Flugweite s18:+0; Griff -; bewegt ab P+24
ablauf,sja_fen_a34_t74,P=34; Aktionen P-27:0x0->0x2 P-25:0x2->0x4 P+1:0x4->0x8 P+23:0x8->0x0; Treffer -; umgeworfen -; Flugweite -; Griff -; bewegt ab P+24
ablauf,sja_fen_kb_t49,P=30; Aktionen P-23:0x0->0x2 P-21:0x2->0x4 P+1:0x4->0x8 P+27:0x8->0x0; Treffer -; umgeworfen -; Flugweite -; Griff -; bewegt ab P+28
ablauf,sja_fen_kb_t50,P=30; Aktionen P-23:0x0->0x2 P-21:0x2->0x4 P+1:0x4->0x8 P+27:0x8->0x0; Treffer s17-13@P+20(dx78,dz0); umgeworfen s17@P+21; Flugweite s17:+10; Griff -; bewegt ab P+28
ablauf,sja_fen_kb_t69,P=30; Aktionen P-23:0x0->0x2 P-21:0x2->0x4 P+1:0x4->0x8 P+27:0x8->0x0; Treffer s17-13@P+39(dx80,dz0); umgeworfen s17@P+40; Flugweite s17:+0; Griff -; bewegt ab P+28
ablauf,sja_fen_kb_t70,P=30; Aktionen P-23:0x0->0x2 P-21:0x2->0x4 P+1:0x4->0x8 P+27:0x8->0x0; Treffer -; umgeworfen -; Flugweite -; Griff -; bewegt ab P+28
ablauf,sja_leer,P=28; Aktionen P-21:0x0->0x2 P-7:0x2->0x4 P+1:0x4->0x8 P+41:0x8->0x0; Treffer -; umgeworfen -; Flugweite -; Griff -; bewegt ab P+42
ablauf,sja_x_k_146,P=30; Aktionen P-23:0x0->0x2 P-21:0x2->0x4 P+1:0x4->0x8 P+27:0x8->0x0; Treffer s18-13@P+21(dx142,dz0); umgeworfen s18@P+22; Flugweite -; Griff -; bewegt ab P+28
ablauf,sja_x_k_148,P=30; Aktionen P-23:0x0->0x2 P-21:0x2->0x4 P+1:0x4->0x8 P+27:0x8->0x0; Treffer s18-13@P+21(dx144,dz0); umgeworfen s18@P+22; Flugweite -; Griff -; bewegt ab P+28
ablauf,sja_x_k_150,P=30; Aktionen P-23:0x0->0x2 P-21:0x2->0x4 P+1:0x4->0x8 P+27:0x8->0x0; Treffer s18-13@P+21(dx146,dz0); umgeworfen s18@P+22; Flugweite -; Griff -; bewegt ab P+28
ablauf,sja_x_k_152,P=30; Aktionen P-23:0x0->0x2 P-21:0x2->0x4 P+1:0x4->0x8 P+27:0x8->0x0; Treffer -; umgeworfen -; Flugweite -; Griff -; bewegt ab P+28
ablauf,sja_x_k_154,P=30; Aktionen P-23:0x0->0x2 P-21:0x2->0x4 P+1:0x4->0x8 P+27:0x8->0x0; Treffer -; umgeworfen -; Flugweite -; Griff -; bewegt ab P+28
ablauf,sja_x_k_156,P=30; Aktionen P-23:0x0->0x2 P-21:0x2->0x4 P+1:0x4->0x8 P+27:0x8->0x0; Treffer -; umgeworfen -; Flugweite -; Griff -; bewegt ab P+28
ablauf,sja_x_k_36,P=30; Aktionen P-23:0x0->0x2 P-21:0x2->0x4 P+1:0x4->0x8 P+27:0x8->0x0; Treffer -; umgeworfen -; Flugweite -; Griff -; bewegt ab P+28
ablauf,sja_x_k_38,P=30; Aktionen P-23:0x0->0x2 P-21:0x2->0x4 P+1:0x4->0x8 P+27:0x8->0x0; Treffer -; umgeworfen -; Flugweite -; Griff -; bewegt ab P+28
ablauf,sja_x_k_40,P=30; Aktionen P-23:0x0->0x2 P-21:0x2->0x4 P+1:0x4->0x8 P+27:0x8->0x0; Treffer -; umgeworfen -; Flugweite -; Griff -; bewegt ab P+28
ablauf,sja_x_k_42,P=30; Aktionen P-23:0x0->0x2 P-21:0x2->0x4 P+1:0x4->0x8 P+27:0x8->0x0; Treffer s18-13@P+21(dx38,dz0); umgeworfen s18@P+22; Flugweite -; Griff -; bewegt ab P+28
ablauf,sja_x_k_44,P=30; Aktionen P-23:0x0->0x2 P-21:0x2->0x4 P+1:0x4->0x8 P+27:0x8->0x0; Treffer s18-13@P+21(dx40,dz0); umgeworfen s18@P+22; Flugweite -; Griff -; bewegt ab P+28
ablauf,sja_x_k_46,P=30; Aktionen P-23:0x0->0x2 P-21:0x2->0x4 P+1:0x4->0x8 P+27:0x8->0x0; Treffer s18-13@P+21(dx42,dz0); umgeworfen s18@P+22; Flugweite -; Griff -; bewegt ab P+28
ablauf,sja_x_k_m10,P=30; Aktionen P-23:0x0->0x2 P-21:0x2->0x4 P+1:0x4->0x8 P+27:0x8->0x0; Treffer -; umgeworfen -; Flugweite -; Griff -; bewegt ab P+28
ablauf,sja_x_k_m30,P=30; Aktionen P-23:0x0->0x2 P-21:0x2->0x4 P+1:0x4->0x8 P+27:0x8->0x0; Treffer -; umgeworfen -; Flugweite -; Griff -; bewegt ab P+28
ablauf,sja_x_kb_146,P=30; Aktionen P-23:0x0->0x2 P-21:0x2->0x4 P+1:0x4->0x8 P+27:0x8->0x0; Treffer s17-13@P+21(dx143,dz0); umgeworfen s17@P+22; Flugweite -; Griff -; bewegt ab P+28
ablauf,sja_x_kb_148,P=30; Aktionen P-23:0x0->0x2 P-21:0x2->0x4 P+1:0x4->0x8 P+27:0x8->0x0; Treffer s17-13@P+21(dx145,dz0); umgeworfen s17@P+22; Flugweite -; Griff -; bewegt ab P+28
ablauf,sja_x_kb_150,P=30; Aktionen P-23:0x0->0x2 P-21:0x2->0x4 P+1:0x4->0x8 P+27:0x8->0x0; Treffer s17-13@P+21(dx147,dz0); umgeworfen s17@P+22; Flugweite -; Griff -; bewegt ab P+28
ablauf,sja_x_kb_152,P=30; Aktionen P-23:0x0->0x2 P-21:0x2->0x4 P+1:0x4->0x8 P+27:0x8->0x0; Treffer -; umgeworfen -; Flugweite -; Griff -; bewegt ab P+28
ablauf,sja_x_kb_154,P=30; Aktionen P-23:0x0->0x2 P-21:0x2->0x4 P+1:0x4->0x8 P+27:0x8->0x0; Treffer -; umgeworfen -; Flugweite -; Griff -; bewegt ab P+28
ablauf,sja_x_kb_38,P=30; Aktionen P-23:0x0->0x2 P-21:0x2->0x4 P+1:0x4->0x8 P+27:0x8->0x0; Treffer -; umgeworfen -; Flugweite -; Griff -; bewegt ab P+28
ablauf,sja_x_kb_40,P=30; Aktionen P-23:0x0->0x2 P-21:0x2->0x4 P+1:0x4->0x8 P+27:0x8->0x0; Treffer -; umgeworfen -; Flugweite -; Griff -; bewegt ab P+28
ablauf,sja_x_kb_42,P=30; Aktionen P-23:0x0->0x2 P-21:0x2->0x4 P+1:0x4->0x8 P+27:0x8->0x0; Treffer s17-13@P+21(dx39,dz0); umgeworfen s17@P+22; Flugweite -; Griff -; bewegt ab P+28
ablauf,sja_x_kb_44,P=30; Aktionen P-23:0x0->0x2 P-21:0x2->0x4 P+1:0x4->0x8 P+27:0x8->0x0; Treffer s17-13@P+21(dx41,dz0); umgeworfen s17@P+22; Flugweite -; Griff -; bewegt ab P+28
ablauf,sja_z_k_11,P=30; Aktionen P-23:0x0->0x2 P-21:0x2->0x4 P+1:0x4->0x8 P+27:0x8->0x0; Treffer s18-13@P+21(dx76,dz11); umgeworfen s18@P+22; Flugweite -; Griff -; bewegt ab P+28
ablauf,sja_z_k_12,P=30; Aktionen P-23:0x0->0x2 P-21:0x2->0x4 P+1:0x4->0x8 P+27:0x8->0x0; Treffer s18-13@P+21(dx76,dz12); umgeworfen s18@P+22; Flugweite -; Griff -; bewegt ab P+28
ablauf,sja_z_k_13,P=30; Aktionen P-23:0x0->0x2 P-21:0x2->0x4 P+1:0x4->0x8 P+27:0x8->0x0; Treffer -; umgeworfen -; Flugweite -; Griff -; bewegt ab P+28
ablauf,sja_z_k_14,P=30; Aktionen P-23:0x0->0x2 P-21:0x2->0x4 P+1:0x4->0x8 P+27:0x8->0x0; Treffer -; umgeworfen -; Flugweite -; Griff -; bewegt ab P+28
ablauf,sja_z_k_16,P=30; Aktionen P-23:0x0->0x2 P-21:0x2->0x4 P+1:0x4->0x8 P+27:0x8->0x0; Treffer -; umgeworfen -; Flugweite -; Griff -; bewegt ab P+28
ablauf,sja_z_k_m11,P=30; Aktionen P-23:0x0->0x2 P-21:0x2->0x4 P+1:0x4->0x8 P+27:0x8->0x0; Treffer s18-13@P+21(dx76,dz-11); umgeworfen s18@P+22; Flugweite -; Griff -; bewegt ab P+28
ablauf,sja_z_k_m12,P=30; Aktionen P-23:0x0->0x2 P-21:0x2->0x4 P+1:0x4->0x8 P+27:0x8->0x0; Treffer s18-13@P+21(dx76,dz-12); umgeworfen s18@P+22; Flugweite -; Griff -; bewegt ab P+28
ablauf,sja_z_k_m13,P=30; Aktionen P-23:0x0->0x2 P-21:0x2->0x4 P+1:0x4->0x8 P+27:0x8->0x0; Treffer -; umgeworfen -; Flugweite -; Griff -; bewegt ab P+28
ablauf,sja_z_k_m14,P=30; Aktionen P-23:0x0->0x2 P-21:0x2->0x4 P+1:0x4->0x8 P+27:0x8->0x0; Treffer -; umgeworfen -; Flugweite -; Griff -; bewegt ab P+28
ablauf,sja_z_k_m16,P=30; Aktionen P-23:0x0->0x2 P-21:0x2->0x4 P+1:0x4->0x8 P+27:0x8->0x0; Treffer -; umgeworfen -; Flugweite -; Griff -; bewegt ab P+28
ablauf,sp_spezial,P=20; Aktionen P-13:0x0->0x2 P+1:0x2->0x14 P+51:0x14->0x0; Treffer -; umgeworfen -; Flugweite -; Griff -; bewegt ab -
reichweite_dx,sa_x_k_hinten,Frame P+5: Treffer bis |dx| 26, kein Treffer ab |dx| 4
reichweite_dx,sa_x_k_vorn,Frame P+5: Treffer bis |dx| 104, kein Treffer ab |dx| 106
reichweite_dx,sa_x_kb_hinten,Frame P+5: Treffer bis |dx| 25, kein Treffer ab |dx| 27
reichweite_dx,sa_x_kb_vorn,Frame P+5: Treffer bis |dx| 105, kein Treffer ab |dx| 107
reichweite_dx,sja_x_k_hinten,Frame P+21: Treffer bis |dx| None, kein Treffer ab |dx| 14
reichweite_dx,sja_x_k_vorn,Frame P+21: Treffer bis |dx| 146, kein Treffer ab |dx| 32
reichweite_dx,sja_x_kb_vorn,Frame P+21: Treffer bis |dx| 147, kein Treffer ab |dx| 35
reichweite_dz,sa_z_k_hinten,Frame P+5: Treffer bis |dz| 12, kein Treffer ab |dz| 13
reichweite_dz,sa_z_k_vorn,Frame P+5: Treffer bis |dz| 12, kein Treffer ab |dz| 13
reichweite_dz,sa_z_kb_hinten,Frame P+5: Treffer bis |dz| 12, kein Treffer ab |dz| None
reichweite_dz,sa_z_kb_vorn,Frame P+5: Treffer bis |dz| 12, kein Treffer ab |dz| 13
reichweite_dz,sja_z_k_hinten,Frame P+21: Treffer bis |dz| 12, kein Treffer ab |dz| 13
reichweite_dz,sja_z_k_vorn,Frame P+21: Treffer bis |dz| 12, kein Treffer ab |dz| 13
aktive_frames,sa_fen_k,A+3(h0):- A+4(h0):- A+5(h0):Treffer A+6(h0):Treffer A+7(h0):Treffer A+8(h0):Treffer A+9(h0):Treffer A+10(h0):Treffer A+11(h0):Treffer A+12(h0):Treffer A+13(h0):Treffer A+14(h0):Treffer A+15(h0):- A+16(h0):-
aktive_frames,sa_fen_kb,A+4(h0):- A+5(h0):Treffer A+14(h0):Treffer A+15(h0):- A+16(h0):-
aktive_frames,sja_fen_a14,A+13(h50):- A+31(h24):- A+32(h20):Treffer A+36(h2):Treffer A+39(h0):Treffer A+40(h0):-
aktive_frames,sja_fen_a30,A+12(h34):- A+13(h31):- A+14(h27):- A+19(h7):- A+20(h2):Treffer A+21(h0):Treffer A+39(h0):Treffer A+40(h0):-
aktive_frames,sja_fen_a34,A+12(h20):- A+13(h16):Treffer A+14(h12):- A+19(h0):- A+20(h0):Treffer A+38(h0):Treffer A+39(h0):Treffer A+40(h0):-
aktive_frames,sja_fen_kb,A+19(h7):- A+20(h2):Treffer A+39(h0):Treffer A+40(h0):-
# Geschwindigkeit je Abschnitt (messen_a5.py sprint --tempo)
lauf,von,bis,frames,p_aktion,vx,vz,vh,eingabe,x_ende,z_ende,h_ende
sprint_d3_rut_l18,2,2,1,0x0,+0,+0,+0,R,320,304,0.25
sprint_d3_rut_l18,3,3,1,0x0,+1.75,+0,+0,R,321.75,304,0.25
sprint_d3_rut_l18,4,4,1,0x0,+1.75,+0,+0,-,323.5,304,0.25
sprint_d3_rut_l18,5,5,1,0x0,+0,+0,+0,-,323.5,304,0.25
sprint_d3_rut_l18,6,6,1,0x0,+0,+0,+0,R,323.5,304,0.25
sprint_d3_rut_l18,7,7,1,0x2,+1.75,+0,+0,R,325.25,304,0.25
sprint_d3_rut_l18,8,12,5,0x2,+3.875,+0,+0,R,344.625,304,0.25
sprint_d3_rut_l18,13,18,6,0x2,+3.75,+0,+0,R,367.125,304,0.25
sprint_d3_rut_l18,19,19,1,0x2,+3.625,+0,+0,-,370.75,304,0.25
sprint_d3_rut_l18,20,20,1,0x0,+0,+0,+0,A,370.75,304,0.25
sprint_d3_rut_l18,21,21,1,0x10,+0,+0,+0,A,370.75,304,0.25
sprint_d3_rut_l18,22,36,15,0x10,+0,+0,+0,-,370.75,304,0.25
sprint_d3_rut_l18,37,80,44,0x0,+0,+0,+0,-,370.75,304,0.25
sprint_d3_rut_l19,2,2,1,0x0,+0,+0,+0,R,320,304,0.25
sprint_d3_rut_l19,3,3,1,0x0,+1.75,+0,+0,R,321.75,304,0.25
sprint_d3_rut_l19,4,4,1,0x0,+1.75,+0,+0,-,323.5,304,0.25
sprint_d3_rut_l19,5,5,1,0x0,+0,+0,+0,-,323.5,304,0.25
sprint_d3_rut_l19,6,6,1,0x0,+0,+0,+0,R,323.5,304,0.25
sprint_d3_rut_l19,7,7,1,0x2,+1.75,+0,+0,R,325.25,304,0.25
sprint_d3_rut_l19,8,12,5,0x2,+3.875,+0,+0,R,344.625,304,0.25
sprint_d3_rut_l19,13,18,6,0x2,+3.75,+0,+0,R,367.125,304,0.25
sprint_d3_rut_l19,19,19,1,0x2,+3.625,+0,+0,R,370.75,304,0.25
sprint_d3_rut_l19,20,20,1,0x2,+3.625,+0,+0,A,374.375,304,0.25
sprint_d3_rut_l19,21,21,1,0x6,+0,+0,+0,A,374.375,304,0.25
sprint_d3_rut_l19,22,55,34,0x6,+0,+0,+0,-,374.375,304,0.25
sprint_d3_rut_l19,56,80,25,0x0,+0,+0,+0,-,374.375,304,0.25
sprint_d3_rut_l20,2,2,1,0x0,+0,+0,+0,R,320,304,0.25
sprint_d3_rut_l20,3,3,1,0x0,+1.75,+0,+0,R,321.75,304,0.25
sprint_d3_rut_l20,4,4,1,0x0,+1.75,+0,+0,-,323.5,304,0.25
sprint_d3_rut_l20,5,5,1,0x0,+0,+0,+0,-,323.5,304,0.25
sprint_d3_rut_l20,6,6,1,0x0,+0,+0,+0,R,323.5,304,0.25
sprint_d3_rut_l20,7,7,1,0x2,+1.75,+0,+0,R,325.25,304,0.25
sprint_d3_rut_l20,8,12,5,0x2,+3.875,+0,+0,R,344.625,304,0.25
sprint_d3_rut_l20,13,18,6,0x2,+3.75,+0,+0,R,367.125,304,0.25
sprint_d3_rut_l20,19,19,1,0x2,+3.625,+0,+0,R,370.75,304,0.25
sprint_d3_rut_l20,20,20,1,0x2,+3.625,+0,+0,A+R,374.375,304,0.25
sprint_d3_rut_l20,21,21,1,0x6,+0,+0,+0,A,374.375,304,0.25
sprint_d3_rut_l20,22,22,1,0x6,+3.625,+0,+0,-,378,304,0.25
sprint_d3_rut_l20,23,23,1,0x6,+3.46875,+0,+0,-,381.469,304,0.25
sprint_d3_rut_l20,24,24,1,0x6,+3.3125,+0,+0,-,384.781,304,0.25
sprint_d3_rut_l20,25,25,1,0x6,+3.15625,+0,+0,-,387.938,304,0.25
sprint_d3_rut_l20,26,26,1,0x6,+3,+0,+0,-,390.938,304,0.25
sprint_d3_rut_l20,27,27,1,0x6,+2.84375,+0,+0,-,393.781,304,0.25
sprint_d3_rut_l20,28,28,1,0x6,+2.6875,+0,+0,-,396.469,304,0.25
sprint_d3_rut_l20,29,29,1,0x6,+2.53125,+0,+0,-,399,304,0.25
sprint_d3_rut_l20,30,30,1,0x6,+2.375,+0,+0,-,401.375,304,0.25
sprint_d3_rut_l20,31,31,1,0x6,+2.21875,+0,+0,-,403.594,304,0.25
sprint_d3_rut_l20,32,32,1,0x6,+2.0625,+0,+0,-,405.656,304,0.25
sprint_d3_rut_l20,33,33,1,0x6,+1.90625,+0,+0,-,407.562,304,0.25
sprint_d3_rut_l20,34,34,1,0x6,+1.75,+0,+0,-,409.312,304,0.25
sprint_d3_rut_l20,35,35,1,0x6,+1.59375,+0,+0,-,410.906,304,0.25
sprint_d3_rut_l20,36,36,1,0x6,+1.4375,+0,+0,-,412.344,304,0.25
sprint_d3_rut_l20,37,37,1,0x6,+1.28125,+0,+0,-,413.625,304,0.25
sprint_d3_rut_l20,38,38,1,0x6,+1.125,+0,+0,-,414.75,304,0.25
sprint_d3_rut_l20,39,39,1,0x6,+0.96875,+0,+0,-,415.719,304,0.25
sprint_d3_rut_l20,40,40,1,0x6,+0.8125,+0,+0,-,416.531,304,0.25
sprint_d3_rut_l20,41,41,1,0x6,+0.65625,+0,+0,-,417.188,304,0.25
sprint_d3_rut_l20,42,42,1,0x6,+0.5,+0,+0,-,417.688,304,0.25
sprint_d3_rut_l20,43,43,1,0x6,+0.34375,+0,+0,-,418.031,304,0.25
sprint_d3_rut_l20,44,44,1,0x6,+0.1875,+0,+0,-,418.219,304,0.25
sprint_d3_rut_l20,45,45,1,0x6,+0.03125,+0,+0,-,418.25,304,0.25
sprint_d3_rut_l20,46,55,10,0x6,+0,+0,+0,-,418.25,304,0.25
sprint_d3_rut_l20,56,80,25,0x0,+0,+0,+0,-,418.25,304,0.25
sprint_d3_rut_l21,2,2,1,0x0,+0,+0,+0,R,320,304,0.25
sprint_d3_rut_l21,3,3,1,0x0,+1.75,+0,+0,R,321.75,304,0.25
sprint_d3_rut_l21,4,4,1,0x0,+1.75,+0,+0,-,323.5,304,0.25
sprint_d3_rut_l21,5,5,1,0x0,+0,+0,+0,-,323.5,304,0.25
sprint_d3_rut_l21,6,6,1,0x0,+0,+0,+0,R,323.5,304,0.25
sprint_d3_rut_l21,7,7,1,0x2,+1.75,+0,+0,R,325.25,304,0.25
sprint_d3_rut_l21,8,12,5,0x2,+3.875,+0,+0,R,344.625,304,0.25
sprint_d3_rut_l21,13,18,6,0x2,+3.75,+0,+0,R,367.125,304,0.25
sprint_d3_rut_l21,19,19,1,0x2,+3.625,+0,+0,R,370.75,304,0.25
sprint_d3_rut_l21,20,20,1,0x2,+3.625,+0,+0,A+R,374.375,304,0.25
sprint_d3_rut_l21,21,21,1,0x6,+0,+0,+0,A+R,374.375,304,0.25
sprint_d3_rut_l21,22,22,1,0x6,+3.625,+0,+0,-,378,304,0.25
sprint_d3_rut_l21,23,23,1,0x6,+3.46875,+0,+0,-,381.469,304,0.25
sprint_d3_rut_l21,24,24,1,0x6,+3.3125,+0,+0,-,384.781,304,0.25
sprint_d3_rut_l21,25,25,1,0x6,+3.15625,+0,+0,-,387.938,304,0.25
sprint_d3_rut_l21,26,26,1,0x6,+3,+0,+0,-,390.938,304,0.25
sprint_d3_rut_l21,27,27,1,0x6,+2.84375,+0,+0,-,393.781,304,0.25
sprint_d3_rut_l21,28,28,1,0x6,+2.6875,+0,+0,-,396.469,304,0.25
sprint_d3_rut_l21,29,29,1,0x6,+2.53125,+0,+0,-,399,304,0.25
sprint_d3_rut_l21,30,30,1,0x6,+2.375,+0,+0,-,401.375,304,0.25
sprint_d3_rut_l21,31,31,1,0x6,+2.21875,+0,+0,-,403.594,304,0.25
sprint_d3_rut_l21,32,32,1,0x6,+2.0625,+0,+0,-,405.656,304,0.25
sprint_d3_rut_l21,33,33,1,0x6,+1.90625,+0,+0,-,407.562,304,0.25
sprint_d3_rut_l21,34,34,1,0x6,+1.75,+0,+0,-,409.312,304,0.25
sprint_d3_rut_l21,35,35,1,0x6,+1.59375,+0,+0,-,410.906,304,0.25
sprint_d3_rut_l21,36,36,1,0x6,+1.4375,+0,+0,-,412.344,304,0.25
sprint_d3_rut_l21,37,37,1,0x6,+1.28125,+0,+0,-,413.625,304,0.25
sprint_d3_rut_l21,38,38,1,0x6,+1.125,+0,+0,-,414.75,304,0.25
sprint_d3_rut_l21,39,39,1,0x6,+0.96875,+0,+0,-,415.719,304,0.25
sprint_d3_rut_l21,40,40,1,0x6,+0.8125,+0,+0,-,416.531,304,0.25
sprint_d3_rut_l21,41,41,1,0x6,+0.65625,+0,+0,-,417.188,304,0.25
sprint_d3_rut_l21,42,42,1,0x6,+0.5,+0,+0,-,417.688,304,0.25
sprint_d3_rut_l21,43,43,1,0x6,+0.34375,+0,+0,-,418.031,304,0.25
sprint_d3_rut_l21,44,44,1,0x6,+0.1875,+0,+0,-,418.219,304,0.25
sprint_d3_rut_l21,45,45,1,0x6,+0.03125,+0,+0,-,418.25,304,0.25
sprint_d3_rut_l21,46,55,10,0x6,+0,+0,+0,-,418.25,304,0.25
sprint_d3_rut_l21,56,80,25,0x0,+0,+0,+0,-,418.25,304,0.25
sprint_d3_sj_norm_s1,2,29,28,0x0,+0,+0,+0,-,320,304,0.25
sprint_d3_sj_norm_s1,30,30,1,0x0,+0,+0,+0,J+R,320,304,0.25
sprint_d3_sj_norm_s1,31,31,1,0xa,+0,+0,+0,J+R,320,304,0.25
sprint_d3_sj_norm_s1,32,32,1,0xa,+2.25,+0,+4.9375,-,322.25,304,5.1875
sprint_d3_sj_norm_s1,33,33,1,0xa,+2.25,+0,+4.6875,-,324.5,304,9.875
sprint_d3_sj_norm_s1,34,34,1,0xa,+2.25,+0,+4.4375,-,326.75,304,14.3125
sprint_d3_sj_norm_s1,35,35,1,0xa,+2.25,+0,+4.1875,-,329,304,18.5
sprint_d3_sj_norm_s1,36,36,1,0xa,+2.25,+0,+3.9375,-,331.25,304,22.4375
sprint_d3_sj_norm_s1,37,37,1,0xa,+2.25,+0,+3.6875,-,333.5,304,26.125
sprint_d3_sj_norm_s1,38,38,1,0xa,+2.25,+0,+3.4375,-,335.75,304,29.5625
sprint_d3_sj_norm_s1,39,39,1,0xa,+2.25,+0,+3.1875,-,338,304,32.75
sprint_d3_sj_norm_s1,40,40,1,0xa,+2.25,+0,+2.9375,-,340.25,304,35.6875
sprint_d3_sj_norm_s1,41,41,1,0xa,+2.25,+0,+2.6875,-,342.5,304,38.375
sprint_d3_sj_norm_s1,42,42,1,0xa,+2.25,+0,+2.4375,-,344.75,304,40.8125
sprint_d3_sj_norm_s1,43,43,1,0xa,+2.25,+0,+2.1875,-,347,304,43
sprint_d3_sj_norm_s1,44,44,1,0xa,+2.25,+0,+1.9375,-,349.25,304,44.9375
sprint_d3_sj_norm_s1,45,45,1,0xa,+2.25,+0,+1.6875,-,351.5,304,46.625
sprint_d3_sj_norm_s1,46,46,1,0xa,+2.25,+0,+1.4375,-,353.75,304,48.0625
sprint_d3_sj_norm_s1,47,47,1,0xa,+2.25,+0,+1.1875,-,356,304,49.25
sprint_d3_sj_norm_s1,48,48,1,0xa,+2.25,+0,+0.9375,-,358.25,304,50.1875
sprint_d3_sj_norm_s1,49,49,1,0xa,+2.25,+0,+0.6875,-,360.5,304,50.875
sprint_d3_sj_norm_s1,50,50,1,0xa,+2.25,+0,+0.4375,-,362.75,304,51.3125
sprint_d3_sj_norm_s1,51,51,1,0xa,+2.25,+0,+0.1875,-,365,304,51.5
sprint_d3_sj_norm_s1,52,52,1,0xa,+2.25,+0,-0.0625,-,367.25,304,51.4375
sprint_d3_sj_norm_s1,53,53,1,0xa,+2.25,+0,-0.3125,-,369.5,304,51.125
sprint_d3_sj_norm_s1,54,54,1,0xa,+2.25,+0,-0.5625,-,371.75,304,50.5625
sprint_d3_sj_norm_s1,55,55,1,0xa,+2.25,+0,-0.8125,-,374,304,49.75
sprint_d3_sj_norm_s1,56,56,1,0xa,+2.25,+0,-1.0625,-,376.25,304,48.6875
sprint_d3_sj_norm_s1,57,57,1,0xa,+2.25,+0,-1.3125,-,378.5,304,47.375
sprint_d3_sj_norm_s1,58,58,1,0xa,+2.25,+0,-1.5625,-,380.75,304,45.8125
sprint_d3_sj_norm_s1,59,59,1,0xa,+2.25,+0,-1.8125,-,383,304,44
sprint_d3_sj_norm_s1,60,60,1,0xa,+2.25,+0,-2.0625,-,385.25,304,41.9375
sprint_d3_sj_norm_s1,61,61,1,0xa,+2.25,+0,-2.3125,-,387.5,304,39.625
sprint_d3_sj_norm_s1,62,62,1,0xa,+2.25,+0,-2.5625,-,389.75,304,37.0625
sprint_d3_sj_norm_s1,63,63,1,0xa,+2.25,+0,-2.8125,-,392,304,34.25
sprint_d3_sj_norm_s1,64,64,1,0xa,+2.25,+0,-3.0625,-,394.25,304,31.1875
sprint_d3_sj_norm_s1,65,65,1,0xa,+2.25,+0,-3.3125,-,396.5,304,27.875
sprint_d3_sj_norm_s1,66,66,1,0xa,+2.25,+0,-3.5625,-,398.75,304,24.3125
sprint_d3_sj_norm_s1,67,67,1,0xa,+2.25,+0,-3.8125,-,401,304,20.5
sprint_d3_sj_norm_s1,68,68,1,0xa,+2.25,+0,-4.0625,-,403.25,304,16.4375
sprint_d3_sj_norm_s1,69,69,1,0xa,+2.25,+0,-4.3125,-,405.5,304,12.125
sprint_d3_sj_norm_s1,70,70,1,0xa,+2.25,+0,-4.5625,-,407.75,304,7.5625
sprint_d3_sj_norm_s1,71,71,1,0xa,+2.25,+0,-4.8125,-,410,304,2.75
sprint_d3_sj_norm_s1,72,72,1,0xa,+2.25,+0,-2.0625,-,412.25,304,0.6875
sprint_d3_sj_norm_s1,73,77,5,0xa,+0,+0,+0,-,412.25,304,0.6875
sprint_d3_sj_norm_s1,78,90,13,0x0,+0,+0,+0,-,412.25,304,0.6875
sprint_d3_sj_s1,2,2,1,0x0,+0,+0,+0,R,320,304,0.25
sprint_d3_sj_s1,3,3,1,0x0,+1.75,+0,+0,R,321.75,304,0.25
sprint_d3_sj_s1,4,4,1,0x0,+1.75,+0,+0,-,323.5,304,0.25
sprint_d3_sj_s1,5,5,1,0x0,+0,+0,+0,-,323.5,304,0.25
sprint_d3_sj_s1,6,6,1,0x0,+0,+0,+0,R,323.5,304,0.25
sprint_d3_sj_s1,7,7,1,0x2,+1.75,+0,+0,R,325.25,304,0.25
sprint_d3_sj_s1,8,12,5,0x2,+3.875,+0,+0,R,344.625,304,0.25
sprint_d3_sj_s1,13,18,6,0x2,+3.75,+0,+0,R,367.125,304,0.25
sprint_d3_sj_s1,19,24,6,0x2,+3.625,+0,+0,R,388.875,304,0.25
sprint_d3_sj_s1,25,29,5,0x2,+3.5,+0,+0,R,406.375,304,0.25
sprint_d3_sj_s1,30,30,1,0x2,+3.5,+0,+0,J+R,409.875,304,0.25
sprint_d3_sj_s1,31,31,1,0x4,+0,+0,+0,J+R,409.875,304,0.25
sprint_d3_sj_s1,32,32,1,0x4,+2.25,+0,+4.9375,R,412.125,304,5.1875
sprint_d3_sj_s1,33,33,1,0x4,+2.25,+0,+4.6875,R,414.375,304,9.875
sprint_d3_sj_s1,34,34,1,0x4,+2.25,+0,+4.4375,R,416.625,304,14.3125
sprint_d3_sj_s1,35,35,1,0x4,+2.25,+0,+4.1875,R,418.875,304,18.5
sprint_d3_sj_s1,36,36,1,0x4,+2.25,+0,+3.9375,R,421.125,304,22.4375
sprint_d3_sj_s1,37,37,1,0x4,+2.25,+0,+3.6875,R,423.375,304,26.125
sprint_d3_sj_s1,38,38,1,0x4,+2.25,+0,+3.4375,R,425.625,304,29.5625
sprint_d3_sj_s1,39,39,1,0x4,+2.25,+0,+3.1875,R,427.875,304,32.75
sprint_d3_sj_s1,40,40,1,0x4,+2.25,+0,+2.9375,R,430.125,304,35.6875
sprint_d3_sj_s1,41,41,1,0x4,+2.25,+0,+2.6875,R,432.375,304,38.375
sprint_d3_sj_s1,42,42,1,0x4,+2.25,+0,+2.4375,R,434.625,304,40.8125
sprint_d3_sj_s1,43,43,1,0x4,+2.25,+0,+2.1875,R,436.875,304,43
sprint_d3_sj_s1,44,44,1,0x4,+2.25,+0,+1.9375,R,439.125,304,44.9375
sprint_d3_sj_s1,45,45,1,0x4,+2.25,+0,+1.6875,R,441.375,304,46.625
sprint_d3_sj_s1,46,46,1,0x4,+2.25,+0,+1.4375,R,443.625,304,48.0625
sprint_d3_sj_s1,47,47,1,0x4,+2.25,+0,+1.1875,R,445.875,304,49.25
sprint_d3_sj_s1,48,48,1,0x4,+2.25,+0,+0.9375,R,448.125,304,50.1875
sprint_d3_sj_s1,49,49,1,0x4,+2.25,+0,+0.6875,R,450.375,304,50.875
sprint_d3_sj_s1,50,50,1,0x4,+2.25,+0,+0.4375,R,452.625,304,51.3125
sprint_d3_sj_s1,51,51,1,0x4,+2.25,+0,+0.1875,R,454.875,304,51.5
sprint_d3_sj_s1,52,52,1,0x4,+2.25,+0,-0.0625,R,457.125,304,51.4375
sprint_d3_sj_s1,53,53,1,0x4,+2.25,+0,-0.3125,R,459.375,304,51.125
sprint_d3_sj_s1,54,54,1,0x4,+2.25,+0,-0.5625,R,461.625,304,50.5625
sprint_d3_sj_s1,55,55,1,0x4,+2.25,+0,-0.8125,R,463.875,304,49.75
sprint_d3_sj_s1,56,56,1,0x4,+2.25,+0,-1.0625,R,466.125,304,48.6875
sprint_d3_sj_s1,57,57,1,0x4,+2.25,+0,-1.3125,R,468.375,304,47.375
sprint_d3_sj_s1,58,58,1,0x4,+2.25,+0,-1.5625,R,470.625,304,45.8125
sprint_d3_sj_s1,59,59,1,0x4,+2.25,+0,-1.8125,R,472.875,304,44
sprint_d3_sj_s1,60,60,1,0x4,+2.25,+0,-2.0625,R,475.125,304,41.9375
sprint_d3_sj_s1,61,61,1,0x4,+2.25,+0,-2.3125,R,477.375,304,39.625
sprint_d3_sj_s1,62,62,1,0x4,+2.25,+0,-2.5625,R,479.625,304,37.0625
sprint_d3_sj_s1,63,63,1,0x4,+2.25,+0,-2.8125,R,481.875,304,34.25
sprint_d3_sj_s1,64,64,1,0x4,+2.25,+0,-3.0625,R,484.125,304,31.1875
sprint_d3_sj_s1,65,65,1,0x4,+2.25,+0,-3.3125,R,486.375,304,27.875
sprint_d3_sj_s1,66,66,1,0x4,+2.25,+0,-3.5625,R,488.625,304,24.3125
sprint_d3_sj_s1,67,67,1,0x4,+2.25,+0,-3.8125,R,490.875,304,20.5
sprint_d3_sj_s1,68,68,1,0x4,+2.25,+0,-4.0625,R,493.125,304,16.4375
sprint_d3_sj_s1,69,69,1,0x4,+2.25,+0,-4.3125,R,495.375,304,12.125
sprint_d3_sj_s1,70,70,1,0x4,+2.25,+0,-4.5625,R,497.625,304,7.5625
sprint_d3_sj_s1,71,71,1,0x4,+2.25,+0,-4.8125,R,499.875,304,2.75
sprint_d3_sj_s1,72,72,1,0x4,+2.25,+0,-2.0625,R,502.125,304,0.6875
sprint_d3_sj_s1,73,77,5,0x4,+0,+0,+0,R,502.125,304,0.6875
sprint_d3_sj_s1,78,78,1,0x0,+0,+0,+0,R,502.125,304,0.6875
sprint_d3_sj_s1,79,80,2,0x0,+1.75,+0,+0,R,505.625,304,0.6875
sprint_d3_sj_s1,81,81,1,0x0,+1.75,+0,+0,-,507.375,304,0.6875
sprint_d3_sj_s1,82,90,9,0x0,+0,+0,+0,-,507.375,304,0.6875
sprint_d3_tief_a,2,2,1,0x0,+0,+0,+0,H,320,304,0.25
sprint_d3_tief_a,3,3,1,0x0,+0,+1,+0,H,320,305,0.25
sprint_d3_tief_a,4,4,1,0x0,+0,+1,+0,-,320,306,0.25
sprint_d3_tief_a,5,5,1,0x0,+0,+0,+0,-,320,306,0.25
sprint_d3_tief_a,6,6,1,0x0,+0,+0,+0,H,320,306,0.25
sprint_d3_tief_a,7,7,1,0x2,+0,+1,+0,H,320,307,0.25
sprint_d3_tief_a,8,12,5,0x2,+0,+2.42188,+0,H,320,319.109,0.25
sprint_d3_tief_a,13,18,6,0x2,+0,+2.34375,+0,H,320,333.172,0.25
sprint_d3_tief_a,19,21,3,0x2,+0,+2.26562,+0,H,320,339.969,0.25
sprint_d3_tief_a,22,22,1,0x2,+0,+1.26562,+0,H,320,341.234,0.25
sprint_d3_tief_a,23,24,2,0x2,+0,+0.265625,+0,H,320,341.766,0.25
sprint_d3_tief_a,25,25,1,0x2,+0,+0.1875,+0,H,320,341.953,0.25
sprint_d3_tief_a,26,26,1,0x2,+0,-0.8125,+0,H,320,341.141,0.25
sprint_d3_tief_a,27,30,4,0x2,+0,+0.1875,+0,H,320,341.891,0.25
sprint_d3_tief_a,31,31,1,0x2,+0,-0.890625,+0,H,320,341,0.25
sprint_d3_tief_a,32,36,5,0x2,+0,+0.109375,+0,H,320,341.547,0.25
sprint_d3_tief_a,37,42,6,0x2,+0,+0.03125,+0,H,320,341.734,0.25
sprint_d3_tief_a,43,48,6,0x2,+0,-0.046875,+0,H,320,341.453,0.25
sprint_d3_tief_a,49,51,3,0x2,+0,-0.125,+0,H,320,341.078,0.25
sprint_d3_tief_a,52,52,1,0x2,+0,+0.875,+0,H,320,341.953,0.25
sprint_d3_tief_a,53,54,2,0x2,+0,-0.125,+0,H,320,341.703,0.25
sprint_d3_tief_a,55,57,3,0x2,+0,-0.203125,+0,H,320,341.094,0.25
sprint_d3_tief_a,58,58,1,0x2,+0,+0.796875,+0,H,320,341.891,0.25
sprint_d3_tief_a,59,60,2,0x2,+0,-0.203125,+0,H,320,341.484,0.25
sprint_d3_tief_a,61,61,1,0x2,+0,-0.28125,+0,H,320,341.203,0.25
sprint_d3_tief_a,62,62,1,0x2,+0,+0.71875,+0,H,320,341.922,0.25
sprint_d3_tief_a,63,65,3,0x2,+0,-0.28125,+0,H,320,341.078,0.25
sprint_d3_tief_a,66,66,1,0x2,+0,+0.71875,+0,H,320,341.797,0.25
sprint_d3_tief_a,67,68,2,0x2,+0,-0.359375,+0,H,320,341.078,0.25
sprint_d3_tief_a,69,69,1,0x2,+0,+0.640625,+0,H,320,341.719,0.25
sprint_d3_tief_a,70,71,2,0x2,+0,-0.359375,+0,H,320,341,0.25
sprint_d3_tief_a,72,72,1,0x2,+0,+0.640625,+0,H,320,341.641,0.25
sprint_d3_tief_a,73,73,1,0x2,+0,-0.4375,+0,H,320,341.203,0.25
sprint_d3_tief_a,74,74,1,0x2,+0,+0.5625,+0,H,320,341.766,0.25
sprint_d3_tief_a,75,75,1,0x2,+0,-0.4375,+0,H,320,341.328,0.25
sprint_d3_tief_a,76,76,1,0x2,+0,+0.5625,+0,H,320,341.891,0.25
sprint_d3_tief_a,77,78,2,0x2,+0,-0.4375,+0,H,320,341.016,0.25
sprint_d3_tief_a,79,80,2,0x2,+0,+0.484375,+0,H,320,341.984,0.25
sprint_d3_tief_a,81,81,1,0x2,+0,-0.515625,+0,H,320,341.469,0.25
sprint_d3_tief_a,82,82,1,0x2,+0,+0.484375,+0,H,320,341.953,0.25
sprint_d3_tief_a,83,83,1,0x2,+0,-0.515625,+0,H,320,341.438,0.25
sprint_d3_tief_a,84,84,1,0x2,+0,+0.484375,+0,H,320,341.922,0.25
sprint_d3_tief_a,85,85,1,0x2,+0,-0.59375,+0,H,320,341.328,0.25
sprint_d3_tief_a,86,86,1,0x2,+0,+0.40625,+0,H,320,341.734,0.25
sprint_d3_tief_a,87,87,1,0x2,+0,-0.59375,+0,H,320,341.141,0.25
sprint_d3_tief_a,88,89,2,0x2,+0,+0.40625,+0,H,320,341.953,0.25
sprint_d3_tief_a,90,90,1,0x2,+0,-0.59375,+0,H,320,341.359,0.25
sprint_d3_tief_a,91,91,1,0x2,+0,+0.328125,+0,H,320,341.688,0.25
sprint_d3_tief_a,92,92,1,0x2,+0,-0.671875,+0,H,320,341.016,0.25
sprint_d3_tief_a,93,94,2,0x2,+0,+0.328125,+0,H,320,341.672,0.25
sprint_d3_tief_a,95,95,1,0x2,+0,-0.671875,+0,H,320,341,0.25
sprint_d3_tief_a,96,96,1,0x2,+0,+0.328125,+0,H,320,341.328,0.25
sprint_d3_tief_a,97,120,24,0x0,+0,+0,+0,H,320,341.328,0.25
sprint_d3_tief_b,2,2,1,0x0,+0,+0,+0,U,818.75,320,0.25
sprint_d3_tief_b,3,3,1,0x0,+0,-1,+0,U,818.75,319,0.25
sprint_d3_tief_b,4,4,1,0x0,+0,-1,+0,-,818.75,318,0.25
sprint_d3_tief_b,5,5,1,0x0,+0,+0,+0,-,818.75,318,0.25
sprint_d3_tief_b,6,6,1,0x0,+0,+0,+0,U,818.75,318,0.25
sprint_d3_tief_b,7,7,1,0x2,+0,-1,+0,U,818.75,317,0.25
sprint_d3_tief_b,8,12,5,0x2,+0,-2.42188,+0,U,818.75,304.891,0.25
sprint_d3_tief_b,13,18,6,0x2,+0,-2.34375,+0,U,818.75,290.828,0.25
sprint_d3_tief_b,19,24,6,0x2,+0,-2.26562,+0,U,818.75,277.234,0.25
sprint_d3_tief_b,25,29,5,0x2,+0,-2.1875,+0,U,818.75,266.297,0.25
sprint_d3_tief_b,30,30,1,0x2,+0,-0.296875,+0,U,818.75,266,0.25
sprint_d3_tief_b,31,96,66,0x2,+0,+0,+0,U,818.75,266,0.25
sprint_d3_tief_b,97,120,24,0x0,+0,+0,+0,U,818.75,266,0.25
sprint_ew_d1_g2,2,2,1,0x0,+0,+0,+0,R,320,304,0.25
sprint_ew_d1_g2,3,3,1,0x0,+1.75,+0,+0,-,321.75,304,0.25
sprint_ew_d1_g2,4,4,1,0x0,+0,+0,+0,-,321.75,304,0.25
sprint_ew_d1_g2,5,5,1,0x0,+0,+0,+0,R,321.75,304,0.25
sprint_ew_d1_g2,6,6,1,0x2,+1.75,+0,+0,R,323.5,304,0.25
sprint_ew_d1_g2,7,11,5,0x2,+3.875,+0,+0,R,342.875,304,0.25
sprint_ew_d1_g2,12,17,6,0x2,+3.75,+0,+0,R,365.375,304,0.25
sprint_ew_d1_g2,18,23,6,0x2,+3.625,+0,+0,R,387.125,304,0.25
sprint_ew_d1_g2,24,29,6,0x2,+3.5,+0,+0,R,408.125,304,0.25
sprint_ew_d1_g2,30,35,6,0x2,+3.375,+0,+0,R,428.375,304,0.25
sprint_ew_d1_g2,36,41,6,0x2,+3.25,+0,+0,R,447.875,304,0.25
sprint_ew_d1_g2,42,43,2,0x2,+3.125,+0,+0,R,454.125,304,0.25
sprint_ew_d1_g11,2,2,1,0x0,+0,+0,+0,R,320,304,0.25
sprint_ew_d1_g11,3,3,1,0x0,+1.75,+0,+0,-,321.75,304,0.25
sprint_ew_d1_g11,4,13,10,0x0,+0,+0,+0,-,321.75,304,0.25
sprint_ew_d1_g11,14,14,1,0x0,+0,+0,+0,R,321.75,304,0.25
sprint_ew_d1_g11,15,52,38,0x0,+1.75,+0,+0,R,388.25,304,0.25
sprint_ew_d2_g1,2,2,1,0x0,+0,+0,+0,R,320,304,0.25
sprint_ew_d2_g1,3,3,1,0x0,+1.75,+0,+0,R,321.75,304,0.25
sprint_ew_d2_g1,4,4,1,0x0,+1.75,+0,+0,-,323.5,304,0.25
sprint_ew_d2_g1,5,5,1,0x0,+0,+0,+0,R,323.5,304,0.25
sprint_ew_d2_g1,6,6,1,0x2,+1.75,+0,+0,R,325.25,304,0.25
sprint_ew_d2_g1,7,11,5,0x2,+3.875,+0,+0,R,344.625,304,0.25
sprint_ew_d2_g1,12,17,6,0x2,+3.75,+0,+0,R,367.125,304,0.25
sprint_ew_d2_g1,18,23,6,0x2,+3.625,+0,+0,R,388.875,304,0.25
sprint_ew_d2_g1,24,29,6,0x2,+3.5,+0,+0,R,409.875,304,0.25
sprint_ew_d2_g1,30,35,6,0x2,+3.375,+0,+0,R,430.125,304,0.25
sprint_ew_d2_g1,36,41,6,0x2,+3.25,+0,+0,R,449.625,304,0.25
sprint_ew_d2_g1,42,43,2,0x2,+3.125,+0,+0,R,455.875,304,0.25
sprint_ew_d2_g10,2,2,1,0x0,+0,+0,+0,R,320,304,0.25
sprint_ew_d2_g10,3,3,1,0x0,+1.75,+0,+0,R,321.75,304,0.25
sprint_ew_d2_g10,4,4,1,0x0,+1.75,+0,+0,-,323.5,304,0.25
sprint_ew_d2_g10,5,13,9,0x0,+0,+0,+0,-,323.5,304,0.25
sprint_ew_d2_g10,14,14,1,0x0,+0,+0,+0,R,323.5,304,0.25
sprint_ew_d2_g10,15,15,1,0x2,+1.75,+0,+0,R,325.25,304,0.25
sprint_ew_d2_g10,16,20,5,0x2,+3.875,+0,+0,R,344.625,304,0.25
sprint_ew_d2_g10,21,26,6,0x2,+3.75,+0,+0,R,367.125,304,0.25
sprint_ew_d2_g10,27,32,6,0x2,+3.625,+0,+0,R,388.875,304,0.25
sprint_ew_d2_g10,33,38,6,0x2,+3.5,+0,+0,R,409.875,304,0.25
sprint_ew_d2_g10,39,44,6,0x2,+3.375,+0,+0,R,430.125,304,0.25
sprint_ew_d2_g10,45,50,6,0x2,+3.25,+0,+0,R,449.625,304,0.25
sprint_ew_d2_g10,51,52,2,0x2,+3.125,+0,+0,R,455.875,304,0.25
sprint_ew_d2_g11,2,2,1,0x0,+0,+0,+0,R,320,304,0.25
sprint_ew_d2_g11,3,3,1,0x0,+1.75,+0,+0,R,321.75,304,0.25
sprint_ew_d2_g11,4,4,1,0x0,+1.75,+0,+0,-,323.5,304,0.25
sprint_ew_d2_g11,5,14,10,0x0,+0,+0,+0,-,323.5,304,0.25
sprint_ew_d2_g11,15,15,1,0x0,+0,+0,+0,R,323.5,304,0.25
sprint_ew_d2_g11,16,53,38,0x0,+1.75,+0,+0,R,390,304,0.25
sprint_ew_d8_g5,2,2,1,0x0,+0,+0,+0,R,320,304,0.25
sprint_ew_d8_g5,3,9,7,0x0,+1.75,+0,+0,R,332.25,304,0.25
sprint_ew_d8_g5,10,10,1,0x0,+1.75,+0,+0,-,334,304,0.25
sprint_ew_d8_g5,11,14,4,0x0,+0,+0,+0,-,334,304,0.25
sprint_ew_d8_g5,15,15,1,0x0,+0,+0,+0,R,334,304,0.25
sprint_ew_d8_g5,16,16,1,0x2,+1.75,+0,+0,R,335.75,304,0.25
sprint_ew_d8_g5,17,21,5,0x2,+3.875,+0,+0,R,355.125,304,0.25
sprint_ew_d8_g5,22,27,6,0x2,+3.75,+0,+0,R,377.625,304,0.25
sprint_ew_d8_g5,28,33,6,0x2,+3.625,+0,+0,R,399.375,304,0.25
sprint_ew_d8_g5,34,39,6,0x2,+3.5,+0,+0,R,420.375,304,0.25
sprint_ew_d8_g5,40,45,6,0x2,+3.375,+0,+0,R,440.625,304,0.25
sprint_ew_d8_g5,46,51,6,0x2,+3.25,+0,+0,R,460.125,304,0.25
sprint_ew_d8_g5,52,53,2,0x2,+3.125,+0,+0,R,466.375,304,0.25
sprint_ew_d10_g2,2,2,1,0x0,+0,+0,+0,R,320,304,0.25
sprint_ew_d10_g2,3,11,9,0x0,+1.75,+0,+0,R,335.75,304,0.25
sprint_ew_d10_g2,12,12,1,0x0,+1.75,+0,+0,-,337.5,304,0.25
sprint_ew_d10_g2,13,13,1,0x0,+0,+0,+0,-,337.5,304,0.25
sprint_ew_d10_g2,14,14,1,0x0,+0,+0,+0,R,337.5,304,0.25
sprint_ew_d10_g2,15,15,1,0x2,+1.75,+0,+0,R,339.25,304,0.25
sprint_ew_d10_g2,16,20,5,0x2,+3.875,+0,+0,R,358.625,304,0.25
sprint_ew_d10_g2,21,26,6,0x2,+3.75,+0,+0,R,381.125,304,0.25
sprint_ew_d10_g2,27,32,6,0x2,+3.625,+0,+0,R,402.875,304,0.25
sprint_ew_d10_g2,33,38,6,0x2,+3.5,+0,+0,R,423.875,304,0.25
sprint_ew_d10_g2,39,44,6,0x2,+3.375,+0,+0,R,444.125,304,0.25
sprint_ew_d10_g2,45,50,6,0x2,+3.25,+0,+0,R,463.625,304,0.25
sprint_ew_d10_g2,51,52,2,0x2,+3.125,+0,+0,R,469.875,304,0.25
sprint_ew_d10_g10,2,2,1,0x0,+0,+0,+0,R,320,304,0.25
sprint_ew_d10_g10,3,11,9,0x0,+1.75,+0,+0,R,335.75,304,0.25
sprint_ew_d10_g10,12,12,1,0x0,+1.75,+0,+0,-,337.5,304,0.25
sprint_ew_d10_g10,13,21,9,0x0,+0,+0,+0,-,337.5,304,0.25
sprint_ew_d10_g10,22,22,1,0x0,+0,+0,+0,R,337.5,304,0.25
sprint_ew_d10_g10,23,23,1,0x2,+1.75,+0,+0,R,339.25,304,0.25
sprint_ew_d10_g10,24,28,5,0x2,+3.875,+0,+0,R,358.625,304,0.25
sprint_ew_d10_g10,29,34,6,0x2,+3.75,+0,+0,R,381.125,304,0.25
sprint_ew_d10_g10,35,40,6,0x2,+3.625,+0,+0,R,402.875,304,0.25
sprint_ew_d10_g10,41,46,6,0x2,+3.5,+0,+0,R,423.875,304,0.25
sprint_ew_d10_g10,47,52,6,0x2,+3.375,+0,+0,R,444.125,304,0.25
sprint_ew_d10_g10,53,58,6,0x2,+3.25,+0,+0,R,463.625,304,0.25
sprint_ew_d10_g10,59,60,2,0x2,+3.125,+0,+0,R,469.875,304,0.25
sprint_ew_d11_g1,2,2,1,0x0,+0,+0,+0,R,320,304,0.25
sprint_ew_d11_g1,3,12,10,0x0,+1.75,+0,+0,R,337.5,304,0.25
sprint_ew_d11_g1,13,13,1,0x0,+1.75,+0,+0,-,339.25,304,0.25
sprint_ew_d11_g1,14,14,1,0x0,+0,+0,+0,R,339.25,304,0.25
sprint_ew_d11_g1,15,52,38,0x0,+1.75,+0,+0,R,405.75,304,0.25
sprint_ew_d11_g2,2,2,1,0x0,+0,+0,+0,R,320,304,0.25
sprint_ew_d11_g2,3,12,10,0x0,+1.75,+0,+0,R,337.5,304,0.25
sprint_ew_d11_g2,13,13,1,0x0,+1.75,+0,+0,-,339.25,304,0.25
sprint_ew_d11_g2,14,14,1,0x0,+0,+0,+0,-,339.25,304,0.25
sprint_ew_d11_g2,15,15,1,0x0,+0,+0,+0,R,339.25,304,0.25
sprint_ew_d11_g2,16,53,38,0x0,+1.75,+0,+0,R,405.75,304,0.25
sprint_ew_h1,2,2,1,0x0,+0,+0,+0,R,320,304,0.25
sprint_ew_h1,3,3,1,0x0,+1.75,+0,+0,R,321.75,304,0.25
sprint_ew_h1,4,4,1,0x0,+1.75,+0,+0,-,323.5,304,0.25
sprint_ew_h1,5,5,1,0x0,+0,+0,+0,-,323.5,304,0.25
sprint_ew_h1,6,6,1,0x0,+0,+0,+0,R,323.5,304,0.25
sprint_ew_h1,7,7,1,0x2,+1.75,+0,+0,-,325.25,304,0.25
sprint_ew_h1,8,40,33,0x0,+0,+0,+0,-,325.25,304,0.25
sprint_ew_h2,2,2,1,0x0,+0,+0,+0,R,320,304,0.25
sprint_ew_h2,3,3,1,0x0,+1.75,+0,+0,R,321.75,304,0.25
sprint_ew_h2,4,4,1,0x0,+1.75,+0,+0,-,323.5,304,0.25
sprint_ew_h2,5,5,1,0x0,+0,+0,+0,-,323.5,304,0.25
sprint_ew_h2,6,6,1,0x0,+0,+0,+0,R,323.5,304,0.25
sprint_ew_h2,7,7,1,0x2,+1.75,+0,+0,R,325.25,304,0.25
sprint_ew_h2,8,8,1,0x2,+3.875,+0,+0,-,329.125,304,0.25
sprint_ew_h2,9,40,32,0x0,+0,+0,+0,-,329.125,304,0.25
sprint_ew_h5,2,2,1,0x0,+0,+0,+0,R,320,304,0.25
sprint_ew_h5,3,3,1,0x0,+1.75,+0,+0,R,321.75,304,0.25
sprint_ew_h5,4,4,1,0x0,+1.75,+0,+0,-,323.5,304,0.25
sprint_ew_h5,5,5,1,0x0,+0,+0,+0,-,323.5,304,0.25
sprint_ew_h5,6,6,1,0x0,+0,+0,+0,R,323.5,304,0.25
sprint_ew_h5,7,7,1,0x2,+1.75,+0,+0,R,325.25,304,0.25
sprint_ew_h5,8,10,3,0x2,+3.875,+0,+0,R,336.875,304,0.25
sprint_ew_h5,11,11,1,0x2,+3.875,+0,+0,-,340.75,304,0.25
sprint_ew_h5,12,40,29,0x0,+0,+0,+0,-,340.75,304,0.25
sprint_ew_h20,2,2,1,0x0,+0,+0,+0,R,320,304,0.25
sprint_ew_h20,3,3,1,0x0,+1.75,+0,+0,R,321.75,304,0.25
sprint_ew_h20,4,4,1,0x0,+1.75,+0,+0,-,323.5,304,0.25
sprint_ew_h20,5,5,1,0x0,+0,+0,+0,-,323.5,304,0.25
sprint_ew_h20,6,6,1,0x0,+0,+0,+0,R,323.5,304,0.25
sprint_ew_h20,7,7,1,0x2,+1.75,+0,+0,R,325.25,304,0.25
sprint_ew_h20,8,12,5,0x2,+3.875,+0,+0,R,344.625,304,0.25
sprint_ew_h20,13,18,6,0x2,+3.75,+0,+0,R,367.125,304,0.25
sprint_ew_h20,19,24,6,0x2,+3.625,+0,+0,R,388.875,304,0.25
sprint_ew_h20,25,25,1,0x2,+3.5,+0,+0,R,392.375,304,0.25
sprint_ew_h20,26,26,1,0x2,+3.5,+0,+0,-,395.875,304,0.25
sprint_ew_h20,27,40,14,0x0,+0,+0,+0,-,395.875,304,0.25
sprint_ew_l_d2_g10,2,9,8,0x0,+0,+0,+0,-,530,320,0.25
sprint_ew_l_d2_g10,10,10,1,0x0,+0,+0,+0,L,530,320,0.25
sprint_ew_l_d2_g10,11,11,1,0x0,-1.75,+0,+0,L,528.25,320,0.25
sprint_ew_l_d2_g10,12,12,1,0x0,-1.75,+0,+0,-,526.5,320,0.25
sprint_ew_l_d2_g10,13,21,9,0x0,+0,+0,+0,-,526.5,320,0.25
sprint_ew_l_d2_g10,22,22,1,0x0,+0,+0,+0,L,526.5,320,0.25
sprint_ew_l_d2_g10,23,23,1,0x2,-1.75,+0,+0,L,524.75,320,0.25
sprint_ew_l_d2_g10,24,28,5,0x2,-3.875,+0,+0,L,505.375,320,0.25
sprint_ew_l_d2_g10,29,34,6,0x2,-3.75,+0,+0,L,482.875,320,0.25
sprint_ew_l_d2_g10,35,40,6,0x2,-3.625,+0,+0,L,461.125,320,0.25
sprint_ew_l_d2_g10,41,46,6,0x2,-3.5,+0,+0,L,440.125,320,0.25
sprint_ew_l_d2_g10,47,52,6,0x2,-3.375,+0,+0,L,419.875,320,0.25
sprint_ew_l_d2_g10,53,58,6,0x2,-3.25,+0,+0,L,400.375,320,0.25
sprint_ew_l_d2_g10,59,62,4,0x2,-3.125,+0,+0,L,387.875,320,0.25
sprint_ew_l_d2_g11,2,9,8,0x0,+0,+0,+0,-,530,320,0.25
sprint_ew_l_d2_g11,10,10,1,0x0,+0,+0,+0,L,530,320,0.25
sprint_ew_l_d2_g11,11,11,1,0x0,-1.75,+0,+0,L,528.25,320,0.25
sprint_ew_l_d2_g11,12,12,1,0x0,-1.75,+0,+0,-,526.5,320,0.25
sprint_ew_l_d2_g11,13,22,10,0x0,+0,+0,+0,-,526.5,320,0.25
sprint_ew_l_d2_g11,23,23,1,0x0,+0,+0,+0,L,526.5,320,0.25
sprint_ew_l_d2_g11,24,63,40,0x0,-1.75,+0,+0,L,456.5,320,0.25
sprint_ew_l_d10_g2,2,9,8,0x0,+0,+0,+0,-,530,320,0.25
sprint_ew_l_d10_g2,10,10,1,0x0,+0,+0,+0,L,530,320,0.25
sprint_ew_l_d10_g2,11,19,9,0x0,-1.75,+0,+0,L,514.25,320,0.25
sprint_ew_l_d10_g2,20,20,1,0x0,-1.75,+0,+0,-,512.5,320,0.25
sprint_ew_l_d10_g2,21,21,1,0x0,+0,+0,+0,-,512.5,320,0.25
sprint_ew_l_d10_g2,22,22,1,0x0,+0,+0,+0,L,512.5,320,0.25
sprint_ew_l_d10_g2,23,23,1,0x2,-1.75,+0,+0,L,510.75,320,0.25
sprint_ew_l_d10_g2,24,28,5,0x2,-3.875,+0,+0,L,491.375,320,0.25
sprint_ew_l_d10_g2,29,34,6,0x2,-3.75,+0,+0,L,468.875,320,0.25
sprint_ew_l_d10_g2,35,40,6,0x2,-3.625,+0,+0,L,447.125,320,0.25
sprint_ew_l_d10_g2,41,46,6,0x2,-3.5,+0,+0,L,426.125,320,0.25
sprint_ew_l_d10_g2,47,52,6,0x2,-3.375,+0,+0,L,405.875,320,0.25
sprint_ew_l_d10_g2,53,58,6,0x2,-3.25,+0,+0,L,386.375,320,0.25
sprint_ew_l_d10_g2,59,62,4,0x2,-3.125,+0,+0,L,373.875,320,0.25
sprint_ew_l_d11_g2,2,9,8,0x0,+0,+0,+0,-,530,320,0.25
sprint_ew_l_d11_g2,10,10,1,0x0,+0,+0,+0,L,530,320,0.25
sprint_ew_l_d11_g2,11,20,10,0x0,-1.75,+0,+0,L,512.5,320,0.25
sprint_ew_l_d11_g2,21,21,1,0x0,-1.75,+0,+0,-,510.75,320,0.25
sprint_ew_l_d11_g2,22,22,1,0x0,+0,+0,+0,-,510.75,320,0.25
sprint_ew_l_d11_g2,23,23,1,0x0,+0,+0,+0,L,510.75,320,0.25
sprint_ew_l_d11_g2,24,63,40,0x0,-1.75,+0,+0,L,440.75,320,0.25
sprint_ew_misch,2,2,1,0x0,+0,+0,+0,R,320,304,0.25
sprint_ew_misch,3,3,1,0x0,+1.75,+0,+0,R,321.75,304,0.25
sprint_ew_misch,4,4,1,0x0,+1.75,+0,+0,-,323.5,304,0.25
sprint_ew_misch,5,5,1,0x0,+0,+0,+0,-,323.5,304,0.25
sprint_ew_misch,6,6,1,0x0,+0,+0,+0,H+R,323.5,304,0.25
sprint_ew_misch,7,56,50,0x0,+1.25,+0.75,+0,H+R,386,341.5,0.25
sprint_ew_misch,57,58,2,0x0,+1.25,-0.25,+0,H+R,388.5,341,0.25
sprint_ew_misch,59,59,1,0x0,+1.25,+0.75,+0,H+R,389.75,341.75,0.25
sprint_ew_misch,60,60,1,0x0,+1.25,-0.25,+0,H+R,391,341.5,0.25
sprint_ri_h,2,2,1,0x0,+0,+0,+0,U,320,304,0.25
sprint_ri_h,3,40,38,0x0,+0,-1,+0,U,320,266,0.25
sprint_ri_h,41,44,4,0x0,+0,+0,+0,-,320,266,0.25
sprint_ri_h,45,45,1,0x0,+0,+0,+0,H,320,266,0.25
sprint_ri_h,46,46,1,0x0,+0,+1,+0,H,320,267,0.25
sprint_ri_h,47,47,1,0x0,+0,+1,+0,-,320,268,0.25
sprint_ri_h,48,48,1,0x0,+0,+0,+0,-,320,268,0.25
sprint_ri_h,49,49,1,0x0,+0,+0,+0,H,320,268,0.25
sprint_ri_h,50,50,1,0x2,+0,+1,+0,H,320,269,0.25
sprint_ri_h,51,55,5,0x2,+0,+2.42188,+0,H,320,281.109,0.25
sprint_ri_h,56,61,6,0x2,+0,+2.34375,+0,H,320,295.172,0.25
sprint_ri_h,62,67,6,0x2,+0,+2.26562,+0,H,320,308.766,0.25
sprint_ri_h,68,73,6,0x2,+0,+2.1875,+0,H,320,321.891,0.25
sprint_ri_h,74,79,6,0x2,+0,+2.10938,+0,H,320,334.547,0.25
sprint_ri_h,80,82,3,0x2,+0,+2.03125,+0,H,320,340.641,0.25
sprint_ri_h,83,83,1,0x2,+0,+1.03125,+0,H,320,341.672,0.25
sprint_ri_h,84,85,2,0x2,+0,+0.03125,+0,H,320,341.734,0.25
sprint_ri_h,86,91,6,0x2,+0,-0.046875,+0,H,320,341.453,0.25
sprint_ri_h,92,94,3,0x2,+0,-0.125,+0,H,320,341.078,0.25
sprint_ri_h,95,95,1,0x2,+0,+0.875,+0,H,320,341.953,0.25
sprint_ri_h,96,97,2,0x2,+0,-0.125,+0,H,320,341.703,0.25
sprint_ri_h,98,100,3,0x2,+0,-0.203125,+0,H,320,341.094,0.25
sprint_ri_h,101,101,1,0x2,+0,+0.796875,+0,H,320,341.891,0.25
sprint_ri_h,102,103,2,0x2,+0,-0.203125,+0,H,320,341.484,0.25
sprint_ri_h,104,104,1,0x2,+0,-0.28125,+0,H,320,341.203,0.25
sprint_ri_h,105,105,1,0x2,+0,+0.71875,+0,H,320,341.922,0.25
sprint_ri_h,106,108,3,0x2,+0,-0.28125,+0,H,320,341.078,0.25
sprint_ri_h,109,109,1,0x2,+0,+0.71875,+0,H,320,341.797,0.25
sprint_ri_h,110,110,1,0x2,+0,-0.359375,+0,H,320,341.438,0.25
sprint_ri_l,2,2,1,0x0,+0,+0,+0,L,530,320,0.25
sprint_ri_l,3,3,1,0x0,-1.75,+0,+0,L,528.25,320,0.25
sprint_ri_l,4,4,1,0x0,-1.75,+0,+0,-,526.5,320,0.25
sprint_ri_l,5,5,1,0x0,+0,+0,+0,-,526.5,320,0.25
sprint_ri_l,6,6,1,0x0,+0,+0,+0,L,526.5,320,0.25
sprint_ri_l,7,7,1,0x2,-1.75,+0,+0,L,524.75,320,0.25
sprint_ri_l,8,12,5,0x2,-3.875,+0,+0,L,505.375,320,0.25
sprint_ri_l,13,18,6,0x2,-3.75,+0,+0,L,482.875,320,0.25
sprint_ri_l,19,24,6,0x2,-3.625,+0,+0,L,461.125,320,0.25
sprint_ri_l,25,30,6,0x2,-3.5,+0,+0,L,440.125,320,0.25
sprint_ri_l,31,36,6,0x2,-3.375,+0,+0,L,419.875,320,0.25
sprint_ri_l,37,42,6,0x2,-3.25,+0,+0,L,400.375,320,0.25
sprint_ri_l,43,48,6,0x2,-3.125,+0,+0,L,381.625,320,0.25
sprint_ri_l,49,54,6,0x2,-3,+0,+0,L,363.625,320,0.25
sprint_ri_l,55,57,3,0x2,-2.875,+0,+0,L,355,320,0.25
sprint_ri_l,58,58,1,0x2,-1,+0,+0,L,354,320,0.25
sprint_ri_l,59,70,12,0x2,+0,+0,+0,L,354,320,0.25
sprint_ri_lh,2,2,1,0x0,+0,+0,+0,U,530,320,0.25
sprint_ri_lh,3,30,28,0x0,+0,-1,+0,U,530,292,0.25
sprint_ri_lh,31,31,1,0x0,+0,-1,+0,-,530,291,0.25
sprint_ri_lh,32,34,3,0x0,+0,+0,+0,-,530,291,0.25
sprint_ri_lh,35,35,1,0x0,+0,+0,+0,H+L,530,291,0.25
sprint_ri_lh,36,36,1,0x0,-1.25,+0.75,+0,H+L,528.75,291.75,0.25
sprint_ri_lh,37,37,1,0x0,-1.25,+0.75,+0,-,527.5,292.5,0.25
sprint_ri_lh,38,38,1,0x0,+0,+0,+0,-,527.5,292.5,0.25
sprint_ri_lh,39,39,1,0x0,+0,+0,+0,H+L,527.5,292.5,0.25
sprint_ri_lh,40,40,1,0x2,-1.25,+0.75,+0,H+L,526.25,293.25,0.25
sprint_ri_lh,41,45,5,0x2,-2.90625,+1.75586,+0,H+L,511.719,302.029,0.25
sprint_ri_lh,46,51,6,0x2,-2.8125,+1.69922,+0,H+L,494.844,312.225,0.25
sprint_ri_lh,52,57,6,0x2,-2.71875,+1.64258,+0,H+L,478.531,322.08,0.25
sprint_ri_lh,58,63,6,0x2,-2.625,+1.58594,+0,H+L,462.781,331.596,0.25
sprint_ri_lh,64,69,6,0x2,-2.53125,+1.5293,+0,H+L,447.594,340.771,0.25
sprint_ri_lh,70,71,2,0x2,-2.4375,+0.472656,+0,H+L,442.719,341.717,0.25
sprint_ri_lh,72,72,1,0x2,-2.4375,-0.527344,+0,H+L,440.281,341.189,0.25
sprint_ri_lh,73,73,1,0x2,-2.4375,+0.472656,+0,H+L,437.844,341.662,0.25
sprint_ri_lh,74,74,1,0x2,-2.4375,-0.527344,+0,H+L,435.406,341.135,0.25
sprint_ri_lh,75,75,1,0x2,-2.4375,+0.472656,+0,H+L,432.969,341.607,0.25
sprint_ri_lh,76,76,1,0x2,-2.34375,-0.583984,+0,H+L,430.625,341.023,0.25
sprint_ri_lh,77,78,2,0x2,-2.34375,+0.416016,+0,H+L,425.938,341.855,0.25
sprint_ri_lh,79,79,1,0x2,-2.34375,-0.583984,+0,H+L,423.594,341.271,0.25
sprint_ri_lh,80,80,1,0x2,-2.34375,+0.416016,+0,H+L,421.25,341.688,0.25
sprint_ri_lh,81,81,1,0x2,-2.34375,-0.583984,+0,H+L,418.906,341.104,0.25
sprint_ri_lh,82,83,2,0x2,-2.25,+0.359375,+0,H+L,414.406,341.822,0.25
sprint_ri_lh,84,84,1,0x2,-2.25,-0.640625,+0,H+L,412.156,341.182,0.25
sprint_ri_lh,85,86,2,0x2,-2.25,+0.359375,+0,H+L,407.656,341.9,0.25
sprint_ri_lh,87,87,1,0x2,-2.25,-0.640625,+0,H+L,405.406,341.26,0.25
sprint_ri_lh,88,89,2,0x2,-2.15625,+0.302734,+0,H+L,401.094,341.865,0.25
sprint_ri_lh,90,90,1,0x2,-2.15625,-0.697266,+0,H+L,398.938,341.168,0.25
sprint_ri_lu,2,2,1,0x0,+0,+0,+0,H,530,320,0.25
sprint_ri_lu,3,20,18,0x0,+0,+1,+0,H,530,338,0.25
sprint_ri_lu,21,21,1,0x0,+0,+1,+0,-,530,339,0.25
sprint_ri_lu,22,24,3,0x0,+0,+0,+0,-,530,339,0.25
sprint_ri_lu,25,25,1,0x0,+0,+0,+0,L+U,530,339,0.25
sprint_ri_lu,26,26,1,0x0,-1.25,-0.75,+0,L+U,528.75,338.25,0.25
sprint_ri_lu,27,27,1,0x0,-1.25,-0.75,+0,-,527.5,337.5,0.25
sprint_ri_lu,28,28,1,0x0,+0,+0,+0,-,527.5,337.5,0.25
sprint_ri_lu,29,29,1,0x0,+0,+0,+0,L+U,527.5,337.5,0.25
sprint_ri_lu,30,30,1,0x2,-1.25,-0.75,+0,L+U,526.25,336.75,0.25
sprint_ri_lu,31,35,5,0x2,-2.90625,-1.75586,+0,L+U,511.719,327.971,0.25
sprint_ri_lu,36,41,6,0x2,-2.8125,-1.69922,+0,L+U,494.844,317.775,0.25
sprint_ri_lu,42,47,6,0x2,-2.71875,-1.64258,+0,L+U,478.531,307.92,0.25
sprint_ri_lu,48,53,6,0x2,-2.625,-1.58594,+0,L+U,462.781,298.404,0.25
sprint_ri_lu,54,59,6,0x2,-2.53125,-1.5293,+0,L+U,447.594,289.229,0.25
sprint_ri_lu,60,65,6,0x2,-2.4375,-1.47266,+0,L+U,432.969,280.393,0.25
sprint_ri_lu,66,71,6,0x2,-2.34375,-1.41602,+0,L+U,418.906,271.896,0.25
sprint_ri_lu,72,75,4,0x2,-2.25,-1.35938,+0,L+U,409.906,266.459,0.25
sprint_ri_lu,76,76,1,0x2,-2.25,-0.458984,+0,L+U,407.656,266,0.25
sprint_ri_lu,77,77,1,0x2,-2.25,+0,+0,L+U,405.406,266,0.25
sprint_ri_lu,78,83,6,0x2,-2.15625,+0,+0,L+U,392.469,266,0.25
sprint_ri_lu,84,89,6,0x2,-2.0625,+0,+0,L+U,380.094,266,0.25
sprint_ri_lu,90,90,1,0x2,-1.96875,+0,+0,L+U,378.125,266,0.25
sprint_ri_r,2,2,1,0x0,+0,+0,+0,R,320,304,0.25
sprint_ri_r,3,3,1,0x0,+1.75,+0,+0,R,321.75,304,0.25
sprint_ri_r,4,4,1,0x0,+1.75,+0,+0,-,323.5,304,0.25
sprint_ri_r,5,5,1,0x0,+0,+0,+0,-,323.5,304,0.25
sprint_ri_r,6,6,1,0x0,+0,+0,+0,R,323.5,304,0.25
sprint_ri_r,7,7,1,0x2,+1.75,+0,+0,R,325.25,304,0.25
sprint_ri_r,8,12,5,0x2,+3.875,+0,+0,R,344.625,304,0.25
sprint_ri_r,13,18,6,0x2,+3.75,+0,+0,R,367.125,304,0.25
sprint_ri_r,19,24,6,0x2,+3.625,+0,+0,R,388.875,304,0.25
sprint_ri_r,25,30,6,0x2,+3.5,+0,+0,R,409.875,304,0.25
sprint_ri_r,31,36,6,0x2,+3.375,+0,+0,R,430.125,304,0.25
sprint_ri_r,37,42,6,0x2,+3.25,+0,+0,R,449.625,304,0.25
sprint_ri_r,43,48,6,0x2,+3.125,+0,+0,R,468.375,304,0.25
sprint_ri_r,49,54,6,0x2,+3,+0,+0,R,486.375,304,0.25
sprint_ri_r,55,60,6,0x2,+2.875,+0,+0,R,503.625,304,0.25
sprint_ri_r,61,66,6,0x2,+2.75,+0,+0,R,520.125,304,0.25
sprint_ri_r,67,72,6,0x2,+2.625,+0,+0,R,535.875,304,0.25
sprint_ri_r,73,78,6,0x2,+2.5,+0,+0,R,550.875,304,0.25
sprint_ri_r,79,84,6,0x2,+2.375,+0,+0,R,565.125,304,0.25
sprint_ri_r,85,90,6,0x2,+2.25,+0,+0,R,578.625,304,0.25
sprint_ri_r,91,96,6,0x2,+2.125,+0,+0,R,591.375,304,0.25
sprint_ri_r,97,97,1,0x0,+0,+0,+0,R,591.375,304,0.25
sprint_ri_r,98,110,13,0x0,+1.75,+0,+0,R,614.125,304,0.25
sprint_ri_rh,2,2,1,0x0,+0,+0,+0,U,320,304,0.25
sprint_ri_rh,3,40,38,0x0,+0,-1,+0,U,320,266,0.25
sprint_ri_rh,41,44,4,0x0,+0,+0,+0,-,320,266,0.25
sprint_ri_rh,45,45,1,0x0,+0,+0,+0,H+R,320,266,0.25
sprint_ri_rh,46,46,1,0x0,+1.25,+0.75,+0,H+R,321.25,266.75,0.25
sprint_ri_rh,47,47,1,0x0,+1.25,+0.75,+0,-,322.5,267.5,0.25
sprint_ri_rh,48,48,1,0x0,+0,+0,+0,-,322.5,267.5,0.25
sprint_ri_rh,49,49,1,0x0,+0,+0,+0,H+R,322.5,267.5,0.25
sprint_ri_rh,50,50,1,0x2,+1.25,+0.75,+0,H+R,323.75,268.25,0.25
sprint_ri_rh,51,55,5,0x2,+2.90625,+1.75586,+0,H+R,338.281,277.029,0.25
sprint_ri_rh,56,61,6,0x2,+4.8125,+1.69922,+0,H+R,367.156,287.225,0.25
sprint_ri_rh,62,67,6,0x2,+2.71875,+1.64258,+0,H+R,383.469,297.08,0.25
sprint_ri_rh,68,73,6,0x2,+2.625,+1.58594,+0,H+R,399.219,306.596,0.25
sprint_ri_rh,74,79,6,0x2,+2.53125,+1.5293,+0,H+R,414.406,315.771,0.25
sprint_ri_rh,80,85,6,0x2,+2.4375,+1.47266,+0,H+R,429.031,324.607,0.25
sprint_ri_rh,86,91,6,0x2,+2.34375,+1.41602,+0,H+R,443.094,333.104,0.25
sprint_ri_rh,92,97,6,0x2,+2.25,+1.35938,+0,H+R,456.594,341.26,0.25
sprint_ri_rh,98,99,2,0x2,+2.15625,+0.302734,+0,H+R,460.906,341.865,0.25
sprint_ri_rh,100,100,1,0x2,+2.15625,-0.697266,+0,H+R,463.062,341.168,0.25
sprint_ri_rh,101,102,2,0x2,+2.15625,+0.302734,+0,H+R,467.375,341.773,0.25
sprint_ri_rh,103,103,1,0x2,+2.15625,-0.697266,+0,H+R,469.531,341.076,0.25
sprint_ri_rh,104,106,3,0x2,+2.0625,+0.246094,+0,H+R,475.719,341.814,0.25
sprint_ri_rh,107,107,1,0x2,+2.0625,-0.753906,+0,H+R,477.781,341.061,0.25
sprint_ri_rh,108,109,2,0x2,+2.0625,+0.246094,+0,H+R,481.906,341.553,0.25
sprint_ri_rh,110,110,1,0x2,+1.96875,+0.189453,+0,H+R,483.875,341.742,0.25
sprint_ri_ru,2,2,1,0x0,+0,+0,+0,H,320,304,0.25
sprint_ri_ru,3,39,37,0x0,+0,+1,+0,H,320,341,0.25
sprint_ri_ru,40,40,1,0x0,+0,+0,+0,H,320,341,0.25
sprint_ri_ru,41,44,4,0x0,+0,+0,+0,-,320,341,0.25
sprint_ri_ru,45,45,1,0x0,+0,+0,+0,R+U,320,341,0.25
sprint_ri_ru,46,46,1,0x0,+1.25,-0.75,+0,R+U,321.25,340.25,0.25
sprint_ri_ru,47,47,1,0x0,+1.25,-0.75,+0,-,322.5,339.5,0.25
sprint_ri_ru,48,48,1,0x0,+0,+0,+0,-,322.5,339.5,0.25
sprint_ri_ru,49,49,1,0x0,+0,+0,+0,R+U,322.5,339.5,0.25
sprint_ri_ru,50,50,1,0x2,+1.25,-0.75,+0,R+U,323.75,338.75,0.25
sprint_ri_ru,51,55,5,0x2,+2.90625,-1.75586,+0,R+U,338.281,329.971,0.25
sprint_ri_ru,56,61,6,0x2,+4.8125,-1.69922,+0,R+U,367.156,319.775,0.25
sprint_ri_ru,62,67,6,0x2,+2.71875,-1.64258,+0,R+U,383.469,309.92,0.25
sprint_ri_ru,68,73,6,0x2,+2.625,-1.58594,+0,R+U,399.219,300.404,0.25
sprint_ri_ru,74,79,6,0x2,+2.53125,-1.5293,+0,R+U,414.406,291.229,0.25
sprint_ri_ru,80,85,6,0x2,+2.4375,-1.47266,+0,R+U,429.031,282.393,0.25
sprint_ri_ru,86,91,6,0x2,+2.34375,-1.41602,+0,R+U,443.094,273.896,0.25
sprint_ri_ru,92,96,5,0x2,+2.25,-1.35938,+0,R+U,454.344,267.1,0.25
sprint_ri_ru,97,97,1,0x2,+2.25,-1.09961,+0,R+U,456.594,266,0.25
sprint_ri_ru,98,103,6,0x2,+2.15625,+0,+0,R+U,469.531,266,0.25
sprint_ri_ru,104,109,6,0x2,+2.0625,+0,+0,R+U,481.906,266,0.25
sprint_ri_ru,110,110,1,0x2,+1.96875,+0,+0,R+U,483.875,266,0.25
sprint_ri_r_b,2,9,8,0x0,+0,+0,+0,-,320,304,0.25
sprint_ri_r_b,10,10,1,0x0,+0,+0,+0,R,320,304,0.25
sprint_ri_r_b,11,12,2,0x0,+1.75,+0,+0,R,323.5,304,0.25
sprint_ri_r_b,13,13,1,0x0,+1.75,+0,+0,-,325.25,304,0.25
sprint_ri_r_b,14,16,3,0x0,+0,+0,+0,-,325.25,304,0.25
sprint_ri_r_b,17,17,1,0x0,+0,+0,+0,R,325.25,304,0.25
sprint_ri_r_b,18,18,1,0x2,+1.75,+0,+0,R,327,304,0.25
sprint_ri_r_b,19,23,5,0x2,+3.875,+0,+0,R,346.375,304,0.25
sprint_ri_r_b,24,29,6,0x2,+3.75,+0,+0,R,368.875,304,0.25
sprint_ri_r_b,30,35,6,0x2,+3.625,+0,+0,R,390.625,304,0.25
sprint_ri_r_b,36,41,6,0x2,+3.5,+0,+0,R,411.625,304,0.25
sprint_ri_r_b,42,47,6,0x2,+3.375,+0,+0,R,431.875,304,0.25
sprint_ri_r_b,48,53,6,0x2,+3.25,+0,+0,R,451.375,304,0.25
sprint_ri_r_b,54,59,6,0x2,+3.125,+0,+0,R,470.125,304,0.25
sprint_ri_r_b,60,65,6,0x2,+3,+0,+0,R,488.125,304,0.25
sprint_ri_r_b,66,71,6,0x2,+2.875,+0,+0,R,505.375,304,0.25
sprint_ri_r_b,72,77,6,0x2,+2.75,+0,+0,R,521.875,304,0.25
sprint_ri_r_b,78,83,6,0x2,+2.625,+0,+0,R,537.625,304,0.25
sprint_ri_r_b,84,89,6,0x2,+2.5,+0,+0,R,552.625,304,0.25
sprint_ri_r_b,90,95,6,0x2,+2.375,+0,+0,R,566.875,304,0.25
sprint_ri_r_b,96,101,6,0x2,+2.25,+0,+0,R,580.375,304,0.25
sprint_ri_r_b,102,107,6,0x2,+2.125,+0,+0,R,593.125,304,0.25
sprint_ri_r_b,108,108,1,0x0,+0,+0,+0,R,593.125,304,0.25
sprint_ri_r_b,109,120,12,0x0,+1.75,+0,+0,R,614.125,304,0.25
sprint_ri_u,2,2,1,0x0,+0,+0,+0,H,320,304,0.25
sprint_ri_u,3,39,37,0x0,+0,+1,+0,H,320,341,0.25
sprint_ri_u,40,40,1,0x0,+0,+0,+0,H,320,341,0.25
sprint_ri_u,41,44,4,0x0,+0,+0,+0,-,320,341,0.25
sprint_ri_u,45,45,1,0x0,+0,+0,+0,U,320,341,0.25
sprint_ri_u,46,46,1,0x0,+0,-1,+0,U,320,340,0.25
sprint_ri_u,47,47,1,0x0,+0,-1,+0,-,320,339,0.25
sprint_ri_u,48,48,1,0x0,+0,+0,+0,-,320,339,0.25
sprint_ri_u,49,49,1,0x0,+0,+0,+0,U,320,339,0.25
sprint_ri_u,50,50,1,0x2,+0,-1,+0,U,320,338,0.25
sprint_ri_u,51,55,5,0x2,+0,-2.42188,+0,U,320,325.891,0.25
sprint_ri_u,56,61,6,0x2,+0,-2.34375,+0,U,320,311.828,0.25
sprint_ri_u,62,67,6,0x2,+0,-2.26562,+0,U,320,298.234,0.25
sprint_ri_u,68,73,6,0x2,+0,-2.1875,+0,U,320,285.109,0.25
sprint_ri_u,74,79,6,0x2,+0,-2.10938,+0,U,320,272.453,0.25
sprint_ri_u,80,82,3,0x2,+0,-2.03125,+0,U,320,266.359,0.25
sprint_ri_u,83,83,1,0x2,+0,-0.359375,+0,U,320,266,0.25
sprint_ri_u,84,110,27,0x2,+0,+0,+0,U,320,266,0.25
sprint_rw_hoch,2,2,1,0x0,+0,+0,+0,R,320,304,0.25
sprint_rw_hoch,3,3,1,0x0,+1.75,+0,+0,R,321.75,304,0.25
sprint_rw_hoch,4,4,1,0x0,+1.75,+0,+0,-,323.5,304,0.25
sprint_rw_hoch,5,5,1,0x0,+0,+0,+0,-,323.5,304,0.25
sprint_rw_hoch,6,6,1,0x0,+0,+0,+0,R,323.5,304,0.25
sprint_rw_hoch,7,7,1,0x2,+1.75,+0,+0,R,325.25,304,0.25
sprint_rw_hoch,8,12,5,0x2,+3.875,+0,+0,R,344.625,304,0.25
sprint_rw_hoch,13,18,6,0x2,+3.75,+0,+0,R,367.125,304,0.25
sprint_rw_hoch,19,19,1,0x2,+3.625,+0,+0,R,370.75,304,0.25
sprint_rw_hoch,20,20,1,0x2,+3.625,+0,+0,H+R,374.375,304,0.25
sprint_rw_hoch,21,24,4,0x2,+2.71875,+1.64258,+0,H+R,385.25,310.57,0.25
sprint_rw_hoch,25,30,6,0x2,+2.625,+1.58594,+0,H+R,401,320.086,0.25
sprint_rw_hoch,31,31,1,0x2,+2.53125,+1.5293,+0,R,403.531,321.615,0.25
sprint_rw_hoch,32,36,5,0x2,+3.375,+0,+0,R,420.406,321.615,0.25
sprint_rw_hoch,37,42,6,0x2,+3.25,+0,+0,R,439.906,321.615,0.25
sprint_rw_hoch,43,48,6,0x2,+3.125,+0,+0,R,458.656,321.615,0.25
sprint_rw_hoch,49,54,6,0x2,+3,+0,+0,R,476.656,321.615,0.25
sprint_rw_hoch,55,60,6,0x2,+2.875,+0,+0,R,493.906,321.615,0.25
sprint_rw_links,2,2,1,0x0,+0,+0,+0,R,320,304,0.25
sprint_rw_links,3,3,1,0x0,+1.75,+0,+0,R,321.75,304,0.25
sprint_rw_links,4,4,1,0x0,+1.75,+0,+0,-,323.5,304,0.25
sprint_rw_links,5,5,1,0x0,+0,+0,+0,-,323.5,304,0.25
sprint_rw_links,6,6,1,0x0,+0,+0,+0,R,323.5,304,0.25
sprint_rw_links,7,7,1,0x2,+1.75,+0,+0,R,325.25,304,0.25
sprint_rw_links,8,12,5,0x2,+3.875,+0,+0,R,344.625,304,0.25
sprint_rw_links,13,18,6,0x2,+3.75,+0,+0,R,367.125,304,0.25
sprint_rw_links,19,24,6,0x2,+3.625,+0,+0,R,388.875,304,0.25
sprint_rw_links,25,30,6,0x2,+3.5,+0,+0,R,409.875,304,0.25
sprint_rw_links,31,31,1,0x2,+3.375,+0,+0,L,413.25,304,0.25
sprint_rw_links,32,32,1,0x0,+0,+0,+0,L,413.25,304,0.25
sprint_rw_links,33,50,18,0x0,-1.75,+0,+0,L,381.75,304,0.25
sprint_rw_links,51,51,1,0x0,-1.75,+0,+0,-,380,304,0.25
sprint_rw_links,52,55,4,0x0,+0,+0,+0,-,380,304,0.25
sprint_rw_neu,2,2,1,0x0,+0,+0,+0,R,320,304,0.25
sprint_rw_neu,3,3,1,0x0,+1.75,+0,+0,R,321.75,304,0.25
sprint_rw_neu,4,4,1,0x0,+1.75,+0,+0,-,323.5,304,0.25
sprint_rw_neu,5,5,1,0x0,+0,+0,+0,-,323.5,304,0.25
sprint_rw_neu,6,6,1,0x0,+0,+0,+0,R,323.5,304,0.25
sprint_rw_neu,7,7,1,0x2,+1.75,+0,+0,R,325.25,304,0.25
sprint_rw_neu,8,12,5,0x2,+3.875,+0,+0,R,344.625,304,0.25
sprint_rw_neu,13,18,6,0x2,+3.75,+0,+0,R,367.125,304,0.25
sprint_rw_neu,19,24,6,0x2,+3.625,+0,+0,R,388.875,304,0.25
sprint_rw_neu,25,30,6,0x2,+3.5,+0,+0,R,409.875,304,0.25
sprint_rw_neu,31,36,6,0x2,+3.375,+0,+0,R,430.125,304,0.25
sprint_rw_neu,37,42,6,0x2,+3.25,+0,+0,R,449.625,304,0.25
sprint_rw_neu,43,48,6,0x2,+3.125,+0,+0,R,468.375,304,0.25
sprint_rw_neu,49,54,6,0x2,+3,+0,+0,R,486.375,304,0.25
sprint_rw_neu,55,60,6,0x2,+2.875,+0,+0,R,503.625,304,0.25
sprint_rw_neu,61,66,6,0x2,+2.75,+0,+0,R,520.125,304,0.25
sprint_rw_neu,67,72,6,0x2,+2.625,+0,+0,R,535.875,304,0.25
sprint_rw_neu,73,78,6,0x2,+2.5,+0,+0,R,550.875,304,0.25
sprint_rw_neu,79,84,6,0x2,+2.375,+0,+0,R,565.125,304,0.25
sprint_rw_neu,85,90,6,0x2,+2.25,+0,+0,R,578.625,304,0.25
sprint_rw_neu,91,96,6,0x2,+2.125,+0,+0,R,591.375,304,0.25
sprint_rw_neu,97,98,2,0x0,+0,+0,+0,-,591.375,304,0.25
sprint_rw_neu,99,99,1,0x0,+0,+0,+0,R,591.375,304,0.25
sprint_rw_neu,100,100,1,0x0,+1.75,+0,+0,R,593.125,304,0.25
sprint_rw_neu,101,101,1,0x0,+1.75,+0,+0,-,594.875,304,0.25
sprint_rw_neu,102,102,1,0x0,+0,+0,+0,-,594.875,304,0.25
sprint_rw_neu,103,103,1,0x0,+0,+0,+0,R,594.875,304,0.25
sprint_rw_neu,104,104,1,0x2,+1.75,+0,+0,R,596.625,304,0.25
sprint_rw_neu,105,109,5,0x2,+3.875,+0,+0,R,616,304,0.25
sprint_rw_neu,110,115,6,0x2,+3.75,+0,+0,R,638.5,304,0.25
sprint_rw_neu,116,121,6,0x2,+3.625,+0,+0,R,660.25,304,0.25
sprint_rw_neu,122,127,6,0x2,+3.5,+0,+0,R,681.25,304,0.25
sprint_rw_neu,128,133,6,0x2,+3.375,+0,+0,R,701.5,304,0.25
sprint_rw_neu,134,139,6,0x2,+3.25,+0,+0,R,721,304,0.25
sprint_rw_neu,140,145,6,0x2,+3.125,+0,+0,R,739.75,304,0.25
sprint_rw_neu,146,150,5,0x2,+3,+0,+0,R,754.75,304,0.25
sprint_rw_neu_gehalten,2,2,1,0x0,+0,+0,+0,R,320,304,0.25
sprint_rw_neu_gehalten,3,3,1,0x0,+1.75,+0,+0,R,321.75,304,0.25
sprint_rw_neu_gehalten,4,4,1,0x0,+1.75,+0,+0,-,323.5,304,0.25
sprint_rw_neu_gehalten,5,5,1,0x0,+0,+0,+0,-,323.5,304,0.25
sprint_rw_neu_gehalten,6,6,1,0x0,+0,+0,+0,R,323.5,304,0.25
sprint_rw_neu_gehalten,7,7,1,0x2,+1.75,+0,+0,R,325.25,304,0.25
sprint_rw_neu_gehalten,8,12,5,0x2,+3.875,+0,+0,R,344.625,304,0.25
sprint_rw_neu_gehalten,13,18,6,0x2,+3.75,+0,+0,R,367.125,304,0.25
sprint_rw_neu_gehalten,19,24,6,0x2,+3.625,+0,+0,R,388.875,304,0.25
sprint_rw_neu_gehalten,25,30,6,0x2,+3.5,+0,+0,R,409.875,304,0.25
sprint_rw_neu_gehalten,31,36,6,0x2,+3.375,+0,+0,R,430.125,304,0.25
sprint_rw_neu_gehalten,37,42,6,0x2,+3.25,+0,+0,R,449.625,304,0.25
sprint_rw_neu_gehalten,43,48,6,0x2,+3.125,+0,+0,R,468.375,304,0.25
sprint_rw_neu_gehalten,49,54,6,0x2,+3,+0,+0,R,486.375,304,0.25
sprint_rw_neu_gehalten,55,60,6,0x2,+2.875,+0,+0,R,503.625,304,0.25
sprint_rw_neu_gehalten,61,66,6,0x2,+2.75,+0,+0,R,520.125,304,0.25
sprint_rw_neu_gehalten,67,72,6,0x2,+2.625,+0,+0,R,535.875,304,0.25
sprint_rw_neu_gehalten,73,78,6,0x2,+2.5,+0,+0,R,550.875,304,0.25
sprint_rw_neu_gehalten,79,84,6,0x2,+2.375,+0,+0,R,565.125,304,0.25
sprint_rw_neu_gehalten,85,90,6,0x2,+2.25,+0,+0,R,578.625,304,0.25
sprint_rw_neu_gehalten,91,96,6,0x2,+2.125,+0,+0,R,591.375,304,0.25
sprint_rw_neu_gehalten,97,97,1,0x0,+0,+0,+0,R,591.375,304,0.25
sprint_rw_neu_gehalten,98,110,13,0x0,+1.75,+0,+0,R,614.125,304,0.25
sprint_rw_neu_gehalten,111,111,1,0x0,+1.75,+0,+0,-,615.875,304,0.25
sprint_rw_neu_gehalten,112,112,1,0x0,+0,+0,+0,-,615.875,304,0.25
sprint_rw_neu_gehalten,113,113,1,0x0,+0,+0,+0,R,615.875,304,0.25
sprint_rw_neu_gehalten,114,150,37,0x0,+1.75,+0,+0,R,680.625,304,0.25
sprint_rw_neu_sofort,2,2,1,0x0,+0,+0,+0,R,320,304,0.25
sprint_rw_neu_sofort,3,3,1,0x0,+1.75,+0,+0,R,321.75,304,0.25
sprint_rw_neu_sofort,4,4,1,0x0,+1.75,+0,+0,-,323.5,304,0.25
sprint_rw_neu_sofort,5,5,1,0x0,+0,+0,+0,-,323.5,304,0.25
sprint_rw_neu_sofort,6,6,1,0x0,+0,+0,+0,R,323.5,304,0.25
sprint_rw_neu_sofort,7,7,1,0x2,+1.75,+0,+0,R,325.25,304,0.25
sprint_rw_neu_sofort,8,12,5,0x2,+3.875,+0,+0,R,344.625,304,0.25
sprint_rw_neu_sofort,13,18,6,0x2,+3.75,+0,+0,R,367.125,304,0.25
sprint_rw_neu_sofort,19,24,6,0x2,+3.625,+0,+0,R,388.875,304,0.25
sprint_rw_neu_sofort,25,30,6,0x2,+3.5,+0,+0,R,409.875,304,0.25
sprint_rw_neu_sofort,31,36,6,0x2,+3.375,+0,+0,R,430.125,304,0.25
sprint_rw_neu_sofort,37,42,6,0x2,+3.25,+0,+0,R,449.625,304,0.25
sprint_rw_neu_sofort,43,48,6,0x2,+3.125,+0,+0,R,468.375,304,0.25
sprint_rw_neu_sofort,49,54,6,0x2,+3,+0,+0,R,486.375,304,0.25
sprint_rw_neu_sofort,55,60,6,0x2,+2.875,+0,+0,R,503.625,304,0.25
sprint_rw_neu_sofort,61,66,6,0x2,+2.75,+0,+0,R,520.125,304,0.25
sprint_rw_neu_sofort,67,72,6,0x2,+2.625,+0,+0,R,535.875,304,0.25
sprint_rw_neu_sofort,73,78,6,0x2,+2.5,+0,+0,R,550.875,304,0.25
sprint_rw_neu_sofort,79,84,6,0x2,+2.375,+0,+0,R,565.125,304,0.25
sprint_rw_neu_sofort,85,90,6,0x2,+2.25,+0,+0,R,578.625,304,0.25
sprint_rw_neu_sofort,91,95,5,0x2,+2.125,+0,+0,R,589.25,304,0.25
sprint_rw_neu_sofort,96,96,1,0x2,+2.125,+0,+0,-,591.375,304,0.25
sprint_rw_neu_sofort,97,97,1,0x0,+0,+0,+0,R,591.375,304,0.25
sprint_rw_neu_sofort,98,98,1,0x0,+1.75,+0,+0,-,593.125,304,0.25
sprint_rw_neu_sofort,99,99,1,0x0,+0,+0,+0,R,593.125,304,0.25
sprint_rw_neu_sofort,100,100,1,0x2,+1.75,+0,+0,R,594.875,304,0.25
sprint_rw_neu_sofort,101,105,5,0x2,+3.875,+0,+0,R,614.25,304,0.25
sprint_rw_neu_sofort,106,111,6,0x2,+3.75,+0,+0,R,636.75,304,0.25
sprint_rw_neu_sofort,112,117,6,0x2,+3.625,+0,+0,R,658.5,304,0.25
sprint_rw_neu_sofort,118,123,6,0x2,+3.5,+0,+0,R,679.5,304,0.25
sprint_rw_neu_sofort,124,129,6,0x2,+3.375,+0,+0,R,699.75,304,0.25
sprint_rw_neu_sofort,130,135,6,0x2,+3.25,+0,+0,R,719.25,304,0.25
sprint_rw_neu_sofort,136,141,6,0x2,+3.125,+0,+0,R,738,304,0.25
sprint_rw_neu_sofort,142,147,6,0x2,+3,+0,+0,R,756,304,0.25
sprint_rw_neu_sofort,148,150,3,0x2,+2.875,+0,+0,R,764.625,304,0.25
sprint_rw_nur_hoch,2,2,1,0x0,+0,+0,+0,R,320,304,0.25
sprint_rw_nur_hoch,3,3,1,0x0,+1.75,+0,+0,R,321.75,304,0.25
sprint_rw_nur_hoch,4,4,1,0x0,+1.75,+0,+0,-,323.5,304,0.25
sprint_rw_nur_hoch,5,5,1,0x0,+0,+0,+0,-,323.5,304,0.25
sprint_rw_nur_hoch,6,6,1,0x0,+0,+0,+0,R,323.5,304,0.25
sprint_rw_nur_hoch,7,7,1,0x2,+1.75,+0,+0,R,325.25,304,0.25
sprint_rw_nur_hoch,8,12,5,0x2,+3.875,+0,+0,R,344.625,304,0.25
sprint_rw_nur_hoch,13,18,6,0x2,+3.75,+0,+0,R,367.125,304,0.25
sprint_rw_nur_hoch,19,19,1,0x2,+3.625,+0,+0,R,370.75,304,0.25
sprint_rw_nur_hoch,20,20,1,0x2,+3.625,+0,+0,H,374.375,304,0.25
sprint_rw_nur_hoch,21,21,1,0x0,+0,+0,+0,H,374.375,304,0.25
sprint_rw_nur_hoch,22,40,19,0x0,+0,+1,+0,H,374.375,323,0.25
sprint_rw_nur_hoch,41,41,1,0x0,+0,+1,+0,-,374.375,324,0.25
sprint_rw_nur_hoch,42,45,4,0x0,+0,+0,+0,-,374.375,324,0.25
sprint_sa_leer20,2,2,1,0x0,+0,+0,+0,R,320,304,0.25
sprint_sa_leer20,3,3,1,0x0,+1.75,+0,+0,R,321.75,304,0.25
sprint_sa_leer20,4,4,1,0x0,+1.75,+0,+0,-,323.5,304,0.25
sprint_sa_leer20,5,5,1,0x0,+0,+0,+0,-,323.5,304,0.25
sprint_sa_leer20,6,6,1,0x0,+0,+0,+0,R,323.5,304,0.25
sprint_sa_leer20,7,7,1,0x2,+1.75,+0,+0,R,325.25,304,0.25
sprint_sa_leer20,8,12,5,0x2,+3.875,+0,+0,R,344.625,304,0.25
sprint_sa_leer20,13,18,6,0x2,+3.75,+0,+0,R,367.125,304,0.25
sprint_sa_leer20,19,19,1,0x2,+3.625,+0,+0,R,370.75,304,0.25
sprint_sa_leer20,20,20,1,0x2,+3.625,+0,+0,A+R,374.375,304,0.25
sprint_sa_leer20,21,21,1,0x6,+0,+0,+0,A+R,374.375,304,0.25
sprint_sa_leer20,22,22,1,0x6,+3.625,+0,+0,R,378,304,0.25
sprint_sa_leer20,23,23,1,0x6,+3.46875,+0,+0,R,381.469,304,0.25
sprint_sa_leer20,24,24,1,0x6,+3.3125,+0,+0,R,384.781,304,0.25
sprint_sa_leer20,25,25,1,0x6,+3.15625,+0,+0,R,387.938,304,0.25
sprint_sa_leer20,26,26,1,0x6,+3,+0,+0,R,390.938,304,0.25
sprint_sa_leer20,27,27,1,0x6,+2.84375,+0,+0,R,393.781,304,0.25
sprint_sa_leer20,28,28,1,0x6,+2.6875,+0,+0,R,396.469,304,0.25
sprint_sa_leer20,29,29,1,0x6,+2.53125,+0,+0,R,399,304,0.25
sprint_sa_leer20,30,30,1,0x6,+2.375,+0,+0,R,401.375,304,0.25
sprint_sa_leer20,31,31,1,0x6,+2.21875,+0,+0,R,403.594,304,0.25
sprint_sa_leer20,32,32,1,0x6,+2.0625,+0,+0,R,405.656,304,0.25
sprint_sa_leer20,33,33,1,0x6,+1.90625,+0,+0,R,407.562,304,0.25
sprint_sa_leer20,34,34,1,0x6,+1.75,+0,+0,R,409.312,304,0.25
sprint_sa_leer20,35,35,1,0x6,+1.59375,+0,+0,R,410.906,304,0.25
sprint_sa_leer20,36,36,1,0x6,+1.4375,+0,+0,R,412.344,304,0.25
sprint_sa_leer20,37,37,1,0x6,+1.28125,+0,+0,R,413.625,304,0.25
sprint_sa_leer20,38,38,1,0x6,+1.125,+0,+0,R,414.75,304,0.25
sprint_sa_leer20,39,39,1,0x6,+0.96875,+0,+0,R,415.719,304,0.25
sprint_sa_leer20,40,40,1,0x6,+0.8125,+0,+0,R,416.531,304,0.25
sprint_sa_leer20,41,41,1,0x6,+0.65625,+0,+0,R,417.188,304,0.25
sprint_sa_leer20,42,42,1,0x6,+0.5,+0,+0,R,417.688,304,0.25
sprint_sa_leer20,43,43,1,0x6,+0.34375,+0,+0,R,418.031,304,0.25
sprint_sa_leer20,44,44,1,0x6,+0.1875,+0,+0,R,418.219,304,0.25
sprint_sa_leer20,45,45,1,0x6,+0.03125,+0,+0,R,418.25,304,0.25
sprint_sa_leer20,46,55,10,0x6,+0,+0,+0,R,418.25,304,0.25
sprint_sa_leer20,56,56,1,0x0,+0,+0,+0,R,418.25,304,0.25
sprint_sa_leer20,57,80,24,0x0,+1.75,+0,+0,R,460.25,304,0.25
sprint_sa_leer20_los,2,2,1,0x0,+0,+0,+0,R,320,304,0.25
sprint_sa_leer20_los,3,3,1,0x0,+1.75,+0,+0,R,321.75,304,0.25
sprint_sa_leer20_los,4,4,1,0x0,+1.75,+0,+0,-,323.5,304,0.25
sprint_sa_leer20_los,5,5,1,0x0,+0,+0,+0,-,323.5,304,0.25
sprint_sa_leer20_los,6,6,1,0x0,+0,+0,+0,R,323.5,304,0.25
sprint_sa_leer20_los,7,7,1,0x2,+1.75,+0,+0,R,325.25,304,0.25
sprint_sa_leer20_los,8,12,5,0x2,+3.875,+0,+0,R,344.625,304,0.25
sprint_sa_leer20_los,13,18,6,0x2,+3.75,+0,+0,R,367.125,304,0.25
sprint_sa_leer20_los,19,19,1,0x2,+3.625,+0,+0,R,370.75,304,0.25
sprint_sa_leer20_los,20,20,1,0x2,+3.625,+0,+0,A+R,374.375,304,0.25
sprint_sa_leer20_los,21,21,1,0x6,+0,+0,+0,A+R,374.375,304,0.25
sprint_sa_leer20_los,22,22,1,0x6,+3.625,+0,+0,-,378,304,0.25
sprint_sa_leer20_los,23,23,1,0x6,+3.46875,+0,+0,-,381.469,304,0.25
sprint_sa_leer20_los,24,24,1,0x6,+3.3125,+0,+0,-,384.781,304,0.25
sprint_sa_leer20_los,25,25,1,0x6,+3.15625,+0,+0,-,387.938,304,0.25
sprint_sa_leer20_los,26,26,1,0x6,+3,+0,+0,-,390.938,304,0.25
sprint_sa_leer20_los,27,27,1,0x6,+2.84375,+0,+0,-,393.781,304,0.25
sprint_sa_leer20_los,28,28,1,0x6,+2.6875,+0,+0,-,396.469,304,0.25
sprint_sa_leer20_los,29,29,1,0x6,+2.53125,+0,+0,-,399,304,0.25
sprint_sa_leer20_los,30,30,1,0x6,+2.375,+0,+0,-,401.375,304,0.25
sprint_sa_leer20_los,31,31,1,0x6,+2.21875,+0,+0,-,403.594,304,0.25
sprint_sa_leer20_los,32,32,1,0x6,+2.0625,+0,+0,-,405.656,304,0.25
sprint_sa_leer20_los,33,33,1,0x6,+1.90625,+0,+0,-,407.562,304,0.25
sprint_sa_leer20_los,34,34,1,0x6,+1.75,+0,+0,-,409.312,304,0.25
sprint_sa_leer20_los,35,35,1,0x6,+1.59375,+0,+0,-,410.906,304,0.25
sprint_sa_leer20_los,36,36,1,0x6,+1.4375,+0,+0,-,412.344,304,0.25
sprint_sa_leer20_los,37,37,1,0x6,+1.28125,+0,+0,-,413.625,304,0.25
sprint_sa_leer20_los,38,38,1,0x6,+1.125,+0,+0,-,414.75,304,0.25
sprint_sa_leer20_los,39,39,1,0x6,+0.96875,+0,+0,-,415.719,304,0.25
sprint_sa_leer20_los,40,40,1,0x6,+0.8125,+0,+0,-,416.531,304,0.25
sprint_sa_leer20_los,41,41,1,0x6,+0.65625,+0,+0,-,417.188,304,0.25
sprint_sa_leer20_los,42,42,1,0x6,+0.5,+0,+0,-,417.688,304,0.25
sprint_sa_leer20_los,43,43,1,0x6,+0.34375,+0,+0,-,418.031,304,0.25
sprint_sa_leer20_los,44,44,1,0x6,+0.1875,+0,+0,-,418.219,304,0.25
sprint_sa_leer20_los,45,45,1,0x6,+0.03125,+0,+0,-,418.25,304,0.25
sprint_sa_leer20_los,46,55,10,0x6,+0,+0,+0,-,418.25,304,0.25
sprint_sa_leer20_los,56,80,25,0x0,+0,+0,+0,-,418.25,304,0.25
sprint_sa_leer40,2,2,1,0x0,+0,+0,+0,R,320,304,0.25
sprint_sa_leer40,3,3,1,0x0,+1.75,+0,+0,R,321.75,304,0.25
sprint_sa_leer40,4,4,1,0x0,+1.75,+0,+0,-,323.5,304,0.25
sprint_sa_leer40,5,5,1,0x0,+0,+0,+0,-,323.5,304,0.25
sprint_sa_leer40,6,6,1,0x0,+0,+0,+0,R,323.5,304,0.25
sprint_sa_leer40,7,7,1,0x2,+1.75,+0,+0,R,325.25,304,0.25
sprint_sa_leer40,8,12,5,0x2,+3.875,+0,+0,R,344.625,304,0.25
sprint_sa_leer40,13,18,6,0x2,+3.75,+0,+0,R,367.125,304,0.25
sprint_sa_leer40,19,24,6,0x2,+3.625,+0,+0,R,388.875,304,0.25
sprint_sa_leer40,25,30,6,0x2,+3.5,+0,+0,R,409.875,304,0.25
sprint_sa_leer40,31,36,6,0x2,+3.375,+0,+0,R,430.125,304,0.25
sprint_sa_leer40,37,39,3,0x2,+3.25,+0,+0,R,439.875,304,0.25
sprint_sa_leer40,40,40,1,0x2,+3.25,+0,+0,A+R,443.125,304,0.25
sprint_sa_leer40,41,41,1,0x6,+0,+0,+0,A+R,443.125,304,0.25
sprint_sa_leer40,42,42,1,0x6,+3.25,+0,+0,R,446.375,304,0.25
sprint_sa_leer40,43,43,1,0x6,+3.09375,+0,+0,R,449.469,304,0.25
sprint_sa_leer40,44,44,1,0x6,+2.9375,+0,+0,R,452.406,304,0.25
sprint_sa_leer40,45,45,1,0x6,+2.78125,+0,+0,R,455.188,304,0.25
sprint_sa_leer40,46,46,1,0x6,+2.625,+0,+0,R,457.812,304,0.25
sprint_sa_leer40,47,47,1,0x6,+2.46875,+0,+0,R,460.281,304,0.25
sprint_sa_leer40,48,48,1,0x6,+2.3125,+0,+0,R,462.594,304,0.25
sprint_sa_leer40,49,49,1,0x6,+2.15625,+0,+0,R,464.75,304,0.25
sprint_sa_leer40,50,50,1,0x6,+2,+0,+0,R,466.75,304,0.25
sprint_sa_leer40,51,51,1,0x6,+1.84375,+0,+0,R,468.594,304,0.25
sprint_sa_leer40,52,52,1,0x6,+1.6875,+0,+0,R,470.281,304,0.25
sprint_sa_leer40,53,53,1,0x6,+1.53125,+0,+0,R,471.812,304,0.25
sprint_sa_leer40,54,54,1,0x6,+1.375,+0,+0,R,473.188,304,0.25
sprint_sa_leer40,55,55,1,0x6,+1.21875,+0,+0,R,474.406,304,0.25
sprint_sa_leer40,56,56,1,0x6,+1.0625,+0,+0,R,475.469,304,0.25
sprint_sa_leer40,57,57,1,0x6,+0.90625,+0,+0,R,476.375,304,0.25
sprint_sa_leer40,58,58,1,0x6,+0.75,+0,+0,R,477.125,304,0.25
sprint_sa_leer40,59,59,1,0x6,+0.59375,+0,+0,R,477.719,304,0.25
sprint_sa_leer40,60,60,1,0x6,+0.4375,+0,+0,R,478.156,304,0.25
sprint_sa_leer40,61,61,1,0x6,+0.28125,+0,+0,R,478.438,304,0.25
sprint_sa_leer40,62,62,1,0x6,+0.125,+0,+0,R,478.562,304,0.25
sprint_sa_leer40,63,75,13,0x6,+0,+0,+0,R,478.562,304,0.25
sprint_sa_leer40,76,76,1,0x0,+0,+0,+0,R,478.562,304,0.25
sprint_sa_leer40,77,80,4,0x0,+1.75,+0,+0,R,485.562,304,0.25
sprint_sa_leer40,81,81,1,0x0,+1.75,+0,+0,-,487.312,304,0.25
sprint_sa_leer40,82,100,19,0x0,+0,+0,+0,-,487.312,304,0.25
sprint_sa_nat_ac,2,2,1,0x0,+0,+0,+0,R,775,336,0.25
sprint_sa_nat_ac,3,3,1,0x0,+1.75,+0,+0,R,776.75,336,0.25
sprint_sa_nat_ac,4,4,1,0x0,+1.75,+0,+0,-,778.5,336,0.25
sprint_sa_nat_ac,5,5,1,0x0,+0,+0,+0,-,778.5,336,0.25
sprint_sa_nat_ac,6,6,1,0x0,+0,+0,+0,R,778.5,336,0.25
sprint_sa_nat_ac,7,7,1,0x2,+1.75,+0,+0,R,780.25,336,0.25
sprint_sa_nat_ac,8,8,1,0x2,+3.875,+0,+0,A+R,784.125,336,0.25
sprint_sa_nat_ac,9,9,1,0x6,+0,+0,+0,A+R,784.125,336,0.25
sprint_sa_nat_ac,10,10,1,0x6,+3.875,+0,+0,R,788,336,0.25
sprint_sa_nat_ac,11,11,1,0x6,+3.71875,+0,+0,R,791.719,336,0.25
sprint_sa_nat_ac,12,12,1,0x6,+3.5625,+0,+0,R,795.281,336,0.25
sprint_sa_nat_ac,13,13,1,0x6,+3.40625,+0,+0,R,798.688,336,0.25
sprint_sa_nat_ac,14,20,7,0x6,+0,+0,+0,R,798.688,336,0.25
sprint_sa_nat_ac,21,21,1,0x6,+3.25,+0,+0,R,801.938,336,0.25
sprint_sa_nat_ac,22,22,1,0x6,+3.09375,+0,+0,R,805.031,336,0.25
sprint_sa_nat_ac,23,23,1,0x6,+2.9375,+0,+0,R,807.969,336,0.25
sprint_sa_nat_ac,24,24,1,0x6,+2.78125,+0,+0,R,810.75,336,0.25
sprint_sa_nat_ac,25,25,1,0x6,+2.625,+0,+0,R,813.375,336,0.25
sprint_sa_nat_ac,26,26,1,0x6,+2.46875,+0,+0,R,815.844,336,0.25
sprint_sa_nat_ac,27,27,1,0x6,+2.3125,+0,+0,R,818.156,336,0.25
sprint_sa_nat_ac,28,28,1,0x6,+2.15625,+0,+0,R,820.312,336,0.25
sprint_sa_nat_ac,29,29,1,0x6,+2,+0,+0,R,822.312,336,0.25
sprint_sa_nat_ac,30,30,1,0x6,+1.84375,+0,+0,R,824.156,336,0.25
sprint_sa_nat_ac,31,31,1,0x6,+1.6875,+0,+0,R,825.844,336,0.25
sprint_sa_nat_ac,32,32,1,0x6,+1.53125,+0,+0,R,827.375,336,0.25
sprint_sa_nat_ac,33,33,1,0x6,+1.375,+0,+0,R,828.75,336,0.25
sprint_sa_nat_ac,34,34,1,0x6,+1.21875,+0,+0,R,829.969,336,0.25
sprint_sa_nat_ac,35,35,1,0x6,+1.0625,+0,+0,R,831.031,336,0.25
sprint_sa_nat_ac,36,36,1,0x6,+0.90625,+0,+0,R,831.938,336,0.25
sprint_sa_nat_ac,37,37,1,0x6,+0.75,+0,+0,R,832.688,336,0.25
sprint_sa_nat_ac,38,38,1,0x6,+0.59375,+0,+0,R,833.281,336,0.25
sprint_sa_nat_ac,39,39,1,0x6,+0.4375,+0,+0,R,833.719,336,0.25
sprint_sa_nat_ac,40,40,1,0x6,+0.28125,+0,+0,R,834,336,0.25
sprint_sa_nat_ac,41,41,1,0x6,+0.125,+0,+0,R,834.125,336,0.25
sprint_sa_nat_ac,42,50,9,0x6,+0,+0,+0,R,834.125,336,0.25
sprint_sa_nat_ac,51,51,1,0x0,+0,+0,+0,R,834.125,336,0.25
sprint_sa_nat_ac,52,60,9,0x0,+1.75,+0,+0,R,849.875,336,0.25
sprint_sa_nat_ac,61,61,1,0x0,+1.75,+0,+0,-,851.625,336,0.25
sprint_sa_nat_ac,62,120,59,0x0,+0,+0,+0,-,851.625,336,0.25
sprint_sa_nat_k,2,2,1,0x0,+0,+0,+0,R,530,320,0.25
sprint_sa_nat_k,3,3,1,0x0,+1.75,+0,+0,R,531.75,320,0.25
sprint_sa_nat_k,4,4,1,0x0,+1.75,+0,+0,-,533.5,320,0.25
sprint_sa_nat_k,5,5,1,0x0,+0,+0,+0,-,533.5,320,0.25
sprint_sa_nat_k,6,6,1,0x0,+0,+0,+0,R,533.5,320,0.25
sprint_sa_nat_k,7,7,1,0x2,+1.75,+0,+0,R,535.25,320,0.25
sprint_sa_nat_k,8,8,1,0x2,+3.875,+0,+0,A+R,539.125,320,0.25
sprint_sa_nat_k,9,9,1,0x6,+0,+0,+0,A+R,539.125,320,0.25
sprint_sa_nat_k,10,10,1,0x6,+3.875,+0,+0,R,543,320,0.25
sprint_sa_nat_k,11,11,1,0x6,+3.71875,+0,+0,R,546.719,320,0.25
sprint_sa_nat_k,12,12,1,0x6,+3.5625,+0,+0,R,550.281,320,0.25
sprint_sa_nat_k,13,13,1,0x6,+3.40625,+0,+0,R,553.688,320,0.25
sprint_sa_nat_k,14,20,7,0x6,+0,+0,+0,R,553.688,320,0.25
sprint_sa_nat_k,21,21,1,0x6,+3.25,+0,+0,R,556.938,320,0.25
sprint_sa_nat_k,22,22,1,0x6,+3.09375,+0,+0,R,560.031,320,0.25
sprint_sa_nat_k,23,23,1,0x6,+2.9375,+0,+0,R,562.969,320,0.25
sprint_sa_nat_k,24,24,1,0x6,+2.78125,+0,+0,R,565.75,320,0.25
sprint_sa_nat_k,25,25,1,0x6,+2.625,+0,+0,R,568.375,320,0.25
sprint_sa_nat_k,26,26,1,0x6,+2.46875,+0,+0,R,570.844,320,0.25
sprint_sa_nat_k,27,27,1,0x6,+2.3125,+0,+0,R,573.156,320,0.25
sprint_sa_nat_k,28,28,1,0x6,+2.15625,+0,+0,R,575.312,320,0.25
sprint_sa_nat_k,29,29,1,0x6,+2,+0,+0,R,577.312,320,0.25
sprint_sa_nat_k,30,30,1,0x6,+1.84375,+0,+0,R,579.156,320,0.25
sprint_sa_nat_k,31,31,1,0x6,+1.6875,+0,+0,R,580.844,320,0.25
sprint_sa_nat_k,32,32,1,0x6,+1.53125,+0,+0,R,582.375,320,0.25
sprint_sa_nat_k,33,33,1,0x6,+1.375,+0,+0,R,583.75,320,0.25
sprint_sa_nat_k,34,34,1,0x6,+1.21875,+0,+0,R,584.969,320,0.25
sprint_sa_nat_k,35,35,1,0x6,+1.0625,+0,+0,R,586.031,320,0.25
sprint_sa_nat_k,36,36,1,0x6,+0.90625,+0,+0,R,586.938,320,0.25
sprint_sa_nat_k,37,37,1,0x6,+0.75,+0,+0,R,587.688,320,0.25
sprint_sa_nat_k,38,38,1,0x6,+0.59375,+0,+0,R,588.281,320,0.25
sprint_sa_nat_k,39,39,1,0x6,+0.4375,+0,+0,R,588.719,320,0.25
sprint_sa_nat_k,40,40,1,0x6,+0.28125,+0,+0,R,589,320,0.25
sprint_sa_nat_k,41,41,1,0x6,+0.125,+0,+0,R,589.125,320,0.25
sprint_sa_nat_k,42,50,9,0x6,+0,+0,+0,R,589.125,320,0.25
sprint_sa_nat_k,51,51,1,0x0,+0,+0,+0,R,589.125,320,0.25
sprint_sa_nat_k,52,60,9,0x0,+1.75,+0,+0,R,604.875,320,0.25
sprint_sa_nat_k,61,61,1,0x0,+1.75,+0,+0,-,606.625,320,0.25
sprint_sa_nat_k,62,120,59,0x0,+0,+0,+0,-,606.625,320,0.25
sprint_sa_nat_kb,2,2,1,0x0,+0,+0,+0,R,818.75,334,0.25
sprint_sa_nat_kb,3,3,1,0x0,+1.75,+0,+0,R,820.5,334,0.25
sprint_sa_nat_kb,4,4,1,0x0,+1.75,+0,+0,-,822.25,334,0.25
sprint_sa_nat_kb,5,5,1,0x0,+0,+0,+0,-,822.25,334,0.25
sprint_sa_nat_kb,6,6,1,0x0,+0,+0,+0,R,822.25,334,0.25
sprint_sa_nat_kb,7,7,1,0x2,+1.75,+0,+0,R,824,334,0.25
sprint_sa_nat_kb,8,8,1,0x2,+3.875,+0,+0,A+R,827.875,334,0.25
sprint_sa_nat_kb,9,9,1,0x6,+0,+0,+0,A+R,827.875,334,0.25
sprint_sa_nat_kb,10,10,1,0x6,+3.875,+0,+0,R,831.75,334,0.25
sprint_sa_nat_kb,11,11,1,0x6,+3.71875,+0,+0,R,835.469,334,0.25
sprint_sa_nat_kb,12,12,1,0x6,+3.5625,+0,+0,R,839.031,334,0.25
sprint_sa_nat_kb,13,13,1,0x6,+3.40625,+0,+0,R,842.438,334,0.25
sprint_sa_nat_kb,14,20,7,0x6,+0,+0,+0,R,842.438,334,0.25
sprint_sa_nat_kb,21,21,1,0x6,+3.25,+0,+0,R,845.688,334,0.25
sprint_sa_nat_kb,22,22,1,0x6,+3.09375,+0,+0,R,848.781,334,0.25
sprint_sa_nat_kb,23,23,1,0x6,+2.9375,+0,+0,R,851.719,334,0.25
sprint_sa_nat_kb,24,24,1,0x6,+2.78125,+0,+0,R,854.5,334,0.25
sprint_sa_nat_kb,25,25,1,0x6,+2.625,+0,+0,R,857.125,334,0.25
sprint_sa_nat_kb,26,26,1,0x6,+2.46875,+0,+0,R,859.594,334,0.25
sprint_sa_nat_kb,27,27,1,0x6,+2.3125,+0,+0,R,861.906,334,0.25
sprint_sa_nat_kb,28,28,1,0x6,+2.15625,+0,+0,R,864.062,334,0.25
sprint_sa_nat_kb,29,29,1,0x6,+2,+0,+0,R,866.062,334,0.25
sprint_sa_nat_kb,30,30,1,0x6,+1.84375,+0,+0,R,867.906,334,0.25
sprint_sa_nat_kb,31,31,1,0x6,+1.6875,+0,+0,R,869.594,334,0.25
sprint_sa_nat_kb,32,32,1,0x6,+1.53125,+0,+0,R,871.125,334,0.25
sprint_sa_nat_kb,33,33,1,0x6,+1.375,+0,+0,R,872.5,334,0.25
sprint_sa_nat_kb,34,34,1,0x6,+1.21875,+0,+0,R,873.719,334,0.25
sprint_sa_nat_kb,35,35,1,0x6,+1.0625,+0,+0,R,874.781,334,0.25
sprint_sa_nat_kb,36,36,1,0x6,+0.90625,+0,+0,R,875.688,334,0.25
sprint_sa_nat_kb,37,37,1,0x6,+0.75,+0,+0,R,876.438,334,0.25
sprint_sa_nat_kb,38,38,1,0x6,+0.59375,+0,+0,R,877.031,334,0.25
sprint_sa_nat_kb,39,39,1,0x6,+0.4375,+0,+0,R,877.469,334,0.25
sprint_sa_nat_kb,40,40,1,0x6,+0.28125,+0,+0,R,877.75,334,0.25
sprint_sa_nat_kb,41,41,1,0x6,+0.125,+0,+0,R,877.875,334,0.25
sprint_sa_nat_kb,42,50,9,0x6,+0,+0,+0,R,877.875,334,0.25
sprint_sa_nat_kb,51,51,1,0x0,+0,+0,+0,R,877.875,334,0.25
sprint_sa_nat_kb,52,60,9,0x0,+1.75,+0,+0,R,893.625,334,0.25
sprint_sa_nat_kb,61,61,1,0x0,+1.75,+0,+0,-,895.375,334,0.25
sprint_sa_nat_kb,62,120,59,0x0,+0,+0,+0,-,895.375,334,0.25
sprint_sja_leer,2,2,1,0x0,+0,+0,+0,R,320,304,0.25
sprint_sja_leer,3,3,1,0x0,+1.75,+0,+0,R,321.75,304,0.25
sprint_sja_leer,4,4,1,0x0,+1.75,+0,+0,-,323.5,304,0.25
sprint_sja_leer,5,5,1,0x0,+0,+0,+0,-,323.5,304,0.25
sprint_sja_leer,6,6,1,0x0,+0,+0,+0,R,323.5,304,0.25
sprint_sja_leer,7,7,1,0x2,+1.75,+0,+0,R,325.25,304,0.25
sprint_sja_leer,8,12,5,0x2,+3.875,+0,+0,R,344.625,304,0.25
sprint_sja_leer,13,18,6,0x2,+3.75,+0,+0,R,367.125,304,0.25
sprint_sja_leer,19,19,1,0x2,+3.625,+0,+0,R,370.75,304,0.25
sprint_sja_leer,20,20,1,0x2,+3.625,+0,+0,J+R,374.375,304,0.25
sprint_sja_leer,21,21,1,0x4,+0,+0,+0,J+R,374.375,304,0.25
sprint_sja_leer,22,22,1,0x4,+2.25,+0,+4.9375,R,376.625,304,5.1875
sprint_sja_leer,23,23,1,0x4,+2.25,+0,+4.6875,R,378.875,304,9.875
sprint_sja_leer,24,24,1,0x4,+2.25,+0,+4.4375,R,381.125,304,14.3125
sprint_sja_leer,25,25,1,0x4,+2.25,+0,+4.1875,R,383.375,304,18.5
sprint_sja_leer,26,26,1,0x4,+2.25,+0,+3.9375,R,385.625,304,22.4375
sprint_sja_leer,27,27,1,0x4,+2.25,+0,+3.6875,R,387.875,304,26.125
sprint_sja_leer,28,28,1,0x4,+2.25,+0,+3.4375,A+R,390.125,304,29.5625
sprint_sja_leer,29,29,1,0x8,+0,+0,+0,A+R,390.125,304,29.5625
sprint_sja_leer,30,30,1,0x8,+2.25,+0,+3.1875,R,392.375,304,32.75
sprint_sja_leer,31,31,1,0x8,+2.25,+0,+2.9375,R,394.625,304,35.6875
sprint_sja_leer,32,32,1,0x8,+2.25,+0,+2.6875,R,396.875,304,38.375
sprint_sja_leer,33,33,1,0x8,+2.25,+0,+2.4375,R,399.125,304,40.8125
sprint_sja_leer,34,34,1,0x8,+2.25,+0,+2.1875,R,401.375,304,43
sprint_sja_leer,35,35,1,0x8,+2.25,+0,+1.9375,R,403.625,304,44.9375
sprint_sja_leer,36,36,1,0x8,+2.25,+0,+1.6875,R,405.875,304,46.625
sprint_sja_leer,37,37,1,0x8,+2.25,+0,+1.4375,R,408.125,304,48.0625
sprint_sja_leer,38,38,1,0x8,+2.25,+0,+1.1875,R,410.375,304,49.25
sprint_sja_leer,39,39,1,0x8,+2.25,+0,+0.9375,R,412.625,304,50.1875
sprint_sja_leer,40,40,1,0x8,+2.25,+0,+0.6875,R,414.875,304,50.875
sprint_sja_leer,41,41,1,0x8,+2.25,+0,+0.4375,R,417.125,304,51.3125
sprint_sja_leer,42,42,1,0x8,+2.25,+0,+0.1875,R,419.375,304,51.5
sprint_sja_leer,43,43,1,0x8,+2.25,+0,-0.0625,R,421.625,304,51.4375
sprint_sja_leer,44,44,1,0x8,+2.25,+0,-0.3125,R,423.875,304,51.125
sprint_sja_leer,45,45,1,0x8,+2.25,+0,-0.5625,R,426.125,304,50.5625
sprint_sja_leer,46,46,1,0x8,+2.25,+0,-0.8125,R,428.375,304,49.75
sprint_sja_leer,47,47,1,0x8,+2.25,+0,-1.0625,R,430.625,304,48.6875
sprint_sja_leer,48,48,1,0x8,+2.25,+0,-1.3125,R,432.875,304,47.375
sprint_sja_leer,49,49,1,0x8,+2.25,+0,-1.5625,R,435.125,304,45.8125
sprint_sja_leer,50,50,1,0x8,+2.25,+0,-1.8125,R,437.375,304,44
sprint_sja_leer,51,51,1,0x8,+2.25,+0,-2.0625,R,439.625,304,41.9375
sprint_sja_leer,52,52,1,0x8,+2.25,+0,-2.3125,R,441.875,304,39.625
sprint_sja_leer,53,53,1,0x8,+2.25,+0,-2.5625,R,444.125,304,37.0625
sprint_sja_leer,54,54,1,0x8,+2.25,+0,-2.8125,R,446.375,304,34.25
sprint_sja_leer,55,55,1,0x8,+2.25,+0,-3.0625,R,448.625,304,31.1875
sprint_sja_leer,56,56,1,0x8,+2.25,+0,-3.3125,R,450.875,304,27.875
sprint_sja_leer,57,57,1,0x8,+2.25,+0,-3.5625,R,453.125,304,24.3125
sprint_sja_leer,58,58,1,0x8,+2.25,+0,-3.8125,R,455.375,304,20.5
sprint_sja_leer,59,59,1,0x8,+2.25,+0,-4.0625,R,457.625,304,16.4375
sprint_sja_leer,60,60,1,0x8,+2.25,+0,-4.3125,R,459.875,304,12.125
sprint_sja_leer,61,61,1,0x8,+2.25,+0,-4.5625,R,462.125,304,7.5625
sprint_sja_leer,62,62,1,0x8,+2.25,+0,-4.8125,R,464.375,304,2.75
sprint_sja_leer,63,63,1,0x8,+2.25,+0,-2.0625,R,466.625,304,0.6875
sprint_sja_leer,64,68,5,0x8,+0,+0,+0,R,466.625,304,0.6875
sprint_sja_leer,69,69,1,0x0,+0,+0,+0,R,466.625,304,0.6875
sprint_sja_leer,70,80,11,0x0,+1.75,+0,+0,R,485.875,304,0.6875
sprint_sja_leer,81,81,1,0x0,+1.75,+0,+0,-,487.625,304,0.6875
sprint_sja_leer,82,90,9,0x0,+0,+0,+0,-,487.625,304,0.6875
sprint_sj_20,2,2,1,0x0,+0,+0,+0,R,320,304,0.25
sprint_sj_20,3,3,1,0x0,+1.75,+0,+0,R,321.75,304,0.25
sprint_sj_20,4,4,1,0x0,+1.75,+0,+0,-,323.5,304,0.25
sprint_sj_20,5,5,1,0x0,+0,+0,+0,-,323.5,304,0.25
sprint_sj_20,6,6,1,0x0,+0,+0,+0,R,323.5,304,0.25
sprint_sj_20,7,7,1,0x2,+1.75,+0,+0,R,325.25,304,0.25
sprint_sj_20,8,12,5,0x2,+3.875,+0,+0,R,344.625,304,0.25
sprint_sj_20,13,18,6,0x2,+3.75,+0,+0,R,367.125,304,0.25
sprint_sj_20,19,19,1,0x2,+3.625,+0,+0,R,370.75,304,0.25
sprint_sj_20,20,20,1,0x2,+3.625,+0,+0,J+R,374.375,304,0.25
sprint_sj_20,21,21,1,0x4,+0,+0,+0,J+R,374.375,304,0.25
sprint_sj_20,22,22,1,0x4,+2.25,+0,+4.9375,R,376.625,304,5.1875
sprint_sj_20,23,23,1,0x4,+2.25,+0,+4.6875,R,378.875,304,9.875
sprint_sj_20,24,24,1,0x4,+2.25,+0,+4.4375,R,381.125,304,14.3125
sprint_sj_20,25,25,1,0x4,+2.25,+0,+4.1875,R,383.375,304,18.5
sprint_sj_20,26,26,1,0x4,+2.25,+0,+3.9375,R,385.625,304,22.4375
sprint_sj_20,27,27,1,0x4,+2.25,+0,+3.6875,R,387.875,304,26.125
sprint_sj_20,28,28,1,0x4,+2.25,+0,+3.4375,R,390.125,304,29.5625
sprint_sj_20,29,29,1,0x4,+2.25,+0,+3.1875,R,392.375,304,32.75
sprint_sj_20,30,30,1,0x4,+2.25,+0,+2.9375,R,394.625,304,35.6875
sprint_sj_20,31,31,1,0x4,+2.25,+0,+2.6875,R,396.875,304,38.375
sprint_sj_20,32,32,1,0x4,+2.25,+0,+2.4375,R,399.125,304,40.8125
sprint_sj_20,33,33,1,0x4,+2.25,+0,+2.1875,R,401.375,304,43
sprint_sj_20,34,34,1,0x4,+2.25,+0,+1.9375,R,403.625,304,44.9375
sprint_sj_20,35,35,1,0x4,+2.25,+0,+1.6875,R,405.875,304,46.625
sprint_sj_20,36,36,1,0x4,+2.25,+0,+1.4375,R,408.125,304,48.0625
sprint_sj_20,37,37,1,0x4,+2.25,+0,+1.1875,R,410.375,304,49.25
sprint_sj_20,38,38,1,0x4,+2.25,+0,+0.9375,R,412.625,304,50.1875
sprint_sj_20,39,39,1,0x4,+2.25,+0,+0.6875,R,414.875,304,50.875
sprint_sj_20,40,40,1,0x4,+2.25,+0,+0.4375,R,417.125,304,51.3125
sprint_sj_20,41,41,1,0x4,+2.25,+0,+0.1875,R,419.375,304,51.5
sprint_sj_20,42,42,1,0x4,+2.25,+0,-0.0625,R,421.625,304,51.4375
sprint_sj_20,43,43,1,0x4,+2.25,+0,-0.3125,R,423.875,304,51.125
sprint_sj_20,44,44,1,0x4,+2.25,+0,-0.5625,R,426.125,304,50.5625
sprint_sj_20,45,45,1,0x4,+2.25,+0,-0.8125,R,428.375,304,49.75
sprint_sj_20,46,46,1,0x4,+2.25,+0,-1.0625,R,430.625,304,48.6875
sprint_sj_20,47,47,1,0x4,+2.25,+0,-1.3125,R,432.875,304,47.375
sprint_sj_20,48,48,1,0x4,+2.25,+0,-1.5625,R,435.125,304,45.8125
sprint_sj_20,49,49,1,0x4,+2.25,+0,-1.8125,R,437.375,304,44
sprint_sj_20,50,50,1,0x4,+2.25,+0,-2.0625,R,439.625,304,41.9375
sprint_sj_20,51,51,1,0x4,+2.25,+0,-2.3125,R,441.875,304,39.625
sprint_sj_20,52,52,1,0x4,+2.25,+0,-2.5625,R,444.125,304,37.0625
sprint_sj_20,53,53,1,0x4,+2.25,+0,-2.8125,R,446.375,304,34.25
sprint_sj_20,54,54,1,0x4,+2.25,+0,-3.0625,R,448.625,304,31.1875
sprint_sj_20,55,55,1,0x4,+2.25,+0,-3.3125,R,450.875,304,27.875
sprint_sj_20,56,56,1,0x4,+2.25,+0,-3.5625,R,453.125,304,24.3125
sprint_sj_20,57,57,1,0x4,+2.25,+0,-3.8125,R,455.375,304,20.5
sprint_sj_20,58,58,1,0x4,+2.25,+0,-4.0625,R,457.625,304,16.4375
sprint_sj_20,59,59,1,0x4,+2.25,+0,-4.3125,R,459.875,304,12.125
sprint_sj_20,60,60,1,0x4,+2.25,+0,-4.5625,R,462.125,304,7.5625
sprint_sj_20,61,61,1,0x4,+2.25,+0,-4.8125,R,464.375,304,2.75
sprint_sj_20,62,62,1,0x4,+2.25,+0,-2.0625,R,466.625,304,0.6875
sprint_sj_20,63,67,5,0x4,+0,+0,+0,R,466.625,304,0.6875
sprint_sj_20,68,68,1,0x0,+0,+0,+0,R,466.625,304,0.6875
sprint_sj_20,69,80,12,0x0,+1.75,+0,+0,R,487.625,304,0.6875
sprint_sj_60,2,2,1,0x0,+0,+0,+0,R,320,304,0.25
sprint_sj_60,3,3,1,0x0,+1.75,+0,+0,R,321.75,304,0.25
sprint_sj_60,4,4,1,0x0,+1.75,+0,+0,-,323.5,304,0.25
sprint_sj_60,5,5,1,0x0,+0,+0,+0,-,323.5,304,0.25
sprint_sj_60,6,6,1,0x0,+0,+0,+0,R,323.5,304,0.25
sprint_sj_60,7,7,1,0x2,+1.75,+0,+0,R,325.25,304,0.25
sprint_sj_60,8,12,5,0x2,+3.875,+0,+0,R,344.625,304,0.25
sprint_sj_60,13,18,6,0x2,+3.75,+0,+0,R,367.125,304,0.25
sprint_sj_60,19,24,6,0x2,+3.625,+0,+0,R,388.875,304,0.25
sprint_sj_60,25,30,6,0x2,+3.5,+0,+0,R,409.875,304,0.25
sprint_sj_60,31,36,6,0x2,+3.375,+0,+0,R,430.125,304,0.25
sprint_sj_60,37,42,6,0x2,+3.25,+0,+0,R,449.625,304,0.25
sprint_sj_60,43,48,6,0x2,+3.125,+0,+0,R,468.375,304,0.25
sprint_sj_60,49,54,6,0x2,+3,+0,+0,R,486.375,304,0.25
sprint_sj_60,55,59,5,0x2,+2.875,+0,+0,R,500.75,304,0.25
sprint_sj_60,60,60,1,0x2,+2.875,+0,+0,J+R,503.625,304,0.25
sprint_sj_60,61,61,1,0x4,+0,+0,+0,J+R,503.625,304,0.25
sprint_sj_60,62,62,1,0x4,+2.25,+0,+4.9375,R,505.875,304,5.1875
sprint_sj_60,63,63,1,0x4,+2.25,+0,+4.6875,R,508.125,304,9.875
sprint_sj_60,64,64,1,0x4,+2.25,+0,+4.4375,R,510.375,304,14.3125
sprint_sj_60,65,65,1,0x4,+2.25,+0,+4.1875,R,512.625,304,18.5
sprint_sj_60,66,66,1,0x4,+2.25,+0,+3.9375,R,514.875,304,22.4375
sprint_sj_60,67,67,1,0x4,+2.25,+0,+3.6875,R,517.125,304,26.125
sprint_sj_60,68,68,1,0x4,+2.25,+0,+3.4375,R,519.375,304,29.5625
sprint_sj_60,69,69,1,0x4,+2.25,+0,+3.1875,R,521.625,304,32.75
sprint_sj_60,70,70,1,0x4,+2.25,+0,+2.9375,R,523.875,304,35.6875
sprint_sj_60,71,71,1,0x4,+2.25,+0,+2.6875,R,526.125,304,38.375
sprint_sj_60,72,72,1,0x4,+2.25,+0,+2.4375,R,528.375,304,40.8125
sprint_sj_60,73,73,1,0x4,+2.25,+0,+2.1875,R,530.625,304,43
sprint_sj_60,74,74,1,0x4,+2.25,+0,+1.9375,R,532.875,304,44.9375
sprint_sj_60,75,75,1,0x4,+2.25,+0,+1.6875,R,535.125,304,46.625
sprint_sj_60,76,76,1,0x4,+2.25,+0,+1.4375,R,537.375,304,48.0625
sprint_sj_60,77,77,1,0x4,+2.25,+0,+1.1875,R,539.625,304,49.25
sprint_sj_60,78,78,1,0x4,+2.25,+0,+0.9375,R,541.875,304,50.1875
sprint_sj_60,79,79,1,0x4,+2.25,+0,+0.6875,R,544.125,304,50.875
sprint_sj_60,80,80,1,0x4,+2.25,+0,+0.4375,R,546.375,304,51.3125
sprint_sj_60,81,81,1,0x4,+2.25,+0,+0.1875,R,548.625,304,51.5
sprint_sj_60,82,82,1,0x4,+2.25,+0,-0.0625,R,550.875,304,51.4375
sprint_sj_60,83,83,1,0x4,+2.25,+0,-0.3125,R,553.125,304,51.125
sprint_sj_60,84,84,1,0x4,+2.25,+0,-0.5625,R,555.375,304,50.5625
sprint_sj_60,85,85,1,0x4,+2.25,+0,-0.8125,R,557.625,304,49.75
sprint_sj_60,86,86,1,0x4,+2.25,+0,-1.0625,R,559.875,304,48.6875
sprint_sj_60,87,87,1,0x4,+2.25,+0,-1.3125,R,562.125,304,47.375
sprint_sj_60,88,88,1,0x4,+2.25,+0,-1.5625,R,564.375,304,45.8125
sprint_sj_60,89,89,1,0x4,+2.25,+0,-1.8125,R,566.625,304,44
sprint_sj_60,90,90,1,0x4,+2.25,+0,-2.0625,R,568.875,304,41.9375
sprint_sj_60,91,91,1,0x4,+2.25,+0,-2.3125,R,571.125,304,39.625
sprint_sj_60,92,92,1,0x4,+2.25,+0,-2.5625,R,573.375,304,37.0625
sprint_sj_60,93,93,1,0x4,+2.25,+0,-2.8125,R,575.625,304,34.25
sprint_sj_60,94,94,1,0x4,+2.25,+0,-3.0625,R,577.875,304,31.1875
sprint_sj_60,95,95,1,0x4,+2.25,+0,-3.3125,R,580.125,304,27.875
sprint_sj_60,96,96,1,0x4,+2.25,+0,-3.5625,R,582.375,304,24.3125
sprint_sj_60,97,97,1,0x4,+2.25,+0,-3.8125,R,584.625,304,20.5
sprint_sj_60,98,98,1,0x4,+2.25,+0,-4.0625,R,586.875,304,16.4375
sprint_sj_60,99,99,1,0x4,+2.25,+0,-4.3125,R,589.125,304,12.125
sprint_sj_60,100,100,1,0x4,+2.25,+0,-4.5625,R,591.375,304,7.5625
sprint_sj_60,101,101,1,0x4,+2.25,+0,-4.8125,R,593.625,304,2.75
sprint_sj_60,102,102,1,0x4,+2.25,+0,-2.0625,R,595.875,304,0.6875
sprint_sj_60,103,107,5,0x4,+0,+0,+0,R,595.875,304,0.6875
sprint_sj_60,108,108,1,0x0,+0,+0,+0,R,595.875,304,0.6875
sprint_sj_60,109,120,12,0x0,+1.75,+0,+0,R,616.875,304,0.6875
sprint_sj_norm,2,19,18,0x0,+0,+0,+0,-,320,304,0.25
sprint_sj_norm,20,20,1,0x0,+0,+0,+0,J+R,320,304,0.25
sprint_sj_norm,21,21,1,0xa,+0,+0,+0,J+R,320,304,0.25
sprint_sj_norm,22,22,1,0xa,+2.25,+0,+4.9375,-,322.25,304,5.1875
sprint_sj_norm,23,23,1,0xa,+2.25,+0,+4.6875,-,324.5,304,9.875
sprint_sj_norm,24,24,1,0xa,+2.25,+0,+4.4375,-,326.75,304,14.3125
sprint_sj_norm,25,25,1,0xa,+2.25,+0,+4.1875,-,329,304,18.5
sprint_sj_norm,26,26,1,0xa,+2.25,+0,+3.9375,-,331.25,304,22.4375
sprint_sj_norm,27,27,1,0xa,+2.25,+0,+3.6875,-,333.5,304,26.125
sprint_sj_norm,28,28,1,0xa,+2.25,+0,+3.4375,-,335.75,304,29.5625
sprint_sj_norm,29,29,1,0xa,+2.25,+0,+3.1875,-,338,304,32.75
sprint_sj_norm,30,30,1,0xa,+2.25,+0,+2.9375,-,340.25,304,35.6875
sprint_sj_norm,31,31,1,0xa,+2.25,+0,+2.6875,-,342.5,304,38.375
sprint_sj_norm,32,32,1,0xa,+2.25,+0,+2.4375,-,344.75,304,40.8125
sprint_sj_norm,33,33,1,0xa,+2.25,+0,+2.1875,-,347,304,43
sprint_sj_norm,34,34,1,0xa,+2.25,+0,+1.9375,-,349.25,304,44.9375
sprint_sj_norm,35,35,1,0xa,+2.25,+0,+1.6875,-,351.5,304,46.625
sprint_sj_norm,36,36,1,0xa,+2.25,+0,+1.4375,-,353.75,304,48.0625
sprint_sj_norm,37,37,1,0xa,+2.25,+0,+1.1875,-,356,304,49.25
sprint_sj_norm,38,38,1,0xa,+2.25,+0,+0.9375,-,358.25,304,50.1875
sprint_sj_norm,39,39,1,0xa,+2.25,+0,+0.6875,-,360.5,304,50.875
sprint_sj_norm,40,40,1,0xa,+2.25,+0,+0.4375,-,362.75,304,51.3125
sprint_sj_norm,41,41,1,0xa,+2.25,+0,+0.1875,-,365,304,51.5
sprint_sj_norm,42,42,1,0xa,+2.25,+0,-0.0625,-,367.25,304,51.4375
sprint_sj_norm,43,43,1,0xa,+2.25,+0,-0.3125,-,369.5,304,51.125
sprint_sj_norm,44,44,1,0xa,+2.25,+0,-0.5625,-,371.75,304,50.5625
sprint_sj_norm,45,45,1,0xa,+2.25,+0,-0.8125,-,374,304,49.75
sprint_sj_norm,46,46,1,0xa,+2.25,+0,-1.0625,-,376.25,304,48.6875
sprint_sj_norm,47,47,1,0xa,+2.25,+0,-1.3125,-,378.5,304,47.375
sprint_sj_norm,48,48,1,0xa,+2.25,+0,-1.5625,-,380.75,304,45.8125
sprint_sj_norm,49,49,1,0xa,+2.25,+0,-1.8125,-,383,304,44
sprint_sj_norm,50,50,1,0xa,+2.25,+0,-2.0625,-,385.25,304,41.9375
sprint_sj_norm,51,51,1,0xa,+2.25,+0,-2.3125,-,387.5,304,39.625
sprint_sj_norm,52,52,1,0xa,+2.25,+0,-2.5625,-,389.75,304,37.0625
sprint_sj_norm,53,53,1,0xa,+2.25,+0,-2.8125,-,392,304,34.25
sprint_sj_norm,54,54,1,0xa,+2.25,+0,-3.0625,-,394.25,304,31.1875
sprint_sj_norm,55,55,1,0xa,+2.25,+0,-3.3125,-,396.5,304,27.875
sprint_sj_norm,56,56,1,0xa,+2.25,+0,-3.5625,-,398.75,304,24.3125
sprint_sj_norm,57,57,1,0xa,+2.25,+0,-3.8125,-,401,304,20.5
sprint_sj_norm,58,58,1,0xa,+2.25,+0,-4.0625,-,403.25,304,16.4375
sprint_sj_norm,59,59,1,0xa,+2.25,+0,-4.3125,-,405.5,304,12.125
sprint_sj_norm,60,60,1,0xa,+2.25,+0,-4.5625,-,407.75,304,7.5625
sprint_sj_norm,61,61,1,0xa,+2.25,+0,-4.8125,-,410,304,2.75
sprint_sj_norm,62,62,1,0xa,+2.25,+0,-2.0625,-,412.25,304,0.6875
sprint_sj_norm,63,67,5,0xa,+0,+0,+0,-,412.25,304,0.6875
sprint_sj_norm,68,80,13,0x0,+0,+0,+0,-,412.25,304,0.6875
sprint_sp_spezial,2,2,1,0x0,+0,+0,+0,R,320,304,0.25
sprint_sp_spezial,3,3,1,0x0,+1.75,+0,+0,R,321.75,304,0.25
sprint_sp_spezial,4,4,1,0x0,+1.75,+0,+0,-,323.5,304,0.25
sprint_sp_spezial,5,5,1,0x0,+0,+0,+0,-,323.5,304,0.25
sprint_sp_spezial,6,6,1,0x0,+0,+0,+0,R,323.5,304,0.25
sprint_sp_spezial,7,7,1,0x2,+1.75,+0,+0,R,325.25,304,0.25
sprint_sp_spezial,8,12,5,0x2,+3.875,+0,+0,R,344.625,304,0.25
sprint_sp_spezial,13,18,6,0x2,+3.75,+0,+0,R,367.125,304,0.25
sprint_sp_spezial,19,19,1,0x2,+3.625,+0,+0,R,370.75,304,0.25
sprint_sp_spezial,20,20,1,0x2,+3.625,+0,+0,A+J+R,374.375,304,0.25
sprint_sp_spezial,21,21,1,0x14,+0,+0,+0,A+J+R,374.375,304,0.25
sprint_sp_spezial,22,60,39,0x14,+0,+0,+0,R,374.375,304,0.25
sprint_sp_spezial,61,70,10,0x14,+0,+0,+0,-,374.375,304,0.25
sprint_sp_spezial,71,90,20,0x0,+0,+0,+0,-,374.375,304,0.25
# Ereignisse aller Laeufe (messen_a5.py sprint)
lauf,figur,bezug,frame,rel,ereignis,slot,wert,dx,dz,hoehe
sprint_d3_rut_l18,1,20,2,-18,eingabe R,,,,,
sprint_d3_rut_l18,1,20,4,-16,eingabe -,,,,,
sprint_d3_rut_l18,1,20,6,-14,eingabe R,,,,,
sprint_d3_rut_l18,1,20,7,-13,aktion 0x0->0x2,,,,,0
sprint_d3_rut_l18,1,20,19,-1,eingabe -,,,,,
sprint_d3_rut_l18,1,20,20,+0,aktion 0x2->0x0,,,,,0
sprint_d3_rut_l18,1,20,20,+0,eingabe A,,,,,
sprint_d3_rut_l18,1,20,21,+1,aktion 0x0->0x10,,,,,0
sprint_d3_rut_l18,1,20,22,+2,eingabe -,,,,,
sprint_d3_rut_l18,1,20,37,+17,aktion 0x10->0x0,,,,,0
sprint_d3_rut_l19,1,20,2,-18,eingabe R,,,,,
sprint_d3_rut_l19,1,20,4,-16,eingabe -,,,,,
sprint_d3_rut_l19,1,20,6,-14,eingabe R,,,,,
sprint_d3_rut_l19,1,20,7,-13,aktion 0x0->0x2,,,,,0
sprint_d3_rut_l19,1,20,20,+0,eingabe A,,,,,
sprint_d3_rut_l19,1,20,21,+1,aktion 0x2->0x6,,,,,0
sprint_d3_rut_l19,1,20,22,+2,eingabe -,,,,,
sprint_d3_rut_l19,1,20,56,+36,aktion 0x6->0x0,,,,,0
sprint_d3_rut_l20,1,20,2,-18,eingabe R,,,,,
sprint_d3_rut_l20,1,20,4,-16,eingabe -,,,,,
sprint_d3_rut_l20,1,20,6,-14,eingabe R,,,,,
sprint_d3_rut_l20,1,20,7,-13,aktion 0x0->0x2,,,,,0
sprint_d3_rut_l20,1,20,20,+0,eingabe A+R,,,,,
sprint_d3_rut_l20,1,20,21,+1,aktion 0x2->0x6,,,,,0
sprint_d3_rut_l20,1,20,21,+1,eingabe A,,,,,
sprint_d3_rut_l20,1,20,22,+2,eingabe -,,,,,
sprint_d3_rut_l20,1,20,56,+36,aktion 0x6->0x0,,,,,0
sprint_d3_rut_l21,1,20,2,-18,eingabe R,,,,,
sprint_d3_rut_l21,1,20,4,-16,eingabe -,,,,,
sprint_d3_rut_l21,1,20,6,-14,eingabe R,,,,,
sprint_d3_rut_l21,1,20,7,-13,aktion 0x0->0x2,,,,,0
sprint_d3_rut_l21,1,20,20,+0,eingabe A+R,,,,,
sprint_d3_rut_l21,1,20,21,+1,aktion 0x2->0x6,,,,,0
sprint_d3_rut_l21,1,20,22,+2,eingabe -,,,,,
sprint_d3_rut_l21,1,20,56,+36,aktion 0x6->0x0,,,,,0
sprint_d3_sja13_e_v60_a33_t46,1,33,2,-31,eingabe R,,,,,
sprint_d3_sja13_e_v60_a33_t46,1,33,4,-29,eingabe -,,,,,
sprint_d3_sja13_e_v60_a33_t46,1,33,6,-27,eingabe R,,,,,
sprint_d3_sja13_e_v60_a33_t46,1,33,7,-26,aktion 0x0->0x2,,,,,0
sprint_d3_sja13_e_v60_a33_t46,1,33,9,-24,eingabe J+R,,,,,
sprint_d3_sja13_e_v60_a33_t46,1,33,10,-23,aktion 0x2->0x4,,,,,0
sprint_d3_sja13_e_v60_a33_t46,1,33,11,-22,eingabe R,,,,,
sprint_d3_sja13_e_v60_a33_t46,1,33,33,+0,eingabe A+R,,,,,
sprint_d3_sja13_e_v60_a33_t46,1,33,34,+1,aktion 0x4->0x8,,,,,50
sprint_d3_sja13_e_v60_a33_t46,1,33,35,+2,eingabe R,,,,,
sprint_d3_sja13_e_v60_a34_t47,1,34,2,-32,eingabe R,,,,,
sprint_d3_sja13_e_v60_a34_t47,1,34,4,-30,eingabe -,,,,,
sprint_d3_sja13_e_v60_a34_t47,1,34,6,-28,eingabe R,,,,,
sprint_d3_sja13_e_v60_a34_t47,1,34,7,-27,aktion 0x0->0x2,,,,,0
sprint_d3_sja13_e_v60_a34_t47,1,34,9,-25,eingabe J+R,,,,,
sprint_d3_sja13_e_v60_a34_t47,1,34,10,-24,aktion 0x2->0x4,,,,,0
sprint_d3_sja13_e_v60_a34_t47,1,34,11,-23,eingabe R,,,,,
sprint_d3_sja13_e_v60_a34_t47,1,34,34,+0,eingabe A+R,,,,,
sprint_d3_sja13_e_v60_a34_t47,1,34,35,+1,aktion 0x4->0x8,,,,,49
sprint_d3_sja13_e_v60_a34_t47,1,34,36,+2,eingabe R,,,,,
sprint_d3_sja13_e_v60_a35_t48,1,35,2,-33,eingabe R,,,,,
sprint_d3_sja13_e_v60_a35_t48,1,35,4,-31,eingabe -,,,,,
sprint_d3_sja13_e_v60_a35_t48,1,35,6,-29,eingabe R,,,,,
sprint_d3_sja13_e_v60_a35_t48,1,35,7,-28,aktion 0x0->0x2,,,,,0
sprint_d3_sja13_e_v60_a35_t48,1,35,9,-26,eingabe J+R,,,,,
sprint_d3_sja13_e_v60_a35_t48,1,35,10,-25,aktion 0x2->0x4,,,,,0
sprint_d3_sja13_e_v60_a35_t48,1,35,11,-24,eingabe R,,,,,
sprint_d3_sja13_e_v60_a35_t48,1,35,35,+0,eingabe A+R,,,,,
sprint_d3_sja13_e_v60_a35_t48,1,35,36,+1,aktion 0x4->0x8,,,,,48
sprint_d3_sja13_e_v60_a35_t48,1,35,37,+2,eingabe R,,,,,
sprint_d3_sja13_e_v60_a35_t48,1,35,48,+13,treffer,17,13,55,0,0
sprint_d3_sja13_e_v60_a35_t48,1,35,49,+14,umgeworfen,17,,200,0,0
sprint_d3_sja13_e_v100_a33_t46,1,33,2,-31,eingabe R,,,,,
sprint_d3_sja13_e_v100_a33_t46,1,33,4,-29,eingabe -,,,,,
sprint_d3_sja13_e_v100_a33_t46,1,33,6,-27,eingabe R,,,,,
sprint_d3_sja13_e_v100_a33_t46,1,33,7,-26,aktion 0x0->0x2,,,,,0
sprint_d3_sja13_e_v100_a33_t46,1,33,9,-24,eingabe J+R,,,,,
sprint_d3_sja13_e_v100_a33_t46,1,33,10,-23,aktion 0x2->0x4,,,,,0
sprint_d3_sja13_e_v100_a33_t46,1,33,11,-22,eingabe R,,,,,
sprint_d3_sja13_e_v100_a33_t46,1,33,33,+0,eingabe A+R,,,,,
sprint_d3_sja13_e_v100_a33_t46,1,33,34,+1,aktion 0x4->0x8,,,,,50
sprint_d3_sja13_e_v100_a33_t46,1,33,35,+2,eingabe R,,,,,
sprint_d3_sja13_e_v100_a34_t47,1,34,2,-32,eingabe R,,,,,
sprint_d3_sja13_e_v100_a34_t47,1,34,4,-30,eingabe -,,,,,
sprint_d3_sja13_e_v100_a34_t47,1,34,6,-28,eingabe R,,,,,
sprint_d3_sja13_e_v100_a34_t47,1,34,7,-27,aktion 0x0->0x2,,,,,0
sprint_d3_sja13_e_v100_a34_t47,1,34,9,-25,eingabe J+R,,,,,
sprint_d3_sja13_e_v100_a34_t47,1,34,10,-24,aktion 0x2->0x4,,,,,0
sprint_d3_sja13_e_v100_a34_t47,1,34,11,-23,eingabe R,,,,,
sprint_d3_sja13_e_v100_a34_t47,1,34,34,+0,eingabe A+R,,,,,
sprint_d3_sja13_e_v100_a34_t47,1,34,35,+1,aktion 0x4->0x8,,,,,49
sprint_d3_sja13_e_v100_a34_t47,1,34,36,+2,eingabe R,,,,,
sprint_d3_sja13_e_v100_a35_t48,1,35,2,-33,eingabe R,,,,,
sprint_d3_sja13_e_v100_a35_t48,1,35,4,-31,eingabe -,,,,,
sprint_d3_sja13_e_v100_a35_t48,1,35,6,-29,eingabe R,,,,,
sprint_d3_sja13_e_v100_a35_t48,1,35,7,-28,aktion 0x0->0x2,,,,,0
sprint_d3_sja13_e_v100_a35_t48,1,35,9,-26,eingabe J+R,,,,,
sprint_d3_sja13_e_v100_a35_t48,1,35,10,-25,aktion 0x2->0x4,,,,,0
sprint_d3_sja13_e_v100_a35_t48,1,35,11,-24,eingabe R,,,,,
sprint_d3_sja13_e_v100_a35_t48,1,35,35,+0,eingabe A+R,,,,,
sprint_d3_sja13_e_v100_a35_t48,1,35,36,+1,aktion 0x4->0x8,,,,,48
sprint_d3_sja13_e_v100_a35_t48,1,35,37,+2,eingabe R,,,,,
sprint_d3_sja13_e_v100_a35_t48,1,35,48,+13,treffer,17,13,95,0,0
sprint_d3_sja13_e_v100_a35_t48,1,35,49,+14,umgeworfen,17,,200,0,0
sprint_d3_sja13_w_v60_a33_t46,1,33,2,-31,eingabe R,,,,,
sprint_d3_sja13_w_v60_a33_t46,1,33,4,-29,eingabe -,,,,,
sprint_d3_sja13_w_v60_a33_t46,1,33,6,-27,eingabe R,,,,,
sprint_d3_sja13_w_v60_a33_t46,1,33,7,-26,aktion 0x0->0x2,,,,,0
sprint_d3_sja13_w_v60_a33_t46,1,33,9,-24,eingabe J+R,,,,,
sprint_d3_sja13_w_v60_a33_t46,1,33,10,-23,aktion 0x2->0x4,,,,,0
sprint_d3_sja13_w_v60_a33_t46,1,33,11,-22,eingabe R,,,,,
sprint_d3_sja13_w_v60_a33_t46,1,33,33,+0,eingabe A+R,,,,,
sprint_d3_sja13_w_v60_a33_t46,1,33,34,+1,aktion 0x4->0x8,,,,,50
sprint_d3_sja13_w_v60_a33_t46,1,33,35,+2,eingabe R,,,,,
sprint_d3_sja13_w_v60_a34_t47,1,34,2,-32,eingabe R,,,,,
sprint_d3_sja13_w_v60_a34_t47,1,34,4,-30,eingabe -,,,,,
sprint_d3_sja13_w_v60_a34_t47,1,34,6,-28,eingabe R,,,,,
sprint_d3_sja13_w_v60_a34_t47,1,34,7,-27,aktion 0x0->0x2,,,,,0
sprint_d3_sja13_w_v60_a34_t47,1,34,9,-25,eingabe J+R,,,,,
sprint_d3_sja13_w_v60_a34_t47,1,34,10,-24,aktion 0x2->0x4,,,,,0
sprint_d3_sja13_w_v60_a34_t47,1,34,11,-23,eingabe R,,,,,
sprint_d3_sja13_w_v60_a34_t47,1,34,34,+0,eingabe A+R,,,,,
sprint_d3_sja13_w_v60_a34_t47,1,34,35,+1,aktion 0x4->0x8,,,,,49
sprint_d3_sja13_w_v60_a34_t47,1,34,36,+2,eingabe R,,,,,
sprint_d3_sja13_w_v60_a35_t48,1,35,2,-33,eingabe R,,,,,
sprint_d3_sja13_w_v60_a35_t48,1,35,4,-31,eingabe -,,,,,
sprint_d3_sja13_w_v60_a35_t48,1,35,6,-29,eingabe R,,,,,
sprint_d3_sja13_w_v60_a35_t48,1,35,7,-28,aktion 0x0->0x2,,,,,0
sprint_d3_sja13_w_v60_a35_t48,1,35,9,-26,eingabe J+R,,,,,
sprint_d3_sja13_w_v60_a35_t48,1,35,10,-25,aktion 0x2->0x4,,,,,0
sprint_d3_sja13_w_v60_a35_t48,1,35,11,-24,eingabe R,,,,,
sprint_d3_sja13_w_v60_a35_t48,1,35,35,+0,eingabe A+R,,,,,
sprint_d3_sja13_w_v60_a35_t48,1,35,36,+1,aktion 0x4->0x8,,,,,48
sprint_d3_sja13_w_v60_a35_t48,1,35,37,+2,eingabe R,,,,,
sprint_d3_sja13_w_v60_a35_t48,1,35,48,+13,treffer,18,13,55,0,0
sprint_d3_sja13_w_v60_a35_t48,1,35,49,+14,umgeworfen,18,,200,0,0
sprint_d3_sja13_w_v100_a33_t46,1,33,2,-31,eingabe R,,,,,
sprint_d3_sja13_w_v100_a33_t46,1,33,4,-29,eingabe -,,,,,
sprint_d3_sja13_w_v100_a33_t46,1,33,6,-27,eingabe R,,,,,
sprint_d3_sja13_w_v100_a33_t46,1,33,7,-26,aktion 0x0->0x2,,,,,0
sprint_d3_sja13_w_v100_a33_t46,1,33,9,-24,eingabe J+R,,,,,
sprint_d3_sja13_w_v100_a33_t46,1,33,10,-23,aktion 0x2->0x4,,,,,0
sprint_d3_sja13_w_v100_a33_t46,1,33,11,-22,eingabe R,,,,,
sprint_d3_sja13_w_v100_a33_t46,1,33,33,+0,eingabe A+R,,,,,
sprint_d3_sja13_w_v100_a33_t46,1,33,34,+1,aktion 0x4->0x8,,,,,50
sprint_d3_sja13_w_v100_a33_t46,1,33,35,+2,eingabe R,,,,,
sprint_d3_sja13_w_v100_a34_t47,1,34,2,-32,eingabe R,,,,,
sprint_d3_sja13_w_v100_a34_t47,1,34,4,-30,eingabe -,,,,,
sprint_d3_sja13_w_v100_a34_t47,1,34,6,-28,eingabe R,,,,,
sprint_d3_sja13_w_v100_a34_t47,1,34,7,-27,aktion 0x0->0x2,,,,,0
sprint_d3_sja13_w_v100_a34_t47,1,34,9,-25,eingabe J+R,,,,,
sprint_d3_sja13_w_v100_a34_t47,1,34,10,-24,aktion 0x2->0x4,,,,,0
sprint_d3_sja13_w_v100_a34_t47,1,34,11,-23,eingabe R,,,,,
sprint_d3_sja13_w_v100_a34_t47,1,34,34,+0,eingabe A+R,,,,,
sprint_d3_sja13_w_v100_a34_t47,1,34,35,+1,aktion 0x4->0x8,,,,,49
sprint_d3_sja13_w_v100_a34_t47,1,34,36,+2,eingabe R,,,,,
sprint_d3_sja13_w_v100_a35_t48,1,35,2,-33,eingabe R,,,,,
sprint_d3_sja13_w_v100_a35_t48,1,35,4,-31,eingabe -,,,,,
sprint_d3_sja13_w_v100_a35_t48,1,35,6,-29,eingabe R,,,,,
sprint_d3_sja13_w_v100_a35_t48,1,35,7,-28,aktion 0x0->0x2,,,,,0
sprint_d3_sja13_w_v100_a35_t48,1,35,9,-26,eingabe J+R,,,,,
sprint_d3_sja13_w_v100_a35_t48,1,35,10,-25,aktion 0x2->0x4,,,,,0
sprint_d3_sja13_w_v100_a35_t48,1,35,11,-24,eingabe R,,,,,
sprint_d3_sja13_w_v100_a35_t48,1,35,35,+0,eingabe A+R,,,,,
sprint_d3_sja13_w_v100_a35_t48,1,35,36,+1,aktion 0x4->0x8,,,,,48
sprint_d3_sja13_w_v100_a35_t48,1,35,37,+2,eingabe R,,,,,
sprint_d3_sja13_w_v100_a35_t48,1,35,48,+13,treffer,18,13,95,0,0
sprint_d3_sja13_w_v100_a35_t48,1,35,49,+14,umgeworfen,18,,200,0,0
sprint_d3_sjax_e_a30_k20_v34,1,30,2,-28,eingabe R,,,,,
sprint_d3_sjax_e_a30_k20_v34,1,30,4,-26,eingabe -,,,,,
sprint_d3_sjax_e_a30_k20_v34,1,30,6,-24,eingabe R,,,,,
sprint_d3_sjax_e_a30_k20_v34,1,30,7,-23,aktion 0x0->0x2,,,,,0
sprint_d3_sjax_e_a30_k20_v34,1,30,9,-21,eingabe J+R,,,,,
sprint_d3_sjax_e_a30_k20_v34,1,30,10,-20,aktion 0x2->0x4,,,,,0
sprint_d3_sjax_e_a30_k20_v34,1,30,11,-19,eingabe R,,,,,
sprint_d3_sjax_e_a30_k20_v34,1,30,30,+0,eingabe A+R,,,,,
sprint_d3_sjax_e_a30_k20_v34,1,30,31,+1,aktion 0x4->0x8,,,,,51
sprint_d3_sjax_e_a30_k20_v34,1,30,32,+2,eingabe R,,,,,
sprint_d3_sjax_e_a30_k20_v38,1,30,2,-28,eingabe R,,,,,
sprint_d3_sjax_e_a30_k20_v38,1,30,4,-26,eingabe -,,,,,
sprint_d3_sjax_e_a30_k20_v38,1,30,6,-24,eingabe R,,,,,
sprint_d3_sjax_e_a30_k20_v38,1,30,7,-23,aktion 0x0->0x2,,,,,0
sprint_d3_sjax_e_a30_k20_v38,1,30,9,-21,eingabe J+R,,,,,
sprint_d3_sjax_e_a30_k20_v38,1,30,10,-20,aktion 0x2->0x4,,,,,0
sprint_d3_sjax_e_a30_k20_v38,1,30,11,-19,eingabe R,,,,,
sprint_d3_sjax_e_a30_k20_v38,1,30,30,+0,eingabe A+R,,,,,
sprint_d3_sjax_e_a30_k20_v38,1,30,31,+1,aktion 0x4->0x8,,,,,51
sprint_d3_sjax_e_a30_k20_v38,1,30,32,+2,eingabe R,,,,,
sprint_d3_sjax_e_a30_k20_v143,1,30,2,-28,eingabe R,,,,,
sprint_d3_sjax_e_a30_k20_v143,1,30,4,-26,eingabe -,,,,,
sprint_d3_sjax_e_a30_k20_v143,1,30,6,-24,eingabe R,,,,,
sprint_d3_sjax_e_a30_k20_v143,1,30,7,-23,aktion 0x0->0x2,,,,,0
sprint_d3_sjax_e_a30_k20_v143,1,30,9,-21,eingabe J+R,,,,,
sprint_d3_sjax_e_a30_k20_v143,1,30,10,-20,aktion 0x2->0x4,,,,,0
sprint_d3_sjax_e_a30_k20_v143,1,30,11,-19,eingabe R,,,,,
sprint_d3_sjax_e_a30_k20_v143,1,30,30,+0,eingabe A+R,,,,,
sprint_d3_sjax_e_a30_k20_v143,1,30,31,+1,aktion 0x4->0x8,,,,,51
sprint_d3_sjax_e_a30_k20_v143,1,30,32,+2,eingabe R,,,,,
sprint_d3_sjax_e_a30_k20_v143,1,30,50,+20,treffer,17,13,139,0,0
sprint_d3_sjax_e_a30_k20_v143,1,30,51,+21,umgeworfen,17,,198,0,0
sprint_d3_sjax_e_a30_k20_v147,1,30,2,-28,eingabe R,,,,,
sprint_d3_sjax_e_a30_k20_v147,1,30,4,-26,eingabe -,,,,,
sprint_d3_sjax_e_a30_k20_v147,1,30,6,-24,eingabe R,,,,,
sprint_d3_sjax_e_a30_k20_v147,1,30,7,-23,aktion 0x0->0x2,,,,,0
sprint_d3_sjax_e_a30_k20_v147,1,30,9,-21,eingabe J+R,,,,,
sprint_d3_sjax_e_a30_k20_v147,1,30,10,-20,aktion 0x2->0x4,,,,,0
sprint_d3_sjax_e_a30_k20_v147,1,30,11,-19,eingabe R,,,,,
sprint_d3_sjax_e_a30_k20_v147,1,30,30,+0,eingabe A+R,,,,,
sprint_d3_sjax_e_a30_k20_v147,1,30,31,+1,aktion 0x4->0x8,,,,,51
sprint_d3_sjax_e_a30_k20_v147,1,30,32,+2,eingabe R,,,,,
sprint_d3_sjax_e_a30_k20_v147,1,30,50,+20,treffer,17,13,143,0,0
sprint_d3_sjax_e_a30_k20_v147,1,30,51,+21,umgeworfen,17,,198,0,0
sprint_d3_sjax_e_a30_k20_v151,1,30,2,-28,eingabe R,,,,,
sprint_d3_sjax_e_a30_k20_v151,1,30,4,-26,eingabe -,,,,,
sprint_d3_sjax_e_a30_k20_v151,1,30,6,-24,eingabe R,,,,,
sprint_d3_sjax_e_a30_k20_v151,1,30,7,-23,aktion 0x0->0x2,,,,,0
sprint_d3_sjax_e_a30_k20_v151,1,30,9,-21,eingabe J+R,,,,,
sprint_d3_sjax_e_a30_k20_v151,1,30,10,-20,aktion 0x2->0x4,,,,,0
sprint_d3_sjax_e_a30_k20_v151,1,30,11,-19,eingabe R,,,,,
sprint_d3_sjax_e_a30_k20_v151,1,30,30,+0,eingabe A+R,,,,,
sprint_d3_sjax_e_a30_k20_v151,1,30,31,+1,aktion 0x4->0x8,,,,,51
sprint_d3_sjax_e_a30_k20_v151,1,30,32,+2,eingabe R,,,,,
sprint_d3_sjax_e_a30_k20_v151,1,30,50,+20,treffer,17,13,147,0,0
sprint_d3_sjax_e_a30_k20_v151,1,30,51,+21,umgeworfen,17,,198,0,0
sprint_d3_sjax_e_a30_k25_v159,1,30,2,-28,eingabe R,,,,,
sprint_d3_sjax_e_a30_k25_v159,1,30,4,-26,eingabe -,,,,,
sprint_d3_sjax_e_a30_k25_v159,1,30,6,-24,eingabe R,,,,,
sprint_d3_sjax_e_a30_k25_v159,1,30,7,-23,aktion 0x0->0x2,,,,,0
sprint_d3_sjax_e_a30_k25_v159,1,30,9,-21,eingabe J+R,,,,,
sprint_d3_sjax_e_a30_k25_v159,1,30,10,-20,aktion 0x2->0x4,,,,,0
sprint_d3_sjax_e_a30_k25_v159,1,30,11,-19,eingabe R,,,,,
sprint_d3_sjax_e_a30_k25_v159,1,30,30,+0,eingabe A+R,,,,,
sprint_d3_sjax_e_a30_k25_v159,1,30,31,+1,aktion 0x4->0x8,,,,,51
sprint_d3_sjax_e_a30_k25_v159,1,30,32,+2,eingabe R,,,,,
sprint_d3_sjax_e_a30_k25_v159,1,30,55,+25,treffer,17,13,157,0,0
sprint_d3_sjax_e_a30_k25_v159,1,30,56,+26,umgeworfen,17,,200,0,0
sprint_d3_sjax_e_a30_k25_v159,1,30,58,+28,aktion 0x8->0x0,,,,,0
sprint_d3_sjax_e_a30_k25_v159,1,30,59,+29,figur_bewegt,,,,,
sprint_d3_sjax_e_a30_k25_v163,1,30,2,-28,eingabe R,,,,,
sprint_d3_sjax_e_a30_k25_v163,1,30,4,-26,eingabe -,,,,,
sprint_d3_sjax_e_a30_k25_v163,1,30,6,-24,eingabe R,,,,,
sprint_d3_sjax_e_a30_k25_v163,1,30,7,-23,aktion 0x0->0x2,,,,,0
sprint_d3_sjax_e_a30_k25_v163,1,30,9,-21,eingabe J+R,,,,,
sprint_d3_sjax_e_a30_k25_v163,1,30,10,-20,aktion 0x2->0x4,,,,,0
sprint_d3_sjax_e_a30_k25_v163,1,30,11,-19,eingabe R,,,,,
sprint_d3_sjax_e_a30_k25_v163,1,30,30,+0,eingabe A+R,,,,,
sprint_d3_sjax_e_a30_k25_v163,1,30,31,+1,aktion 0x4->0x8,,,,,51
sprint_d3_sjax_e_a30_k25_v163,1,30,32,+2,eingabe R,,,,,
sprint_d3_sjax_e_a30_k25_v163,1,30,55,+25,treffer,17,13,161,0,0
sprint_d3_sjax_e_a30_k25_v163,1,30,56,+26,umgeworfen,17,,200,0,0
sprint_d3_sjax_e_a30_k25_v163,1,30,58,+28,aktion 0x8->0x0,,,,,0
sprint_d3_sjax_e_a30_k25_v163,1,30,59,+29,figur_bewegt,,,,,
sprint_d3_sjax_e_a30_k25_v167,1,30,2,-28,eingabe R,,,,,
sprint_d3_sjax_e_a30_k25_v167,1,30,4,-26,eingabe -,,,,,
sprint_d3_sjax_e_a30_k25_v167,1,30,6,-24,eingabe R,,,,,
sprint_d3_sjax_e_a30_k25_v167,1,30,7,-23,aktion 0x0->0x2,,,,,0
sprint_d3_sjax_e_a30_k25_v167,1,30,9,-21,eingabe J+R,,,,,
sprint_d3_sjax_e_a30_k25_v167,1,30,10,-20,aktion 0x2->0x4,,,,,0
sprint_d3_sjax_e_a30_k25_v167,1,30,11,-19,eingabe R,,,,,
sprint_d3_sjax_e_a30_k25_v167,1,30,30,+0,eingabe A+R,,,,,
sprint_d3_sjax_e_a30_k25_v167,1,30,31,+1,aktion 0x4->0x8,,,,,51
sprint_d3_sjax_e_a30_k25_v167,1,30,32,+2,eingabe R,,,,,
sprint_d3_sjax_e_a30_k25_v167,1,30,55,+25,treffer,17,13,165,0,0
sprint_d3_sjax_e_a30_k25_v167,1,30,56,+26,umgeworfen,17,,200,0,0
sprint_d3_sjax_e_a30_k25_v167,1,30,58,+28,aktion 0x8->0x0,,,,,0
sprint_d3_sjax_e_a30_k25_v167,1,30,59,+29,figur_bewegt,,,,,
sprint_d3_sjax_e_a30_k25_v171,1,30,2,-28,eingabe R,,,,,
sprint_d3_sjax_e_a30_k25_v171,1,30,4,-26,eingabe -,,,,,
sprint_d3_sjax_e_a30_k25_v171,1,30,6,-24,eingabe R,,,,,
sprint_d3_sjax_e_a30_k25_v171,1,30,7,-23,aktion 0x0->0x2,,,,,0
sprint_d3_sjax_e_a30_k25_v171,1,30,9,-21,eingabe J+R,,,,,
sprint_d3_sjax_e_a30_k25_v171,1,30,10,-20,aktion 0x2->0x4,,,,,0
sprint_d3_sjax_e_a30_k25_v171,1,30,11,-19,eingabe R,,,,,
sprint_d3_sjax_e_a30_k25_v171,1,30,30,+0,eingabe A+R,,,,,
sprint_d3_sjax_e_a30_k25_v171,1,30,31,+1,aktion 0x4->0x8,,,,,51
sprint_d3_sjax_e_a30_k25_v171,1,30,32,+2,eingabe R,,,,,
sprint_d3_sjax_e_a30_k25_v171,1,30,58,+28,aktion 0x8->0x0,,,,,0
sprint_d3_sjax_e_a30_k25_v171,1,30,59,+29,figur_bewegt,,,,,
sprint_d3_sjax_e_a30_k30_v34,1,30,2,-28,eingabe R,,,,,
sprint_d3_sjax_e_a30_k30_v34,1,30,4,-26,eingabe -,,,,,
sprint_d3_sjax_e_a30_k30_v34,1,30,6,-24,eingabe R,,,,,
sprint_d3_sjax_e_a30_k30_v34,1,30,7,-23,aktion 0x0->0x2,,,,,0
sprint_d3_sjax_e_a30_k30_v34,1,30,9,-21,eingabe J+R,,,,,
sprint_d3_sjax_e_a30_k30_v34,1,30,10,-20,aktion 0x2->0x4,,,,,0
sprint_d3_sjax_e_a30_k30_v34,1,30,11,-19,eingabe R,,,,,
sprint_d3_sjax_e_a30_k30_v34,1,30,30,+0,eingabe A+R,,,,,
sprint_d3_sjax_e_a30_k30_v34,1,30,31,+1,aktion 0x4->0x8,,,,,51
sprint_d3_sjax_e_a30_k30_v34,1,30,32,+2,eingabe R,,,,,
sprint_d3_sjax_e_a30_k30_v34,1,30,58,+28,aktion 0x8->0x0,,,,,0
sprint_d3_sjax_e_a30_k30_v34,1,30,59,+29,figur_bewegt,,,,,
sprint_d3_sjax_e_a30_k30_v34,1,30,61,+31,eingabe -,,,,,
sprint_d3_sjax_e_a30_k30_v34,1,30,61,+31,treffer,17,13,26,0,9
sprint_d3_sjax_e_a30_k30_v34,1,30,62,+32,umgeworfen,17,,200,0,9
sprint_d3_sjax_e_a30_k30_v38,1,30,2,-28,eingabe R,,,,,
sprint_d3_sjax_e_a30_k30_v38,1,30,4,-26,eingabe -,,,,,
sprint_d3_sjax_e_a30_k30_v38,1,30,6,-24,eingabe R,,,,,
sprint_d3_sjax_e_a30_k30_v38,1,30,7,-23,aktion 0x0->0x2,,,,,0
sprint_d3_sjax_e_a30_k30_v38,1,30,9,-21,eingabe J+R,,,,,
sprint_d3_sjax_e_a30_k30_v38,1,30,10,-20,aktion 0x2->0x4,,,,,0
sprint_d3_sjax_e_a30_k30_v38,1,30,11,-19,eingabe R,,,,,
sprint_d3_sjax_e_a30_k30_v38,1,30,30,+0,eingabe A+R,,,,,
sprint_d3_sjax_e_a30_k30_v38,1,30,31,+1,aktion 0x4->0x8,,,,,51
sprint_d3_sjax_e_a30_k30_v38,1,30,32,+2,eingabe R,,,,,
sprint_d3_sjax_e_a30_k30_v38,1,30,58,+28,aktion 0x8->0x0,,,,,0
sprint_d3_sjax_e_a30_k30_v38,1,30,59,+29,figur_bewegt,,,,,
sprint_d3_sjax_e_a30_k30_v38,1,30,61,+31,eingabe -,,,,,
sprint_d3_sjax_e_a30_k30_v38,1,30,61,+31,treffer,17,13,26,0,9
sprint_d3_sjax_e_a30_k30_v38,1,30,62,+32,umgeworfen,17,,200,0,9
sprint_d3_sjax_e_a30_k30_v42,1,30,2,-28,eingabe R,,,,,
sprint_d3_sjax_e_a30_k30_v42,1,30,4,-26,eingabe -,,,,,
sprint_d3_sjax_e_a30_k30_v42,1,30,6,-24,eingabe R,,,,,
sprint_d3_sjax_e_a30_k30_v42,1,30,7,-23,aktion 0x0->0x2,,,,,0
sprint_d3_sjax_e_a30_k30_v42,1,30,9,-21,eingabe J+R,,,,,
sprint_d3_sjax_e_a30_k30_v42,1,30,10,-20,aktion 0x2->0x4,,,,,0
sprint_d3_sjax_e_a30_k30_v42,1,30,11,-19,eingabe R,,,,,
sprint_d3_sjax_e_a30_k30_v42,1,30,30,+0,eingabe A+R,,,,,
sprint_d3_sjax_e_a30_k30_v42,1,30,31,+1,aktion 0x4->0x8,,,,,51
sprint_d3_sjax_e_a30_k30_v42,1,30,32,+2,eingabe R,,,,,
sprint_d3_sjax_e_a30_k30_v42,1,30,58,+28,aktion 0x8->0x0,,,,,0
sprint_d3_sjax_e_a30_k30_v42,1,30,59,+29,figur_bewegt,,,,,
sprint_d3_sjax_e_a30_k30_v42,1,30,60,+30,treffer,17,13,40,0,0
sprint_d3_sjax_e_a30_k30_v42,1,30,61,+31,eingabe -,,,,,
sprint_d3_sjax_e_a30_k30_v42,1,30,61,+31,umgeworfen,17,,198,0,0
sprint_d3_sjax_e_a30_k30_v160,1,30,2,-28,eingabe R,,,,,
sprint_d3_sjax_e_a30_k30_v160,1,30,4,-26,eingabe -,,,,,
sprint_d3_sjax_e_a30_k30_v160,1,30,6,-24,eingabe R,,,,,
sprint_d3_sjax_e_a30_k30_v160,1,30,7,-23,aktion 0x0->0x2,,,,,0
sprint_d3_sjax_e_a30_k30_v160,1,30,9,-21,eingabe J+R,,,,,
sprint_d3_sjax_e_a30_k30_v160,1,30,10,-20,aktion 0x2->0x4,,,,,0
sprint_d3_sjax_e_a30_k30_v160,1,30,11,-19,eingabe R,,,,,
sprint_d3_sjax_e_a30_k30_v160,1,30,30,+0,eingabe A+R,,,,,
sprint_d3_sjax_e_a30_k30_v160,1,30,31,+1,aktion 0x4->0x8,,,,,51
sprint_d3_sjax_e_a30_k30_v160,1,30,32,+2,eingabe R,,,,,
sprint_d3_sjax_e_a30_k30_v160,1,30,58,+28,aktion 0x8->0x0,,,,,0
sprint_d3_sjax_e_a30_k30_v160,1,30,59,+29,figur_bewegt,,,,,
sprint_d3_sjax_e_a30_k30_v160,1,30,60,+30,treffer,17,13,158,0,0
sprint_d3_sjax_e_a30_k30_v160,1,30,61,+31,eingabe -,,,,,
sprint_d3_sjax_e_a30_k30_v160,1,30,61,+31,umgeworfen,17,,198,0,0
sprint_d3_sjax_e_a30_k30_v164,1,30,2,-28,eingabe R,,,,,
sprint_d3_sjax_e_a30_k30_v164,1,30,4,-26,eingabe -,,,,,
sprint_d3_sjax_e_a30_k30_v164,1,30,6,-24,eingabe R,,,,,
sprint_d3_sjax_e_a30_k30_v164,1,30,7,-23,aktion 0x0->0x2,,,,,0
sprint_d3_sjax_e_a30_k30_v164,1,30,9,-21,eingabe J+R,,,,,
sprint_d3_sjax_e_a30_k30_v164,1,30,10,-20,aktion 0x2->0x4,,,,,0
sprint_d3_sjax_e_a30_k30_v164,1,30,11,-19,eingabe R,,,,,
sprint_d3_sjax_e_a30_k30_v164,1,30,30,+0,eingabe A+R,,,,,
sprint_d3_sjax_e_a30_k30_v164,1,30,31,+1,aktion 0x4->0x8,,,,,51
sprint_d3_sjax_e_a30_k30_v164,1,30,32,+2,eingabe R,,,,,
sprint_d3_sjax_e_a30_k30_v164,1,30,58,+28,aktion 0x8->0x0,,,,,0
sprint_d3_sjax_e_a30_k30_v164,1,30,59,+29,figur_bewegt,,,,,
sprint_d3_sjax_e_a30_k30_v164,1,30,60,+30,treffer,17,13,162,0,0
sprint_d3_sjax_e_a30_k30_v164,1,30,61,+31,eingabe -,,,,,
sprint_d3_sjax_e_a30_k30_v164,1,30,61,+31,umgeworfen,17,,198,0,0
sprint_d3_sjax_e_a30_k30_v168,1,30,2,-28,eingabe R,,,,,
sprint_d3_sjax_e_a30_k30_v168,1,30,4,-26,eingabe -,,,,,
sprint_d3_sjax_e_a30_k30_v168,1,30,6,-24,eingabe R,,,,,
sprint_d3_sjax_e_a30_k30_v168,1,30,7,-23,aktion 0x0->0x2,,,,,0
sprint_d3_sjax_e_a30_k30_v168,1,30,9,-21,eingabe J+R,,,,,
sprint_d3_sjax_e_a30_k30_v168,1,30,10,-20,aktion 0x2->0x4,,,,,0
sprint_d3_sjax_e_a30_k30_v168,1,30,11,-19,eingabe R,,,,,
sprint_d3_sjax_e_a30_k30_v168,1,30,30,+0,eingabe A+R,,,,,
sprint_d3_sjax_e_a30_k30_v168,1,30,31,+1,aktion 0x4->0x8,,,,,51
sprint_d3_sjax_e_a30_k30_v168,1,30,32,+2,eingabe R,,,,,
sprint_d3_sjax_e_a30_k30_v168,1,30,58,+28,aktion 0x8->0x0,,,,,0
sprint_d3_sjax_e_a30_k30_v168,1,30,59,+29,figur_bewegt,,,,,
sprint_d3_sjax_e_a30_k30_v168,1,30,60,+30,treffer,17,13,166,0,0
sprint_d3_sjax_e_a30_k30_v168,1,30,61,+31,eingabe -,,,,,
sprint_d3_sjax_e_a30_k30_v168,1,30,61,+31,umgeworfen,17,,198,0,0
sprint_d3_sjax_e_a30_k30_v172,1,30,2,-28,eingabe R,,,,,
sprint_d3_sjax_e_a30_k30_v172,1,30,4,-26,eingabe -,,,,,
sprint_d3_sjax_e_a30_k30_v172,1,30,6,-24,eingabe R,,,,,
sprint_d3_sjax_e_a30_k30_v172,1,30,7,-23,aktion 0x0->0x2,,,,,0
sprint_d3_sjax_e_a30_k30_v172,1,30,9,-21,eingabe J+R,,,,,
sprint_d3_sjax_e_a30_k30_v172,1,30,10,-20,aktion 0x2->0x4,,,,,0
sprint_d3_sjax_e_a30_k30_v172,1,30,11,-19,eingabe R,,,,,
sprint_d3_sjax_e_a30_k30_v172,1,30,30,+0,eingabe A+R,,,,,
sprint_d3_sjax_e_a30_k30_v172,1,30,31,+1,aktion 0x4->0x8,,,,,51
sprint_d3_sjax_e_a30_k30_v172,1,30,32,+2,eingabe R,,,,,
sprint_d3_sjax_e_a30_k30_v172,1,30,58,+28,aktion 0x8->0x0,,,,,0
sprint_d3_sjax_e_a30_k30_v172,1,30,59,+29,figur_bewegt,,,,,
sprint_d3_sjax_e_a30_k30_v172,1,30,60,+30,treffer,17,13,170,0,0
sprint_d3_sjax_e_a30_k30_v172,1,30,61,+31,eingabe -,,,,,
sprint_d3_sjax_e_a30_k30_v172,1,30,61,+31,umgeworfen,17,,198,0,0
sprint_d3_sjax_e_a30_k30_v176,1,30,2,-28,eingabe R,,,,,
sprint_d3_sjax_e_a30_k30_v176,1,30,4,-26,eingabe -,,,,,
sprint_d3_sjax_e_a30_k30_v176,1,30,6,-24,eingabe R,,,,,
sprint_d3_sjax_e_a30_k30_v176,1,30,7,-23,aktion 0x0->0x2,,,,,0
sprint_d3_sjax_e_a30_k30_v176,1,30,9,-21,eingabe J+R,,,,,
sprint_d3_sjax_e_a30_k30_v176,1,30,10,-20,aktion 0x2->0x4,,,,,0
sprint_d3_sjax_e_a30_k30_v176,1,30,11,-19,eingabe R,,,,,
sprint_d3_sjax_e_a30_k30_v176,1,30,30,+0,eingabe A+R,,,,,
sprint_d3_sjax_e_a30_k30_v176,1,30,31,+1,aktion 0x4->0x8,,,,,51
sprint_d3_sjax_e_a30_k30_v176,1,30,32,+2,eingabe R,,,,,
sprint_d3_sjax_e_a30_k30_v176,1,30,58,+28,aktion 0x8->0x0,,,,,0
sprint_d3_sjax_e_a30_k30_v176,1,30,59,+29,figur_bewegt,,,,,
sprint_d3_sjax_e_a30_k30_v176,1,30,60,+30,treffer,17,13,174,0,0
sprint_d3_sjax_e_a30_k30_v176,1,30,61,+31,eingabe -,,,,,
sprint_d3_sjax_e_a30_k30_v176,1,30,61,+31,umgeworfen,17,,198,0,0
sprint_d3_sjax_e_a30_k35_v157,1,30,2,-28,eingabe R,,,,,
sprint_d3_sjax_e_a30_k35_v157,1,30,4,-26,eingabe -,,,,,
sprint_d3_sjax_e_a30_k35_v157,1,30,6,-24,eingabe R,,,,,
sprint_d3_sjax_e_a30_k35_v157,1,30,7,-23,aktion 0x0->0x2,,,,,0
sprint_d3_sjax_e_a30_k35_v157,1,30,9,-21,eingabe J+R,,,,,
sprint_d3_sjax_e_a30_k35_v157,1,30,10,-20,aktion 0x2->0x4,,,,,0
sprint_d3_sjax_e_a30_k35_v157,1,30,11,-19,eingabe R,,,,,
sprint_d3_sjax_e_a30_k35_v157,1,30,30,+0,eingabe A+R,,,,,
sprint_d3_sjax_e_a30_k35_v157,1,30,31,+1,aktion 0x4->0x8,,,,,51
sprint_d3_sjax_e_a30_k35_v157,1,30,32,+2,eingabe R,,,,,
sprint_d3_sjax_e_a30_k35_v157,1,30,58,+28,aktion 0x8->0x0,,,,,0
sprint_d3_sjax_e_a30_k35_v157,1,30,59,+29,figur_bewegt,,,,,
sprint_d3_sjax_e_a30_k35_v157,1,30,61,+31,eingabe -,,,,,
sprint_d3_sjax_e_a30_k35_v157,1,30,65,+35,treffer,17,13,157,0,0
sprint_d3_sjax_e_a30_k35_v157,1,30,66,+36,umgeworfen,17,,200,0,0
sprint_d3_sjax_e_a30_k35_v161,1,30,2,-28,eingabe R,,,,,
sprint_d3_sjax_e_a30_k35_v161,1,30,4,-26,eingabe -,,,,,
sprint_d3_sjax_e_a30_k35_v161,1,30,6,-24,eingabe R,,,,,
sprint_d3_sjax_e_a30_k35_v161,1,30,7,-23,aktion 0x0->0x2,,,,,0
sprint_d3_sjax_e_a30_k35_v161,1,30,9,-21,eingabe J+R,,,,,
sprint_d3_sjax_e_a30_k35_v161,1,30,10,-20,aktion 0x2->0x4,,,,,0
sprint_d3_sjax_e_a30_k35_v161,1,30,11,-19,eingabe R,,,,,
sprint_d3_sjax_e_a30_k35_v161,1,30,30,+0,eingabe A+R,,,,,
sprint_d3_sjax_e_a30_k35_v161,1,30,31,+1,aktion 0x4->0x8,,,,,51
sprint_d3_sjax_e_a30_k35_v161,1,30,32,+2,eingabe R,,,,,
sprint_d3_sjax_e_a30_k35_v161,1,30,58,+28,aktion 0x8->0x0,,,,,0
sprint_d3_sjax_e_a30_k35_v161,1,30,59,+29,figur_bewegt,,,,,
sprint_d3_sjax_e_a30_k35_v161,1,30,61,+31,eingabe -,,,,,
sprint_d3_sjax_e_a30_k35_v161,1,30,65,+35,treffer,17,13,161,0,0
sprint_d3_sjax_e_a30_k35_v161,1,30,66,+36,umgeworfen,17,,200,0,0
sprint_d3_sjax_e_a30_k35_v165,1,30,2,-28,eingabe R,,,,,
sprint_d3_sjax_e_a30_k35_v165,1,30,4,-26,eingabe -,,,,,
sprint_d3_sjax_e_a30_k35_v165,1,30,6,-24,eingabe R,,,,,
sprint_d3_sjax_e_a30_k35_v165,1,30,7,-23,aktion 0x0->0x2,,,,,0
sprint_d3_sjax_e_a30_k35_v165,1,30,9,-21,eingabe J+R,,,,,
sprint_d3_sjax_e_a30_k35_v165,1,30,10,-20,aktion 0x2->0x4,,,,,0
sprint_d3_sjax_e_a30_k35_v165,1,30,11,-19,eingabe R,,,,,
sprint_d3_sjax_e_a30_k35_v165,1,30,30,+0,eingabe A+R,,,,,
sprint_d3_sjax_e_a30_k35_v165,1,30,31,+1,aktion 0x4->0x8,,,,,51
sprint_d3_sjax_e_a30_k35_v165,1,30,32,+2,eingabe R,,,,,
sprint_d3_sjax_e_a30_k35_v165,1,30,58,+28,aktion 0x8->0x0,,,,,0
sprint_d3_sjax_e_a30_k35_v165,1,30,59,+29,figur_bewegt,,,,,
sprint_d3_sjax_e_a30_k35_v165,1,30,61,+31,eingabe -,,,,,
sprint_d3_sjax_e_a30_k35_v165,1,30,65,+35,treffer,17,13,165,0,0
sprint_d3_sjax_e_a30_k35_v165,1,30,66,+36,umgeworfen,17,,200,0,0
sprint_d3_sjax_e_a30_k35_v169,1,30,2,-28,eingabe R,,,,,
sprint_d3_sjax_e_a30_k35_v169,1,30,4,-26,eingabe -,,,,,
sprint_d3_sjax_e_a30_k35_v169,1,30,6,-24,eingabe R,,,,,
sprint_d3_sjax_e_a30_k35_v169,1,30,7,-23,aktion 0x0->0x2,,,,,0
sprint_d3_sjax_e_a30_k35_v169,1,30,9,-21,eingabe J+R,,,,,
sprint_d3_sjax_e_a30_k35_v169,1,30,10,-20,aktion 0x2->0x4,,,,,0
sprint_d3_sjax_e_a30_k35_v169,1,30,11,-19,eingabe R,,,,,
sprint_d3_sjax_e_a30_k35_v169,1,30,30,+0,eingabe A+R,,,,,
sprint_d3_sjax_e_a30_k35_v169,1,30,31,+1,aktion 0x4->0x8,,,,,51
sprint_d3_sjax_e_a30_k35_v169,1,30,32,+2,eingabe R,,,,,
sprint_d3_sjax_e_a30_k35_v169,1,30,58,+28,aktion 0x8->0x0,,,,,0
sprint_d3_sjax_e_a30_k35_v169,1,30,59,+29,figur_bewegt,,,,,
sprint_d3_sjax_e_a30_k35_v169,1,30,61,+31,eingabe -,,,,,
sprint_d3_sjax_e_a30_k39_v130,1,30,2,-28,eingabe R,,,,,
sprint_d3_sjax_e_a30_k39_v130,1,30,4,-26,eingabe -,,,,,
sprint_d3_sjax_e_a30_k39_v130,1,30,6,-24,eingabe R,,,,,
sprint_d3_sjax_e_a30_k39_v130,1,30,7,-23,aktion 0x0->0x2,,,,,0
sprint_d3_sjax_e_a30_k39_v130,1,30,9,-21,eingabe J+R,,,,,
sprint_d3_sjax_e_a30_k39_v130,1,30,10,-20,aktion 0x2->0x4,,,,,0
sprint_d3_sjax_e_a30_k39_v130,1,30,11,-19,eingabe R,,,,,
sprint_d3_sjax_e_a30_k39_v130,1,30,30,+0,eingabe A+R,,,,,
sprint_d3_sjax_e_a30_k39_v130,1,30,31,+1,aktion 0x4->0x8,,,,,51
sprint_d3_sjax_e_a30_k39_v130,1,30,32,+2,eingabe R,,,,,
sprint_d3_sjax_e_a30_k39_v130,1,30,58,+28,aktion 0x8->0x0,,,,,0
sprint_d3_sjax_e_a30_k39_v130,1,30,59,+29,figur_bewegt,,,,,
sprint_d3_sjax_e_a30_k39_v130,1,30,61,+31,eingabe -,,,,,
sprint_d3_sjax_e_a30_k39_v130,1,30,69,+39,treffer,17,13,130,0,0
sprint_d3_sjax_e_a30_k39_v130,1,30,70,+40,umgeworfen,17,,200,0,0
sprint_d3_sjax_e_a30_k39_v140,1,30,2,-28,eingabe R,,,,,
sprint_d3_sjax_e_a30_k39_v140,1,30,4,-26,eingabe -,,,,,
sprint_d3_sjax_e_a30_k39_v140,1,30,6,-24,eingabe R,,,,,
sprint_d3_sjax_e_a30_k39_v140,1,30,7,-23,aktion 0x0->0x2,,,,,0
sprint_d3_sjax_e_a30_k39_v140,1,30,9,-21,eingabe J+R,,,,,
sprint_d3_sjax_e_a30_k39_v140,1,30,10,-20,aktion 0x2->0x4,,,,,0
sprint_d3_sjax_e_a30_k39_v140,1,30,11,-19,eingabe R,,,,,
sprint_d3_sjax_e_a30_k39_v140,1,30,30,+0,eingabe A+R,,,,,
sprint_d3_sjax_e_a30_k39_v140,1,30,31,+1,aktion 0x4->0x8,,,,,51
sprint_d3_sjax_e_a30_k39_v140,1,30,32,+2,eingabe R,,,,,
sprint_d3_sjax_e_a30_k39_v140,1,30,58,+28,aktion 0x8->0x0,,,,,0
sprint_d3_sjax_e_a30_k39_v140,1,30,59,+29,figur_bewegt,,,,,
sprint_d3_sjax_e_a30_k39_v140,1,30,61,+31,eingabe -,,,,,
sprint_d3_sjax_e_a30_k39_v140,1,30,69,+39,treffer,17,13,140,0,0
sprint_d3_sjax_e_a30_k39_v140,1,30,70,+40,umgeworfen,17,,200,0,0
sprint_d3_sjax_e_a30_k39_v150,1,30,2,-28,eingabe R,,,,,
sprint_d3_sjax_e_a30_k39_v150,1,30,4,-26,eingabe -,,,,,
sprint_d3_sjax_e_a30_k39_v150,1,30,6,-24,eingabe R,,,,,
sprint_d3_sjax_e_a30_k39_v150,1,30,7,-23,aktion 0x0->0x2,,,,,0
sprint_d3_sjax_e_a30_k39_v150,1,30,9,-21,eingabe J+R,,,,,
sprint_d3_sjax_e_a30_k39_v150,1,30,10,-20,aktion 0x2->0x4,,,,,0
sprint_d3_sjax_e_a30_k39_v150,1,30,11,-19,eingabe R,,,,,
sprint_d3_sjax_e_a30_k39_v150,1,30,30,+0,eingabe A+R,,,,,
sprint_d3_sjax_e_a30_k39_v150,1,30,31,+1,aktion 0x4->0x8,,,,,51
sprint_d3_sjax_e_a30_k39_v150,1,30,32,+2,eingabe R,,,,,
sprint_d3_sjax_e_a30_k39_v150,1,30,58,+28,aktion 0x8->0x0,,,,,0
sprint_d3_sjax_e_a30_k39_v150,1,30,59,+29,figur_bewegt,,,,,
sprint_d3_sjax_e_a30_k39_v150,1,30,61,+31,eingabe -,,,,,
sprint_d3_sjax_e_a30_k39_v160,1,30,2,-28,eingabe R,,,,,
sprint_d3_sjax_e_a30_k39_v160,1,30,4,-26,eingabe -,,,,,
sprint_d3_sjax_e_a30_k39_v160,1,30,6,-24,eingabe R,,,,,
sprint_d3_sjax_e_a30_k39_v160,1,30,7,-23,aktion 0x0->0x2,,,,,0
sprint_d3_sjax_e_a30_k39_v160,1,30,9,-21,eingabe J+R,,,,,
sprint_d3_sjax_e_a30_k39_v160,1,30,10,-20,aktion 0x2->0x4,,,,,0
sprint_d3_sjax_e_a30_k39_v160,1,30,11,-19,eingabe R,,,,,
sprint_d3_sjax_e_a30_k39_v160,1,30,30,+0,eingabe A+R,,,,,
sprint_d3_sjax_e_a30_k39_v160,1,30,31,+1,aktion 0x4->0x8,,,,,51
sprint_d3_sjax_e_a30_k39_v160,1,30,32,+2,eingabe R,,,,,
sprint_d3_sjax_e_a30_k39_v160,1,30,58,+28,aktion 0x8->0x0,,,,,0
sprint_d3_sjax_e_a30_k39_v160,1,30,59,+29,figur_bewegt,,,,,
sprint_d3_sjax_e_a30_k39_v160,1,30,61,+31,eingabe -,,,,,
sprint_d3_sjax_e_a34_k20_v34,1,34,2,-32,eingabe R,,,,,
sprint_d3_sjax_e_a34_k20_v34,1,34,4,-30,eingabe -,,,,,
sprint_d3_sjax_e_a34_k20_v34,1,34,6,-28,eingabe R,,,,,
sprint_d3_sjax_e_a34_k20_v34,1,34,7,-27,aktion 0x0->0x2,,,,,0
sprint_d3_sjax_e_a34_k20_v34,1,34,9,-25,eingabe J+R,,,,,
sprint_d3_sjax_e_a34_k20_v34,1,34,10,-24,aktion 0x2->0x4,,,,,0
sprint_d3_sjax_e_a34_k20_v34,1,34,11,-23,eingabe R,,,,,
sprint_d3_sjax_e_a34_k20_v34,1,34,34,+0,eingabe A+R,,,,,
sprint_d3_sjax_e_a34_k20_v34,1,34,35,+1,aktion 0x4->0x8,,,,,49
sprint_d3_sjax_e_a34_k20_v34,1,34,36,+2,eingabe R,,,,,
sprint_d3_sjax_e_a34_k20_v34,1,34,58,+24,aktion 0x8->0x0,,,,,0
sprint_d3_sjax_e_a34_k20_v34,1,34,59,+25,figur_bewegt,,,,,
sprint_d3_sjax_e_a34_k20_v38,1,34,2,-32,eingabe R,,,,,
sprint_d3_sjax_e_a34_k20_v38,1,34,4,-30,eingabe -,,,,,
sprint_d3_sjax_e_a34_k20_v38,1,34,6,-28,eingabe R,,,,,
sprint_d3_sjax_e_a34_k20_v38,1,34,7,-27,aktion 0x0->0x2,,,,,0
sprint_d3_sjax_e_a34_k20_v38,1,34,9,-25,eingabe J+R,,,,,
sprint_d3_sjax_e_a34_k20_v38,1,34,10,-24,aktion 0x2->0x4,,,,,0
sprint_d3_sjax_e_a34_k20_v38,1,34,11,-23,eingabe R,,,,,
sprint_d3_sjax_e_a34_k20_v38,1,34,34,+0,eingabe A+R,,,,,
sprint_d3_sjax_e_a34_k20_v38,1,34,35,+1,aktion 0x4->0x8,,,,,49
sprint_d3_sjax_e_a34_k20_v38,1,34,36,+2,eingabe R,,,,,
sprint_d3_sjax_e_a34_k20_v38,1,34,54,+20,treffer,17,13,38,0,0
sprint_d3_sjax_e_a34_k20_v38,1,34,55,+21,umgeworfen,17,,200,0,0
sprint_d3_sjax_e_a34_k20_v38,1,34,58,+24,aktion 0x8->0x0,,,,,0
sprint_d3_sjax_e_a34_k20_v38,1,34,59,+25,figur_bewegt,,,,,
sprint_d3_sjax_e_a34_k20_v143,1,34,2,-32,eingabe R,,,,,
sprint_d3_sjax_e_a34_k20_v143,1,34,4,-30,eingabe -,,,,,
sprint_d3_sjax_e_a34_k20_v143,1,34,6,-28,eingabe R,,,,,
sprint_d3_sjax_e_a34_k20_v143,1,34,7,-27,aktion 0x0->0x2,,,,,0
sprint_d3_sjax_e_a34_k20_v143,1,34,9,-25,eingabe J+R,,,,,
sprint_d3_sjax_e_a34_k20_v143,1,34,10,-24,aktion 0x2->0x4,,,,,0
sprint_d3_sjax_e_a34_k20_v143,1,34,11,-23,eingabe R,,,,,
sprint_d3_sjax_e_a34_k20_v143,1,34,34,+0,eingabe A+R,,,,,
sprint_d3_sjax_e_a34_k20_v143,1,34,35,+1,aktion 0x4->0x8,,,,,49
sprint_d3_sjax_e_a34_k20_v143,1,34,36,+2,eingabe R,,,,,
sprint_d3_sjax_e_a34_k20_v143,1,34,54,+20,treffer,17,13,141,0,0
sprint_d3_sjax_e_a34_k20_v143,1,34,55,+21,umgeworfen,17,,200,0,0
sprint_d3_sjax_e_a34_k20_v143,1,34,58,+24,aktion 0x8->0x0,,,,,0
sprint_d3_sjax_e_a34_k20_v143,1,34,59,+25,figur_bewegt,,,,,
sprint_d3_sjax_e_a34_k20_v147,1,34,2,-32,eingabe R,,,,,
sprint_d3_sjax_e_a34_k20_v147,1,34,4,-30,eingabe -,,,,,
sprint_d3_sjax_e_a34_k20_v147,1,34,6,-28,eingabe R,,,,,
sprint_d3_sjax_e_a34_k20_v147,1,34,7,-27,aktion 0x0->0x2,,,,,0
sprint_d3_sjax_e_a34_k20_v147,1,34,9,-25,eingabe J+R,,,,,
sprint_d3_sjax_e_a34_k20_v147,1,34,10,-24,aktion 0x2->0x4,,,,,0
sprint_d3_sjax_e_a34_k20_v147,1,34,11,-23,eingabe R,,,,,
sprint_d3_sjax_e_a34_k20_v147,1,34,34,+0,eingabe A+R,,,,,
sprint_d3_sjax_e_a34_k20_v147,1,34,35,+1,aktion 0x4->0x8,,,,,49
sprint_d3_sjax_e_a34_k20_v147,1,34,36,+2,eingabe R,,,,,
sprint_d3_sjax_e_a34_k20_v147,1,34,54,+20,treffer,17,13,145,0,0
sprint_d3_sjax_e_a34_k20_v147,1,34,55,+21,umgeworfen,17,,200,0,0
sprint_d3_sjax_e_a34_k20_v147,1,34,58,+24,aktion 0x8->0x0,,,,,0
sprint_d3_sjax_e_a34_k20_v147,1,34,59,+25,figur_bewegt,,,,,
sprint_d3_sjax_e_a34_k20_v151,1,34,2,-32,eingabe R,,,,,
sprint_d3_sjax_e_a34_k20_v151,1,34,4,-30,eingabe -,,,,,
sprint_d3_sjax_e_a34_k20_v151,1,34,6,-28,eingabe R,,,,,
sprint_d3_sjax_e_a34_k20_v151,1,34,7,-27,aktion 0x0->0x2,,,,,0
sprint_d3_sjax_e_a34_k20_v151,1,34,9,-25,eingabe J+R,,,,,
sprint_d3_sjax_e_a34_k20_v151,1,34,10,-24,aktion 0x2->0x4,,,,,0
sprint_d3_sjax_e_a34_k20_v151,1,34,11,-23,eingabe R,,,,,
sprint_d3_sjax_e_a34_k20_v151,1,34,34,+0,eingabe A+R,,,,,
sprint_d3_sjax_e_a34_k20_v151,1,34,35,+1,aktion 0x4->0x8,,,,,49
sprint_d3_sjax_e_a34_k20_v151,1,34,36,+2,eingabe R,,,,,
sprint_d3_sjax_e_a34_k20_v151,1,34,58,+24,aktion 0x8->0x0,,,,,0
sprint_d3_sjax_e_a34_k20_v151,1,34,59,+25,figur_bewegt,,,,,
sprint_d3_sjax_e_a34_k25_v159,1,34,2,-32,eingabe R,,,,,
sprint_d3_sjax_e_a34_k25_v159,1,34,4,-30,eingabe -,,,,,
sprint_d3_sjax_e_a34_k25_v159,1,34,6,-28,eingabe R,,,,,
sprint_d3_sjax_e_a34_k25_v159,1,34,7,-27,aktion 0x0->0x2,,,,,0
sprint_d3_sjax_e_a34_k25_v159,1,34,9,-25,eingabe J+R,,,,,
sprint_d3_sjax_e_a34_k25_v159,1,34,10,-24,aktion 0x2->0x4,,,,,0
sprint_d3_sjax_e_a34_k25_v159,1,34,11,-23,eingabe R,,,,,
sprint_d3_sjax_e_a34_k25_v159,1,34,34,+0,eingabe A+R,,,,,
sprint_d3_sjax_e_a34_k25_v159,1,34,35,+1,aktion 0x4->0x8,,,,,49
sprint_d3_sjax_e_a34_k25_v159,1,34,36,+2,eingabe R,,,,,
sprint_d3_sjax_e_a34_k25_v159,1,34,58,+24,aktion 0x8->0x0,,,,,0
sprint_d3_sjax_e_a34_k25_v159,1,34,59,+25,figur_bewegt,,,,,
sprint_d3_sjax_e_a34_k25_v159,1,34,59,+25,treffer,17,13,158,0,0
sprint_d3_sjax_e_a34_k25_v159,1,34,60,+26,umgeworfen,17,,198,0,0
sprint_d3_sjax_e_a34_k25_v159,1,34,61,+27,eingabe -,,,,,
sprint_d3_sjax_e_a34_k25_v163,1,34,2,-32,eingabe R,,,,,
sprint_d3_sjax_e_a34_k25_v163,1,34,4,-30,eingabe -,,,,,
sprint_d3_sjax_e_a34_k25_v163,1,34,6,-28,eingabe R,,,,,
sprint_d3_sjax_e_a34_k25_v163,1,34,7,-27,aktion 0x0->0x2,,,,,0
sprint_d3_sjax_e_a34_k25_v163,1,34,9,-25,eingabe J+R,,,,,
sprint_d3_sjax_e_a34_k25_v163,1,34,10,-24,aktion 0x2->0x4,,,,,0
sprint_d3_sjax_e_a34_k25_v163,1,34,11,-23,eingabe R,,,,,
sprint_d3_sjax_e_a34_k25_v163,1,34,34,+0,eingabe A+R,,,,,
sprint_d3_sjax_e_a34_k25_v163,1,34,35,+1,aktion 0x4->0x8,,,,,49
sprint_d3_sjax_e_a34_k25_v163,1,34,36,+2,eingabe R,,,,,
sprint_d3_sjax_e_a34_k25_v163,1,34,58,+24,aktion 0x8->0x0,,,,,0
sprint_d3_sjax_e_a34_k25_v163,1,34,59,+25,figur_bewegt,,,,,
sprint_d3_sjax_e_a34_k25_v163,1,34,59,+25,treffer,17,13,162,0,0
sprint_d3_sjax_e_a34_k25_v163,1,34,60,+26,umgeworfen,17,,198,0,0
sprint_d3_sjax_e_a34_k25_v163,1,34,61,+27,eingabe -,,,,,
sprint_d3_sjax_e_a34_k25_v167,1,34,2,-32,eingabe R,,,,,
sprint_d3_sjax_e_a34_k25_v167,1,34,4,-30,eingabe -,,,,,
sprint_d3_sjax_e_a34_k25_v167,1,34,6,-28,eingabe R,,,,,
sprint_d3_sjax_e_a34_k25_v167,1,34,7,-27,aktion 0x0->0x2,,,,,0
sprint_d3_sjax_e_a34_k25_v167,1,34,9,-25,eingabe J+R,,,,,
sprint_d3_sjax_e_a34_k25_v167,1,34,10,-24,aktion 0x2->0x4,,,,,0
sprint_d3_sjax_e_a34_k25_v167,1,34,11,-23,eingabe R,,,,,
sprint_d3_sjax_e_a34_k25_v167,1,34,34,+0,eingabe A+R,,,,,
sprint_d3_sjax_e_a34_k25_v167,1,34,35,+1,aktion 0x4->0x8,,,,,49
sprint_d3_sjax_e_a34_k25_v167,1,34,36,+2,eingabe R,,,,,
sprint_d3_sjax_e_a34_k25_v167,1,34,58,+24,aktion 0x8->0x0,,,,,0
sprint_d3_sjax_e_a34_k25_v167,1,34,59,+25,figur_bewegt,,,,,
sprint_d3_sjax_e_a34_k25_v167,1,34,59,+25,treffer,17,13,166,0,0
sprint_d3_sjax_e_a34_k25_v167,1,34,60,+26,umgeworfen,17,,198,0,0
sprint_d3_sjax_e_a34_k25_v167,1,34,61,+27,eingabe -,,,,,
sprint_d3_sjax_e_a34_k25_v171,1,34,2,-32,eingabe R,,,,,
sprint_d3_sjax_e_a34_k25_v171,1,34,4,-30,eingabe -,,,,,
sprint_d3_sjax_e_a34_k25_v171,1,34,6,-28,eingabe R,,,,,
sprint_d3_sjax_e_a34_k25_v171,1,34,7,-27,aktion 0x0->0x2,,,,,0
sprint_d3_sjax_e_a34_k25_v171,1,34,9,-25,eingabe J+R,,,,,
sprint_d3_sjax_e_a34_k25_v171,1,34,10,-24,aktion 0x2->0x4,,,,,0
sprint_d3_sjax_e_a34_k25_v171,1,34,11,-23,eingabe R,,,,,
sprint_d3_sjax_e_a34_k25_v171,1,34,34,+0,eingabe A+R,,,,,
sprint_d3_sjax_e_a34_k25_v171,1,34,35,+1,aktion 0x4->0x8,,,,,49
sprint_d3_sjax_e_a34_k25_v171,1,34,36,+2,eingabe R,,,,,
sprint_d3_sjax_e_a34_k25_v171,1,34,58,+24,aktion 0x8->0x0,,,,,0
sprint_d3_sjax_e_a34_k25_v171,1,34,59,+25,figur_bewegt,,,,,
sprint_d3_sjax_e_a34_k25_v171,1,34,61,+27,eingabe -,,,,,
sprint_d3_sjax_e_a34_k30_v34,1,34,2,-32,eingabe R,,,,,
sprint_d3_sjax_e_a34_k30_v34,1,34,4,-30,eingabe -,,,,,
sprint_d3_sjax_e_a34_k30_v34,1,34,6,-28,eingabe R,,,,,
sprint_d3_sjax_e_a34_k30_v34,1,34,7,-27,aktion 0x0->0x2,,,,,0
sprint_d3_sjax_e_a34_k30_v34,1,34,9,-25,eingabe J+R,,,,,
sprint_d3_sjax_e_a34_k30_v34,1,34,10,-24,aktion 0x2->0x4,,,,,0
sprint_d3_sjax_e_a34_k30_v34,1,34,11,-23,eingabe R,,,,,
sprint_d3_sjax_e_a34_k30_v34,1,34,34,+0,eingabe A+R,,,,,
sprint_d3_sjax_e_a34_k30_v34,1,34,35,+1,aktion 0x4->0x8,,,,,49
sprint_d3_sjax_e_a34_k30_v34,1,34,36,+2,eingabe R,,,,,
sprint_d3_sjax_e_a34_k30_v34,1,34,58,+24,aktion 0x8->0x0,,,,,0
sprint_d3_sjax_e_a34_k30_v34,1,34,59,+25,figur_bewegt,,,,,
sprint_d3_sjax_e_a34_k30_v34,1,34,61,+27,eingabe -,,,,,
sprint_d3_sjax_e_a34_k30_v34,1,34,64,+30,treffer,17,13,34,0,0
sprint_d3_sjax_e_a34_k30_v34,1,34,65,+31,umgeworfen,17,,200,0,0
sprint_d3_sjax_e_a34_k30_v38,1,34,2,-32,eingabe R,,,,,
sprint_d3_sjax_e_a34_k30_v38,1,34,4,-30,eingabe -,,,,,
sprint_d3_sjax_e_a34_k30_v38,1,34,6,-28,eingabe R,,,,,
sprint_d3_sjax_e_a34_k30_v38,1,34,7,-27,aktion 0x0->0x2,,,,,0
sprint_d3_sjax_e_a34_k30_v38,1,34,9,-25,eingabe J+R,,,,,
sprint_d3_sjax_e_a34_k30_v38,1,34,10,-24,aktion 0x2->0x4,,,,,0
sprint_d3_sjax_e_a34_k30_v38,1,34,11,-23,eingabe R,,,,,
sprint_d3_sjax_e_a34_k30_v38,1,34,34,+0,eingabe A+R,,,,,
sprint_d3_sjax_e_a34_k30_v38,1,34,35,+1,aktion 0x4->0x8,,,,,49
sprint_d3_sjax_e_a34_k30_v38,1,34,36,+2,eingabe R,,,,,
sprint_d3_sjax_e_a34_k30_v38,1,34,58,+24,aktion 0x8->0x0,,,,,0
sprint_d3_sjax_e_a34_k30_v38,1,34,59,+25,figur_bewegt,,,,,
sprint_d3_sjax_e_a34_k30_v38,1,34,61,+27,eingabe -,,,,,
sprint_d3_sjax_e_a34_k30_v38,1,34,64,+30,treffer,17,13,38,0,0
sprint_d3_sjax_e_a34_k30_v38,1,34,65,+31,umgeworfen,17,,200,0,0
sprint_d3_sjax_e_a34_k30_v42,1,34,2,-32,eingabe R,,,,,
sprint_d3_sjax_e_a34_k30_v42,1,34,4,-30,eingabe -,,,,,
sprint_d3_sjax_e_a34_k30_v42,1,34,6,-28,eingabe R,,,,,
sprint_d3_sjax_e_a34_k30_v42,1,34,7,-27,aktion 0x0->0x2,,,,,0
sprint_d3_sjax_e_a34_k30_v42,1,34,9,-25,eingabe J+R,,,,,
sprint_d3_sjax_e_a34_k30_v42,1,34,10,-24,aktion 0x2->0x4,,,,,0
sprint_d3_sjax_e_a34_k30_v42,1,34,11,-23,eingabe R,,,,,
sprint_d3_sjax_e_a34_k30_v42,1,34,34,+0,eingabe A+R,,,,,
sprint_d3_sjax_e_a34_k30_v42,1,34,35,+1,aktion 0x4->0x8,,,,,49
sprint_d3_sjax_e_a34_k30_v42,1,34,36,+2,eingabe R,,,,,
sprint_d3_sjax_e_a34_k30_v42,1,34,58,+24,aktion 0x8->0x0,,,,,0
sprint_d3_sjax_e_a34_k30_v42,1,34,59,+25,figur_bewegt,,,,,
sprint_d3_sjax_e_a34_k30_v42,1,34,61,+27,eingabe -,,,,,
sprint_d3_sjax_e_a34_k30_v42,1,34,64,+30,treffer,17,13,42,0,0
sprint_d3_sjax_e_a34_k30_v42,1,34,65,+31,umgeworfen,17,,200,0,0
sprint_d3_sjax_e_a34_k30_v160,1,34,2,-32,eingabe R,,,,,
sprint_d3_sjax_e_a34_k30_v160,1,34,4,-30,eingabe -,,,,,
sprint_d3_sjax_e_a34_k30_v160,1,34,6,-28,eingabe R,,,,,
sprint_d3_sjax_e_a34_k30_v160,1,34,7,-27,aktion 0x0->0x2,,,,,0
sprint_d3_sjax_e_a34_k30_v160,1,34,9,-25,eingabe J+R,,,,,
sprint_d3_sjax_e_a34_k30_v160,1,34,10,-24,aktion 0x2->0x4,,,,,0
sprint_d3_sjax_e_a34_k30_v160,1,34,11,-23,eingabe R,,,,,
sprint_d3_sjax_e_a34_k30_v160,1,34,34,+0,eingabe A+R,,,,,
sprint_d3_sjax_e_a34_k30_v160,1,34,35,+1,aktion 0x4->0x8,,,,,49
sprint_d3_sjax_e_a34_k30_v160,1,34,36,+2,eingabe R,,,,,
sprint_d3_sjax_e_a34_k30_v160,1,34,58,+24,aktion 0x8->0x0,,,,,0
sprint_d3_sjax_e_a34_k30_v160,1,34,59,+25,figur_bewegt,,,,,
sprint_d3_sjax_e_a34_k30_v160,1,34,61,+27,eingabe -,,,,,
sprint_d3_sjax_e_a34_k30_v160,1,34,64,+30,treffer,17,13,160,0,0
sprint_d3_sjax_e_a34_k30_v160,1,34,65,+31,umgeworfen,17,,200,0,0
sprint_d3_sjax_e_a34_k30_v164,1,34,2,-32,eingabe R,,,,,
sprint_d3_sjax_e_a34_k30_v164,1,34,4,-30,eingabe -,,,,,
sprint_d3_sjax_e_a34_k30_v164,1,34,6,-28,eingabe R,,,,,
sprint_d3_sjax_e_a34_k30_v164,1,34,7,-27,aktion 0x0->0x2,,,,,0
sprint_d3_sjax_e_a34_k30_v164,1,34,9,-25,eingabe J+R,,,,,
sprint_d3_sjax_e_a34_k30_v164,1,34,10,-24,aktion 0x2->0x4,,,,,0
sprint_d3_sjax_e_a34_k30_v164,1,34,11,-23,eingabe R,,,,,
sprint_d3_sjax_e_a34_k30_v164,1,34,34,+0,eingabe A+R,,,,,
sprint_d3_sjax_e_a34_k30_v164,1,34,35,+1,aktion 0x4->0x8,,,,,49
sprint_d3_sjax_e_a34_k30_v164,1,34,36,+2,eingabe R,,,,,
sprint_d3_sjax_e_a34_k30_v164,1,34,58,+24,aktion 0x8->0x0,,,,,0
sprint_d3_sjax_e_a34_k30_v164,1,34,59,+25,figur_bewegt,,,,,
sprint_d3_sjax_e_a34_k30_v164,1,34,61,+27,eingabe -,,,,,
sprint_d3_sjax_e_a34_k30_v164,1,34,64,+30,treffer,17,13,164,0,0
sprint_d3_sjax_e_a34_k30_v164,1,34,65,+31,umgeworfen,17,,200,0,0
sprint_d3_sjax_e_a34_k30_v168,1,34,2,-32,eingabe R,,,,,
sprint_d3_sjax_e_a34_k30_v168,1,34,4,-30,eingabe -,,,,,
sprint_d3_sjax_e_a34_k30_v168,1,34,6,-28,eingabe R,,,,,
sprint_d3_sjax_e_a34_k30_v168,1,34,7,-27,aktion 0x0->0x2,,,,,0
sprint_d3_sjax_e_a34_k30_v168,1,34,9,-25,eingabe J+R,,,,,
sprint_d3_sjax_e_a34_k30_v168,1,34,10,-24,aktion 0x2->0x4,,,,,0
sprint_d3_sjax_e_a34_k30_v168,1,34,11,-23,eingabe R,,,,,
sprint_d3_sjax_e_a34_k30_v168,1,34,34,+0,eingabe A+R,,,,,
sprint_d3_sjax_e_a34_k30_v168,1,34,35,+1,aktion 0x4->0x8,,,,,49
sprint_d3_sjax_e_a34_k30_v168,1,34,36,+2,eingabe R,,,,,
sprint_d3_sjax_e_a34_k30_v168,1,34,58,+24,aktion 0x8->0x0,,,,,0
sprint_d3_sjax_e_a34_k30_v168,1,34,59,+25,figur_bewegt,,,,,
sprint_d3_sjax_e_a34_k30_v168,1,34,61,+27,eingabe -,,,,,
sprint_d3_sjax_e_a34_k30_v168,1,34,64,+30,treffer,17,13,168,0,0
sprint_d3_sjax_e_a34_k30_v168,1,34,65,+31,umgeworfen,17,,200,0,0
sprint_d3_sjax_e_a34_k30_v172,1,34,2,-32,eingabe R,,,,,
sprint_d3_sjax_e_a34_k30_v172,1,34,4,-30,eingabe -,,,,,
sprint_d3_sjax_e_a34_k30_v172,1,34,6,-28,eingabe R,,,,,
sprint_d3_sjax_e_a34_k30_v172,1,34,7,-27,aktion 0x0->0x2,,,,,0
sprint_d3_sjax_e_a34_k30_v172,1,34,9,-25,eingabe J+R,,,,,
sprint_d3_sjax_e_a34_k30_v172,1,34,10,-24,aktion 0x2->0x4,,,,,0
sprint_d3_sjax_e_a34_k30_v172,1,34,11,-23,eingabe R,,,,,
sprint_d3_sjax_e_a34_k30_v172,1,34,34,+0,eingabe A+R,,,,,
sprint_d3_sjax_e_a34_k30_v172,1,34,35,+1,aktion 0x4->0x8,,,,,49
sprint_d3_sjax_e_a34_k30_v172,1,34,36,+2,eingabe R,,,,,
sprint_d3_sjax_e_a34_k30_v172,1,34,58,+24,aktion 0x8->0x0,,,,,0
sprint_d3_sjax_e_a34_k30_v172,1,34,59,+25,figur_bewegt,,,,,
sprint_d3_sjax_e_a34_k30_v172,1,34,61,+27,eingabe -,,,,,
sprint_d3_sjax_e_a34_k30_v172,1,34,64,+30,treffer,17,13,172,0,0
sprint_d3_sjax_e_a34_k30_v172,1,34,65,+31,umgeworfen,17,,200,0,0
sprint_d3_sjax_e_a34_k30_v176,1,34,2,-32,eingabe R,,,,,
sprint_d3_sjax_e_a34_k30_v176,1,34,4,-30,eingabe -,,,,,
sprint_d3_sjax_e_a34_k30_v176,1,34,6,-28,eingabe R,,,,,
sprint_d3_sjax_e_a34_k30_v176,1,34,7,-27,aktion 0x0->0x2,,,,,0
sprint_d3_sjax_e_a34_k30_v176,1,34,9,-25,eingabe J+R,,,,,
sprint_d3_sjax_e_a34_k30_v176,1,34,10,-24,aktion 0x2->0x4,,,,,0
sprint_d3_sjax_e_a34_k30_v176,1,34,11,-23,eingabe R,,,,,
sprint_d3_sjax_e_a34_k30_v176,1,34,34,+0,eingabe A+R,,,,,
sprint_d3_sjax_e_a34_k30_v176,1,34,35,+1,aktion 0x4->0x8,,,,,49
sprint_d3_sjax_e_a34_k30_v176,1,34,36,+2,eingabe R,,,,,
sprint_d3_sjax_e_a34_k30_v176,1,34,58,+24,aktion 0x8->0x0,,,,,0
sprint_d3_sjax_e_a34_k30_v176,1,34,59,+25,figur_bewegt,,,,,
sprint_d3_sjax_e_a34_k30_v176,1,34,61,+27,eingabe -,,,,,
sprint_d3_sjax_e_a34_k35_v157,1,34,2,-32,eingabe R,,,,,
sprint_d3_sjax_e_a34_k35_v157,1,34,4,-30,eingabe -,,,,,
sprint_d3_sjax_e_a34_k35_v157,1,34,6,-28,eingabe R,,,,,
sprint_d3_sjax_e_a34_k35_v157,1,34,7,-27,aktion 0x0->0x2,,,,,0
sprint_d3_sjax_e_a34_k35_v157,1,34,9,-25,eingabe J+R,,,,,
sprint_d3_sjax_e_a34_k35_v157,1,34,10,-24,aktion 0x2->0x4,,,,,0
sprint_d3_sjax_e_a34_k35_v157,1,34,11,-23,eingabe R,,,,,
sprint_d3_sjax_e_a34_k35_v157,1,34,34,+0,eingabe A+R,,,,,
sprint_d3_sjax_e_a34_k35_v157,1,34,35,+1,aktion 0x4->0x8,,,,,49
sprint_d3_sjax_e_a34_k35_v157,1,34,36,+2,eingabe R,,,,,
sprint_d3_sjax_e_a34_k35_v157,1,34,58,+24,aktion 0x8->0x0,,,,,0
sprint_d3_sjax_e_a34_k35_v157,1,34,59,+25,figur_bewegt,,,,,
sprint_d3_sjax_e_a34_k35_v157,1,34,61,+27,eingabe -,,,,,
sprint_d3_sjax_e_a34_k35_v161,1,34,2,-32,eingabe R,,,,,
sprint_d3_sjax_e_a34_k35_v161,1,34,4,-30,eingabe -,,,,,
sprint_d3_sjax_e_a34_k35_v161,1,34,6,-28,eingabe R,,,,,
sprint_d3_sjax_e_a34_k35_v161,1,34,7,-27,aktion 0x0->0x2,,,,,0
sprint_d3_sjax_e_a34_k35_v161,1,34,9,-25,eingabe J+R,,,,,
sprint_d3_sjax_e_a34_k35_v161,1,34,10,-24,aktion 0x2->0x4,,,,,0
sprint_d3_sjax_e_a34_k35_v161,1,34,11,-23,eingabe R,,,,,
sprint_d3_sjax_e_a34_k35_v161,1,34,34,+0,eingabe A+R,,,,,
sprint_d3_sjax_e_a34_k35_v161,1,34,35,+1,aktion 0x4->0x8,,,,,49
sprint_d3_sjax_e_a34_k35_v161,1,34,36,+2,eingabe R,,,,,
sprint_d3_sjax_e_a34_k35_v161,1,34,58,+24,aktion 0x8->0x0,,,,,0
sprint_d3_sjax_e_a34_k35_v161,1,34,59,+25,figur_bewegt,,,,,
sprint_d3_sjax_e_a34_k35_v161,1,34,61,+27,eingabe -,,,,,
sprint_d3_sjax_e_a34_k35_v165,1,34,2,-32,eingabe R,,,,,
sprint_d3_sjax_e_a34_k35_v165,1,34,4,-30,eingabe -,,,,,
sprint_d3_sjax_e_a34_k35_v165,1,34,6,-28,eingabe R,,,,,
sprint_d3_sjax_e_a34_k35_v165,1,34,7,-27,aktion 0x0->0x2,,,,,0
sprint_d3_sjax_e_a34_k35_v165,1,34,9,-25,eingabe J+R,,,,,
sprint_d3_sjax_e_a34_k35_v165,1,34,10,-24,aktion 0x2->0x4,,,,,0
sprint_d3_sjax_e_a34_k35_v165,1,34,11,-23,eingabe R,,,,,
sprint_d3_sjax_e_a34_k35_v165,1,34,34,+0,eingabe A+R,,,,,
sprint_d3_sjax_e_a34_k35_v165,1,34,35,+1,aktion 0x4->0x8,,,,,49
sprint_d3_sjax_e_a34_k35_v165,1,34,36,+2,eingabe R,,,,,
sprint_d3_sjax_e_a34_k35_v165,1,34,58,+24,aktion 0x8->0x0,,,,,0
sprint_d3_sjax_e_a34_k35_v165,1,34,59,+25,figur_bewegt,,,,,
sprint_d3_sjax_e_a34_k35_v165,1,34,61,+27,eingabe -,,,,,
sprint_d3_sjax_e_a34_k35_v169,1,34,2,-32,eingabe R,,,,,
sprint_d3_sjax_e_a34_k35_v169,1,34,4,-30,eingabe -,,,,,
sprint_d3_sjax_e_a34_k35_v169,1,34,6,-28,eingabe R,,,,,
sprint_d3_sjax_e_a34_k35_v169,1,34,7,-27,aktion 0x0->0x2,,,,,0
sprint_d3_sjax_e_a34_k35_v169,1,34,9,-25,eingabe J+R,,,,,
sprint_d3_sjax_e_a34_k35_v169,1,34,10,-24,aktion 0x2->0x4,,,,,0
sprint_d3_sjax_e_a34_k35_v169,1,34,11,-23,eingabe R,,,,,
sprint_d3_sjax_e_a34_k35_v169,1,34,34,+0,eingabe A+R,,,,,
sprint_d3_sjax_e_a34_k35_v169,1,34,35,+1,aktion 0x4->0x8,,,,,49
sprint_d3_sjax_e_a34_k35_v169,1,34,36,+2,eingabe R,,,,,
sprint_d3_sjax_e_a34_k35_v169,1,34,58,+24,aktion 0x8->0x0,,,,,0
sprint_d3_sjax_e_a34_k35_v169,1,34,59,+25,figur_bewegt,,,,,
sprint_d3_sjax_e_a34_k35_v169,1,34,61,+27,eingabe -,,,,,
sprint_d3_sjax_e_a34_k39_v130,1,34,2,-32,eingabe R,,,,,
sprint_d3_sjax_e_a34_k39_v130,1,34,4,-30,eingabe -,,,,,
sprint_d3_sjax_e_a34_k39_v130,1,34,6,-28,eingabe R,,,,,
sprint_d3_sjax_e_a34_k39_v130,1,34,7,-27,aktion 0x0->0x2,,,,,0
sprint_d3_sjax_e_a34_k39_v130,1,34,9,-25,eingabe J+R,,,,,
sprint_d3_sjax_e_a34_k39_v130,1,34,10,-24,aktion 0x2->0x4,,,,,0
sprint_d3_sjax_e_a34_k39_v130,1,34,11,-23,eingabe R,,,,,
sprint_d3_sjax_e_a34_k39_v130,1,34,34,+0,eingabe A+R,,,,,
sprint_d3_sjax_e_a34_k39_v130,1,34,35,+1,aktion 0x4->0x8,,,,,49
sprint_d3_sjax_e_a34_k39_v130,1,34,36,+2,eingabe R,,,,,
sprint_d3_sjax_e_a34_k39_v130,1,34,58,+24,aktion 0x8->0x0,,,,,0
sprint_d3_sjax_e_a34_k39_v130,1,34,59,+25,figur_bewegt,,,,,
sprint_d3_sjax_e_a34_k39_v130,1,34,61,+27,eingabe -,,,,,
sprint_d3_sjax_e_a34_k39_v130,1,34,73,+39,treffer,17,13,130,0,0
sprint_d3_sjax_e_a34_k39_v130,1,34,74,+40,umgeworfen,17,,200,0,0
sprint_d3_sjax_e_a34_k39_v140,1,34,2,-32,eingabe R,,,,,
sprint_d3_sjax_e_a34_k39_v140,1,34,4,-30,eingabe -,,,,,
sprint_d3_sjax_e_a34_k39_v140,1,34,6,-28,eingabe R,,,,,
sprint_d3_sjax_e_a34_k39_v140,1,34,7,-27,aktion 0x0->0x2,,,,,0
sprint_d3_sjax_e_a34_k39_v140,1,34,9,-25,eingabe J+R,,,,,
sprint_d3_sjax_e_a34_k39_v140,1,34,10,-24,aktion 0x2->0x4,,,,,0
sprint_d3_sjax_e_a34_k39_v140,1,34,11,-23,eingabe R,,,,,
sprint_d3_sjax_e_a34_k39_v140,1,34,34,+0,eingabe A+R,,,,,
sprint_d3_sjax_e_a34_k39_v140,1,34,35,+1,aktion 0x4->0x8,,,,,49
sprint_d3_sjax_e_a34_k39_v140,1,34,36,+2,eingabe R,,,,,
sprint_d3_sjax_e_a34_k39_v140,1,34,58,+24,aktion 0x8->0x0,,,,,0
sprint_d3_sjax_e_a34_k39_v140,1,34,59,+25,figur_bewegt,,,,,
sprint_d3_sjax_e_a34_k39_v140,1,34,61,+27,eingabe -,,,,,
sprint_d3_sjax_e_a34_k39_v140,1,34,73,+39,treffer,17,13,140,0,0
sprint_d3_sjax_e_a34_k39_v140,1,34,74,+40,umgeworfen,17,,200,0,0
sprint_d3_sjax_e_a34_k39_v150,1,34,2,-32,eingabe R,,,,,
sprint_d3_sjax_e_a34_k39_v150,1,34,4,-30,eingabe -,,,,,
sprint_d3_sjax_e_a34_k39_v150,1,34,6,-28,eingabe R,,,,,
sprint_d3_sjax_e_a34_k39_v150,1,34,7,-27,aktion 0x0->0x2,,,,,0
sprint_d3_sjax_e_a34_k39_v150,1,34,9,-25,eingabe J+R,,,,,
sprint_d3_sjax_e_a34_k39_v150,1,34,10,-24,aktion 0x2->0x4,,,,,0
sprint_d3_sjax_e_a34_k39_v150,1,34,11,-23,eingabe R,,,,,
sprint_d3_sjax_e_a34_k39_v150,1,34,34,+0,eingabe A+R,,,,,
sprint_d3_sjax_e_a34_k39_v150,1,34,35,+1,aktion 0x4->0x8,,,,,49
sprint_d3_sjax_e_a34_k39_v150,1,34,36,+2,eingabe R,,,,,
sprint_d3_sjax_e_a34_k39_v150,1,34,58,+24,aktion 0x8->0x0,,,,,0
sprint_d3_sjax_e_a34_k39_v150,1,34,59,+25,figur_bewegt,,,,,
sprint_d3_sjax_e_a34_k39_v150,1,34,61,+27,eingabe -,,,,,
sprint_d3_sjax_e_a34_k39_v160,1,34,2,-32,eingabe R,,,,,
sprint_d3_sjax_e_a34_k39_v160,1,34,4,-30,eingabe -,,,,,
sprint_d3_sjax_e_a34_k39_v160,1,34,6,-28,eingabe R,,,,,
sprint_d3_sjax_e_a34_k39_v160,1,34,7,-27,aktion 0x0->0x2,,,,,0
sprint_d3_sjax_e_a34_k39_v160,1,34,9,-25,eingabe J+R,,,,,
sprint_d3_sjax_e_a34_k39_v160,1,34,10,-24,aktion 0x2->0x4,,,,,0
sprint_d3_sjax_e_a34_k39_v160,1,34,11,-23,eingabe R,,,,,
sprint_d3_sjax_e_a34_k39_v160,1,34,34,+0,eingabe A+R,,,,,
sprint_d3_sjax_e_a34_k39_v160,1,34,35,+1,aktion 0x4->0x8,,,,,49
sprint_d3_sjax_e_a34_k39_v160,1,34,36,+2,eingabe R,,,,,
sprint_d3_sjax_e_a34_k39_v160,1,34,58,+24,aktion 0x8->0x0,,,,,0
sprint_d3_sjax_e_a34_k39_v160,1,34,59,+25,figur_bewegt,,,,,
sprint_d3_sjax_e_a34_k39_v160,1,34,61,+27,eingabe -,,,,,
sprint_d3_sjax_w_a30_k20_v34,1,30,2,-28,eingabe R,,,,,
sprint_d3_sjax_w_a30_k20_v34,1,30,4,-26,eingabe -,,,,,
sprint_d3_sjax_w_a30_k20_v34,1,30,6,-24,eingabe R,,,,,
sprint_d3_sjax_w_a30_k20_v34,1,30,7,-23,aktion 0x0->0x2,,,,,0
sprint_d3_sjax_w_a30_k20_v34,1,30,9,-21,eingabe J+R,,,,,
sprint_d3_sjax_w_a30_k20_v34,1,30,10,-20,aktion 0x2->0x4,,,,,0
sprint_d3_sjax_w_a30_k20_v34,1,30,11,-19,eingabe R,,,,,
sprint_d3_sjax_w_a30_k20_v34,1,30,30,+0,eingabe A+R,,,,,
sprint_d3_sjax_w_a30_k20_v34,1,30,31,+1,aktion 0x4->0x8,,,,,51
sprint_d3_sjax_w_a30_k20_v34,1,30,32,+2,eingabe R,,,,,
sprint_d3_sjax_w_a30_k20_v38,1,30,2,-28,eingabe R,,,,,
sprint_d3_sjax_w_a30_k20_v38,1,30,4,-26,eingabe -,,,,,
sprint_d3_sjax_w_a30_k20_v38,1,30,6,-24,eingabe R,,,,,
sprint_d3_sjax_w_a30_k20_v38,1,30,7,-23,aktion 0x0->0x2,,,,,0
sprint_d3_sjax_w_a30_k20_v38,1,30,9,-21,eingabe J+R,,,,,
sprint_d3_sjax_w_a30_k20_v38,1,30,10,-20,aktion 0x2->0x4,,,,,0
sprint_d3_sjax_w_a30_k20_v38,1,30,11,-19,eingabe R,,,,,
sprint_d3_sjax_w_a30_k20_v38,1,30,30,+0,eingabe A+R,,,,,
sprint_d3_sjax_w_a30_k20_v38,1,30,31,+1,aktion 0x4->0x8,,,,,51
sprint_d3_sjax_w_a30_k20_v38,1,30,32,+2,eingabe R,,,,,
sprint_d3_sjax_w_a30_k20_v143,1,30,2,-28,eingabe R,,,,,
sprint_d3_sjax_w_a30_k20_v143,1,30,4,-26,eingabe -,,,,,
sprint_d3_sjax_w_a30_k20_v143,1,30,6,-24,eingabe R,,,,,
sprint_d3_sjax_w_a30_k20_v143,1,30,7,-23,aktion 0x0->0x2,,,,,0
sprint_d3_sjax_w_a30_k20_v143,1,30,9,-21,eingabe J+R,,,,,
sprint_d3_sjax_w_a30_k20_v143,1,30,10,-20,aktion 0x2->0x4,,,,,0
sprint_d3_sjax_w_a30_k20_v143,1,30,11,-19,eingabe R,,,,,
sprint_d3_sjax_w_a30_k20_v143,1,30,30,+0,eingabe A+R,,,,,
sprint_d3_sjax_w_a30_k20_v143,1,30,31,+1,aktion 0x4->0x8,,,,,51
sprint_d3_sjax_w_a30_k20_v143,1,30,32,+2,eingabe R,,,,,
sprint_d3_sjax_w_a30_k20_v143,1,30,50,+20,treffer,18,13,139,0,0
sprint_d3_sjax_w_a30_k20_v143,1,30,51,+21,umgeworfen,18,,198,0,0
sprint_d3_sjax_w_a30_k20_v147,1,30,2,-28,eingabe R,,,,,
sprint_d3_sjax_w_a30_k20_v147,1,30,4,-26,eingabe -,,,,,
sprint_d3_sjax_w_a30_k20_v147,1,30,6,-24,eingabe R,,,,,
sprint_d3_sjax_w_a30_k20_v147,1,30,7,-23,aktion 0x0->0x2,,,,,0
sprint_d3_sjax_w_a30_k20_v147,1,30,9,-21,eingabe J+R,,,,,
sprint_d3_sjax_w_a30_k20_v147,1,30,10,-20,aktion 0x2->0x4,,,,,0
sprint_d3_sjax_w_a30_k20_v147,1,30,11,-19,eingabe R,,,,,
sprint_d3_sjax_w_a30_k20_v147,1,30,30,+0,eingabe A+R,,,,,
sprint_d3_sjax_w_a30_k20_v147,1,30,31,+1,aktion 0x4->0x8,,,,,51
sprint_d3_sjax_w_a30_k20_v147,1,30,32,+2,eingabe R,,,,,
sprint_d3_sjax_w_a30_k20_v147,1,30,50,+20,treffer,18,13,143,0,0
sprint_d3_sjax_w_a30_k20_v147,1,30,51,+21,umgeworfen,18,,198,0,0
sprint_d3_sjax_w_a30_k20_v151,1,30,2,-28,eingabe R,,,,,
sprint_d3_sjax_w_a30_k20_v151,1,30,4,-26,eingabe -,,,,,
sprint_d3_sjax_w_a30_k20_v151,1,30,6,-24,eingabe R,,,,,
sprint_d3_sjax_w_a30_k20_v151,1,30,7,-23,aktion 0x0->0x2,,,,,0
sprint_d3_sjax_w_a30_k20_v151,1,30,9,-21,eingabe J+R,,,,,
sprint_d3_sjax_w_a30_k20_v151,1,30,10,-20,aktion 0x2->0x4,,,,,0
sprint_d3_sjax_w_a30_k20_v151,1,30,11,-19,eingabe R,,,,,
sprint_d3_sjax_w_a30_k20_v151,1,30,30,+0,eingabe A+R,,,,,
sprint_d3_sjax_w_a30_k20_v151,1,30,31,+1,aktion 0x4->0x8,,,,,51
sprint_d3_sjax_w_a30_k20_v151,1,30,32,+2,eingabe R,,,,,
sprint_d3_sjax_w_a30_k20_v151,1,30,50,+20,treffer,18,13,147,0,0
sprint_d3_sjax_w_a30_k20_v151,1,30,51,+21,umgeworfen,18,,198,0,0
sprint_d3_sjax_w_a30_k25_v159,1,30,2,-28,eingabe R,,,,,
sprint_d3_sjax_w_a30_k25_v159,1,30,4,-26,eingabe -,,,,,
sprint_d3_sjax_w_a30_k25_v159,1,30,6,-24,eingabe R,,,,,
sprint_d3_sjax_w_a30_k25_v159,1,30,7,-23,aktion 0x0->0x2,,,,,0
sprint_d3_sjax_w_a30_k25_v159,1,30,9,-21,eingabe J+R,,,,,
sprint_d3_sjax_w_a30_k25_v159,1,30,10,-20,aktion 0x2->0x4,,,,,0
sprint_d3_sjax_w_a30_k25_v159,1,30,11,-19,eingabe R,,,,,
sprint_d3_sjax_w_a30_k25_v159,1,30,30,+0,eingabe A+R,,,,,
sprint_d3_sjax_w_a30_k25_v159,1,30,31,+1,aktion 0x4->0x8,,,,,51
sprint_d3_sjax_w_a30_k25_v159,1,30,32,+2,eingabe R,,,,,
sprint_d3_sjax_w_a30_k25_v159,1,30,55,+25,treffer,18,13,157,0,0
sprint_d3_sjax_w_a30_k25_v159,1,30,56,+26,umgeworfen,18,,200,0,0
sprint_d3_sjax_w_a30_k25_v159,1,30,58,+28,aktion 0x8->0x0,,,,,0
sprint_d3_sjax_w_a30_k25_v159,1,30,59,+29,figur_bewegt,,,,,
sprint_d3_sjax_w_a30_k25_v163,1,30,2,-28,eingabe R,,,,,
sprint_d3_sjax_w_a30_k25_v163,1,30,4,-26,eingabe -,,,,,
sprint_d3_sjax_w_a30_k25_v163,1,30,6,-24,eingabe R,,,,,
sprint_d3_sjax_w_a30_k25_v163,1,30,7,-23,aktion 0x0->0x2,,,,,0
sprint_d3_sjax_w_a30_k25_v163,1,30,9,-21,eingabe J+R,,,,,
sprint_d3_sjax_w_a30_k25_v163,1,30,10,-20,aktion 0x2->0x4,,,,,0
sprint_d3_sjax_w_a30_k25_v163,1,30,11,-19,eingabe R,,,,,
sprint_d3_sjax_w_a30_k25_v163,1,30,30,+0,eingabe A+R,,,,,
sprint_d3_sjax_w_a30_k25_v163,1,30,31,+1,aktion 0x4->0x8,,,,,51
sprint_d3_sjax_w_a30_k25_v163,1,30,32,+2,eingabe R,,,,,
sprint_d3_sjax_w_a30_k25_v163,1,30,55,+25,treffer,18,13,161,0,0
sprint_d3_sjax_w_a30_k25_v163,1,30,56,+26,umgeworfen,18,,200,0,0
sprint_d3_sjax_w_a30_k25_v163,1,30,58,+28,aktion 0x8->0x0,,,,,0
sprint_d3_sjax_w_a30_k25_v163,1,30,59,+29,figur_bewegt,,,,,
sprint_d3_sjax_w_a30_k25_v167,1,30,2,-28,eingabe R,,,,,
sprint_d3_sjax_w_a30_k25_v167,1,30,4,-26,eingabe -,,,,,
sprint_d3_sjax_w_a30_k25_v167,1,30,6,-24,eingabe R,,,,,
sprint_d3_sjax_w_a30_k25_v167,1,30,7,-23,aktion 0x0->0x2,,,,,0
sprint_d3_sjax_w_a30_k25_v167,1,30,9,-21,eingabe J+R,,,,,
sprint_d3_sjax_w_a30_k25_v167,1,30,10,-20,aktion 0x2->0x4,,,,,0
sprint_d3_sjax_w_a30_k25_v167,1,30,11,-19,eingabe R,,,,,
sprint_d3_sjax_w_a30_k25_v167,1,30,30,+0,eingabe A+R,,,,,
sprint_d3_sjax_w_a30_k25_v167,1,30,31,+1,aktion 0x4->0x8,,,,,51
sprint_d3_sjax_w_a30_k25_v167,1,30,32,+2,eingabe R,,,,,
sprint_d3_sjax_w_a30_k25_v167,1,30,55,+25,treffer,18,13,165,0,0
sprint_d3_sjax_w_a30_k25_v167,1,30,56,+26,umgeworfen,18,,200,0,0
sprint_d3_sjax_w_a30_k25_v167,1,30,58,+28,aktion 0x8->0x0,,,,,0
sprint_d3_sjax_w_a30_k25_v167,1,30,59,+29,figur_bewegt,,,,,
sprint_d3_sjax_w_a30_k25_v171,1,30,2,-28,eingabe R,,,,,
sprint_d3_sjax_w_a30_k25_v171,1,30,4,-26,eingabe -,,,,,
sprint_d3_sjax_w_a30_k25_v171,1,30,6,-24,eingabe R,,,,,
sprint_d3_sjax_w_a30_k25_v171,1,30,7,-23,aktion 0x0->0x2,,,,,0
sprint_d3_sjax_w_a30_k25_v171,1,30,9,-21,eingabe J+R,,,,,
sprint_d3_sjax_w_a30_k25_v171,1,30,10,-20,aktion 0x2->0x4,,,,,0
sprint_d3_sjax_w_a30_k25_v171,1,30,11,-19,eingabe R,,,,,
sprint_d3_sjax_w_a30_k25_v171,1,30,30,+0,eingabe A+R,,,,,
sprint_d3_sjax_w_a30_k25_v171,1,30,31,+1,aktion 0x4->0x8,,,,,51
sprint_d3_sjax_w_a30_k25_v171,1,30,32,+2,eingabe R,,,,,
sprint_d3_sjax_w_a30_k25_v171,1,30,58,+28,aktion 0x8->0x0,,,,,0
sprint_d3_sjax_w_a30_k25_v171,1,30,59,+29,figur_bewegt,,,,,
sprint_d3_sjax_w_a30_k30_v34,1,30,2,-28,eingabe R,,,,,
sprint_d3_sjax_w_a30_k30_v34,1,30,4,-26,eingabe -,,,,,
sprint_d3_sjax_w_a30_k30_v34,1,30,6,-24,eingabe R,,,,,
sprint_d3_sjax_w_a30_k30_v34,1,30,7,-23,aktion 0x0->0x2,,,,,0
sprint_d3_sjax_w_a30_k30_v34,1,30,9,-21,eingabe J+R,,,,,
sprint_d3_sjax_w_a30_k30_v34,1,30,10,-20,aktion 0x2->0x4,,,,,0
sprint_d3_sjax_w_a30_k30_v34,1,30,11,-19,eingabe R,,,,,
sprint_d3_sjax_w_a30_k30_v34,1,30,30,+0,eingabe A+R,,,,,
sprint_d3_sjax_w_a30_k30_v34,1,30,31,+1,aktion 0x4->0x8,,,,,51
sprint_d3_sjax_w_a30_k30_v34,1,30,32,+2,eingabe R,,,,,
sprint_d3_sjax_w_a30_k30_v34,1,30,58,+28,aktion 0x8->0x0,,,,,0
sprint_d3_sjax_w_a30_k30_v34,1,30,59,+29,figur_bewegt,,,,,
sprint_d3_sjax_w_a30_k30_v34,1,30,61,+31,eingabe -,,,,,
sprint_d3_sjax_w_a30_k30_v34,1,30,61,+31,treffer,18,13,26,0,9
sprint_d3_sjax_w_a30_k30_v34,1,30,62,+32,umgeworfen,18,,200,0,9
sprint_d3_sjax_w_a30_k30_v38,1,30,2,-28,eingabe R,,,,,
sprint_d3_sjax_w_a30_k30_v38,1,30,4,-26,eingabe -,,,,,
sprint_d3_sjax_w_a30_k30_v38,1,30,6,-24,eingabe R,,,,,
sprint_d3_sjax_w_a30_k30_v38,1,30,7,-23,aktion 0x0->0x2,,,,,0
sprint_d3_sjax_w_a30_k30_v38,1,30,9,-21,eingabe J+R,,,,,
sprint_d3_sjax_w_a30_k30_v38,1,30,10,-20,aktion 0x2->0x4,,,,,0
sprint_d3_sjax_w_a30_k30_v38,1,30,11,-19,eingabe R,,,,,
sprint_d3_sjax_w_a30_k30_v38,1,30,30,+0,eingabe A+R,,,,,
sprint_d3_sjax_w_a30_k30_v38,1,30,31,+1,aktion 0x4->0x8,,,,,51
sprint_d3_sjax_w_a30_k30_v38,1,30,32,+2,eingabe R,,,,,
sprint_d3_sjax_w_a30_k30_v38,1,30,58,+28,aktion 0x8->0x0,,,,,0
sprint_d3_sjax_w_a30_k30_v38,1,30,59,+29,figur_bewegt,,,,,
sprint_d3_sjax_w_a30_k30_v38,1,30,61,+31,eingabe -,,,,,
sprint_d3_sjax_w_a30_k30_v38,1,30,61,+31,treffer,18,13,26,0,9
sprint_d3_sjax_w_a30_k30_v38,1,30,62,+32,umgeworfen,18,,200,0,9
sprint_d3_sjax_w_a30_k30_v42,1,30,2,-28,eingabe R,,,,,
sprint_d3_sjax_w_a30_k30_v42,1,30,4,-26,eingabe -,,,,,
sprint_d3_sjax_w_a30_k30_v42,1,30,6,-24,eingabe R,,,,,
sprint_d3_sjax_w_a30_k30_v42,1,30,7,-23,aktion 0x0->0x2,,,,,0
sprint_d3_sjax_w_a30_k30_v42,1,30,9,-21,eingabe J+R,,,,,
sprint_d3_sjax_w_a30_k30_v42,1,30,10,-20,aktion 0x2->0x4,,,,,0
sprint_d3_sjax_w_a30_k30_v42,1,30,11,-19,eingabe R,,,,,
sprint_d3_sjax_w_a30_k30_v42,1,30,30,+0,eingabe A+R,,,,,
sprint_d3_sjax_w_a30_k30_v42,1,30,31,+1,aktion 0x4->0x8,,,,,51
sprint_d3_sjax_w_a30_k30_v42,1,30,32,+2,eingabe R,,,,,
sprint_d3_sjax_w_a30_k30_v42,1,30,58,+28,aktion 0x8->0x0,,,,,0
sprint_d3_sjax_w_a30_k30_v42,1,30,59,+29,figur_bewegt,,,,,
sprint_d3_sjax_w_a30_k30_v42,1,30,60,+30,treffer,18,13,40,0,0
sprint_d3_sjax_w_a30_k30_v42,1,30,61,+31,eingabe -,,,,,
sprint_d3_sjax_w_a30_k30_v42,1,30,61,+31,umgeworfen,18,,198,0,0
sprint_d3_sjax_w_a30_k30_v160,1,30,2,-28,eingabe R,,,,,
sprint_d3_sjax_w_a30_k30_v160,1,30,4,-26,eingabe -,,,,,
sprint_d3_sjax_w_a30_k30_v160,1,30,6,-24,eingabe R,,,,,
sprint_d3_sjax_w_a30_k30_v160,1,30,7,-23,aktion 0x0->0x2,,,,,0
sprint_d3_sjax_w_a30_k30_v160,1,30,9,-21,eingabe J+R,,,,,
sprint_d3_sjax_w_a30_k30_v160,1,30,10,-20,aktion 0x2->0x4,,,,,0
sprint_d3_sjax_w_a30_k30_v160,1,30,11,-19,eingabe R,,,,,
sprint_d3_sjax_w_a30_k30_v160,1,30,30,+0,eingabe A+R,,,,,
sprint_d3_sjax_w_a30_k30_v160,1,30,31,+1,aktion 0x4->0x8,,,,,51
sprint_d3_sjax_w_a30_k30_v160,1,30,32,+2,eingabe R,,,,,
sprint_d3_sjax_w_a30_k30_v160,1,30,58,+28,aktion 0x8->0x0,,,,,0
sprint_d3_sjax_w_a30_k30_v160,1,30,59,+29,figur_bewegt,,,,,
sprint_d3_sjax_w_a30_k30_v160,1,30,60,+30,treffer,18,13,158,0,0
sprint_d3_sjax_w_a30_k30_v160,1,30,61,+31,eingabe -,,,,,
sprint_d3_sjax_w_a30_k30_v160,1,30,61,+31,umgeworfen,18,,198,0,0
sprint_d3_sjax_w_a30_k30_v164,1,30,2,-28,eingabe R,,,,,
sprint_d3_sjax_w_a30_k30_v164,1,30,4,-26,eingabe -,,,,,
sprint_d3_sjax_w_a30_k30_v164,1,30,6,-24,eingabe R,,,,,
sprint_d3_sjax_w_a30_k30_v164,1,30,7,-23,aktion 0x0->0x2,,,,,0
sprint_d3_sjax_w_a30_k30_v164,1,30,9,-21,eingabe J+R,,,,,
sprint_d3_sjax_w_a30_k30_v164,1,30,10,-20,aktion 0x2->0x4,,,,,0
sprint_d3_sjax_w_a30_k30_v164,1,30,11,-19,eingabe R,,,,,
sprint_d3_sjax_w_a30_k30_v164,1,30,30,+0,eingabe A+R,,,,,
sprint_d3_sjax_w_a30_k30_v164,1,30,31,+1,aktion 0x4->0x8,,,,,51
sprint_d3_sjax_w_a30_k30_v164,1,30,32,+2,eingabe R,,,,,
sprint_d3_sjax_w_a30_k30_v164,1,30,58,+28,aktion 0x8->0x0,,,,,0
sprint_d3_sjax_w_a30_k30_v164,1,30,59,+29,figur_bewegt,,,,,
sprint_d3_sjax_w_a30_k30_v164,1,30,60,+30,treffer,18,13,162,0,0
sprint_d3_sjax_w_a30_k30_v164,1,30,61,+31,eingabe -,,,,,
sprint_d3_sjax_w_a30_k30_v164,1,30,61,+31,umgeworfen,18,,198,0,0
sprint_d3_sjax_w_a30_k30_v168,1,30,2,-28,eingabe R,,,,,
sprint_d3_sjax_w_a30_k30_v168,1,30,4,-26,eingabe -,,,,,
sprint_d3_sjax_w_a30_k30_v168,1,30,6,-24,eingabe R,,,,,
sprint_d3_sjax_w_a30_k30_v168,1,30,7,-23,aktion 0x0->0x2,,,,,0
sprint_d3_sjax_w_a30_k30_v168,1,30,9,-21,eingabe J+R,,,,,
sprint_d3_sjax_w_a30_k30_v168,1,30,10,-20,aktion 0x2->0x4,,,,,0
sprint_d3_sjax_w_a30_k30_v168,1,30,11,-19,eingabe R,,,,,
sprint_d3_sjax_w_a30_k30_v168,1,30,30,+0,eingabe A+R,,,,,
sprint_d3_sjax_w_a30_k30_v168,1,30,31,+1,aktion 0x4->0x8,,,,,51
sprint_d3_sjax_w_a30_k30_v168,1,30,32,+2,eingabe R,,,,,
sprint_d3_sjax_w_a30_k30_v168,1,30,58,+28,aktion 0x8->0x0,,,,,0
sprint_d3_sjax_w_a30_k30_v168,1,30,59,+29,figur_bewegt,,,,,
sprint_d3_sjax_w_a30_k30_v168,1,30,60,+30,treffer,18,13,166,0,0
sprint_d3_sjax_w_a30_k30_v168,1,30,61,+31,eingabe -,,,,,
sprint_d3_sjax_w_a30_k30_v168,1,30,61,+31,umgeworfen,18,,198,0,0
sprint_d3_sjax_w_a30_k30_v172,1,30,2,-28,eingabe R,,,,,
sprint_d3_sjax_w_a30_k30_v172,1,30,4,-26,eingabe -,,,,,
sprint_d3_sjax_w_a30_k30_v172,1,30,6,-24,eingabe R,,,,,
sprint_d3_sjax_w_a30_k30_v172,1,30,7,-23,aktion 0x0->0x2,,,,,0
sprint_d3_sjax_w_a30_k30_v172,1,30,9,-21,eingabe J+R,,,,,
sprint_d3_sjax_w_a30_k30_v172,1,30,10,-20,aktion 0x2->0x4,,,,,0
sprint_d3_sjax_w_a30_k30_v172,1,30,11,-19,eingabe R,,,,,
sprint_d3_sjax_w_a30_k30_v172,1,30,30,+0,eingabe A+R,,,,,
sprint_d3_sjax_w_a30_k30_v172,1,30,31,+1,aktion 0x4->0x8,,,,,51
sprint_d3_sjax_w_a30_k30_v172,1,30,32,+2,eingabe R,,,,,
sprint_d3_sjax_w_a30_k30_v172,1,30,58,+28,aktion 0x8->0x0,,,,,0
sprint_d3_sjax_w_a30_k30_v172,1,30,59,+29,figur_bewegt,,,,,
sprint_d3_sjax_w_a30_k30_v172,1,30,60,+30,treffer,18,13,170,0,0
sprint_d3_sjax_w_a30_k30_v172,1,30,61,+31,eingabe -,,,,,
sprint_d3_sjax_w_a30_k30_v172,1,30,61,+31,umgeworfen,18,,198,0,0
sprint_d3_sjax_w_a30_k30_v176,1,30,2,-28,eingabe R,,,,,
sprint_d3_sjax_w_a30_k30_v176,1,30,4,-26,eingabe -,,,,,
sprint_d3_sjax_w_a30_k30_v176,1,30,6,-24,eingabe R,,,,,
sprint_d3_sjax_w_a30_k30_v176,1,30,7,-23,aktion 0x0->0x2,,,,,0
sprint_d3_sjax_w_a30_k30_v176,1,30,9,-21,eingabe J+R,,,,,
sprint_d3_sjax_w_a30_k30_v176,1,30,10,-20,aktion 0x2->0x4,,,,,0
sprint_d3_sjax_w_a30_k30_v176,1,30,11,-19,eingabe R,,,,,
sprint_d3_sjax_w_a30_k30_v176,1,30,30,+0,eingabe A+R,,,,,
sprint_d3_sjax_w_a30_k30_v176,1,30,31,+1,aktion 0x4->0x8,,,,,51
sprint_d3_sjax_w_a30_k30_v176,1,30,32,+2,eingabe R,,,,,
sprint_d3_sjax_w_a30_k30_v176,1,30,58,+28,aktion 0x8->0x0,,,,,0
sprint_d3_sjax_w_a30_k30_v176,1,30,59,+29,figur_bewegt,,,,,
sprint_d3_sjax_w_a30_k30_v176,1,30,60,+30,treffer,18,13,174,0,0
sprint_d3_sjax_w_a30_k30_v176,1,30,61,+31,eingabe -,,,,,
sprint_d3_sjax_w_a30_k30_v176,1,30,61,+31,umgeworfen,18,,198,0,0
sprint_d3_sjax_w_a30_k35_v157,1,30,2,-28,eingabe R,,,,,
sprint_d3_sjax_w_a30_k35_v157,1,30,4,-26,eingabe -,,,,,
sprint_d3_sjax_w_a30_k35_v157,1,30,6,-24,eingabe R,,,,,
sprint_d3_sjax_w_a30_k35_v157,1,30,7,-23,aktion 0x0->0x2,,,,,0
sprint_d3_sjax_w_a30_k35_v157,1,30,9,-21,eingabe J+R,,,,,
sprint_d3_sjax_w_a30_k35_v157,1,30,10,-20,aktion 0x2->0x4,,,,,0
sprint_d3_sjax_w_a30_k35_v157,1,30,11,-19,eingabe R,,,,,
sprint_d3_sjax_w_a30_k35_v157,1,30,30,+0,eingabe A+R,,,,,
sprint_d3_sjax_w_a30_k35_v157,1,30,31,+1,aktion 0x4->0x8,,,,,51
sprint_d3_sjax_w_a30_k35_v157,1,30,32,+2,eingabe R,,,,,
sprint_d3_sjax_w_a30_k35_v157,1,30,58,+28,aktion 0x8->0x0,,,,,0
sprint_d3_sjax_w_a30_k35_v157,1,30,59,+29,figur_bewegt,,,,,
sprint_d3_sjax_w_a30_k35_v157,1,30,61,+31,eingabe -,,,,,
sprint_d3_sjax_w_a30_k35_v157,1,30,65,+35,treffer,18,13,157,0,0
sprint_d3_sjax_w_a30_k35_v157,1,30,66,+36,umgeworfen,18,,200,0,0
sprint_d3_sjax_w_a30_k35_v161,1,30,2,-28,eingabe R,,,,,
sprint_d3_sjax_w_a30_k35_v161,1,30,4,-26,eingabe -,,,,,
sprint_d3_sjax_w_a30_k35_v161,1,30,6,-24,eingabe R,,,,,
sprint_d3_sjax_w_a30_k35_v161,1,30,7,-23,aktion 0x0->0x2,,,,,0
sprint_d3_sjax_w_a30_k35_v161,1,30,9,-21,eingabe J+R,,,,,
sprint_d3_sjax_w_a30_k35_v161,1,30,10,-20,aktion 0x2->0x4,,,,,0
sprint_d3_sjax_w_a30_k35_v161,1,30,11,-19,eingabe R,,,,,
sprint_d3_sjax_w_a30_k35_v161,1,30,30,+0,eingabe A+R,,,,,
sprint_d3_sjax_w_a30_k35_v161,1,30,31,+1,aktion 0x4->0x8,,,,,51
sprint_d3_sjax_w_a30_k35_v161,1,30,32,+2,eingabe R,,,,,
sprint_d3_sjax_w_a30_k35_v161,1,30,58,+28,aktion 0x8->0x0,,,,,0
sprint_d3_sjax_w_a30_k35_v161,1,30,59,+29,figur_bewegt,,,,,
sprint_d3_sjax_w_a30_k35_v161,1,30,61,+31,eingabe -,,,,,
sprint_d3_sjax_w_a30_k35_v161,1,30,65,+35,treffer,18,13,161,0,0
sprint_d3_sjax_w_a30_k35_v161,1,30,66,+36,umgeworfen,18,,200,0,0
sprint_d3_sjax_w_a30_k35_v165,1,30,2,-28,eingabe R,,,,,
sprint_d3_sjax_w_a30_k35_v165,1,30,4,-26,eingabe -,,,,,
sprint_d3_sjax_w_a30_k35_v165,1,30,6,-24,eingabe R,,,,,
sprint_d3_sjax_w_a30_k35_v165,1,30,7,-23,aktion 0x0->0x2,,,,,0
sprint_d3_sjax_w_a30_k35_v165,1,30,9,-21,eingabe J+R,,,,,
sprint_d3_sjax_w_a30_k35_v165,1,30,10,-20,aktion 0x2->0x4,,,,,0
sprint_d3_sjax_w_a30_k35_v165,1,30,11,-19,eingabe R,,,,,
sprint_d3_sjax_w_a30_k35_v165,1,30,30,+0,eingabe A+R,,,,,
sprint_d3_sjax_w_a30_k35_v165,1,30,31,+1,aktion 0x4->0x8,,,,,51
sprint_d3_sjax_w_a30_k35_v165,1,30,32,+2,eingabe R,,,,,
sprint_d3_sjax_w_a30_k35_v165,1,30,58,+28,aktion 0x8->0x0,,,,,0
sprint_d3_sjax_w_a30_k35_v165,1,30,59,+29,figur_bewegt,,,,,
sprint_d3_sjax_w_a30_k35_v165,1,30,61,+31,eingabe -,,,,,
sprint_d3_sjax_w_a30_k35_v165,1,30,65,+35,treffer,18,13,165,0,0
sprint_d3_sjax_w_a30_k35_v165,1,30,66,+36,umgeworfen,18,,200,0,0
sprint_d3_sjax_w_a30_k35_v169,1,30,2,-28,eingabe R,,,,,
sprint_d3_sjax_w_a30_k35_v169,1,30,4,-26,eingabe -,,,,,
sprint_d3_sjax_w_a30_k35_v169,1,30,6,-24,eingabe R,,,,,
sprint_d3_sjax_w_a30_k35_v169,1,30,7,-23,aktion 0x0->0x2,,,,,0
sprint_d3_sjax_w_a30_k35_v169,1,30,9,-21,eingabe J+R,,,,,
sprint_d3_sjax_w_a30_k35_v169,1,30,10,-20,aktion 0x2->0x4,,,,,0
sprint_d3_sjax_w_a30_k35_v169,1,30,11,-19,eingabe R,,,,,
sprint_d3_sjax_w_a30_k35_v169,1,30,30,+0,eingabe A+R,,,,,
sprint_d3_sjax_w_a30_k35_v169,1,30,31,+1,aktion 0x4->0x8,,,,,51
sprint_d3_sjax_w_a30_k35_v169,1,30,32,+2,eingabe R,,,,,
sprint_d3_sjax_w_a30_k35_v169,1,30,58,+28,aktion 0x8->0x0,,,,,0
sprint_d3_sjax_w_a30_k35_v169,1,30,59,+29,figur_bewegt,,,,,
sprint_d3_sjax_w_a30_k35_v169,1,30,61,+31,eingabe -,,,,,
sprint_d3_sjax_w_a30_k39_v130,1,30,2,-28,eingabe R,,,,,
sprint_d3_sjax_w_a30_k39_v130,1,30,4,-26,eingabe -,,,,,
sprint_d3_sjax_w_a30_k39_v130,1,30,6,-24,eingabe R,,,,,
sprint_d3_sjax_w_a30_k39_v130,1,30,7,-23,aktion 0x0->0x2,,,,,0
sprint_d3_sjax_w_a30_k39_v130,1,30,9,-21,eingabe J+R,,,,,
sprint_d3_sjax_w_a30_k39_v130,1,30,10,-20,aktion 0x2->0x4,,,,,0
sprint_d3_sjax_w_a30_k39_v130,1,30,11,-19,eingabe R,,,,,
sprint_d3_sjax_w_a30_k39_v130,1,30,30,+0,eingabe A+R,,,,,
sprint_d3_sjax_w_a30_k39_v130,1,30,31,+1,aktion 0x4->0x8,,,,,51
sprint_d3_sjax_w_a30_k39_v130,1,30,32,+2,eingabe R,,,,,
sprint_d3_sjax_w_a30_k39_v130,1,30,58,+28,aktion 0x8->0x0,,,,,0
sprint_d3_sjax_w_a30_k39_v130,1,30,59,+29,figur_bewegt,,,,,
sprint_d3_sjax_w_a30_k39_v130,1,30,61,+31,eingabe -,,,,,
sprint_d3_sjax_w_a30_k39_v130,1,30,69,+39,treffer,18,13,130,0,0
sprint_d3_sjax_w_a30_k39_v130,1,30,70,+40,umgeworfen,18,,200,0,0
sprint_d3_sjax_w_a30_k39_v140,1,30,2,-28,eingabe R,,,,,
sprint_d3_sjax_w_a30_k39_v140,1,30,4,-26,eingabe -,,,,,
sprint_d3_sjax_w_a30_k39_v140,1,30,6,-24,eingabe R,,,,,
sprint_d3_sjax_w_a30_k39_v140,1,30,7,-23,aktion 0x0->0x2,,,,,0
sprint_d3_sjax_w_a30_k39_v140,1,30,9,-21,eingabe J+R,,,,,
sprint_d3_sjax_w_a30_k39_v140,1,30,10,-20,aktion 0x2->0x4,,,,,0
sprint_d3_sjax_w_a30_k39_v140,1,30,11,-19,eingabe R,,,,,
sprint_d3_sjax_w_a30_k39_v140,1,30,30,+0,eingabe A+R,,,,,
sprint_d3_sjax_w_a30_k39_v140,1,30,31,+1,aktion 0x4->0x8,,,,,51
sprint_d3_sjax_w_a30_k39_v140,1,30,32,+2,eingabe R,,,,,
sprint_d3_sjax_w_a30_k39_v140,1,30,58,+28,aktion 0x8->0x0,,,,,0
sprint_d3_sjax_w_a30_k39_v140,1,30,59,+29,figur_bewegt,,,,,
sprint_d3_sjax_w_a30_k39_v140,1,30,61,+31,eingabe -,,,,,
sprint_d3_sjax_w_a30_k39_v140,1,30,69,+39,treffer,18,13,140,0,0
sprint_d3_sjax_w_a30_k39_v140,1,30,70,+40,umgeworfen,18,,200,0,0
sprint_d3_sjax_w_a30_k39_v150,1,30,2,-28,eingabe R,,,,,
sprint_d3_sjax_w_a30_k39_v150,1,30,4,-26,eingabe -,,,,,
sprint_d3_sjax_w_a30_k39_v150,1,30,6,-24,eingabe R,,,,,
sprint_d3_sjax_w_a30_k39_v150,1,30,7,-23,aktion 0x0->0x2,,,,,0
sprint_d3_sjax_w_a30_k39_v150,1,30,9,-21,eingabe J+R,,,,,
sprint_d3_sjax_w_a30_k39_v150,1,30,10,-20,aktion 0x2->0x4,,,,,0
sprint_d3_sjax_w_a30_k39_v150,1,30,11,-19,eingabe R,,,,,
sprint_d3_sjax_w_a30_k39_v150,1,30,30,+0,eingabe A+R,,,,,
sprint_d3_sjax_w_a30_k39_v150,1,30,31,+1,aktion 0x4->0x8,,,,,51
sprint_d3_sjax_w_a30_k39_v150,1,30,32,+2,eingabe R,,,,,
sprint_d3_sjax_w_a30_k39_v150,1,30,58,+28,aktion 0x8->0x0,,,,,0
sprint_d3_sjax_w_a30_k39_v150,1,30,59,+29,figur_bewegt,,,,,
sprint_d3_sjax_w_a30_k39_v150,1,30,61,+31,eingabe -,,,,,
sprint_d3_sjax_w_a30_k39_v160,1,30,2,-28,eingabe R,,,,,
sprint_d3_sjax_w_a30_k39_v160,1,30,4,-26,eingabe -,,,,,
sprint_d3_sjax_w_a30_k39_v160,1,30,6,-24,eingabe R,,,,,
sprint_d3_sjax_w_a30_k39_v160,1,30,7,-23,aktion 0x0->0x2,,,,,0
sprint_d3_sjax_w_a30_k39_v160,1,30,9,-21,eingabe J+R,,,,,
sprint_d3_sjax_w_a30_k39_v160,1,30,10,-20,aktion 0x2->0x4,,,,,0
sprint_d3_sjax_w_a30_k39_v160,1,30,11,-19,eingabe R,,,,,
sprint_d3_sjax_w_a30_k39_v160,1,30,30,+0,eingabe A+R,,,,,
sprint_d3_sjax_w_a30_k39_v160,1,30,31,+1,aktion 0x4->0x8,,,,,51
sprint_d3_sjax_w_a30_k39_v160,1,30,32,+2,eingabe R,,,,,
sprint_d3_sjax_w_a30_k39_v160,1,30,58,+28,aktion 0x8->0x0,,,,,0
sprint_d3_sjax_w_a30_k39_v160,1,30,59,+29,figur_bewegt,,,,,
sprint_d3_sjax_w_a30_k39_v160,1,30,61,+31,eingabe -,,,,,
sprint_d3_sjax_w_a34_k20_v34,1,34,2,-32,eingabe R,,,,,
sprint_d3_sjax_w_a34_k20_v34,1,34,4,-30,eingabe -,,,,,
sprint_d3_sjax_w_a34_k20_v34,1,34,6,-28,eingabe R,,,,,
sprint_d3_sjax_w_a34_k20_v34,1,34,7,-27,aktion 0x0->0x2,,,,,0
sprint_d3_sjax_w_a34_k20_v34,1,34,9,-25,eingabe J+R,,,,,
sprint_d3_sjax_w_a34_k20_v34,1,34,10,-24,aktion 0x2->0x4,,,,,0
sprint_d3_sjax_w_a34_k20_v34,1,34,11,-23,eingabe R,,,,,
sprint_d3_sjax_w_a34_k20_v34,1,34,34,+0,eingabe A+R,,,,,
sprint_d3_sjax_w_a34_k20_v34,1,34,35,+1,aktion 0x4->0x8,,,,,49
sprint_d3_sjax_w_a34_k20_v34,1,34,36,+2,eingabe R,,,,,
sprint_d3_sjax_w_a34_k20_v34,1,34,58,+24,aktion 0x8->0x0,,,,,0
sprint_d3_sjax_w_a34_k20_v34,1,34,59,+25,figur_bewegt,,,,,
sprint_d3_sjax_w_a34_k20_v38,1,34,2,-32,eingabe R,,,,,
sprint_d3_sjax_w_a34_k20_v38,1,34,4,-30,eingabe -,,,,,
sprint_d3_sjax_w_a34_k20_v38,1,34,6,-28,eingabe R,,,,,
sprint_d3_sjax_w_a34_k20_v38,1,34,7,-27,aktion 0x0->0x2,,,,,0
sprint_d3_sjax_w_a34_k20_v38,1,34,9,-25,eingabe J+R,,,,,
sprint_d3_sjax_w_a34_k20_v38,1,34,10,-24,aktion 0x2->0x4,,,,,0
sprint_d3_sjax_w_a34_k20_v38,1,34,11,-23,eingabe R,,,,,
sprint_d3_sjax_w_a34_k20_v38,1,34,34,+0,eingabe A+R,,,,,
sprint_d3_sjax_w_a34_k20_v38,1,34,35,+1,aktion 0x4->0x8,,,,,49
sprint_d3_sjax_w_a34_k20_v38,1,34,36,+2,eingabe R,,,,,
sprint_d3_sjax_w_a34_k20_v38,1,34,54,+20,treffer,18,13,38,0,0
sprint_d3_sjax_w_a34_k20_v38,1,34,55,+21,umgeworfen,18,,200,0,0
sprint_d3_sjax_w_a34_k20_v38,1,34,58,+24,aktion 0x8->0x0,,,,,0
sprint_d3_sjax_w_a34_k20_v38,1,34,59,+25,figur_bewegt,,,,,
sprint_d3_sjax_w_a34_k20_v143,1,34,2,-32,eingabe R,,,,,
sprint_d3_sjax_w_a34_k20_v143,1,34,4,-30,eingabe -,,,,,
sprint_d3_sjax_w_a34_k20_v143,1,34,6,-28,eingabe R,,,,,
sprint_d3_sjax_w_a34_k20_v143,1,34,7,-27,aktion 0x0->0x2,,,,,0
sprint_d3_sjax_w_a34_k20_v143,1,34,9,-25,eingabe J+R,,,,,
sprint_d3_sjax_w_a34_k20_v143,1,34,10,-24,aktion 0x2->0x4,,,,,0
sprint_d3_sjax_w_a34_k20_v143,1,34,11,-23,eingabe R,,,,,
sprint_d3_sjax_w_a34_k20_v143,1,34,34,+0,eingabe A+R,,,,,
sprint_d3_sjax_w_a34_k20_v143,1,34,35,+1,aktion 0x4->0x8,,,,,49
sprint_d3_sjax_w_a34_k20_v143,1,34,36,+2,eingabe R,,,,,
sprint_d3_sjax_w_a34_k20_v143,1,34,54,+20,treffer,18,13,141,0,0
sprint_d3_sjax_w_a34_k20_v143,1,34,55,+21,umgeworfen,18,,200,0,0
sprint_d3_sjax_w_a34_k20_v143,1,34,58,+24,aktion 0x8->0x0,,,,,0
sprint_d3_sjax_w_a34_k20_v143,1,34,59,+25,figur_bewegt,,,,,
sprint_d3_sjax_w_a34_k20_v147,1,34,2,-32,eingabe R,,,,,
sprint_d3_sjax_w_a34_k20_v147,1,34,4,-30,eingabe -,,,,,
sprint_d3_sjax_w_a34_k20_v147,1,34,6,-28,eingabe R,,,,,
sprint_d3_sjax_w_a34_k20_v147,1,34,7,-27,aktion 0x0->0x2,,,,,0
sprint_d3_sjax_w_a34_k20_v147,1,34,9,-25,eingabe J+R,,,,,
sprint_d3_sjax_w_a34_k20_v147,1,34,10,-24,aktion 0x2->0x4,,,,,0
sprint_d3_sjax_w_a34_k20_v147,1,34,11,-23,eingabe R,,,,,
sprint_d3_sjax_w_a34_k20_v147,1,34,34,+0,eingabe A+R,,,,,
sprint_d3_sjax_w_a34_k20_v147,1,34,35,+1,aktion 0x4->0x8,,,,,49
sprint_d3_sjax_w_a34_k20_v147,1,34,36,+2,eingabe R,,,,,
sprint_d3_sjax_w_a34_k20_v147,1,34,54,+20,treffer,18,13,145,0,0
sprint_d3_sjax_w_a34_k20_v147,1,34,55,+21,umgeworfen,18,,200,0,0
sprint_d3_sjax_w_a34_k20_v147,1,34,58,+24,aktion 0x8->0x0,,,,,0
sprint_d3_sjax_w_a34_k20_v147,1,34,59,+25,figur_bewegt,,,,,
sprint_d3_sjax_w_a34_k20_v151,1,34,2,-32,eingabe R,,,,,
sprint_d3_sjax_w_a34_k20_v151,1,34,4,-30,eingabe -,,,,,
sprint_d3_sjax_w_a34_k20_v151,1,34,6,-28,eingabe R,,,,,
sprint_d3_sjax_w_a34_k20_v151,1,34,7,-27,aktion 0x0->0x2,,,,,0
sprint_d3_sjax_w_a34_k20_v151,1,34,9,-25,eingabe J+R,,,,,
sprint_d3_sjax_w_a34_k20_v151,1,34,10,-24,aktion 0x2->0x4,,,,,0
sprint_d3_sjax_w_a34_k20_v151,1,34,11,-23,eingabe R,,,,,
sprint_d3_sjax_w_a34_k20_v151,1,34,34,+0,eingabe A+R,,,,,
sprint_d3_sjax_w_a34_k20_v151,1,34,35,+1,aktion 0x4->0x8,,,,,49
sprint_d3_sjax_w_a34_k20_v151,1,34,36,+2,eingabe R,,,,,
sprint_d3_sjax_w_a34_k20_v151,1,34,58,+24,aktion 0x8->0x0,,,,,0
sprint_d3_sjax_w_a34_k20_v151,1,34,59,+25,figur_bewegt,,,,,
sprint_d3_sjax_w_a34_k25_v159,1,34,2,-32,eingabe R,,,,,
sprint_d3_sjax_w_a34_k25_v159,1,34,4,-30,eingabe -,,,,,
sprint_d3_sjax_w_a34_k25_v159,1,34,6,-28,eingabe R,,,,,
sprint_d3_sjax_w_a34_k25_v159,1,34,7,-27,aktion 0x0->0x2,,,,,0
sprint_d3_sjax_w_a34_k25_v159,1,34,9,-25,eingabe J+R,,,,,
sprint_d3_sjax_w_a34_k25_v159,1,34,10,-24,aktion 0x2->0x4,,,,,0
sprint_d3_sjax_w_a34_k25_v159,1,34,11,-23,eingabe R,,,,,
sprint_d3_sjax_w_a34_k25_v159,1,34,34,+0,eingabe A+R,,,,,
sprint_d3_sjax_w_a34_k25_v159,1,34,35,+1,aktion 0x4->0x8,,,,,49
sprint_d3_sjax_w_a34_k25_v159,1,34,36,+2,eingabe R,,,,,
sprint_d3_sjax_w_a34_k25_v159,1,34,58,+24,aktion 0x8->0x0,,,,,0
sprint_d3_sjax_w_a34_k25_v159,1,34,59,+25,figur_bewegt,,,,,
sprint_d3_sjax_w_a34_k25_v159,1,34,59,+25,treffer,18,13,158,0,0
sprint_d3_sjax_w_a34_k25_v159,1,34,60,+26,umgeworfen,18,,198,0,0
sprint_d3_sjax_w_a34_k25_v159,1,34,61,+27,eingabe -,,,,,
sprint_d3_sjax_w_a34_k25_v163,1,34,2,-32,eingabe R,,,,,
sprint_d3_sjax_w_a34_k25_v163,1,34,4,-30,eingabe -,,,,,
sprint_d3_sjax_w_a34_k25_v163,1,34,6,-28,eingabe R,,,,,
sprint_d3_sjax_w_a34_k25_v163,1,34,7,-27,aktion 0x0->0x2,,,,,0
sprint_d3_sjax_w_a34_k25_v163,1,34,9,-25,eingabe J+R,,,,,
sprint_d3_sjax_w_a34_k25_v163,1,34,10,-24,aktion 0x2->0x4,,,,,0
sprint_d3_sjax_w_a34_k25_v163,1,34,11,-23,eingabe R,,,,,
sprint_d3_sjax_w_a34_k25_v163,1,34,34,+0,eingabe A+R,,,,,
sprint_d3_sjax_w_a34_k25_v163,1,34,35,+1,aktion 0x4->0x8,,,,,49
sprint_d3_sjax_w_a34_k25_v163,1,34,36,+2,eingabe R,,,,,
sprint_d3_sjax_w_a34_k25_v163,1,34,58,+24,aktion 0x8->0x0,,,,,0
sprint_d3_sjax_w_a34_k25_v163,1,34,59,+25,figur_bewegt,,,,,
sprint_d3_sjax_w_a34_k25_v163,1,34,59,+25,treffer,18,13,162,0,0
sprint_d3_sjax_w_a34_k25_v163,1,34,60,+26,umgeworfen,18,,198,0,0
sprint_d3_sjax_w_a34_k25_v163,1,34,61,+27,eingabe -,,,,,
sprint_d3_sjax_w_a34_k25_v167,1,34,2,-32,eingabe R,,,,,
sprint_d3_sjax_w_a34_k25_v167,1,34,4,-30,eingabe -,,,,,
sprint_d3_sjax_w_a34_k25_v167,1,34,6,-28,eingabe R,,,,,
sprint_d3_sjax_w_a34_k25_v167,1,34,7,-27,aktion 0x0->0x2,,,,,0
sprint_d3_sjax_w_a34_k25_v167,1,34,9,-25,eingabe J+R,,,,,
sprint_d3_sjax_w_a34_k25_v167,1,34,10,-24,aktion 0x2->0x4,,,,,0
sprint_d3_sjax_w_a34_k25_v167,1,34,11,-23,eingabe R,,,,,
sprint_d3_sjax_w_a34_k25_v167,1,34,34,+0,eingabe A+R,,,,,
sprint_d3_sjax_w_a34_k25_v167,1,34,35,+1,aktion 0x4->0x8,,,,,49
sprint_d3_sjax_w_a34_k25_v167,1,34,36,+2,eingabe R,,,,,
sprint_d3_sjax_w_a34_k25_v167,1,34,58,+24,aktion 0x8->0x0,,,,,0
sprint_d3_sjax_w_a34_k25_v167,1,34,59,+25,figur_bewegt,,,,,
sprint_d3_sjax_w_a34_k25_v167,1,34,59,+25,treffer,18,13,166,0,0
sprint_d3_sjax_w_a34_k25_v167,1,34,60,+26,umgeworfen,18,,198,0,0
sprint_d3_sjax_w_a34_k25_v167,1,34,61,+27,eingabe -,,,,,
sprint_d3_sjax_w_a34_k25_v171,1,34,2,-32,eingabe R,,,,,
sprint_d3_sjax_w_a34_k25_v171,1,34,4,-30,eingabe -,,,,,
sprint_d3_sjax_w_a34_k25_v171,1,34,6,-28,eingabe R,,,,,
sprint_d3_sjax_w_a34_k25_v171,1,34,7,-27,aktion 0x0->0x2,,,,,0
sprint_d3_sjax_w_a34_k25_v171,1,34,9,-25,eingabe J+R,,,,,
sprint_d3_sjax_w_a34_k25_v171,1,34,10,-24,aktion 0x2->0x4,,,,,0
sprint_d3_sjax_w_a34_k25_v171,1,34,11,-23,eingabe R,,,,,
sprint_d3_sjax_w_a34_k25_v171,1,34,34,+0,eingabe A+R,,,,,
sprint_d3_sjax_w_a34_k25_v171,1,34,35,+1,aktion 0x4->0x8,,,,,49
sprint_d3_sjax_w_a34_k25_v171,1,34,36,+2,eingabe R,,,,,
sprint_d3_sjax_w_a34_k25_v171,1,34,58,+24,aktion 0x8->0x0,,,,,0
sprint_d3_sjax_w_a34_k25_v171,1,34,59,+25,figur_bewegt,,,,,
sprint_d3_sjax_w_a34_k25_v171,1,34,61,+27,eingabe -,,,,,
sprint_d3_sjax_w_a34_k30_v34,1,34,2,-32,eingabe R,,,,,
sprint_d3_sjax_w_a34_k30_v34,1,34,4,-30,eingabe -,,,,,
sprint_d3_sjax_w_a34_k30_v34,1,34,6,-28,eingabe R,,,,,
sprint_d3_sjax_w_a34_k30_v34,1,34,7,-27,aktion 0x0->0x2,,,,,0
sprint_d3_sjax_w_a34_k30_v34,1,34,9,-25,eingabe J+R,,,,,
sprint_d3_sjax_w_a34_k30_v34,1,34,10,-24,aktion 0x2->0x4,,,,,0
sprint_d3_sjax_w_a34_k30_v34,1,34,11,-23,eingabe R,,,,,
sprint_d3_sjax_w_a34_k30_v34,1,34,34,+0,eingabe A+R,,,,,
sprint_d3_sjax_w_a34_k30_v34,1,34,35,+1,aktion 0x4->0x8,,,,,49
sprint_d3_sjax_w_a34_k30_v34,1,34,36,+2,eingabe R,,,,,
sprint_d3_sjax_w_a34_k30_v34,1,34,58,+24,aktion 0x8->0x0,,,,,0
sprint_d3_sjax_w_a34_k30_v34,1,34,59,+25,figur_bewegt,,,,,
sprint_d3_sjax_w_a34_k30_v34,1,34,61,+27,eingabe -,,,,,
sprint_d3_sjax_w_a34_k30_v34,1,34,64,+30,treffer,18,13,34,0,0
sprint_d3_sjax_w_a34_k30_v34,1,34,65,+31,umgeworfen,18,,200,0,0
sprint_d3_sjax_w_a34_k30_v38,1,34,2,-32,eingabe R,,,,,
sprint_d3_sjax_w_a34_k30_v38,1,34,4,-30,eingabe -,,,,,
sprint_d3_sjax_w_a34_k30_v38,1,34,6,-28,eingabe R,,,,,
sprint_d3_sjax_w_a34_k30_v38,1,34,7,-27,aktion 0x0->0x2,,,,,0
sprint_d3_sjax_w_a34_k30_v38,1,34,9,-25,eingabe J+R,,,,,
sprint_d3_sjax_w_a34_k30_v38,1,34,10,-24,aktion 0x2->0x4,,,,,0
sprint_d3_sjax_w_a34_k30_v38,1,34,11,-23,eingabe R,,,,,
sprint_d3_sjax_w_a34_k30_v38,1,34,34,+0,eingabe A+R,,,,,
sprint_d3_sjax_w_a34_k30_v38,1,34,35,+1,aktion 0x4->0x8,,,,,49
sprint_d3_sjax_w_a34_k30_v38,1,34,36,+2,eingabe R,,,,,
sprint_d3_sjax_w_a34_k30_v38,1,34,58,+24,aktion 0x8->0x0,,,,,0
sprint_d3_sjax_w_a34_k30_v38,1,34,59,+25,figur_bewegt,,,,,
sprint_d3_sjax_w_a34_k30_v38,1,34,61,+27,eingabe -,,,,,
sprint_d3_sjax_w_a34_k30_v38,1,34,64,+30,treffer,18,13,38,0,0
sprint_d3_sjax_w_a34_k30_v38,1,34,65,+31,umgeworfen,18,,200,0,0
sprint_d3_sjax_w_a34_k30_v42,1,34,2,-32,eingabe R,,,,,
sprint_d3_sjax_w_a34_k30_v42,1,34,4,-30,eingabe -,,,,,
sprint_d3_sjax_w_a34_k30_v42,1,34,6,-28,eingabe R,,,,,
sprint_d3_sjax_w_a34_k30_v42,1,34,7,-27,aktion 0x0->0x2,,,,,0
sprint_d3_sjax_w_a34_k30_v42,1,34,9,-25,eingabe J+R,,,,,
sprint_d3_sjax_w_a34_k30_v42,1,34,10,-24,aktion 0x2->0x4,,,,,0
sprint_d3_sjax_w_a34_k30_v42,1,34,11,-23,eingabe R,,,,,
sprint_d3_sjax_w_a34_k30_v42,1,34,34,+0,eingabe A+R,,,,,
sprint_d3_sjax_w_a34_k30_v42,1,34,35,+1,aktion 0x4->0x8,,,,,49
sprint_d3_sjax_w_a34_k30_v42,1,34,36,+2,eingabe R,,,,,
sprint_d3_sjax_w_a34_k30_v42,1,34,58,+24,aktion 0x8->0x0,,,,,0
sprint_d3_sjax_w_a34_k30_v42,1,34,59,+25,figur_bewegt,,,,,
sprint_d3_sjax_w_a34_k30_v42,1,34,61,+27,eingabe -,,,,,
sprint_d3_sjax_w_a34_k30_v42,1,34,64,+30,treffer,18,13,42,0,0
sprint_d3_sjax_w_a34_k30_v42,1,34,65,+31,umgeworfen,18,,200,0,0
sprint_d3_sjax_w_a34_k30_v160,1,34,2,-32,eingabe R,,,,,
sprint_d3_sjax_w_a34_k30_v160,1,34,4,-30,eingabe -,,,,,
sprint_d3_sjax_w_a34_k30_v160,1,34,6,-28,eingabe R,,,,,
sprint_d3_sjax_w_a34_k30_v160,1,34,7,-27,aktion 0x0->0x2,,,,,0
sprint_d3_sjax_w_a34_k30_v160,1,34,9,-25,eingabe J+R,,,,,
sprint_d3_sjax_w_a34_k30_v160,1,34,10,-24,aktion 0x2->0x4,,,,,0
sprint_d3_sjax_w_a34_k30_v160,1,34,11,-23,eingabe R,,,,,
sprint_d3_sjax_w_a34_k30_v160,1,34,34,+0,eingabe A+R,,,,,
sprint_d3_sjax_w_a34_k30_v160,1,34,35,+1,aktion 0x4->0x8,,,,,49
sprint_d3_sjax_w_a34_k30_v160,1,34,36,+2,eingabe R,,,,,
sprint_d3_sjax_w_a34_k30_v160,1,34,58,+24,aktion 0x8->0x0,,,,,0
sprint_d3_sjax_w_a34_k30_v160,1,34,59,+25,figur_bewegt,,,,,
sprint_d3_sjax_w_a34_k30_v160,1,34,61,+27,eingabe -,,,,,
sprint_d3_sjax_w_a34_k30_v160,1,34,64,+30,treffer,18,13,160,0,0
sprint_d3_sjax_w_a34_k30_v160,1,34,65,+31,umgeworfen,18,,200,0,0
sprint_d3_sjax_w_a34_k30_v164,1,34,2,-32,eingabe R,,,,,
sprint_d3_sjax_w_a34_k30_v164,1,34,4,-30,eingabe -,,,,,
sprint_d3_sjax_w_a34_k30_v164,1,34,6,-28,eingabe R,,,,,
sprint_d3_sjax_w_a34_k30_v164,1,34,7,-27,aktion 0x0->0x2,,,,,0
sprint_d3_sjax_w_a34_k30_v164,1,34,9,-25,eingabe J+R,,,,,
sprint_d3_sjax_w_a34_k30_v164,1,34,10,-24,aktion 0x2->0x4,,,,,0
sprint_d3_sjax_w_a34_k30_v164,1,34,11,-23,eingabe R,,,,,
sprint_d3_sjax_w_a34_k30_v164,1,34,34,+0,eingabe A+R,,,,,
sprint_d3_sjax_w_a34_k30_v164,1,34,35,+1,aktion 0x4->0x8,,,,,49
sprint_d3_sjax_w_a34_k30_v164,1,34,36,+2,eingabe R,,,,,
sprint_d3_sjax_w_a34_k30_v164,1,34,58,+24,aktion 0x8->0x0,,,,,0
sprint_d3_sjax_w_a34_k30_v164,1,34,59,+25,figur_bewegt,,,,,
sprint_d3_sjax_w_a34_k30_v164,1,34,61,+27,eingabe -,,,,,
sprint_d3_sjax_w_a34_k30_v164,1,34,64,+30,treffer,18,13,164,0,0
sprint_d3_sjax_w_a34_k30_v164,1,34,65,+31,umgeworfen,18,,200,0,0
sprint_d3_sjax_w_a34_k30_v168,1,34,2,-32,eingabe R,,,,,
sprint_d3_sjax_w_a34_k30_v168,1,34,4,-30,eingabe -,,,,,
sprint_d3_sjax_w_a34_k30_v168,1,34,6,-28,eingabe R,,,,,
sprint_d3_sjax_w_a34_k30_v168,1,34,7,-27,aktion 0x0->0x2,,,,,0
sprint_d3_sjax_w_a34_k30_v168,1,34,9,-25,eingabe J+R,,,,,
sprint_d3_sjax_w_a34_k30_v168,1,34,10,-24,aktion 0x2->0x4,,,,,0
sprint_d3_sjax_w_a34_k30_v168,1,34,11,-23,eingabe R,,,,,
sprint_d3_sjax_w_a34_k30_v168,1,34,34,+0,eingabe A+R,,,,,
sprint_d3_sjax_w_a34_k30_v168,1,34,35,+1,aktion 0x4->0x8,,,,,49
sprint_d3_sjax_w_a34_k30_v168,1,34,36,+2,eingabe R,,,,,
sprint_d3_sjax_w_a34_k30_v168,1,34,58,+24,aktion 0x8->0x0,,,,,0
sprint_d3_sjax_w_a34_k30_v168,1,34,59,+25,figur_bewegt,,,,,
sprint_d3_sjax_w_a34_k30_v168,1,34,61,+27,eingabe -,,,,,
sprint_d3_sjax_w_a34_k30_v168,1,34,64,+30,treffer,18,13,168,0,0
sprint_d3_sjax_w_a34_k30_v168,1,34,65,+31,umgeworfen,18,,200,0,0
sprint_d3_sjax_w_a34_k30_v172,1,34,2,-32,eingabe R,,,,,
sprint_d3_sjax_w_a34_k30_v172,1,34,4,-30,eingabe -,,,,,
sprint_d3_sjax_w_a34_k30_v172,1,34,6,-28,eingabe R,,,,,
sprint_d3_sjax_w_a34_k30_v172,1,34,7,-27,aktion 0x0->0x2,,,,,0
sprint_d3_sjax_w_a34_k30_v172,1,34,9,-25,eingabe J+R,,,,,
sprint_d3_sjax_w_a34_k30_v172,1,34,10,-24,aktion 0x2->0x4,,,,,0
sprint_d3_sjax_w_a34_k30_v172,1,34,11,-23,eingabe R,,,,,
sprint_d3_sjax_w_a34_k30_v172,1,34,34,+0,eingabe A+R,,,,,
sprint_d3_sjax_w_a34_k30_v172,1,34,35,+1,aktion 0x4->0x8,,,,,49
sprint_d3_sjax_w_a34_k30_v172,1,34,36,+2,eingabe R,,,,,
sprint_d3_sjax_w_a34_k30_v172,1,34,58,+24,aktion 0x8->0x0,,,,,0
sprint_d3_sjax_w_a34_k30_v172,1,34,59,+25,figur_bewegt,,,,,
sprint_d3_sjax_w_a34_k30_v172,1,34,61,+27,eingabe -,,,,,
sprint_d3_sjax_w_a34_k30_v172,1,34,64,+30,treffer,18,13,172,0,0
sprint_d3_sjax_w_a34_k30_v172,1,34,65,+31,umgeworfen,18,,200,0,0
sprint_d3_sjax_w_a34_k30_v176,1,34,2,-32,eingabe R,,,,,
sprint_d3_sjax_w_a34_k30_v176,1,34,4,-30,eingabe -,,,,,
sprint_d3_sjax_w_a34_k30_v176,1,34,6,-28,eingabe R,,,,,
sprint_d3_sjax_w_a34_k30_v176,1,34,7,-27,aktion 0x0->0x2,,,,,0
sprint_d3_sjax_w_a34_k30_v176,1,34,9,-25,eingabe J+R,,,,,
sprint_d3_sjax_w_a34_k30_v176,1,34,10,-24,aktion 0x2->0x4,,,,,0
sprint_d3_sjax_w_a34_k30_v176,1,34,11,-23,eingabe R,,,,,
sprint_d3_sjax_w_a34_k30_v176,1,34,34,+0,eingabe A+R,,,,,
sprint_d3_sjax_w_a34_k30_v176,1,34,35,+1,aktion 0x4->0x8,,,,,49
sprint_d3_sjax_w_a34_k30_v176,1,34,36,+2,eingabe R,,,,,
sprint_d3_sjax_w_a34_k30_v176,1,34,58,+24,aktion 0x8->0x0,,,,,0
sprint_d3_sjax_w_a34_k30_v176,1,34,59,+25,figur_bewegt,,,,,
sprint_d3_sjax_w_a34_k30_v176,1,34,61,+27,eingabe -,,,,,
sprint_d3_sjax_w_a34_k35_v157,1,34,2,-32,eingabe R,,,,,
sprint_d3_sjax_w_a34_k35_v157,1,34,4,-30,eingabe -,,,,,
sprint_d3_sjax_w_a34_k35_v157,1,34,6,-28,eingabe R,,,,,
sprint_d3_sjax_w_a34_k35_v157,1,34,7,-27,aktion 0x0->0x2,,,,,0
sprint_d3_sjax_w_a34_k35_v157,1,34,9,-25,eingabe J+R,,,,,
sprint_d3_sjax_w_a34_k35_v157,1,34,10,-24,aktion 0x2->0x4,,,,,0
sprint_d3_sjax_w_a34_k35_v157,1,34,11,-23,eingabe R,,,,,
sprint_d3_sjax_w_a34_k35_v157,1,34,34,+0,eingabe A+R,,,,,
sprint_d3_sjax_w_a34_k35_v157,1,34,35,+1,aktion 0x4->0x8,,,,,49
sprint_d3_sjax_w_a34_k35_v157,1,34,36,+2,eingabe R,,,,,
sprint_d3_sjax_w_a34_k35_v157,1,34,58,+24,aktion 0x8->0x0,,,,,0
sprint_d3_sjax_w_a34_k35_v157,1,34,59,+25,figur_bewegt,,,,,
sprint_d3_sjax_w_a34_k35_v157,1,34,61,+27,eingabe -,,,,,
sprint_d3_sjax_w_a34_k35_v161,1,34,2,-32,eingabe R,,,,,
sprint_d3_sjax_w_a34_k35_v161,1,34,4,-30,eingabe -,,,,,
sprint_d3_sjax_w_a34_k35_v161,1,34,6,-28,eingabe R,,,,,
sprint_d3_sjax_w_a34_k35_v161,1,34,7,-27,aktion 0x0->0x2,,,,,0
sprint_d3_sjax_w_a34_k35_v161,1,34,9,-25,eingabe J+R,,,,,
sprint_d3_sjax_w_a34_k35_v161,1,34,10,-24,aktion 0x2->0x4,,,,,0
sprint_d3_sjax_w_a34_k35_v161,1,34,11,-23,eingabe R,,,,,
sprint_d3_sjax_w_a34_k35_v161,1,34,34,+0,eingabe A+R,,,,,
sprint_d3_sjax_w_a34_k35_v161,1,34,35,+1,aktion 0x4->0x8,,,,,49
sprint_d3_sjax_w_a34_k35_v161,1,34,36,+2,eingabe R,,,,,
sprint_d3_sjax_w_a34_k35_v161,1,34,58,+24,aktion 0x8->0x0,,,,,0
sprint_d3_sjax_w_a34_k35_v161,1,34,59,+25,figur_bewegt,,,,,
sprint_d3_sjax_w_a34_k35_v161,1,34,61,+27,eingabe -,,,,,
sprint_d3_sjax_w_a34_k35_v165,1,34,2,-32,eingabe R,,,,,
sprint_d3_sjax_w_a34_k35_v165,1,34,4,-30,eingabe -,,,,,
sprint_d3_sjax_w_a34_k35_v165,1,34,6,-28,eingabe R,,,,,
sprint_d3_sjax_w_a34_k35_v165,1,34,7,-27,aktion 0x0->0x2,,,,,0
sprint_d3_sjax_w_a34_k35_v165,1,34,9,-25,eingabe J+R,,,,,
sprint_d3_sjax_w_a34_k35_v165,1,34,10,-24,aktion 0x2->0x4,,,,,0
sprint_d3_sjax_w_a34_k35_v165,1,34,11,-23,eingabe R,,,,,
sprint_d3_sjax_w_a34_k35_v165,1,34,34,+0,eingabe A+R,,,,,
sprint_d3_sjax_w_a34_k35_v165,1,34,35,+1,aktion 0x4->0x8,,,,,49
sprint_d3_sjax_w_a34_k35_v165,1,34,36,+2,eingabe R,,,,,
sprint_d3_sjax_w_a34_k35_v165,1,34,58,+24,aktion 0x8->0x0,,,,,0
sprint_d3_sjax_w_a34_k35_v165,1,34,59,+25,figur_bewegt,,,,,
sprint_d3_sjax_w_a34_k35_v165,1,34,61,+27,eingabe -,,,,,
sprint_d3_sjax_w_a34_k35_v169,1,34,2,-32,eingabe R,,,,,
sprint_d3_sjax_w_a34_k35_v169,1,34,4,-30,eingabe -,,,,,
sprint_d3_sjax_w_a34_k35_v169,1,34,6,-28,eingabe R,,,,,
sprint_d3_sjax_w_a34_k35_v169,1,34,7,-27,aktion 0x0->0x2,,,,,0
sprint_d3_sjax_w_a34_k35_v169,1,34,9,-25,eingabe J+R,,,,,
sprint_d3_sjax_w_a34_k35_v169,1,34,10,-24,aktion 0x2->0x4,,,,,0
sprint_d3_sjax_w_a34_k35_v169,1,34,11,-23,eingabe R,,,,,
sprint_d3_sjax_w_a34_k35_v169,1,34,34,+0,eingabe A+R,,,,,
sprint_d3_sjax_w_a34_k35_v169,1,34,35,+1,aktion 0x4->0x8,,,,,49
sprint_d3_sjax_w_a34_k35_v169,1,34,36,+2,eingabe R,,,,,
sprint_d3_sjax_w_a34_k35_v169,1,34,58,+24,aktion 0x8->0x0,,,,,0
sprint_d3_sjax_w_a34_k35_v169,1,34,59,+25,figur_bewegt,,,,,
sprint_d3_sjax_w_a34_k35_v169,1,34,61,+27,eingabe -,,,,,
sprint_d3_sjax_w_a34_k39_v130,1,34,2,-32,eingabe R,,,,,
sprint_d3_sjax_w_a34_k39_v130,1,34,4,-30,eingabe -,,,,,
sprint_d3_sjax_w_a34_k39_v130,1,34,6,-28,eingabe R,,,,,
sprint_d3_sjax_w_a34_k39_v130,1,34,7,-27,aktion 0x0->0x2,,,,,0
sprint_d3_sjax_w_a34_k39_v130,1,34,9,-25,eingabe J+R,,,,,
sprint_d3_sjax_w_a34_k39_v130,1,34,10,-24,aktion 0x2->0x4,,,,,0
sprint_d3_sjax_w_a34_k39_v130,1,34,11,-23,eingabe R,,,,,
sprint_d3_sjax_w_a34_k39_v130,1,34,34,+0,eingabe A+R,,,,,
sprint_d3_sjax_w_a34_k39_v130,1,34,35,+1,aktion 0x4->0x8,,,,,49
sprint_d3_sjax_w_a34_k39_v130,1,34,36,+2,eingabe R,,,,,
sprint_d3_sjax_w_a34_k39_v130,1,34,58,+24,aktion 0x8->0x0,,,,,0
sprint_d3_sjax_w_a34_k39_v130,1,34,59,+25,figur_bewegt,,,,,
sprint_d3_sjax_w_a34_k39_v130,1,34,61,+27,eingabe -,,,,,
sprint_d3_sjax_w_a34_k39_v130,1,34,73,+39,treffer,18,13,130,0,0
sprint_d3_sjax_w_a34_k39_v130,1,34,74,+40,umgeworfen,18,,200,0,0
sprint_d3_sjax_w_a34_k39_v140,1,34,2,-32,eingabe R,,,,,
sprint_d3_sjax_w_a34_k39_v140,1,34,4,-30,eingabe -,,,,,
sprint_d3_sjax_w_a34_k39_v140,1,34,6,-28,eingabe R,,,,,
sprint_d3_sjax_w_a34_k39_v140,1,34,7,-27,aktion 0x0->0x2,,,,,0
sprint_d3_sjax_w_a34_k39_v140,1,34,9,-25,eingabe J+R,,,,,
sprint_d3_sjax_w_a34_k39_v140,1,34,10,-24,aktion 0x2->0x4,,,,,0
sprint_d3_sjax_w_a34_k39_v140,1,34,11,-23,eingabe R,,,,,
sprint_d3_sjax_w_a34_k39_v140,1,34,34,+0,eingabe A+R,,,,,
sprint_d3_sjax_w_a34_k39_v140,1,34,35,+1,aktion 0x4->0x8,,,,,49
sprint_d3_sjax_w_a34_k39_v140,1,34,36,+2,eingabe R,,,,,
sprint_d3_sjax_w_a34_k39_v140,1,34,58,+24,aktion 0x8->0x0,,,,,0
sprint_d3_sjax_w_a34_k39_v140,1,34,59,+25,figur_bewegt,,,,,
sprint_d3_sjax_w_a34_k39_v140,1,34,61,+27,eingabe -,,,,,
sprint_d3_sjax_w_a34_k39_v140,1,34,73,+39,treffer,18,13,140,0,0
sprint_d3_sjax_w_a34_k39_v140,1,34,74,+40,umgeworfen,18,,200,0,0
sprint_d3_sjax_w_a34_k39_v150,1,34,2,-32,eingabe R,,,,,
sprint_d3_sjax_w_a34_k39_v150,1,34,4,-30,eingabe -,,,,,
sprint_d3_sjax_w_a34_k39_v150,1,34,6,-28,eingabe R,,,,,
sprint_d3_sjax_w_a34_k39_v150,1,34,7,-27,aktion 0x0->0x2,,,,,0
sprint_d3_sjax_w_a34_k39_v150,1,34,9,-25,eingabe J+R,,,,,
sprint_d3_sjax_w_a34_k39_v150,1,34,10,-24,aktion 0x2->0x4,,,,,0
sprint_d3_sjax_w_a34_k39_v150,1,34,11,-23,eingabe R,,,,,
sprint_d3_sjax_w_a34_k39_v150,1,34,34,+0,eingabe A+R,,,,,
sprint_d3_sjax_w_a34_k39_v150,1,34,35,+1,aktion 0x4->0x8,,,,,49
sprint_d3_sjax_w_a34_k39_v150,1,34,36,+2,eingabe R,,,,,
sprint_d3_sjax_w_a34_k39_v150,1,34,58,+24,aktion 0x8->0x0,,,,,0
sprint_d3_sjax_w_a34_k39_v150,1,34,59,+25,figur_bewegt,,,,,
sprint_d3_sjax_w_a34_k39_v150,1,34,61,+27,eingabe -,,,,,
sprint_d3_sjax_w_a34_k39_v160,1,34,2,-32,eingabe R,,,,,
sprint_d3_sjax_w_a34_k39_v160,1,34,4,-30,eingabe -,,,,,
sprint_d3_sjax_w_a34_k39_v160,1,34,6,-28,eingabe R,,,,,
sprint_d3_sjax_w_a34_k39_v160,1,34,7,-27,aktion 0x0->0x2,,,,,0
sprint_d3_sjax_w_a34_k39_v160,1,34,9,-25,eingabe J+R,,,,,
sprint_d3_sjax_w_a34_k39_v160,1,34,10,-24,aktion 0x2->0x4,,,,,0
sprint_d3_sjax_w_a34_k39_v160,1,34,11,-23,eingabe R,,,,,
sprint_d3_sjax_w_a34_k39_v160,1,34,34,+0,eingabe A+R,,,,,
sprint_d3_sjax_w_a34_k39_v160,1,34,35,+1,aktion 0x4->0x8,,,,,49
sprint_d3_sjax_w_a34_k39_v160,1,34,36,+2,eingabe R,,,,,
sprint_d3_sjax_w_a34_k39_v160,1,34,58,+24,aktion 0x8->0x0,,,,,0
sprint_d3_sjax_w_a34_k39_v160,1,34,59,+25,figur_bewegt,,,,,
sprint_d3_sjax_w_a34_k39_v160,1,34,61,+27,eingabe -,,,,,
sprint_d3_sj_norm_s1,1,30,30,+0,eingabe J+R,,,,,
sprint_d3_sj_norm_s1,1,30,31,+1,aktion 0x0->0xa,,,,,0
sprint_d3_sj_norm_s1,1,30,32,+2,eingabe -,,,,,
sprint_d3_sj_norm_s1,1,30,78,+48,aktion 0xa->0x0,,,,,0
sprint_d3_sj_s1,1,30,2,-28,eingabe R,,,,,
sprint_d3_sj_s1,1,30,4,-26,eingabe -,,,,,
sprint_d3_sj_s1,1,30,6,-24,eingabe R,,,,,
sprint_d3_sj_s1,1,30,7,-23,aktion 0x0->0x2,,,,,0
sprint_d3_sj_s1,1,30,30,+0,eingabe J+R,,,,,
sprint_d3_sj_s1,1,30,31,+1,aktion 0x2->0x4,,,,,0
sprint_d3_sj_s1,1,30,32,+2,eingabe R,,,,,
sprint_d3_sj_s1,1,30,78,+48,aktion 0x4->0x0,,,,,0
sprint_d3_sj_s1,1,30,79,+49,figur_bewegt,,,,,
sprint_d3_sj_s1,1,30,81,+51,eingabe -,,,,,
sprint_d3_tief_a,1,6,2,-4,eingabe H,,,,,
sprint_d3_tief_a,1,6,4,-2,eingabe -,,,,,
sprint_d3_tief_a,1,6,6,+0,eingabe H,,,,,
sprint_d3_tief_a,1,6,7,+1,aktion 0x0->0x2,,,,,0
sprint_d3_tief_a,1,6,97,+91,aktion 0x2->0x0,,,,,0
sprint_d3_tief_b,1,6,2,-4,eingabe U,,,,,
sprint_d3_tief_b,1,6,4,-2,eingabe -,,,,,
sprint_d3_tief_b,1,6,6,+0,eingabe U,,,,,
sprint_d3_tief_b,1,6,7,+1,aktion 0x0->0x2,,,,,0
sprint_d3_tief_b,1,6,97,+91,aktion 0x2->0x0,,,,,0
sprint_ew_d1_g2,1,5,2,-3,eingabe R,,,,,
sprint_ew_d1_g2,1,5,3,-2,eingabe -,,,,,
sprint_ew_d1_g2,1,5,5,+0,eingabe R,,,,,
sprint_ew_d1_g2,1,5,6,+1,aktion 0x0->0x2,,,,,0
sprint_ew_d1_g11,1,14,2,-12,eingabe R,,,,,
sprint_ew_d1_g11,1,14,3,-11,eingabe -,,,,,
sprint_ew_d1_g11,1,14,14,+0,eingabe R,,,,,
sprint_ew_d2_g1,1,5,2,-3,eingabe R,,,,,
sprint_ew_d2_g1,1,5,4,-1,eingabe -,,,,,
sprint_ew_d2_g1,1,5,5,+0,eingabe R,,,,,
sprint_ew_d2_g1,1,5,6,+1,aktion 0x0->0x2,,,,,0
sprint_ew_d2_g10,1,14,2,-12,eingabe R,,,,,
sprint_ew_d2_g10,1,14,4,-10,eingabe -,,,,,
sprint_ew_d2_g10,1,14,14,+0,eingabe R,,,,,
sprint_ew_d2_g10,1,14,15,+1,aktion 0x0->0x2,,,,,0
sprint_ew_d2_g11,1,15,2,-13,eingabe R,,,,,
sprint_ew_d2_g11,1,15,4,-11,eingabe -,,,,,
sprint_ew_d2_g11,1,15,15,+0,eingabe R,,,,,
sprint_ew_d8_g5,1,15,2,-13,eingabe R,,,,,
sprint_ew_d8_g5,1,15,10,-5,eingabe -,,,,,
sprint_ew_d8_g5,1,15,15,+0,eingabe R,,,,,
sprint_ew_d8_g5,1,15,16,+1,aktion 0x0->0x2,,,,,0
sprint_ew_d10_g2,1,14,2,-12,eingabe R,,,,,
sprint_ew_d10_g2,1,14,12,-2,eingabe -,,,,,
sprint_ew_d10_g2,1,14,14,+0,eingabe R,,,,,
sprint_ew_d10_g2,1,14,15,+1,aktion 0x0->0x2,,,,,0
sprint_ew_d10_g10,1,22,2,-20,eingabe R,,,,,
sprint_ew_d10_g10,1,22,12,-10,eingabe -,,,,,
sprint_ew_d10_g10,1,22,22,+0,eingabe R,,,,,
sprint_ew_d10_g10,1,22,23,+1,aktion 0x0->0x2,,,,,0
sprint_ew_d11_g1,1,14,2,-12,eingabe R,,,,,
sprint_ew_d11_g1,1,14,13,-1,eingabe -,,,,,
sprint_ew_d11_g1,1,14,14,+0,eingabe R,,,,,
sprint_ew_d11_g2,1,15,2,-13,eingabe R,,,,,
sprint_ew_d11_g2,1,15,13,-2,eingabe -,,,,,
sprint_ew_d11_g2,1,15,15,+0,eingabe R,,,,,
sprint_ew_h1,1,6,2,-4,eingabe R,,,,,
sprint_ew_h1,1,6,4,-2,eingabe -,,,,,
sprint_ew_h1,1,6,6,+0,eingabe R,,,,,
sprint_ew_h1,1,6,7,+1,aktion 0x0->0x2,,,,,0
sprint_ew_h1,1,6,7,+1,eingabe -,,,,,
sprint_ew_h1,1,6,8,+2,aktion 0x2->0x0,,,,,0
sprint_ew_h2,1,6,2,-4,eingabe R,,,,,
sprint_ew_h2,1,6,4,-2,eingabe -,,,,,
sprint_ew_h2,1,6,6,+0,eingabe R,,,,,
sprint_ew_h2,1,6,7,+1,aktion 0x0->0x2,,,,,0
sprint_ew_h2,1,6,8,+2,eingabe -,,,,,
sprint_ew_h2,1,6,9,+3,aktion 0x2->0x0,,,,,0
sprint_ew_h5,1,6,2,-4,eingabe R,,,,,
sprint_ew_h5,1,6,4,-2,eingabe -,,,,,
sprint_ew_h5,1,6,6,+0,eingabe R,,,,,
sprint_ew_h5,1,6,7,+1,aktion 0x0->0x2,,,,,0
sprint_ew_h5,1,6,11,+5,eingabe -,,,,,
sprint_ew_h5,1,6,12,+6,aktion 0x2->0x0,,,,,0
sprint_ew_h20,1,6,2,-4,eingabe R,,,,,
sprint_ew_h20,1,6,4,-2,eingabe -,,,,,
sprint_ew_h20,1,6,6,+0,eingabe R,,,,,
sprint_ew_h20,1,6,7,+1,aktion 0x0->0x2,,,,,0
sprint_ew_h20,1,6,26,+20,eingabe -,,,,,
sprint_ew_h20,1,6,27,+21,aktion 0x2->0x0,,,,,0
sprint_ew_l_d2_g10,1,22,10,-12,eingabe L,,,,,
sprint_ew_l_d2_g10,1,22,12,-10,eingabe -,,,,,
sprint_ew_l_d2_g10,1,22,22,+0,eingabe L,,,,,
sprint_ew_l_d2_g10,1,22,23,+1,aktion 0x0->0x2,,,,,0
sprint_ew_l_d2_g11,1,23,10,-13,eingabe L,,,,,
sprint_ew_l_d2_g11,1,23,12,-11,eingabe -,,,,,
sprint_ew_l_d2_g11,1,23,23,+0,eingabe L,,,,,
sprint_ew_l_d10_g2,1,22,10,-12,eingabe L,,,,,
sprint_ew_l_d10_g2,1,22,20,-2,eingabe -,,,,,
sprint_ew_l_d10_g2,1,22,22,+0,eingabe L,,,,,
sprint_ew_l_d10_g2,1,22,23,+1,aktion 0x0->0x2,,,,,0
sprint_ew_l_d11_g2,1,23,10,-13,eingabe L,,,,,
sprint_ew_l_d11_g2,1,23,21,-2,eingabe -,,,,,
sprint_ew_l_d11_g2,1,23,23,+0,eingabe L,,,,,
sprint_ew_misch,1,6,2,-4,eingabe R,,,,,
sprint_ew_misch,1,6,4,-2,eingabe -,,,,,
sprint_ew_misch,1,6,6,+0,eingabe H+R,,,,,
sprint_ri_h,1,49,2,-47,eingabe U,,,,,
sprint_ri_h,1,49,41,-8,eingabe -,,,,,
sprint_ri_h,1,49,45,-4,eingabe H,,,,,
sprint_ri_h,1,49,47,-2,eingabe -,,,,,
sprint_ri_h,1,49,49,+0,eingabe H,,,,,
sprint_ri_h,1,49,50,+1,aktion 0x0->0x2,,,,,0
sprint_ri_l,1,6,2,-4,eingabe L,,,,,
sprint_ri_l,1,6,4,-2,eingabe -,,,,,
sprint_ri_l,1,6,6,+0,eingabe L,,,,,
sprint_ri_l,1,6,7,+1,aktion 0x0->0x2,,,,,0
sprint_ri_lh,1,39,2,-37,eingabe U,,,,,
sprint_ri_lh,1,39,31,-8,eingabe -,,,,,
sprint_ri_lh,1,39,35,-4,eingabe H+L,,,,,
sprint_ri_lh,1,39,37,-2,eingabe -,,,,,
sprint_ri_lh,1,39,39,+0,eingabe H+L,,,,,
sprint_ri_lh,1,39,40,+1,aktion 0x0->0x2,,,,,0
sprint_ri_lu,1,29,2,-27,eingabe H,,,,,
sprint_ri_lu,1,29,21,-8,eingabe -,,,,,
sprint_ri_lu,1,29,25,-4,eingabe L+U,,,,,
sprint_ri_lu,1,29,27,-2,eingabe -,,,,,
sprint_ri_lu,1,29,29,+0,eingabe L+U,,,,,
sprint_ri_lu,1,29,30,+1,aktion 0x0->0x2,,,,,0
sprint_ri_r,1,6,2,-4,eingabe R,,,,,
sprint_ri_r,1,6,4,-2,eingabe -,,,,,
sprint_ri_r,1,6,6,+0,eingabe R,,,,,
sprint_ri_r,1,6,7,+1,aktion 0x0->0x2,,,,,0
sprint_ri_r,1,6,97,+91,aktion 0x2->0x0,,,,,0
sprint_ri_r,1,6,98,+92,figur_bewegt,,,,,
sprint_ri_rh,1,49,2,-47,eingabe U,,,,,
sprint_ri_rh,1,49,41,-8,eingabe -,,,,,
sprint_ri_rh,1,49,45,-4,eingabe H+R,,,,,
sprint_ri_rh,1,49,47,-2,eingabe -,,,,,
sprint_ri_rh,1,49,49,+0,eingabe H+R,,,,,
sprint_ri_rh,1,49,50,+1,aktion 0x0->0x2,,,,,0
sprint_ri_ru,1,49,2,-47,eingabe H,,,,,
sprint_ri_ru,1,49,41,-8,eingabe -,,,,,
sprint_ri_ru,1,49,45,-4,eingabe R+U,,,,,
sprint_ri_ru,1,49,47,-2,eingabe -,,,,,
sprint_ri_ru,1,49,49,+0,eingabe R+U,,,,,
sprint_ri_ru,1,49,50,+1,aktion 0x0->0x2,,,,,0
sprint_ri_r_b,1,17,10,-7,eingabe R,,,,,
sprint_ri_r_b,1,17,13,-4,eingabe -,,,,,
sprint_ri_r_b,1,17,17,+0,eingabe R,,,,,
sprint_ri_r_b,1,17,18,+1,aktion 0x0->0x2,,,,,0
sprint_ri_r_b,1,17,108,+91,aktion 0x2->0x0,,,,,0
sprint_ri_r_b,1,17,109,+92,figur_bewegt,,,,,
sprint_ri_u,1,49,2,-47,eingabe H,,,,,
sprint_ri_u,1,49,41,-8,eingabe -,,,,,
sprint_ri_u,1,49,45,-4,eingabe U,,,,,
sprint_ri_u,1,49,47,-2,eingabe -,,,,,
sprint_ri_u,1,49,49,+0,eingabe U,,,,,
sprint_ri_u,1,49,50,+1,aktion 0x0->0x2,,,,,0
sprint_rw_hoch,1,6,2,-4,eingabe R,,,,,
sprint_rw_hoch,1,6,4,-2,eingabe -,,,,,
sprint_rw_hoch,1,6,6,+0,eingabe R,,,,,
sprint_rw_hoch,1,6,7,+1,aktion 0x0->0x2,,,,,0
sprint_rw_hoch,1,6,20,+14,eingabe H+R,,,,,
sprint_rw_hoch,1,6,31,+25,eingabe R,,,,,
sprint_rw_links,1,6,2,-4,eingabe R,,,,,
sprint_rw_links,1,6,4,-2,eingabe -,,,,,
sprint_rw_links,1,6,6,+0,eingabe R,,,,,
sprint_rw_links,1,6,7,+1,aktion 0x0->0x2,,,,,0
sprint_rw_links,1,6,31,+25,eingabe L,,,,,
sprint_rw_links,1,6,32,+26,aktion 0x2->0x0,,,,,0
sprint_rw_links,1,6,33,+27,figur_bewegt,,,,,
sprint_rw_links,1,6,51,+45,eingabe -,,,,,
sprint_rw_neu,1,6,2,-4,eingabe R,,,,,
sprint_rw_neu,1,6,4,-2,eingabe -,,,,,
sprint_rw_neu,1,6,6,+0,eingabe R,,,,,
sprint_rw_neu,1,6,7,+1,aktion 0x0->0x2,,,,,0
sprint_rw_neu,1,6,97,+91,aktion 0x2->0x0,,,,,0
sprint_rw_neu,1,6,97,+91,eingabe -,,,,,
sprint_rw_neu,1,6,99,+93,eingabe R,,,,,
sprint_rw_neu,1,6,100,+94,figur_bewegt,,,,,
sprint_rw_neu,1,6,101,+95,eingabe -,,,,,
sprint_rw_neu,1,6,103,+97,eingabe R,,,,,
sprint_rw_neu,1,6,104,+98,aktion 0x0->0x2,,,,,0
sprint_rw_neu_gehalten,1,6,2,-4,eingabe R,,,,,
sprint_rw_neu_gehalten,1,6,4,-2,eingabe -,,,,,
sprint_rw_neu_gehalten,1,6,6,+0,eingabe R,,,,,
sprint_rw_neu_gehalten,1,6,7,+1,aktion 0x0->0x2,,,,,0
sprint_rw_neu_gehalten,1,6,97,+91,aktion 0x2->0x0,,,,,0
sprint_rw_neu_gehalten,1,6,98,+92,figur_bewegt,,,,,
sprint_rw_neu_gehalten,1,6,111,+105,eingabe -,,,,,
sprint_rw_neu_gehalten,1,6,113,+107,eingabe R,,,,,
sprint_rw_neu_sofort,1,6,2,-4,eingabe R,,,,,
sprint_rw_neu_sofort,1,6,4,-2,eingabe -,,,,,
sprint_rw_neu_sofort,1,6,6,+0,eingabe R,,,,,
sprint_rw_neu_sofort,1,6,7,+1,aktion 0x0->0x2,,,,,0
sprint_rw_neu_sofort,1,6,96,+90,eingabe -,,,,,
sprint_rw_neu_sofort,1,6,97,+91,aktion 0x2->0x0,,,,,0
sprint_rw_neu_sofort,1,6,97,+91,eingabe R,,,,,
sprint_rw_neu_sofort,1,6,98,+92,eingabe -,,,,,
sprint_rw_neu_sofort,1,6,98,+92,figur_bewegt,,,,,
sprint_rw_neu_sofort,1,6,99,+93,eingabe R,,,,,
sprint_rw_neu_sofort,1,6,100,+94,aktion 0x0->0x2,,,,,0
sprint_rw_nur_hoch,1,6,2,-4,eingabe R,,,,,
sprint_rw_nur_hoch,1,6,4,-2,eingabe -,,,,,
sprint_rw_nur_hoch,1,6,6,+0,eingabe R,,,,,
sprint_rw_nur_hoch,1,6,7,+1,aktion 0x0->0x2,,,,,0
sprint_rw_nur_hoch,1,6,20,+14,eingabe H,,,,,
sprint_rw_nur_hoch,1,6,21,+15,aktion 0x2->0x0,,,,,0
sprint_rw_nur_hoch,1,6,22,+16,figur_bewegt,,,,,
sprint_rw_nur_hoch,1,6,41,+35,eingabe -,,,,,
sprint_sa_fen_kb_t24,1,20,2,-18,eingabe R,,,,,
sprint_sa_fen_kb_t24,1,20,4,-16,eingabe -,,,,,
sprint_sa_fen_kb_t24,1,20,6,-14,eingabe R,,,,,
sprint_sa_fen_kb_t24,1,20,7,-13,aktion 0x0->0x2,,,,,0
sprint_sa_fen_kb_t24,1,20,20,+0,eingabe A+R,,,,,
sprint_sa_fen_kb_t24,1,20,21,+1,aktion 0x2->0x6,,,,,0
sprint_sa_fen_kb_t24,1,20,22,+2,eingabe R,,,,,
sprint_sa_fen_kb_t24,1,20,51,+31,eingabe -,,,,,
sprint_sa_fen_kb_t24,1,20,56,+36,aktion 0x6->0x0,,,,,0
sprint_sa_fen_kb_t25,1,20,2,-18,eingabe R,,,,,
sprint_sa_fen_kb_t25,1,20,4,-16,eingabe -,,,,,
sprint_sa_fen_kb_t25,1,20,6,-14,eingabe R,,,,,
sprint_sa_fen_kb_t25,1,20,7,-13,aktion 0x0->0x2,,,,,0
sprint_sa_fen_kb_t25,1,20,20,+0,eingabe A+R,,,,,
sprint_sa_fen_kb_t25,1,20,21,+1,aktion 0x2->0x6,,,,,0
sprint_sa_fen_kb_t25,1,20,22,+2,eingabe R,,,,,
sprint_sa_fen_kb_t25,1,20,25,+5,treffer,17,9,37,0,0
sprint_sa_fen_kb_t25,1,20,26,+6,umgeworfen,17,,200,0,0
sprint_sa_fen_kb_t25,1,20,51,+31,eingabe -,,,,,
sprint_sa_fen_kb_t34,1,20,2,-18,eingabe R,,,,,
sprint_sa_fen_kb_t34,1,20,4,-16,eingabe -,,,,,
sprint_sa_fen_kb_t34,1,20,6,-14,eingabe R,,,,,
sprint_sa_fen_kb_t34,1,20,7,-13,aktion 0x0->0x2,,,,,0
sprint_sa_fen_kb_t34,1,20,20,+0,eingabe A+R,,,,,
sprint_sa_fen_kb_t34,1,20,21,+1,aktion 0x2->0x6,,,,,0
sprint_sa_fen_kb_t34,1,20,22,+2,eingabe R,,,,,
sprint_sa_fen_kb_t34,1,20,34,+14,treffer,17,9,38,0,0
sprint_sa_fen_kb_t34,1,20,35,+15,umgeworfen,17,,200,0,0
sprint_sa_fen_kb_t34,1,20,51,+31,eingabe -,,,,,
sprint_sa_fen_kb_t35,1,20,2,-18,eingabe R,,,,,
sprint_sa_fen_kb_t35,1,20,4,-16,eingabe -,,,,,
sprint_sa_fen_kb_t35,1,20,6,-14,eingabe R,,,,,
sprint_sa_fen_kb_t35,1,20,7,-13,aktion 0x0->0x2,,,,,0
sprint_sa_fen_kb_t35,1,20,20,+0,eingabe A+R,,,,,
sprint_sa_fen_kb_t35,1,20,21,+1,aktion 0x2->0x6,,,,,0
sprint_sa_fen_kb_t35,1,20,22,+2,eingabe R,,,,,
sprint_sa_fen_kb_t35,1,20,51,+31,eingabe -,,,,,
sprint_sa_fen_kb_t35,1,20,56,+36,aktion 0x6->0x0,,,,,0
sprint_sa_fen_kb_t36,1,20,2,-18,eingabe R,,,,,
sprint_sa_fen_kb_t36,1,20,4,-16,eingabe -,,,,,
sprint_sa_fen_kb_t36,1,20,6,-14,eingabe R,,,,,
sprint_sa_fen_kb_t36,1,20,7,-13,aktion 0x0->0x2,,,,,0
sprint_sa_fen_kb_t36,1,20,20,+0,eingabe A+R,,,,,
sprint_sa_fen_kb_t36,1,20,21,+1,aktion 0x2->0x6,,,,,0
sprint_sa_fen_kb_t36,1,20,22,+2,eingabe R,,,,,
sprint_sa_fen_kb_t36,1,20,51,+31,eingabe -,,,,,
sprint_sa_fen_kb_t36,1,20,56,+36,aktion 0x6->0x0,,,,,0
sprint_sa_fen_k_t17,1,14,2,-12,eingabe R,,,,,
sprint_sa_fen_k_t17,1,14,4,-10,eingabe -,,,,,
sprint_sa_fen_k_t17,1,14,6,-8,eingabe R,,,,,
sprint_sa_fen_k_t17,1,14,7,-7,aktion 0x0->0x2,,,,,0
sprint_sa_fen_k_t17,1,14,14,+0,eingabe A+R,,,,,
sprint_sa_fen_k_t17,1,14,15,+1,aktion 0x2->0x6,,,,,0
sprint_sa_fen_k_t17,1,14,16,+2,eingabe R,,,,,
sprint_sa_fen_k_t17,1,14,41,+27,eingabe -,,,,,
sprint_sa_fen_k_t17,1,14,50,+36,aktion 0x6->0x0,,,,,0
sprint_sa_fen_k_t18,1,14,2,-12,eingabe R,,,,,
sprint_sa_fen_k_t18,1,14,4,-10,eingabe -,,,,,
sprint_sa_fen_k_t18,1,14,6,-8,eingabe R,,,,,
sprint_sa_fen_k_t18,1,14,7,-7,aktion 0x0->0x2,,,,,0
sprint_sa_fen_k_t18,1,14,14,+0,eingabe A+R,,,,,
sprint_sa_fen_k_t18,1,14,15,+1,aktion 0x2->0x6,,,,,0
sprint_sa_fen_k_t18,1,14,16,+2,eingabe R,,,,,
sprint_sa_fen_k_t18,1,14,41,+27,eingabe -,,,,,
sprint_sa_fen_k_t18,1,14,50,+36,aktion 0x6->0x0,,,,,0
sprint_sa_fen_k_t19,1,14,2,-12,eingabe R,,,,,
sprint_sa_fen_k_t19,1,14,4,-10,eingabe -,,,,,
sprint_sa_fen_k_t19,1,14,6,-8,eingabe R,,,,,
sprint_sa_fen_k_t19,1,14,7,-7,aktion 0x0->0x2,,,,,0
sprint_sa_fen_k_t19,1,14,14,+0,eingabe A+R,,,,,
sprint_sa_fen_k_t19,1,14,15,+1,aktion 0x2->0x6,,,,,0
sprint_sa_fen_k_t19,1,14,16,+2,eingabe R,,,,,
sprint_sa_fen_k_t19,1,14,19,+5,treffer,18,9,36,0,0
sprint_sa_fen_k_t19,1,14,20,+6,umgeworfen,18,,200,0,0
sprint_sa_fen_k_t19,1,14,41,+27,eingabe -,,,,,
sprint_sa_fen_k_t20,1,14,2,-12,eingabe R,,,,,
sprint_sa_fen_k_t20,1,14,4,-10,eingabe -,,,,,
sprint_sa_fen_k_t20,1,14,6,-8,eingabe R,,,,,
sprint_sa_fen_k_t20,1,14,7,-7,aktion 0x0->0x2,,,,,0
sprint_sa_fen_k_t20,1,14,14,+0,eingabe A+R,,,,,
sprint_sa_fen_k_t20,1,14,15,+1,aktion 0x2->0x6,,,,,0
sprint_sa_fen_k_t20,1,14,16,+2,eingabe R,,,,,
sprint_sa_fen_k_t20,1,14,20,+6,treffer,18,9,37,0,0
sprint_sa_fen_k_t20,1,14,21,+7,umgeworfen,18,,200,0,0
sprint_sa_fen_k_t20,1,14,41,+27,eingabe -,,,,,
sprint_sa_fen_k_t21,1,14,2,-12,eingabe R,,,,,
sprint_sa_fen_k_t21,1,14,4,-10,eingabe -,,,,,
sprint_sa_fen_k_t21,1,14,6,-8,eingabe R,,,,,
sprint_sa_fen_k_t21,1,14,7,-7,aktion 0x0->0x2,,,,,0
sprint_sa_fen_k_t21,1,14,14,+0,eingabe A+R,,,,,
sprint_sa_fen_k_t21,1,14,15,+1,aktion 0x2->0x6,,,,,0
sprint_sa_fen_k_t21,1,14,16,+2,eingabe R,,,,,
sprint_sa_fen_k_t21,1,14,21,+7,treffer,18,9,37,0,0
sprint_sa_fen_k_t21,1,14,22,+8,umgeworfen,18,,200,0,0
sprint_sa_fen_k_t21,1,14,41,+27,eingabe -,,,,,
sprint_sa_fen_k_t22,1,14,2,-12,eingabe R,,,,,
sprint_sa_fen_k_t22,1,14,4,-10,eingabe -,,,,,
sprint_sa_fen_k_t22,1,14,6,-8,eingabe R,,,,,
sprint_sa_fen_k_t22,1,14,7,-7,aktion 0x0->0x2,,,,,0
sprint_sa_fen_k_t22,1,14,14,+0,eingabe A+R,,,,,
sprint_sa_fen_k_t22,1,14,15,+1,aktion 0x2->0x6,,,,,0
sprint_sa_fen_k_t22,1,14,16,+2,eingabe R,,,,,
sprint_sa_fen_k_t22,1,14,22,+8,treffer,18,9,37,0,0
sprint_sa_fen_k_t22,1,14,23,+9,umgeworfen,18,,200,0,0
sprint_sa_fen_k_t22,1,14,41,+27,eingabe -,,,,,
sprint_sa_fen_k_t23,1,14,2,-12,eingabe R,,,,,
sprint_sa_fen_k_t23,1,14,4,-10,eingabe -,,,,,
sprint_sa_fen_k_t23,1,14,6,-8,eingabe R,,,,,
sprint_sa_fen_k_t23,1,14,7,-7,aktion 0x0->0x2,,,,,0
sprint_sa_fen_k_t23,1,14,14,+0,eingabe A+R,,,,,
sprint_sa_fen_k_t23,1,14,15,+1,aktion 0x2->0x6,,,,,0
sprint_sa_fen_k_t23,1,14,16,+2,eingabe R,,,,,
sprint_sa_fen_k_t23,1,14,23,+9,treffer,18,9,38,0,0
sprint_sa_fen_k_t23,1,14,24,+10,umgeworfen,18,,200,0,0
sprint_sa_fen_k_t23,1,14,41,+27,eingabe -,,,,,
sprint_sa_fen_k_t24,1,14,2,-12,eingabe R,,,,,
sprint_sa_fen_k_t24,1,14,4,-10,eingabe -,,,,,
sprint_sa_fen_k_t24,1,14,6,-8,eingabe R,,,,,
sprint_sa_fen_k_t24,1,14,7,-7,aktion 0x0->0x2,,,,,0
sprint_sa_fen_k_t24,1,14,14,+0,eingabe A+R,,,,,
sprint_sa_fen_k_t24,1,14,15,+1,aktion 0x2->0x6,,,,,0
sprint_sa_fen_k_t24,1,14,16,+2,eingabe R,,,,,
sprint_sa_fen_k_t24,1,14,24,+10,treffer,18,9,37,0,0
sprint_sa_fen_k_t24,1,14,25,+11,umgeworfen,18,,200,0,0
sprint_sa_fen_k_t24,1,14,41,+27,eingabe -,,,,,
sprint_sa_fen_k_t25,1,14,2,-12,eingabe R,,,,,
sprint_sa_fen_k_t25,1,14,4,-10,eingabe -,,,,,
sprint_sa_fen_k_t25,1,14,6,-8,eingabe R,,,,,
sprint_sa_fen_k_t25,1,14,7,-7,aktion 0x0->0x2,,,,,0
sprint_sa_fen_k_t25,1,14,14,+0,eingabe A+R,,,,,
sprint_sa_fen_k_t25,1,14,15,+1,aktion 0x2->0x6,,,,,0
sprint_sa_fen_k_t25,1,14,16,+2,eingabe R,,,,,
sprint_sa_fen_k_t25,1,14,25,+11,treffer,18,9,38,0,0
sprint_sa_fen_k_t25,1,14,26,+12,umgeworfen,18,,200,0,0
sprint_sa_fen_k_t25,1,14,41,+27,eingabe -,,,,,
sprint_sa_fen_k_t26,1,14,2,-12,eingabe R,,,,,
sprint_sa_fen_k_t26,1,14,4,-10,eingabe -,,,,,
sprint_sa_fen_k_t26,1,14,6,-8,eingabe R,,,,,
sprint_sa_fen_k_t26,1,14,7,-7,aktion 0x0->0x2,,,,,0
sprint_sa_fen_k_t26,1,14,14,+0,eingabe A+R,,,,,
sprint_sa_fen_k_t26,1,14,15,+1,aktion 0x2->0x6,,,,,0
sprint_sa_fen_k_t26,1,14,16,+2,eingabe R,,,,,
sprint_sa_fen_k_t26,1,14,26,+12,treffer,18,9,38,0,0
sprint_sa_fen_k_t26,1,14,27,+13,umgeworfen,18,,200,0,0
sprint_sa_fen_k_t26,1,14,41,+27,eingabe -,,,,,
sprint_sa_fen_k_t27,1,14,2,-12,eingabe R,,,,,
sprint_sa_fen_k_t27,1,14,4,-10,eingabe -,,,,,
sprint_sa_fen_k_t27,1,14,6,-8,eingabe R,,,,,
sprint_sa_fen_k_t27,1,14,7,-7,aktion 0x0->0x2,,,,,0
sprint_sa_fen_k_t27,1,14,14,+0,eingabe A+R,,,,,
sprint_sa_fen_k_t27,1,14,15,+1,aktion 0x2->0x6,,,,,0
sprint_sa_fen_k_t27,1,14,16,+2,eingabe R,,,,,
sprint_sa_fen_k_t27,1,14,27,+13,treffer,18,9,38,0,0
sprint_sa_fen_k_t27,1,14,28,+14,umgeworfen,18,,200,0,0
sprint_sa_fen_k_t27,1,14,41,+27,eingabe -,,,,,
sprint_sa_fen_k_t28,1,14,2,-12,eingabe R,,,,,
sprint_sa_fen_k_t28,1,14,4,-10,eingabe -,,,,,
sprint_sa_fen_k_t28,1,14,6,-8,eingabe R,,,,,
sprint_sa_fen_k_t28,1,14,7,-7,aktion 0x0->0x2,,,,,0
sprint_sa_fen_k_t28,1,14,14,+0,eingabe A+R,,,,,
sprint_sa_fen_k_t28,1,14,15,+1,aktion 0x2->0x6,,,,,0
sprint_sa_fen_k_t28,1,14,16,+2,eingabe R,,,,,
sprint_sa_fen_k_t28,1,14,28,+14,treffer,18,9,38,0,0
sprint_sa_fen_k_t28,1,14,29,+15,umgeworfen,18,,200,0,0
sprint_sa_fen_k_t28,1,14,41,+27,eingabe -,,,,,
sprint_sa_fen_k_t29,1,14,2,-12,eingabe R,,,,,
sprint_sa_fen_k_t29,1,14,4,-10,eingabe -,,,,,
sprint_sa_fen_k_t29,1,14,6,-8,eingabe R,,,,,
sprint_sa_fen_k_t29,1,14,7,-7,aktion 0x0->0x2,,,,,0
sprint_sa_fen_k_t29,1,14,14,+0,eingabe A+R,,,,,
sprint_sa_fen_k_t29,1,14,15,+1,aktion 0x2->0x6,,,,,0
sprint_sa_fen_k_t29,1,14,16,+2,eingabe R,,,,,
sprint_sa_fen_k_t29,1,14,41,+27,eingabe -,,,,,
sprint_sa_fen_k_t29,1,14,50,+36,aktion 0x6->0x0,,,,,0
sprint_sa_fen_k_t30,1,14,2,-12,eingabe R,,,,,
sprint_sa_fen_k_t30,1,14,4,-10,eingabe -,,,,,
sprint_sa_fen_k_t30,1,14,6,-8,eingabe R,,,,,
sprint_sa_fen_k_t30,1,14,7,-7,aktion 0x0->0x2,,,,,0
sprint_sa_fen_k_t30,1,14,14,+0,eingabe A+R,,,,,
sprint_sa_fen_k_t30,1,14,15,+1,aktion 0x2->0x6,,,,,0
sprint_sa_fen_k_t30,1,14,16,+2,eingabe R,,,,,
sprint_sa_fen_k_t30,1,14,41,+27,eingabe -,,,,,
sprint_sa_fen_k_t30,1,14,50,+36,aktion 0x6->0x0,,,,,0
sprint_sa_leer20,1,20,2,-18,eingabe R,,,,,
sprint_sa_leer20,1,20,4,-16,eingabe -,,,,,
sprint_sa_leer20,1,20,6,-14,eingabe R,,,,,
sprint_sa_leer20,1,20,7,-13,aktion 0x0->0x2,,,,,0
sprint_sa_leer20,1,20,20,+0,eingabe A+R,,,,,
sprint_sa_leer20,1,20,21,+1,aktion 0x2->0x6,,,,,0
sprint_sa_leer20,1,20,22,+2,eingabe R,,,,,
sprint_sa_leer20,1,20,56,+36,aktion 0x6->0x0,,,,,0
sprint_sa_leer20,1,20,57,+37,figur_bewegt,,,,,
sprint_sa_leer20_los,1,20,2,-18,eingabe R,,,,,
sprint_sa_leer20_los,1,20,4,-16,eingabe -,,,,,
sprint_sa_leer20_los,1,20,6,-14,eingabe R,,,,,
sprint_sa_leer20_los,1,20,7,-13,aktion 0x0->0x2,,,,,0
sprint_sa_leer20_los,1,20,20,+0,eingabe A+R,,,,,
sprint_sa_leer20_los,1,20,21,+1,aktion 0x2->0x6,,,,,0
sprint_sa_leer20_los,1,20,22,+2,eingabe -,,,,,
sprint_sa_leer20_los,1,20,56,+36,aktion 0x6->0x0,,,,,0
sprint_sa_leer40,1,40,2,-38,eingabe R,,,,,
sprint_sa_leer40,1,40,4,-36,eingabe -,,,,,
sprint_sa_leer40,1,40,6,-34,eingabe R,,,,,
sprint_sa_leer40,1,40,7,-33,aktion 0x0->0x2,,,,,0
sprint_sa_leer40,1,40,40,+0,eingabe A+R,,,,,
sprint_sa_leer40,1,40,41,+1,aktion 0x2->0x6,,,,,0
sprint_sa_leer40,1,40,42,+2,eingabe R,,,,,
sprint_sa_leer40,1,40,76,+36,aktion 0x6->0x0,,,,,0
sprint_sa_leer40,1,40,77,+37,figur_bewegt,,,,,
sprint_sa_leer40,1,40,81,+41,eingabe -,,,,,
sprint_sa_nat_ac,1,8,2,-6,eingabe R,,,,,
sprint_sa_nat_ac,1,8,4,-4,eingabe -,,,,,
sprint_sa_nat_ac,1,8,6,-2,eingabe R,,,,,
sprint_sa_nat_ac,1,8,7,-1,aktion 0x0->0x2,,,,,0
sprint_sa_nat_ac,1,8,8,+0,eingabe A+R,,,,,
sprint_sa_nat_ac,1,8,9,+1,aktion 0x2->0x6,,,,,0
sprint_sa_nat_ac,1,8,10,+2,eingabe R,,,,,
sprint_sa_nat_ac,1,8,13,+5,treffer,17,9,66,0,0
sprint_sa_nat_ac,1,8,14,+6,umgeworfen,17,,66,0,0
sprint_sa_nat_ac,1,8,51,+43,aktion 0x6->0x0,,,,,0
sprint_sa_nat_ac,1,8,52,+44,figur_bewegt,,,,,
sprint_sa_nat_ac,1,8,61,+53,eingabe -,,,,,
sprint_sa_nat_ac,1,8,68,+60,gegner_ruhe,17,+135.125,148,0,0
sprint_sa_nat_k,1,8,2,-6,eingabe R,,,,,
sprint_sa_nat_k,1,8,4,-4,eingabe -,,,,,
sprint_sa_nat_k,1,8,6,-2,eingabe R,,,,,
sprint_sa_nat_k,1,8,7,-1,aktion 0x0->0x2,,,,,0
sprint_sa_nat_k,1,8,8,+0,eingabe A+R,,,,,
sprint_sa_nat_k,1,8,9,+1,aktion 0x2->0x6,,,,,0
sprint_sa_nat_k,1,8,10,+2,eingabe R,,,,,
sprint_sa_nat_k,1,8,13,+5,treffer,18,9,23,10,0
sprint_sa_nat_k,1,8,14,+6,umgeworfen,18,,23,10,0
sprint_sa_nat_k,1,8,51,+43,aktion 0x6->0x0,,,,,0
sprint_sa_nat_k,1,8,52,+44,figur_bewegt,,,,,
sprint_sa_nat_k,1,8,61,+53,eingabe -,,,,,
sprint_sa_nat_k,1,8,68,+60,gegner_ruhe,18,+135.125,105,10,0
sprint_sa_nat_kb,1,8,2,-6,eingabe R,,,,,
sprint_sa_nat_kb,1,8,4,-4,eingabe -,,,,,
sprint_sa_nat_kb,1,8,6,-2,eingabe R,,,,,
sprint_sa_nat_kb,1,8,7,-1,aktion 0x0->0x2,,,,,0
sprint_sa_nat_kb,1,8,8,+0,eingabe A+R,,,,,
sprint_sa_nat_kb,1,8,9,+1,aktion 0x2->0x6,,,,,0
sprint_sa_nat_kb,1,8,10,+2,eingabe R,,,,,
sprint_sa_nat_kb,1,8,13,+5,treffer,17,9,32,2,0
sprint_sa_nat_kb,1,8,14,+6,umgeworfen,17,,32,2,0
sprint_sa_nat_kb,1,8,51,+43,aktion 0x6->0x0,,,,,0
sprint_sa_nat_kb,1,8,52,+44,figur_bewegt,,,,,
sprint_sa_nat_kb,1,8,61,+53,eingabe -,,,,,
sprint_sa_nat_kb,1,8,68,+60,gegner_ruhe,17,+135.125,114,2,0
sprint_sa_x_kb_106,1,14,2,-12,eingabe R,,,,,
sprint_sa_x_kb_106,1,14,4,-10,eingabe -,,,,,
sprint_sa_x_kb_106,1,14,6,-8,eingabe R,,,,,
sprint_sa_x_kb_106,1,14,7,-7,aktion 0x0->0x2,,,,,0
sprint_sa_x_kb_106,1,14,14,+0,eingabe A+R,,,,,
sprint_sa_x_kb_106,1,14,15,+1,aktion 0x2->0x6,,,,,0
sprint_sa_x_kb_106,1,14,16,+2,eingabe R,,,,,
sprint_sa_x_kb_106,1,14,19,+5,treffer,17,9,101,0,0
sprint_sa_x_kb_106,1,14,20,+6,umgeworfen,17,,106,0,0
sprint_sa_x_kb_108,1,14,2,-12,eingabe R,,,,,
sprint_sa_x_kb_108,1,14,4,-10,eingabe -,,,,,
sprint_sa_x_kb_108,1,14,6,-8,eingabe R,,,,,
sprint_sa_x_kb_108,1,14,7,-7,aktion 0x0->0x2,,,,,0
sprint_sa_x_kb_108,1,14,14,+0,eingabe A+R,,,,,
sprint_sa_x_kb_108,1,14,15,+1,aktion 0x2->0x6,,,,,0
sprint_sa_x_kb_108,1,14,16,+2,eingabe R,,,,,
sprint_sa_x_kb_108,1,14,19,+5,treffer,17,9,103,0,0
sprint_sa_x_kb_108,1,14,20,+6,umgeworfen,17,,108,0,0
sprint_sa_x_kb_110,1,14,2,-12,eingabe R,,,,,
sprint_sa_x_kb_110,1,14,4,-10,eingabe -,,,,,
sprint_sa_x_kb_110,1,14,6,-8,eingabe R,,,,,
sprint_sa_x_kb_110,1,14,7,-7,aktion 0x0->0x2,,,,,0
sprint_sa_x_kb_110,1,14,14,+0,eingabe A+R,,,,,
sprint_sa_x_kb_110,1,14,15,+1,aktion 0x2->0x6,,,,,0
sprint_sa_x_kb_110,1,14,16,+2,eingabe R,,,,,
sprint_sa_x_kb_110,1,14,19,+5,treffer,17,9,105,0,0
sprint_sa_x_kb_110,1,14,20,+6,umgeworfen,17,,110,0,0
sprint_sa_x_kb_112,1,14,2,-12,eingabe R,,,,,
sprint_sa_x_kb_112,1,14,4,-10,eingabe -,,,,,
sprint_sa_x_kb_112,1,14,6,-8,eingabe R,,,,,
sprint_sa_x_kb_112,1,14,7,-7,aktion 0x0->0x2,,,,,0
sprint_sa_x_kb_112,1,14,14,+0,eingabe A+R,,,,,
sprint_sa_x_kb_112,1,14,15,+1,aktion 0x2->0x6,,,,,0
sprint_sa_x_kb_112,1,14,16,+2,eingabe R,,,,,
sprint_sa_x_kb_114,1,14,2,-12,eingabe R,,,,,
sprint_sa_x_kb_114,1,14,4,-10,eingabe -,,,,,
sprint_sa_x_kb_114,1,14,6,-8,eingabe R,,,,,
sprint_sa_x_kb_114,1,14,7,-7,aktion 0x0->0x2,,,,,0
sprint_sa_x_kb_114,1,14,14,+0,eingabe A+R,,,,,
sprint_sa_x_kb_114,1,14,15,+1,aktion 0x2->0x6,,,,,0
sprint_sa_x_kb_114,1,14,16,+2,eingabe R,,,,,
sprint_sa_x_kb_116,1,14,2,-12,eingabe R,,,,,
sprint_sa_x_kb_116,1,14,4,-10,eingabe -,,,,,
sprint_sa_x_kb_116,1,14,6,-8,eingabe R,,,,,
sprint_sa_x_kb_116,1,14,7,-7,aktion 0x0->0x2,,,,,0
sprint_sa_x_kb_116,1,14,14,+0,eingabe A+R,,,,,
sprint_sa_x_kb_116,1,14,15,+1,aktion 0x2->0x6,,,,,0
sprint_sa_x_kb_116,1,14,16,+2,eingabe R,,,,,
sprint_sa_x_kb_118,1,14,2,-12,eingabe R,,,,,
sprint_sa_x_kb_118,1,14,4,-10,eingabe -,,,,,
sprint_sa_x_kb_118,1,14,6,-8,eingabe R,,,,,
sprint_sa_x_kb_118,1,14,7,-7,aktion 0x0->0x2,,,,,0
sprint_sa_x_kb_118,1,14,14,+0,eingabe A+R,,,,,
sprint_sa_x_kb_118,1,14,15,+1,aktion 0x2->0x6,,,,,0
sprint_sa_x_kb_118,1,14,16,+2,eingabe R,,,,,
sprint_sa_x_kb_120,1,14,2,-12,eingabe R,,,,,
sprint_sa_x_kb_120,1,14,4,-10,eingabe -,,,,,
sprint_sa_x_kb_120,1,14,6,-8,eingabe R,,,,,
sprint_sa_x_kb_120,1,14,7,-7,aktion 0x0->0x2,,,,,0
sprint_sa_x_kb_120,1,14,14,+0,eingabe A+R,,,,,
sprint_sa_x_kb_120,1,14,15,+1,aktion 0x2->0x6,,,,,0
sprint_sa_x_kb_120,1,14,16,+2,eingabe R,,,,,
sprint_sa_x_kb_m20,1,14,2,-12,eingabe R,,,,,
sprint_sa_x_kb_m20,1,14,4,-10,eingabe -,,,,,
sprint_sa_x_kb_m20,1,14,6,-8,eingabe R,,,,,
sprint_sa_x_kb_m20,1,14,7,-7,aktion 0x0->0x2,,,,,0
sprint_sa_x_kb_m20,1,14,14,+0,eingabe A+R,,,,,
sprint_sa_x_kb_m20,1,14,15,+1,aktion 0x2->0x6,,,,,0
sprint_sa_x_kb_m20,1,14,16,+2,eingabe R,,,,,
sprint_sa_x_kb_m20,1,14,19,+5,treffer,17,9,-23,0,0
sprint_sa_x_kb_m20,1,14,20,+6,umgeworfen,17,,-20,0,0
sprint_sa_x_kb_m22,1,14,2,-12,eingabe R,,,,,
sprint_sa_x_kb_m22,1,14,4,-10,eingabe -,,,,,
sprint_sa_x_kb_m22,1,14,6,-8,eingabe R,,,,,
sprint_sa_x_kb_m22,1,14,7,-7,aktion 0x0->0x2,,,,,0
sprint_sa_x_kb_m22,1,14,14,+0,eingabe A+R,,,,,
sprint_sa_x_kb_m22,1,14,15,+1,aktion 0x2->0x6,,,,,0
sprint_sa_x_kb_m22,1,14,16,+2,eingabe R,,,,,
sprint_sa_x_kb_m22,1,14,19,+5,treffer,17,9,-25,0,0
sprint_sa_x_kb_m22,1,14,20,+6,umgeworfen,17,,-22,0,0
sprint_sa_x_kb_m24,1,14,2,-12,eingabe R,,,,,
sprint_sa_x_kb_m24,1,14,4,-10,eingabe -,,,,,
sprint_sa_x_kb_m24,1,14,6,-8,eingabe R,,,,,
sprint_sa_x_kb_m24,1,14,7,-7,aktion 0x0->0x2,,,,,0
sprint_sa_x_kb_m24,1,14,14,+0,eingabe A+R,,,,,
sprint_sa_x_kb_m24,1,14,15,+1,aktion 0x2->0x6,,,,,0
sprint_sa_x_kb_m24,1,14,16,+2,eingabe R,,,,,
sprint_sa_x_kb_m24,1,14,22,+8,treffer,17,9,-26,0,0
sprint_sa_x_kb_m24,1,14,23,+9,umgeworfen,17,,-24,0,0
sprint_sa_x_kb_m26,1,14,2,-12,eingabe R,,,,,
sprint_sa_x_kb_m26,1,14,4,-10,eingabe -,,,,,
sprint_sa_x_kb_m26,1,14,6,-8,eingabe R,,,,,
sprint_sa_x_kb_m26,1,14,7,-7,aktion 0x0->0x2,,,,,0
sprint_sa_x_kb_m26,1,14,14,+0,eingabe A+R,,,,,
sprint_sa_x_kb_m26,1,14,15,+1,aktion 0x2->0x6,,,,,0
sprint_sa_x_kb_m26,1,14,16,+2,eingabe R,,,,,
sprint_sa_x_kb_m28,1,14,2,-12,eingabe R,,,,,
sprint_sa_x_kb_m28,1,14,4,-10,eingabe -,,,,,
sprint_sa_x_kb_m28,1,14,6,-8,eingabe R,,,,,
sprint_sa_x_kb_m28,1,14,7,-7,aktion 0x0->0x2,,,,,0
sprint_sa_x_kb_m28,1,14,14,+0,eingabe A+R,,,,,
sprint_sa_x_kb_m28,1,14,15,+1,aktion 0x2->0x6,,,,,0
sprint_sa_x_kb_m28,1,14,16,+2,eingabe R,,,,,
sprint_sa_x_kb_m30,1,14,2,-12,eingabe R,,,,,
sprint_sa_x_kb_m30,1,14,4,-10,eingabe -,,,,,
sprint_sa_x_kb_m30,1,14,6,-8,eingabe R,,,,,
sprint_sa_x_kb_m30,1,14,7,-7,aktion 0x0->0x2,,,,,0
sprint_sa_x_kb_m30,1,14,14,+0,eingabe A+R,,,,,
sprint_sa_x_kb_m30,1,14,15,+1,aktion 0x2->0x6,,,,,0
sprint_sa_x_kb_m30,1,14,16,+2,eingabe R,,,,,
sprint_sa_x_kb_m32,1,14,2,-12,eingabe R,,,,,
sprint_sa_x_kb_m32,1,14,4,-10,eingabe -,,,,,
sprint_sa_x_kb_m32,1,14,6,-8,eingabe R,,,,,
sprint_sa_x_kb_m32,1,14,7,-7,aktion 0x0->0x2,,,,,0
sprint_sa_x_kb_m32,1,14,14,+0,eingabe A+R,,,,,
sprint_sa_x_kb_m32,1,14,15,+1,aktion 0x2->0x6,,,,,0
sprint_sa_x_kb_m32,1,14,16,+2,eingabe R,,,,,
sprint_sa_x_kb_m34,1,14,2,-12,eingabe R,,,,,
sprint_sa_x_kb_m34,1,14,4,-10,eingabe -,,,,,
sprint_sa_x_kb_m34,1,14,6,-8,eingabe R,,,,,
sprint_sa_x_kb_m34,1,14,7,-7,aktion 0x0->0x2,,,,,0
sprint_sa_x_kb_m34,1,14,14,+0,eingabe A+R,,,,,
sprint_sa_x_kb_m34,1,14,15,+1,aktion 0x2->0x6,,,,,0
sprint_sa_x_kb_m34,1,14,16,+2,eingabe R,,,,,
sprint_sa_x_k_0,1,14,2,-12,eingabe R,,,,,
sprint_sa_x_k_0,1,14,4,-10,eingabe -,,,,,
sprint_sa_x_k_0,1,14,6,-8,eingabe R,,,,,
sprint_sa_x_k_0,1,14,7,-7,aktion 0x0->0x2,,,,,0
sprint_sa_x_k_0,1,14,14,+0,eingabe A+R,,,,,
sprint_sa_x_k_0,1,14,15,+1,aktion 0x2->0x6,,,,,0
sprint_sa_x_k_0,1,14,16,+2,eingabe R,,,,,
sprint_sa_x_k_0,1,14,23,+9,treffer,18,9,-2,0,0
sprint_sa_x_k_0,1,14,24,+10,umgeworfen,18,,0,0,0
sprint_sa_x_k_4,1,14,2,-12,eingabe R,,,,,
sprint_sa_x_k_4,1,14,4,-10,eingabe -,,,,,
sprint_sa_x_k_4,1,14,6,-8,eingabe R,,,,,
sprint_sa_x_k_4,1,14,7,-7,aktion 0x0->0x2,,,,,0
sprint_sa_x_k_4,1,14,14,+0,eingabe A+R,,,,,
sprint_sa_x_k_4,1,14,15,+1,aktion 0x2->0x6,,,,,0
sprint_sa_x_k_4,1,14,16,+2,eingabe R,,,,,
sprint_sa_x_k_4,1,14,19,+5,treffer,18,9,0,0,0
sprint_sa_x_k_4,1,14,20,+6,umgeworfen,18,,4,0,0
sprint_sa_x_k_8,1,14,2,-12,eingabe R,,,,,
sprint_sa_x_k_8,1,14,4,-10,eingabe -,,,,,
sprint_sa_x_k_8,1,14,6,-8,eingabe R,,,,,
sprint_sa_x_k_8,1,14,7,-7,aktion 0x0->0x2,,,,,0
sprint_sa_x_k_8,1,14,14,+0,eingabe A+R,,,,,
sprint_sa_x_k_8,1,14,15,+1,aktion 0x2->0x6,,,,,0
sprint_sa_x_k_8,1,14,16,+2,eingabe R,,,,,
sprint_sa_x_k_8,1,14,19,+5,treffer,18,9,4,0,0
sprint_sa_x_k_8,1,14,20,+6,umgeworfen,18,,8,0,0
sprint_sa_x_k_12,1,14,2,-12,eingabe R,,,,,
sprint_sa_x_k_12,1,14,4,-10,eingabe -,,,,,
sprint_sa_x_k_12,1,14,6,-8,eingabe R,,,,,
sprint_sa_x_k_12,1,14,7,-7,aktion 0x0->0x2,,,,,0
sprint_sa_x_k_12,1,14,14,+0,eingabe A+R,,,,,
sprint_sa_x_k_12,1,14,15,+1,aktion 0x2->0x6,,,,,0
sprint_sa_x_k_12,1,14,16,+2,eingabe R,,,,,
sprint_sa_x_k_12,1,14,19,+5,treffer,18,9,8,0,0
sprint_sa_x_k_12,1,14,20,+6,umgeworfen,18,,12,0,0
sprint_sa_x_k_16,1,14,2,-12,eingabe R,,,,,
sprint_sa_x_k_16,1,14,4,-10,eingabe -,,,,,
sprint_sa_x_k_16,1,14,6,-8,eingabe R,,,,,
sprint_sa_x_k_16,1,14,7,-7,aktion 0x0->0x2,,,,,0
sprint_sa_x_k_16,1,14,14,+0,eingabe A+R,,,,,
sprint_sa_x_k_16,1,14,15,+1,aktion 0x2->0x6,,,,,0
sprint_sa_x_k_16,1,14,16,+2,eingabe R,,,,,
sprint_sa_x_k_16,1,14,19,+5,treffer,18,9,12,0,0
sprint_sa_x_k_16,1,14,20,+6,umgeworfen,18,,16,0,0
sprint_sa_x_k_50,1,14,2,-12,eingabe R,,,,,
sprint_sa_x_k_50,1,14,4,-10,eingabe -,,,,,
sprint_sa_x_k_50,1,14,6,-8,eingabe R,,,,,
sprint_sa_x_k_50,1,14,7,-7,aktion 0x0->0x2,,,,,0
sprint_sa_x_k_50,1,14,14,+0,eingabe A+R,,,,,
sprint_sa_x_k_50,1,14,15,+1,aktion 0x2->0x6,,,,,0
sprint_sa_x_k_50,1,14,16,+2,eingabe R,,,,,
sprint_sa_x_k_50,1,14,19,+5,treffer,18,9,46,0,0
sprint_sa_x_k_50,1,14,20,+6,umgeworfen,18,,50,0,0
sprint_sa_x_k_100,1,14,2,-12,eingabe R,,,,,
sprint_sa_x_k_100,1,14,4,-10,eingabe -,,,,,
sprint_sa_x_k_100,1,14,6,-8,eingabe R,,,,,
sprint_sa_x_k_100,1,14,7,-7,aktion 0x0->0x2,,,,,0
sprint_sa_x_k_100,1,14,14,+0,eingabe A+R,,,,,
sprint_sa_x_k_100,1,14,15,+1,aktion 0x2->0x6,,,,,0
sprint_sa_x_k_100,1,14,16,+2,eingabe R,,,,,
sprint_sa_x_k_100,1,14,19,+5,treffer,18,9,94,0,0
sprint_sa_x_k_100,1,14,20,+6,umgeworfen,18,,100,0,0
sprint_sa_x_k_104,1,14,2,-12,eingabe R,,,,,
sprint_sa_x_k_104,1,14,4,-10,eingabe -,,,,,
sprint_sa_x_k_104,1,14,6,-8,eingabe R,,,,,
sprint_sa_x_k_104,1,14,7,-7,aktion 0x0->0x2,,,,,0
sprint_sa_x_k_104,1,14,14,+0,eingabe A+R,,,,,
sprint_sa_x_k_104,1,14,15,+1,aktion 0x2->0x6,,,,,0
sprint_sa_x_k_104,1,14,16,+2,eingabe R,,,,,
sprint_sa_x_k_104,1,14,19,+5,treffer,18,9,98,0,0
sprint_sa_x_k_104,1,14,20,+6,umgeworfen,18,,104,0,0
sprint_sa_x_k_106,1,14,2,-12,eingabe R,,,,,
sprint_sa_x_k_106,1,14,4,-10,eingabe -,,,,,
sprint_sa_x_k_106,1,14,6,-8,eingabe R,,,,,
sprint_sa_x_k_106,1,14,7,-7,aktion 0x0->0x2,,,,,0
sprint_sa_x_k_106,1,14,14,+0,eingabe A+R,,,,,
sprint_sa_x_k_106,1,14,15,+1,aktion 0x2->0x6,,,,,0
sprint_sa_x_k_106,1,14,16,+2,eingabe R,,,,,
sprint_sa_x_k_106,1,14,19,+5,treffer,18,9,100,0,0
sprint_sa_x_k_106,1,14,20,+6,umgeworfen,18,,106,0,0
sprint_sa_x_k_108,1,14,2,-12,eingabe R,,,,,
sprint_sa_x_k_108,1,14,4,-10,eingabe -,,,,,
sprint_sa_x_k_108,1,14,6,-8,eingabe R,,,,,
sprint_sa_x_k_108,1,14,7,-7,aktion 0x0->0x2,,,,,0
sprint_sa_x_k_108,1,14,14,+0,eingabe A+R,,,,,
sprint_sa_x_k_108,1,14,15,+1,aktion 0x2->0x6,,,,,0
sprint_sa_x_k_108,1,14,16,+2,eingabe R,,,,,
sprint_sa_x_k_108,1,14,19,+5,treffer,18,9,102,0,0
sprint_sa_x_k_108,1,14,20,+6,umgeworfen,18,,108,0,0
sprint_sa_x_k_110,1,14,2,-12,eingabe R,,,,,
sprint_sa_x_k_110,1,14,4,-10,eingabe -,,,,,
sprint_sa_x_k_110,1,14,6,-8,eingabe R,,,,,
sprint_sa_x_k_110,1,14,7,-7,aktion 0x0->0x2,,,,,0
sprint_sa_x_k_110,1,14,14,+0,eingabe A+R,,,,,
sprint_sa_x_k_110,1,14,15,+1,aktion 0x2->0x6,,,,,0
sprint_sa_x_k_110,1,14,16,+2,eingabe R,,,,,
sprint_sa_x_k_110,1,14,19,+5,treffer,18,9,104,0,0
sprint_sa_x_k_110,1,14,20,+6,umgeworfen,18,,110,0,0
sprint_sa_x_k_112,1,14,2,-12,eingabe R,,,,,
sprint_sa_x_k_112,1,14,4,-10,eingabe -,,,,,
sprint_sa_x_k_112,1,14,6,-8,eingabe R,,,,,
sprint_sa_x_k_112,1,14,7,-7,aktion 0x0->0x2,,,,,0
sprint_sa_x_k_112,1,14,14,+0,eingabe A+R,,,,,
sprint_sa_x_k_112,1,14,15,+1,aktion 0x2->0x6,,,,,0
sprint_sa_x_k_112,1,14,16,+2,eingabe R,,,,,
sprint_sa_x_k_114,1,14,2,-12,eingabe R,,,,,
sprint_sa_x_k_114,1,14,4,-10,eingabe -,,,,,
sprint_sa_x_k_114,1,14,6,-8,eingabe R,,,,,
sprint_sa_x_k_114,1,14,7,-7,aktion 0x0->0x2,,,,,0
sprint_sa_x_k_114,1,14,14,+0,eingabe A+R,,,,,
sprint_sa_x_k_114,1,14,15,+1,aktion 0x2->0x6,,,,,0
sprint_sa_x_k_114,1,14,16,+2,eingabe R,,,,,
sprint_sa_x_k_116,1,14,2,-12,eingabe R,,,,,
sprint_sa_x_k_116,1,14,4,-10,eingabe -,,,,,
sprint_sa_x_k_116,1,14,6,-8,eingabe R,,,,,
sprint_sa_x_k_116,1,14,7,-7,aktion 0x0->0x2,,,,,0
sprint_sa_x_k_116,1,14,14,+0,eingabe A+R,,,,,
sprint_sa_x_k_116,1,14,15,+1,aktion 0x2->0x6,,,,,0
sprint_sa_x_k_116,1,14,16,+2,eingabe R,,,,,
sprint_sa_x_k_118,1,14,2,-12,eingabe R,,,,,
sprint_sa_x_k_118,1,14,4,-10,eingabe -,,,,,
sprint_sa_x_k_118,1,14,6,-8,eingabe R,,,,,
sprint_sa_x_k_118,1,14,7,-7,aktion 0x0->0x2,,,,,0
sprint_sa_x_k_118,1,14,14,+0,eingabe A+R,,,,,
sprint_sa_x_k_118,1,14,15,+1,aktion 0x2->0x6,,,,,0
sprint_sa_x_k_118,1,14,16,+2,eingabe R,,,,,
sprint_sa_x_k_m4,1,14,2,-12,eingabe R,,,,,
sprint_sa_x_k_m4,1,14,4,-10,eingabe -,,,,,
sprint_sa_x_k_m4,1,14,6,-8,eingabe R,,,,,
sprint_sa_x_k_m4,1,14,7,-7,aktion 0x0->0x2,,,,,0
sprint_sa_x_k_m4,1,14,14,+0,eingabe A+R,,,,,
sprint_sa_x_k_m4,1,14,15,+1,aktion 0x2->0x6,,,,,0
sprint_sa_x_k_m4,1,14,16,+2,eingabe R,,,,,
sprint_sa_x_k_m4,1,14,19,+5,treffer,18,9,-8,0,0
sprint_sa_x_k_m4,1,14,20,+6,umgeworfen,18,,-4,0,0
sprint_sa_x_k_m8,1,14,2,-12,eingabe R,,,,,
sprint_sa_x_k_m8,1,14,4,-10,eingabe -,,,,,
sprint_sa_x_k_m8,1,14,6,-8,eingabe R,,,,,
sprint_sa_x_k_m8,1,14,7,-7,aktion 0x0->0x2,,,,,0
sprint_sa_x_k_m8,1,14,14,+0,eingabe A+R,,,,,
sprint_sa_x_k_m8,1,14,15,+1,aktion 0x2->0x6,,,,,0
sprint_sa_x_k_m8,1,14,16,+2,eingabe R,,,,,
sprint_sa_x_k_m8,1,14,19,+5,treffer,18,9,-12,0,0
sprint_sa_x_k_m8,1,14,20,+6,umgeworfen,18,,-8,0,0
sprint_sa_x_k_m20,1,14,2,-12,eingabe R,,,,,
sprint_sa_x_k_m20,1,14,4,-10,eingabe -,,,,,
sprint_sa_x_k_m20,1,14,6,-8,eingabe R,,,,,
sprint_sa_x_k_m20,1,14,7,-7,aktion 0x0->0x2,,,,,0
sprint_sa_x_k_m20,1,14,14,+0,eingabe A+R,,,,,
sprint_sa_x_k_m20,1,14,15,+1,aktion 0x2->0x6,,,,,0
sprint_sa_x_k_m20,1,14,16,+2,eingabe R,,,,,
sprint_sa_x_k_m20,1,14,19,+5,treffer,18,9,-24,0,0
sprint_sa_x_k_m20,1,14,20,+6,umgeworfen,18,,-20,0,0
sprint_sa_x_k_m22,1,14,2,-12,eingabe R,,,,,
sprint_sa_x_k_m22,1,14,4,-10,eingabe -,,,,,
sprint_sa_x_k_m22,1,14,6,-8,eingabe R,,,,,
sprint_sa_x_k_m22,1,14,7,-7,aktion 0x0->0x2,,,,,0
sprint_sa_x_k_m22,1,14,14,+0,eingabe A+R,,,,,
sprint_sa_x_k_m22,1,14,15,+1,aktion 0x2->0x6,,,,,0
sprint_sa_x_k_m22,1,14,16,+2,eingabe R,,,,,
sprint_sa_x_k_m22,1,14,19,+5,treffer,18,9,-26,0,0
sprint_sa_x_k_m22,1,14,20,+6,umgeworfen,18,,-22,0,0
sprint_sa_x_k_m24,1,14,2,-12,eingabe R,,,,,
sprint_sa_x_k_m24,1,14,4,-10,eingabe -,,,,,
sprint_sa_x_k_m24,1,14,6,-8,eingabe R,,,,,
sprint_sa_x_k_m24,1,14,7,-7,aktion 0x0->0x2,,,,,0
sprint_sa_x_k_m24,1,14,14,+0,eingabe A+R,,,,,
sprint_sa_x_k_m24,1,14,15,+1,aktion 0x2->0x6,,,,,0
sprint_sa_x_k_m24,1,14,16,+2,eingabe R,,,,,
sprint_sa_x_k_m24,1,14,23,+9,treffer,18,9,-26,0,0
sprint_sa_x_k_m24,1,14,24,+10,umgeworfen,18,,-24,0,0
sprint_sa_x_k_m26,1,14,2,-12,eingabe R,,,,,
sprint_sa_x_k_m26,1,14,4,-10,eingabe -,,,,,
sprint_sa_x_k_m26,1,14,6,-8,eingabe R,,,,,
sprint_sa_x_k_m26,1,14,7,-7,aktion 0x0->0x2,,,,,0
sprint_sa_x_k_m26,1,14,14,+0,eingabe A+R,,,,,
sprint_sa_x_k_m26,1,14,15,+1,aktion 0x2->0x6,,,,,0
sprint_sa_x_k_m26,1,14,16,+2,eingabe R,,,,,
sprint_sa_x_k_m28,1,14,2,-12,eingabe R,,,,,
sprint_sa_x_k_m28,1,14,4,-10,eingabe -,,,,,
sprint_sa_x_k_m28,1,14,6,-8,eingabe R,,,,,
sprint_sa_x_k_m28,1,14,7,-7,aktion 0x0->0x2,,,,,0
sprint_sa_x_k_m28,1,14,14,+0,eingabe A+R,,,,,
sprint_sa_x_k_m28,1,14,15,+1,aktion 0x2->0x6,,,,,0
sprint_sa_x_k_m28,1,14,16,+2,eingabe R,,,,,
sprint_sa_x_k_m30,1,14,2,-12,eingabe R,,,,,
sprint_sa_x_k_m30,1,14,4,-10,eingabe -,,,,,
sprint_sa_x_k_m30,1,14,6,-8,eingabe R,,,,,
sprint_sa_x_k_m30,1,14,7,-7,aktion 0x0->0x2,,,,,0
sprint_sa_x_k_m30,1,14,14,+0,eingabe A+R,,,,,
sprint_sa_x_k_m30,1,14,15,+1,aktion 0x2->0x6,,,,,0
sprint_sa_x_k_m30,1,14,16,+2,eingabe R,,,,,
sprint_sa_x_k_m32,1,14,2,-12,eingabe R,,,,,
sprint_sa_x_k_m32,1,14,4,-10,eingabe -,,,,,
sprint_sa_x_k_m32,1,14,6,-8,eingabe R,,,,,
sprint_sa_x_k_m32,1,14,7,-7,aktion 0x0->0x2,,,,,0
sprint_sa_x_k_m32,1,14,14,+0,eingabe A+R,,,,,
sprint_sa_x_k_m32,1,14,15,+1,aktion 0x2->0x6,,,,,0
sprint_sa_x_k_m32,1,14,16,+2,eingabe R,,,,,
sprint_sa_x_k_m34,1,14,2,-12,eingabe R,,,,,
sprint_sa_x_k_m34,1,14,4,-10,eingabe -,,,,,
sprint_sa_x_k_m34,1,14,6,-8,eingabe R,,,,,
sprint_sa_x_k_m34,1,14,7,-7,aktion 0x0->0x2,,,,,0
sprint_sa_x_k_m34,1,14,14,+0,eingabe A+R,,,,,
sprint_sa_x_k_m34,1,14,15,+1,aktion 0x2->0x6,,,,,0
sprint_sa_x_k_m34,1,14,16,+2,eingabe R,,,,,
sprint_sa_zwei_a,1,14,2,-12,eingabe L,,,,,
sprint_sa_zwei_a,1,14,4,-10,eingabe -,,,,,
sprint_sa_zwei_a,1,14,6,-8,eingabe L,,,,,
sprint_sa_zwei_a,1,14,7,-7,aktion 0x0->0x2,,,,,0
sprint_sa_zwei_a,1,14,14,+0,eingabe A+L,,,,,
sprint_sa_zwei_a,1,14,15,+1,aktion 0x2->0x6,,,,,0
sprint_sa_zwei_a,1,14,16,+2,eingabe L,,,,,
sprint_sa_zwei_a,1,14,19,+5,treffer,16,9,-6,0,0
sprint_sa_zwei_a,1,14,20,+6,treffer,17,9,-102,0,0
sprint_sa_zwei_a,1,14,20,+6,umgeworfen,16,,-6,0,0
sprint_sa_zwei_a,1,14,21,+7,umgeworfen,17,,-102,0,0
sprint_sa_zwei_a,1,14,41,+27,eingabe -,,,,,
sprint_sa_zwei_a,1,14,58,+44,aktion 0x6->0x0,,,,,0
sprint_sa_zwei_a,1,14,74,+60,gegner_ruhe,16,-135.125,-109,0,0
sprint_sa_zwei_a,1,14,75,+61,gegner_ruhe,17,-135.125,-205,0,0
sprint_sa_zwei_b,1,14,2,-12,eingabe L,,,,,
sprint_sa_zwei_b,1,14,4,-10,eingabe -,,,,,
sprint_sa_zwei_b,1,14,6,-8,eingabe L,,,,,
sprint_sa_zwei_b,1,14,7,-7,aktion 0x0->0x2,,,,,0
sprint_sa_zwei_b,1,14,14,+0,eingabe A+L,,,,,
sprint_sa_zwei_b,1,14,15,+1,aktion 0x2->0x6,,,,,0
sprint_sa_zwei_b,1,14,16,+2,eingabe L,,,,,
sprint_sa_zwei_b,1,14,19,+5,treffer,16,9,-16,0,0
sprint_sa_zwei_b,1,14,19,+5,treffer,17,9,-70,-2,0
sprint_sa_zwei_b,1,14,20,+6,umgeworfen,16,,-16,0,0
sprint_sa_zwei_b,1,14,20,+6,umgeworfen,17,,-70,-2,0
sprint_sa_zwei_b,1,14,41,+27,eingabe -,,,,,
sprint_sa_zwei_b,1,14,57,+43,aktion 0x6->0x0,,,,,0
sprint_sa_zwei_b,1,14,74,+60,gegner_ruhe,16,-135.125,-119,0,0
sprint_sa_zwei_b,1,14,74,+60,gegner_ruhe,17,-135.125,-172,-2,0
sprint_sa_z_kb_11,1,14,2,-12,eingabe R,,,,,
sprint_sa_z_kb_11,1,14,4,-10,eingabe -,,,,,
sprint_sa_z_kb_11,1,14,6,-8,eingabe R,,,,,
sprint_sa_z_kb_11,1,14,7,-7,aktion 0x0->0x2,,,,,0
sprint_sa_z_kb_11,1,14,14,+0,eingabe A+R,,,,,
sprint_sa_z_kb_11,1,14,15,+1,aktion 0x2->0x6,,,,,0
sprint_sa_z_kb_11,1,14,16,+2,eingabe R,,,,,
sprint_sa_z_kb_11,1,14,19,+5,treffer,17,9,37,11,0
sprint_sa_z_kb_11,1,14,20,+6,umgeworfen,17,,40,11,0
sprint_sa_z_kb_12,1,14,2,-12,eingabe R,,,,,
sprint_sa_z_kb_12,1,14,4,-10,eingabe -,,,,,
sprint_sa_z_kb_12,1,14,6,-8,eingabe R,,,,,
sprint_sa_z_kb_12,1,14,7,-7,aktion 0x0->0x2,,,,,0
sprint_sa_z_kb_12,1,14,14,+0,eingabe A+R,,,,,
sprint_sa_z_kb_12,1,14,15,+1,aktion 0x2->0x6,,,,,0
sprint_sa_z_kb_12,1,14,16,+2,eingabe R,,,,,
sprint_sa_z_kb_12,1,14,19,+5,treffer,17,9,35,12,0
sprint_sa_z_kb_12,1,14,20,+6,umgeworfen,17,,40,12,0
sprint_sa_z_kb_13,1,14,2,-12,eingabe R,,,,,
sprint_sa_z_kb_13,1,14,4,-10,eingabe -,,,,,
sprint_sa_z_kb_13,1,14,6,-8,eingabe R,,,,,
sprint_sa_z_kb_13,1,14,7,-7,aktion 0x0->0x2,,,,,0
sprint_sa_z_kb_13,1,14,14,+0,eingabe A+R,,,,,
sprint_sa_z_kb_13,1,14,15,+1,aktion 0x2->0x6,,,,,0
sprint_sa_z_kb_13,1,14,16,+2,eingabe R,,,,,
sprint_sa_z_kb_13,1,14,19,+5,treffer,17,9,35,12,0
sprint_sa_z_kb_13,1,14,20,+6,umgeworfen,17,,40,13,0
sprint_sa_z_kb_m11,1,14,2,-12,eingabe R,,,,,
sprint_sa_z_kb_m11,1,14,4,-10,eingabe -,,,,,
sprint_sa_z_kb_m11,1,14,6,-8,eingabe R,,,,,
sprint_sa_z_kb_m11,1,14,7,-7,aktion 0x0->0x2,,,,,0
sprint_sa_z_kb_m11,1,14,14,+0,eingabe A+R,,,,,
sprint_sa_z_kb_m11,1,14,15,+1,aktion 0x2->0x6,,,,,0
sprint_sa_z_kb_m11,1,14,16,+2,eingabe R,,,,,
sprint_sa_z_kb_m11,1,14,19,+5,treffer,17,9,35,-11,0
sprint_sa_z_kb_m11,1,14,20,+6,umgeworfen,17,,40,-11,0
sprint_sa_z_kb_m12,1,14,2,-12,eingabe R,,,,,
sprint_sa_z_kb_m12,1,14,4,-10,eingabe -,,,,,
sprint_sa_z_kb_m12,1,14,6,-8,eingabe R,,,,,
sprint_sa_z_kb_m12,1,14,7,-7,aktion 0x0->0x2,,,,,0
sprint_sa_z_kb_m12,1,14,14,+0,eingabe A+R,,,,,
sprint_sa_z_kb_m12,1,14,15,+1,aktion 0x2->0x6,,,,,0
sprint_sa_z_kb_m12,1,14,16,+2,eingabe R,,,,,
sprint_sa_z_kb_m12,1,14,19,+5,treffer,17,9,35,-12,0
sprint_sa_z_kb_m12,1,14,20,+6,umgeworfen,17,,40,-12,0
sprint_sa_z_kb_m13,1,14,2,-12,eingabe R,,,,,
sprint_sa_z_kb_m13,1,14,4,-10,eingabe -,,,,,
sprint_sa_z_kb_m13,1,14,6,-8,eingabe R,,,,,
sprint_sa_z_kb_m13,1,14,7,-7,aktion 0x0->0x2,,,,,0
sprint_sa_z_kb_m13,1,14,14,+0,eingabe A+R,,,,,
sprint_sa_z_kb_m13,1,14,15,+1,aktion 0x2->0x6,,,,,0
sprint_sa_z_kb_m13,1,14,16,+2,eingabe R,,,,,
sprint_sa_z_k_10,1,14,2,-12,eingabe R,,,,,
sprint_sa_z_k_10,1,14,4,-10,eingabe -,,,,,
sprint_sa_z_k_10,1,14,6,-8,eingabe R,,,,,
sprint_sa_z_k_10,1,14,7,-7,aktion 0x0->0x2,,,,,0
sprint_sa_z_k_10,1,14,14,+0,eingabe A+R,,,,,
sprint_sa_z_k_10,1,14,15,+1,aktion 0x2->0x6,,,,,0
sprint_sa_z_k_10,1,14,16,+2,eingabe R,,,,,
sprint_sa_z_k_10,1,14,19,+5,treffer,18,9,36,10,0
sprint_sa_z_k_10,1,14,20,+6,umgeworfen,18,,40,10,0
sprint_sa_z_k_11,1,14,2,-12,eingabe R,,,,,
sprint_sa_z_k_11,1,14,4,-10,eingabe -,,,,,
sprint_sa_z_k_11,1,14,6,-8,eingabe R,,,,,
sprint_sa_z_k_11,1,14,7,-7,aktion 0x0->0x2,,,,,0
sprint_sa_z_k_11,1,14,14,+0,eingabe A+R,,,,,
sprint_sa_z_k_11,1,14,15,+1,aktion 0x2->0x6,,,,,0
sprint_sa_z_k_11,1,14,16,+2,eingabe R,,,,,
sprint_sa_z_k_11,1,14,19,+5,treffer,18,9,36,11,0
sprint_sa_z_k_11,1,14,20,+6,umgeworfen,18,,40,11,0
sprint_sa_z_k_12,1,14,2,-12,eingabe R,,,,,
sprint_sa_z_k_12,1,14,4,-10,eingabe -,,,,,
sprint_sa_z_k_12,1,14,6,-8,eingabe R,,,,,
sprint_sa_z_k_12,1,14,7,-7,aktion 0x0->0x2,,,,,0
sprint_sa_z_k_12,1,14,14,+0,eingabe A+R,,,,,
sprint_sa_z_k_12,1,14,15,+1,aktion 0x2->0x6,,,,,0
sprint_sa_z_k_12,1,14,16,+2,eingabe R,,,,,
sprint_sa_z_k_12,1,14,19,+5,treffer,18,9,34,12,0
sprint_sa_z_k_12,1,14,20,+6,umgeworfen,18,,40,12,0
sprint_sa_z_k_13,1,14,2,-12,eingabe R,,,,,
sprint_sa_z_k_13,1,14,4,-10,eingabe -,,,,,
sprint_sa_z_k_13,1,14,6,-8,eingabe R,,,,,
sprint_sa_z_k_13,1,14,7,-7,aktion 0x0->0x2,,,,,0
sprint_sa_z_k_13,1,14,14,+0,eingabe A+R,,,,,
sprint_sa_z_k_13,1,14,15,+1,aktion 0x2->0x6,,,,,0
sprint_sa_z_k_13,1,14,16,+2,eingabe R,,,,,
sprint_sa_z_k_14,1,14,2,-12,eingabe R,,,,,
sprint_sa_z_k_14,1,14,4,-10,eingabe -,,,,,
sprint_sa_z_k_14,1,14,6,-8,eingabe R,,,,,
sprint_sa_z_k_14,1,14,7,-7,aktion 0x0->0x2,,,,,0
sprint_sa_z_k_14,1,14,14,+0,eingabe A+R,,,,,
sprint_sa_z_k_14,1,14,15,+1,aktion 0x2->0x6,,,,,0
sprint_sa_z_k_14,1,14,16,+2,eingabe R,,,,,
sprint_sa_z_k_m10,1,14,2,-12,eingabe R,,,,,
sprint_sa_z_k_m10,1,14,4,-10,eingabe -,,,,,
sprint_sa_z_k_m10,1,14,6,-8,eingabe R,,,,,
sprint_sa_z_k_m10,1,14,7,-7,aktion 0x0->0x2,,,,,0
sprint_sa_z_k_m10,1,14,14,+0,eingabe A+R,,,,,
sprint_sa_z_k_m10,1,14,15,+1,aktion 0x2->0x6,,,,,0
sprint_sa_z_k_m10,1,14,16,+2,eingabe R,,,,,
sprint_sa_z_k_m10,1,14,19,+5,treffer,18,9,36,-10,0
sprint_sa_z_k_m10,1,14,20,+6,umgeworfen,18,,40,-10,0
sprint_sa_z_k_m11,1,14,2,-12,eingabe R,,,,,
sprint_sa_z_k_m11,1,14,4,-10,eingabe -,,,,,
sprint_sa_z_k_m11,1,14,6,-8,eingabe R,,,,,
sprint_sa_z_k_m11,1,14,7,-7,aktion 0x0->0x2,,,,,0
sprint_sa_z_k_m11,1,14,14,+0,eingabe A+R,,,,,
sprint_sa_z_k_m11,1,14,15,+1,aktion 0x2->0x6,,,,,0
sprint_sa_z_k_m11,1,14,16,+2,eingabe R,,,,,
sprint_sa_z_k_m11,1,14,19,+5,treffer,18,9,34,-11,0
sprint_sa_z_k_m11,1,14,20,+6,umgeworfen,18,,40,-11,0
sprint_sa_z_k_m12,1,14,2,-12,eingabe R,,,,,
sprint_sa_z_k_m12,1,14,4,-10,eingabe -,,,,,
sprint_sa_z_k_m12,1,14,6,-8,eingabe R,,,,,
sprint_sa_z_k_m12,1,14,7,-7,aktion 0x0->0x2,,,,,0
sprint_sa_z_k_m12,1,14,14,+0,eingabe A+R,,,,,
sprint_sa_z_k_m12,1,14,15,+1,aktion 0x2->0x6,,,,,0
sprint_sa_z_k_m12,1,14,16,+2,eingabe R,,,,,
sprint_sa_z_k_m12,1,14,19,+5,treffer,18,9,34,-12,0
sprint_sa_z_k_m12,1,14,20,+6,umgeworfen,18,,40,-12,0
sprint_sa_z_k_m13,1,14,2,-12,eingabe R,,,,,
sprint_sa_z_k_m13,1,14,4,-10,eingabe -,,,,,
sprint_sa_z_k_m13,1,14,6,-8,eingabe R,,,,,
sprint_sa_z_k_m13,1,14,7,-7,aktion 0x0->0x2,,,,,0
sprint_sa_z_k_m13,1,14,14,+0,eingabe A+R,,,,,
sprint_sa_z_k_m13,1,14,15,+1,aktion 0x2->0x6,,,,,0
sprint_sa_z_k_m13,1,14,16,+2,eingabe R,,,,,
sprint_sa_z_k_m14,1,14,2,-12,eingabe R,,,,,
sprint_sa_z_k_m14,1,14,4,-10,eingabe -,,,,,
sprint_sa_z_k_m14,1,14,6,-8,eingabe R,,,,,
sprint_sa_z_k_m14,1,14,7,-7,aktion 0x0->0x2,,,,,0
sprint_sa_z_k_m14,1,14,14,+0,eingabe A+R,,,,,
sprint_sa_z_k_m14,1,14,15,+1,aktion 0x2->0x6,,,,,0
sprint_sa_z_k_m14,1,14,16,+2,eingabe R,,,,,
sprint_sg_dz0,1,6,2,-4,eingabe R,,,,,
sprint_sg_dz0,1,6,4,-2,eingabe -,,,,,
sprint_sg_dz0,1,6,6,+0,eingabe R,,,,,
sprint_sg_dz0,1,6,7,+1,aktion 0x0->0x2,,,,,0
sprint_sg_dz0,1,6,41,+35,eingabe -,,,,,
sprint_sg_dz0,1,6,42,+36,aktion 0x2->0x0,,,,,0
sprint_sg_k,1,6,2,-4,eingabe R,,,,,
sprint_sg_k,1,6,4,-2,eingabe -,,,,,
sprint_sg_k,1,6,6,+0,eingabe R,,,,,
sprint_sg_k,1,6,7,+1,aktion 0x0->0x2,,,,,0
sprint_sg_k,1,6,41,+35,eingabe -,,,,,
sprint_sg_k,1,6,42,+36,aktion 0x2->0x0,,,,,0
sprint_sg_kb,1,6,2,-4,eingabe R,,,,,
sprint_sg_kb,1,6,4,-2,eingabe -,,,,,
sprint_sg_kb,1,6,6,+0,eingabe R,,,,,
sprint_sg_kb,1,6,7,+1,aktion 0x0->0x2,,,,,0
sprint_sg_kb,1,6,41,+35,eingabe -,,,,,
sprint_sg_kb,1,6,42,+36,aktion 0x2->0x0,,,,,0
sprint_sg_kb,1,6,48,+42,gegner_angriff,17,0x4c0c,-86,2,22
sprint_sg_lauf,1,1,2,+1,eingabe R,,,,,
sprint_sg_lauf,1,1,6,+5,griff,18,,39,10,0
sprint_sg_lauf,1,1,41,+40,eingabe -,,,,,
sprint_sg_lauf_nach,1,6,2,-4,eingabe R,,,,,
sprint_sg_lauf_nach,1,6,4,-2,eingabe -,,,,,
sprint_sg_lauf_nach,1,6,6,+0,eingabe R,,,,,
sprint_sg_lauf_nach,1,6,7,+1,aktion 0x0->0x2,,,,,0
sprint_sg_lauf_nach,1,6,9,+3,eingabe -,,,,,
sprint_sg_lauf_nach,1,6,10,+4,aktion 0x2->0x0,,,,,0
sprint_sg_lauf_nach,1,6,10,+4,eingabe R,,,,,
sprint_sg_lauf_nach,1,6,11,+5,figur_bewegt,,,,,
sprint_sg_lauf_nach,1,6,11,+5,griff,18,,32,10,0
sprint_sg_lauf_nach,1,6,41,+35,eingabe -,,,,,
sprint_sja_fen_a14_t27,1,14,2,-12,eingabe R,,,,,
sprint_sja_fen_a14_t27,1,14,4,-10,eingabe -,,,,,
sprint_sja_fen_a14_t27,1,14,6,-8,eingabe R,,,,,
sprint_sja_fen_a14_t27,1,14,7,-7,aktion 0x0->0x2,,,,,0
sprint_sja_fen_a14_t27,1,14,8,-6,eingabe J+R,,,,,
sprint_sja_fen_a14_t27,1,14,9,-5,aktion 0x2->0x4,,,,,0
sprint_sja_fen_a14_t27,1,14,10,-4,eingabe R,,,,,
sprint_sja_fen_a14_t27,1,14,14,+0,eingabe A+R,,,,,
sprint_sja_fen_a14_t27,1,14,15,+1,aktion 0x4->0x8,,,,,22
sprint_sja_fen_a14_t27,1,14,16,+2,eingabe R,,,,,
sprint_sja_fen_a14_t27,1,14,57,+43,aktion 0x8->0x0,,,,,0
sprint_sja_fen_a14_t27,1,14,58,+44,figur_bewegt,,,,,
sprint_sja_fen_a14_t27,1,14,61,+47,eingabe -,,,,,
sprint_sja_fen_a14_t45,1,14,2,-12,eingabe R,,,,,
sprint_sja_fen_a14_t45,1,14,4,-10,eingabe -,,,,,
sprint_sja_fen_a14_t45,1,14,6,-8,eingabe R,,,,,
sprint_sja_fen_a14_t45,1,14,7,-7,aktion 0x0->0x2,,,,,0
sprint_sja_fen_a14_t45,1,14,8,-6,eingabe J+R,,,,,
sprint_sja_fen_a14_t45,1,14,9,-5,aktion 0x2->0x4,,,,,0
sprint_sja_fen_a14_t45,1,14,10,-4,eingabe R,,,,,
sprint_sja_fen_a14_t45,1,14,14,+0,eingabe A+R,,,,,
sprint_sja_fen_a14_t45,1,14,15,+1,aktion 0x4->0x8,,,,,22
sprint_sja_fen_a14_t45,1,14,16,+2,eingabe R,,,,,
sprint_sja_fen_a14_t45,1,14,57,+43,aktion 0x8->0x0,,,,,0
sprint_sja_fen_a14_t45,1,14,58,+44,figur_bewegt,,,,,
sprint_sja_fen_a14_t45,1,14,61,+47,eingabe -,,,,,
sprint_sja_fen_a14_t46,1,14,2,-12,eingabe R,,,,,
sprint_sja_fen_a14_t46,1,14,4,-10,eingabe -,,,,,
sprint_sja_fen_a14_t46,1,14,6,-8,eingabe R,,,,,
sprint_sja_fen_a14_t46,1,14,7,-7,aktion 0x0->0x2,,,,,0
sprint_sja_fen_a14_t46,1,14,8,-6,eingabe J+R,,,,,
sprint_sja_fen_a14_t46,1,14,9,-5,aktion 0x2->0x4,,,,,0
sprint_sja_fen_a14_t46,1,14,10,-4,eingabe R,,,,,
sprint_sja_fen_a14_t46,1,14,14,+0,eingabe A+R,,,,,
sprint_sja_fen_a14_t46,1,14,15,+1,aktion 0x4->0x8,,,,,22
sprint_sja_fen_a14_t46,1,14,16,+2,eingabe R,,,,,
sprint_sja_fen_a14_t46,1,14,46,+32,treffer,18,13,75,0,0
sprint_sja_fen_a14_t46,1,14,47,+33,umgeworfen,18,,198,0,0
sprint_sja_fen_a14_t46,1,14,52,+38,gegner_ruhe,18,+11,200,0,0
sprint_sja_fen_a14_t46,1,14,57,+43,aktion 0x8->0x0,,,,,0
sprint_sja_fen_a14_t46,1,14,58,+44,figur_bewegt,,,,,
sprint_sja_fen_a14_t46,1,14,61,+47,eingabe -,,,,,
sprint_sja_fen_a14_t50,1,14,2,-12,eingabe R,,,,,
sprint_sja_fen_a14_t50,1,14,4,-10,eingabe -,,,,,
sprint_sja_fen_a14_t50,1,14,6,-8,eingabe R,,,,,
sprint_sja_fen_a14_t50,1,14,7,-7,aktion 0x0->0x2,,,,,0
sprint_sja_fen_a14_t50,1,14,8,-6,eingabe J+R,,,,,
sprint_sja_fen_a14_t50,1,14,9,-5,aktion 0x2->0x4,,,,,0
sprint_sja_fen_a14_t50,1,14,10,-4,eingabe R,,,,,
sprint_sja_fen_a14_t50,1,14,14,+0,eingabe A+R,,,,,
sprint_sja_fen_a14_t50,1,14,15,+1,aktion 0x4->0x8,,,,,22
sprint_sja_fen_a14_t50,1,14,16,+2,eingabe R,,,,,
sprint_sja_fen_a14_t50,1,14,50,+36,treffer,18,13,75,0,0
sprint_sja_fen_a14_t50,1,14,51,+37,umgeworfen,18,,198,0,0
sprint_sja_fen_a14_t50,1,14,57,+43,aktion 0x8->0x0,,,,,0
sprint_sja_fen_a14_t50,1,14,58,+44,figur_bewegt,,,,,
sprint_sja_fen_a14_t50,1,14,61,+47,eingabe -,,,,,
sprint_sja_fen_a14_t50,1,14,62,+48,gegner_ruhe,18,+9,200,0,0
sprint_sja_fen_a14_t53,1,14,2,-12,eingabe R,,,,,
sprint_sja_fen_a14_t53,1,14,4,-10,eingabe -,,,,,
sprint_sja_fen_a14_t53,1,14,6,-8,eingabe R,,,,,
sprint_sja_fen_a14_t53,1,14,7,-7,aktion 0x0->0x2,,,,,0
sprint_sja_fen_a14_t53,1,14,8,-6,eingabe J+R,,,,,
sprint_sja_fen_a14_t53,1,14,9,-5,aktion 0x2->0x4,,,,,0
sprint_sja_fen_a14_t53,1,14,10,-4,eingabe R,,,,,
sprint_sja_fen_a14_t53,1,14,14,+0,eingabe A+R,,,,,
sprint_sja_fen_a14_t53,1,14,15,+1,aktion 0x4->0x8,,,,,22
sprint_sja_fen_a14_t53,1,14,16,+2,eingabe R,,,,,
sprint_sja_fen_a14_t53,1,14,53,+39,treffer,18,13,78,0,0
sprint_sja_fen_a14_t53,1,14,54,+40,umgeworfen,18,,200,0,0
sprint_sja_fen_a14_t53,1,14,57,+43,aktion 0x8->0x0,,,,,0
sprint_sja_fen_a14_t53,1,14,58,+44,figur_bewegt,,,,,
sprint_sja_fen_a14_t53,1,14,61,+47,eingabe -,,,,,
sprint_sja_fen_a14_t53,1,14,62,+48,gegner_ruhe,18,+7,200,0,0
sprint_sja_fen_a14_t54,1,14,2,-12,eingabe R,,,,,
sprint_sja_fen_a14_t54,1,14,4,-10,eingabe -,,,,,
sprint_sja_fen_a14_t54,1,14,6,-8,eingabe R,,,,,
sprint_sja_fen_a14_t54,1,14,7,-7,aktion 0x0->0x2,,,,,0
sprint_sja_fen_a14_t54,1,14,8,-6,eingabe J+R,,,,,
sprint_sja_fen_a14_t54,1,14,9,-5,aktion 0x2->0x4,,,,,0
sprint_sja_fen_a14_t54,1,14,10,-4,eingabe R,,,,,
sprint_sja_fen_a14_t54,1,14,14,+0,eingabe A+R,,,,,
sprint_sja_fen_a14_t54,1,14,15,+1,aktion 0x4->0x8,,,,,22
sprint_sja_fen_a14_t54,1,14,16,+2,eingabe R,,,,,
sprint_sja_fen_a14_t54,1,14,57,+43,aktion 0x8->0x0,,,,,0
sprint_sja_fen_a14_t54,1,14,58,+44,figur_bewegt,,,,,
sprint_sja_fen_a14_t54,1,14,61,+47,eingabe -,,,,,
sprint_sja_fen_a30_t42,1,30,2,-28,eingabe R,,,,,
sprint_sja_fen_a30_t42,1,30,4,-26,eingabe -,,,,,
sprint_sja_fen_a30_t42,1,30,6,-24,eingabe R,,,,,
sprint_sja_fen_a30_t42,1,30,7,-23,aktion 0x0->0x2,,,,,0
sprint_sja_fen_a30_t42,1,30,8,-22,eingabe J+R,,,,,
sprint_sja_fen_a30_t42,1,30,9,-21,aktion 0x2->0x4,,,,,0
sprint_sja_fen_a30_t42,1,30,10,-20,eingabe R,,,,,
sprint_sja_fen_a30_t42,1,30,30,+0,eingabe A+R,,,,,
sprint_sja_fen_a30_t42,1,30,31,+1,aktion 0x4->0x8,,,,,51
sprint_sja_fen_a30_t42,1,30,32,+2,eingabe R,,,,,
sprint_sja_fen_a30_t42,1,30,57,+27,aktion 0x8->0x0,,,,,0
sprint_sja_fen_a30_t42,1,30,58,+28,figur_bewegt,,,,,
sprint_sja_fen_a30_t42,1,30,61,+31,eingabe -,,,,,
sprint_sja_fen_a30_t43,1,30,2,-28,eingabe R,,,,,
sprint_sja_fen_a30_t43,1,30,4,-26,eingabe -,,,,,
sprint_sja_fen_a30_t43,1,30,6,-24,eingabe R,,,,,
sprint_sja_fen_a30_t43,1,30,7,-23,aktion 0x0->0x2,,,,,0
sprint_sja_fen_a30_t43,1,30,8,-22,eingabe J+R,,,,,
sprint_sja_fen_a30_t43,1,30,9,-21,aktion 0x2->0x4,,,,,0
sprint_sja_fen_a30_t43,1,30,10,-20,eingabe R,,,,,
sprint_sja_fen_a30_t43,1,30,30,+0,eingabe A+R,,,,,
sprint_sja_fen_a30_t43,1,30,31,+1,aktion 0x4->0x8,,,,,51
sprint_sja_fen_a30_t43,1,30,32,+2,eingabe R,,,,,
sprint_sja_fen_a30_t43,1,30,57,+27,aktion 0x8->0x0,,,,,0
sprint_sja_fen_a30_t43,1,30,58,+28,figur_bewegt,,,,,
sprint_sja_fen_a30_t43,1,30,61,+31,eingabe -,,,,,
sprint_sja_fen_a30_t44,1,30,2,-28,eingabe R,,,,,
sprint_sja_fen_a30_t44,1,30,4,-26,eingabe -,,,,,
sprint_sja_fen_a30_t44,1,30,6,-24,eingabe R,,,,,
sprint_sja_fen_a30_t44,1,30,7,-23,aktion 0x0->0x2,,,,,0
sprint_sja_fen_a30_t44,1,30,8,-22,eingabe J+R,,,,,
sprint_sja_fen_a30_t44,1,30,9,-21,aktion 0x2->0x4,,,,,0
sprint_sja_fen_a30_t44,1,30,10,-20,eingabe R,,,,,
sprint_sja_fen_a30_t44,1,30,30,+0,eingabe A+R,,,,,
sprint_sja_fen_a30_t44,1,30,31,+1,aktion 0x4->0x8,,,,,51
sprint_sja_fen_a30_t44,1,30,32,+2,eingabe R,,,,,
sprint_sja_fen_a30_t44,1,30,57,+27,aktion 0x8->0x0,,,,,0
sprint_sja_fen_a30_t44,1,30,58,+28,figur_bewegt,,,,,
sprint_sja_fen_a30_t44,1,30,61,+31,eingabe -,,,,,
sprint_sja_fen_a30_t49,1,30,2,-28,eingabe R,,,,,
sprint_sja_fen_a30_t49,1,30,4,-26,eingabe -,,,,,
sprint_sja_fen_a30_t49,1,30,6,-24,eingabe R,,,,,
sprint_sja_fen_a30_t49,1,30,7,-23,aktion 0x0->0x2,,,,,0
sprint_sja_fen_a30_t49,1,30,8,-22,eingabe J+R,,,,,
sprint_sja_fen_a30_t49,1,30,9,-21,aktion 0x2->0x4,,,,,0
sprint_sja_fen_a30_t49,1,30,10,-20,eingabe R,,,,,
sprint_sja_fen_a30_t49,1,30,30,+0,eingabe A+R,,,,,
sprint_sja_fen_a30_t49,1,30,31,+1,aktion 0x4->0x8,,,,,51
sprint_sja_fen_a30_t49,1,30,32,+2,eingabe R,,,,,
sprint_sja_fen_a30_t49,1,30,57,+27,aktion 0x8->0x0,,,,,0
sprint_sja_fen_a30_t49,1,30,58,+28,figur_bewegt,,,,,
sprint_sja_fen_a30_t49,1,30,61,+31,eingabe -,,,,,
sprint_sja_fen_a30_t50,1,30,2,-28,eingabe R,,,,,
sprint_sja_fen_a30_t50,1,30,4,-26,eingabe -,,,,,
sprint_sja_fen_a30_t50,1,30,6,-24,eingabe R,,,,,
sprint_sja_fen_a30_t50,1,30,7,-23,aktion 0x0->0x2,,,,,0
sprint_sja_fen_a30_t50,1,30,8,-22,eingabe J+R,,,,,
sprint_sja_fen_a30_t50,1,30,9,-21,aktion 0x2->0x4,,,,,0
sprint_sja_fen_a30_t50,1,30,10,-20,eingabe R,,,,,
sprint_sja_fen_a30_t50,1,30,30,+0,eingabe A+R,,,,,
sprint_sja_fen_a30_t50,1,30,31,+1,aktion 0x4->0x8,,,,,51
sprint_sja_fen_a30_t50,1,30,32,+2,eingabe R,,,,,
sprint_sja_fen_a30_t50,1,30,50,+20,treffer,18,13,75,0,0
sprint_sja_fen_a30_t50,1,30,51,+21,umgeworfen,18,,198,0,0
sprint_sja_fen_a30_t50,1,30,57,+27,aktion 0x8->0x0,,,,,0
sprint_sja_fen_a30_t50,1,30,58,+28,figur_bewegt,,,,,
sprint_sja_fen_a30_t50,1,30,61,+31,eingabe -,,,,,
sprint_sja_fen_a30_t50,1,30,62,+32,gegner_ruhe,18,+9,200,0,0
sprint_sja_fen_a30_t51,1,30,2,-28,eingabe R,,,,,
sprint_sja_fen_a30_t51,1,30,4,-26,eingabe -,,,,,
sprint_sja_fen_a30_t51,1,30,6,-24,eingabe R,,,,,
sprint_sja_fen_a30_t51,1,30,7,-23,aktion 0x0->0x2,,,,,0
sprint_sja_fen_a30_t51,1,30,8,-22,eingabe J+R,,,,,
sprint_sja_fen_a30_t51,1,30,9,-21,aktion 0x2->0x4,,,,,0
sprint_sja_fen_a30_t51,1,30,10,-20,eingabe R,,,,,
sprint_sja_fen_a30_t51,1,30,30,+0,eingabe A+R,,,,,
sprint_sja_fen_a30_t51,1,30,31,+1,aktion 0x4->0x8,,,,,51
sprint_sja_fen_a30_t51,1,30,32,+2,eingabe R,,,,,
sprint_sja_fen_a30_t51,1,30,51,+21,treffer,18,13,76,0,0
sprint_sja_fen_a30_t51,1,30,52,+22,umgeworfen,18,,200,0,0
sprint_sja_fen_a30_t51,1,30,57,+27,aktion 0x8->0x0,,,,,0
sprint_sja_fen_a30_t51,1,30,58,+28,figur_bewegt,,,,,
sprint_sja_fen_a30_t51,1,30,61,+31,eingabe -,,,,,
sprint_sja_fen_a30_t51,1,30,62,+32,gegner_ruhe,18,+7,200,0,0
sprint_sja_fen_a30_t69,1,30,2,-28,eingabe R,,,,,
sprint_sja_fen_a30_t69,1,30,4,-26,eingabe -,,,,,
sprint_sja_fen_a30_t69,1,30,6,-24,eingabe R,,,,,
sprint_sja_fen_a30_t69,1,30,7,-23,aktion 0x0->0x2,,,,,0
sprint_sja_fen_a30_t69,1,30,8,-22,eingabe J+R,,,,,
sprint_sja_fen_a30_t69,1,30,9,-21,aktion 0x2->0x4,,,,,0
sprint_sja_fen_a30_t69,1,30,10,-20,eingabe R,,,,,
sprint_sja_fen_a30_t69,1,30,30,+0,eingabe A+R,,,,,
sprint_sja_fen_a30_t69,1,30,31,+1,aktion 0x4->0x8,,,,,51
sprint_sja_fen_a30_t69,1,30,32,+2,eingabe R,,,,,
sprint_sja_fen_a30_t69,1,30,57,+27,aktion 0x8->0x0,,,,,0
sprint_sja_fen_a30_t69,1,30,58,+28,figur_bewegt,,,,,
sprint_sja_fen_a30_t69,1,30,61,+31,eingabe -,,,,,
sprint_sja_fen_a30_t69,1,30,69,+39,treffer,18,13,78,0,0
sprint_sja_fen_a30_t69,1,30,70,+40,umgeworfen,18,,200,0,0
sprint_sja_fen_a30_t69,1,30,74,+44,gegner_ruhe,18,+0,200,0,0
sprint_sja_fen_a30_t70,1,30,2,-28,eingabe R,,,,,
sprint_sja_fen_a30_t70,1,30,4,-26,eingabe -,,,,,
sprint_sja_fen_a30_t70,1,30,6,-24,eingabe R,,,,,
sprint_sja_fen_a30_t70,1,30,7,-23,aktion 0x0->0x2,,,,,0
sprint_sja_fen_a30_t70,1,30,8,-22,eingabe J+R,,,,,
sprint_sja_fen_a30_t70,1,30,9,-21,aktion 0x2->0x4,,,,,0
sprint_sja_fen_a30_t70,1,30,10,-20,eingabe R,,,,,
sprint_sja_fen_a30_t70,1,30,30,+0,eingabe A+R,,,,,
sprint_sja_fen_a30_t70,1,30,31,+1,aktion 0x4->0x8,,,,,51
sprint_sja_fen_a30_t70,1,30,32,+2,eingabe R,,,,,
sprint_sja_fen_a30_t70,1,30,57,+27,aktion 0x8->0x0,,,,,0
sprint_sja_fen_a30_t70,1,30,58,+28,figur_bewegt,,,,,
sprint_sja_fen_a30_t70,1,30,61,+31,eingabe -,,,,,
sprint_sja_fen_a34_t46,1,34,2,-32,eingabe R,,,,,
sprint_sja_fen_a34_t46,1,34,4,-30,eingabe -,,,,,
sprint_sja_fen_a34_t46,1,34,6,-28,eingabe R,,,,,
sprint_sja_fen_a34_t46,1,34,7,-27,aktion 0x0->0x2,,,,,0
sprint_sja_fen_a34_t46,1,34,8,-26,eingabe J+R,,,,,
sprint_sja_fen_a34_t46,1,34,9,-25,aktion 0x2->0x4,,,,,0
sprint_sja_fen_a34_t46,1,34,10,-24,eingabe R,,,,,
sprint_sja_fen_a34_t46,1,34,34,+0,eingabe A+R,,,,,
sprint_sja_fen_a34_t46,1,34,35,+1,aktion 0x4->0x8,,,,,48
sprint_sja_fen_a34_t46,1,34,36,+2,eingabe R,,,,,
sprint_sja_fen_a34_t46,1,34,57,+23,aktion 0x8->0x0,,,,,0
sprint_sja_fen_a34_t46,1,34,58,+24,figur_bewegt,,,,,
sprint_sja_fen_a34_t46,1,34,61,+27,eingabe -,,,,,
sprint_sja_fen_a34_t47,1,34,2,-32,eingabe R,,,,,
sprint_sja_fen_a34_t47,1,34,4,-30,eingabe -,,,,,
sprint_sja_fen_a34_t47,1,34,6,-28,eingabe R,,,,,
sprint_sja_fen_a34_t47,1,34,7,-27,aktion 0x0->0x2,,,,,0
sprint_sja_fen_a34_t47,1,34,8,-26,eingabe J+R,,,,,
sprint_sja_fen_a34_t47,1,34,9,-25,aktion 0x2->0x4,,,,,0
sprint_sja_fen_a34_t47,1,34,10,-24,eingabe R,,,,,
sprint_sja_fen_a34_t47,1,34,34,+0,eingabe A+R,,,,,
sprint_sja_fen_a34_t47,1,34,35,+1,aktion 0x4->0x8,,,,,48
sprint_sja_fen_a34_t47,1,34,36,+2,eingabe R,,,,,
sprint_sja_fen_a34_t47,1,34,47,+13,treffer,18,13,76,0,0
sprint_sja_fen_a34_t47,1,34,48,+14,umgeworfen,18,,200,0,0
sprint_sja_fen_a34_t47,1,34,59,+25,gegner_ruhe,18,+9,200,0,0
sprint_sja_fen_a34_t47,1,34,61,+27,eingabe -,,,,,
sprint_sja_fen_a34_t47,1,34,64,+30,aktion 0x8->0x0,,,,,0
sprint_sja_fen_a34_t48,1,34,2,-32,eingabe R,,,,,
sprint_sja_fen_a34_t48,1,34,4,-30,eingabe -,,,,,
sprint_sja_fen_a34_t48,1,34,6,-28,eingabe R,,,,,
sprint_sja_fen_a34_t48,1,34,7,-27,aktion 0x0->0x2,,,,,0
sprint_sja_fen_a34_t48,1,34,8,-26,eingabe J+R,,,,,
sprint_sja_fen_a34_t48,1,34,9,-25,aktion 0x2->0x4,,,,,0
sprint_sja_fen_a34_t48,1,34,10,-24,eingabe R,,,,,
sprint_sja_fen_a34_t48,1,34,34,+0,eingabe A+R,,,,,
sprint_sja_fen_a34_t48,1,34,35,+1,aktion 0x4->0x8,,,,,48
sprint_sja_fen_a34_t48,1,34,36,+2,eingabe R,,,,,
sprint_sja_fen_a34_t48,1,34,57,+23,aktion 0x8->0x0,,,,,0
sprint_sja_fen_a34_t48,1,34,58,+24,figur_bewegt,,,,,
sprint_sja_fen_a34_t48,1,34,61,+27,eingabe -,,,,,
sprint_sja_fen_a34_t53,1,34,2,-32,eingabe R,,,,,
sprint_sja_fen_a34_t53,1,34,4,-30,eingabe -,,,,,
sprint_sja_fen_a34_t53,1,34,6,-28,eingabe R,,,,,
sprint_sja_fen_a34_t53,1,34,7,-27,aktion 0x0->0x2,,,,,0
sprint_sja_fen_a34_t53,1,34,8,-26,eingabe J+R,,,,,
sprint_sja_fen_a34_t53,1,34,9,-25,aktion 0x2->0x4,,,,,0
sprint_sja_fen_a34_t53,1,34,10,-24,eingabe R,,,,,
sprint_sja_fen_a34_t53,1,34,34,+0,eingabe A+R,,,,,
sprint_sja_fen_a34_t53,1,34,35,+1,aktion 0x4->0x8,,,,,48
sprint_sja_fen_a34_t53,1,34,36,+2,eingabe R,,,,,
sprint_sja_fen_a34_t53,1,34,57,+23,aktion 0x8->0x0,,,,,0
sprint_sja_fen_a34_t53,1,34,58,+24,figur_bewegt,,,,,
sprint_sja_fen_a34_t53,1,34,61,+27,eingabe -,,,,,
sprint_sja_fen_a34_t54,1,34,2,-32,eingabe R,,,,,
sprint_sja_fen_a34_t54,1,34,4,-30,eingabe -,,,,,
sprint_sja_fen_a34_t54,1,34,6,-28,eingabe R,,,,,
sprint_sja_fen_a34_t54,1,34,7,-27,aktion 0x0->0x2,,,,,0
sprint_sja_fen_a34_t54,1,34,8,-26,eingabe J+R,,,,,
sprint_sja_fen_a34_t54,1,34,9,-25,aktion 0x2->0x4,,,,,0
sprint_sja_fen_a34_t54,1,34,10,-24,eingabe R,,,,,
sprint_sja_fen_a34_t54,1,34,34,+0,eingabe A+R,,,,,
sprint_sja_fen_a34_t54,1,34,35,+1,aktion 0x4->0x8,,,,,48
sprint_sja_fen_a34_t54,1,34,36,+2,eingabe R,,,,,
sprint_sja_fen_a34_t54,1,34,54,+20,treffer,18,13,78,0,0
sprint_sja_fen_a34_t54,1,34,55,+21,umgeworfen,18,,200,0,0
sprint_sja_fen_a34_t54,1,34,57,+23,aktion 0x8->0x0,,,,,0
sprint_sja_fen_a34_t54,1,34,58,+24,figur_bewegt,,,,,
sprint_sja_fen_a34_t54,1,34,61,+27,eingabe -,,,,,
sprint_sja_fen_a34_t54,1,34,62,+28,gegner_ruhe,18,+7,200,0,0
sprint_sja_fen_a34_t72,1,34,2,-32,eingabe R,,,,,
sprint_sja_fen_a34_t72,1,34,4,-30,eingabe -,,,,,
sprint_sja_fen_a34_t72,1,34,6,-28,eingabe R,,,,,
sprint_sja_fen_a34_t72,1,34,7,-27,aktion 0x0->0x2,,,,,0
sprint_sja_fen_a34_t72,1,34,8,-26,eingabe J+R,,,,,
sprint_sja_fen_a34_t72,1,34,9,-25,aktion 0x2->0x4,,,,,0
sprint_sja_fen_a34_t72,1,34,10,-24,eingabe R,,,,,
sprint_sja_fen_a34_t72,1,34,34,+0,eingabe A+R,,,,,
sprint_sja_fen_a34_t72,1,34,35,+1,aktion 0x4->0x8,,,,,48
sprint_sja_fen_a34_t72,1,34,36,+2,eingabe R,,,,,
sprint_sja_fen_a34_t72,1,34,57,+23,aktion 0x8->0x0,,,,,0
sprint_sja_fen_a34_t72,1,34,58,+24,figur_bewegt,,,,,
sprint_sja_fen_a34_t72,1,34,61,+27,eingabe -,,,,,
sprint_sja_fen_a34_t72,1,34,72,+38,treffer,18,13,78,0,0
sprint_sja_fen_a34_t72,1,34,73,+39,umgeworfen,18,,200,0,0
sprint_sja_fen_a34_t72,1,34,77,+43,gegner_ruhe,18,+0,200,0,0
sprint_sja_fen_a34_t73,1,34,2,-32,eingabe R,,,,,
sprint_sja_fen_a34_t73,1,34,4,-30,eingabe -,,,,,
sprint_sja_fen_a34_t73,1,34,6,-28,eingabe R,,,,,
sprint_sja_fen_a34_t73,1,34,7,-27,aktion 0x0->0x2,,,,,0
sprint_sja_fen_a34_t73,1,34,8,-26,eingabe J+R,,,,,
sprint_sja_fen_a34_t73,1,34,9,-25,aktion 0x2->0x4,,,,,0
sprint_sja_fen_a34_t73,1,34,10,-24,eingabe R,,,,,
sprint_sja_fen_a34_t73,1,34,34,+0,eingabe A+R,,,,,
sprint_sja_fen_a34_t73,1,34,35,+1,aktion 0x4->0x8,,,,,48
sprint_sja_fen_a34_t73,1,34,36,+2,eingabe R,,,,,
sprint_sja_fen_a34_t73,1,34,57,+23,aktion 0x8->0x0,,,,,0
sprint_sja_fen_a34_t73,1,34,58,+24,figur_bewegt,,,,,
sprint_sja_fen_a34_t73,1,34,61,+27,eingabe -,,,,,
sprint_sja_fen_a34_t73,1,34,73,+39,treffer,18,13,78,0,0
sprint_sja_fen_a34_t73,1,34,74,+40,umgeworfen,18,,200,0,0
sprint_sja_fen_a34_t73,1,34,78,+44,gegner_ruhe,18,+0,200,0,0
sprint_sja_fen_a34_t74,1,34,2,-32,eingabe R,,,,,
sprint_sja_fen_a34_t74,1,34,4,-30,eingabe -,,,,,
sprint_sja_fen_a34_t74,1,34,6,-28,eingabe R,,,,,
sprint_sja_fen_a34_t74,1,34,7,-27,aktion 0x0->0x2,,,,,0
sprint_sja_fen_a34_t74,1,34,8,-26,eingabe J+R,,,,,
sprint_sja_fen_a34_t74,1,34,9,-25,aktion 0x2->0x4,,,,,0
sprint_sja_fen_a34_t74,1,34,10,-24,eingabe R,,,,,
sprint_sja_fen_a34_t74,1,34,34,+0,eingabe A+R,,,,,
sprint_sja_fen_a34_t74,1,34,35,+1,aktion 0x4->0x8,,,,,48
sprint_sja_fen_a34_t74,1,34,36,+2,eingabe R,,,,,
sprint_sja_fen_a34_t74,1,34,57,+23,aktion 0x8->0x0,,,,,0
sprint_sja_fen_a34_t74,1,34,58,+24,figur_bewegt,,,,,
sprint_sja_fen_a34_t74,1,34,61,+27,eingabe -,,,,,
sprint_sja_fen_kb_t49,1,30,2,-28,eingabe R,,,,,
sprint_sja_fen_kb_t49,1,30,4,-26,eingabe -,,,,,
sprint_sja_fen_kb_t49,1,30,6,-24,eingabe R,,,,,
sprint_sja_fen_kb_t49,1,30,7,-23,aktion 0x0->0x2,,,,,0
sprint_sja_fen_kb_t49,1,30,8,-22,eingabe J+R,,,,,
sprint_sja_fen_kb_t49,1,30,9,-21,aktion 0x2->0x4,,,,,0
sprint_sja_fen_kb_t49,1,30,10,-20,eingabe R,,,,,
sprint_sja_fen_kb_t49,1,30,30,+0,eingabe A+R,,,,,
sprint_sja_fen_kb_t49,1,30,31,+1,aktion 0x4->0x8,,,,,51
sprint_sja_fen_kb_t49,1,30,32,+2,eingabe R,,,,,
sprint_sja_fen_kb_t49,1,30,50,+20,objekt_treffer,46,0x98d64,209,10,0
sprint_sja_fen_kb_t49,1,30,57,+27,aktion 0x8->0x0,,,,,0
sprint_sja_fen_kb_t49,1,30,58,+28,figur_bewegt,,,,,
sprint_sja_fen_kb_t49,1,30,61,+31,eingabe -,,,,,
sprint_sja_fen_kb_t50,1,30,2,-28,eingabe R,,,,,
sprint_sja_fen_kb_t50,1,30,4,-26,eingabe -,,,,,
sprint_sja_fen_kb_t50,1,30,6,-24,eingabe R,,,,,
sprint_sja_fen_kb_t50,1,30,7,-23,aktion 0x0->0x2,,,,,0
sprint_sja_fen_kb_t50,1,30,8,-22,eingabe J+R,,,,,
sprint_sja_fen_kb_t50,1,30,9,-21,aktion 0x2->0x4,,,,,0
sprint_sja_fen_kb_t50,1,30,10,-20,eingabe R,,,,,
sprint_sja_fen_kb_t50,1,30,30,+0,eingabe A+R,,,,,
sprint_sja_fen_kb_t50,1,30,31,+1,aktion 0x4->0x8,,,,,51
sprint_sja_fen_kb_t50,1,30,32,+2,eingabe R,,,,,
sprint_sja_fen_kb_t50,1,30,50,+20,objekt_treffer,46,0x98d64,209,10,0
sprint_sja_fen_kb_t50,1,30,50,+20,treffer,17,13,78,0,0
sprint_sja_fen_kb_t50,1,30,51,+21,umgeworfen,17,,197,0,0
sprint_sja_fen_kb_t50,1,30,57,+27,aktion 0x8->0x0,,,,,0
sprint_sja_fen_kb_t50,1,30,58,+28,figur_bewegt,,,,,
sprint_sja_fen_kb_t50,1,30,61,+31,eingabe -,,,,,
sprint_sja_fen_kb_t50,1,30,62,+32,gegner_ruhe,17,+10,200,0,0
sprint_sja_fen_kb_t69,1,30,2,-28,eingabe R,,,,,
sprint_sja_fen_kb_t69,1,30,4,-26,eingabe -,,,,,
sprint_sja_fen_kb_t69,1,30,6,-24,eingabe R,,,,,
sprint_sja_fen_kb_t69,1,30,7,-23,aktion 0x0->0x2,,,,,0
sprint_sja_fen_kb_t69,1,30,8,-22,eingabe J+R,,,,,
sprint_sja_fen_kb_t69,1,30,9,-21,aktion 0x2->0x4,,,,,0
sprint_sja_fen_kb_t69,1,30,10,-20,eingabe R,,,,,
sprint_sja_fen_kb_t69,1,30,30,+0,eingabe A+R,,,,,
sprint_sja_fen_kb_t69,1,30,31,+1,aktion 0x4->0x8,,,,,51
sprint_sja_fen_kb_t69,1,30,32,+2,eingabe R,,,,,
sprint_sja_fen_kb_t69,1,30,50,+20,objekt_treffer,46,0x98d64,209,10,0
sprint_sja_fen_kb_t69,1,30,57,+27,aktion 0x8->0x0,,,,,0
sprint_sja_fen_kb_t69,1,30,58,+28,figur_bewegt,,,,,
sprint_sja_fen_kb_t69,1,30,61,+31,eingabe -,,,,,
sprint_sja_fen_kb_t69,1,30,69,+39,treffer,17,13,80,0,0
sprint_sja_fen_kb_t69,1,30,70,+40,umgeworfen,17,,200,0,0
sprint_sja_fen_kb_t69,1,30,74,+44,gegner_ruhe,17,+0,200,0,0
sprint_sja_fen_kb_t70,1,30,2,-28,eingabe R,,,,,
sprint_sja_fen_kb_t70,1,30,4,-26,eingabe -,,,,,
sprint_sja_fen_kb_t70,1,30,6,-24,eingabe R,,,,,
sprint_sja_fen_kb_t70,1,30,7,-23,aktion 0x0->0x2,,,,,0
sprint_sja_fen_kb_t70,1,30,8,-22,eingabe J+R,,,,,
sprint_sja_fen_kb_t70,1,30,9,-21,aktion 0x2->0x4,,,,,0
sprint_sja_fen_kb_t70,1,30,10,-20,eingabe R,,,,,
sprint_sja_fen_kb_t70,1,30,30,+0,eingabe A+R,,,,,
sprint_sja_fen_kb_t70,1,30,31,+1,aktion 0x4->0x8,,,,,51
sprint_sja_fen_kb_t70,1,30,32,+2,eingabe R,,,,,
sprint_sja_fen_kb_t70,1,30,50,+20,objekt_treffer,46,0x98d64,209,10,0
sprint_sja_fen_kb_t70,1,30,57,+27,aktion 0x8->0x0,,,,,0
sprint_sja_fen_kb_t70,1,30,58,+28,figur_bewegt,,,,,
sprint_sja_fen_kb_t70,1,30,61,+31,eingabe -,,,,,
sprint_sja_leer,1,28,2,-26,eingabe R,,,,,
sprint_sja_leer,1,28,4,-24,eingabe -,,,,,
sprint_sja_leer,1,28,6,-22,eingabe R,,,,,
sprint_sja_leer,1,28,7,-21,aktion 0x0->0x2,,,,,0
sprint_sja_leer,1,28,20,-8,eingabe J+R,,,,,
sprint_sja_leer,1,28,21,-7,aktion 0x2->0x4,,,,,0
sprint_sja_leer,1,28,22,-6,eingabe R,,,,,
sprint_sja_leer,1,28,28,+0,eingabe A+R,,,,,
sprint_sja_leer,1,28,29,+1,aktion 0x4->0x8,,,,,29
sprint_sja_leer,1,28,30,+2,eingabe R,,,,,
sprint_sja_leer,1,28,69,+41,aktion 0x8->0x0,,,,,0
sprint_sja_leer,1,28,70,+42,figur_bewegt,,,,,
sprint_sja_leer,1,28,81,+53,eingabe -,,,,,
sprint_sja_x_kb_38,1,30,2,-28,eingabe R,,,,,
sprint_sja_x_kb_38,1,30,4,-26,eingabe -,,,,,
sprint_sja_x_kb_38,1,30,6,-24,eingabe R,,,,,
sprint_sja_x_kb_38,1,30,7,-23,aktion 0x0->0x2,,,,,0
sprint_sja_x_kb_38,1,30,8,-22,eingabe J+R,,,,,
sprint_sja_x_kb_38,1,30,9,-21,aktion 0x2->0x4,,,,,0
sprint_sja_x_kb_38,1,30,10,-20,eingabe R,,,,,
sprint_sja_x_kb_38,1,30,30,+0,eingabe A+R,,,,,
sprint_sja_x_kb_38,1,30,31,+1,aktion 0x4->0x8,,,,,51
sprint_sja_x_kb_38,1,30,32,+2,eingabe R,,,,,
sprint_sja_x_kb_38,1,30,50,+20,objekt_treffer,46,0x98d64,209,10,0
sprint_sja_x_kb_38,1,30,57,+27,aktion 0x8->0x0,,,,,0
sprint_sja_x_kb_38,1,30,58,+28,figur_bewegt,,,,,
sprint_sja_x_kb_40,1,30,2,-28,eingabe R,,,,,
sprint_sja_x_kb_40,1,30,4,-26,eingabe -,,,,,
sprint_sja_x_kb_40,1,30,6,-24,eingabe R,,,,,
sprint_sja_x_kb_40,1,30,7,-23,aktion 0x0->0x2,,,,,0
sprint_sja_x_kb_40,1,30,8,-22,eingabe J+R,,,,,
sprint_sja_x_kb_40,1,30,9,-21,aktion 0x2->0x4,,,,,0
sprint_sja_x_kb_40,1,30,10,-20,eingabe R,,,,,
sprint_sja_x_kb_40,1,30,30,+0,eingabe A+R,,,,,
sprint_sja_x_kb_40,1,30,31,+1,aktion 0x4->0x8,,,,,51
sprint_sja_x_kb_40,1,30,32,+2,eingabe R,,,,,
sprint_sja_x_kb_40,1,30,50,+20,objekt_treffer,46,0x98d64,209,10,0
sprint_sja_x_kb_40,1,30,57,+27,aktion 0x8->0x0,,,,,0
sprint_sja_x_kb_40,1,30,58,+28,figur_bewegt,,,,,
sprint_sja_x_kb_42,1,30,2,-28,eingabe R,,,,,
sprint_sja_x_kb_42,1,30,4,-26,eingabe -,,,,,
sprint_sja_x_kb_42,1,30,6,-24,eingabe R,,,,,
sprint_sja_x_kb_42,1,30,7,-23,aktion 0x0->0x2,,,,,0
sprint_sja_x_kb_42,1,30,8,-22,eingabe J+R,,,,,
sprint_sja_x_kb_42,1,30,9,-21,aktion 0x2->0x4,,,,,0
sprint_sja_x_kb_42,1,30,10,-20,eingabe R,,,,,
sprint_sja_x_kb_42,1,30,30,+0,eingabe A+R,,,,,
sprint_sja_x_kb_42,1,30,31,+1,aktion 0x4->0x8,,,,,51
sprint_sja_x_kb_42,1,30,32,+2,eingabe R,,,,,
sprint_sja_x_kb_42,1,30,50,+20,objekt_treffer,46,0x98d64,209,10,0
sprint_sja_x_kb_42,1,30,51,+21,treffer,17,13,39,0,0
sprint_sja_x_kb_42,1,30,52,+22,umgeworfen,17,,200,0,0
sprint_sja_x_kb_42,1,30,57,+27,aktion 0x8->0x0,,,,,0
sprint_sja_x_kb_42,1,30,58,+28,figur_bewegt,,,,,
sprint_sja_x_kb_44,1,30,2,-28,eingabe R,,,,,
sprint_sja_x_kb_44,1,30,4,-26,eingabe -,,,,,
sprint_sja_x_kb_44,1,30,6,-24,eingabe R,,,,,
sprint_sja_x_kb_44,1,30,7,-23,aktion 0x0->0x2,,,,,0
sprint_sja_x_kb_44,1,30,8,-22,eingabe J+R,,,,,
sprint_sja_x_kb_44,1,30,9,-21,aktion 0x2->0x4,,,,,0
sprint_sja_x_kb_44,1,30,10,-20,eingabe R,,,,,
sprint_sja_x_kb_44,1,30,30,+0,eingabe A+R,,,,,
sprint_sja_x_kb_44,1,30,31,+1,aktion 0x4->0x8,,,,,51
sprint_sja_x_kb_44,1,30,32,+2,eingabe R,,,,,
sprint_sja_x_kb_44,1,30,50,+20,objekt_treffer,46,0x98d64,209,10,0
sprint_sja_x_kb_44,1,30,51,+21,treffer,17,13,41,0,0
sprint_sja_x_kb_44,1,30,52,+22,umgeworfen,17,,200,0,0
sprint_sja_x_kb_44,1,30,57,+27,aktion 0x8->0x0,,,,,0
sprint_sja_x_kb_44,1,30,58,+28,figur_bewegt,,,,,
sprint_sja_x_kb_146,1,30,2,-28,eingabe R,,,,,
sprint_sja_x_kb_146,1,30,4,-26,eingabe -,,,,,
sprint_sja_x_kb_146,1,30,6,-24,eingabe R,,,,,
sprint_sja_x_kb_146,1,30,7,-23,aktion 0x0->0x2,,,,,0
sprint_sja_x_kb_146,1,30,8,-22,eingabe J+R,,,,,
sprint_sja_x_kb_146,1,30,9,-21,aktion 0x2->0x4,,,,,0
sprint_sja_x_kb_146,1,30,10,-20,eingabe R,,,,,
sprint_sja_x_kb_146,1,30,30,+0,eingabe A+R,,,,,
sprint_sja_x_kb_146,1,30,31,+1,aktion 0x4->0x8,,,,,51
sprint_sja_x_kb_146,1,30,32,+2,eingabe R,,,,,
sprint_sja_x_kb_146,1,30,50,+20,objekt_treffer,46,0x98d64,209,10,0
sprint_sja_x_kb_146,1,30,51,+21,treffer,17,13,143,0,0
sprint_sja_x_kb_146,1,30,52,+22,umgeworfen,17,,200,0,0
sprint_sja_x_kb_146,1,30,57,+27,aktion 0x8->0x0,,,,,0
sprint_sja_x_kb_146,1,30,58,+28,figur_bewegt,,,,,
sprint_sja_x_kb_148,1,30,2,-28,eingabe R,,,,,
sprint_sja_x_kb_148,1,30,4,-26,eingabe -,,,,,
sprint_sja_x_kb_148,1,30,6,-24,eingabe R,,,,,
sprint_sja_x_kb_148,1,30,7,-23,aktion 0x0->0x2,,,,,0
sprint_sja_x_kb_148,1,30,8,-22,eingabe J+R,,,,,
sprint_sja_x_kb_148,1,30,9,-21,aktion 0x2->0x4,,,,,0
sprint_sja_x_kb_148,1,30,10,-20,eingabe R,,,,,
sprint_sja_x_kb_148,1,30,30,+0,eingabe A+R,,,,,
sprint_sja_x_kb_148,1,30,31,+1,aktion 0x4->0x8,,,,,51
sprint_sja_x_kb_148,1,30,32,+2,eingabe R,,,,,
sprint_sja_x_kb_148,1,30,50,+20,objekt_treffer,46,0x98d64,209,10,0
sprint_sja_x_kb_148,1,30,51,+21,treffer,17,13,145,0,0
sprint_sja_x_kb_148,1,30,52,+22,umgeworfen,17,,200,0,0
sprint_sja_x_kb_148,1,30,57,+27,aktion 0x8->0x0,,,,,0
sprint_sja_x_kb_148,1,30,58,+28,figur_bewegt,,,,,
sprint_sja_x_kb_150,1,30,2,-28,eingabe R,,,,,
sprint_sja_x_kb_150,1,30,4,-26,eingabe -,,,,,
sprint_sja_x_kb_150,1,30,6,-24,eingabe R,,,,,
sprint_sja_x_kb_150,1,30,7,-23,aktion 0x0->0x2,,,,,0
sprint_sja_x_kb_150,1,30,8,-22,eingabe J+R,,,,,
sprint_sja_x_kb_150,1,30,9,-21,aktion 0x2->0x4,,,,,0
sprint_sja_x_kb_150,1,30,10,-20,eingabe R,,,,,
sprint_sja_x_kb_150,1,30,30,+0,eingabe A+R,,,,,
sprint_sja_x_kb_150,1,30,31,+1,aktion 0x4->0x8,,,,,51
sprint_sja_x_kb_150,1,30,32,+2,eingabe R,,,,,
sprint_sja_x_kb_150,1,30,50,+20,objekt_treffer,46,0x98d64,209,10,0
sprint_sja_x_kb_150,1,30,51,+21,treffer,17,13,147,0,0
sprint_sja_x_kb_150,1,30,52,+22,umgeworfen,17,,200,0,0
sprint_sja_x_kb_150,1,30,57,+27,aktion 0x8->0x0,,,,,0
sprint_sja_x_kb_150,1,30,58,+28,figur_bewegt,,,,,
sprint_sja_x_kb_152,1,30,2,-28,eingabe R,,,,,
sprint_sja_x_kb_152,1,30,4,-26,eingabe -,,,,,
sprint_sja_x_kb_152,1,30,6,-24,eingabe R,,,,,
sprint_sja_x_kb_152,1,30,7,-23,aktion 0x0->0x2,,,,,0
sprint_sja_x_kb_152,1,30,8,-22,eingabe J+R,,,,,
sprint_sja_x_kb_152,1,30,9,-21,aktion 0x2->0x4,,,,,0
sprint_sja_x_kb_152,1,30,10,-20,eingabe R,,,,,
sprint_sja_x_kb_152,1,30,30,+0,eingabe A+R,,,,,
sprint_sja_x_kb_152,1,30,31,+1,aktion 0x4->0x8,,,,,51
sprint_sja_x_kb_152,1,30,32,+2,eingabe R,,,,,
sprint_sja_x_kb_152,1,30,50,+20,objekt_treffer,46,0x98d64,209,10,0
sprint_sja_x_kb_152,1,30,57,+27,aktion 0x8->0x0,,,,,0
sprint_sja_x_kb_152,1,30,58,+28,figur_bewegt,,,,,
sprint_sja_x_kb_154,1,30,2,-28,eingabe R,,,,,
sprint_sja_x_kb_154,1,30,4,-26,eingabe -,,,,,
sprint_sja_x_kb_154,1,30,6,-24,eingabe R,,,,,
sprint_sja_x_kb_154,1,30,7,-23,aktion 0x0->0x2,,,,,0
sprint_sja_x_kb_154,1,30,8,-22,eingabe J+R,,,,,
sprint_sja_x_kb_154,1,30,9,-21,aktion 0x2->0x4,,,,,0
sprint_sja_x_kb_154,1,30,10,-20,eingabe R,,,,,
sprint_sja_x_kb_154,1,30,30,+0,eingabe A+R,,,,,
sprint_sja_x_kb_154,1,30,31,+1,aktion 0x4->0x8,,,,,51
sprint_sja_x_kb_154,1,30,32,+2,eingabe R,,,,,
sprint_sja_x_kb_154,1,30,50,+20,objekt_treffer,46,0x98d64,209,10,0
sprint_sja_x_kb_154,1,30,57,+27,aktion 0x8->0x0,,,,,0
sprint_sja_x_kb_154,1,30,58,+28,figur_bewegt,,,,,
sprint_sja_x_k_36,1,30,2,-28,eingabe R,,,,,
sprint_sja_x_k_36,1,30,4,-26,eingabe -,,,,,
sprint_sja_x_k_36,1,30,6,-24,eingabe R,,,,,
sprint_sja_x_k_36,1,30,7,-23,aktion 0x0->0x2,,,,,0
sprint_sja_x_k_36,1,30,8,-22,eingabe J+R,,,,,
sprint_sja_x_k_36,1,30,9,-21,aktion 0x2->0x4,,,,,0
sprint_sja_x_k_36,1,30,10,-20,eingabe R,,,,,
sprint_sja_x_k_36,1,30,30,+0,eingabe A+R,,,,,
sprint_sja_x_k_36,1,30,31,+1,aktion 0x4->0x8,,,,,51
sprint_sja_x_k_36,1,30,32,+2,eingabe R,,,,,
sprint_sja_x_k_36,1,30,57,+27,aktion 0x8->0x0,,,,,0
sprint_sja_x_k_36,1,30,58,+28,figur_bewegt,,,,,
sprint_sja_x_k_38,1,30,2,-28,eingabe R,,,,,
sprint_sja_x_k_38,1,30,4,-26,eingabe -,,,,,
sprint_sja_x_k_38,1,30,6,-24,eingabe R,,,,,
sprint_sja_x_k_38,1,30,7,-23,aktion 0x0->0x2,,,,,0
sprint_sja_x_k_38,1,30,8,-22,eingabe J+R,,,,,
sprint_sja_x_k_38,1,30,9,-21,aktion 0x2->0x4,,,,,0
sprint_sja_x_k_38,1,30,10,-20,eingabe R,,,,,
sprint_sja_x_k_38,1,30,30,+0,eingabe A+R,,,,,
sprint_sja_x_k_38,1,30,31,+1,aktion 0x4->0x8,,,,,51
sprint_sja_x_k_38,1,30,32,+2,eingabe R,,,,,
sprint_sja_x_k_38,1,30,57,+27,aktion 0x8->0x0,,,,,0
sprint_sja_x_k_38,1,30,58,+28,figur_bewegt,,,,,
sprint_sja_x_k_40,1,30,2,-28,eingabe R,,,,,
sprint_sja_x_k_40,1,30,4,-26,eingabe -,,,,,
sprint_sja_x_k_40,1,30,6,-24,eingabe R,,,,,
sprint_sja_x_k_40,1,30,7,-23,aktion 0x0->0x2,,,,,0
sprint_sja_x_k_40,1,30,8,-22,eingabe J+R,,,,,
sprint_sja_x_k_40,1,30,9,-21,aktion 0x2->0x4,,,,,0
sprint_sja_x_k_40,1,30,10,-20,eingabe R,,,,,
sprint_sja_x_k_40,1,30,30,+0,eingabe A+R,,,,,
sprint_sja_x_k_40,1,30,31,+1,aktion 0x4->0x8,,,,,51
sprint_sja_x_k_40,1,30,32,+2,eingabe R,,,,,
sprint_sja_x_k_40,1,30,57,+27,aktion 0x8->0x0,,,,,0
sprint_sja_x_k_40,1,30,58,+28,figur_bewegt,,,,,
sprint_sja_x_k_42,1,30,2,-28,eingabe R,,,,,
sprint_sja_x_k_42,1,30,4,-26,eingabe -,,,,,
sprint_sja_x_k_42,1,30,6,-24,eingabe R,,,,,
sprint_sja_x_k_42,1,30,7,-23,aktion 0x0->0x2,,,,,0
sprint_sja_x_k_42,1,30,8,-22,eingabe J+R,,,,,
sprint_sja_x_k_42,1,30,9,-21,aktion 0x2->0x4,,,,,0
sprint_sja_x_k_42,1,30,10,-20,eingabe R,,,,,
sprint_sja_x_k_42,1,30,30,+0,eingabe A+R,,,,,
sprint_sja_x_k_42,1,30,31,+1,aktion 0x4->0x8,,,,,51
sprint_sja_x_k_42,1,30,32,+2,eingabe R,,,,,
sprint_sja_x_k_42,1,30,51,+21,treffer,18,13,38,0,0
sprint_sja_x_k_42,1,30,52,+22,umgeworfen,18,,200,0,0
sprint_sja_x_k_42,1,30,57,+27,aktion 0x8->0x0,,,,,0
sprint_sja_x_k_42,1,30,58,+28,figur_bewegt,,,,,
sprint_sja_x_k_44,1,30,2,-28,eingabe R,,,,,
sprint_sja_x_k_44,1,30,4,-26,eingabe -,,,,,
sprint_sja_x_k_44,1,30,6,-24,eingabe R,,,,,
sprint_sja_x_k_44,1,30,7,-23,aktion 0x0->0x2,,,,,0
sprint_sja_x_k_44,1,30,8,-22,eingabe J+R,,,,,
sprint_sja_x_k_44,1,30,9,-21,aktion 0x2->0x4,,,,,0
sprint_sja_x_k_44,1,30,10,-20,eingabe R,,,,,
sprint_sja_x_k_44,1,30,30,+0,eingabe A+R,,,,,
sprint_sja_x_k_44,1,30,31,+1,aktion 0x4->0x8,,,,,51
sprint_sja_x_k_44,1,30,32,+2,eingabe R,,,,,
sprint_sja_x_k_44,1,30,51,+21,treffer,18,13,40,0,0
sprint_sja_x_k_44,1,30,52,+22,umgeworfen,18,,200,0,0
sprint_sja_x_k_44,1,30,57,+27,aktion 0x8->0x0,,,,,0
sprint_sja_x_k_44,1,30,58,+28,figur_bewegt,,,,,
sprint_sja_x_k_46,1,30,2,-28,eingabe R,,,,,
sprint_sja_x_k_46,1,30,4,-26,eingabe -,,,,,
sprint_sja_x_k_46,1,30,6,-24,eingabe R,,,,,
sprint_sja_x_k_46,1,30,7,-23,aktion 0x0->0x2,,,,,0
sprint_sja_x_k_46,1,30,8,-22,eingabe J+R,,,,,
sprint_sja_x_k_46,1,30,9,-21,aktion 0x2->0x4,,,,,0
sprint_sja_x_k_46,1,30,10,-20,eingabe R,,,,,
sprint_sja_x_k_46,1,30,30,+0,eingabe A+R,,,,,
sprint_sja_x_k_46,1,30,31,+1,aktion 0x4->0x8,,,,,51
sprint_sja_x_k_46,1,30,32,+2,eingabe R,,,,,
sprint_sja_x_k_46,1,30,51,+21,treffer,18,13,42,0,0
sprint_sja_x_k_46,1,30,52,+22,umgeworfen,18,,200,0,0
sprint_sja_x_k_46,1,30,57,+27,aktion 0x8->0x0,,,,,0
sprint_sja_x_k_46,1,30,58,+28,figur_bewegt,,,,,
sprint_sja_x_k_146,1,30,2,-28,eingabe R,,,,,
sprint_sja_x_k_146,1,30,4,-26,eingabe -,,,,,
sprint_sja_x_k_146,1,30,6,-24,eingabe R,,,,,
sprint_sja_x_k_146,1,30,7,-23,aktion 0x0->0x2,,,,,0
sprint_sja_x_k_146,1,30,8,-22,eingabe J+R,,,,,
sprint_sja_x_k_146,1,30,9,-21,aktion 0x2->0x4,,,,,0
sprint_sja_x_k_146,1,30,10,-20,eingabe R,,,,,
sprint_sja_x_k_146,1,30,30,+0,eingabe A+R,,,,,
sprint_sja_x_k_146,1,30,31,+1,aktion 0x4->0x8,,,,,51
sprint_sja_x_k_146,1,30,32,+2,eingabe R,,,,,
sprint_sja_x_k_146,1,30,51,+21,treffer,18,13,142,0,0
sprint_sja_x_k_146,1,30,52,+22,umgeworfen,18,,200,0,0
sprint_sja_x_k_146,1,30,57,+27,aktion 0x8->0x0,,,,,0
sprint_sja_x_k_146,1,30,58,+28,figur_bewegt,,,,,
sprint_sja_x_k_148,1,30,2,-28,eingabe R,,,,,
sprint_sja_x_k_148,1,30,4,-26,eingabe -,,,,,
sprint_sja_x_k_148,1,30,6,-24,eingabe R,,,,,
sprint_sja_x_k_148,1,30,7,-23,aktion 0x0->0x2,,,,,0
sprint_sja_x_k_148,1,30,8,-22,eingabe J+R,,,,,
sprint_sja_x_k_148,1,30,9,-21,aktion 0x2->0x4,,,,,0
sprint_sja_x_k_148,1,30,10,-20,eingabe R,,,,,
sprint_sja_x_k_148,1,30,30,+0,eingabe A+R,,,,,
sprint_sja_x_k_148,1,30,31,+1,aktion 0x4->0x8,,,,,51
sprint_sja_x_k_148,1,30,32,+2,eingabe R,,,,,
sprint_sja_x_k_148,1,30,51,+21,treffer,18,13,144,0,0
sprint_sja_x_k_148,1,30,52,+22,umgeworfen,18,,200,0,0
sprint_sja_x_k_148,1,30,57,+27,aktion 0x8->0x0,,,,,0
sprint_sja_x_k_148,1,30,58,+28,figur_bewegt,,,,,
sprint_sja_x_k_150,1,30,2,-28,eingabe R,,,,,
sprint_sja_x_k_150,1,30,4,-26,eingabe -,,,,,
sprint_sja_x_k_150,1,30,6,-24,eingabe R,,,,,
sprint_sja_x_k_150,1,30,7,-23,aktion 0x0->0x2,,,,,0
sprint_sja_x_k_150,1,30,8,-22,eingabe J+R,,,,,
sprint_sja_x_k_150,1,30,9,-21,aktion 0x2->0x4,,,,,0
sprint_sja_x_k_150,1,30,10,-20,eingabe R,,,,,
sprint_sja_x_k_150,1,30,30,+0,eingabe A+R,,,,,
sprint_sja_x_k_150,1,30,31,+1,aktion 0x4->0x8,,,,,51
sprint_sja_x_k_150,1,30,32,+2,eingabe R,,,,,
sprint_sja_x_k_150,1,30,51,+21,treffer,18,13,146,0,0
sprint_sja_x_k_150,1,30,52,+22,umgeworfen,18,,200,0,0
sprint_sja_x_k_150,1,30,57,+27,aktion 0x8->0x0,,,,,0
sprint_sja_x_k_150,1,30,58,+28,figur_bewegt,,,,,
sprint_sja_x_k_152,1,30,2,-28,eingabe R,,,,,
sprint_sja_x_k_152,1,30,4,-26,eingabe -,,,,,
sprint_sja_x_k_152,1,30,6,-24,eingabe R,,,,,
sprint_sja_x_k_152,1,30,7,-23,aktion 0x0->0x2,,,,,0
sprint_sja_x_k_152,1,30,8,-22,eingabe J+R,,,,,
sprint_sja_x_k_152,1,30,9,-21,aktion 0x2->0x4,,,,,0
sprint_sja_x_k_152,1,30,10,-20,eingabe R,,,,,
sprint_sja_x_k_152,1,30,30,+0,eingabe A+R,,,,,
sprint_sja_x_k_152,1,30,31,+1,aktion 0x4->0x8,,,,,51
sprint_sja_x_k_152,1,30,32,+2,eingabe R,,,,,
sprint_sja_x_k_152,1,30,57,+27,aktion 0x8->0x0,,,,,0
sprint_sja_x_k_152,1,30,58,+28,figur_bewegt,,,,,
sprint_sja_x_k_154,1,30,2,-28,eingabe R,,,,,
sprint_sja_x_k_154,1,30,4,-26,eingabe -,,,,,
sprint_sja_x_k_154,1,30,6,-24,eingabe R,,,,,
sprint_sja_x_k_154,1,30,7,-23,aktion 0x0->0x2,,,,,0
sprint_sja_x_k_154,1,30,8,-22,eingabe J+R,,,,,
sprint_sja_x_k_154,1,30,9,-21,aktion 0x2->0x4,,,,,0
sprint_sja_x_k_154,1,30,10,-20,eingabe R,,,,,
sprint_sja_x_k_154,1,30,30,+0,eingabe A+R,,,,,
sprint_sja_x_k_154,1,30,31,+1,aktion 0x4->0x8,,,,,51
sprint_sja_x_k_154,1,30,32,+2,eingabe R,,,,,
sprint_sja_x_k_154,1,30,57,+27,aktion 0x8->0x0,,,,,0
sprint_sja_x_k_154,1,30,58,+28,figur_bewegt,,,,,
sprint_sja_x_k_156,1,30,2,-28,eingabe R,,,,,
sprint_sja_x_k_156,1,30,4,-26,eingabe -,,,,,
sprint_sja_x_k_156,1,30,6,-24,eingabe R,,,,,
sprint_sja_x_k_156,1,30,7,-23,aktion 0x0->0x2,,,,,0
sprint_sja_x_k_156,1,30,8,-22,eingabe J+R,,,,,
sprint_sja_x_k_156,1,30,9,-21,aktion 0x2->0x4,,,,,0
sprint_sja_x_k_156,1,30,10,-20,eingabe R,,,,,
sprint_sja_x_k_156,1,30,30,+0,eingabe A+R,,,,,
sprint_sja_x_k_156,1,30,31,+1,aktion 0x4->0x8,,,,,51
sprint_sja_x_k_156,1,30,32,+2,eingabe R,,,,,
sprint_sja_x_k_156,1,30,57,+27,aktion 0x8->0x0,,,,,0
sprint_sja_x_k_156,1,30,58,+28,figur_bewegt,,,,,
sprint_sja_x_k_m10,1,30,2,-28,eingabe R,,,,,
sprint_sja_x_k_m10,1,30,4,-26,eingabe -,,,,,
sprint_sja_x_k_m10,1,30,6,-24,eingabe R,,,,,
sprint_sja_x_k_m10,1,30,7,-23,aktion 0x0->0x2,,,,,0
sprint_sja_x_k_m10,1,30,8,-22,eingabe J+R,,,,,
sprint_sja_x_k_m10,1,30,9,-21,aktion 0x2->0x4,,,,,0
sprint_sja_x_k_m10,1,30,10,-20,eingabe R,,,,,
sprint_sja_x_k_m10,1,30,30,+0,eingabe A+R,,,,,
sprint_sja_x_k_m10,1,30,31,+1,aktion 0x4->0x8,,,,,51
sprint_sja_x_k_m10,1,30,32,+2,eingabe R,,,,,
sprint_sja_x_k_m10,1,30,57,+27,aktion 0x8->0x0,,,,,0
sprint_sja_x_k_m10,1,30,58,+28,figur_bewegt,,,,,
sprint_sja_x_k_m30,1,30,2,-28,eingabe R,,,,,
sprint_sja_x_k_m30,1,30,4,-26,eingabe -,,,,,
sprint_sja_x_k_m30,1,30,6,-24,eingabe R,,,,,
sprint_sja_x_k_m30,1,30,7,-23,aktion 0x0->0x2,,,,,0
sprint_sja_x_k_m30,1,30,8,-22,eingabe J+R,,,,,
sprint_sja_x_k_m30,1,30,9,-21,aktion 0x2->0x4,,,,,0
sprint_sja_x_k_m30,1,30,10,-20,eingabe R,,,,,
sprint_sja_x_k_m30,1,30,30,+0,eingabe A+R,,,,,
sprint_sja_x_k_m30,1,30,31,+1,aktion 0x4->0x8,,,,,51
sprint_sja_x_k_m30,1,30,32,+2,eingabe R,,,,,
sprint_sja_x_k_m30,1,30,57,+27,aktion 0x8->0x0,,,,,0
sprint_sja_x_k_m30,1,30,58,+28,figur_bewegt,,,,,
sprint_sja_z_k_11,1,30,2,-28,eingabe R,,,,,
sprint_sja_z_k_11,1,30,4,-26,eingabe -,,,,,
sprint_sja_z_k_11,1,30,6,-24,eingabe R,,,,,
sprint_sja_z_k_11,1,30,7,-23,aktion 0x0->0x2,,,,,0
sprint_sja_z_k_11,1,30,8,-22,eingabe J+R,,,,,
sprint_sja_z_k_11,1,30,9,-21,aktion 0x2->0x4,,,,,0
sprint_sja_z_k_11,1,30,10,-20,eingabe R,,,,,
sprint_sja_z_k_11,1,30,30,+0,eingabe A+R,,,,,
sprint_sja_z_k_11,1,30,31,+1,aktion 0x4->0x8,,,,,51
sprint_sja_z_k_11,1,30,32,+2,eingabe R,,,,,
sprint_sja_z_k_11,1,30,51,+21,treffer,18,13,76,11,0
sprint_sja_z_k_11,1,30,52,+22,umgeworfen,18,,200,11,0
sprint_sja_z_k_11,1,30,57,+27,aktion 0x8->0x0,,,,,0
sprint_sja_z_k_11,1,30,58,+28,figur_bewegt,,,,,
sprint_sja_z_k_12,1,30,2,-28,eingabe R,,,,,
sprint_sja_z_k_12,1,30,4,-26,eingabe -,,,,,
sprint_sja_z_k_12,1,30,6,-24,eingabe R,,,,,
sprint_sja_z_k_12,1,30,7,-23,aktion 0x0->0x2,,,,,0
sprint_sja_z_k_12,1,30,8,-22,eingabe J+R,,,,,
sprint_sja_z_k_12,1,30,9,-21,aktion 0x2->0x4,,,,,0
sprint_sja_z_k_12,1,30,10,-20,eingabe R,,,,,
sprint_sja_z_k_12,1,30,30,+0,eingabe A+R,,,,,
sprint_sja_z_k_12,1,30,31,+1,aktion 0x4->0x8,,,,,51
sprint_sja_z_k_12,1,30,32,+2,eingabe R,,,,,
sprint_sja_z_k_12,1,30,51,+21,treffer,18,13,76,12,0
sprint_sja_z_k_12,1,30,52,+22,umgeworfen,18,,200,12,0
sprint_sja_z_k_12,1,30,57,+27,aktion 0x8->0x0,,,,,0
sprint_sja_z_k_12,1,30,58,+28,figur_bewegt,,,,,
sprint_sja_z_k_13,1,30,2,-28,eingabe R,,,,,
sprint_sja_z_k_13,1,30,4,-26,eingabe -,,,,,
sprint_sja_z_k_13,1,30,6,-24,eingabe R,,,,,
sprint_sja_z_k_13,1,30,7,-23,aktion 0x0->0x2,,,,,0
sprint_sja_z_k_13,1,30,8,-22,eingabe J+R,,,,,
sprint_sja_z_k_13,1,30,9,-21,aktion 0x2->0x4,,,,,0
sprint_sja_z_k_13,1,30,10,-20,eingabe R,,,,,
sprint_sja_z_k_13,1,30,30,+0,eingabe A+R,,,,,
sprint_sja_z_k_13,1,30,31,+1,aktion 0x4->0x8,,,,,51
sprint_sja_z_k_13,1,30,32,+2,eingabe R,,,,,
sprint_sja_z_k_13,1,30,57,+27,aktion 0x8->0x0,,,,,0
sprint_sja_z_k_13,1,30,58,+28,figur_bewegt,,,,,
sprint_sja_z_k_14,1,30,2,-28,eingabe R,,,,,
sprint_sja_z_k_14,1,30,4,-26,eingabe -,,,,,
sprint_sja_z_k_14,1,30,6,-24,eingabe R,,,,,
sprint_sja_z_k_14,1,30,7,-23,aktion 0x0->0x2,,,,,0
sprint_sja_z_k_14,1,30,8,-22,eingabe J+R,,,,,
sprint_sja_z_k_14,1,30,9,-21,aktion 0x2->0x4,,,,,0
sprint_sja_z_k_14,1,30,10,-20,eingabe R,,,,,
sprint_sja_z_k_14,1,30,30,+0,eingabe A+R,,,,,
sprint_sja_z_k_14,1,30,31,+1,aktion 0x4->0x8,,,,,51
sprint_sja_z_k_14,1,30,32,+2,eingabe R,,,,,
sprint_sja_z_k_14,1,30,57,+27,aktion 0x8->0x0,,,,,0
sprint_sja_z_k_14,1,30,58,+28,figur_bewegt,,,,,
sprint_sja_z_k_16,1,30,2,-28,eingabe R,,,,,
sprint_sja_z_k_16,1,30,4,-26,eingabe -,,,,,
sprint_sja_z_k_16,1,30,6,-24,eingabe R,,,,,
sprint_sja_z_k_16,1,30,7,-23,aktion 0x0->0x2,,,,,0
sprint_sja_z_k_16,1,30,8,-22,eingabe J+R,,,,,
sprint_sja_z_k_16,1,30,9,-21,aktion 0x2->0x4,,,,,0
sprint_sja_z_k_16,1,30,10,-20,eingabe R,,,,,
sprint_sja_z_k_16,1,30,30,+0,eingabe A+R,,,,,
sprint_sja_z_k_16,1,30,31,+1,aktion 0x4->0x8,,,,,51
sprint_sja_z_k_16,1,30,32,+2,eingabe R,,,,,
sprint_sja_z_k_16,1,30,57,+27,aktion 0x8->0x0,,,,,0
sprint_sja_z_k_16,1,30,58,+28,figur_bewegt,,,,,
sprint_sja_z_k_m11,1,30,2,-28,eingabe R,,,,,
sprint_sja_z_k_m11,1,30,4,-26,eingabe -,,,,,
sprint_sja_z_k_m11,1,30,6,-24,eingabe R,,,,,
sprint_sja_z_k_m11,1,30,7,-23,aktion 0x0->0x2,,,,,0
sprint_sja_z_k_m11,1,30,8,-22,eingabe J+R,,,,,
sprint_sja_z_k_m11,1,30,9,-21,aktion 0x2->0x4,,,,,0
sprint_sja_z_k_m11,1,30,10,-20,eingabe R,,,,,
sprint_sja_z_k_m11,1,30,30,+0,eingabe A+R,,,,,
sprint_sja_z_k_m11,1,30,31,+1,aktion 0x4->0x8,,,,,51
sprint_sja_z_k_m11,1,30,32,+2,eingabe R,,,,,
sprint_sja_z_k_m11,1,30,51,+21,treffer,18,13,76,-11,0
sprint_sja_z_k_m11,1,30,52,+22,umgeworfen,18,,200,-11,0
sprint_sja_z_k_m11,1,30,57,+27,aktion 0x8->0x0,,,,,0
sprint_sja_z_k_m11,1,30,58,+28,figur_bewegt,,,,,
sprint_sja_z_k_m12,1,30,2,-28,eingabe R,,,,,
sprint_sja_z_k_m12,1,30,4,-26,eingabe -,,,,,
sprint_sja_z_k_m12,1,30,6,-24,eingabe R,,,,,
sprint_sja_z_k_m12,1,30,7,-23,aktion 0x0->0x2,,,,,0
sprint_sja_z_k_m12,1,30,8,-22,eingabe J+R,,,,,
sprint_sja_z_k_m12,1,30,9,-21,aktion 0x2->0x4,,,,,0
sprint_sja_z_k_m12,1,30,10,-20,eingabe R,,,,,
sprint_sja_z_k_m12,1,30,30,+0,eingabe A+R,,,,,
sprint_sja_z_k_m12,1,30,31,+1,aktion 0x4->0x8,,,,,51
sprint_sja_z_k_m12,1,30,32,+2,eingabe R,,,,,
sprint_sja_z_k_m12,1,30,51,+21,treffer,18,13,76,-12,0
sprint_sja_z_k_m12,1,30,52,+22,umgeworfen,18,,200,-12,0
sprint_sja_z_k_m12,1,30,57,+27,aktion 0x8->0x0,,,,,0
sprint_sja_z_k_m12,1,30,58,+28,figur_bewegt,,,,,
sprint_sja_z_k_m13,1,30,2,-28,eingabe R,,,,,
sprint_sja_z_k_m13,1,30,4,-26,eingabe -,,,,,
sprint_sja_z_k_m13,1,30,6,-24,eingabe R,,,,,
sprint_sja_z_k_m13,1,30,7,-23,aktion 0x0->0x2,,,,,0
sprint_sja_z_k_m13,1,30,8,-22,eingabe J+R,,,,,
sprint_sja_z_k_m13,1,30,9,-21,aktion 0x2->0x4,,,,,0
sprint_sja_z_k_m13,1,30,10,-20,eingabe R,,,,,
sprint_sja_z_k_m13,1,30,30,+0,eingabe A+R,,,,,
sprint_sja_z_k_m13,1,30,31,+1,aktion 0x4->0x8,,,,,51
sprint_sja_z_k_m13,1,30,32,+2,eingabe R,,,,,
sprint_sja_z_k_m13,1,30,57,+27,aktion 0x8->0x0,,,,,0
sprint_sja_z_k_m13,1,30,58,+28,figur_bewegt,,,,,
sprint_sja_z_k_m14,1,30,2,-28,eingabe R,,,,,
sprint_sja_z_k_m14,1,30,4,-26,eingabe -,,,,,
sprint_sja_z_k_m14,1,30,6,-24,eingabe R,,,,,
sprint_sja_z_k_m14,1,30,7,-23,aktion 0x0->0x2,,,,,0
sprint_sja_z_k_m14,1,30,8,-22,eingabe J+R,,,,,
sprint_sja_z_k_m14,1,30,9,-21,aktion 0x2->0x4,,,,,0
sprint_sja_z_k_m14,1,30,10,-20,eingabe R,,,,,
sprint_sja_z_k_m14,1,30,30,+0,eingabe A+R,,,,,
sprint_sja_z_k_m14,1,30,31,+1,aktion 0x4->0x8,,,,,51
sprint_sja_z_k_m14,1,30,32,+2,eingabe R,,,,,
sprint_sja_z_k_m14,1,30,57,+27,aktion 0x8->0x0,,,,,0
sprint_sja_z_k_m14,1,30,58,+28,figur_bewegt,,,,,
sprint_sja_z_k_m16,1,30,2,-28,eingabe R,,,,,
sprint_sja_z_k_m16,1,30,4,-26,eingabe -,,,,,
sprint_sja_z_k_m16,1,30,6,-24,eingabe R,,,,,
sprint_sja_z_k_m16,1,30,7,-23,aktion 0x0->0x2,,,,,0
sprint_sja_z_k_m16,1,30,8,-22,eingabe J+R,,,,,
sprint_sja_z_k_m16,1,30,9,-21,aktion 0x2->0x4,,,,,0
sprint_sja_z_k_m16,1,30,10,-20,eingabe R,,,,,
sprint_sja_z_k_m16,1,30,30,+0,eingabe A+R,,,,,
sprint_sja_z_k_m16,1,30,31,+1,aktion 0x4->0x8,,,,,51
sprint_sja_z_k_m16,1,30,32,+2,eingabe R,,,,,
sprint_sja_z_k_m16,1,30,57,+27,aktion 0x8->0x0,,,,,0
sprint_sja_z_k_m16,1,30,58,+28,figur_bewegt,,,,,
sprint_sj_20,1,20,2,-18,eingabe R,,,,,
sprint_sj_20,1,20,4,-16,eingabe -,,,,,
sprint_sj_20,1,20,6,-14,eingabe R,,,,,
sprint_sj_20,1,20,7,-13,aktion 0x0->0x2,,,,,0
sprint_sj_20,1,20,20,+0,eingabe J+R,,,,,
sprint_sj_20,1,20,21,+1,aktion 0x2->0x4,,,,,0
sprint_sj_20,1,20,22,+2,eingabe R,,,,,
sprint_sj_20,1,20,68,+48,aktion 0x4->0x0,,,,,0
sprint_sj_20,1,20,69,+49,figur_bewegt,,,,,
sprint_sj_60,1,60,2,-58,eingabe R,,,,,
sprint_sj_60,1,60,4,-56,eingabe -,,,,,
sprint_sj_60,1,60,6,-54,eingabe R,,,,,
sprint_sj_60,1,60,7,-53,aktion 0x0->0x2,,,,,0
sprint_sj_60,1,60,60,+0,eingabe J+R,,,,,
sprint_sj_60,1,60,61,+1,aktion 0x2->0x4,,,,,0
sprint_sj_60,1,60,62,+2,eingabe R,,,,,
sprint_sj_60,1,60,108,+48,aktion 0x4->0x0,,,,,0
sprint_sj_60,1,60,109,+49,figur_bewegt,,,,,
sprint_sj_norm,1,20,20,+0,eingabe J+R,,,,,
sprint_sj_norm,1,20,21,+1,aktion 0x0->0xa,,,,,0
sprint_sj_norm,1,20,22,+2,eingabe -,,,,,
sprint_sj_norm,1,20,68,+48,aktion 0xa->0x0,,,,,0
sprint_sp_spezial,1,20,2,-18,eingabe R,,,,,
sprint_sp_spezial,1,20,4,-16,eingabe -,,,,,
sprint_sp_spezial,1,20,6,-14,eingabe R,,,,,
sprint_sp_spezial,1,20,7,-13,aktion 0x0->0x2,,,,,0
sprint_sp_spezial,1,20,20,+0,eingabe A+J+R,,,,,
sprint_sp_spezial,1,20,21,+1,aktion 0x2->0x14,,,,,0
sprint_sp_spezial,1,20,21,+1,status 1->3,,,,,
sprint_sp_spezial,1,20,22,+2,eingabe R,,,,,
sprint_sp_spezial,1,20,61,+41,eingabe -,,,,,
sprint_sp_spezial,1,20,71,+51,aktion 0x14->0x0,,,,,0
sprint_sp_spezial,1,20,71,+51,status 3->1,,,,,
sprint_sp_spezial,1,20,71,+51,timer_start,,20,,,
