# Sprungangriff (Captain Commando). sa_nat_*: ohne Eingriff. sa_fen_*: EINGRIFF, Gegner nur im
# Frame T bei dx 35/dz 0 (J=2, A=6). sa_x_*/sa_z_*: EINGRIFF, Gegner ab Frame 2 fest bei dx/dz, Wertung
# im ersten aktiven Frame A+5. dx/dz: Gegner minus Figur, ganzzahlig am Frame-Ende.
# Zusammenfassung
Fenster neutral: Treffer in A+5(h29), A+6(h32), A+7(h35), A+8(h38), A+9(h40), A+10(h43), A+11(h44), A+25(h45), A+26(h44), A+27(h41), A+28(h39)
Fenster neutral: kein Treffer in A+3(h22), A+4(h26), A+12(h46), A+13(h48), A+14(h49), A+15(h50), A+16(h50), A+17(h51), A+18(h51), A+19(h51), A+20(h51), A+21(h50), A+22(h49), A+23(h48), A+24(h47), A+29(h37), A+30(h34), A+31(h31)
Fenster richtung: Treffer in A+5(h29), A+6(h32), A+7(h35), A+8(h38), A+9(h40), A+27(h41), A+28(h39)
Fenster richtung: kein Treffer in A+3(h22), A+4(h26), A+10(h43), A+11(h44), A+12(h46), A+13(h48), A+14(h49), A+15(h50), A+16(h50), A+17(h51), A+18(h51), A+19(h51), A+20(h51), A+21(h50), A+22(h49), A+23(h48), A+24(h47), A+25(h45), A+26(h44), A+29(h37), A+30(h34), A+31(h31)
x neutral vorn: Treffer bis dx 76, kein Treffer ab dx 77
x neutral hinten: Treffer bis dx -27, kein Treffer ab dx -28
x richtung vorn: Treffer bis dx 99, kein Treffer ab dx 100
x richtung hinten: Treffer bis dx -24, kein Treffer ab dx -25
Tiefe neutral: Treffer bei |dz| [12], kein Treffer bei |dz| [13]
Tiefe richtung: Treffer bei |dz| [12], kein Treffer bei |dz| [13]
# Treffer der Laeufe ohne Eingriff (messen_a5.py treffer; stufe hier ohne Bedeutung)
lauf,frame,slot,max_lp,lp_vorher,lp_nachher,schaden,stufe,p1_aktion,status_vorher,status_nachher,umgefallen
sa_nat_k_hoch_a6,17,18,16,16,4,12,3,0xe,1,3/2,ja
sa_nat_k_hoch_a9,20,18,16,16,4,12,3,0xe,1,3/2,ja
sa_nat_k_neutral,15,18,16,16,9,7,2,0xe,1,3/2,ja
sa_nat_kb_hoch_a6,17,17,30,30,18,12,3,0xe,1,3/2,ja
sa_nat_kb_hoch_a9,20,17,30,30,18,12,3,0xe,1,3/2,ja
sa_nat_kb_neutral,15,17,30,30,23,7,2,0xe,1,3/2,ja
sa_nat_kb_richtung,10,17,30,30,23,7,2,0xe,1,3/2,ja
sa_nat_kb_richtung,40,16,16,16,9,7,2,0xe,1,3/2,ja
sa_nat_kb_unten_a20,44,17,30,30,26,4,2,0xe,1,3/3,nein
sa_nat_kb_unten_a24,44,17,30,30,26,4,2,0xe,1,3/3,nein
# messen_a5.py sprungangriff (je Frame ab dem Angriffsdruck bis zum ersten Treffer)
lauf,angriff,frame,rel,p1_aktion,p1_hoehe,dx,dz,gegner_slot,gegner_status,p1_lp_verlust,treffer,schaden
sa_fen_neutral_t9,6,7,A+1,0xe,14,198,0,18,1,0,nein,0
sa_fen_neutral_t9,6,8,A+2,0xe,18,198,0,18,1,0,nein,0
sa_fen_neutral_t9,6,9,A+3,0xe,22,35,0,18,1,0,nein,0
sa_fen_neutral_t9,6,10,A+4,0xe,26,200,0,18,1,0,nein,0
sa_fen_neutral_t9,6,11,A+5,0xe,29,198,0,18,1,0,nein,0
sa_fen_neutral_t9,6,12,A+6,0xe,32,198,0,18,1,0,nein,0
sa_fen_neutral_t9,6,13,A+7,0xe,35,198,-1,18,1,0,nein,0
sa_fen_neutral_t9,6,14,A+8,0xe,38,198,-1,18,1,0,nein,0
sa_fen_neutral_t9,6,15,A+9,0xe,40,198,-1,18,1,0,nein,0
sa_fen_neutral_t9,6,16,A+10,0xe,43,198,-1,18,1,0,nein,0
sa_fen_neutral_t9,6,17,A+11,0xe,44,198,-1,18,1,0,nein,0
sa_fen_neutral_t9,6,18,A+12,0xe,46,198,-1,18,1,0,nein,0
sa_fen_neutral_t9,6,19,A+13,0xe,48,198,-1,18,1,0,nein,0
sa_fen_neutral_t9,6,20,A+14,0xe,49,198,-1,18,1,0,nein,0
sa_fen_neutral_t9,6,21,A+15,0xe,50,198,-1,18,1,0,nein,0
sa_fen_neutral_t9,6,22,A+16,0xe,50,198,-1,18,1,0,nein,0
sa_fen_neutral_t9,6,23,A+17,0xe,51,198,-1,18,1,0,nein,0
sa_fen_neutral_t9,6,24,A+18,0xe,51,198,-1,18,1,0,nein,0
sa_fen_neutral_t9,6,25,A+19,0xe,51,198,-1,18,1,0,nein,0
sa_fen_neutral_t9,6,26,A+20,0xe,51,198,-1,18,1,0,nein,0
sa_fen_neutral_t9,6,27,A+21,0xe,50,198,-1,18,1,0,nein,0
sa_fen_neutral_t9,6,28,A+22,0xe,49,198,-1,18,1,0,nein,0
sa_fen_neutral_t9,6,29,A+23,0xe,48,198,-1,18,1,0,nein,0
sa_fen_neutral_t9,6,30,A+24,0xe,47,198,-1,18,1,0,nein,0
sa_fen_neutral_t9,6,31,A+25,0xe,45,198,-1,18,1,0,nein,0
sa_fen_neutral_t9,6,32,A+26,0xe,44,198,-1,18,1,0,nein,0
sa_fen_neutral_t9,6,33,A+27,0xe,41,198,-1,18,1,0,nein,0
sa_fen_neutral_t9,6,34,A+28,0xe,39,198,-1,18,1,0,nein,0
sa_fen_neutral_t9,6,35,A+29,0xe,37,198,-1,18,1,0,nein,0
sa_fen_neutral_t9,6,36,A+30,0xe,34,198,-1,18,1,0,nein,0
sa_fen_neutral_t9,6,37,A+31,0xe,31,198,-1,18,1,0,nein,0
sa_fen_neutral_t9,6,38,A+32,0xa,27,198,-1,18,1,0,nein,0
sa_fen_neutral_t9,6,39,A+33,0xa,24,198,-1,18,1,0,nein,0
sa_fen_neutral_t9,6,40,A+34,0xa,20,198,-1,18,1,0,nein,0
sa_fen_neutral_t9,6,41,A+35,0xa,16,198,-1,18,1,0,nein,0
sa_fen_neutral_t9,6,42,A+36,0xa,12,198,-1,18,1,0,nein,0
sa_fen_neutral_t9,6,43,A+37,0xa,7,198,-1,18,1,0,nein,0
sa_fen_neutral_t9,6,44,A+38,0xa,2,198,-1,18,1,0,nein,0
sa_fen_neutral_t9,6,45,A+39,0xa,0,198,-1,18,1,0,nein,0
sa_fen_neutral_t9,6,46,A+40,0xa,0,198,-1,18,1,0,nein,0
sa_fen_neutral_t9,6,47,A+41,0xa,0,198,-1,18,1,0,nein,0
sa_fen_neutral_t9,6,48,A+42,0xa,0,198,-1,18,1,0,nein,0
sa_fen_neutral_t9,6,49,A+43,0xa,0,198,-1,18,1,0,nein,0
sa_fen_neutral_t9,6,50,A+44,0xa,0,200,0,18,1,0,nein,0
sa_fen_neutral_t10,6,7,A+1,0xe,14,198,0,18,1,0,nein,0
sa_fen_neutral_t10,6,8,A+2,0xe,18,198,0,18,1,0,nein,0
sa_fen_neutral_t10,6,9,A+3,0xe,22,198,0,18,1,0,nein,0
sa_fen_neutral_t10,6,10,A+4,0xe,26,35,0,18,1,0,nein,0
sa_fen_neutral_t10,6,11,A+5,0xe,29,200,0,18,1,0,nein,0
sa_fen_neutral_t10,6,12,A+6,0xe,32,198,0,18,1,0,nein,0
sa_fen_neutral_t10,6,13,A+7,0xe,35,198,0,18,1,0,nein,0
sa_fen_neutral_t10,6,14,A+8,0xe,38,198,0,18,1,0,nein,0
sa_fen_neutral_t10,6,15,A+9,0xe,40,198,-1,18,1,0,nein,0
sa_fen_neutral_t10,6,16,A+10,0xe,43,198,-1,18,1,0,nein,0
sa_fen_neutral_t10,6,17,A+11,0xe,44,198,-1,18,1,0,nein,0
sa_fen_neutral_t10,6,18,A+12,0xe,46,198,-1,18,1,0,nein,0
sa_fen_neutral_t10,6,19,A+13,0xe,48,198,-1,18,1,0,nein,0
sa_fen_neutral_t10,6,20,A+14,0xe,49,198,-1,18,1,0,nein,0
sa_fen_neutral_t10,6,21,A+15,0xe,50,198,-1,18,1,0,nein,0
sa_fen_neutral_t10,6,22,A+16,0xe,50,198,-1,18,1,0,nein,0
sa_fen_neutral_t10,6,23,A+17,0xe,51,198,-1,18,1,0,nein,0
sa_fen_neutral_t10,6,24,A+18,0xe,51,198,-1,18,1,0,nein,0
sa_fen_neutral_t10,6,25,A+19,0xe,51,198,-1,18,1,0,nein,0
sa_fen_neutral_t10,6,26,A+20,0xe,51,198,-1,18,1,0,nein,0
sa_fen_neutral_t10,6,27,A+21,0xe,50,198,-1,18,1,0,nein,0
sa_fen_neutral_t10,6,28,A+22,0xe,49,198,-1,18,1,0,nein,0
sa_fen_neutral_t10,6,29,A+23,0xe,48,198,-1,18,1,0,nein,0
sa_fen_neutral_t10,6,30,A+24,0xe,47,198,-1,18,1,0,nein,0
sa_fen_neutral_t10,6,31,A+25,0xe,45,198,-1,18,1,0,nein,0
sa_fen_neutral_t10,6,32,A+26,0xe,44,198,-1,18,1,0,nein,0
sa_fen_neutral_t10,6,33,A+27,0xe,41,198,-1,18,1,0,nein,0
sa_fen_neutral_t10,6,34,A+28,0xe,39,198,-1,18,1,0,nein,0
sa_fen_neutral_t10,6,35,A+29,0xe,37,198,-1,18,1,0,nein,0
sa_fen_neutral_t10,6,36,A+30,0xe,34,198,-1,18,1,0,nein,0
sa_fen_neutral_t10,6,37,A+31,0xe,31,198,-1,18,1,0,nein,0
sa_fen_neutral_t10,6,38,A+32,0xa,27,198,-1,18,1,0,nein,0
sa_fen_neutral_t10,6,39,A+33,0xa,24,198,-1,18,1,0,nein,0
sa_fen_neutral_t10,6,40,A+34,0xa,20,198,-1,18,1,0,nein,0
sa_fen_neutral_t10,6,41,A+35,0xa,16,198,-1,18,1,0,nein,0
sa_fen_neutral_t10,6,42,A+36,0xa,12,198,-1,18,1,0,nein,0
sa_fen_neutral_t10,6,43,A+37,0xa,7,198,-1,18,1,0,nein,0
sa_fen_neutral_t10,6,44,A+38,0xa,2,198,-1,18,1,0,nein,0
sa_fen_neutral_t10,6,45,A+39,0xa,0,198,-1,18,1,0,nein,0
sa_fen_neutral_t10,6,46,A+40,0xa,0,198,-1,18,1,0,nein,0
sa_fen_neutral_t10,6,47,A+41,0xa,0,198,-1,18,1,0,nein,0
sa_fen_neutral_t10,6,48,A+42,0xa,0,198,-1,18,1,0,nein,0
sa_fen_neutral_t10,6,49,A+43,0xa,0,198,-1,18,1,0,nein,0
sa_fen_neutral_t10,6,50,A+44,0xa,0,198,-1,18,1,0,nein,0
sa_fen_neutral_t11,6,7,A+1,0xe,14,198,0,18,1,0,nein,0
sa_fen_neutral_t11,6,8,A+2,0xe,18,198,0,18,1,0,nein,0
sa_fen_neutral_t11,6,9,A+3,0xe,22,198,0,18,1,0,nein,0
sa_fen_neutral_t11,6,10,A+4,0xe,26,198,0,18,1,0,nein,0
sa_fen_neutral_t11,6,11,A+5,0xe,29,35,0,18,3,0,ja,7
sa_fen_neutral_t12,6,7,A+1,0xe,14,198,0,18,1,0,nein,0
sa_fen_neutral_t12,6,8,A+2,0xe,18,198,0,18,1,0,nein,0
sa_fen_neutral_t12,6,9,A+3,0xe,22,198,0,18,1,0,nein,0
sa_fen_neutral_t12,6,10,A+4,0xe,26,198,0,18,1,0,nein,0
sa_fen_neutral_t12,6,11,A+5,0xe,29,198,0,18,1,0,nein,0
sa_fen_neutral_t12,6,12,A+6,0xe,32,35,0,18,3,0,ja,7
sa_fen_neutral_t13,6,7,A+1,0xe,14,198,0,18,1,0,nein,0
sa_fen_neutral_t13,6,8,A+2,0xe,18,198,0,18,1,0,nein,0
sa_fen_neutral_t13,6,9,A+3,0xe,22,198,0,18,1,0,nein,0
sa_fen_neutral_t13,6,10,A+4,0xe,26,198,0,18,1,0,nein,0
sa_fen_neutral_t13,6,11,A+5,0xe,29,198,0,18,1,0,nein,0
sa_fen_neutral_t13,6,12,A+6,0xe,32,198,0,18,1,0,nein,0
sa_fen_neutral_t13,6,13,A+7,0xe,35,35,0,18,3,0,ja,7
sa_fen_neutral_t14,6,7,A+1,0xe,14,198,0,18,1,0,nein,0
sa_fen_neutral_t14,6,8,A+2,0xe,18,198,0,18,1,0,nein,0
sa_fen_neutral_t14,6,9,A+3,0xe,22,198,0,18,1,0,nein,0
sa_fen_neutral_t14,6,10,A+4,0xe,26,198,0,18,1,0,nein,0
sa_fen_neutral_t14,6,11,A+5,0xe,29,198,0,18,1,0,nein,0
sa_fen_neutral_t14,6,12,A+6,0xe,32,198,0,18,1,0,nein,0
sa_fen_neutral_t14,6,13,A+7,0xe,35,198,0,18,1,0,nein,0
sa_fen_neutral_t14,6,14,A+8,0xe,38,35,0,18,3,0,ja,7
sa_fen_neutral_t15,6,7,A+1,0xe,14,198,0,18,1,0,nein,0
sa_fen_neutral_t15,6,8,A+2,0xe,18,198,0,18,1,0,nein,0
sa_fen_neutral_t15,6,9,A+3,0xe,22,198,0,18,1,0,nein,0
sa_fen_neutral_t15,6,10,A+4,0xe,26,198,0,18,1,0,nein,0
sa_fen_neutral_t15,6,11,A+5,0xe,29,198,0,18,1,0,nein,0
sa_fen_neutral_t15,6,12,A+6,0xe,32,198,0,18,1,0,nein,0
sa_fen_neutral_t15,6,13,A+7,0xe,35,198,0,18,1,0,nein,0
sa_fen_neutral_t15,6,14,A+8,0xe,38,198,0,18,1,0,nein,0
sa_fen_neutral_t15,6,15,A+9,0xe,40,35,0,18,3,0,ja,7
sa_fen_neutral_t16,6,7,A+1,0xe,14,198,0,18,1,0,nein,0
sa_fen_neutral_t16,6,8,A+2,0xe,18,198,0,18,1,0,nein,0
sa_fen_neutral_t16,6,9,A+3,0xe,22,198,0,18,1,0,nein,0
sa_fen_neutral_t16,6,10,A+4,0xe,26,198,0,18,1,0,nein,0
sa_fen_neutral_t16,6,11,A+5,0xe,29,198,0,18,1,0,nein,0
sa_fen_neutral_t16,6,12,A+6,0xe,32,198,0,18,1,0,nein,0
sa_fen_neutral_t16,6,13,A+7,0xe,35,198,0,18,1,0,nein,0
sa_fen_neutral_t16,6,14,A+8,0xe,38,198,0,18,1,0,nein,0
sa_fen_neutral_t16,6,15,A+9,0xe,40,198,0,18,1,0,nein,0
sa_fen_neutral_t16,6,16,A+10,0xe,43,35,0,18,3,0,ja,7
sa_fen_neutral_t17,6,7,A+1,0xe,14,198,0,18,1,0,nein,0
sa_fen_neutral_t17,6,8,A+2,0xe,18,198,0,18,1,0,nein,0
sa_fen_neutral_t17,6,9,A+3,0xe,22,198,0,18,1,0,nein,0
sa_fen_neutral_t17,6,10,A+4,0xe,26,198,0,18,1,0,nein,0
sa_fen_neutral_t17,6,11,A+5,0xe,29,198,0,18,1,0,nein,0
sa_fen_neutral_t17,6,12,A+6,0xe,32,198,0,18,1,0,nein,0
sa_fen_neutral_t17,6,13,A+7,0xe,35,198,0,18,1,0,nein,0
sa_fen_neutral_t17,6,14,A+8,0xe,38,198,0,18,1,0,nein,0
sa_fen_neutral_t17,6,15,A+9,0xe,40,198,0,18,1,0,nein,0
sa_fen_neutral_t17,6,16,A+10,0xe,43,198,0,18,1,0,nein,0
sa_fen_neutral_t17,6,17,A+11,0xe,44,35,0,18,3,0,ja,7
sa_fen_neutral_t18,6,7,A+1,0xe,14,198,0,18,1,0,nein,0
sa_fen_neutral_t18,6,8,A+2,0xe,18,198,0,18,1,0,nein,0
sa_fen_neutral_t18,6,9,A+3,0xe,22,198,0,18,1,0,nein,0
sa_fen_neutral_t18,6,10,A+4,0xe,26,198,0,18,1,0,nein,0
sa_fen_neutral_t18,6,11,A+5,0xe,29,198,0,18,1,0,nein,0
sa_fen_neutral_t18,6,12,A+6,0xe,32,198,0,18,1,0,nein,0
sa_fen_neutral_t18,6,13,A+7,0xe,35,198,0,18,1,0,nein,0
sa_fen_neutral_t18,6,14,A+8,0xe,38,198,0,18,1,0,nein,0
sa_fen_neutral_t18,6,15,A+9,0xe,40,198,0,18,1,0,nein,0
sa_fen_neutral_t18,6,16,A+10,0xe,43,198,0,18,1,0,nein,0
sa_fen_neutral_t18,6,17,A+11,0xe,44,198,0,18,1,0,nein,0
sa_fen_neutral_t18,6,18,A+12,0xe,46,35,0,18,1,0,nein,0
sa_fen_neutral_t18,6,19,A+13,0xe,48,200,0,18,1,0,nein,0
sa_fen_neutral_t18,6,20,A+14,0xe,49,198,0,18,1,0,nein,0
sa_fen_neutral_t18,6,21,A+15,0xe,50,198,0,18,1,0,nein,0
sa_fen_neutral_t18,6,22,A+16,0xe,50,198,0,18,1,0,nein,0
sa_fen_neutral_t18,6,23,A+17,0xe,51,198,-1,18,1,0,nein,0
sa_fen_neutral_t18,6,24,A+18,0xe,51,198,-1,18,1,0,nein,0
sa_fen_neutral_t18,6,25,A+19,0xe,51,198,-1,18,1,0,nein,0
sa_fen_neutral_t18,6,26,A+20,0xe,51,198,-1,18,1,0,nein,0
sa_fen_neutral_t18,6,27,A+21,0xe,50,198,-1,18,1,0,nein,0
sa_fen_neutral_t18,6,28,A+22,0xe,49,198,-1,18,1,0,nein,0
sa_fen_neutral_t18,6,29,A+23,0xe,48,198,-1,18,1,0,nein,0
sa_fen_neutral_t18,6,30,A+24,0xe,47,198,-1,18,1,0,nein,0
sa_fen_neutral_t18,6,31,A+25,0xe,45,198,-1,18,1,0,nein,0
sa_fen_neutral_t18,6,32,A+26,0xe,44,198,-1,18,1,0,nein,0
sa_fen_neutral_t18,6,33,A+27,0xe,41,198,-1,18,1,0,nein,0
sa_fen_neutral_t18,6,34,A+28,0xe,39,198,-1,18,1,0,nein,0
sa_fen_neutral_t18,6,35,A+29,0xe,37,198,-1,18,1,0,nein,0
sa_fen_neutral_t18,6,36,A+30,0xe,34,198,-1,18,1,0,nein,0
sa_fen_neutral_t18,6,37,A+31,0xe,31,198,-1,18,1,0,nein,0
sa_fen_neutral_t18,6,38,A+32,0xa,27,198,-1,18,1,0,nein,0
sa_fen_neutral_t18,6,39,A+33,0xa,24,198,-1,18,1,0,nein,0
sa_fen_neutral_t18,6,40,A+34,0xa,20,198,-1,18,1,0,nein,0
sa_fen_neutral_t18,6,41,A+35,0xa,16,198,-1,18,1,0,nein,0
sa_fen_neutral_t18,6,42,A+36,0xa,12,198,-1,18,1,0,nein,0
sa_fen_neutral_t18,6,43,A+37,0xa,7,198,-1,18,1,0,nein,0
sa_fen_neutral_t18,6,44,A+38,0xa,2,198,-1,18,1,0,nein,0
sa_fen_neutral_t18,6,45,A+39,0xa,0,198,-1,18,1,0,nein,0
sa_fen_neutral_t18,6,46,A+40,0xa,0,198,-1,18,1,0,nein,0
sa_fen_neutral_t18,6,47,A+41,0xa,0,198,-1,18,1,0,nein,0
sa_fen_neutral_t18,6,48,A+42,0xa,0,198,-1,18,1,0,nein,0
sa_fen_neutral_t18,6,49,A+43,0xa,0,198,-1,18,1,0,nein,0
sa_fen_neutral_t18,6,50,A+44,0xa,0,198,-1,18,1,0,nein,0
sa_fen_neutral_t19,6,7,A+1,0xe,14,198,0,18,1,0,nein,0
sa_fen_neutral_t19,6,8,A+2,0xe,18,198,0,18,1,0,nein,0
sa_fen_neutral_t19,6,9,A+3,0xe,22,198,0,18,1,0,nein,0
sa_fen_neutral_t19,6,10,A+4,0xe,26,198,0,18,1,0,nein,0
sa_fen_neutral_t19,6,11,A+5,0xe,29,198,0,18,1,0,nein,0
sa_fen_neutral_t19,6,12,A+6,0xe,32,198,0,18,1,0,nein,0
sa_fen_neutral_t19,6,13,A+7,0xe,35,198,0,18,1,0,nein,0
sa_fen_neutral_t19,6,14,A+8,0xe,38,198,0,18,1,0,nein,0
sa_fen_neutral_t19,6,15,A+9,0xe,40,198,0,18,1,0,nein,0
sa_fen_neutral_t19,6,16,A+10,0xe,43,198,0,18,1,0,nein,0
sa_fen_neutral_t19,6,17,A+11,0xe,44,198,0,18,1,0,nein,0
sa_fen_neutral_t19,6,18,A+12,0xe,46,198,0,18,1,0,nein,0
sa_fen_neutral_t19,6,19,A+13,0xe,48,35,0,18,1,0,nein,0
sa_fen_neutral_t19,6,20,A+14,0xe,49,200,0,18,1,0,nein,0
sa_fen_neutral_t19,6,21,A+15,0xe,50,198,0,18,1,0,nein,0
sa_fen_neutral_t19,6,22,A+16,0xe,50,198,0,18,1,0,nein,0
sa_fen_neutral_t19,6,23,A+17,0xe,51,198,-1,18,1,0,nein,0
sa_fen_neutral_t19,6,24,A+18,0xe,51,198,-1,18,1,0,nein,0
sa_fen_neutral_t19,6,25,A+19,0xe,51,198,-1,18,1,0,nein,0
sa_fen_neutral_t19,6,26,A+20,0xe,51,198,-1,18,1,0,nein,0
sa_fen_neutral_t19,6,27,A+21,0xe,50,198,-1,18,1,0,nein,0
sa_fen_neutral_t19,6,28,A+22,0xe,49,198,-1,18,1,0,nein,0
sa_fen_neutral_t19,6,29,A+23,0xe,48,198,-1,18,1,0,nein,0
sa_fen_neutral_t19,6,30,A+24,0xe,47,198,-1,18,1,0,nein,0
sa_fen_neutral_t19,6,31,A+25,0xe,45,198,-1,18,1,0,nein,0
sa_fen_neutral_t19,6,32,A+26,0xe,44,198,-1,18,1,0,nein,0
sa_fen_neutral_t19,6,33,A+27,0xe,41,198,-1,18,1,0,nein,0
sa_fen_neutral_t19,6,34,A+28,0xe,39,198,-1,18,1,0,nein,0
sa_fen_neutral_t19,6,35,A+29,0xe,37,198,-1,18,1,0,nein,0
sa_fen_neutral_t19,6,36,A+30,0xe,34,198,-1,18,1,0,nein,0
sa_fen_neutral_t19,6,37,A+31,0xe,31,198,-1,18,1,0,nein,0
sa_fen_neutral_t19,6,38,A+32,0xa,27,198,-1,18,1,0,nein,0
sa_fen_neutral_t19,6,39,A+33,0xa,24,198,-1,18,1,0,nein,0
sa_fen_neutral_t19,6,40,A+34,0xa,20,198,-1,18,1,0,nein,0
sa_fen_neutral_t19,6,41,A+35,0xa,16,198,-1,18,1,0,nein,0
sa_fen_neutral_t19,6,42,A+36,0xa,12,198,-1,18,1,0,nein,0
sa_fen_neutral_t19,6,43,A+37,0xa,7,198,-1,18,1,0,nein,0
sa_fen_neutral_t19,6,44,A+38,0xa,2,198,-1,18,1,0,nein,0
sa_fen_neutral_t19,6,45,A+39,0xa,0,198,-1,18,1,0,nein,0
sa_fen_neutral_t19,6,46,A+40,0xa,0,198,-1,18,1,0,nein,0
sa_fen_neutral_t19,6,47,A+41,0xa,0,198,-1,18,1,0,nein,0
sa_fen_neutral_t19,6,48,A+42,0xa,0,198,-1,18,1,0,nein,0
sa_fen_neutral_t19,6,49,A+43,0xa,0,198,-1,18,1,0,nein,0
sa_fen_neutral_t19,6,50,A+44,0xa,0,198,-1,18,1,0,nein,0
sa_fen_neutral_t20,6,7,A+1,0xe,14,198,0,18,1,0,nein,0
sa_fen_neutral_t20,6,8,A+2,0xe,18,198,0,18,1,0,nein,0
sa_fen_neutral_t20,6,9,A+3,0xe,22,198,0,18,1,0,nein,0
sa_fen_neutral_t20,6,10,A+4,0xe,26,198,0,18,1,0,nein,0
sa_fen_neutral_t20,6,11,A+5,0xe,29,198,0,18,1,0,nein,0
sa_fen_neutral_t20,6,12,A+6,0xe,32,198,0,18,1,0,nein,0
sa_fen_neutral_t20,6,13,A+7,0xe,35,198,0,18,1,0,nein,0
sa_fen_neutral_t20,6,14,A+8,0xe,38,198,0,18,1,0,nein,0
sa_fen_neutral_t20,6,15,A+9,0xe,40,198,0,18,1,0,nein,0
sa_fen_neutral_t20,6,16,A+10,0xe,43,198,0,18,1,0,nein,0
sa_fen_neutral_t20,6,17,A+11,0xe,44,198,0,18,1,0,nein,0
sa_fen_neutral_t20,6,18,A+12,0xe,46,198,0,18,1,0,nein,0
sa_fen_neutral_t20,6,19,A+13,0xe,48,198,0,18,1,0,nein,0
sa_fen_neutral_t20,6,20,A+14,0xe,49,35,0,18,1,0,nein,0
sa_fen_neutral_t20,6,21,A+15,0xe,50,200,0,18,1,0,nein,0
sa_fen_neutral_t20,6,22,A+16,0xe,50,198,0,18,1,0,nein,0
sa_fen_neutral_t20,6,23,A+17,0xe,51,198,0,18,1,0,nein,0
sa_fen_neutral_t20,6,24,A+18,0xe,51,198,0,18,1,0,nein,0
sa_fen_neutral_t20,6,25,A+19,0xe,51,198,-1,18,1,0,nein,0
sa_fen_neutral_t20,6,26,A+20,0xe,51,198,-1,18,1,0,nein,0
sa_fen_neutral_t20,6,27,A+21,0xe,50,198,-1,18,1,0,nein,0
sa_fen_neutral_t20,6,28,A+22,0xe,49,198,-1,18,1,0,nein,0
sa_fen_neutral_t20,6,29,A+23,0xe,48,198,-1,18,1,0,nein,0
sa_fen_neutral_t20,6,30,A+24,0xe,47,198,-1,18,1,0,nein,0
sa_fen_neutral_t20,6,31,A+25,0xe,45,198,-1,18,1,0,nein,0
sa_fen_neutral_t20,6,32,A+26,0xe,44,198,-1,18,1,0,nein,0
sa_fen_neutral_t20,6,33,A+27,0xe,41,198,-1,18,1,0,nein,0
sa_fen_neutral_t20,6,34,A+28,0xe,39,198,-1,18,1,0,nein,0
sa_fen_neutral_t20,6,35,A+29,0xe,37,198,-1,18,1,0,nein,0
sa_fen_neutral_t20,6,36,A+30,0xe,34,198,-1,18,1,0,nein,0
sa_fen_neutral_t20,6,37,A+31,0xe,31,198,-1,18,1,0,nein,0
sa_fen_neutral_t20,6,38,A+32,0xa,27,198,-1,18,1,0,nein,0
sa_fen_neutral_t20,6,39,A+33,0xa,24,198,-1,18,1,0,nein,0
sa_fen_neutral_t20,6,40,A+34,0xa,20,198,-1,18,1,0,nein,0
sa_fen_neutral_t20,6,41,A+35,0xa,16,198,-1,18,1,0,nein,0
sa_fen_neutral_t20,6,42,A+36,0xa,12,198,-1,18,1,0,nein,0
sa_fen_neutral_t20,6,43,A+37,0xa,7,198,-1,18,1,0,nein,0
sa_fen_neutral_t20,6,44,A+38,0xa,2,198,-1,18,1,0,nein,0
sa_fen_neutral_t20,6,45,A+39,0xa,0,198,-1,18,1,0,nein,0
sa_fen_neutral_t20,6,46,A+40,0xa,0,198,-1,18,1,0,nein,0
sa_fen_neutral_t20,6,47,A+41,0xa,0,198,-1,18,1,0,nein,0
sa_fen_neutral_t20,6,48,A+42,0xa,0,198,-1,18,1,0,nein,0
sa_fen_neutral_t20,6,49,A+43,0xa,0,198,-1,18,1,0,nein,0
sa_fen_neutral_t20,6,50,A+44,0xa,0,198,-1,18,1,0,nein,0
sa_fen_neutral_t21,6,7,A+1,0xe,14,198,0,18,1,0,nein,0
sa_fen_neutral_t21,6,8,A+2,0xe,18,198,0,18,1,0,nein,0
sa_fen_neutral_t21,6,9,A+3,0xe,22,198,0,18,1,0,nein,0
sa_fen_neutral_t21,6,10,A+4,0xe,26,198,0,18,1,0,nein,0
sa_fen_neutral_t21,6,11,A+5,0xe,29,198,0,18,1,0,nein,0
sa_fen_neutral_t21,6,12,A+6,0xe,32,198,0,18,1,0,nein,0
sa_fen_neutral_t21,6,13,A+7,0xe,35,198,0,18,1,0,nein,0
sa_fen_neutral_t21,6,14,A+8,0xe,38,198,0,18,1,0,nein,0
sa_fen_neutral_t21,6,15,A+9,0xe,40,198,0,18,1,0,nein,0
sa_fen_neutral_t21,6,16,A+10,0xe,43,198,0,18,1,0,nein,0
sa_fen_neutral_t21,6,17,A+11,0xe,44,198,0,18,1,0,nein,0
sa_fen_neutral_t21,6,18,A+12,0xe,46,198,0,18,1,0,nein,0
sa_fen_neutral_t21,6,19,A+13,0xe,48,198,0,18,1,0,nein,0
sa_fen_neutral_t21,6,20,A+14,0xe,49,198,0,18,1,0,nein,0
sa_fen_neutral_t21,6,21,A+15,0xe,50,35,0,18,1,0,nein,0
sa_fen_neutral_t21,6,22,A+16,0xe,50,200,0,18,1,0,nein,0
sa_fen_neutral_t21,6,23,A+17,0xe,51,198,0,18,1,0,nein,0
sa_fen_neutral_t21,6,24,A+18,0xe,51,198,0,18,1,0,nein,0
sa_fen_neutral_t21,6,25,A+19,0xe,51,198,-1,18,1,0,nein,0
sa_fen_neutral_t21,6,26,A+20,0xe,51,198,-1,18,1,0,nein,0
sa_fen_neutral_t21,6,27,A+21,0xe,50,198,-1,18,1,0,nein,0
sa_fen_neutral_t21,6,28,A+22,0xe,49,198,-1,18,1,0,nein,0
sa_fen_neutral_t21,6,29,A+23,0xe,48,198,-1,18,1,0,nein,0
sa_fen_neutral_t21,6,30,A+24,0xe,47,198,-1,18,1,0,nein,0
sa_fen_neutral_t21,6,31,A+25,0xe,45,198,-1,18,1,0,nein,0
sa_fen_neutral_t21,6,32,A+26,0xe,44,198,-1,18,1,0,nein,0
sa_fen_neutral_t21,6,33,A+27,0xe,41,198,-1,18,1,0,nein,0
sa_fen_neutral_t21,6,34,A+28,0xe,39,198,-1,18,1,0,nein,0
sa_fen_neutral_t21,6,35,A+29,0xe,37,198,-1,18,1,0,nein,0
sa_fen_neutral_t21,6,36,A+30,0xe,34,198,-1,18,1,0,nein,0
sa_fen_neutral_t21,6,37,A+31,0xe,31,198,-1,18,1,0,nein,0
sa_fen_neutral_t21,6,38,A+32,0xa,27,198,-1,18,1,0,nein,0
sa_fen_neutral_t21,6,39,A+33,0xa,24,198,-1,18,1,0,nein,0
sa_fen_neutral_t21,6,40,A+34,0xa,20,198,-1,18,1,0,nein,0
sa_fen_neutral_t21,6,41,A+35,0xa,16,198,-1,18,1,0,nein,0
sa_fen_neutral_t21,6,42,A+36,0xa,12,198,-1,18,1,0,nein,0
sa_fen_neutral_t21,6,43,A+37,0xa,7,198,-1,18,1,0,nein,0
sa_fen_neutral_t21,6,44,A+38,0xa,2,198,-1,18,1,0,nein,0
sa_fen_neutral_t21,6,45,A+39,0xa,0,198,-1,18,1,0,nein,0
sa_fen_neutral_t21,6,46,A+40,0xa,0,198,-1,18,1,0,nein,0
sa_fen_neutral_t21,6,47,A+41,0xa,0,198,-1,18,1,0,nein,0
sa_fen_neutral_t21,6,48,A+42,0xa,0,198,-1,18,1,0,nein,0
sa_fen_neutral_t21,6,49,A+43,0xa,0,198,-1,18,1,0,nein,0
sa_fen_neutral_t21,6,50,A+44,0xa,0,198,-1,18,1,0,nein,0
sa_fen_neutral_t22,6,7,A+1,0xe,14,198,0,18,1,0,nein,0
sa_fen_neutral_t22,6,8,A+2,0xe,18,198,0,18,1,0,nein,0
sa_fen_neutral_t22,6,9,A+3,0xe,22,198,0,18,1,0,nein,0
sa_fen_neutral_t22,6,10,A+4,0xe,26,198,0,18,1,0,nein,0
sa_fen_neutral_t22,6,11,A+5,0xe,29,198,0,18,1,0,nein,0
sa_fen_neutral_t22,6,12,A+6,0xe,32,198,0,18,1,0,nein,0
sa_fen_neutral_t22,6,13,A+7,0xe,35,198,0,18,1,0,nein,0
sa_fen_neutral_t22,6,14,A+8,0xe,38,198,0,18,1,0,nein,0
sa_fen_neutral_t22,6,15,A+9,0xe,40,198,0,18,1,0,nein,0
sa_fen_neutral_t22,6,16,A+10,0xe,43,198,0,18,1,0,nein,0
sa_fen_neutral_t22,6,17,A+11,0xe,44,198,0,18,1,0,nein,0
sa_fen_neutral_t22,6,18,A+12,0xe,46,198,0,18,1,0,nein,0
sa_fen_neutral_t22,6,19,A+13,0xe,48,198,0,18,1,0,nein,0
sa_fen_neutral_t22,6,20,A+14,0xe,49,198,0,18,1,0,nein,0
sa_fen_neutral_t22,6,21,A+15,0xe,50,198,0,18,1,0,nein,0
sa_fen_neutral_t22,6,22,A+16,0xe,50,35,0,18,1,0,nein,0
sa_fen_neutral_t22,6,23,A+17,0xe,51,200,0,18,1,0,nein,0
sa_fen_neutral_t22,6,24,A+18,0xe,51,198,0,18,1,0,nein,0
sa_fen_neutral_t22,6,25,A+19,0xe,51,198,0,18,1,0,nein,0
sa_fen_neutral_t22,6,26,A+20,0xe,51,198,0,18,1,0,nein,0
sa_fen_neutral_t22,6,27,A+21,0xe,50,198,-1,18,1,0,nein,0
sa_fen_neutral_t22,6,28,A+22,0xe,49,198,-1,18,1,0,nein,0
sa_fen_neutral_t22,6,29,A+23,0xe,48,198,-1,18,1,0,nein,0
sa_fen_neutral_t22,6,30,A+24,0xe,47,198,-1,18,1,0,nein,0
sa_fen_neutral_t22,6,31,A+25,0xe,45,198,-1,18,1,0,nein,0
sa_fen_neutral_t22,6,32,A+26,0xe,44,198,-1,18,1,0,nein,0
sa_fen_neutral_t22,6,33,A+27,0xe,41,198,-1,18,1,0,nein,0
sa_fen_neutral_t22,6,34,A+28,0xe,39,198,-1,18,1,0,nein,0
sa_fen_neutral_t22,6,35,A+29,0xe,37,198,-1,18,1,0,nein,0
sa_fen_neutral_t22,6,36,A+30,0xe,34,198,-1,18,1,0,nein,0
sa_fen_neutral_t22,6,37,A+31,0xe,31,198,-1,18,1,0,nein,0
sa_fen_neutral_t22,6,38,A+32,0xa,27,198,-1,18,1,0,nein,0
sa_fen_neutral_t22,6,39,A+33,0xa,24,198,-1,18,1,0,nein,0
sa_fen_neutral_t22,6,40,A+34,0xa,20,198,-1,18,1,0,nein,0
sa_fen_neutral_t22,6,41,A+35,0xa,16,198,-1,18,1,0,nein,0
sa_fen_neutral_t22,6,42,A+36,0xa,12,198,-1,18,1,0,nein,0
sa_fen_neutral_t22,6,43,A+37,0xa,7,198,-1,18,1,0,nein,0
sa_fen_neutral_t22,6,44,A+38,0xa,2,198,-1,18,1,0,nein,0
sa_fen_neutral_t22,6,45,A+39,0xa,0,198,-1,18,1,0,nein,0
sa_fen_neutral_t22,6,46,A+40,0xa,0,198,-1,18,1,0,nein,0
sa_fen_neutral_t22,6,47,A+41,0xa,0,198,-1,18,1,0,nein,0
sa_fen_neutral_t22,6,48,A+42,0xa,0,198,-1,18,1,0,nein,0
sa_fen_neutral_t22,6,49,A+43,0xa,0,198,-1,18,1,0,nein,0
sa_fen_neutral_t22,6,50,A+44,0xa,0,198,-1,18,1,0,nein,0
sa_fen_neutral_t23,6,7,A+1,0xe,14,198,0,18,1,0,nein,0
sa_fen_neutral_t23,6,8,A+2,0xe,18,198,0,18,1,0,nein,0
sa_fen_neutral_t23,6,9,A+3,0xe,22,198,0,18,1,0,nein,0
sa_fen_neutral_t23,6,10,A+4,0xe,26,198,0,18,1,0,nein,0
sa_fen_neutral_t23,6,11,A+5,0xe,29,198,0,18,1,0,nein,0
sa_fen_neutral_t23,6,12,A+6,0xe,32,198,0,18,1,0,nein,0
sa_fen_neutral_t23,6,13,A+7,0xe,35,198,0,18,1,0,nein,0
sa_fen_neutral_t23,6,14,A+8,0xe,38,198,0,18,1,0,nein,0
sa_fen_neutral_t23,6,15,A+9,0xe,40,198,0,18,1,0,nein,0
sa_fen_neutral_t23,6,16,A+10,0xe,43,198,0,18,1,0,nein,0
sa_fen_neutral_t23,6,17,A+11,0xe,44,198,0,18,1,0,nein,0
sa_fen_neutral_t23,6,18,A+12,0xe,46,198,0,18,1,0,nein,0
sa_fen_neutral_t23,6,19,A+13,0xe,48,198,0,18,1,0,nein,0
sa_fen_neutral_t23,6,20,A+14,0xe,49,198,0,18,1,0,nein,0
sa_fen_neutral_t23,6,21,A+15,0xe,50,198,0,18,1,0,nein,0
sa_fen_neutral_t23,6,22,A+16,0xe,50,198,0,18,1,0,nein,0
sa_fen_neutral_t23,6,23,A+17,0xe,51,35,0,18,1,0,nein,0
sa_fen_neutral_t23,6,24,A+18,0xe,51,200,0,18,1,0,nein,0
sa_fen_neutral_t23,6,25,A+19,0xe,51,198,0,18,1,0,nein,0
sa_fen_neutral_t23,6,26,A+20,0xe,51,198,0,18,1,0,nein,0
sa_fen_neutral_t23,6,27,A+21,0xe,50,198,-1,18,1,0,nein,0
sa_fen_neutral_t23,6,28,A+22,0xe,49,198,-1,18,1,0,nein,0
sa_fen_neutral_t23,6,29,A+23,0xe,48,198,-1,18,1,0,nein,0
sa_fen_neutral_t23,6,30,A+24,0xe,47,198,-1,18,1,0,nein,0
sa_fen_neutral_t23,6,31,A+25,0xe,45,198,-1,18,1,0,nein,0
sa_fen_neutral_t23,6,32,A+26,0xe,44,198,-1,18,1,0,nein,0
sa_fen_neutral_t23,6,33,A+27,0xe,41,198,-1,18,1,0,nein,0
sa_fen_neutral_t23,6,34,A+28,0xe,39,198,-1,18,1,0,nein,0
sa_fen_neutral_t23,6,35,A+29,0xe,37,198,-1,18,1,0,nein,0
sa_fen_neutral_t23,6,36,A+30,0xe,34,198,-1,18,1,0,nein,0
sa_fen_neutral_t23,6,37,A+31,0xe,31,198,-1,18,1,0,nein,0
sa_fen_neutral_t23,6,38,A+32,0xa,27,198,-1,18,1,0,nein,0
sa_fen_neutral_t23,6,39,A+33,0xa,24,198,-1,18,1,0,nein,0
sa_fen_neutral_t23,6,40,A+34,0xa,20,198,-1,18,1,0,nein,0
sa_fen_neutral_t23,6,41,A+35,0xa,16,198,-1,18,1,0,nein,0
sa_fen_neutral_t23,6,42,A+36,0xa,12,198,-1,18,1,0,nein,0
sa_fen_neutral_t23,6,43,A+37,0xa,7,198,-1,18,1,0,nein,0
sa_fen_neutral_t23,6,44,A+38,0xa,2,198,-1,18,1,0,nein,0
sa_fen_neutral_t23,6,45,A+39,0xa,0,198,-1,18,1,0,nein,0
sa_fen_neutral_t23,6,46,A+40,0xa,0,198,-1,18,1,0,nein,0
sa_fen_neutral_t23,6,47,A+41,0xa,0,198,-1,18,1,0,nein,0
sa_fen_neutral_t23,6,48,A+42,0xa,0,198,-1,18,1,0,nein,0
sa_fen_neutral_t23,6,49,A+43,0xa,0,198,-1,18,1,0,nein,0
sa_fen_neutral_t23,6,50,A+44,0xa,0,198,-1,18,1,0,nein,0
sa_fen_neutral_t24,6,7,A+1,0xe,14,198,0,18,1,0,nein,0
sa_fen_neutral_t24,6,8,A+2,0xe,18,198,0,18,1,0,nein,0
sa_fen_neutral_t24,6,9,A+3,0xe,22,198,0,18,1,0,nein,0
sa_fen_neutral_t24,6,10,A+4,0xe,26,198,0,18,1,0,nein,0
sa_fen_neutral_t24,6,11,A+5,0xe,29,198,0,18,1,0,nein,0
sa_fen_neutral_t24,6,12,A+6,0xe,32,198,0,18,1,0,nein,0
sa_fen_neutral_t24,6,13,A+7,0xe,35,198,0,18,1,0,nein,0
sa_fen_neutral_t24,6,14,A+8,0xe,38,198,0,18,1,0,nein,0
sa_fen_neutral_t24,6,15,A+9,0xe,40,198,0,18,1,0,nein,0
sa_fen_neutral_t24,6,16,A+10,0xe,43,198,0,18,1,0,nein,0
sa_fen_neutral_t24,6,17,A+11,0xe,44,198,0,18,1,0,nein,0
sa_fen_neutral_t24,6,18,A+12,0xe,46,198,0,18,1,0,nein,0
sa_fen_neutral_t24,6,19,A+13,0xe,48,198,0,18,1,0,nein,0
sa_fen_neutral_t24,6,20,A+14,0xe,49,198,0,18,1,0,nein,0
sa_fen_neutral_t24,6,21,A+15,0xe,50,198,0,18,1,0,nein,0
sa_fen_neutral_t24,6,22,A+16,0xe,50,198,0,18,1,0,nein,0
sa_fen_neutral_t24,6,23,A+17,0xe,51,198,0,18,1,0,nein,0
sa_fen_neutral_t24,6,24,A+18,0xe,51,35,0,18,1,0,nein,0
sa_fen_neutral_t24,6,25,A+19,0xe,51,200,0,18,1,0,nein,0
sa_fen_neutral_t24,6,26,A+20,0xe,51,198,0,18,1,0,nein,0
sa_fen_neutral_t24,6,27,A+21,0xe,50,198,0,18,1,0,nein,0
sa_fen_neutral_t24,6,28,A+22,0xe,49,198,0,18,1,0,nein,0
sa_fen_neutral_t24,6,29,A+23,0xe,48,198,-1,18,1,0,nein,0
sa_fen_neutral_t24,6,30,A+24,0xe,47,198,-1,18,1,0,nein,0
sa_fen_neutral_t24,6,31,A+25,0xe,45,198,-1,18,1,0,nein,0
sa_fen_neutral_t24,6,32,A+26,0xe,44,198,-1,18,1,0,nein,0
sa_fen_neutral_t24,6,33,A+27,0xe,41,198,-1,18,1,0,nein,0
sa_fen_neutral_t24,6,34,A+28,0xe,39,198,-1,18,1,0,nein,0
sa_fen_neutral_t24,6,35,A+29,0xe,37,198,-1,18,1,0,nein,0
sa_fen_neutral_t24,6,36,A+30,0xe,34,198,-1,18,1,0,nein,0
sa_fen_neutral_t24,6,37,A+31,0xe,31,198,-1,18,1,0,nein,0
sa_fen_neutral_t24,6,38,A+32,0xa,27,198,-1,18,1,0,nein,0
sa_fen_neutral_t24,6,39,A+33,0xa,24,198,-1,18,1,0,nein,0
sa_fen_neutral_t24,6,40,A+34,0xa,20,198,-1,18,1,0,nein,0
sa_fen_neutral_t24,6,41,A+35,0xa,16,198,-1,18,1,0,nein,0
sa_fen_neutral_t24,6,42,A+36,0xa,12,198,-1,18,1,0,nein,0
sa_fen_neutral_t24,6,43,A+37,0xa,7,198,-1,18,1,0,nein,0
sa_fen_neutral_t24,6,44,A+38,0xa,2,198,-1,18,1,0,nein,0
sa_fen_neutral_t24,6,45,A+39,0xa,0,198,-1,18,1,0,nein,0
sa_fen_neutral_t24,6,46,A+40,0xa,0,198,-1,18,1,0,nein,0
sa_fen_neutral_t24,6,47,A+41,0xa,0,198,-1,18,1,0,nein,0
sa_fen_neutral_t24,6,48,A+42,0xa,0,198,-1,18,1,0,nein,0
sa_fen_neutral_t24,6,49,A+43,0xa,0,198,-1,18,1,0,nein,0
sa_fen_neutral_t24,6,50,A+44,0xa,0,198,-1,18,1,0,nein,0
sa_fen_neutral_t25,6,7,A+1,0xe,14,198,0,18,1,0,nein,0
sa_fen_neutral_t25,6,8,A+2,0xe,18,198,0,18,1,0,nein,0
sa_fen_neutral_t25,6,9,A+3,0xe,22,198,0,18,1,0,nein,0
sa_fen_neutral_t25,6,10,A+4,0xe,26,198,0,18,1,0,nein,0
sa_fen_neutral_t25,6,11,A+5,0xe,29,198,0,18,1,0,nein,0
sa_fen_neutral_t25,6,12,A+6,0xe,32,198,0,18,1,0,nein,0
sa_fen_neutral_t25,6,13,A+7,0xe,35,198,0,18,1,0,nein,0
sa_fen_neutral_t25,6,14,A+8,0xe,38,198,0,18,1,0,nein,0
sa_fen_neutral_t25,6,15,A+9,0xe,40,198,0,18,1,0,nein,0
sa_fen_neutral_t25,6,16,A+10,0xe,43,198,0,18,1,0,nein,0
sa_fen_neutral_t25,6,17,A+11,0xe,44,198,0,18,1,0,nein,0
sa_fen_neutral_t25,6,18,A+12,0xe,46,198,0,18,1,0,nein,0
sa_fen_neutral_t25,6,19,A+13,0xe,48,198,0,18,1,0,nein,0
sa_fen_neutral_t25,6,20,A+14,0xe,49,198,0,18,1,0,nein,0
sa_fen_neutral_t25,6,21,A+15,0xe,50,198,0,18,1,0,nein,0
sa_fen_neutral_t25,6,22,A+16,0xe,50,198,0,18,1,0,nein,0
sa_fen_neutral_t25,6,23,A+17,0xe,51,198,0,18,1,0,nein,0
sa_fen_neutral_t25,6,24,A+18,0xe,51,198,0,18,1,0,nein,0
sa_fen_neutral_t25,6,25,A+19,0xe,51,35,0,18,1,0,nein,0
sa_fen_neutral_t25,6,26,A+20,0xe,51,200,0,18,1,0,nein,0
sa_fen_neutral_t25,6,27,A+21,0xe,50,198,0,18,1,0,nein,0
sa_fen_neutral_t25,6,28,A+22,0xe,49,198,0,18,1,0,nein,0
sa_fen_neutral_t25,6,29,A+23,0xe,48,198,-1,18,1,0,nein,0
sa_fen_neutral_t25,6,30,A+24,0xe,47,198,-1,18,1,0,nein,0
sa_fen_neutral_t25,6,31,A+25,0xe,45,198,-1,18,1,0,nein,0
sa_fen_neutral_t25,6,32,A+26,0xe,44,198,-1,18,1,0,nein,0
sa_fen_neutral_t25,6,33,A+27,0xe,41,198,-1,18,1,0,nein,0
sa_fen_neutral_t25,6,34,A+28,0xe,39,198,-1,18,1,0,nein,0
sa_fen_neutral_t25,6,35,A+29,0xe,37,198,-1,18,1,0,nein,0
sa_fen_neutral_t25,6,36,A+30,0xe,34,198,-1,18,1,0,nein,0
sa_fen_neutral_t25,6,37,A+31,0xe,31,198,-1,18,1,0,nein,0
sa_fen_neutral_t25,6,38,A+32,0xa,27,198,-1,18,1,0,nein,0
sa_fen_neutral_t25,6,39,A+33,0xa,24,198,-1,18,1,0,nein,0
sa_fen_neutral_t25,6,40,A+34,0xa,20,198,-1,18,1,0,nein,0
sa_fen_neutral_t25,6,41,A+35,0xa,16,198,-1,18,1,0,nein,0
sa_fen_neutral_t25,6,42,A+36,0xa,12,198,-1,18,1,0,nein,0
sa_fen_neutral_t25,6,43,A+37,0xa,7,198,-1,18,1,0,nein,0
sa_fen_neutral_t25,6,44,A+38,0xa,2,198,-1,18,1,0,nein,0
sa_fen_neutral_t25,6,45,A+39,0xa,0,198,-1,18,1,0,nein,0
sa_fen_neutral_t25,6,46,A+40,0xa,0,198,-1,18,1,0,nein,0
sa_fen_neutral_t25,6,47,A+41,0xa,0,198,-1,18,1,0,nein,0
sa_fen_neutral_t25,6,48,A+42,0xa,0,198,-1,18,1,0,nein,0
sa_fen_neutral_t25,6,49,A+43,0xa,0,198,-1,18,1,0,nein,0
sa_fen_neutral_t25,6,50,A+44,0xa,0,198,-1,18,1,0,nein,0
sa_fen_neutral_t26,6,7,A+1,0xe,14,198,0,18,1,0,nein,0
sa_fen_neutral_t26,6,8,A+2,0xe,18,198,0,18,1,0,nein,0
sa_fen_neutral_t26,6,9,A+3,0xe,22,198,0,18,1,0,nein,0
sa_fen_neutral_t26,6,10,A+4,0xe,26,198,0,18,1,0,nein,0
sa_fen_neutral_t26,6,11,A+5,0xe,29,198,0,18,1,0,nein,0
sa_fen_neutral_t26,6,12,A+6,0xe,32,198,0,18,1,0,nein,0
sa_fen_neutral_t26,6,13,A+7,0xe,35,198,0,18,1,0,nein,0
sa_fen_neutral_t26,6,14,A+8,0xe,38,198,0,18,1,0,nein,0
sa_fen_neutral_t26,6,15,A+9,0xe,40,198,0,18,1,0,nein,0
sa_fen_neutral_t26,6,16,A+10,0xe,43,198,0,18,1,0,nein,0
sa_fen_neutral_t26,6,17,A+11,0xe,44,198,0,18,1,0,nein,0
sa_fen_neutral_t26,6,18,A+12,0xe,46,198,0,18,1,0,nein,0
sa_fen_neutral_t26,6,19,A+13,0xe,48,198,0,18,1,0,nein,0
sa_fen_neutral_t26,6,20,A+14,0xe,49,198,0,18,1,0,nein,0
sa_fen_neutral_t26,6,21,A+15,0xe,50,198,0,18,1,0,nein,0
sa_fen_neutral_t26,6,22,A+16,0xe,50,198,0,18,1,0,nein,0
sa_fen_neutral_t26,6,23,A+17,0xe,51,198,0,18,1,0,nein,0
sa_fen_neutral_t26,6,24,A+18,0xe,51,198,0,18,1,0,nein,0
sa_fen_neutral_t26,6,25,A+19,0xe,51,198,0,18,1,0,nein,0
sa_fen_neutral_t26,6,26,A+20,0xe,51,35,0,18,1,0,nein,0
sa_fen_neutral_t26,6,27,A+21,0xe,50,200,0,18,1,0,nein,0
sa_fen_neutral_t26,6,28,A+22,0xe,49,198,0,18,1,0,nein,0
sa_fen_neutral_t26,6,29,A+23,0xe,48,198,0,18,1,0,nein,0
sa_fen_neutral_t26,6,30,A+24,0xe,47,198,0,18,1,0,nein,0
sa_fen_neutral_t26,6,31,A+25,0xe,45,198,-1,18,1,0,nein,0
sa_fen_neutral_t26,6,32,A+26,0xe,44,198,-1,18,1,0,nein,0
sa_fen_neutral_t26,6,33,A+27,0xe,41,198,-1,18,1,0,nein,0
sa_fen_neutral_t26,6,34,A+28,0xe,39,198,-1,18,1,0,nein,0
sa_fen_neutral_t26,6,35,A+29,0xe,37,198,-1,18,1,0,nein,0
sa_fen_neutral_t26,6,36,A+30,0xe,34,198,-1,18,1,0,nein,0
sa_fen_neutral_t26,6,37,A+31,0xe,31,198,-1,18,1,0,nein,0
sa_fen_neutral_t26,6,38,A+32,0xa,27,198,-1,18,1,0,nein,0
sa_fen_neutral_t26,6,39,A+33,0xa,24,198,-1,18,1,0,nein,0
sa_fen_neutral_t26,6,40,A+34,0xa,20,198,-1,18,1,0,nein,0
sa_fen_neutral_t26,6,41,A+35,0xa,16,198,-1,18,1,0,nein,0
sa_fen_neutral_t26,6,42,A+36,0xa,12,198,-1,18,1,0,nein,0
sa_fen_neutral_t26,6,43,A+37,0xa,7,198,-1,18,1,0,nein,0
sa_fen_neutral_t26,6,44,A+38,0xa,2,198,-1,18,1,0,nein,0
sa_fen_neutral_t26,6,45,A+39,0xa,0,198,-1,18,1,0,nein,0
sa_fen_neutral_t26,6,46,A+40,0xa,0,198,-1,18,1,0,nein,0
sa_fen_neutral_t26,6,47,A+41,0xa,0,198,-1,18,1,0,nein,0
sa_fen_neutral_t26,6,48,A+42,0xa,0,198,-1,18,1,0,nein,0
sa_fen_neutral_t26,6,49,A+43,0xa,0,198,-1,18,1,0,nein,0
sa_fen_neutral_t26,6,50,A+44,0xa,0,198,-1,18,1,0,nein,0
sa_fen_neutral_t27,6,7,A+1,0xe,14,198,0,18,1,0,nein,0
sa_fen_neutral_t27,6,8,A+2,0xe,18,198,0,18,1,0,nein,0
sa_fen_neutral_t27,6,9,A+3,0xe,22,198,0,18,1,0,nein,0
sa_fen_neutral_t27,6,10,A+4,0xe,26,198,0,18,1,0,nein,0
sa_fen_neutral_t27,6,11,A+5,0xe,29,198,0,18,1,0,nein,0
sa_fen_neutral_t27,6,12,A+6,0xe,32,198,0,18,1,0,nein,0
sa_fen_neutral_t27,6,13,A+7,0xe,35,198,0,18,1,0,nein,0
sa_fen_neutral_t27,6,14,A+8,0xe,38,198,0,18,1,0,nein,0
sa_fen_neutral_t27,6,15,A+9,0xe,40,198,0,18,1,0,nein,0
sa_fen_neutral_t27,6,16,A+10,0xe,43,198,0,18,1,0,nein,0
sa_fen_neutral_t27,6,17,A+11,0xe,44,198,0,18,1,0,nein,0
sa_fen_neutral_t27,6,18,A+12,0xe,46,198,0,18,1,0,nein,0
sa_fen_neutral_t27,6,19,A+13,0xe,48,198,0,18,1,0,nein,0
sa_fen_neutral_t27,6,20,A+14,0xe,49,198,0,18,1,0,nein,0
sa_fen_neutral_t27,6,21,A+15,0xe,50,198,0,18,1,0,nein,0
sa_fen_neutral_t27,6,22,A+16,0xe,50,198,0,18,1,0,nein,0
sa_fen_neutral_t27,6,23,A+17,0xe,51,198,0,18,1,0,nein,0
sa_fen_neutral_t27,6,24,A+18,0xe,51,198,0,18,1,0,nein,0
sa_fen_neutral_t27,6,25,A+19,0xe,51,198,0,18,1,0,nein,0
sa_fen_neutral_t27,6,26,A+20,0xe,51,198,0,18,1,0,nein,0
sa_fen_neutral_t27,6,27,A+21,0xe,50,35,0,18,1,0,nein,0
sa_fen_neutral_t27,6,28,A+22,0xe,49,200,0,18,1,0,nein,0
sa_fen_neutral_t27,6,29,A+23,0xe,48,198,0,18,1,0,nein,0
sa_fen_neutral_t27,6,30,A+24,0xe,47,198,0,18,1,0,nein,0
sa_fen_neutral_t27,6,31,A+25,0xe,45,198,-1,18,1,0,nein,0
sa_fen_neutral_t27,6,32,A+26,0xe,44,198,-1,18,1,0,nein,0
sa_fen_neutral_t27,6,33,A+27,0xe,41,198,-1,18,1,0,nein,0
sa_fen_neutral_t27,6,34,A+28,0xe,39,198,-1,18,1,0,nein,0
sa_fen_neutral_t27,6,35,A+29,0xe,37,198,-1,18,1,0,nein,0
sa_fen_neutral_t27,6,36,A+30,0xe,34,198,-1,18,1,0,nein,0
sa_fen_neutral_t27,6,37,A+31,0xe,31,198,-1,18,1,0,nein,0
sa_fen_neutral_t27,6,38,A+32,0xa,27,198,-1,18,1,0,nein,0
sa_fen_neutral_t27,6,39,A+33,0xa,24,198,-1,18,1,0,nein,0
sa_fen_neutral_t27,6,40,A+34,0xa,20,198,-1,18,1,0,nein,0
sa_fen_neutral_t27,6,41,A+35,0xa,16,198,-1,18,1,0,nein,0
sa_fen_neutral_t27,6,42,A+36,0xa,12,198,-1,18,1,0,nein,0
sa_fen_neutral_t27,6,43,A+37,0xa,7,198,-1,18,1,0,nein,0
sa_fen_neutral_t27,6,44,A+38,0xa,2,198,-1,18,1,0,nein,0
sa_fen_neutral_t27,6,45,A+39,0xa,0,198,-1,18,1,0,nein,0
sa_fen_neutral_t27,6,46,A+40,0xa,0,198,-1,18,1,0,nein,0
sa_fen_neutral_t27,6,47,A+41,0xa,0,198,-1,18,1,0,nein,0
sa_fen_neutral_t27,6,48,A+42,0xa,0,198,-1,18,1,0,nein,0
sa_fen_neutral_t27,6,49,A+43,0xa,0,198,-1,18,1,0,nein,0
sa_fen_neutral_t27,6,50,A+44,0xa,0,198,-1,18,1,0,nein,0
sa_fen_neutral_t28,6,7,A+1,0xe,14,198,0,18,1,0,nein,0
sa_fen_neutral_t28,6,8,A+2,0xe,18,198,0,18,1,0,nein,0
sa_fen_neutral_t28,6,9,A+3,0xe,22,198,0,18,1,0,nein,0
sa_fen_neutral_t28,6,10,A+4,0xe,26,198,0,18,1,0,nein,0
sa_fen_neutral_t28,6,11,A+5,0xe,29,198,0,18,1,0,nein,0
sa_fen_neutral_t28,6,12,A+6,0xe,32,198,0,18,1,0,nein,0
sa_fen_neutral_t28,6,13,A+7,0xe,35,198,0,18,1,0,nein,0
sa_fen_neutral_t28,6,14,A+8,0xe,38,198,0,18,1,0,nein,0
sa_fen_neutral_t28,6,15,A+9,0xe,40,198,0,18,1,0,nein,0
sa_fen_neutral_t28,6,16,A+10,0xe,43,198,0,18,1,0,nein,0
sa_fen_neutral_t28,6,17,A+11,0xe,44,198,0,18,1,0,nein,0
sa_fen_neutral_t28,6,18,A+12,0xe,46,198,0,18,1,0,nein,0
sa_fen_neutral_t28,6,19,A+13,0xe,48,198,0,18,1,0,nein,0
sa_fen_neutral_t28,6,20,A+14,0xe,49,198,0,18,1,0,nein,0
sa_fen_neutral_t28,6,21,A+15,0xe,50,198,0,18,1,0,nein,0
sa_fen_neutral_t28,6,22,A+16,0xe,50,198,0,18,1,0,nein,0
sa_fen_neutral_t28,6,23,A+17,0xe,51,198,0,18,1,0,nein,0
sa_fen_neutral_t28,6,24,A+18,0xe,51,198,0,18,1,0,nein,0
sa_fen_neutral_t28,6,25,A+19,0xe,51,198,0,18,1,0,nein,0
sa_fen_neutral_t28,6,26,A+20,0xe,51,198,0,18,1,0,nein,0
sa_fen_neutral_t28,6,27,A+21,0xe,50,198,0,18,1,0,nein,0
sa_fen_neutral_t28,6,28,A+22,0xe,49,35,0,18,1,0,nein,0
sa_fen_neutral_t28,6,29,A+23,0xe,48,200,0,18,1,0,nein,0
sa_fen_neutral_t28,6,30,A+24,0xe,47,198,0,18,1,0,nein,0
sa_fen_neutral_t28,6,31,A+25,0xe,45,198,0,18,1,0,nein,0
sa_fen_neutral_t28,6,32,A+26,0xe,44,198,0,18,1,0,nein,0
sa_fen_neutral_t28,6,33,A+27,0xe,41,198,-1,18,1,0,nein,0
sa_fen_neutral_t28,6,34,A+28,0xe,39,198,-1,18,1,0,nein,0
sa_fen_neutral_t28,6,35,A+29,0xe,37,198,-1,18,1,0,nein,0
sa_fen_neutral_t28,6,36,A+30,0xe,34,198,-1,18,1,0,nein,0
sa_fen_neutral_t28,6,37,A+31,0xe,31,198,-1,18,1,0,nein,0
sa_fen_neutral_t28,6,38,A+32,0xa,27,198,-1,18,1,0,nein,0
sa_fen_neutral_t28,6,39,A+33,0xa,24,198,-1,18,1,0,nein,0
sa_fen_neutral_t28,6,40,A+34,0xa,20,198,-1,18,1,0,nein,0
sa_fen_neutral_t28,6,41,A+35,0xa,16,198,-1,18,1,0,nein,0
sa_fen_neutral_t28,6,42,A+36,0xa,12,198,-1,18,1,0,nein,0
sa_fen_neutral_t28,6,43,A+37,0xa,7,198,-1,18,1,0,nein,0
sa_fen_neutral_t28,6,44,A+38,0xa,2,198,-1,18,1,0,nein,0
sa_fen_neutral_t28,6,45,A+39,0xa,0,198,-1,18,1,0,nein,0
sa_fen_neutral_t28,6,46,A+40,0xa,0,198,-1,18,1,0,nein,0
sa_fen_neutral_t28,6,47,A+41,0xa,0,198,-1,18,1,0,nein,0
sa_fen_neutral_t28,6,48,A+42,0xa,0,198,-1,18,1,0,nein,0
sa_fen_neutral_t28,6,49,A+43,0xa,0,198,-1,18,1,0,nein,0
sa_fen_neutral_t28,6,50,A+44,0xa,0,198,-1,18,1,0,nein,0
sa_fen_neutral_t29,6,7,A+1,0xe,14,198,0,18,1,0,nein,0
sa_fen_neutral_t29,6,8,A+2,0xe,18,198,0,18,1,0,nein,0
sa_fen_neutral_t29,6,9,A+3,0xe,22,198,0,18,1,0,nein,0
sa_fen_neutral_t29,6,10,A+4,0xe,26,198,0,18,1,0,nein,0
sa_fen_neutral_t29,6,11,A+5,0xe,29,198,0,18,1,0,nein,0
sa_fen_neutral_t29,6,12,A+6,0xe,32,198,0,18,1,0,nein,0
sa_fen_neutral_t29,6,13,A+7,0xe,35,198,0,18,1,0,nein,0
sa_fen_neutral_t29,6,14,A+8,0xe,38,198,0,18,1,0,nein,0
sa_fen_neutral_t29,6,15,A+9,0xe,40,198,0,18,1,0,nein,0
sa_fen_neutral_t29,6,16,A+10,0xe,43,198,0,18,1,0,nein,0
sa_fen_neutral_t29,6,17,A+11,0xe,44,198,0,18,1,0,nein,0
sa_fen_neutral_t29,6,18,A+12,0xe,46,198,0,18,1,0,nein,0
sa_fen_neutral_t29,6,19,A+13,0xe,48,198,0,18,1,0,nein,0
sa_fen_neutral_t29,6,20,A+14,0xe,49,198,0,18,1,0,nein,0
sa_fen_neutral_t29,6,21,A+15,0xe,50,198,0,18,1,0,nein,0
sa_fen_neutral_t29,6,22,A+16,0xe,50,198,0,18,1,0,nein,0
sa_fen_neutral_t29,6,23,A+17,0xe,51,198,0,18,1,0,nein,0
sa_fen_neutral_t29,6,24,A+18,0xe,51,198,0,18,1,0,nein,0
sa_fen_neutral_t29,6,25,A+19,0xe,51,198,0,18,1,0,nein,0
sa_fen_neutral_t29,6,26,A+20,0xe,51,198,0,18,1,0,nein,0
sa_fen_neutral_t29,6,27,A+21,0xe,50,198,0,18,1,0,nein,0
sa_fen_neutral_t29,6,28,A+22,0xe,49,198,0,18,1,0,nein,0
sa_fen_neutral_t29,6,29,A+23,0xe,48,35,0,18,1,0,nein,0
sa_fen_neutral_t29,6,30,A+24,0xe,47,200,0,18,1,0,nein,0
sa_fen_neutral_t29,6,31,A+25,0xe,45,198,0,18,1,0,nein,0
sa_fen_neutral_t29,6,32,A+26,0xe,44,198,0,18,1,0,nein,0
sa_fen_neutral_t29,6,33,A+27,0xe,41,198,-1,18,1,0,nein,0
sa_fen_neutral_t29,6,34,A+28,0xe,39,198,-1,18,1,0,nein,0
sa_fen_neutral_t29,6,35,A+29,0xe,37,198,-1,18,1,0,nein,0
sa_fen_neutral_t29,6,36,A+30,0xe,34,198,-1,18,1,0,nein,0
sa_fen_neutral_t29,6,37,A+31,0xe,31,198,-1,18,1,0,nein,0
sa_fen_neutral_t29,6,38,A+32,0xa,27,198,-1,18,1,0,nein,0
sa_fen_neutral_t29,6,39,A+33,0xa,24,198,-1,18,1,0,nein,0
sa_fen_neutral_t29,6,40,A+34,0xa,20,198,-1,18,1,0,nein,0
sa_fen_neutral_t29,6,41,A+35,0xa,16,198,-1,18,1,0,nein,0
sa_fen_neutral_t29,6,42,A+36,0xa,12,198,-1,18,1,0,nein,0
sa_fen_neutral_t29,6,43,A+37,0xa,7,198,-1,18,1,0,nein,0
sa_fen_neutral_t29,6,44,A+38,0xa,2,198,-1,18,1,0,nein,0
sa_fen_neutral_t29,6,45,A+39,0xa,0,198,-1,18,1,0,nein,0
sa_fen_neutral_t29,6,46,A+40,0xa,0,198,-1,18,1,0,nein,0
sa_fen_neutral_t29,6,47,A+41,0xa,0,198,-1,18,1,0,nein,0
sa_fen_neutral_t29,6,48,A+42,0xa,0,198,-1,18,1,0,nein,0
sa_fen_neutral_t29,6,49,A+43,0xa,0,198,-1,18,1,0,nein,0
sa_fen_neutral_t29,6,50,A+44,0xa,0,198,-1,18,1,0,nein,0
sa_fen_neutral_t30,6,7,A+1,0xe,14,198,0,18,1,0,nein,0
sa_fen_neutral_t30,6,8,A+2,0xe,18,198,0,18,1,0,nein,0
sa_fen_neutral_t30,6,9,A+3,0xe,22,198,0,18,1,0,nein,0
sa_fen_neutral_t30,6,10,A+4,0xe,26,198,0,18,1,0,nein,0
sa_fen_neutral_t30,6,11,A+5,0xe,29,198,0,18,1,0,nein,0
sa_fen_neutral_t30,6,12,A+6,0xe,32,198,0,18,1,0,nein,0
sa_fen_neutral_t30,6,13,A+7,0xe,35,198,0,18,1,0,nein,0
sa_fen_neutral_t30,6,14,A+8,0xe,38,198,0,18,1,0,nein,0
sa_fen_neutral_t30,6,15,A+9,0xe,40,198,0,18,1,0,nein,0
sa_fen_neutral_t30,6,16,A+10,0xe,43,198,0,18,1,0,nein,0
sa_fen_neutral_t30,6,17,A+11,0xe,44,198,0,18,1,0,nein,0
sa_fen_neutral_t30,6,18,A+12,0xe,46,198,0,18,1,0,nein,0
sa_fen_neutral_t30,6,19,A+13,0xe,48,198,0,18,1,0,nein,0
sa_fen_neutral_t30,6,20,A+14,0xe,49,198,0,18,1,0,nein,0
sa_fen_neutral_t30,6,21,A+15,0xe,50,198,0,18,1,0,nein,0
sa_fen_neutral_t30,6,22,A+16,0xe,50,198,0,18,1,0,nein,0
sa_fen_neutral_t30,6,23,A+17,0xe,51,198,0,18,1,0,nein,0
sa_fen_neutral_t30,6,24,A+18,0xe,51,198,0,18,1,0,nein,0
sa_fen_neutral_t30,6,25,A+19,0xe,51,198,0,18,1,0,nein,0
sa_fen_neutral_t30,6,26,A+20,0xe,51,198,0,18,1,0,nein,0
sa_fen_neutral_t30,6,27,A+21,0xe,50,198,0,18,1,0,nein,0
sa_fen_neutral_t30,6,28,A+22,0xe,49,198,0,18,1,0,nein,0
sa_fen_neutral_t30,6,29,A+23,0xe,48,198,0,18,1,0,nein,0
sa_fen_neutral_t30,6,30,A+24,0xe,47,35,0,18,1,0,nein,0
sa_fen_neutral_t30,6,31,A+25,0xe,45,200,0,18,1,0,nein,0
sa_fen_neutral_t30,6,32,A+26,0xe,44,198,0,18,1,0,nein,0
sa_fen_neutral_t30,6,33,A+27,0xe,41,198,0,18,1,0,nein,0
sa_fen_neutral_t30,6,34,A+28,0xe,39,198,0,18,1,0,nein,0
sa_fen_neutral_t30,6,35,A+29,0xe,37,198,-1,18,1,0,nein,0
sa_fen_neutral_t30,6,36,A+30,0xe,34,198,-1,18,1,0,nein,0
sa_fen_neutral_t30,6,37,A+31,0xe,31,198,-1,18,1,0,nein,0
sa_fen_neutral_t30,6,38,A+32,0xa,27,198,-1,18,1,0,nein,0
sa_fen_neutral_t30,6,39,A+33,0xa,24,198,-1,18,1,0,nein,0
sa_fen_neutral_t30,6,40,A+34,0xa,20,198,-1,18,1,0,nein,0
sa_fen_neutral_t30,6,41,A+35,0xa,16,198,-1,18,1,0,nein,0
sa_fen_neutral_t30,6,42,A+36,0xa,12,198,-1,18,1,0,nein,0
sa_fen_neutral_t30,6,43,A+37,0xa,7,198,-1,18,1,0,nein,0
sa_fen_neutral_t30,6,44,A+38,0xa,2,198,-1,18,1,0,nein,0
sa_fen_neutral_t30,6,45,A+39,0xa,0,198,-1,18,1,0,nein,0
sa_fen_neutral_t30,6,46,A+40,0xa,0,198,-1,18,1,0,nein,0
sa_fen_neutral_t30,6,47,A+41,0xa,0,198,-1,18,1,0,nein,0
sa_fen_neutral_t30,6,48,A+42,0xa,0,198,-1,18,1,0,nein,0
sa_fen_neutral_t30,6,49,A+43,0xa,0,198,-1,18,1,0,nein,0
sa_fen_neutral_t30,6,50,A+44,0xa,0,198,-1,18,1,0,nein,0
sa_fen_neutral_t31,6,7,A+1,0xe,14,198,0,18,1,0,nein,0
sa_fen_neutral_t31,6,8,A+2,0xe,18,198,0,18,1,0,nein,0
sa_fen_neutral_t31,6,9,A+3,0xe,22,198,0,18,1,0,nein,0
sa_fen_neutral_t31,6,10,A+4,0xe,26,198,0,18,1,0,nein,0
sa_fen_neutral_t31,6,11,A+5,0xe,29,198,0,18,1,0,nein,0
sa_fen_neutral_t31,6,12,A+6,0xe,32,198,0,18,1,0,nein,0
sa_fen_neutral_t31,6,13,A+7,0xe,35,198,0,18,1,0,nein,0
sa_fen_neutral_t31,6,14,A+8,0xe,38,198,0,18,1,0,nein,0
sa_fen_neutral_t31,6,15,A+9,0xe,40,198,0,18,1,0,nein,0
sa_fen_neutral_t31,6,16,A+10,0xe,43,198,0,18,1,0,nein,0
sa_fen_neutral_t31,6,17,A+11,0xe,44,198,0,18,1,0,nein,0
sa_fen_neutral_t31,6,18,A+12,0xe,46,198,0,18,1,0,nein,0
sa_fen_neutral_t31,6,19,A+13,0xe,48,198,0,18,1,0,nein,0
sa_fen_neutral_t31,6,20,A+14,0xe,49,198,0,18,1,0,nein,0
sa_fen_neutral_t31,6,21,A+15,0xe,50,198,0,18,1,0,nein,0
sa_fen_neutral_t31,6,22,A+16,0xe,50,198,0,18,1,0,nein,0
sa_fen_neutral_t31,6,23,A+17,0xe,51,198,0,18,1,0,nein,0
sa_fen_neutral_t31,6,24,A+18,0xe,51,198,0,18,1,0,nein,0
sa_fen_neutral_t31,6,25,A+19,0xe,51,198,0,18,1,0,nein,0
sa_fen_neutral_t31,6,26,A+20,0xe,51,198,0,18,1,0,nein,0
sa_fen_neutral_t31,6,27,A+21,0xe,50,198,0,18,1,0,nein,0
sa_fen_neutral_t31,6,28,A+22,0xe,49,198,0,18,1,0,nein,0
sa_fen_neutral_t31,6,29,A+23,0xe,48,198,0,18,1,0,nein,0
sa_fen_neutral_t31,6,30,A+24,0xe,47,198,0,18,1,0,nein,0
sa_fen_neutral_t31,6,31,A+25,0xe,45,35,0,18,3,0,ja,7
sa_fen_neutral_t32,6,7,A+1,0xe,14,198,0,18,1,0,nein,0
sa_fen_neutral_t32,6,8,A+2,0xe,18,198,0,18,1,0,nein,0
sa_fen_neutral_t32,6,9,A+3,0xe,22,198,0,18,1,0,nein,0
sa_fen_neutral_t32,6,10,A+4,0xe,26,198,0,18,1,0,nein,0
sa_fen_neutral_t32,6,11,A+5,0xe,29,198,0,18,1,0,nein,0
sa_fen_neutral_t32,6,12,A+6,0xe,32,198,0,18,1,0,nein,0
sa_fen_neutral_t32,6,13,A+7,0xe,35,198,0,18,1,0,nein,0
sa_fen_neutral_t32,6,14,A+8,0xe,38,198,0,18,1,0,nein,0
sa_fen_neutral_t32,6,15,A+9,0xe,40,198,0,18,1,0,nein,0
sa_fen_neutral_t32,6,16,A+10,0xe,43,198,0,18,1,0,nein,0
sa_fen_neutral_t32,6,17,A+11,0xe,44,198,0,18,1,0,nein,0
sa_fen_neutral_t32,6,18,A+12,0xe,46,198,0,18,1,0,nein,0
sa_fen_neutral_t32,6,19,A+13,0xe,48,198,0,18,1,0,nein,0
sa_fen_neutral_t32,6,20,A+14,0xe,49,198,0,18,1,0,nein,0
sa_fen_neutral_t32,6,21,A+15,0xe,50,198,0,18,1,0,nein,0
sa_fen_neutral_t32,6,22,A+16,0xe,50,198,0,18,1,0,nein,0
sa_fen_neutral_t32,6,23,A+17,0xe,51,198,0,18,1,0,nein,0
sa_fen_neutral_t32,6,24,A+18,0xe,51,198,0,18,1,0,nein,0
sa_fen_neutral_t32,6,25,A+19,0xe,51,198,0,18,1,0,nein,0
sa_fen_neutral_t32,6,26,A+20,0xe,51,198,0,18,1,0,nein,0
sa_fen_neutral_t32,6,27,A+21,0xe,50,198,0,18,1,0,nein,0
sa_fen_neutral_t32,6,28,A+22,0xe,49,198,0,18,1,0,nein,0
sa_fen_neutral_t32,6,29,A+23,0xe,48,198,0,18,1,0,nein,0
sa_fen_neutral_t32,6,30,A+24,0xe,47,198,0,18,1,0,nein,0
sa_fen_neutral_t32,6,31,A+25,0xe,45,198,0,18,1,0,nein,0
sa_fen_neutral_t32,6,32,A+26,0xe,44,35,0,18,3,0,ja,7
sa_fen_neutral_t33,6,7,A+1,0xe,14,198,0,18,1,0,nein,0
sa_fen_neutral_t33,6,8,A+2,0xe,18,198,0,18,1,0,nein,0
sa_fen_neutral_t33,6,9,A+3,0xe,22,198,0,18,1,0,nein,0
sa_fen_neutral_t33,6,10,A+4,0xe,26,198,0,18,1,0,nein,0
sa_fen_neutral_t33,6,11,A+5,0xe,29,198,0,18,1,0,nein,0
sa_fen_neutral_t33,6,12,A+6,0xe,32,198,0,18,1,0,nein,0
sa_fen_neutral_t33,6,13,A+7,0xe,35,198,0,18,1,0,nein,0
sa_fen_neutral_t33,6,14,A+8,0xe,38,198,0,18,1,0,nein,0
sa_fen_neutral_t33,6,15,A+9,0xe,40,198,0,18,1,0,nein,0
sa_fen_neutral_t33,6,16,A+10,0xe,43,198,0,18,1,0,nein,0
sa_fen_neutral_t33,6,17,A+11,0xe,44,198,0,18,1,0,nein,0
sa_fen_neutral_t33,6,18,A+12,0xe,46,198,0,18,1,0,nein,0
sa_fen_neutral_t33,6,19,A+13,0xe,48,198,0,18,1,0,nein,0
sa_fen_neutral_t33,6,20,A+14,0xe,49,198,0,18,1,0,nein,0
sa_fen_neutral_t33,6,21,A+15,0xe,50,198,0,18,1,0,nein,0
sa_fen_neutral_t33,6,22,A+16,0xe,50,198,0,18,1,0,nein,0
sa_fen_neutral_t33,6,23,A+17,0xe,51,198,0,18,1,0,nein,0
sa_fen_neutral_t33,6,24,A+18,0xe,51,198,0,18,1,0,nein,0
sa_fen_neutral_t33,6,25,A+19,0xe,51,198,0,18,1,0,nein,0
sa_fen_neutral_t33,6,26,A+20,0xe,51,198,0,18,1,0,nein,0
sa_fen_neutral_t33,6,27,A+21,0xe,50,198,0,18,1,0,nein,0
sa_fen_neutral_t33,6,28,A+22,0xe,49,198,0,18,1,0,nein,0
sa_fen_neutral_t33,6,29,A+23,0xe,48,198,0,18,1,0,nein,0
sa_fen_neutral_t33,6,30,A+24,0xe,47,198,0,18,1,0,nein,0
sa_fen_neutral_t33,6,31,A+25,0xe,45,198,0,18,1,0,nein,0
sa_fen_neutral_t33,6,32,A+26,0xe,44,198,0,18,1,0,nein,0
sa_fen_neutral_t33,6,33,A+27,0xe,41,35,0,18,3,0,ja,7
sa_fen_neutral_t34,6,7,A+1,0xe,14,198,0,18,1,0,nein,0
sa_fen_neutral_t34,6,8,A+2,0xe,18,198,0,18,1,0,nein,0
sa_fen_neutral_t34,6,9,A+3,0xe,22,198,0,18,1,0,nein,0
sa_fen_neutral_t34,6,10,A+4,0xe,26,198,0,18,1,0,nein,0
sa_fen_neutral_t34,6,11,A+5,0xe,29,198,0,18,1,0,nein,0
sa_fen_neutral_t34,6,12,A+6,0xe,32,198,0,18,1,0,nein,0
sa_fen_neutral_t34,6,13,A+7,0xe,35,198,0,18,1,0,nein,0
sa_fen_neutral_t34,6,14,A+8,0xe,38,198,0,18,1,0,nein,0
sa_fen_neutral_t34,6,15,A+9,0xe,40,198,0,18,1,0,nein,0
sa_fen_neutral_t34,6,16,A+10,0xe,43,198,0,18,1,0,nein,0
sa_fen_neutral_t34,6,17,A+11,0xe,44,198,0,18,1,0,nein,0
sa_fen_neutral_t34,6,18,A+12,0xe,46,198,0,18,1,0,nein,0
sa_fen_neutral_t34,6,19,A+13,0xe,48,198,0,18,1,0,nein,0
sa_fen_neutral_t34,6,20,A+14,0xe,49,198,0,18,1,0,nein,0
sa_fen_neutral_t34,6,21,A+15,0xe,50,198,0,18,1,0,nein,0
sa_fen_neutral_t34,6,22,A+16,0xe,50,198,0,18,1,0,nein,0
sa_fen_neutral_t34,6,23,A+17,0xe,51,198,0,18,1,0,nein,0
sa_fen_neutral_t34,6,24,A+18,0xe,51,198,0,18,1,0,nein,0
sa_fen_neutral_t34,6,25,A+19,0xe,51,198,0,18,1,0,nein,0
sa_fen_neutral_t34,6,26,A+20,0xe,51,198,0,18,1,0,nein,0
sa_fen_neutral_t34,6,27,A+21,0xe,50,198,0,18,1,0,nein,0
sa_fen_neutral_t34,6,28,A+22,0xe,49,198,0,18,1,0,nein,0
sa_fen_neutral_t34,6,29,A+23,0xe,48,198,0,18,1,0,nein,0
sa_fen_neutral_t34,6,30,A+24,0xe,47,198,0,18,1,0,nein,0
sa_fen_neutral_t34,6,31,A+25,0xe,45,198,0,18,1,0,nein,0
sa_fen_neutral_t34,6,32,A+26,0xe,44,198,0,18,1,0,nein,0
sa_fen_neutral_t34,6,33,A+27,0xe,41,198,0,18,1,0,nein,0
sa_fen_neutral_t34,6,34,A+28,0xe,39,35,0,18,3,0,ja,7
sa_fen_neutral_t35,6,7,A+1,0xe,14,198,0,18,1,0,nein,0
sa_fen_neutral_t35,6,8,A+2,0xe,18,198,0,18,1,0,nein,0
sa_fen_neutral_t35,6,9,A+3,0xe,22,198,0,18,1,0,nein,0
sa_fen_neutral_t35,6,10,A+4,0xe,26,198,0,18,1,0,nein,0
sa_fen_neutral_t35,6,11,A+5,0xe,29,198,0,18,1,0,nein,0
sa_fen_neutral_t35,6,12,A+6,0xe,32,198,0,18,1,0,nein,0
sa_fen_neutral_t35,6,13,A+7,0xe,35,198,0,18,1,0,nein,0
sa_fen_neutral_t35,6,14,A+8,0xe,38,198,0,18,1,0,nein,0
sa_fen_neutral_t35,6,15,A+9,0xe,40,198,0,18,1,0,nein,0
sa_fen_neutral_t35,6,16,A+10,0xe,43,198,0,18,1,0,nein,0
sa_fen_neutral_t35,6,17,A+11,0xe,44,198,0,18,1,0,nein,0
sa_fen_neutral_t35,6,18,A+12,0xe,46,198,0,18,1,0,nein,0
sa_fen_neutral_t35,6,19,A+13,0xe,48,198,0,18,1,0,nein,0
sa_fen_neutral_t35,6,20,A+14,0xe,49,198,0,18,1,0,nein,0
sa_fen_neutral_t35,6,21,A+15,0xe,50,198,0,18,1,0,nein,0
sa_fen_neutral_t35,6,22,A+16,0xe,50,198,0,18,1,0,nein,0
sa_fen_neutral_t35,6,23,A+17,0xe,51,198,0,18,1,0,nein,0
sa_fen_neutral_t35,6,24,A+18,0xe,51,198,0,18,1,0,nein,0
sa_fen_neutral_t35,6,25,A+19,0xe,51,198,0,18,1,0,nein,0
sa_fen_neutral_t35,6,26,A+20,0xe,51,198,0,18,1,0,nein,0
sa_fen_neutral_t35,6,27,A+21,0xe,50,198,0,18,1,0,nein,0
sa_fen_neutral_t35,6,28,A+22,0xe,49,198,0,18,1,0,nein,0
sa_fen_neutral_t35,6,29,A+23,0xe,48,198,0,18,1,0,nein,0
sa_fen_neutral_t35,6,30,A+24,0xe,47,198,0,18,1,0,nein,0
sa_fen_neutral_t35,6,31,A+25,0xe,45,198,0,18,1,0,nein,0
sa_fen_neutral_t35,6,32,A+26,0xe,44,198,0,18,1,0,nein,0
sa_fen_neutral_t35,6,33,A+27,0xe,41,198,0,18,1,0,nein,0
sa_fen_neutral_t35,6,34,A+28,0xe,39,198,0,18,1,0,nein,0
sa_fen_neutral_t35,6,35,A+29,0xe,37,35,0,18,1,0,nein,0
sa_fen_neutral_t35,6,36,A+30,0xe,34,200,0,18,1,0,nein,0
sa_fen_neutral_t35,6,37,A+31,0xe,31,198,0,18,1,0,nein,0
sa_fen_neutral_t35,6,38,A+32,0xa,27,198,0,18,1,0,nein,0
sa_fen_neutral_t35,6,39,A+33,0xa,24,198,-1,18,1,0,nein,0
sa_fen_neutral_t35,6,40,A+34,0xa,20,198,-1,18,1,0,nein,0
sa_fen_neutral_t35,6,41,A+35,0xa,16,198,-1,18,1,0,nein,0
sa_fen_neutral_t35,6,42,A+36,0xa,12,198,-1,18,1,0,nein,0
sa_fen_neutral_t35,6,43,A+37,0xa,7,198,-1,18,1,0,nein,0
sa_fen_neutral_t35,6,44,A+38,0xa,2,198,-1,18,1,0,nein,0
sa_fen_neutral_t35,6,45,A+39,0xa,0,198,-1,18,1,0,nein,0
sa_fen_neutral_t35,6,46,A+40,0xa,0,198,-1,18,1,0,nein,0
sa_fen_neutral_t35,6,47,A+41,0xa,0,198,-1,18,1,0,nein,0
sa_fen_neutral_t35,6,48,A+42,0xa,0,198,-1,18,1,0,nein,0
sa_fen_neutral_t35,6,49,A+43,0xa,0,198,-1,18,1,0,nein,0
sa_fen_neutral_t35,6,50,A+44,0xa,0,198,-1,18,1,0,nein,0
sa_fen_neutral_t36,6,7,A+1,0xe,14,198,0,18,1,0,nein,0
sa_fen_neutral_t36,6,8,A+2,0xe,18,198,0,18,1,0,nein,0
sa_fen_neutral_t36,6,9,A+3,0xe,22,198,0,18,1,0,nein,0
sa_fen_neutral_t36,6,10,A+4,0xe,26,198,0,18,1,0,nein,0
sa_fen_neutral_t36,6,11,A+5,0xe,29,198,0,18,1,0,nein,0
sa_fen_neutral_t36,6,12,A+6,0xe,32,198,0,18,1,0,nein,0
sa_fen_neutral_t36,6,13,A+7,0xe,35,198,0,18,1,0,nein,0
sa_fen_neutral_t36,6,14,A+8,0xe,38,198,0,18,1,0,nein,0
sa_fen_neutral_t36,6,15,A+9,0xe,40,198,0,18,1,0,nein,0
sa_fen_neutral_t36,6,16,A+10,0xe,43,198,0,18,1,0,nein,0
sa_fen_neutral_t36,6,17,A+11,0xe,44,198,0,18,1,0,nein,0
sa_fen_neutral_t36,6,18,A+12,0xe,46,198,0,18,1,0,nein,0
sa_fen_neutral_t36,6,19,A+13,0xe,48,198,0,18,1,0,nein,0
sa_fen_neutral_t36,6,20,A+14,0xe,49,198,0,18,1,0,nein,0
sa_fen_neutral_t36,6,21,A+15,0xe,50,198,0,18,1,0,nein,0
sa_fen_neutral_t36,6,22,A+16,0xe,50,198,0,18,1,0,nein,0
sa_fen_neutral_t36,6,23,A+17,0xe,51,198,0,18,1,0,nein,0
sa_fen_neutral_t36,6,24,A+18,0xe,51,198,0,18,1,0,nein,0
sa_fen_neutral_t36,6,25,A+19,0xe,51,198,0,18,1,0,nein,0
sa_fen_neutral_t36,6,26,A+20,0xe,51,198,0,18,1,0,nein,0
sa_fen_neutral_t36,6,27,A+21,0xe,50,198,0,18,1,0,nein,0
sa_fen_neutral_t36,6,28,A+22,0xe,49,198,0,18,1,0,nein,0
sa_fen_neutral_t36,6,29,A+23,0xe,48,198,0,18,1,0,nein,0
sa_fen_neutral_t36,6,30,A+24,0xe,47,198,0,18,1,0,nein,0
sa_fen_neutral_t36,6,31,A+25,0xe,45,198,0,18,1,0,nein,0
sa_fen_neutral_t36,6,32,A+26,0xe,44,198,0,18,1,0,nein,0
sa_fen_neutral_t36,6,33,A+27,0xe,41,198,0,18,1,0,nein,0
sa_fen_neutral_t36,6,34,A+28,0xe,39,198,0,18,1,0,nein,0
sa_fen_neutral_t36,6,35,A+29,0xe,37,198,0,18,1,0,nein,0
sa_fen_neutral_t36,6,36,A+30,0xe,34,35,0,18,1,0,nein,0
sa_fen_neutral_t36,6,37,A+31,0xe,31,200,0,18,1,0,nein,0
sa_fen_neutral_t36,6,38,A+32,0xa,27,198,0,18,1,0,nein,0
sa_fen_neutral_t36,6,39,A+33,0xa,24,198,0,18,1,0,nein,0
sa_fen_neutral_t36,6,40,A+34,0xa,20,198,0,18,1,0,nein,0
sa_fen_neutral_t36,6,41,A+35,0xa,16,198,-1,18,1,0,nein,0
sa_fen_neutral_t36,6,42,A+36,0xa,12,198,-1,18,1,0,nein,0
sa_fen_neutral_t36,6,43,A+37,0xa,7,198,-1,18,1,0,nein,0
sa_fen_neutral_t36,6,44,A+38,0xa,2,198,-1,18,1,0,nein,0
sa_fen_neutral_t36,6,45,A+39,0xa,0,198,-1,18,1,0,nein,0
sa_fen_neutral_t36,6,46,A+40,0xa,0,198,-1,18,1,0,nein,0
sa_fen_neutral_t36,6,47,A+41,0xa,0,198,-1,18,1,0,nein,0
sa_fen_neutral_t36,6,48,A+42,0xa,0,198,-1,18,1,0,nein,0
sa_fen_neutral_t36,6,49,A+43,0xa,0,198,-1,18,1,0,nein,0
sa_fen_neutral_t36,6,50,A+44,0xa,0,198,-1,18,1,0,nein,0
sa_fen_neutral_t37,6,7,A+1,0xe,14,198,0,18,1,0,nein,0
sa_fen_neutral_t37,6,8,A+2,0xe,18,198,0,18,1,0,nein,0
sa_fen_neutral_t37,6,9,A+3,0xe,22,198,0,18,1,0,nein,0
sa_fen_neutral_t37,6,10,A+4,0xe,26,198,0,18,1,0,nein,0
sa_fen_neutral_t37,6,11,A+5,0xe,29,198,0,18,1,0,nein,0
sa_fen_neutral_t37,6,12,A+6,0xe,32,198,0,18,1,0,nein,0
sa_fen_neutral_t37,6,13,A+7,0xe,35,198,0,18,1,0,nein,0
sa_fen_neutral_t37,6,14,A+8,0xe,38,198,0,18,1,0,nein,0
sa_fen_neutral_t37,6,15,A+9,0xe,40,198,0,18,1,0,nein,0
sa_fen_neutral_t37,6,16,A+10,0xe,43,198,0,18,1,0,nein,0
sa_fen_neutral_t37,6,17,A+11,0xe,44,198,0,18,1,0,nein,0
sa_fen_neutral_t37,6,18,A+12,0xe,46,198,0,18,1,0,nein,0
sa_fen_neutral_t37,6,19,A+13,0xe,48,198,0,18,1,0,nein,0
sa_fen_neutral_t37,6,20,A+14,0xe,49,198,0,18,1,0,nein,0
sa_fen_neutral_t37,6,21,A+15,0xe,50,198,0,18,1,0,nein,0
sa_fen_neutral_t37,6,22,A+16,0xe,50,198,0,18,1,0,nein,0
sa_fen_neutral_t37,6,23,A+17,0xe,51,198,0,18,1,0,nein,0
sa_fen_neutral_t37,6,24,A+18,0xe,51,198,0,18,1,0,nein,0
sa_fen_neutral_t37,6,25,A+19,0xe,51,198,0,18,1,0,nein,0
sa_fen_neutral_t37,6,26,A+20,0xe,51,198,0,18,1,0,nein,0
sa_fen_neutral_t37,6,27,A+21,0xe,50,198,0,18,1,0,nein,0
sa_fen_neutral_t37,6,28,A+22,0xe,49,198,0,18,1,0,nein,0
sa_fen_neutral_t37,6,29,A+23,0xe,48,198,0,18,1,0,nein,0
sa_fen_neutral_t37,6,30,A+24,0xe,47,198,0,18,1,0,nein,0
sa_fen_neutral_t37,6,31,A+25,0xe,45,198,0,18,1,0,nein,0
sa_fen_neutral_t37,6,32,A+26,0xe,44,198,0,18,1,0,nein,0
sa_fen_neutral_t37,6,33,A+27,0xe,41,198,0,18,1,0,nein,0
sa_fen_neutral_t37,6,34,A+28,0xe,39,198,0,18,1,0,nein,0
sa_fen_neutral_t37,6,35,A+29,0xe,37,198,0,18,1,0,nein,0
sa_fen_neutral_t37,6,36,A+30,0xe,34,198,0,18,1,0,nein,0
sa_fen_neutral_t37,6,37,A+31,0xe,31,35,0,18,1,0,nein,0
sa_fen_neutral_t37,6,38,A+32,0xa,27,200,0,18,1,0,nein,0
sa_fen_neutral_t37,6,39,A+33,0xa,24,198,0,18,1,0,nein,0
sa_fen_neutral_t37,6,40,A+34,0xa,20,198,0,18,1,0,nein,0
sa_fen_neutral_t37,6,41,A+35,0xa,16,198,-1,18,1,0,nein,0
sa_fen_neutral_t37,6,42,A+36,0xa,12,198,-1,18,1,0,nein,0
sa_fen_neutral_t37,6,43,A+37,0xa,7,198,-1,18,1,0,nein,0
sa_fen_neutral_t37,6,44,A+38,0xa,2,198,-1,18,1,0,nein,0
sa_fen_neutral_t37,6,45,A+39,0xa,0,198,-1,18,1,0,nein,0
sa_fen_neutral_t37,6,46,A+40,0xa,0,198,-1,18,1,0,nein,0
sa_fen_neutral_t37,6,47,A+41,0xa,0,198,-1,18,1,0,nein,0
sa_fen_neutral_t37,6,48,A+42,0xa,0,198,-1,18,1,0,nein,0
sa_fen_neutral_t37,6,49,A+43,0xa,0,198,-1,18,1,0,nein,0
sa_fen_neutral_t37,6,50,A+44,0xa,0,198,-1,18,1,0,nein,0
sa_fen_richtung_t9,6,7,A+1,0xe,14,198,0,18,1,0,nein,0
sa_fen_richtung_t9,6,8,A+2,0xe,18,195,0,18,1,0,nein,0
sa_fen_richtung_t9,6,9,A+3,0xe,22,33,0,18,1,0,nein,0
sa_fen_richtung_t9,6,10,A+4,0xe,26,198,0,18,1,0,nein,0
sa_fen_richtung_t9,6,11,A+5,0xe,29,196,0,18,1,0,nein,0
sa_fen_richtung_t9,6,12,A+6,0xe,32,195,0,18,1,0,nein,0
sa_fen_richtung_t9,6,13,A+7,0xe,35,196,-1,18,1,0,nein,0
sa_fen_richtung_t9,6,14,A+8,0xe,38,196,-1,18,1,0,nein,0
sa_fen_richtung_t9,6,15,A+9,0xe,40,196,-1,18,1,0,nein,0
sa_fen_richtung_t9,6,16,A+10,0xe,43,195,-1,18,1,0,nein,0
sa_fen_richtung_t9,6,17,A+11,0xe,44,196,-1,18,1,0,nein,0
sa_fen_richtung_t9,6,18,A+12,0xe,46,196,-1,18,1,0,nein,0
sa_fen_richtung_t9,6,19,A+13,0xe,48,196,-1,18,1,0,nein,0
sa_fen_richtung_t9,6,20,A+14,0xe,49,195,-1,18,1,0,nein,0
sa_fen_richtung_t9,6,21,A+15,0xe,50,196,-1,18,1,0,nein,0
sa_fen_richtung_t9,6,22,A+16,0xe,50,196,-1,18,1,0,nein,0
sa_fen_richtung_t9,6,23,A+17,0xe,51,196,-1,18,1,0,nein,0
sa_fen_richtung_t9,6,24,A+18,0xe,51,195,-1,18,1,0,nein,0
sa_fen_richtung_t9,6,25,A+19,0xe,51,196,-1,18,1,0,nein,0
sa_fen_richtung_t9,6,26,A+20,0xe,51,196,-1,18,1,0,nein,0
sa_fen_richtung_t9,6,27,A+21,0xe,50,196,-1,18,1,0,nein,0
sa_fen_richtung_t9,6,28,A+22,0xe,49,195,-1,18,1,0,nein,0
sa_fen_richtung_t9,6,29,A+23,0xe,48,196,-1,18,1,0,nein,0
sa_fen_richtung_t9,6,30,A+24,0xe,47,196,-1,18,1,0,nein,0
sa_fen_richtung_t9,6,31,A+25,0xe,45,196,-1,18,1,0,nein,0
sa_fen_richtung_t9,6,32,A+26,0xe,44,195,-1,18,1,0,nein,0
sa_fen_richtung_t9,6,33,A+27,0xe,41,196,-1,18,1,0,nein,0
sa_fen_richtung_t9,6,34,A+28,0xe,39,196,-1,18,1,0,nein,0
sa_fen_richtung_t9,6,35,A+29,0xe,37,196,-1,18,1,0,nein,0
sa_fen_richtung_t9,6,36,A+30,0xe,34,195,-1,18,1,0,nein,0
sa_fen_richtung_t9,6,37,A+31,0xe,31,196,-1,18,1,0,nein,0
sa_fen_richtung_t9,6,38,A+32,0xa,27,196,-1,18,1,0,nein,0
sa_fen_richtung_t9,6,39,A+33,0xa,24,196,-1,18,1,0,nein,0
sa_fen_richtung_t9,6,40,A+34,0xa,20,195,-1,18,1,0,nein,0
sa_fen_richtung_t9,6,41,A+35,0xa,16,196,-1,18,1,0,nein,0
sa_fen_richtung_t9,6,42,A+36,0xa,12,196,-1,18,1,0,nein,0
sa_fen_richtung_t9,6,43,A+37,0xa,7,196,-1,18,1,0,nein,0
sa_fen_richtung_t9,6,44,A+38,0xa,2,195,-1,18,1,0,nein,0
sa_fen_richtung_t9,6,45,A+39,0xa,0,196,-1,18,1,0,nein,0
sa_fen_richtung_t9,6,46,A+40,0xa,0,198,-1,18,1,0,nein,0
sa_fen_richtung_t9,6,47,A+41,0xa,0,198,-1,18,1,0,nein,0
sa_fen_richtung_t9,6,48,A+42,0xa,0,198,-1,18,1,0,nein,0
sa_fen_richtung_t9,6,49,A+43,0xa,0,198,-1,18,1,0,nein,0
sa_fen_richtung_t9,6,50,A+44,0xa,0,200,0,18,1,0,nein,0
sa_fen_richtung_t10,6,7,A+1,0xe,14,198,0,18,1,0,nein,0
sa_fen_richtung_t10,6,8,A+2,0xe,18,195,0,18,1,0,nein,0
sa_fen_richtung_t10,6,9,A+3,0xe,22,196,0,18,1,0,nein,0
sa_fen_richtung_t10,6,10,A+4,0xe,26,33,0,18,1,0,nein,0
sa_fen_richtung_t10,6,11,A+5,0xe,29,198,0,18,1,0,nein,0
sa_fen_richtung_t10,6,12,A+6,0xe,32,195,0,18,1,0,nein,0
sa_fen_richtung_t10,6,13,A+7,0xe,35,196,0,18,1,0,nein,0
sa_fen_richtung_t10,6,14,A+8,0xe,38,196,0,18,1,0,nein,0
sa_fen_richtung_t10,6,15,A+9,0xe,40,196,-1,18,1,0,nein,0
sa_fen_richtung_t10,6,16,A+10,0xe,43,195,-1,18,1,0,nein,0
sa_fen_richtung_t10,6,17,A+11,0xe,44,196,-1,18,1,0,nein,0
sa_fen_richtung_t10,6,18,A+12,0xe,46,196,-1,18,1,0,nein,0
sa_fen_richtung_t10,6,19,A+13,0xe,48,196,-1,18,1,0,nein,0
sa_fen_richtung_t10,6,20,A+14,0xe,49,195,-1,18,1,0,nein,0
sa_fen_richtung_t10,6,21,A+15,0xe,50,196,-1,18,1,0,nein,0
sa_fen_richtung_t10,6,22,A+16,0xe,50,196,-1,18,1,0,nein,0
sa_fen_richtung_t10,6,23,A+17,0xe,51,196,-1,18,1,0,nein,0
sa_fen_richtung_t10,6,24,A+18,0xe,51,195,-1,18,1,0,nein,0
sa_fen_richtung_t10,6,25,A+19,0xe,51,196,-1,18,1,0,nein,0
sa_fen_richtung_t10,6,26,A+20,0xe,51,196,-1,18,1,0,nein,0
sa_fen_richtung_t10,6,27,A+21,0xe,50,196,-1,18,1,0,nein,0
sa_fen_richtung_t10,6,28,A+22,0xe,49,195,-1,18,1,0,nein,0
sa_fen_richtung_t10,6,29,A+23,0xe,48,196,-1,18,1,0,nein,0
sa_fen_richtung_t10,6,30,A+24,0xe,47,196,-1,18,1,0,nein,0
sa_fen_richtung_t10,6,31,A+25,0xe,45,196,-1,18,1,0,nein,0
sa_fen_richtung_t10,6,32,A+26,0xe,44,195,-1,18,1,0,nein,0
sa_fen_richtung_t10,6,33,A+27,0xe,41,196,-1,18,1,0,nein,0
sa_fen_richtung_t10,6,34,A+28,0xe,39,196,-1,18,1,0,nein,0
sa_fen_richtung_t10,6,35,A+29,0xe,37,196,-1,18,1,0,nein,0
sa_fen_richtung_t10,6,36,A+30,0xe,34,195,-1,18,1,0,nein,0
sa_fen_richtung_t10,6,37,A+31,0xe,31,196,-1,18,1,0,nein,0
sa_fen_richtung_t10,6,38,A+32,0xa,27,196,-1,18,1,0,nein,0
sa_fen_richtung_t10,6,39,A+33,0xa,24,196,-1,18,1,0,nein,0
sa_fen_richtung_t10,6,40,A+34,0xa,20,195,-1,18,1,0,nein,0
sa_fen_richtung_t10,6,41,A+35,0xa,16,196,-1,18,1,0,nein,0
sa_fen_richtung_t10,6,42,A+36,0xa,12,196,-1,18,1,0,nein,0
sa_fen_richtung_t10,6,43,A+37,0xa,7,196,-1,18,1,0,nein,0
sa_fen_richtung_t10,6,44,A+38,0xa,2,195,-1,18,1,0,nein,0
sa_fen_richtung_t10,6,45,A+39,0xa,0,196,-1,18,1,0,nein,0
sa_fen_richtung_t10,6,46,A+40,0xa,0,198,-1,18,1,0,nein,0
sa_fen_richtung_t10,6,47,A+41,0xa,0,198,-1,18,1,0,nein,0
sa_fen_richtung_t10,6,48,A+42,0xa,0,198,-1,18,1,0,nein,0
sa_fen_richtung_t10,6,49,A+43,0xa,0,198,-1,18,1,0,nein,0
sa_fen_richtung_t10,6,50,A+44,0xa,0,198,-1,18,1,0,nein,0
sa_fen_richtung_t11,6,7,A+1,0xe,14,198,0,18,1,0,nein,0
sa_fen_richtung_t11,6,8,A+2,0xe,18,195,0,18,1,0,nein,0
sa_fen_richtung_t11,6,9,A+3,0xe,22,196,0,18,1,0,nein,0
sa_fen_richtung_t11,6,10,A+4,0xe,26,196,0,18,1,0,nein,0
sa_fen_richtung_t11,6,11,A+5,0xe,29,33,0,18,3,0,ja,7
sa_fen_richtung_t12,6,7,A+1,0xe,14,198,0,18,1,0,nein,0
sa_fen_richtung_t12,6,8,A+2,0xe,18,195,0,18,1,0,nein,0
sa_fen_richtung_t12,6,9,A+3,0xe,22,196,0,18,1,0,nein,0
sa_fen_richtung_t12,6,10,A+4,0xe,26,196,0,18,1,0,nein,0
sa_fen_richtung_t12,6,11,A+5,0xe,29,196,0,18,1,0,nein,0
sa_fen_richtung_t12,6,12,A+6,0xe,32,32,0,18,3,0,ja,7
sa_fen_richtung_t13,6,7,A+1,0xe,14,198,0,18,1,0,nein,0
sa_fen_richtung_t13,6,8,A+2,0xe,18,195,0,18,1,0,nein,0
sa_fen_richtung_t13,6,9,A+3,0xe,22,196,0,18,1,0,nein,0
sa_fen_richtung_t13,6,10,A+4,0xe,26,196,0,18,1,0,nein,0
sa_fen_richtung_t13,6,11,A+5,0xe,29,196,0,18,1,0,nein,0
sa_fen_richtung_t13,6,12,A+6,0xe,32,195,0,18,1,0,nein,0
sa_fen_richtung_t13,6,13,A+7,0xe,35,33,0,18,3,0,ja,7
sa_fen_richtung_t14,6,7,A+1,0xe,14,198,0,18,1,0,nein,0
sa_fen_richtung_t14,6,8,A+2,0xe,18,195,0,18,1,0,nein,0
sa_fen_richtung_t14,6,9,A+3,0xe,22,196,0,18,1,0,nein,0
sa_fen_richtung_t14,6,10,A+4,0xe,26,196,0,18,1,0,nein,0
sa_fen_richtung_t14,6,11,A+5,0xe,29,196,0,18,1,0,nein,0
sa_fen_richtung_t14,6,12,A+6,0xe,32,195,0,18,1,0,nein,0
sa_fen_richtung_t14,6,13,A+7,0xe,35,196,0,18,1,0,nein,0
sa_fen_richtung_t14,6,14,A+8,0xe,38,33,0,18,3,0,ja,7
sa_fen_richtung_t15,6,7,A+1,0xe,14,198,0,18,1,0,nein,0
sa_fen_richtung_t15,6,8,A+2,0xe,18,195,0,18,1,0,nein,0
sa_fen_richtung_t15,6,9,A+3,0xe,22,196,0,18,1,0,nein,0
sa_fen_richtung_t15,6,10,A+4,0xe,26,196,0,18,1,0,nein,0
sa_fen_richtung_t15,6,11,A+5,0xe,29,196,0,18,1,0,nein,0
sa_fen_richtung_t15,6,12,A+6,0xe,32,195,0,18,1,0,nein,0
sa_fen_richtung_t15,6,13,A+7,0xe,35,196,0,18,1,0,nein,0
sa_fen_richtung_t15,6,14,A+8,0xe,38,196,0,18,1,0,nein,0
sa_fen_richtung_t15,6,15,A+9,0xe,40,33,0,18,3,0,ja,7
sa_fen_richtung_t16,6,7,A+1,0xe,14,198,0,18,1,0,nein,0
sa_fen_richtung_t16,6,8,A+2,0xe,18,195,0,18,1,0,nein,0
sa_fen_richtung_t16,6,9,A+3,0xe,22,196,0,18,1,0,nein,0
sa_fen_richtung_t16,6,10,A+4,0xe,26,196,0,18,1,0,nein,0
sa_fen_richtung_t16,6,11,A+5,0xe,29,196,0,18,1,0,nein,0
sa_fen_richtung_t16,6,12,A+6,0xe,32,195,0,18,1,0,nein,0
sa_fen_richtung_t16,6,13,A+7,0xe,35,196,0,18,1,0,nein,0
sa_fen_richtung_t16,6,14,A+8,0xe,38,196,0,18,1,0,nein,0
sa_fen_richtung_t16,6,15,A+9,0xe,40,196,0,18,1,0,nein,0
sa_fen_richtung_t16,6,16,A+10,0xe,43,32,0,18,1,0,nein,0
sa_fen_richtung_t16,6,17,A+11,0xe,44,198,0,18,1,0,nein,0
sa_fen_richtung_t16,6,18,A+12,0xe,46,196,0,18,1,0,nein,0
sa_fen_richtung_t16,6,19,A+13,0xe,48,196,0,18,1,0,nein,0
sa_fen_richtung_t16,6,20,A+14,0xe,49,195,0,18,1,0,nein,0
sa_fen_richtung_t16,6,21,A+15,0xe,50,196,-1,18,1,0,nein,0
sa_fen_richtung_t16,6,22,A+16,0xe,50,196,-1,18,1,0,nein,0
sa_fen_richtung_t16,6,23,A+17,0xe,51,196,-1,18,1,0,nein,0
sa_fen_richtung_t16,6,24,A+18,0xe,51,195,-1,18,1,0,nein,0
sa_fen_richtung_t16,6,25,A+19,0xe,51,196,-1,18,1,0,nein,0
sa_fen_richtung_t16,6,26,A+20,0xe,51,196,-1,18,1,0,nein,0
sa_fen_richtung_t16,6,27,A+21,0xe,50,196,-1,18,1,0,nein,0
sa_fen_richtung_t16,6,28,A+22,0xe,49,195,-1,18,1,0,nein,0
sa_fen_richtung_t16,6,29,A+23,0xe,48,196,-1,18,1,0,nein,0
sa_fen_richtung_t16,6,30,A+24,0xe,47,196,-1,18,1,0,nein,0
sa_fen_richtung_t16,6,31,A+25,0xe,45,196,-1,18,1,0,nein,0
sa_fen_richtung_t16,6,32,A+26,0xe,44,195,-1,18,1,0,nein,0
sa_fen_richtung_t16,6,33,A+27,0xe,41,196,-1,18,1,0,nein,0
sa_fen_richtung_t16,6,34,A+28,0xe,39,196,-1,18,1,0,nein,0
sa_fen_richtung_t16,6,35,A+29,0xe,37,196,-1,18,1,0,nein,0
sa_fen_richtung_t16,6,36,A+30,0xe,34,195,-1,18,1,0,nein,0
sa_fen_richtung_t16,6,37,A+31,0xe,31,196,-1,18,1,0,nein,0
sa_fen_richtung_t16,6,38,A+32,0xa,27,196,-1,18,1,0,nein,0
sa_fen_richtung_t16,6,39,A+33,0xa,24,196,-1,18,1,0,nein,0
sa_fen_richtung_t16,6,40,A+34,0xa,20,195,-1,18,1,0,nein,0
sa_fen_richtung_t16,6,41,A+35,0xa,16,196,-1,18,1,0,nein,0
sa_fen_richtung_t16,6,42,A+36,0xa,12,196,-1,18,1,0,nein,0
sa_fen_richtung_t16,6,43,A+37,0xa,7,196,-1,18,1,0,nein,0
sa_fen_richtung_t16,6,44,A+38,0xa,2,195,-1,18,1,0,nein,0
sa_fen_richtung_t16,6,45,A+39,0xa,0,196,-1,18,1,0,nein,0
sa_fen_richtung_t16,6,46,A+40,0xa,0,198,-1,18,1,0,nein,0
sa_fen_richtung_t16,6,47,A+41,0xa,0,198,-1,18,1,0,nein,0
sa_fen_richtung_t16,6,48,A+42,0xa,0,198,-1,18,1,0,nein,0
sa_fen_richtung_t16,6,49,A+43,0xa,0,198,-1,18,1,0,nein,0
sa_fen_richtung_t16,6,50,A+44,0xa,0,198,-1,18,1,0,nein,0
sa_fen_richtung_t17,6,7,A+1,0xe,14,198,0,18,1,0,nein,0
sa_fen_richtung_t17,6,8,A+2,0xe,18,195,0,18,1,0,nein,0
sa_fen_richtung_t17,6,9,A+3,0xe,22,196,0,18,1,0,nein,0
sa_fen_richtung_t17,6,10,A+4,0xe,26,196,0,18,1,0,nein,0
sa_fen_richtung_t17,6,11,A+5,0xe,29,196,0,18,1,0,nein,0
sa_fen_richtung_t17,6,12,A+6,0xe,32,195,0,18,1,0,nein,0
sa_fen_richtung_t17,6,13,A+7,0xe,35,196,0,18,1,0,nein,0
sa_fen_richtung_t17,6,14,A+8,0xe,38,196,0,18,1,0,nein,0
sa_fen_richtung_t17,6,15,A+9,0xe,40,196,0,18,1,0,nein,0
sa_fen_richtung_t17,6,16,A+10,0xe,43,195,0,18,1,0,nein,0
sa_fen_richtung_t17,6,17,A+11,0xe,44,33,0,18,1,0,nein,0
sa_fen_richtung_t17,6,18,A+12,0xe,46,198,0,18,1,0,nein,0
sa_fen_richtung_t17,6,19,A+13,0xe,48,196,0,18,1,0,nein,0
sa_fen_richtung_t17,6,20,A+14,0xe,49,195,0,18,1,0,nein,0
sa_fen_richtung_t17,6,21,A+15,0xe,50,196,-1,18,1,0,nein,0
sa_fen_richtung_t17,6,22,A+16,0xe,50,196,-1,18,1,0,nein,0
sa_fen_richtung_t17,6,23,A+17,0xe,51,196,-1,18,1,0,nein,0
sa_fen_richtung_t17,6,24,A+18,0xe,51,195,-1,18,1,0,nein,0
sa_fen_richtung_t17,6,25,A+19,0xe,51,196,-1,18,1,0,nein,0
sa_fen_richtung_t17,6,26,A+20,0xe,51,196,-1,18,1,0,nein,0
sa_fen_richtung_t17,6,27,A+21,0xe,50,196,-1,18,1,0,nein,0
sa_fen_richtung_t17,6,28,A+22,0xe,49,195,-1,18,1,0,nein,0
sa_fen_richtung_t17,6,29,A+23,0xe,48,196,-1,18,1,0,nein,0
sa_fen_richtung_t17,6,30,A+24,0xe,47,196,-1,18,1,0,nein,0
sa_fen_richtung_t17,6,31,A+25,0xe,45,196,-1,18,1,0,nein,0
sa_fen_richtung_t17,6,32,A+26,0xe,44,195,-1,18,1,0,nein,0
sa_fen_richtung_t17,6,33,A+27,0xe,41,196,-1,18,1,0,nein,0
sa_fen_richtung_t17,6,34,A+28,0xe,39,196,-1,18,1,0,nein,0
sa_fen_richtung_t17,6,35,A+29,0xe,37,196,-1,18,1,0,nein,0
sa_fen_richtung_t17,6,36,A+30,0xe,34,195,-1,18,1,0,nein,0
sa_fen_richtung_t17,6,37,A+31,0xe,31,196,-1,18,1,0,nein,0
sa_fen_richtung_t17,6,38,A+32,0xa,27,196,-1,18,1,0,nein,0
sa_fen_richtung_t17,6,39,A+33,0xa,24,196,-1,18,1,0,nein,0
sa_fen_richtung_t17,6,40,A+34,0xa,20,195,-1,18,1,0,nein,0
sa_fen_richtung_t17,6,41,A+35,0xa,16,196,-1,18,1,0,nein,0
sa_fen_richtung_t17,6,42,A+36,0xa,12,196,-1,18,1,0,nein,0
sa_fen_richtung_t17,6,43,A+37,0xa,7,196,-1,18,1,0,nein,0
sa_fen_richtung_t17,6,44,A+38,0xa,2,195,-1,18,1,0,nein,0
sa_fen_richtung_t17,6,45,A+39,0xa,0,196,-1,18,1,0,nein,0
sa_fen_richtung_t17,6,46,A+40,0xa,0,198,-1,18,1,0,nein,0
sa_fen_richtung_t17,6,47,A+41,0xa,0,198,-1,18,1,0,nein,0
sa_fen_richtung_t17,6,48,A+42,0xa,0,198,-1,18,1,0,nein,0
sa_fen_richtung_t17,6,49,A+43,0xa,0,198,-1,18,1,0,nein,0
sa_fen_richtung_t17,6,50,A+44,0xa,0,198,-1,18,1,0,nein,0
sa_fen_richtung_t18,6,7,A+1,0xe,14,198,0,18,1,0,nein,0
sa_fen_richtung_t18,6,8,A+2,0xe,18,195,0,18,1,0,nein,0
sa_fen_richtung_t18,6,9,A+3,0xe,22,196,0,18,1,0,nein,0
sa_fen_richtung_t18,6,10,A+4,0xe,26,196,0,18,1,0,nein,0
sa_fen_richtung_t18,6,11,A+5,0xe,29,196,0,18,1,0,nein,0
sa_fen_richtung_t18,6,12,A+6,0xe,32,195,0,18,1,0,nein,0
sa_fen_richtung_t18,6,13,A+7,0xe,35,196,0,18,1,0,nein,0
sa_fen_richtung_t18,6,14,A+8,0xe,38,196,0,18,1,0,nein,0
sa_fen_richtung_t18,6,15,A+9,0xe,40,196,0,18,1,0,nein,0
sa_fen_richtung_t18,6,16,A+10,0xe,43,195,0,18,1,0,nein,0
sa_fen_richtung_t18,6,17,A+11,0xe,44,196,0,18,1,0,nein,0
sa_fen_richtung_t18,6,18,A+12,0xe,46,33,0,18,1,0,nein,0
sa_fen_richtung_t18,6,19,A+13,0xe,48,198,0,18,1,0,nein,0
sa_fen_richtung_t18,6,20,A+14,0xe,49,195,0,18,1,0,nein,0
sa_fen_richtung_t18,6,21,A+15,0xe,50,196,0,18,1,0,nein,0
sa_fen_richtung_t18,6,22,A+16,0xe,50,196,0,18,1,0,nein,0
sa_fen_richtung_t18,6,23,A+17,0xe,51,196,-1,18,1,0,nein,0
sa_fen_richtung_t18,6,24,A+18,0xe,51,195,-1,18,1,0,nein,0
sa_fen_richtung_t18,6,25,A+19,0xe,51,196,-1,18,1,0,nein,0
sa_fen_richtung_t18,6,26,A+20,0xe,51,196,-1,18,1,0,nein,0
sa_fen_richtung_t18,6,27,A+21,0xe,50,196,-1,18,1,0,nein,0
sa_fen_richtung_t18,6,28,A+22,0xe,49,195,-1,18,1,0,nein,0
sa_fen_richtung_t18,6,29,A+23,0xe,48,196,-1,18,1,0,nein,0
sa_fen_richtung_t18,6,30,A+24,0xe,47,196,-1,18,1,0,nein,0
sa_fen_richtung_t18,6,31,A+25,0xe,45,196,-1,18,1,0,nein,0
sa_fen_richtung_t18,6,32,A+26,0xe,44,195,-1,18,1,0,nein,0
sa_fen_richtung_t18,6,33,A+27,0xe,41,196,-1,18,1,0,nein,0
sa_fen_richtung_t18,6,34,A+28,0xe,39,196,-1,18,1,0,nein,0
sa_fen_richtung_t18,6,35,A+29,0xe,37,196,-1,18,1,0,nein,0
sa_fen_richtung_t18,6,36,A+30,0xe,34,195,-1,18,1,0,nein,0
sa_fen_richtung_t18,6,37,A+31,0xe,31,196,-1,18,1,0,nein,0
sa_fen_richtung_t18,6,38,A+32,0xa,27,196,-1,18,1,0,nein,0
sa_fen_richtung_t18,6,39,A+33,0xa,24,196,-1,18,1,0,nein,0
sa_fen_richtung_t18,6,40,A+34,0xa,20,195,-1,18,1,0,nein,0
sa_fen_richtung_t18,6,41,A+35,0xa,16,196,-1,18,1,0,nein,0
sa_fen_richtung_t18,6,42,A+36,0xa,12,196,-1,18,1,0,nein,0
sa_fen_richtung_t18,6,43,A+37,0xa,7,196,-1,18,1,0,nein,0
sa_fen_richtung_t18,6,44,A+38,0xa,2,195,-1,18,1,0,nein,0
sa_fen_richtung_t18,6,45,A+39,0xa,0,196,-1,18,1,0,nein,0
sa_fen_richtung_t18,6,46,A+40,0xa,0,198,-1,18,1,0,nein,0
sa_fen_richtung_t18,6,47,A+41,0xa,0,198,-1,18,1,0,nein,0
sa_fen_richtung_t18,6,48,A+42,0xa,0,198,-1,18,1,0,nein,0
sa_fen_richtung_t18,6,49,A+43,0xa,0,198,-1,18,1,0,nein,0
sa_fen_richtung_t18,6,50,A+44,0xa,0,198,-1,18,1,0,nein,0
sa_fen_richtung_t19,6,7,A+1,0xe,14,198,0,18,1,0,nein,0
sa_fen_richtung_t19,6,8,A+2,0xe,18,195,0,18,1,0,nein,0
sa_fen_richtung_t19,6,9,A+3,0xe,22,196,0,18,1,0,nein,0
sa_fen_richtung_t19,6,10,A+4,0xe,26,196,0,18,1,0,nein,0
sa_fen_richtung_t19,6,11,A+5,0xe,29,196,0,18,1,0,nein,0
sa_fen_richtung_t19,6,12,A+6,0xe,32,195,0,18,1,0,nein,0
sa_fen_richtung_t19,6,13,A+7,0xe,35,196,0,18,1,0,nein,0
sa_fen_richtung_t19,6,14,A+8,0xe,38,196,0,18,1,0,nein,0
sa_fen_richtung_t19,6,15,A+9,0xe,40,196,0,18,1,0,nein,0
sa_fen_richtung_t19,6,16,A+10,0xe,43,195,0,18,1,0,nein,0
sa_fen_richtung_t19,6,17,A+11,0xe,44,196,0,18,1,0,nein,0
sa_fen_richtung_t19,6,18,A+12,0xe,46,196,0,18,1,0,nein,0
sa_fen_richtung_t19,6,19,A+13,0xe,48,33,0,18,1,0,nein,0
sa_fen_richtung_t19,6,20,A+14,0xe,49,197,0,18,1,0,nein,0
sa_fen_richtung_t19,6,21,A+15,0xe,50,196,0,18,1,0,nein,0
sa_fen_richtung_t19,6,22,A+16,0xe,50,196,0,18,1,0,nein,0
sa_fen_richtung_t19,6,23,A+17,0xe,51,196,-1,18,1,0,nein,0
sa_fen_richtung_t19,6,24,A+18,0xe,51,195,-1,18,1,0,nein,0
sa_fen_richtung_t19,6,25,A+19,0xe,51,196,-1,18,1,0,nein,0
sa_fen_richtung_t19,6,26,A+20,0xe,51,196,-1,18,1,0,nein,0
sa_fen_richtung_t19,6,27,A+21,0xe,50,196,-1,18,1,0,nein,0
sa_fen_richtung_t19,6,28,A+22,0xe,49,195,-1,18,1,0,nein,0
sa_fen_richtung_t19,6,29,A+23,0xe,48,196,-1,18,1,0,nein,0
sa_fen_richtung_t19,6,30,A+24,0xe,47,196,-1,18,1,0,nein,0
sa_fen_richtung_t19,6,31,A+25,0xe,45,196,-1,18,1,0,nein,0
sa_fen_richtung_t19,6,32,A+26,0xe,44,195,-1,18,1,0,nein,0
sa_fen_richtung_t19,6,33,A+27,0xe,41,196,-1,18,1,0,nein,0
sa_fen_richtung_t19,6,34,A+28,0xe,39,196,-1,18,1,0,nein,0
sa_fen_richtung_t19,6,35,A+29,0xe,37,196,-1,18,1,0,nein,0
sa_fen_richtung_t19,6,36,A+30,0xe,34,195,-1,18,1,0,nein,0
sa_fen_richtung_t19,6,37,A+31,0xe,31,196,-1,18,1,0,nein,0
sa_fen_richtung_t19,6,38,A+32,0xa,27,196,-1,18,1,0,nein,0
sa_fen_richtung_t19,6,39,A+33,0xa,24,196,-1,18,1,0,nein,0
sa_fen_richtung_t19,6,40,A+34,0xa,20,195,-1,18,1,0,nein,0
sa_fen_richtung_t19,6,41,A+35,0xa,16,196,-1,18,1,0,nein,0
sa_fen_richtung_t19,6,42,A+36,0xa,12,196,-1,18,1,0,nein,0
sa_fen_richtung_t19,6,43,A+37,0xa,7,196,-1,18,1,0,nein,0
sa_fen_richtung_t19,6,44,A+38,0xa,2,195,-1,18,1,0,nein,0
sa_fen_richtung_t19,6,45,A+39,0xa,0,196,-1,18,1,0,nein,0
sa_fen_richtung_t19,6,46,A+40,0xa,0,198,-1,18,1,0,nein,0
sa_fen_richtung_t19,6,47,A+41,0xa,0,198,-1,18,1,0,nein,0
sa_fen_richtung_t19,6,48,A+42,0xa,0,198,-1,18,1,0,nein,0
sa_fen_richtung_t19,6,49,A+43,0xa,0,198,-1,18,1,0,nein,0
sa_fen_richtung_t19,6,50,A+44,0xa,0,198,-1,18,1,0,nein,0
sa_fen_richtung_t20,6,7,A+1,0xe,14,198,0,18,1,0,nein,0
sa_fen_richtung_t20,6,8,A+2,0xe,18,195,0,18,1,0,nein,0
sa_fen_richtung_t20,6,9,A+3,0xe,22,196,0,18,1,0,nein,0
sa_fen_richtung_t20,6,10,A+4,0xe,26,196,0,18,1,0,nein,0
sa_fen_richtung_t20,6,11,A+5,0xe,29,196,0,18,1,0,nein,0
sa_fen_richtung_t20,6,12,A+6,0xe,32,195,0,18,1,0,nein,0
sa_fen_richtung_t20,6,13,A+7,0xe,35,196,0,18,1,0,nein,0
sa_fen_richtung_t20,6,14,A+8,0xe,38,196,0,18,1,0,nein,0
sa_fen_richtung_t20,6,15,A+9,0xe,40,196,0,18,1,0,nein,0
sa_fen_richtung_t20,6,16,A+10,0xe,43,195,0,18,1,0,nein,0
sa_fen_richtung_t20,6,17,A+11,0xe,44,196,0,18,1,0,nein,0
sa_fen_richtung_t20,6,18,A+12,0xe,46,196,0,18,1,0,nein,0
sa_fen_richtung_t20,6,19,A+13,0xe,48,196,0,18,1,0,nein,0
sa_fen_richtung_t20,6,20,A+14,0xe,49,32,0,18,1,0,nein,0
sa_fen_richtung_t20,6,21,A+15,0xe,50,198,0,18,1,0,nein,0
sa_fen_richtung_t20,6,22,A+16,0xe,50,196,0,18,1,0,nein,0
sa_fen_richtung_t20,6,23,A+17,0xe,51,196,0,18,1,0,nein,0
sa_fen_richtung_t20,6,24,A+18,0xe,51,195,0,18,1,0,nein,0
sa_fen_richtung_t20,6,25,A+19,0xe,51,196,-1,18,1,0,nein,0
sa_fen_richtung_t20,6,26,A+20,0xe,51,196,-1,18,1,0,nein,0
sa_fen_richtung_t20,6,27,A+21,0xe,50,196,-1,18,1,0,nein,0
sa_fen_richtung_t20,6,28,A+22,0xe,49,195,-1,18,1,0,nein,0
sa_fen_richtung_t20,6,29,A+23,0xe,48,196,-1,18,1,0,nein,0
sa_fen_richtung_t20,6,30,A+24,0xe,47,196,-1,18,1,0,nein,0
sa_fen_richtung_t20,6,31,A+25,0xe,45,196,-1,18,1,0,nein,0
sa_fen_richtung_t20,6,32,A+26,0xe,44,195,-1,18,1,0,nein,0
sa_fen_richtung_t20,6,33,A+27,0xe,41,196,-1,18,1,0,nein,0
sa_fen_richtung_t20,6,34,A+28,0xe,39,196,-1,18,1,0,nein,0
sa_fen_richtung_t20,6,35,A+29,0xe,37,196,-1,18,1,0,nein,0
sa_fen_richtung_t20,6,36,A+30,0xe,34,195,-1,18,1,0,nein,0
sa_fen_richtung_t20,6,37,A+31,0xe,31,196,-1,18,1,0,nein,0
sa_fen_richtung_t20,6,38,A+32,0xa,27,196,-1,18,1,0,nein,0
sa_fen_richtung_t20,6,39,A+33,0xa,24,196,-1,18,1,0,nein,0
sa_fen_richtung_t20,6,40,A+34,0xa,20,195,-1,18,1,0,nein,0
sa_fen_richtung_t20,6,41,A+35,0xa,16,196,-1,18,1,0,nein,0
sa_fen_richtung_t20,6,42,A+36,0xa,12,196,-1,18,1,0,nein,0
sa_fen_richtung_t20,6,43,A+37,0xa,7,196,-1,18,1,0,nein,0
sa_fen_richtung_t20,6,44,A+38,0xa,2,195,-1,18,1,0,nein,0
sa_fen_richtung_t20,6,45,A+39,0xa,0,196,-1,18,1,0,nein,0
sa_fen_richtung_t20,6,46,A+40,0xa,0,198,-1,18,1,0,nein,0
sa_fen_richtung_t20,6,47,A+41,0xa,0,198,-1,18,1,0,nein,0
sa_fen_richtung_t20,6,48,A+42,0xa,0,198,-1,18,1,0,nein,0
sa_fen_richtung_t20,6,49,A+43,0xa,0,198,-1,18,1,0,nein,0
sa_fen_richtung_t20,6,50,A+44,0xa,0,198,-1,18,1,0,nein,0
sa_fen_richtung_t21,6,7,A+1,0xe,14,198,0,18,1,0,nein,0
sa_fen_richtung_t21,6,8,A+2,0xe,18,195,0,18,1,0,nein,0
sa_fen_richtung_t21,6,9,A+3,0xe,22,196,0,18,1,0,nein,0
sa_fen_richtung_t21,6,10,A+4,0xe,26,196,0,18,1,0,nein,0
sa_fen_richtung_t21,6,11,A+5,0xe,29,196,0,18,1,0,nein,0
sa_fen_richtung_t21,6,12,A+6,0xe,32,195,0,18,1,0,nein,0
sa_fen_richtung_t21,6,13,A+7,0xe,35,196,0,18,1,0,nein,0
sa_fen_richtung_t21,6,14,A+8,0xe,38,196,0,18,1,0,nein,0
sa_fen_richtung_t21,6,15,A+9,0xe,40,196,0,18,1,0,nein,0
sa_fen_richtung_t21,6,16,A+10,0xe,43,195,0,18,1,0,nein,0
sa_fen_richtung_t21,6,17,A+11,0xe,44,196,0,18,1,0,nein,0
sa_fen_richtung_t21,6,18,A+12,0xe,46,196,0,18,1,0,nein,0
sa_fen_richtung_t21,6,19,A+13,0xe,48,196,0,18,1,0,nein,0
sa_fen_richtung_t21,6,20,A+14,0xe,49,195,0,18,1,0,nein,0
sa_fen_richtung_t21,6,21,A+15,0xe,50,33,0,18,1,0,nein,0
sa_fen_richtung_t21,6,22,A+16,0xe,50,198,0,18,1,0,nein,0
sa_fen_richtung_t21,6,23,A+17,0xe,51,196,0,18,1,0,nein,0
sa_fen_richtung_t21,6,24,A+18,0xe,51,195,0,18,1,0,nein,0
sa_fen_richtung_t21,6,25,A+19,0xe,51,196,-1,18,1,0,nein,0
sa_fen_richtung_t21,6,26,A+20,0xe,51,196,-1,18,1,0,nein,0
sa_fen_richtung_t21,6,27,A+21,0xe,50,196,-1,18,1,0,nein,0
sa_fen_richtung_t21,6,28,A+22,0xe,49,195,-1,18,1,0,nein,0
sa_fen_richtung_t21,6,29,A+23,0xe,48,196,-1,18,1,0,nein,0
sa_fen_richtung_t21,6,30,A+24,0xe,47,196,-1,18,1,0,nein,0
sa_fen_richtung_t21,6,31,A+25,0xe,45,196,-1,18,1,0,nein,0
sa_fen_richtung_t21,6,32,A+26,0xe,44,195,-1,18,1,0,nein,0
sa_fen_richtung_t21,6,33,A+27,0xe,41,196,-1,18,1,0,nein,0
sa_fen_richtung_t21,6,34,A+28,0xe,39,196,-1,18,1,0,nein,0
sa_fen_richtung_t21,6,35,A+29,0xe,37,196,-1,18,1,0,nein,0
sa_fen_richtung_t21,6,36,A+30,0xe,34,195,-1,18,1,0,nein,0
sa_fen_richtung_t21,6,37,A+31,0xe,31,196,-1,18,1,0,nein,0
sa_fen_richtung_t21,6,38,A+32,0xa,27,196,-1,18,1,0,nein,0
sa_fen_richtung_t21,6,39,A+33,0xa,24,196,-1,18,1,0,nein,0
sa_fen_richtung_t21,6,40,A+34,0xa,20,195,-1,18,1,0,nein,0
sa_fen_richtung_t21,6,41,A+35,0xa,16,196,-1,18,1,0,nein,0
sa_fen_richtung_t21,6,42,A+36,0xa,12,196,-1,18,1,0,nein,0
sa_fen_richtung_t21,6,43,A+37,0xa,7,196,-1,18,1,0,nein,0
sa_fen_richtung_t21,6,44,A+38,0xa,2,195,-1,18,1,0,nein,0
sa_fen_richtung_t21,6,45,A+39,0xa,0,196,-1,18,1,0,nein,0
sa_fen_richtung_t21,6,46,A+40,0xa,0,198,-1,18,1,0,nein,0
sa_fen_richtung_t21,6,47,A+41,0xa,0,198,-1,18,1,0,nein,0
sa_fen_richtung_t21,6,48,A+42,0xa,0,198,-1,18,1,0,nein,0
sa_fen_richtung_t21,6,49,A+43,0xa,0,198,-1,18,1,0,nein,0
sa_fen_richtung_t21,6,50,A+44,0xa,0,198,-1,18,1,0,nein,0
sa_fen_richtung_t22,6,7,A+1,0xe,14,198,0,18,1,0,nein,0
sa_fen_richtung_t22,6,8,A+2,0xe,18,195,0,18,1,0,nein,0
sa_fen_richtung_t22,6,9,A+3,0xe,22,196,0,18,1,0,nein,0
sa_fen_richtung_t22,6,10,A+4,0xe,26,196,0,18,1,0,nein,0
sa_fen_richtung_t22,6,11,A+5,0xe,29,196,0,18,1,0,nein,0
sa_fen_richtung_t22,6,12,A+6,0xe,32,195,0,18,1,0,nein,0
sa_fen_richtung_t22,6,13,A+7,0xe,35,196,0,18,1,0,nein,0
sa_fen_richtung_t22,6,14,A+8,0xe,38,196,0,18,1,0,nein,0
sa_fen_richtung_t22,6,15,A+9,0xe,40,196,0,18,1,0,nein,0
sa_fen_richtung_t22,6,16,A+10,0xe,43,195,0,18,1,0,nein,0
sa_fen_richtung_t22,6,17,A+11,0xe,44,196,0,18,1,0,nein,0
sa_fen_richtung_t22,6,18,A+12,0xe,46,196,0,18,1,0,nein,0
sa_fen_richtung_t22,6,19,A+13,0xe,48,196,0,18,1,0,nein,0
sa_fen_richtung_t22,6,20,A+14,0xe,49,195,0,18,1,0,nein,0
sa_fen_richtung_t22,6,21,A+15,0xe,50,196,0,18,1,0,nein,0
sa_fen_richtung_t22,6,22,A+16,0xe,50,33,0,18,1,0,nein,0
sa_fen_richtung_t22,6,23,A+17,0xe,51,198,0,18,1,0,nein,0
sa_fen_richtung_t22,6,24,A+18,0xe,51,195,0,18,1,0,nein,0
sa_fen_richtung_t22,6,25,A+19,0xe,51,196,0,18,1,0,nein,0
sa_fen_richtung_t22,6,26,A+20,0xe,51,196,0,18,1,0,nein,0
sa_fen_richtung_t22,6,27,A+21,0xe,50,196,-1,18,1,0,nein,0
sa_fen_richtung_t22,6,28,A+22,0xe,49,195,-1,18,1,0,nein,0
sa_fen_richtung_t22,6,29,A+23,0xe,48,196,-1,18,1,0,nein,0
sa_fen_richtung_t22,6,30,A+24,0xe,47,196,-1,18,1,0,nein,0
sa_fen_richtung_t22,6,31,A+25,0xe,45,196,-1,18,1,0,nein,0
sa_fen_richtung_t22,6,32,A+26,0xe,44,195,-1,18,1,0,nein,0
sa_fen_richtung_t22,6,33,A+27,0xe,41,196,-1,18,1,0,nein,0
sa_fen_richtung_t22,6,34,A+28,0xe,39,196,-1,18,1,0,nein,0
sa_fen_richtung_t22,6,35,A+29,0xe,37,196,-1,18,1,0,nein,0
sa_fen_richtung_t22,6,36,A+30,0xe,34,195,-1,18,1,0,nein,0
sa_fen_richtung_t22,6,37,A+31,0xe,31,196,-1,18,1,0,nein,0
sa_fen_richtung_t22,6,38,A+32,0xa,27,196,-1,18,1,0,nein,0
sa_fen_richtung_t22,6,39,A+33,0xa,24,196,-1,18,1,0,nein,0
sa_fen_richtung_t22,6,40,A+34,0xa,20,195,-1,18,1,0,nein,0
sa_fen_richtung_t22,6,41,A+35,0xa,16,196,-1,18,1,0,nein,0
sa_fen_richtung_t22,6,42,A+36,0xa,12,196,-1,18,1,0,nein,0
sa_fen_richtung_t22,6,43,A+37,0xa,7,196,-1,18,1,0,nein,0
sa_fen_richtung_t22,6,44,A+38,0xa,2,195,-1,18,1,0,nein,0
sa_fen_richtung_t22,6,45,A+39,0xa,0,196,-1,18,1,0,nein,0
sa_fen_richtung_t22,6,46,A+40,0xa,0,198,-1,18,1,0,nein,0
sa_fen_richtung_t22,6,47,A+41,0xa,0,198,-1,18,1,0,nein,0
sa_fen_richtung_t22,6,48,A+42,0xa,0,198,-1,18,1,0,nein,0
sa_fen_richtung_t22,6,49,A+43,0xa,0,198,-1,18,1,0,nein,0
sa_fen_richtung_t22,6,50,A+44,0xa,0,198,-1,18,1,0,nein,0
sa_fen_richtung_t23,6,7,A+1,0xe,14,198,0,18,1,0,nein,0
sa_fen_richtung_t23,6,8,A+2,0xe,18,195,0,18,1,0,nein,0
sa_fen_richtung_t23,6,9,A+3,0xe,22,196,0,18,1,0,nein,0
sa_fen_richtung_t23,6,10,A+4,0xe,26,196,0,18,1,0,nein,0
sa_fen_richtung_t23,6,11,A+5,0xe,29,196,0,18,1,0,nein,0
sa_fen_richtung_t23,6,12,A+6,0xe,32,195,0,18,1,0,nein,0
sa_fen_richtung_t23,6,13,A+7,0xe,35,196,0,18,1,0,nein,0
sa_fen_richtung_t23,6,14,A+8,0xe,38,196,0,18,1,0,nein,0
sa_fen_richtung_t23,6,15,A+9,0xe,40,196,0,18,1,0,nein,0
sa_fen_richtung_t23,6,16,A+10,0xe,43,195,0,18,1,0,nein,0
sa_fen_richtung_t23,6,17,A+11,0xe,44,196,0,18,1,0,nein,0
sa_fen_richtung_t23,6,18,A+12,0xe,46,196,0,18,1,0,nein,0
sa_fen_richtung_t23,6,19,A+13,0xe,48,196,0,18,1,0,nein,0
sa_fen_richtung_t23,6,20,A+14,0xe,49,195,0,18,1,0,nein,0
sa_fen_richtung_t23,6,21,A+15,0xe,50,196,0,18,1,0,nein,0
sa_fen_richtung_t23,6,22,A+16,0xe,50,196,0,18,1,0,nein,0
sa_fen_richtung_t23,6,23,A+17,0xe,51,33,0,18,1,0,nein,0
sa_fen_richtung_t23,6,24,A+18,0xe,51,197,0,18,1,0,nein,0
sa_fen_richtung_t23,6,25,A+19,0xe,51,196,0,18,1,0,nein,0
sa_fen_richtung_t23,6,26,A+20,0xe,51,196,0,18,1,0,nein,0
sa_fen_richtung_t23,6,27,A+21,0xe,50,196,-1,18,1,0,nein,0
sa_fen_richtung_t23,6,28,A+22,0xe,49,195,-1,18,1,0,nein,0
sa_fen_richtung_t23,6,29,A+23,0xe,48,196,-1,18,1,0,nein,0
sa_fen_richtung_t23,6,30,A+24,0xe,47,196,-1,18,1,0,nein,0
sa_fen_richtung_t23,6,31,A+25,0xe,45,196,-1,18,1,0,nein,0
sa_fen_richtung_t23,6,32,A+26,0xe,44,195,-1,18,1,0,nein,0
sa_fen_richtung_t23,6,33,A+27,0xe,41,196,-1,18,1,0,nein,0
sa_fen_richtung_t23,6,34,A+28,0xe,39,196,-1,18,1,0,nein,0
sa_fen_richtung_t23,6,35,A+29,0xe,37,196,-1,18,1,0,nein,0
sa_fen_richtung_t23,6,36,A+30,0xe,34,195,-1,18,1,0,nein,0
sa_fen_richtung_t23,6,37,A+31,0xe,31,196,-1,18,1,0,nein,0
sa_fen_richtung_t23,6,38,A+32,0xa,27,196,-1,18,1,0,nein,0
sa_fen_richtung_t23,6,39,A+33,0xa,24,196,-1,18,1,0,nein,0
sa_fen_richtung_t23,6,40,A+34,0xa,20,195,-1,18,1,0,nein,0
sa_fen_richtung_t23,6,41,A+35,0xa,16,196,-1,18,1,0,nein,0
sa_fen_richtung_t23,6,42,A+36,0xa,12,196,-1,18,1,0,nein,0
sa_fen_richtung_t23,6,43,A+37,0xa,7,196,-1,18,1,0,nein,0
sa_fen_richtung_t23,6,44,A+38,0xa,2,195,-1,18,1,0,nein,0
sa_fen_richtung_t23,6,45,A+39,0xa,0,196,-1,18,1,0,nein,0
sa_fen_richtung_t23,6,46,A+40,0xa,0,198,-1,18,1,0,nein,0
sa_fen_richtung_t23,6,47,A+41,0xa,0,198,-1,18,1,0,nein,0
sa_fen_richtung_t23,6,48,A+42,0xa,0,198,-1,18,1,0,nein,0
sa_fen_richtung_t23,6,49,A+43,0xa,0,198,-1,18,1,0,nein,0
sa_fen_richtung_t23,6,50,A+44,0xa,0,198,-1,18,1,0,nein,0
sa_fen_richtung_t24,6,7,A+1,0xe,14,198,0,18,1,0,nein,0
sa_fen_richtung_t24,6,8,A+2,0xe,18,195,0,18,1,0,nein,0
sa_fen_richtung_t24,6,9,A+3,0xe,22,196,0,18,1,0,nein,0
sa_fen_richtung_t24,6,10,A+4,0xe,26,196,0,18,1,0,nein,0
sa_fen_richtung_t24,6,11,A+5,0xe,29,196,0,18,1,0,nein,0
sa_fen_richtung_t24,6,12,A+6,0xe,32,195,0,18,1,0,nein,0
sa_fen_richtung_t24,6,13,A+7,0xe,35,196,0,18,1,0,nein,0
sa_fen_richtung_t24,6,14,A+8,0xe,38,196,0,18,1,0,nein,0
sa_fen_richtung_t24,6,15,A+9,0xe,40,196,0,18,1,0,nein,0
sa_fen_richtung_t24,6,16,A+10,0xe,43,195,0,18,1,0,nein,0
sa_fen_richtung_t24,6,17,A+11,0xe,44,196,0,18,1,0,nein,0
sa_fen_richtung_t24,6,18,A+12,0xe,46,196,0,18,1,0,nein,0
sa_fen_richtung_t24,6,19,A+13,0xe,48,196,0,18,1,0,nein,0
sa_fen_richtung_t24,6,20,A+14,0xe,49,195,0,18,1,0,nein,0
sa_fen_richtung_t24,6,21,A+15,0xe,50,196,0,18,1,0,nein,0
sa_fen_richtung_t24,6,22,A+16,0xe,50,196,0,18,1,0,nein,0
sa_fen_richtung_t24,6,23,A+17,0xe,51,196,0,18,1,0,nein,0
sa_fen_richtung_t24,6,24,A+18,0xe,51,32,0,18,1,0,nein,0
sa_fen_richtung_t24,6,25,A+19,0xe,51,198,0,18,1,0,nein,0
sa_fen_richtung_t24,6,26,A+20,0xe,51,196,0,18,1,0,nein,0
sa_fen_richtung_t24,6,27,A+21,0xe,50,196,0,18,1,0,nein,0
sa_fen_richtung_t24,6,28,A+22,0xe,49,195,0,18,1,0,nein,0
sa_fen_richtung_t24,6,29,A+23,0xe,48,196,-1,18,1,0,nein,0
sa_fen_richtung_t24,6,30,A+24,0xe,47,196,-1,18,1,0,nein,0
sa_fen_richtung_t24,6,31,A+25,0xe,45,196,-1,18,1,0,nein,0
sa_fen_richtung_t24,6,32,A+26,0xe,44,195,-1,18,1,0,nein,0
sa_fen_richtung_t24,6,33,A+27,0xe,41,196,-1,18,1,0,nein,0
sa_fen_richtung_t24,6,34,A+28,0xe,39,196,-1,18,1,0,nein,0
sa_fen_richtung_t24,6,35,A+29,0xe,37,196,-1,18,1,0,nein,0
sa_fen_richtung_t24,6,36,A+30,0xe,34,195,-1,18,1,0,nein,0
sa_fen_richtung_t24,6,37,A+31,0xe,31,196,-1,18,1,0,nein,0
sa_fen_richtung_t24,6,38,A+32,0xa,27,196,-1,18,1,0,nein,0
sa_fen_richtung_t24,6,39,A+33,0xa,24,196,-1,18,1,0,nein,0
sa_fen_richtung_t24,6,40,A+34,0xa,20,195,-1,18,1,0,nein,0
sa_fen_richtung_t24,6,41,A+35,0xa,16,196,-1,18,1,0,nein,0
sa_fen_richtung_t24,6,42,A+36,0xa,12,196,-1,18,1,0,nein,0
sa_fen_richtung_t24,6,43,A+37,0xa,7,196,-1,18,1,0,nein,0
sa_fen_richtung_t24,6,44,A+38,0xa,2,195,-1,18,1,0,nein,0
sa_fen_richtung_t24,6,45,A+39,0xa,0,196,-1,18,1,0,nein,0
sa_fen_richtung_t24,6,46,A+40,0xa,0,198,-1,18,1,0,nein,0
sa_fen_richtung_t24,6,47,A+41,0xa,0,198,-1,18,1,0,nein,0
sa_fen_richtung_t24,6,48,A+42,0xa,0,198,-1,18,1,0,nein,0
sa_fen_richtung_t24,6,49,A+43,0xa,0,198,-1,18,1,0,nein,0
sa_fen_richtung_t24,6,50,A+44,0xa,0,198,-1,18,1,0,nein,0
sa_fen_richtung_t25,6,7,A+1,0xe,14,198,0,18,1,0,nein,0
sa_fen_richtung_t25,6,8,A+2,0xe,18,195,0,18,1,0,nein,0
sa_fen_richtung_t25,6,9,A+3,0xe,22,196,0,18,1,0,nein,0
sa_fen_richtung_t25,6,10,A+4,0xe,26,196,0,18,1,0,nein,0
sa_fen_richtung_t25,6,11,A+5,0xe,29,196,0,18,1,0,nein,0
sa_fen_richtung_t25,6,12,A+6,0xe,32,195,0,18,1,0,nein,0
sa_fen_richtung_t25,6,13,A+7,0xe,35,196,0,18,1,0,nein,0
sa_fen_richtung_t25,6,14,A+8,0xe,38,196,0,18,1,0,nein,0
sa_fen_richtung_t25,6,15,A+9,0xe,40,196,0,18,1,0,nein,0
sa_fen_richtung_t25,6,16,A+10,0xe,43,195,0,18,1,0,nein,0
sa_fen_richtung_t25,6,17,A+11,0xe,44,196,0,18,1,0,nein,0
sa_fen_richtung_t25,6,18,A+12,0xe,46,196,0,18,1,0,nein,0
sa_fen_richtung_t25,6,19,A+13,0xe,48,196,0,18,1,0,nein,0
sa_fen_richtung_t25,6,20,A+14,0xe,49,195,0,18,1,0,nein,0
sa_fen_richtung_t25,6,21,A+15,0xe,50,196,0,18,1,0,nein,0
sa_fen_richtung_t25,6,22,A+16,0xe,50,196,0,18,1,0,nein,0
sa_fen_richtung_t25,6,23,A+17,0xe,51,196,0,18,1,0,nein,0
sa_fen_richtung_t25,6,24,A+18,0xe,51,195,0,18,1,0,nein,0
sa_fen_richtung_t25,6,25,A+19,0xe,51,33,0,18,1,0,nein,0
sa_fen_richtung_t25,6,26,A+20,0xe,51,198,0,18,1,0,nein,0
sa_fen_richtung_t25,6,27,A+21,0xe,50,196,0,18,1,0,nein,0
sa_fen_richtung_t25,6,28,A+22,0xe,49,195,0,18,1,0,nein,0
sa_fen_richtung_t25,6,29,A+23,0xe,48,196,-1,18,1,0,nein,0
sa_fen_richtung_t25,6,30,A+24,0xe,47,196,-1,18,1,0,nein,0
sa_fen_richtung_t25,6,31,A+25,0xe,45,196,-1,18,1,0,nein,0
sa_fen_richtung_t25,6,32,A+26,0xe,44,195,-1,18,1,0,nein,0
sa_fen_richtung_t25,6,33,A+27,0xe,41,196,-1,18,1,0,nein,0
sa_fen_richtung_t25,6,34,A+28,0xe,39,196,-1,18,1,0,nein,0
sa_fen_richtung_t25,6,35,A+29,0xe,37,196,-1,18,1,0,nein,0
sa_fen_richtung_t25,6,36,A+30,0xe,34,195,-1,18,1,0,nein,0
sa_fen_richtung_t25,6,37,A+31,0xe,31,196,-1,18,1,0,nein,0
sa_fen_richtung_t25,6,38,A+32,0xa,27,196,-1,18,1,0,nein,0
sa_fen_richtung_t25,6,39,A+33,0xa,24,196,-1,18,1,0,nein,0
sa_fen_richtung_t25,6,40,A+34,0xa,20,195,-1,18,1,0,nein,0
sa_fen_richtung_t25,6,41,A+35,0xa,16,196,-1,18,1,0,nein,0
sa_fen_richtung_t25,6,42,A+36,0xa,12,196,-1,18,1,0,nein,0
sa_fen_richtung_t25,6,43,A+37,0xa,7,196,-1,18,1,0,nein,0
sa_fen_richtung_t25,6,44,A+38,0xa,2,195,-1,18,1,0,nein,0
sa_fen_richtung_t25,6,45,A+39,0xa,0,196,-1,18,1,0,nein,0
sa_fen_richtung_t25,6,46,A+40,0xa,0,198,-1,18,1,0,nein,0
sa_fen_richtung_t25,6,47,A+41,0xa,0,198,-1,18,1,0,nein,0
sa_fen_richtung_t25,6,48,A+42,0xa,0,198,-1,18,1,0,nein,0
sa_fen_richtung_t25,6,49,A+43,0xa,0,198,-1,18,1,0,nein,0
sa_fen_richtung_t25,6,50,A+44,0xa,0,198,-1,18,1,0,nein,0
sa_fen_richtung_t26,6,7,A+1,0xe,14,198,0,18,1,0,nein,0
sa_fen_richtung_t26,6,8,A+2,0xe,18,195,0,18,1,0,nein,0
sa_fen_richtung_t26,6,9,A+3,0xe,22,196,0,18,1,0,nein,0
sa_fen_richtung_t26,6,10,A+4,0xe,26,196,0,18,1,0,nein,0
sa_fen_richtung_t26,6,11,A+5,0xe,29,196,0,18,1,0,nein,0
sa_fen_richtung_t26,6,12,A+6,0xe,32,195,0,18,1,0,nein,0
sa_fen_richtung_t26,6,13,A+7,0xe,35,196,0,18,1,0,nein,0
sa_fen_richtung_t26,6,14,A+8,0xe,38,196,0,18,1,0,nein,0
sa_fen_richtung_t26,6,15,A+9,0xe,40,196,0,18,1,0,nein,0
sa_fen_richtung_t26,6,16,A+10,0xe,43,195,0,18,1,0,nein,0
sa_fen_richtung_t26,6,17,A+11,0xe,44,196,0,18,1,0,nein,0
sa_fen_richtung_t26,6,18,A+12,0xe,46,196,0,18,1,0,nein,0
sa_fen_richtung_t26,6,19,A+13,0xe,48,196,0,18,1,0,nein,0
sa_fen_richtung_t26,6,20,A+14,0xe,49,195,0,18,1,0,nein,0
sa_fen_richtung_t26,6,21,A+15,0xe,50,196,0,18,1,0,nein,0
sa_fen_richtung_t26,6,22,A+16,0xe,50,196,0,18,1,0,nein,0
sa_fen_richtung_t26,6,23,A+17,0xe,51,196,0,18,1,0,nein,0
sa_fen_richtung_t26,6,24,A+18,0xe,51,195,0,18,1,0,nein,0
sa_fen_richtung_t26,6,25,A+19,0xe,51,196,0,18,1,0,nein,0
sa_fen_richtung_t26,6,26,A+20,0xe,51,33,0,18,1,0,nein,0
sa_fen_richtung_t26,6,27,A+21,0xe,50,198,0,18,1,0,nein,0
sa_fen_richtung_t26,6,28,A+22,0xe,49,195,0,18,1,0,nein,0
sa_fen_richtung_t26,6,29,A+23,0xe,48,196,0,18,1,0,nein,0
sa_fen_richtung_t26,6,30,A+24,0xe,47,196,0,18,1,0,nein,0
sa_fen_richtung_t26,6,31,A+25,0xe,45,196,-1,18,1,0,nein,0
sa_fen_richtung_t26,6,32,A+26,0xe,44,195,-1,18,1,0,nein,0
sa_fen_richtung_t26,6,33,A+27,0xe,41,196,-1,18,1,0,nein,0
sa_fen_richtung_t26,6,34,A+28,0xe,39,196,-1,18,1,0,nein,0
sa_fen_richtung_t26,6,35,A+29,0xe,37,196,-1,18,1,0,nein,0
sa_fen_richtung_t26,6,36,A+30,0xe,34,195,-1,18,1,0,nein,0
sa_fen_richtung_t26,6,37,A+31,0xe,31,196,-1,18,1,0,nein,0
sa_fen_richtung_t26,6,38,A+32,0xa,27,196,-1,18,1,0,nein,0
sa_fen_richtung_t26,6,39,A+33,0xa,24,196,-1,18,1,0,nein,0
sa_fen_richtung_t26,6,40,A+34,0xa,20,195,-1,18,1,0,nein,0
sa_fen_richtung_t26,6,41,A+35,0xa,16,196,-1,18,1,0,nein,0
sa_fen_richtung_t26,6,42,A+36,0xa,12,196,-1,18,1,0,nein,0
sa_fen_richtung_t26,6,43,A+37,0xa,7,196,-1,18,1,0,nein,0
sa_fen_richtung_t26,6,44,A+38,0xa,2,195,-1,18,1,0,nein,0
sa_fen_richtung_t26,6,45,A+39,0xa,0,196,-1,18,1,0,nein,0
sa_fen_richtung_t26,6,46,A+40,0xa,0,198,-1,18,1,0,nein,0
sa_fen_richtung_t26,6,47,A+41,0xa,0,198,-1,18,1,0,nein,0
sa_fen_richtung_t26,6,48,A+42,0xa,0,198,-1,18,1,0,nein,0
sa_fen_richtung_t26,6,49,A+43,0xa,0,198,-1,18,1,0,nein,0
sa_fen_richtung_t26,6,50,A+44,0xa,0,198,-1,18,1,0,nein,0
sa_fen_richtung_t27,6,7,A+1,0xe,14,198,0,18,1,0,nein,0
sa_fen_richtung_t27,6,8,A+2,0xe,18,195,0,18,1,0,nein,0
sa_fen_richtung_t27,6,9,A+3,0xe,22,196,0,18,1,0,nein,0
sa_fen_richtung_t27,6,10,A+4,0xe,26,196,0,18,1,0,nein,0
sa_fen_richtung_t27,6,11,A+5,0xe,29,196,0,18,1,0,nein,0
sa_fen_richtung_t27,6,12,A+6,0xe,32,195,0,18,1,0,nein,0
sa_fen_richtung_t27,6,13,A+7,0xe,35,196,0,18,1,0,nein,0
sa_fen_richtung_t27,6,14,A+8,0xe,38,196,0,18,1,0,nein,0
sa_fen_richtung_t27,6,15,A+9,0xe,40,196,0,18,1,0,nein,0
sa_fen_richtung_t27,6,16,A+10,0xe,43,195,0,18,1,0,nein,0
sa_fen_richtung_t27,6,17,A+11,0xe,44,196,0,18,1,0,nein,0
sa_fen_richtung_t27,6,18,A+12,0xe,46,196,0,18,1,0,nein,0
sa_fen_richtung_t27,6,19,A+13,0xe,48,196,0,18,1,0,nein,0
sa_fen_richtung_t27,6,20,A+14,0xe,49,195,0,18,1,0,nein,0
sa_fen_richtung_t27,6,21,A+15,0xe,50,196,0,18,1,0,nein,0
sa_fen_richtung_t27,6,22,A+16,0xe,50,196,0,18,1,0,nein,0
sa_fen_richtung_t27,6,23,A+17,0xe,51,196,0,18,1,0,nein,0
sa_fen_richtung_t27,6,24,A+18,0xe,51,195,0,18,1,0,nein,0
sa_fen_richtung_t27,6,25,A+19,0xe,51,196,0,18,1,0,nein,0
sa_fen_richtung_t27,6,26,A+20,0xe,51,196,0,18,1,0,nein,0
sa_fen_richtung_t27,6,27,A+21,0xe,50,33,0,18,1,0,nein,0
sa_fen_richtung_t27,6,28,A+22,0xe,49,197,0,18,1,0,nein,0
sa_fen_richtung_t27,6,29,A+23,0xe,48,196,0,18,1,0,nein,0
sa_fen_richtung_t27,6,30,A+24,0xe,47,196,0,18,1,0,nein,0
sa_fen_richtung_t27,6,31,A+25,0xe,45,196,-1,18,1,0,nein,0
sa_fen_richtung_t27,6,32,A+26,0xe,44,195,-1,18,1,0,nein,0
sa_fen_richtung_t27,6,33,A+27,0xe,41,196,-1,18,1,0,nein,0
sa_fen_richtung_t27,6,34,A+28,0xe,39,196,-1,18,1,0,nein,0
sa_fen_richtung_t27,6,35,A+29,0xe,37,196,-1,18,1,0,nein,0
sa_fen_richtung_t27,6,36,A+30,0xe,34,195,-1,18,1,0,nein,0
sa_fen_richtung_t27,6,37,A+31,0xe,31,196,-1,18,1,0,nein,0
sa_fen_richtung_t27,6,38,A+32,0xa,27,196,-1,18,1,0,nein,0
sa_fen_richtung_t27,6,39,A+33,0xa,24,196,-1,18,1,0,nein,0
sa_fen_richtung_t27,6,40,A+34,0xa,20,195,-1,18,1,0,nein,0
sa_fen_richtung_t27,6,41,A+35,0xa,16,196,-1,18,1,0,nein,0
sa_fen_richtung_t27,6,42,A+36,0xa,12,196,-1,18,1,0,nein,0
sa_fen_richtung_t27,6,43,A+37,0xa,7,196,-1,18,1,0,nein,0
sa_fen_richtung_t27,6,44,A+38,0xa,2,195,-1,18,1,0,nein,0
sa_fen_richtung_t27,6,45,A+39,0xa,0,196,-1,18,1,0,nein,0
sa_fen_richtung_t27,6,46,A+40,0xa,0,198,-1,18,1,0,nein,0
sa_fen_richtung_t27,6,47,A+41,0xa,0,198,-1,18,1,0,nein,0
sa_fen_richtung_t27,6,48,A+42,0xa,0,198,-1,18,1,0,nein,0
sa_fen_richtung_t27,6,49,A+43,0xa,0,198,-1,18,1,0,nein,0
sa_fen_richtung_t27,6,50,A+44,0xa,0,198,-1,18,1,0,nein,0
sa_fen_richtung_t28,6,7,A+1,0xe,14,198,0,18,1,0,nein,0
sa_fen_richtung_t28,6,8,A+2,0xe,18,195,0,18,1,0,nein,0
sa_fen_richtung_t28,6,9,A+3,0xe,22,196,0,18,1,0,nein,0
sa_fen_richtung_t28,6,10,A+4,0xe,26,196,0,18,1,0,nein,0
sa_fen_richtung_t28,6,11,A+5,0xe,29,196,0,18,1,0,nein,0
sa_fen_richtung_t28,6,12,A+6,0xe,32,195,0,18,1,0,nein,0
sa_fen_richtung_t28,6,13,A+7,0xe,35,196,0,18,1,0,nein,0
sa_fen_richtung_t28,6,14,A+8,0xe,38,196,0,18,1,0,nein,0
sa_fen_richtung_t28,6,15,A+9,0xe,40,196,0,18,1,0,nein,0
sa_fen_richtung_t28,6,16,A+10,0xe,43,195,0,18,1,0,nein,0
sa_fen_richtung_t28,6,17,A+11,0xe,44,196,0,18,1,0,nein,0
sa_fen_richtung_t28,6,18,A+12,0xe,46,196,0,18,1,0,nein,0
sa_fen_richtung_t28,6,19,A+13,0xe,48,196,0,18,1,0,nein,0
sa_fen_richtung_t28,6,20,A+14,0xe,49,195,0,18,1,0,nein,0
sa_fen_richtung_t28,6,21,A+15,0xe,50,196,0,18,1,0,nein,0
sa_fen_richtung_t28,6,22,A+16,0xe,50,196,0,18,1,0,nein,0
sa_fen_richtung_t28,6,23,A+17,0xe,51,196,0,18,1,0,nein,0
sa_fen_richtung_t28,6,24,A+18,0xe,51,195,0,18,1,0,nein,0
sa_fen_richtung_t28,6,25,A+19,0xe,51,196,0,18,1,0,nein,0
sa_fen_richtung_t28,6,26,A+20,0xe,51,196,0,18,1,0,nein,0
sa_fen_richtung_t28,6,27,A+21,0xe,50,196,0,18,1,0,nein,0
sa_fen_richtung_t28,6,28,A+22,0xe,49,32,0,18,1,0,nein,0
sa_fen_richtung_t28,6,29,A+23,0xe,48,198,0,18,1,0,nein,0
sa_fen_richtung_t28,6,30,A+24,0xe,47,196,0,18,1,0,nein,0
sa_fen_richtung_t28,6,31,A+25,0xe,45,196,0,18,1,0,nein,0
sa_fen_richtung_t28,6,32,A+26,0xe,44,195,0,18,1,0,nein,0
sa_fen_richtung_t28,6,33,A+27,0xe,41,196,-1,18,1,0,nein,0
sa_fen_richtung_t28,6,34,A+28,0xe,39,196,-1,18,1,0,nein,0
sa_fen_richtung_t28,6,35,A+29,0xe,37,196,-1,18,1,0,nein,0
sa_fen_richtung_t28,6,36,A+30,0xe,34,195,-1,18,1,0,nein,0
sa_fen_richtung_t28,6,37,A+31,0xe,31,196,-1,18,1,0,nein,0
sa_fen_richtung_t28,6,38,A+32,0xa,27,196,-1,18,1,0,nein,0
sa_fen_richtung_t28,6,39,A+33,0xa,24,196,-1,18,1,0,nein,0
sa_fen_richtung_t28,6,40,A+34,0xa,20,195,-1,18,1,0,nein,0
sa_fen_richtung_t28,6,41,A+35,0xa,16,196,-1,18,1,0,nein,0
sa_fen_richtung_t28,6,42,A+36,0xa,12,196,-1,18,1,0,nein,0
sa_fen_richtung_t28,6,43,A+37,0xa,7,196,-1,18,1,0,nein,0
sa_fen_richtung_t28,6,44,A+38,0xa,2,195,-1,18,1,0,nein,0
sa_fen_richtung_t28,6,45,A+39,0xa,0,196,-1,18,1,0,nein,0
sa_fen_richtung_t28,6,46,A+40,0xa,0,198,-1,18,1,0,nein,0
sa_fen_richtung_t28,6,47,A+41,0xa,0,198,-1,18,1,0,nein,0
sa_fen_richtung_t28,6,48,A+42,0xa,0,198,-1,18,1,0,nein,0
sa_fen_richtung_t28,6,49,A+43,0xa,0,198,-1,18,1,0,nein,0
sa_fen_richtung_t28,6,50,A+44,0xa,0,198,-1,18,1,0,nein,0
sa_fen_richtung_t29,6,7,A+1,0xe,14,198,0,18,1,0,nein,0
sa_fen_richtung_t29,6,8,A+2,0xe,18,195,0,18,1,0,nein,0
sa_fen_richtung_t29,6,9,A+3,0xe,22,196,0,18,1,0,nein,0
sa_fen_richtung_t29,6,10,A+4,0xe,26,196,0,18,1,0,nein,0
sa_fen_richtung_t29,6,11,A+5,0xe,29,196,0,18,1,0,nein,0
sa_fen_richtung_t29,6,12,A+6,0xe,32,195,0,18,1,0,nein,0
sa_fen_richtung_t29,6,13,A+7,0xe,35,196,0,18,1,0,nein,0
sa_fen_richtung_t29,6,14,A+8,0xe,38,196,0,18,1,0,nein,0
sa_fen_richtung_t29,6,15,A+9,0xe,40,196,0,18,1,0,nein,0
sa_fen_richtung_t29,6,16,A+10,0xe,43,195,0,18,1,0,nein,0
sa_fen_richtung_t29,6,17,A+11,0xe,44,196,0,18,1,0,nein,0
sa_fen_richtung_t29,6,18,A+12,0xe,46,196,0,18,1,0,nein,0
sa_fen_richtung_t29,6,19,A+13,0xe,48,196,0,18,1,0,nein,0
sa_fen_richtung_t29,6,20,A+14,0xe,49,195,0,18,1,0,nein,0
sa_fen_richtung_t29,6,21,A+15,0xe,50,196,0,18,1,0,nein,0
sa_fen_richtung_t29,6,22,A+16,0xe,50,196,0,18,1,0,nein,0
sa_fen_richtung_t29,6,23,A+17,0xe,51,196,0,18,1,0,nein,0
sa_fen_richtung_t29,6,24,A+18,0xe,51,195,0,18,1,0,nein,0
sa_fen_richtung_t29,6,25,A+19,0xe,51,196,0,18,1,0,nein,0
sa_fen_richtung_t29,6,26,A+20,0xe,51,196,0,18,1,0,nein,0
sa_fen_richtung_t29,6,27,A+21,0xe,50,196,0,18,1,0,nein,0
sa_fen_richtung_t29,6,28,A+22,0xe,49,195,0,18,1,0,nein,0
sa_fen_richtung_t29,6,29,A+23,0xe,48,33,0,18,1,0,nein,0
sa_fen_richtung_t29,6,30,A+24,0xe,47,198,0,18,1,0,nein,0
sa_fen_richtung_t29,6,31,A+25,0xe,45,196,0,18,1,0,nein,0
sa_fen_richtung_t29,6,32,A+26,0xe,44,195,0,18,1,0,nein,0
sa_fen_richtung_t29,6,33,A+27,0xe,41,196,-1,18,1,0,nein,0
sa_fen_richtung_t29,6,34,A+28,0xe,39,196,-1,18,1,0,nein,0
sa_fen_richtung_t29,6,35,A+29,0xe,37,196,-1,18,1,0,nein,0
sa_fen_richtung_t29,6,36,A+30,0xe,34,195,-1,18,1,0,nein,0
sa_fen_richtung_t29,6,37,A+31,0xe,31,196,-1,18,1,0,nein,0
sa_fen_richtung_t29,6,38,A+32,0xa,27,196,-1,18,1,0,nein,0
sa_fen_richtung_t29,6,39,A+33,0xa,24,196,-1,18,1,0,nein,0
sa_fen_richtung_t29,6,40,A+34,0xa,20,195,-1,18,1,0,nein,0
sa_fen_richtung_t29,6,41,A+35,0xa,16,196,-1,18,1,0,nein,0
sa_fen_richtung_t29,6,42,A+36,0xa,12,196,-1,18,1,0,nein,0
sa_fen_richtung_t29,6,43,A+37,0xa,7,196,-1,18,1,0,nein,0
sa_fen_richtung_t29,6,44,A+38,0xa,2,195,-1,18,1,0,nein,0
sa_fen_richtung_t29,6,45,A+39,0xa,0,196,-1,18,1,0,nein,0
sa_fen_richtung_t29,6,46,A+40,0xa,0,198,-1,18,1,0,nein,0
sa_fen_richtung_t29,6,47,A+41,0xa,0,198,-1,18,1,0,nein,0
sa_fen_richtung_t29,6,48,A+42,0xa,0,198,-1,18,1,0,nein,0
sa_fen_richtung_t29,6,49,A+43,0xa,0,198,-1,18,1,0,nein,0
sa_fen_richtung_t29,6,50,A+44,0xa,0,198,-1,18,1,0,nein,0
sa_fen_richtung_t30,6,7,A+1,0xe,14,198,0,18,1,0,nein,0
sa_fen_richtung_t30,6,8,A+2,0xe,18,195,0,18,1,0,nein,0
sa_fen_richtung_t30,6,9,A+3,0xe,22,196,0,18,1,0,nein,0
sa_fen_richtung_t30,6,10,A+4,0xe,26,196,0,18,1,0,nein,0
sa_fen_richtung_t30,6,11,A+5,0xe,29,196,0,18,1,0,nein,0
sa_fen_richtung_t30,6,12,A+6,0xe,32,195,0,18,1,0,nein,0
sa_fen_richtung_t30,6,13,A+7,0xe,35,196,0,18,1,0,nein,0
sa_fen_richtung_t30,6,14,A+8,0xe,38,196,0,18,1,0,nein,0
sa_fen_richtung_t30,6,15,A+9,0xe,40,196,0,18,1,0,nein,0
sa_fen_richtung_t30,6,16,A+10,0xe,43,195,0,18,1,0,nein,0
sa_fen_richtung_t30,6,17,A+11,0xe,44,196,0,18,1,0,nein,0
sa_fen_richtung_t30,6,18,A+12,0xe,46,196,0,18,1,0,nein,0
sa_fen_richtung_t30,6,19,A+13,0xe,48,196,0,18,1,0,nein,0
sa_fen_richtung_t30,6,20,A+14,0xe,49,195,0,18,1,0,nein,0
sa_fen_richtung_t30,6,21,A+15,0xe,50,196,0,18,1,0,nein,0
sa_fen_richtung_t30,6,22,A+16,0xe,50,196,0,18,1,0,nein,0
sa_fen_richtung_t30,6,23,A+17,0xe,51,196,0,18,1,0,nein,0
sa_fen_richtung_t30,6,24,A+18,0xe,51,195,0,18,1,0,nein,0
sa_fen_richtung_t30,6,25,A+19,0xe,51,196,0,18,1,0,nein,0
sa_fen_richtung_t30,6,26,A+20,0xe,51,196,0,18,1,0,nein,0
sa_fen_richtung_t30,6,27,A+21,0xe,50,196,0,18,1,0,nein,0
sa_fen_richtung_t30,6,28,A+22,0xe,49,195,0,18,1,0,nein,0
sa_fen_richtung_t30,6,29,A+23,0xe,48,196,0,18,1,0,nein,0
sa_fen_richtung_t30,6,30,A+24,0xe,47,33,0,18,1,0,nein,0
sa_fen_richtung_t30,6,31,A+25,0xe,45,198,0,18,1,0,nein,0
sa_fen_richtung_t30,6,32,A+26,0xe,44,195,0,18,1,0,nein,0
sa_fen_richtung_t30,6,33,A+27,0xe,41,196,0,18,1,0,nein,0
sa_fen_richtung_t30,6,34,A+28,0xe,39,196,0,18,1,0,nein,0
sa_fen_richtung_t30,6,35,A+29,0xe,37,196,-1,18,1,0,nein,0
sa_fen_richtung_t30,6,36,A+30,0xe,34,195,-1,18,1,0,nein,0
sa_fen_richtung_t30,6,37,A+31,0xe,31,196,-1,18,1,0,nein,0
sa_fen_richtung_t30,6,38,A+32,0xa,27,196,-1,18,1,0,nein,0
sa_fen_richtung_t30,6,39,A+33,0xa,24,196,-1,18,1,0,nein,0
sa_fen_richtung_t30,6,40,A+34,0xa,20,195,-1,18,1,0,nein,0
sa_fen_richtung_t30,6,41,A+35,0xa,16,196,-1,18,1,0,nein,0
sa_fen_richtung_t30,6,42,A+36,0xa,12,196,-1,18,1,0,nein,0
sa_fen_richtung_t30,6,43,A+37,0xa,7,196,-1,18,1,0,nein,0
sa_fen_richtung_t30,6,44,A+38,0xa,2,195,-1,18,1,0,nein,0
sa_fen_richtung_t30,6,45,A+39,0xa,0,196,-1,18,1,0,nein,0
sa_fen_richtung_t30,6,46,A+40,0xa,0,198,-1,18,1,0,nein,0
sa_fen_richtung_t30,6,47,A+41,0xa,0,198,-1,18,1,0,nein,0
sa_fen_richtung_t30,6,48,A+42,0xa,0,198,-1,18,1,0,nein,0
sa_fen_richtung_t30,6,49,A+43,0xa,0,198,-1,18,1,0,nein,0
sa_fen_richtung_t30,6,50,A+44,0xa,0,198,-1,18,1,0,nein,0
sa_fen_richtung_t31,6,7,A+1,0xe,14,198,0,18,1,0,nein,0
sa_fen_richtung_t31,6,8,A+2,0xe,18,195,0,18,1,0,nein,0
sa_fen_richtung_t31,6,9,A+3,0xe,22,196,0,18,1,0,nein,0
sa_fen_richtung_t31,6,10,A+4,0xe,26,196,0,18,1,0,nein,0
sa_fen_richtung_t31,6,11,A+5,0xe,29,196,0,18,1,0,nein,0
sa_fen_richtung_t31,6,12,A+6,0xe,32,195,0,18,1,0,nein,0
sa_fen_richtung_t31,6,13,A+7,0xe,35,196,0,18,1,0,nein,0
sa_fen_richtung_t31,6,14,A+8,0xe,38,196,0,18,1,0,nein,0
sa_fen_richtung_t31,6,15,A+9,0xe,40,196,0,18,1,0,nein,0
sa_fen_richtung_t31,6,16,A+10,0xe,43,195,0,18,1,0,nein,0
sa_fen_richtung_t31,6,17,A+11,0xe,44,196,0,18,1,0,nein,0
sa_fen_richtung_t31,6,18,A+12,0xe,46,196,0,18,1,0,nein,0
sa_fen_richtung_t31,6,19,A+13,0xe,48,196,0,18,1,0,nein,0
sa_fen_richtung_t31,6,20,A+14,0xe,49,195,0,18,1,0,nein,0
sa_fen_richtung_t31,6,21,A+15,0xe,50,196,0,18,1,0,nein,0
sa_fen_richtung_t31,6,22,A+16,0xe,50,196,0,18,1,0,nein,0
sa_fen_richtung_t31,6,23,A+17,0xe,51,196,0,18,1,0,nein,0
sa_fen_richtung_t31,6,24,A+18,0xe,51,195,0,18,1,0,nein,0
sa_fen_richtung_t31,6,25,A+19,0xe,51,196,0,18,1,0,nein,0
sa_fen_richtung_t31,6,26,A+20,0xe,51,196,0,18,1,0,nein,0
sa_fen_richtung_t31,6,27,A+21,0xe,50,196,0,18,1,0,nein,0
sa_fen_richtung_t31,6,28,A+22,0xe,49,195,0,18,1,0,nein,0
sa_fen_richtung_t31,6,29,A+23,0xe,48,196,0,18,1,0,nein,0
sa_fen_richtung_t31,6,30,A+24,0xe,47,196,0,18,1,0,nein,0
sa_fen_richtung_t31,6,31,A+25,0xe,45,33,0,18,1,0,nein,0
sa_fen_richtung_t31,6,32,A+26,0xe,44,197,0,18,1,0,nein,0
sa_fen_richtung_t31,6,33,A+27,0xe,41,196,0,18,1,0,nein,0
sa_fen_richtung_t31,6,34,A+28,0xe,39,196,0,18,1,0,nein,0
sa_fen_richtung_t31,6,35,A+29,0xe,37,196,-1,18,1,0,nein,0
sa_fen_richtung_t31,6,36,A+30,0xe,34,195,-1,18,1,0,nein,0
sa_fen_richtung_t31,6,37,A+31,0xe,31,196,-1,18,1,0,nein,0
sa_fen_richtung_t31,6,38,A+32,0xa,27,196,-1,18,1,0,nein,0
sa_fen_richtung_t31,6,39,A+33,0xa,24,196,-1,18,1,0,nein,0
sa_fen_richtung_t31,6,40,A+34,0xa,20,195,-1,18,1,0,nein,0
sa_fen_richtung_t31,6,41,A+35,0xa,16,196,-1,18,1,0,nein,0
sa_fen_richtung_t31,6,42,A+36,0xa,12,196,-1,18,1,0,nein,0
sa_fen_richtung_t31,6,43,A+37,0xa,7,196,-1,18,1,0,nein,0
sa_fen_richtung_t31,6,44,A+38,0xa,2,195,-1,18,1,0,nein,0
sa_fen_richtung_t31,6,45,A+39,0xa,0,196,-1,18,1,0,nein,0
sa_fen_richtung_t31,6,46,A+40,0xa,0,198,-1,18,1,0,nein,0
sa_fen_richtung_t31,6,47,A+41,0xa,0,198,-1,18,1,0,nein,0
sa_fen_richtung_t31,6,48,A+42,0xa,0,198,-1,18,1,0,nein,0
sa_fen_richtung_t31,6,49,A+43,0xa,0,198,-1,18,1,0,nein,0
sa_fen_richtung_t31,6,50,A+44,0xa,0,198,-1,18,1,0,nein,0
sa_fen_richtung_t32,6,7,A+1,0xe,14,198,0,18,1,0,nein,0
sa_fen_richtung_t32,6,8,A+2,0xe,18,195,0,18,1,0,nein,0
sa_fen_richtung_t32,6,9,A+3,0xe,22,196,0,18,1,0,nein,0
sa_fen_richtung_t32,6,10,A+4,0xe,26,196,0,18,1,0,nein,0
sa_fen_richtung_t32,6,11,A+5,0xe,29,196,0,18,1,0,nein,0
sa_fen_richtung_t32,6,12,A+6,0xe,32,195,0,18,1,0,nein,0
sa_fen_richtung_t32,6,13,A+7,0xe,35,196,0,18,1,0,nein,0
sa_fen_richtung_t32,6,14,A+8,0xe,38,196,0,18,1,0,nein,0
sa_fen_richtung_t32,6,15,A+9,0xe,40,196,0,18,1,0,nein,0
sa_fen_richtung_t32,6,16,A+10,0xe,43,195,0,18,1,0,nein,0
sa_fen_richtung_t32,6,17,A+11,0xe,44,196,0,18,1,0,nein,0
sa_fen_richtung_t32,6,18,A+12,0xe,46,196,0,18,1,0,nein,0
sa_fen_richtung_t32,6,19,A+13,0xe,48,196,0,18,1,0,nein,0
sa_fen_richtung_t32,6,20,A+14,0xe,49,195,0,18,1,0,nein,0
sa_fen_richtung_t32,6,21,A+15,0xe,50,196,0,18,1,0,nein,0
sa_fen_richtung_t32,6,22,A+16,0xe,50,196,0,18,1,0,nein,0
sa_fen_richtung_t32,6,23,A+17,0xe,51,196,0,18,1,0,nein,0
sa_fen_richtung_t32,6,24,A+18,0xe,51,195,0,18,1,0,nein,0
sa_fen_richtung_t32,6,25,A+19,0xe,51,196,0,18,1,0,nein,0
sa_fen_richtung_t32,6,26,A+20,0xe,51,196,0,18,1,0,nein,0
sa_fen_richtung_t32,6,27,A+21,0xe,50,196,0,18,1,0,nein,0
sa_fen_richtung_t32,6,28,A+22,0xe,49,195,0,18,1,0,nein,0
sa_fen_richtung_t32,6,29,A+23,0xe,48,196,0,18,1,0,nein,0
sa_fen_richtung_t32,6,30,A+24,0xe,47,196,0,18,1,0,nein,0
sa_fen_richtung_t32,6,31,A+25,0xe,45,196,0,18,1,0,nein,0
sa_fen_richtung_t32,6,32,A+26,0xe,44,32,0,18,1,0,nein,0
sa_fen_richtung_t32,6,33,A+27,0xe,41,198,0,18,1,0,nein,0
sa_fen_richtung_t32,6,34,A+28,0xe,39,196,0,18,1,0,nein,0
sa_fen_richtung_t32,6,35,A+29,0xe,37,196,0,18,1,0,nein,0
sa_fen_richtung_t32,6,36,A+30,0xe,34,195,0,18,1,0,nein,0
sa_fen_richtung_t32,6,37,A+31,0xe,31,196,-1,18,1,0,nein,0
sa_fen_richtung_t32,6,38,A+32,0xa,27,196,-1,18,1,0,nein,0
sa_fen_richtung_t32,6,39,A+33,0xa,24,196,-1,18,1,0,nein,0
sa_fen_richtung_t32,6,40,A+34,0xa,20,195,-1,18,1,0,nein,0
sa_fen_richtung_t32,6,41,A+35,0xa,16,196,-1,18,1,0,nein,0
sa_fen_richtung_t32,6,42,A+36,0xa,12,196,-1,18,1,0,nein,0
sa_fen_richtung_t32,6,43,A+37,0xa,7,196,-1,18,1,0,nein,0
sa_fen_richtung_t32,6,44,A+38,0xa,2,195,-1,18,1,0,nein,0
sa_fen_richtung_t32,6,45,A+39,0xa,0,196,-1,18,1,0,nein,0
sa_fen_richtung_t32,6,46,A+40,0xa,0,198,-1,18,1,0,nein,0
sa_fen_richtung_t32,6,47,A+41,0xa,0,198,-1,18,1,0,nein,0
sa_fen_richtung_t32,6,48,A+42,0xa,0,198,-1,18,1,0,nein,0
sa_fen_richtung_t32,6,49,A+43,0xa,0,198,-1,18,1,0,nein,0
sa_fen_richtung_t32,6,50,A+44,0xa,0,198,-1,18,1,0,nein,0
sa_fen_richtung_t33,6,7,A+1,0xe,14,198,0,18,1,0,nein,0
sa_fen_richtung_t33,6,8,A+2,0xe,18,195,0,18,1,0,nein,0
sa_fen_richtung_t33,6,9,A+3,0xe,22,196,0,18,1,0,nein,0
sa_fen_richtung_t33,6,10,A+4,0xe,26,196,0,18,1,0,nein,0
sa_fen_richtung_t33,6,11,A+5,0xe,29,196,0,18,1,0,nein,0
sa_fen_richtung_t33,6,12,A+6,0xe,32,195,0,18,1,0,nein,0
sa_fen_richtung_t33,6,13,A+7,0xe,35,196,0,18,1,0,nein,0
sa_fen_richtung_t33,6,14,A+8,0xe,38,196,0,18,1,0,nein,0
sa_fen_richtung_t33,6,15,A+9,0xe,40,196,0,18,1,0,nein,0
sa_fen_richtung_t33,6,16,A+10,0xe,43,195,0,18,1,0,nein,0
sa_fen_richtung_t33,6,17,A+11,0xe,44,196,0,18,1,0,nein,0
sa_fen_richtung_t33,6,18,A+12,0xe,46,196,0,18,1,0,nein,0
sa_fen_richtung_t33,6,19,A+13,0xe,48,196,0,18,1,0,nein,0
sa_fen_richtung_t33,6,20,A+14,0xe,49,195,0,18,1,0,nein,0
sa_fen_richtung_t33,6,21,A+15,0xe,50,196,0,18,1,0,nein,0
sa_fen_richtung_t33,6,22,A+16,0xe,50,196,0,18,1,0,nein,0
sa_fen_richtung_t33,6,23,A+17,0xe,51,196,0,18,1,0,nein,0
sa_fen_richtung_t33,6,24,A+18,0xe,51,195,0,18,1,0,nein,0
sa_fen_richtung_t33,6,25,A+19,0xe,51,196,0,18,1,0,nein,0
sa_fen_richtung_t33,6,26,A+20,0xe,51,196,0,18,1,0,nein,0
sa_fen_richtung_t33,6,27,A+21,0xe,50,196,0,18,1,0,nein,0
sa_fen_richtung_t33,6,28,A+22,0xe,49,195,0,18,1,0,nein,0
sa_fen_richtung_t33,6,29,A+23,0xe,48,196,0,18,1,0,nein,0
sa_fen_richtung_t33,6,30,A+24,0xe,47,196,0,18,1,0,nein,0
sa_fen_richtung_t33,6,31,A+25,0xe,45,196,0,18,1,0,nein,0
sa_fen_richtung_t33,6,32,A+26,0xe,44,195,0,18,1,0,nein,0
sa_fen_richtung_t33,6,33,A+27,0xe,41,33,0,18,3,0,ja,7
sa_fen_richtung_t34,6,7,A+1,0xe,14,198,0,18,1,0,nein,0
sa_fen_richtung_t34,6,8,A+2,0xe,18,195,0,18,1,0,nein,0
sa_fen_richtung_t34,6,9,A+3,0xe,22,196,0,18,1,0,nein,0
sa_fen_richtung_t34,6,10,A+4,0xe,26,196,0,18,1,0,nein,0
sa_fen_richtung_t34,6,11,A+5,0xe,29,196,0,18,1,0,nein,0
sa_fen_richtung_t34,6,12,A+6,0xe,32,195,0,18,1,0,nein,0
sa_fen_richtung_t34,6,13,A+7,0xe,35,196,0,18,1,0,nein,0
sa_fen_richtung_t34,6,14,A+8,0xe,38,196,0,18,1,0,nein,0
sa_fen_richtung_t34,6,15,A+9,0xe,40,196,0,18,1,0,nein,0
sa_fen_richtung_t34,6,16,A+10,0xe,43,195,0,18,1,0,nein,0
sa_fen_richtung_t34,6,17,A+11,0xe,44,196,0,18,1,0,nein,0
sa_fen_richtung_t34,6,18,A+12,0xe,46,196,0,18,1,0,nein,0
sa_fen_richtung_t34,6,19,A+13,0xe,48,196,0,18,1,0,nein,0
sa_fen_richtung_t34,6,20,A+14,0xe,49,195,0,18,1,0,nein,0
sa_fen_richtung_t34,6,21,A+15,0xe,50,196,0,18,1,0,nein,0
sa_fen_richtung_t34,6,22,A+16,0xe,50,196,0,18,1,0,nein,0
sa_fen_richtung_t34,6,23,A+17,0xe,51,196,0,18,1,0,nein,0
sa_fen_richtung_t34,6,24,A+18,0xe,51,195,0,18,1,0,nein,0
sa_fen_richtung_t34,6,25,A+19,0xe,51,196,0,18,1,0,nein,0
sa_fen_richtung_t34,6,26,A+20,0xe,51,196,0,18,1,0,nein,0
sa_fen_richtung_t34,6,27,A+21,0xe,50,196,0,18,1,0,nein,0
sa_fen_richtung_t34,6,28,A+22,0xe,49,195,0,18,1,0,nein,0
sa_fen_richtung_t34,6,29,A+23,0xe,48,196,0,18,1,0,nein,0
sa_fen_richtung_t34,6,30,A+24,0xe,47,196,0,18,1,0,nein,0
sa_fen_richtung_t34,6,31,A+25,0xe,45,196,0,18,1,0,nein,0
sa_fen_richtung_t34,6,32,A+26,0xe,44,195,0,18,1,0,nein,0
sa_fen_richtung_t34,6,33,A+27,0xe,41,196,0,18,1,0,nein,0
sa_fen_richtung_t34,6,34,A+28,0xe,39,33,0,18,3,0,ja,7
sa_fen_richtung_t35,6,7,A+1,0xe,14,198,0,18,1,0,nein,0
sa_fen_richtung_t35,6,8,A+2,0xe,18,195,0,18,1,0,nein,0
sa_fen_richtung_t35,6,9,A+3,0xe,22,196,0,18,1,0,nein,0
sa_fen_richtung_t35,6,10,A+4,0xe,26,196,0,18,1,0,nein,0
sa_fen_richtung_t35,6,11,A+5,0xe,29,196,0,18,1,0,nein,0
sa_fen_richtung_t35,6,12,A+6,0xe,32,195,0,18,1,0,nein,0
sa_fen_richtung_t35,6,13,A+7,0xe,35,196,0,18,1,0,nein,0
sa_fen_richtung_t35,6,14,A+8,0xe,38,196,0,18,1,0,nein,0
sa_fen_richtung_t35,6,15,A+9,0xe,40,196,0,18,1,0,nein,0
sa_fen_richtung_t35,6,16,A+10,0xe,43,195,0,18,1,0,nein,0
sa_fen_richtung_t35,6,17,A+11,0xe,44,196,0,18,1,0,nein,0
sa_fen_richtung_t35,6,18,A+12,0xe,46,196,0,18,1,0,nein,0
sa_fen_richtung_t35,6,19,A+13,0xe,48,196,0,18,1,0,nein,0
sa_fen_richtung_t35,6,20,A+14,0xe,49,195,0,18,1,0,nein,0
sa_fen_richtung_t35,6,21,A+15,0xe,50,196,0,18,1,0,nein,0
sa_fen_richtung_t35,6,22,A+16,0xe,50,196,0,18,1,0,nein,0
sa_fen_richtung_t35,6,23,A+17,0xe,51,196,0,18,1,0,nein,0
sa_fen_richtung_t35,6,24,A+18,0xe,51,195,0,18,1,0,nein,0
sa_fen_richtung_t35,6,25,A+19,0xe,51,196,0,18,1,0,nein,0
sa_fen_richtung_t35,6,26,A+20,0xe,51,196,0,18,1,0,nein,0
sa_fen_richtung_t35,6,27,A+21,0xe,50,196,0,18,1,0,nein,0
sa_fen_richtung_t35,6,28,A+22,0xe,49,195,0,18,1,0,nein,0
sa_fen_richtung_t35,6,29,A+23,0xe,48,196,0,18,1,0,nein,0
sa_fen_richtung_t35,6,30,A+24,0xe,47,196,0,18,1,0,nein,0
sa_fen_richtung_t35,6,31,A+25,0xe,45,196,0,18,1,0,nein,0
sa_fen_richtung_t35,6,32,A+26,0xe,44,195,0,18,1,0,nein,0
sa_fen_richtung_t35,6,33,A+27,0xe,41,196,0,18,1,0,nein,0
sa_fen_richtung_t35,6,34,A+28,0xe,39,196,0,18,1,0,nein,0
sa_fen_richtung_t35,6,35,A+29,0xe,37,33,0,18,1,0,nein,0
sa_fen_richtung_t35,6,36,A+30,0xe,34,197,0,18,1,0,nein,0
sa_fen_richtung_t35,6,37,A+31,0xe,31,196,0,18,1,0,nein,0
sa_fen_richtung_t35,6,38,A+32,0xa,27,196,0,18,1,0,nein,0
sa_fen_richtung_t35,6,39,A+33,0xa,24,196,-1,18,1,0,nein,0
sa_fen_richtung_t35,6,40,A+34,0xa,20,195,-1,18,1,0,nein,0
sa_fen_richtung_t35,6,41,A+35,0xa,16,196,-1,18,1,0,nein,0
sa_fen_richtung_t35,6,42,A+36,0xa,12,196,-1,18,1,0,nein,0
sa_fen_richtung_t35,6,43,A+37,0xa,7,196,-1,18,1,0,nein,0
sa_fen_richtung_t35,6,44,A+38,0xa,2,195,-1,18,1,0,nein,0
sa_fen_richtung_t35,6,45,A+39,0xa,0,196,-1,18,1,0,nein,0
sa_fen_richtung_t35,6,46,A+40,0xa,0,198,-1,18,1,0,nein,0
sa_fen_richtung_t35,6,47,A+41,0xa,0,198,-1,18,1,0,nein,0
sa_fen_richtung_t35,6,48,A+42,0xa,0,198,-1,18,1,0,nein,0
sa_fen_richtung_t35,6,49,A+43,0xa,0,198,-1,18,1,0,nein,0
sa_fen_richtung_t35,6,50,A+44,0xa,0,198,-1,18,1,0,nein,0
sa_fen_richtung_t36,6,7,A+1,0xe,14,198,0,18,1,0,nein,0
sa_fen_richtung_t36,6,8,A+2,0xe,18,195,0,18,1,0,nein,0
sa_fen_richtung_t36,6,9,A+3,0xe,22,196,0,18,1,0,nein,0
sa_fen_richtung_t36,6,10,A+4,0xe,26,196,0,18,1,0,nein,0
sa_fen_richtung_t36,6,11,A+5,0xe,29,196,0,18,1,0,nein,0
sa_fen_richtung_t36,6,12,A+6,0xe,32,195,0,18,1,0,nein,0
sa_fen_richtung_t36,6,13,A+7,0xe,35,196,0,18,1,0,nein,0
sa_fen_richtung_t36,6,14,A+8,0xe,38,196,0,18,1,0,nein,0
sa_fen_richtung_t36,6,15,A+9,0xe,40,196,0,18,1,0,nein,0
sa_fen_richtung_t36,6,16,A+10,0xe,43,195,0,18,1,0,nein,0
sa_fen_richtung_t36,6,17,A+11,0xe,44,196,0,18,1,0,nein,0
sa_fen_richtung_t36,6,18,A+12,0xe,46,196,0,18,1,0,nein,0
sa_fen_richtung_t36,6,19,A+13,0xe,48,196,0,18,1,0,nein,0
sa_fen_richtung_t36,6,20,A+14,0xe,49,195,0,18,1,0,nein,0
sa_fen_richtung_t36,6,21,A+15,0xe,50,196,0,18,1,0,nein,0
sa_fen_richtung_t36,6,22,A+16,0xe,50,196,0,18,1,0,nein,0
sa_fen_richtung_t36,6,23,A+17,0xe,51,196,0,18,1,0,nein,0
sa_fen_richtung_t36,6,24,A+18,0xe,51,195,0,18,1,0,nein,0
sa_fen_richtung_t36,6,25,A+19,0xe,51,196,0,18,1,0,nein,0
sa_fen_richtung_t36,6,26,A+20,0xe,51,196,0,18,1,0,nein,0
sa_fen_richtung_t36,6,27,A+21,0xe,50,196,0,18,1,0,nein,0
sa_fen_richtung_t36,6,28,A+22,0xe,49,195,0,18,1,0,nein,0
sa_fen_richtung_t36,6,29,A+23,0xe,48,196,0,18,1,0,nein,0
sa_fen_richtung_t36,6,30,A+24,0xe,47,196,0,18,1,0,nein,0
sa_fen_richtung_t36,6,31,A+25,0xe,45,196,0,18,1,0,nein,0
sa_fen_richtung_t36,6,32,A+26,0xe,44,195,0,18,1,0,nein,0
sa_fen_richtung_t36,6,33,A+27,0xe,41,196,0,18,1,0,nein,0
sa_fen_richtung_t36,6,34,A+28,0xe,39,196,0,18,1,0,nein,0
sa_fen_richtung_t36,6,35,A+29,0xe,37,196,0,18,1,0,nein,0
sa_fen_richtung_t36,6,36,A+30,0xe,34,32,0,18,1,0,nein,0
sa_fen_richtung_t36,6,37,A+31,0xe,31,198,0,18,1,0,nein,0
sa_fen_richtung_t36,6,38,A+32,0xa,27,196,0,18,1,0,nein,0
sa_fen_richtung_t36,6,39,A+33,0xa,24,196,0,18,1,0,nein,0
sa_fen_richtung_t36,6,40,A+34,0xa,20,195,0,18,1,0,nein,0
sa_fen_richtung_t36,6,41,A+35,0xa,16,196,-1,18,1,0,nein,0
sa_fen_richtung_t36,6,42,A+36,0xa,12,196,-1,18,1,0,nein,0
sa_fen_richtung_t36,6,43,A+37,0xa,7,196,-1,18,1,0,nein,0
sa_fen_richtung_t36,6,44,A+38,0xa,2,195,-1,18,1,0,nein,0
sa_fen_richtung_t36,6,45,A+39,0xa,0,196,-1,18,1,0,nein,0
sa_fen_richtung_t36,6,46,A+40,0xa,0,198,-1,18,1,0,nein,0
sa_fen_richtung_t36,6,47,A+41,0xa,0,198,-1,18,1,0,nein,0
sa_fen_richtung_t36,6,48,A+42,0xa,0,198,-1,18,1,0,nein,0
sa_fen_richtung_t36,6,49,A+43,0xa,0,198,-1,18,1,0,nein,0
sa_fen_richtung_t36,6,50,A+44,0xa,0,198,-1,18,1,0,nein,0
sa_fen_richtung_t37,6,7,A+1,0xe,14,198,0,18,1,0,nein,0
sa_fen_richtung_t37,6,8,A+2,0xe,18,195,0,18,1,0,nein,0
sa_fen_richtung_t37,6,9,A+3,0xe,22,196,0,18,1,0,nein,0
sa_fen_richtung_t37,6,10,A+4,0xe,26,196,0,18,1,0,nein,0
sa_fen_richtung_t37,6,11,A+5,0xe,29,196,0,18,1,0,nein,0
sa_fen_richtung_t37,6,12,A+6,0xe,32,195,0,18,1,0,nein,0
sa_fen_richtung_t37,6,13,A+7,0xe,35,196,0,18,1,0,nein,0
sa_fen_richtung_t37,6,14,A+8,0xe,38,196,0,18,1,0,nein,0
sa_fen_richtung_t37,6,15,A+9,0xe,40,196,0,18,1,0,nein,0
sa_fen_richtung_t37,6,16,A+10,0xe,43,195,0,18,1,0,nein,0
sa_fen_richtung_t37,6,17,A+11,0xe,44,196,0,18,1,0,nein,0
sa_fen_richtung_t37,6,18,A+12,0xe,46,196,0,18,1,0,nein,0
sa_fen_richtung_t37,6,19,A+13,0xe,48,196,0,18,1,0,nein,0
sa_fen_richtung_t37,6,20,A+14,0xe,49,195,0,18,1,0,nein,0
sa_fen_richtung_t37,6,21,A+15,0xe,50,196,0,18,1,0,nein,0
sa_fen_richtung_t37,6,22,A+16,0xe,50,196,0,18,1,0,nein,0
sa_fen_richtung_t37,6,23,A+17,0xe,51,196,0,18,1,0,nein,0
sa_fen_richtung_t37,6,24,A+18,0xe,51,195,0,18,1,0,nein,0
sa_fen_richtung_t37,6,25,A+19,0xe,51,196,0,18,1,0,nein,0
sa_fen_richtung_t37,6,26,A+20,0xe,51,196,0,18,1,0,nein,0
sa_fen_richtung_t37,6,27,A+21,0xe,50,196,0,18,1,0,nein,0
sa_fen_richtung_t37,6,28,A+22,0xe,49,195,0,18,1,0,nein,0
sa_fen_richtung_t37,6,29,A+23,0xe,48,196,0,18,1,0,nein,0
sa_fen_richtung_t37,6,30,A+24,0xe,47,196,0,18,1,0,nein,0
sa_fen_richtung_t37,6,31,A+25,0xe,45,196,0,18,1,0,nein,0
sa_fen_richtung_t37,6,32,A+26,0xe,44,195,0,18,1,0,nein,0
sa_fen_richtung_t37,6,33,A+27,0xe,41,196,0,18,1,0,nein,0
sa_fen_richtung_t37,6,34,A+28,0xe,39,196,0,18,1,0,nein,0
sa_fen_richtung_t37,6,35,A+29,0xe,37,196,0,18,1,0,nein,0
sa_fen_richtung_t37,6,36,A+30,0xe,34,195,0,18,1,0,nein,0
sa_fen_richtung_t37,6,37,A+31,0xe,31,33,0,18,1,0,nein,0
sa_fen_richtung_t37,6,38,A+32,0xa,27,198,0,18,1,0,nein,0
sa_fen_richtung_t37,6,39,A+33,0xa,24,196,0,18,1,0,nein,0
sa_fen_richtung_t37,6,40,A+34,0xa,20,195,0,18,1,0,nein,0
sa_fen_richtung_t37,6,41,A+35,0xa,16,196,-1,18,1,0,nein,0
sa_fen_richtung_t37,6,42,A+36,0xa,12,196,-1,18,1,0,nein,0
sa_fen_richtung_t37,6,43,A+37,0xa,7,196,-1,18,1,0,nein,0
sa_fen_richtung_t37,6,44,A+38,0xa,2,195,-1,18,1,0,nein,0
sa_fen_richtung_t37,6,45,A+39,0xa,0,196,-1,18,1,0,nein,0
sa_fen_richtung_t37,6,46,A+40,0xa,0,198,-1,18,1,0,nein,0
sa_fen_richtung_t37,6,47,A+41,0xa,0,198,-1,18,1,0,nein,0
sa_fen_richtung_t37,6,48,A+42,0xa,0,198,-1,18,1,0,nein,0
sa_fen_richtung_t37,6,49,A+43,0xa,0,198,-1,18,1,0,nein,0
sa_fen_richtung_t37,6,50,A+44,0xa,0,198,-1,18,1,0,nein,0
sa_nat_kb_hoch_a6,10,11,A+1,0xe,22,49,2,17,1,0,nein,0
sa_nat_kb_hoch_a6,10,12,A+2,0xe,26,48,2,17,1,0,nein,0
sa_nat_kb_hoch_a6,10,13,A+3,0xe,29,46,2,17,1,0,nein,0
sa_nat_kb_hoch_a6,10,14,A+4,0xe,32,46,2,17,1,0,nein,0
sa_nat_kb_hoch_a6,10,15,A+5,0xe,35,46,2,17,1,0,nein,0
sa_nat_kb_hoch_a6,10,16,A+6,0xe,38,46,2,17,1,0,nein,0
sa_nat_kb_hoch_a6,10,17,A+7,0xe,40,46,2,17,3,0,ja,12
sa_nat_kb_hoch_a9,13,14,A+1,0xe,32,46,2,17,1,0,nein,0
sa_nat_kb_hoch_a9,13,15,A+2,0xe,35,46,2,17,1,0,nein,0
sa_nat_kb_hoch_a9,13,16,A+3,0xe,38,46,2,17,1,0,nein,0
sa_nat_kb_hoch_a9,13,17,A+4,0xe,40,46,2,17,1,0,nein,0
sa_nat_kb_hoch_a9,13,18,A+5,0xe,43,46,2,17,1,0,nein,0
sa_nat_kb_hoch_a9,13,19,A+6,0xe,44,46,2,17,1,0,nein,0
sa_nat_kb_hoch_a9,13,20,A+7,0xe,46,46,2,17,3,0,ja,12
sa_nat_kb_neutral,10,11,A+1,0xe,29,49,2,17,1,0,nein,0
sa_nat_kb_neutral,10,12,A+2,0xe,32,48,2,17,1,0,nein,0
sa_nat_kb_neutral,10,13,A+3,0xe,35,46,2,17,1,0,nein,0
sa_nat_kb_neutral,10,14,A+4,0xe,38,46,2,17,1,0,nein,0
sa_nat_kb_neutral,10,15,A+5,0xe,40,46,2,17,3,0,ja,7
sa_nat_kb_richtung,5,6,A+1,0xe,9,53,2,17,1,0,nein,0
sa_nat_kb_richtung,5,7,A+2,0xe,14,49,2,17,1,0,nein,0
sa_nat_kb_richtung,5,8,A+3,0xe,18,47,2,17,1,0,nein,0
sa_nat_kb_richtung,5,9,A+4,0xe,22,44,2,17,1,0,nein,0
sa_nat_kb_richtung,5,10,A+5,0xe,26,42,2,17,3,0,ja,7
sa_nat_kb_unten_a20,20,21,A+1,0xe,50,46,2,17,1,0,nein,0
sa_nat_kb_unten_a20,20,22,A+2,0xe,50,46,2,17,1,0,nein,0
sa_nat_kb_unten_a20,20,23,A+3,0xe,51,46,2,17,1,0,nein,0
sa_nat_kb_unten_a20,20,24,A+4,0xe,51,46,2,17,1,0,nein,0
sa_nat_kb_unten_a20,20,25,A+5,0xe,51,46,2,17,1,0,nein,0
sa_nat_kb_unten_a20,20,26,A+6,0xe,51,46,2,17,1,0,nein,0
sa_nat_kb_unten_a20,20,27,A+7,0xe,50,46,2,17,1,0,nein,0
sa_nat_kb_unten_a20,20,28,A+8,0xe,49,46,2,17,1,0,nein,0
sa_nat_kb_unten_a20,20,29,A+9,0xe,48,46,2,17,1,0,nein,0
sa_nat_kb_unten_a20,20,30,A+10,0xe,47,46,2,17,1,0,nein,0
sa_nat_kb_unten_a20,20,31,A+11,0xe,45,46,2,17,1,0,nein,0
sa_nat_kb_unten_a20,20,32,A+12,0xe,44,46,2,17,1,0,nein,0
sa_nat_kb_unten_a20,20,33,A+13,0xe,41,46,2,17,1,0,nein,0
sa_nat_kb_unten_a20,20,34,A+14,0xe,39,46,2,17,1,0,nein,0
sa_nat_kb_unten_a20,20,35,A+15,0xe,37,46,2,17,1,0,nein,0
sa_nat_kb_unten_a20,20,36,A+16,0xe,34,46,2,17,1,0,nein,0
sa_nat_kb_unten_a20,20,37,A+17,0xe,31,46,2,17,1,0,nein,0
sa_nat_kb_unten_a20,20,38,A+18,0xe,27,46,2,17,1,0,nein,0
sa_nat_kb_unten_a20,20,39,A+19,0xe,24,46,2,17,1,0,nein,0
sa_nat_kb_unten_a20,20,40,A+20,0xe,20,46,2,17,1,0,nein,0
sa_nat_kb_unten_a20,20,41,A+21,0xe,16,46,2,17,1,0,nein,0
sa_nat_kb_unten_a20,20,42,A+22,0xe,12,46,2,17,1,0,nein,0
sa_nat_kb_unten_a20,20,43,A+23,0xe,7,46,2,17,1,0,nein,0
sa_nat_kb_unten_a20,20,44,A+24,0xe,2,46,2,17,3,0,ja,4
sa_nat_kb_unten_a24,24,25,A+1,0xe,51,46,2,17,1,0,nein,0
sa_nat_kb_unten_a24,24,26,A+2,0xe,51,46,2,17,1,0,nein,0
sa_nat_kb_unten_a24,24,27,A+3,0xe,50,46,2,17,1,0,nein,0
sa_nat_kb_unten_a24,24,28,A+4,0xe,49,46,2,17,1,0,nein,0
sa_nat_kb_unten_a24,24,29,A+5,0xe,48,46,2,17,1,0,nein,0
sa_nat_kb_unten_a24,24,30,A+6,0xe,47,46,2,17,1,0,nein,0
sa_nat_kb_unten_a24,24,31,A+7,0xe,45,46,2,17,1,0,nein,0
sa_nat_kb_unten_a24,24,32,A+8,0xe,44,46,2,17,1,0,nein,0
sa_nat_kb_unten_a24,24,33,A+9,0xe,41,46,2,17,1,0,nein,0
sa_nat_kb_unten_a24,24,34,A+10,0xe,39,46,2,17,1,0,nein,0
sa_nat_kb_unten_a24,24,35,A+11,0xe,37,46,2,17,1,0,nein,0
sa_nat_kb_unten_a24,24,36,A+12,0xe,34,46,2,17,1,0,nein,0
sa_nat_kb_unten_a24,24,37,A+13,0xe,31,46,2,17,1,0,nein,0
sa_nat_kb_unten_a24,24,38,A+14,0xe,27,46,2,17,1,0,nein,0
sa_nat_kb_unten_a24,24,39,A+15,0xe,24,46,2,17,1,0,nein,0
sa_nat_kb_unten_a24,24,40,A+16,0xe,20,46,2,17,1,0,nein,0
sa_nat_kb_unten_a24,24,41,A+17,0xe,16,46,2,17,1,0,nein,0
sa_nat_kb_unten_a24,24,42,A+18,0xe,12,46,2,17,1,0,nein,0
sa_nat_kb_unten_a24,24,43,A+19,0xe,7,46,2,17,1,0,nein,0
sa_nat_kb_unten_a24,24,44,A+20,0xe,2,46,2,17,3,0,ja,4
sa_nat_k_hoch_a6,10,11,A+1,0xe,22,46,10,18,1,0,nein,0
sa_nat_k_hoch_a6,10,12,A+2,0xe,26,46,10,18,1,0,nein,0
sa_nat_k_hoch_a6,10,13,A+3,0xe,29,46,10,18,1,0,nein,0
sa_nat_k_hoch_a6,10,14,A+4,0xe,32,46,10,18,1,0,nein,0
sa_nat_k_hoch_a6,10,15,A+5,0xe,35,46,10,18,1,0,nein,0
sa_nat_k_hoch_a6,10,16,A+6,0xe,38,46,10,18,1,0,nein,0
sa_nat_k_hoch_a6,10,17,A+7,0xe,40,46,10,18,3,0,ja,12
sa_nat_k_hoch_a9,13,14,A+1,0xe,32,46,10,18,1,0,nein,0
sa_nat_k_hoch_a9,13,15,A+2,0xe,35,46,10,18,1,0,nein,0
sa_nat_k_hoch_a9,13,16,A+3,0xe,38,46,10,18,1,0,nein,0
sa_nat_k_hoch_a9,13,17,A+4,0xe,40,46,10,18,1,0,nein,0
sa_nat_k_hoch_a9,13,18,A+5,0xe,43,46,10,18,1,0,nein,0
sa_nat_k_hoch_a9,13,19,A+6,0xe,44,46,10,18,1,0,nein,0
sa_nat_k_hoch_a9,13,20,A+7,0xe,46,46,10,18,3,0,ja,12
sa_nat_k_neutral,10,11,A+1,0xe,29,46,10,18,1,0,nein,0
sa_nat_k_neutral,10,12,A+2,0xe,32,46,10,18,1,0,nein,0
sa_nat_k_neutral,10,13,A+3,0xe,35,46,10,18,1,0,nein,0
sa_nat_k_neutral,10,14,A+4,0xe,38,46,10,18,1,0,nein,0
sa_nat_k_neutral,10,15,A+5,0xe,40,46,10,18,3,0,ja,7
sa_x_kontakt_b_neutral_dx75,6,7,A+1,0xe,14,73,0,17,1,0,nein,0
sa_x_kontakt_b_neutral_dx75,6,8,A+2,0xe,18,73,0,17,1,0,nein,0
sa_x_kontakt_b_neutral_dx75,6,9,A+3,0xe,22,73,0,17,1,0,nein,0
sa_x_kontakt_b_neutral_dx75,6,10,A+4,0xe,26,73,0,17,1,0,nein,0
sa_x_kontakt_b_neutral_dx75,6,11,A+5,0xe,29,73,0,17,3,0,ja,7
sa_x_kontakt_b_neutral_dx76,6,7,A+1,0xe,14,74,0,17,1,0,nein,0
sa_x_kontakt_b_neutral_dx76,6,8,A+2,0xe,18,74,0,17,1,0,nein,0
sa_x_kontakt_b_neutral_dx76,6,9,A+3,0xe,22,74,0,17,1,0,nein,0
sa_x_kontakt_b_neutral_dx76,6,10,A+4,0xe,26,74,0,17,1,0,nein,0
sa_x_kontakt_b_neutral_dx76,6,11,A+5,0xe,29,74,0,17,3,0,ja,7
sa_x_kontakt_b_neutral_dx77,6,7,A+1,0xe,14,75,0,17,1,0,nein,0
sa_x_kontakt_b_neutral_dx77,6,8,A+2,0xe,18,75,0,17,1,0,nein,0
sa_x_kontakt_b_neutral_dx77,6,9,A+3,0xe,22,75,0,17,1,0,nein,0
sa_x_kontakt_b_neutral_dx77,6,10,A+4,0xe,26,75,0,17,1,0,nein,0
sa_x_kontakt_b_neutral_dx77,6,11,A+5,0xe,29,75,0,17,3,0,ja,7
sa_x_kontakt_b_neutral_dx78,6,7,A+1,0xe,14,76,0,17,1,0,nein,0
sa_x_kontakt_b_neutral_dx78,6,8,A+2,0xe,18,76,0,17,1,0,nein,0
sa_x_kontakt_b_neutral_dx78,6,9,A+3,0xe,22,76,0,17,1,0,nein,0
sa_x_kontakt_b_neutral_dx78,6,10,A+4,0xe,26,76,0,17,1,0,nein,0
sa_x_kontakt_b_neutral_dx78,6,11,A+5,0xe,29,76,0,17,3,0,ja,7
sa_x_kontakt_b_neutral_dx79,6,7,A+1,0xe,14,77,0,17,1,0,nein,0
sa_x_kontakt_b_neutral_dx79,6,8,A+2,0xe,18,77,0,17,1,0,nein,0
sa_x_kontakt_b_neutral_dx79,6,9,A+3,0xe,22,77,0,17,1,0,nein,0
sa_x_kontakt_b_neutral_dx79,6,10,A+4,0xe,26,77,0,17,1,0,nein,0
sa_x_kontakt_b_neutral_dx79,6,11,A+5,0xe,29,77,0,17,1,0,nein,0
sa_x_kontakt_b_neutral_dx79,6,12,A+6,0xe,32,77,0,17,1,0,nein,0
sa_x_kontakt_b_neutral_dx79,6,13,A+7,0xe,35,75,0,17,3,0,ja,7
sa_x_kontakt_b_neutral_dxm25,6,7,A+1,0xe,14,-25,0,17,1,0,nein,0
sa_x_kontakt_b_neutral_dxm25,6,8,A+2,0xe,18,-25,0,17,1,0,nein,0
sa_x_kontakt_b_neutral_dxm25,6,9,A+3,0xe,22,-25,0,17,1,0,nein,0
sa_x_kontakt_b_neutral_dxm25,6,10,A+4,0xe,26,-25,0,17,1,0,nein,0
sa_x_kontakt_b_neutral_dxm25,6,11,A+5,0xe,29,-25,0,17,3,0,ja,7
sa_x_kontakt_b_neutral_dxm26,6,7,A+1,0xe,14,-26,0,17,1,0,nein,0
sa_x_kontakt_b_neutral_dxm26,6,8,A+2,0xe,18,-26,0,17,1,0,nein,0
sa_x_kontakt_b_neutral_dxm26,6,9,A+3,0xe,22,-26,0,17,1,0,nein,0
sa_x_kontakt_b_neutral_dxm26,6,10,A+4,0xe,26,-26,0,17,1,0,nein,0
sa_x_kontakt_b_neutral_dxm26,6,11,A+5,0xe,29,-26,0,17,3,0,ja,7
sa_x_kontakt_b_neutral_dxm27,6,7,A+1,0xe,14,-27,0,17,1,0,nein,0
sa_x_kontakt_b_neutral_dxm27,6,8,A+2,0xe,18,-27,0,17,1,0,nein,0
sa_x_kontakt_b_neutral_dxm27,6,9,A+3,0xe,22,-27,0,17,1,0,nein,0
sa_x_kontakt_b_neutral_dxm27,6,10,A+4,0xe,26,-27,0,17,1,0,nein,0
sa_x_kontakt_b_neutral_dxm27,6,11,A+5,0xe,29,-27,0,17,3,0,ja,7
sa_x_kontakt_b_neutral_dxm28,6,7,A+1,0xe,14,-28,0,17,1,0,nein,0
sa_x_kontakt_b_neutral_dxm28,6,8,A+2,0xe,18,-28,0,17,1,0,nein,0
sa_x_kontakt_b_neutral_dxm28,6,9,A+3,0xe,22,-28,0,17,1,0,nein,0
sa_x_kontakt_b_neutral_dxm28,6,10,A+4,0xe,26,-28,0,17,1,0,nein,0
sa_x_kontakt_b_neutral_dxm28,6,11,A+5,0xe,29,-28,0,17,1,0,nein,0
sa_x_kontakt_b_neutral_dxm28,6,12,A+6,0xe,32,-28,0,17,1,0,nein,0
sa_x_kontakt_b_neutral_dxm28,6,13,A+7,0xe,35,-28,0,17,1,0,nein,0
sa_x_kontakt_b_neutral_dxm28,6,14,A+8,0xe,38,-28,0,17,1,0,nein,0
sa_x_kontakt_b_neutral_dxm28,6,15,A+9,0xe,40,-28,0,17,1,0,nein,0
sa_x_kontakt_b_neutral_dxm28,6,16,A+10,0xe,43,-28,0,17,1,0,nein,0
sa_x_kontakt_b_neutral_dxm28,6,17,A+11,0xe,44,-28,0,17,1,0,nein,0
sa_x_kontakt_b_neutral_dxm28,6,18,A+12,0xe,46,-28,0,17,1,0,nein,0
sa_x_kontakt_b_neutral_dxm28,6,19,A+13,0xe,48,-28,0,17,1,0,nein,0
sa_x_kontakt_b_neutral_dxm28,6,20,A+14,0xe,49,-28,0,17,1,0,nein,0
sa_x_kontakt_b_neutral_dxm28,6,21,A+15,0xe,50,-28,0,17,1,0,nein,0
sa_x_kontakt_b_neutral_dxm28,6,22,A+16,0xe,50,-28,0,17,1,0,nein,0
sa_x_kontakt_b_neutral_dxm28,6,23,A+17,0xe,51,-28,0,17,1,0,nein,0
sa_x_kontakt_b_neutral_dxm28,6,24,A+18,0xe,51,-28,0,17,1,0,nein,0
sa_x_kontakt_b_neutral_dxm28,6,25,A+19,0xe,51,-28,0,17,1,0,nein,0
sa_x_kontakt_b_neutral_dxm28,6,26,A+20,0xe,51,-28,0,17,1,0,nein,0
sa_x_kontakt_b_neutral_dxm28,6,27,A+21,0xe,50,-28,0,17,1,0,nein,0
sa_x_kontakt_b_neutral_dxm28,6,28,A+22,0xe,49,-28,0,17,1,0,nein,0
sa_x_kontakt_b_neutral_dxm28,6,29,A+23,0xe,48,-28,0,17,1,0,nein,0
sa_x_kontakt_b_neutral_dxm28,6,30,A+24,0xe,47,-28,0,17,1,0,nein,0
sa_x_kontakt_b_neutral_dxm28,6,31,A+25,0xe,45,-28,0,17,1,0,nein,0
sa_x_kontakt_b_neutral_dxm28,6,32,A+26,0xe,44,-28,0,17,1,0,nein,0
sa_x_kontakt_b_neutral_dxm28,6,33,A+27,0xe,41,-28,0,17,3,0,ja,7
sa_x_kontakt_b_neutral_dxm29,6,7,A+1,0xe,14,-29,0,17,1,0,nein,0
sa_x_kontakt_b_neutral_dxm29,6,8,A+2,0xe,18,-29,0,17,1,0,nein,0
sa_x_kontakt_b_neutral_dxm29,6,9,A+3,0xe,22,-29,0,17,1,0,nein,0
sa_x_kontakt_b_neutral_dxm29,6,10,A+4,0xe,26,-29,0,17,1,0,nein,0
sa_x_kontakt_b_neutral_dxm29,6,11,A+5,0xe,29,-29,0,17,1,0,nein,0
sa_x_kontakt_b_neutral_dxm29,6,12,A+6,0xe,32,-29,0,17,1,0,nein,0
sa_x_kontakt_b_neutral_dxm29,6,13,A+7,0xe,35,-29,0,17,1,0,nein,0
sa_x_kontakt_b_neutral_dxm29,6,14,A+8,0xe,38,-29,0,17,1,0,nein,0
sa_x_kontakt_b_neutral_dxm29,6,15,A+9,0xe,40,-29,0,17,1,0,nein,0
sa_x_kontakt_b_neutral_dxm29,6,16,A+10,0xe,43,-29,0,17,1,0,nein,0
sa_x_kontakt_b_neutral_dxm29,6,17,A+11,0xe,44,-29,0,17,1,0,nein,0
sa_x_kontakt_b_neutral_dxm29,6,18,A+12,0xe,46,-29,0,17,1,0,nein,0
sa_x_kontakt_b_neutral_dxm29,6,19,A+13,0xe,48,-29,0,17,1,0,nein,0
sa_x_kontakt_b_neutral_dxm29,6,20,A+14,0xe,49,-29,0,17,1,0,nein,0
sa_x_kontakt_b_neutral_dxm29,6,21,A+15,0xe,50,-29,0,17,1,0,nein,0
sa_x_kontakt_b_neutral_dxm29,6,22,A+16,0xe,50,-29,0,17,1,0,nein,0
sa_x_kontakt_b_neutral_dxm29,6,23,A+17,0xe,51,-29,0,17,1,0,nein,0
sa_x_kontakt_b_neutral_dxm29,6,24,A+18,0xe,51,-29,0,17,1,0,nein,0
sa_x_kontakt_b_neutral_dxm29,6,25,A+19,0xe,51,-29,0,17,1,0,nein,0
sa_x_kontakt_b_neutral_dxm29,6,26,A+20,0xe,51,-29,0,17,1,0,nein,0
sa_x_kontakt_b_neutral_dxm29,6,27,A+21,0xe,50,-29,0,17,1,0,nein,0
sa_x_kontakt_b_neutral_dxm29,6,28,A+22,0xe,49,-29,0,17,1,0,nein,0
sa_x_kontakt_b_neutral_dxm29,6,29,A+23,0xe,48,-29,0,17,1,0,nein,0
sa_x_kontakt_b_neutral_dxm29,6,30,A+24,0xe,47,-29,0,17,1,0,nein,0
sa_x_kontakt_b_neutral_dxm29,6,31,A+25,0xe,45,-29,0,17,1,0,nein,0
sa_x_kontakt_b_neutral_dxm29,6,32,A+26,0xe,44,-29,0,17,1,0,nein,0
sa_x_kontakt_b_neutral_dxm29,6,33,A+27,0xe,41,-29,0,17,1,0,nein,0
sa_x_kontakt_b_neutral_dxm29,6,34,A+28,0xe,39,-29,0,17,1,0,nein,0
sa_x_kontakt_b_neutral_dxm29,6,35,A+29,0xe,37,-29,0,17,1,0,nein,0
sa_x_kontakt_b_neutral_dxm29,6,36,A+30,0xe,34,-29,0,17,1,0,nein,0
sa_x_kontakt_b_neutral_dxm29,6,37,A+31,0xe,31,-29,0,17,1,0,nein,0
sa_x_kontakt_b_neutral_dxm30,6,7,A+1,0xe,14,-30,0,17,1,0,nein,0
sa_x_kontakt_b_neutral_dxm30,6,8,A+2,0xe,18,-30,0,17,1,0,nein,0
sa_x_kontakt_b_neutral_dxm30,6,9,A+3,0xe,22,-30,0,17,1,0,nein,0
sa_x_kontakt_b_neutral_dxm30,6,10,A+4,0xe,26,-30,0,17,1,0,nein,0
sa_x_kontakt_b_neutral_dxm30,6,11,A+5,0xe,29,-30,0,17,1,0,nein,0
sa_x_kontakt_b_neutral_dxm30,6,12,A+6,0xe,32,-30,0,17,1,0,nein,0
sa_x_kontakt_b_neutral_dxm30,6,13,A+7,0xe,35,-30,0,17,1,0,nein,0
sa_x_kontakt_b_neutral_dxm30,6,14,A+8,0xe,38,-30,0,17,1,0,nein,0
sa_x_kontakt_b_neutral_dxm30,6,15,A+9,0xe,40,-30,0,17,1,0,nein,0
sa_x_kontakt_b_neutral_dxm30,6,16,A+10,0xe,43,-30,0,17,1,0,nein,0
sa_x_kontakt_b_neutral_dxm30,6,17,A+11,0xe,44,-30,0,17,1,0,nein,0
sa_x_kontakt_b_neutral_dxm30,6,18,A+12,0xe,46,-30,0,17,1,0,nein,0
sa_x_kontakt_b_neutral_dxm30,6,19,A+13,0xe,48,-30,0,17,1,0,nein,0
sa_x_kontakt_b_neutral_dxm30,6,20,A+14,0xe,49,-30,0,17,1,0,nein,0
sa_x_kontakt_b_neutral_dxm30,6,21,A+15,0xe,50,-30,0,17,1,0,nein,0
sa_x_kontakt_b_neutral_dxm30,6,22,A+16,0xe,50,-30,0,17,1,0,nein,0
sa_x_kontakt_b_neutral_dxm30,6,23,A+17,0xe,51,-30,0,17,1,0,nein,0
sa_x_kontakt_b_neutral_dxm30,6,24,A+18,0xe,51,-30,0,17,1,0,nein,0
sa_x_kontakt_b_neutral_dxm30,6,25,A+19,0xe,51,-30,0,17,1,0,nein,0
sa_x_kontakt_b_neutral_dxm30,6,26,A+20,0xe,51,-30,0,17,1,0,nein,0
sa_x_kontakt_b_neutral_dxm30,6,27,A+21,0xe,50,-30,0,17,1,0,nein,0
sa_x_kontakt_b_neutral_dxm30,6,28,A+22,0xe,49,-30,0,17,1,0,nein,0
sa_x_kontakt_b_neutral_dxm30,6,29,A+23,0xe,48,-30,0,17,1,0,nein,0
sa_x_kontakt_b_neutral_dxm30,6,30,A+24,0xe,47,-30,0,17,1,0,nein,0
sa_x_kontakt_b_neutral_dxm30,6,31,A+25,0xe,45,-30,0,17,1,0,nein,0
sa_x_kontakt_b_neutral_dxm30,6,32,A+26,0xe,44,-30,0,17,1,0,nein,0
sa_x_kontakt_b_neutral_dxm30,6,33,A+27,0xe,41,-30,0,17,1,0,nein,0
sa_x_kontakt_b_neutral_dxm30,6,34,A+28,0xe,39,-30,0,17,1,0,nein,0
sa_x_kontakt_b_neutral_dxm30,6,35,A+29,0xe,37,-30,0,17,1,0,nein,0
sa_x_kontakt_b_neutral_dxm30,6,36,A+30,0xe,34,-30,0,17,1,0,nein,0
sa_x_kontakt_b_neutral_dxm30,6,37,A+31,0xe,31,-30,0,17,1,0,nein,0
sa_x_kontakt_b_richtung_dx101,6,7,A+1,0xe,14,99,0,17,1,0,nein,0
sa_x_kontakt_b_richtung_dx101,6,8,A+2,0xe,18,97,0,17,1,0,nein,0
sa_x_kontakt_b_richtung_dx101,6,9,A+3,0xe,22,96,0,17,1,0,nein,0
sa_x_kontakt_b_richtung_dx101,6,10,A+4,0xe,26,97,0,17,1,0,nein,0
sa_x_kontakt_b_richtung_dx101,6,11,A+5,0xe,29,97,0,17,3,0,ja,7
sa_x_kontakt_b_richtung_dx102,6,7,A+1,0xe,14,100,0,17,1,0,nein,0
sa_x_kontakt_b_richtung_dx102,6,8,A+2,0xe,18,98,0,17,1,0,nein,0
sa_x_kontakt_b_richtung_dx102,6,9,A+3,0xe,22,97,0,17,1,0,nein,0
sa_x_kontakt_b_richtung_dx102,6,10,A+4,0xe,26,98,0,17,1,0,nein,0
sa_x_kontakt_b_richtung_dx102,6,11,A+5,0xe,29,98,0,17,3,0,ja,7
sa_x_kontakt_b_richtung_dx103,6,7,A+1,0xe,14,101,0,17,1,0,nein,0
sa_x_kontakt_b_richtung_dx103,6,8,A+2,0xe,18,99,0,17,1,0,nein,0
sa_x_kontakt_b_richtung_dx103,6,9,A+3,0xe,22,98,0,17,1,0,nein,0
sa_x_kontakt_b_richtung_dx103,6,10,A+4,0xe,26,99,0,17,1,0,nein,0
sa_x_kontakt_b_richtung_dx103,6,11,A+5,0xe,29,99,0,17,3,0,ja,7
sa_x_kontakt_b_richtung_dx104,6,7,A+1,0xe,14,102,0,17,1,0,nein,0
sa_x_kontakt_b_richtung_dx104,6,8,A+2,0xe,18,100,0,17,1,0,nein,0
sa_x_kontakt_b_richtung_dx104,6,9,A+3,0xe,22,99,0,17,1,0,nein,0
sa_x_kontakt_b_richtung_dx104,6,10,A+4,0xe,26,100,0,17,1,0,nein,0
sa_x_kontakt_b_richtung_dx104,6,11,A+5,0xe,29,100,0,17,1,0,nein,0
sa_x_kontakt_b_richtung_dx104,6,12,A+6,0xe,32,100,0,17,1,0,nein,0
sa_x_kontakt_b_richtung_dx104,6,13,A+7,0xe,35,95,0,17,3,0,ja,7
sa_x_kontakt_b_richtung_dx105,6,7,A+1,0xe,14,103,0,17,1,0,nein,0
sa_x_kontakt_b_richtung_dx105,6,8,A+2,0xe,18,101,0,17,1,0,nein,0
sa_x_kontakt_b_richtung_dx105,6,9,A+3,0xe,22,100,0,17,1,0,nein,0
sa_x_kontakt_b_richtung_dx105,6,10,A+4,0xe,26,101,0,17,1,0,nein,0
sa_x_kontakt_b_richtung_dx105,6,11,A+5,0xe,29,101,0,17,1,0,nein,0
sa_x_kontakt_b_richtung_dx105,6,12,A+6,0xe,32,101,0,17,1,0,nein,0
sa_x_kontakt_b_richtung_dx105,6,13,A+7,0xe,35,96,0,17,3,0,ja,7
sa_x_kontakt_b_richtung_dx106,6,7,A+1,0xe,14,104,0,17,1,0,nein,0
sa_x_kontakt_b_richtung_dx106,6,8,A+2,0xe,18,102,0,17,1,0,nein,0
sa_x_kontakt_b_richtung_dx106,6,9,A+3,0xe,22,101,0,17,1,0,nein,0
sa_x_kontakt_b_richtung_dx106,6,10,A+4,0xe,26,102,0,17,1,0,nein,0
sa_x_kontakt_b_richtung_dx106,6,11,A+5,0xe,29,102,0,17,1,0,nein,0
sa_x_kontakt_b_richtung_dx106,6,12,A+6,0xe,32,102,0,17,1,0,nein,0
sa_x_kontakt_b_richtung_dx106,6,13,A+7,0xe,35,97,0,17,3,0,ja,7
sa_x_kontakt_b_richtung_dxm22,6,7,A+1,0xe,14,-22,0,17,1,0,nein,0
sa_x_kontakt_b_richtung_dxm22,6,8,A+2,0xe,18,-24,0,17,1,0,nein,0
sa_x_kontakt_b_richtung_dxm22,6,9,A+3,0xe,22,-25,0,17,1,0,nein,0
sa_x_kontakt_b_richtung_dxm22,6,10,A+4,0xe,26,-24,0,17,1,0,nein,0
sa_x_kontakt_b_richtung_dxm22,6,11,A+5,0xe,29,-24,0,17,3,0,ja,7
sa_x_kontakt_b_richtung_dxm23,6,7,A+1,0xe,14,-23,0,17,1,0,nein,0
sa_x_kontakt_b_richtung_dxm23,6,8,A+2,0xe,18,-25,0,17,1,0,nein,0
sa_x_kontakt_b_richtung_dxm23,6,9,A+3,0xe,22,-26,0,17,1,0,nein,0
sa_x_kontakt_b_richtung_dxm23,6,10,A+4,0xe,26,-25,0,17,1,0,nein,0
sa_x_kontakt_b_richtung_dxm23,6,11,A+5,0xe,29,-25,0,17,1,0,nein,0
sa_x_kontakt_b_richtung_dxm23,6,12,A+6,0xe,32,-25,0,17,1,0,nein,0
sa_x_kontakt_b_richtung_dxm23,6,13,A+7,0xe,35,-28,0,17,1,0,nein,0
sa_x_kontakt_b_richtung_dxm23,6,14,A+8,0xe,38,-30,0,17,1,0,nein,0
sa_x_kontakt_b_richtung_dxm23,6,15,A+9,0xe,40,-32,0,17,1,0,nein,0
sa_x_kontakt_b_richtung_dxm23,6,16,A+10,0xe,43,-34,0,17,1,0,nein,0
sa_x_kontakt_b_richtung_dxm23,6,17,A+11,0xe,44,-37,0,17,1,0,nein,0
sa_x_kontakt_b_richtung_dxm23,6,18,A+12,0xe,46,-39,0,17,1,0,nein,0
sa_x_kontakt_b_richtung_dxm23,6,19,A+13,0xe,48,-41,0,17,1,0,nein,0
sa_x_kontakt_b_richtung_dxm23,6,20,A+14,0xe,49,-43,0,17,1,0,nein,0
sa_x_kontakt_b_richtung_dxm23,6,21,A+15,0xe,50,-46,0,17,1,0,nein,0
sa_x_kontakt_b_richtung_dxm23,6,22,A+16,0xe,50,-48,0,17,1,0,nein,0
sa_x_kontakt_b_richtung_dxm23,6,23,A+17,0xe,51,-50,0,17,1,0,nein,0
sa_x_kontakt_b_richtung_dxm23,6,24,A+18,0xe,51,-52,0,17,1,0,nein,0
sa_x_kontakt_b_richtung_dxm23,6,25,A+19,0xe,51,-55,0,17,1,0,nein,0
sa_x_kontakt_b_richtung_dxm23,6,26,A+20,0xe,51,-57,0,17,1,0,nein,0
sa_x_kontakt_b_richtung_dxm23,6,27,A+21,0xe,50,-61,0,17,1,0,nein,0
sa_x_kontakt_b_richtung_dxm23,6,28,A+22,0xe,49,-65,-1,17,1,0,nein,0
sa_x_kontakt_b_richtung_dxm23,6,29,A+23,0xe,48,-70,-1,17,1,0,nein,0
sa_x_kontakt_b_richtung_dxm23,6,30,A+24,0xe,47,-73,-1,17,1,0,nein,0
sa_x_kontakt_b_richtung_dxm23,6,31,A+25,0xe,45,-77,-1,17,1,0,nein,0
sa_x_kontakt_b_richtung_dxm23,6,32,A+26,0xe,44,-80,-2,17,1,0,nein,0
sa_x_kontakt_b_richtung_dxm23,6,33,A+27,0xe,41,-85,-2,17,1,0,nein,0
sa_x_kontakt_b_richtung_dxm23,6,34,A+28,0xe,39,-88,-3,17,1,0,nein,0
sa_x_kontakt_b_richtung_dxm23,6,35,A+29,0xe,37,-91,-4,17,1,0,nein,0
sa_x_kontakt_b_richtung_dxm23,6,36,A+30,0xe,34,-94,-4,17,1,0,nein,0
sa_x_kontakt_b_richtung_dxm23,6,37,A+31,0xe,31,-98,-5,17,1,0,nein,0
sa_x_kontakt_b_richtung_dxm23,6,38,A+32,0xa,27,-101,-6,17,1,0,nein,0
sa_x_kontakt_b_richtung_dxm23,6,39,A+33,0xa,24,-104,-7,17,1,0,nein,0
sa_x_kontakt_b_richtung_dxm23,6,40,A+34,0xa,20,-106,-8,17,1,0,nein,0
sa_x_kontakt_b_richtung_dxm23,6,41,A+35,0xa,16,-109,-8,17,1,0,nein,0
sa_x_kontakt_b_richtung_dxm23,6,42,A+36,0xa,12,-111,-9,17,1,0,nein,0
sa_x_kontakt_b_richtung_dxm23,6,43,A+37,0xa,7,-113,-10,17,1,0,nein,0
sa_x_kontakt_b_richtung_dxm23,6,44,A+38,0xa,2,-115,-11,17,1,0,nein,0
sa_x_kontakt_b_richtung_dxm23,6,45,A+39,0xa,0,-118,-12,17,1,0,nein,0
sa_x_kontakt_b_richtung_dxm23,6,46,A+40,0xa,0,-117,-13,17,1,0,nein,0
sa_x_kontakt_b_richtung_dxm23,6,47,A+41,0xa,0,-116,-14,17,1,0,nein,0
sa_x_kontakt_b_richtung_dxm23,6,48,A+42,0xa,0,-115,-14,17,1,0,nein,0
sa_x_kontakt_b_richtung_dxm23,6,49,A+43,0xa,0,-114,-15,17,1,0,nein,0
sa_x_kontakt_b_richtung_dxm23,6,50,A+44,0xa,0,-113,-16,17,1,0,nein,0
sa_x_kontakt_b_richtung_dxm24,6,7,A+1,0xe,14,-24,0,17,1,0,nein,0
sa_x_kontakt_b_richtung_dxm24,6,8,A+2,0xe,18,-26,0,17,1,0,nein,0
sa_x_kontakt_b_richtung_dxm24,6,9,A+3,0xe,22,-27,0,17,1,0,nein,0
sa_x_kontakt_b_richtung_dxm24,6,10,A+4,0xe,26,-26,0,17,1,0,nein,0
sa_x_kontakt_b_richtung_dxm24,6,11,A+5,0xe,29,-26,0,17,1,0,nein,0
sa_x_kontakt_b_richtung_dxm24,6,12,A+6,0xe,32,-26,0,17,1,0,nein,0
sa_x_kontakt_b_richtung_dxm24,6,13,A+7,0xe,35,-29,0,17,1,0,nein,0
sa_x_kontakt_b_richtung_dxm24,6,14,A+8,0xe,38,-31,0,17,1,0,nein,0
sa_x_kontakt_b_richtung_dxm24,6,15,A+9,0xe,40,-33,0,17,1,0,nein,0
sa_x_kontakt_b_richtung_dxm24,6,16,A+10,0xe,43,-35,0,17,1,0,nein,0
sa_x_kontakt_b_richtung_dxm24,6,17,A+11,0xe,44,-38,0,17,1,0,nein,0
sa_x_kontakt_b_richtung_dxm24,6,18,A+12,0xe,46,-40,0,17,1,0,nein,0
sa_x_kontakt_b_richtung_dxm24,6,19,A+13,0xe,48,-42,0,17,1,0,nein,0
sa_x_kontakt_b_richtung_dxm24,6,20,A+14,0xe,49,-44,0,17,1,0,nein,0
sa_x_kontakt_b_richtung_dxm24,6,21,A+15,0xe,50,-47,0,17,1,0,nein,0
sa_x_kontakt_b_richtung_dxm24,6,22,A+16,0xe,50,-49,0,17,1,0,nein,0
sa_x_kontakt_b_richtung_dxm24,6,23,A+17,0xe,51,-51,0,17,1,0,nein,0
sa_x_kontakt_b_richtung_dxm24,6,24,A+18,0xe,51,-53,0,17,1,0,nein,0
sa_x_kontakt_b_richtung_dxm24,6,25,A+19,0xe,51,-56,0,17,1,0,nein,0
sa_x_kontakt_b_richtung_dxm24,6,26,A+20,0xe,51,-58,0,17,1,0,nein,0
sa_x_kontakt_b_richtung_dxm24,6,27,A+21,0xe,50,-62,0,17,1,0,nein,0
sa_x_kontakt_b_richtung_dxm24,6,28,A+22,0xe,49,-66,-1,17,1,0,nein,0
sa_x_kontakt_b_richtung_dxm24,6,29,A+23,0xe,48,-71,-1,17,1,0,nein,0
sa_x_kontakt_b_richtung_dxm24,6,30,A+24,0xe,47,-74,-1,17,1,0,nein,0
sa_x_kontakt_b_richtung_dxm24,6,31,A+25,0xe,45,-78,-1,17,1,0,nein,0
sa_x_kontakt_b_richtung_dxm24,6,32,A+26,0xe,44,-81,-2,17,1,0,nein,0
sa_x_kontakt_b_richtung_dxm24,6,33,A+27,0xe,41,-86,-2,17,1,0,nein,0
sa_x_kontakt_b_richtung_dxm24,6,34,A+28,0xe,39,-89,-3,17,1,0,nein,0
sa_x_kontakt_b_richtung_dxm24,6,35,A+29,0xe,37,-92,-4,17,1,0,nein,0
sa_x_kontakt_b_richtung_dxm24,6,36,A+30,0xe,34,-95,-4,17,1,0,nein,0
sa_x_kontakt_b_richtung_dxm24,6,37,A+31,0xe,31,-99,-5,17,1,0,nein,0
sa_x_kontakt_b_richtung_dxm24,6,38,A+32,0xa,27,-102,-6,17,1,0,nein,0
sa_x_kontakt_b_richtung_dxm24,6,39,A+33,0xa,24,-105,-7,17,1,0,nein,0
sa_x_kontakt_b_richtung_dxm24,6,40,A+34,0xa,20,-107,-8,17,1,0,nein,0
sa_x_kontakt_b_richtung_dxm24,6,41,A+35,0xa,16,-110,-8,17,1,0,nein,0
sa_x_kontakt_b_richtung_dxm24,6,42,A+36,0xa,12,-112,-9,17,1,0,nein,0
sa_x_kontakt_b_richtung_dxm24,6,43,A+37,0xa,7,-114,-10,17,1,0,nein,0
sa_x_kontakt_b_richtung_dxm24,6,44,A+38,0xa,2,-116,-11,17,1,0,nein,0
sa_x_kontakt_b_richtung_dxm24,6,45,A+39,0xa,0,-119,-12,17,1,0,nein,0
sa_x_kontakt_b_richtung_dxm24,6,46,A+40,0xa,0,-118,-13,17,1,0,nein,0
sa_x_kontakt_b_richtung_dxm24,6,47,A+41,0xa,0,-117,-14,17,1,0,nein,0
sa_x_kontakt_b_richtung_dxm24,6,48,A+42,0xa,0,-116,-14,17,1,0,nein,0
sa_x_kontakt_b_richtung_dxm24,6,49,A+43,0xa,0,-115,-15,17,1,0,nein,0
sa_x_kontakt_b_richtung_dxm24,6,50,A+44,0xa,0,-114,-16,17,1,0,nein,0
sa_x_kontakt_b_richtung_dxm25,6,7,A+1,0xe,14,-25,0,17,1,0,nein,0
sa_x_kontakt_b_richtung_dxm25,6,8,A+2,0xe,18,-27,0,17,1,0,nein,0
sa_x_kontakt_b_richtung_dxm25,6,9,A+3,0xe,22,-28,0,17,1,0,nein,0
sa_x_kontakt_b_richtung_dxm25,6,10,A+4,0xe,26,-27,0,17,1,0,nein,0
sa_x_kontakt_b_richtung_dxm25,6,11,A+5,0xe,29,-27,0,17,1,0,nein,0
sa_x_kontakt_b_richtung_dxm25,6,12,A+6,0xe,32,-27,0,17,1,0,nein,0
sa_x_kontakt_b_richtung_dxm25,6,13,A+7,0xe,35,-30,0,17,1,0,nein,0
sa_x_kontakt_b_richtung_dxm25,6,14,A+8,0xe,38,-32,0,17,1,0,nein,0
sa_x_kontakt_b_richtung_dxm25,6,15,A+9,0xe,40,-34,0,17,1,0,nein,0
sa_x_kontakt_b_richtung_dxm25,6,16,A+10,0xe,43,-36,0,17,1,0,nein,0
sa_x_kontakt_b_richtung_dxm25,6,17,A+11,0xe,44,-39,0,17,1,0,nein,0
sa_x_kontakt_b_richtung_dxm25,6,18,A+12,0xe,46,-41,0,17,1,0,nein,0
sa_x_kontakt_b_richtung_dxm25,6,19,A+13,0xe,48,-43,0,17,1,0,nein,0
sa_x_kontakt_b_richtung_dxm25,6,20,A+14,0xe,49,-45,0,17,1,0,nein,0
sa_x_kontakt_b_richtung_dxm25,6,21,A+15,0xe,50,-48,0,17,1,0,nein,0
sa_x_kontakt_b_richtung_dxm25,6,22,A+16,0xe,50,-50,0,17,1,0,nein,0
sa_x_kontakt_b_richtung_dxm25,6,23,A+17,0xe,51,-52,0,17,1,0,nein,0
sa_x_kontakt_b_richtung_dxm25,6,24,A+18,0xe,51,-54,0,17,1,0,nein,0
sa_x_kontakt_b_richtung_dxm25,6,25,A+19,0xe,51,-57,0,17,1,0,nein,0
sa_x_kontakt_b_richtung_dxm25,6,26,A+20,0xe,51,-59,0,17,1,0,nein,0
sa_x_kontakt_b_richtung_dxm25,6,27,A+21,0xe,50,-63,0,17,1,0,nein,0
sa_x_kontakt_b_richtung_dxm25,6,28,A+22,0xe,49,-67,-1,17,1,0,nein,0
sa_x_kontakt_b_richtung_dxm25,6,29,A+23,0xe,48,-72,-1,17,1,0,nein,0
sa_x_kontakt_b_richtung_dxm25,6,30,A+24,0xe,47,-75,-1,17,1,0,nein,0
sa_x_kontakt_b_richtung_dxm25,6,31,A+25,0xe,45,-79,-1,17,1,0,nein,0
sa_x_kontakt_b_richtung_dxm25,6,32,A+26,0xe,44,-82,-2,17,1,0,nein,0
sa_x_kontakt_b_richtung_dxm25,6,33,A+27,0xe,41,-87,-2,17,1,0,nein,0
sa_x_kontakt_b_richtung_dxm25,6,34,A+28,0xe,39,-90,-3,17,1,0,nein,0
sa_x_kontakt_b_richtung_dxm25,6,35,A+29,0xe,37,-93,-4,17,1,0,nein,0
sa_x_kontakt_b_richtung_dxm25,6,36,A+30,0xe,34,-96,-4,17,1,0,nein,0
sa_x_kontakt_b_richtung_dxm25,6,37,A+31,0xe,31,-100,-5,17,1,0,nein,0
sa_x_kontakt_b_richtung_dxm25,6,38,A+32,0xa,27,-103,-6,17,1,0,nein,0
sa_x_kontakt_b_richtung_dxm25,6,39,A+33,0xa,24,-106,-7,17,1,0,nein,0
sa_x_kontakt_b_richtung_dxm25,6,40,A+34,0xa,20,-108,-8,17,1,0,nein,0
sa_x_kontakt_b_richtung_dxm25,6,41,A+35,0xa,16,-111,-8,17,1,0,nein,0
sa_x_kontakt_b_richtung_dxm25,6,42,A+36,0xa,12,-113,-9,17,1,0,nein,0
sa_x_kontakt_b_richtung_dxm25,6,43,A+37,0xa,7,-115,-10,17,1,0,nein,0
sa_x_kontakt_b_richtung_dxm25,6,44,A+38,0xa,2,-117,-11,17,1,0,nein,0
sa_x_kontakt_b_richtung_dxm25,6,45,A+39,0xa,0,-120,-12,17,1,0,nein,0
sa_x_kontakt_b_richtung_dxm25,6,46,A+40,0xa,0,-119,-13,17,1,0,nein,0
sa_x_kontakt_b_richtung_dxm25,6,47,A+41,0xa,0,-118,-14,17,1,0,nein,0
sa_x_kontakt_b_richtung_dxm25,6,48,A+42,0xa,0,-117,-14,17,1,0,nein,0
sa_x_kontakt_b_richtung_dxm25,6,49,A+43,0xa,0,-116,-15,17,1,0,nein,0
sa_x_kontakt_b_richtung_dxm25,6,50,A+44,0xa,0,-115,-16,17,1,0,nein,0
sa_x_kontakt_b_richtung_dxm26,6,7,A+1,0xe,14,-26,0,17,1,0,nein,0
sa_x_kontakt_b_richtung_dxm26,6,8,A+2,0xe,18,-28,0,17,1,0,nein,0
sa_x_kontakt_b_richtung_dxm26,6,9,A+3,0xe,22,-29,0,17,1,0,nein,0
sa_x_kontakt_b_richtung_dxm26,6,10,A+4,0xe,26,-28,0,17,1,0,nein,0
sa_x_kontakt_b_richtung_dxm26,6,11,A+5,0xe,29,-28,0,17,1,0,nein,0
sa_x_kontakt_b_richtung_dxm26,6,12,A+6,0xe,32,-28,0,17,1,0,nein,0
sa_x_kontakt_b_richtung_dxm26,6,13,A+7,0xe,35,-31,0,17,1,0,nein,0
sa_x_kontakt_b_richtung_dxm26,6,14,A+8,0xe,38,-33,0,17,1,0,nein,0
sa_x_kontakt_b_richtung_dxm26,6,15,A+9,0xe,40,-35,0,17,1,0,nein,0
sa_x_kontakt_b_richtung_dxm26,6,16,A+10,0xe,43,-37,0,17,1,0,nein,0
sa_x_kontakt_b_richtung_dxm26,6,17,A+11,0xe,44,-40,0,17,1,0,nein,0
sa_x_kontakt_b_richtung_dxm26,6,18,A+12,0xe,46,-42,0,17,1,0,nein,0
sa_x_kontakt_b_richtung_dxm26,6,19,A+13,0xe,48,-44,0,17,1,0,nein,0
sa_x_kontakt_b_richtung_dxm26,6,20,A+14,0xe,49,-46,0,17,1,0,nein,0
sa_x_kontakt_b_richtung_dxm26,6,21,A+15,0xe,50,-49,0,17,1,0,nein,0
sa_x_kontakt_b_richtung_dxm26,6,22,A+16,0xe,50,-51,0,17,1,0,nein,0
sa_x_kontakt_b_richtung_dxm26,6,23,A+17,0xe,51,-53,0,17,1,0,nein,0
sa_x_kontakt_b_richtung_dxm26,6,24,A+18,0xe,51,-55,0,17,1,0,nein,0
sa_x_kontakt_b_richtung_dxm26,6,25,A+19,0xe,51,-58,0,17,1,0,nein,0
sa_x_kontakt_b_richtung_dxm26,6,26,A+20,0xe,51,-60,0,17,1,0,nein,0
sa_x_kontakt_b_richtung_dxm26,6,27,A+21,0xe,50,-64,0,17,1,0,nein,0
sa_x_kontakt_b_richtung_dxm26,6,28,A+22,0xe,49,-68,-1,17,1,0,nein,0
sa_x_kontakt_b_richtung_dxm26,6,29,A+23,0xe,48,-73,-1,17,1,0,nein,0
sa_x_kontakt_b_richtung_dxm26,6,30,A+24,0xe,47,-76,-1,17,1,0,nein,0
sa_x_kontakt_b_richtung_dxm26,6,31,A+25,0xe,45,-80,-1,17,1,0,nein,0
sa_x_kontakt_b_richtung_dxm26,6,32,A+26,0xe,44,-83,-2,17,1,0,nein,0
sa_x_kontakt_b_richtung_dxm26,6,33,A+27,0xe,41,-88,-2,17,1,0,nein,0
sa_x_kontakt_b_richtung_dxm26,6,34,A+28,0xe,39,-91,-3,17,1,0,nein,0
sa_x_kontakt_b_richtung_dxm26,6,35,A+29,0xe,37,-94,-4,17,1,0,nein,0
sa_x_kontakt_b_richtung_dxm26,6,36,A+30,0xe,34,-97,-4,17,1,0,nein,0
sa_x_kontakt_b_richtung_dxm26,6,37,A+31,0xe,31,-101,-5,17,1,0,nein,0
sa_x_kontakt_b_richtung_dxm26,6,38,A+32,0xa,27,-104,-6,17,1,0,nein,0
sa_x_kontakt_b_richtung_dxm26,6,39,A+33,0xa,24,-107,-7,17,1,0,nein,0
sa_x_kontakt_b_richtung_dxm26,6,40,A+34,0xa,20,-109,-8,17,1,0,nein,0
sa_x_kontakt_b_richtung_dxm26,6,41,A+35,0xa,16,-112,-8,17,1,0,nein,0
sa_x_kontakt_b_richtung_dxm26,6,42,A+36,0xa,12,-114,-9,17,1,0,nein,0
sa_x_kontakt_b_richtung_dxm26,6,43,A+37,0xa,7,-116,-10,17,1,0,nein,0
sa_x_kontakt_b_richtung_dxm26,6,44,A+38,0xa,2,-118,-11,17,1,0,nein,0
sa_x_kontakt_b_richtung_dxm26,6,45,A+39,0xa,0,-121,-12,17,1,0,nein,0
sa_x_kontakt_b_richtung_dxm26,6,46,A+40,0xa,0,-120,-13,17,1,0,nein,0
sa_x_kontakt_b_richtung_dxm26,6,47,A+41,0xa,0,-119,-14,17,1,0,nein,0
sa_x_kontakt_b_richtung_dxm26,6,48,A+42,0xa,0,-118,-14,17,1,0,nein,0
sa_x_kontakt_b_richtung_dxm26,6,49,A+43,0xa,0,-117,-15,17,1,0,nein,0
sa_x_kontakt_b_richtung_dxm26,6,50,A+44,0xa,0,-116,-16,17,1,0,nein,0
sa_x_kontakt_b_richtung_dxm27,6,7,A+1,0xe,14,-27,0,17,1,0,nein,0
sa_x_kontakt_b_richtung_dxm27,6,8,A+2,0xe,18,-29,0,17,1,0,nein,0
sa_x_kontakt_b_richtung_dxm27,6,9,A+3,0xe,22,-30,0,17,1,0,nein,0
sa_x_kontakt_b_richtung_dxm27,6,10,A+4,0xe,26,-29,0,17,1,0,nein,0
sa_x_kontakt_b_richtung_dxm27,6,11,A+5,0xe,29,-29,0,17,1,0,nein,0
sa_x_kontakt_b_richtung_dxm27,6,12,A+6,0xe,32,-29,0,17,1,0,nein,0
sa_x_kontakt_b_richtung_dxm27,6,13,A+7,0xe,35,-32,0,17,1,0,nein,0
sa_x_kontakt_b_richtung_dxm27,6,14,A+8,0xe,38,-34,0,17,1,0,nein,0
sa_x_kontakt_b_richtung_dxm27,6,15,A+9,0xe,40,-36,0,17,1,0,nein,0
sa_x_kontakt_b_richtung_dxm27,6,16,A+10,0xe,43,-38,0,17,1,0,nein,0
sa_x_kontakt_b_richtung_dxm27,6,17,A+11,0xe,44,-41,0,17,1,0,nein,0
sa_x_kontakt_b_richtung_dxm27,6,18,A+12,0xe,46,-43,0,17,1,0,nein,0
sa_x_kontakt_b_richtung_dxm27,6,19,A+13,0xe,48,-45,0,17,1,0,nein,0
sa_x_kontakt_b_richtung_dxm27,6,20,A+14,0xe,49,-47,0,17,1,0,nein,0
sa_x_kontakt_b_richtung_dxm27,6,21,A+15,0xe,50,-50,0,17,1,0,nein,0
sa_x_kontakt_b_richtung_dxm27,6,22,A+16,0xe,50,-52,0,17,1,0,nein,0
sa_x_kontakt_b_richtung_dxm27,6,23,A+17,0xe,51,-54,0,17,1,0,nein,0
sa_x_kontakt_b_richtung_dxm27,6,24,A+18,0xe,51,-56,0,17,1,0,nein,0
sa_x_kontakt_b_richtung_dxm27,6,25,A+19,0xe,51,-59,0,17,1,0,nein,0
sa_x_kontakt_b_richtung_dxm27,6,26,A+20,0xe,51,-61,0,17,1,0,nein,0
sa_x_kontakt_b_richtung_dxm27,6,27,A+21,0xe,50,-65,0,17,1,0,nein,0
sa_x_kontakt_b_richtung_dxm27,6,28,A+22,0xe,49,-69,-1,17,1,0,nein,0
sa_x_kontakt_b_richtung_dxm27,6,29,A+23,0xe,48,-74,-1,17,1,0,nein,0
sa_x_kontakt_b_richtung_dxm27,6,30,A+24,0xe,47,-77,-1,17,1,0,nein,0
sa_x_kontakt_b_richtung_dxm27,6,31,A+25,0xe,45,-81,-1,17,1,0,nein,0
sa_x_kontakt_b_richtung_dxm27,6,32,A+26,0xe,44,-84,-2,17,1,0,nein,0
sa_x_kontakt_b_richtung_dxm27,6,33,A+27,0xe,41,-89,-2,17,1,0,nein,0
sa_x_kontakt_b_richtung_dxm27,6,34,A+28,0xe,39,-92,-3,17,1,0,nein,0
sa_x_kontakt_b_richtung_dxm27,6,35,A+29,0xe,37,-95,-4,17,1,0,nein,0
sa_x_kontakt_b_richtung_dxm27,6,36,A+30,0xe,34,-98,-4,17,1,0,nein,0
sa_x_kontakt_b_richtung_dxm27,6,37,A+31,0xe,31,-102,-5,17,1,0,nein,0
sa_x_kontakt_b_richtung_dxm27,6,38,A+32,0xa,27,-105,-6,17,1,0,nein,0
sa_x_kontakt_b_richtung_dxm27,6,39,A+33,0xa,24,-108,-7,17,1,0,nein,0
sa_x_kontakt_b_richtung_dxm27,6,40,A+34,0xa,20,-110,-8,17,1,0,nein,0
sa_x_kontakt_b_richtung_dxm27,6,41,A+35,0xa,16,-113,-8,17,1,0,nein,0
sa_x_kontakt_b_richtung_dxm27,6,42,A+36,0xa,12,-115,-9,17,1,0,nein,0
sa_x_kontakt_b_richtung_dxm27,6,43,A+37,0xa,7,-117,-10,17,1,0,nein,0
sa_x_kontakt_b_richtung_dxm27,6,44,A+38,0xa,2,-119,-11,17,1,0,nein,0
sa_x_kontakt_b_richtung_dxm27,6,45,A+39,0xa,0,-122,-12,17,1,0,nein,0
sa_x_kontakt_b_richtung_dxm27,6,46,A+40,0xa,0,-121,-13,17,1,0,nein,0
sa_x_kontakt_b_richtung_dxm27,6,47,A+41,0xa,0,-120,-14,17,1,0,nein,0
sa_x_kontakt_b_richtung_dxm27,6,48,A+42,0xa,0,-119,-14,17,1,0,nein,0
sa_x_kontakt_b_richtung_dxm27,6,49,A+43,0xa,0,-118,-15,17,1,0,nein,0
sa_x_kontakt_b_richtung_dxm27,6,50,A+44,0xa,0,-117,-16,17,1,0,nein,0
sa_x_kontakt_neutral_dx75,6,7,A+1,0xe,14,75,0,18,1,0,nein,0
sa_x_kontakt_neutral_dx75,6,8,A+2,0xe,18,75,0,18,1,0,nein,0
sa_x_kontakt_neutral_dx75,6,9,A+3,0xe,22,75,0,18,1,0,nein,0
sa_x_kontakt_neutral_dx75,6,10,A+4,0xe,26,75,0,18,1,0,nein,0
sa_x_kontakt_neutral_dx75,6,11,A+5,0xe,29,75,0,18,3,0,ja,7
sa_x_kontakt_neutral_dx76,6,7,A+1,0xe,14,76,0,18,1,0,nein,0
sa_x_kontakt_neutral_dx76,6,8,A+2,0xe,18,76,0,18,1,0,nein,0
sa_x_kontakt_neutral_dx76,6,9,A+3,0xe,22,76,0,18,1,0,nein,0
sa_x_kontakt_neutral_dx76,6,10,A+4,0xe,26,76,0,18,1,0,nein,0
sa_x_kontakt_neutral_dx76,6,11,A+5,0xe,29,76,0,18,3,0,ja,7
sa_x_kontakt_neutral_dx77,6,7,A+1,0xe,14,77,0,18,1,0,nein,0
sa_x_kontakt_neutral_dx77,6,8,A+2,0xe,18,77,0,18,1,0,nein,0
sa_x_kontakt_neutral_dx77,6,9,A+3,0xe,22,77,0,18,1,0,nein,0
sa_x_kontakt_neutral_dx77,6,10,A+4,0xe,26,77,0,18,1,0,nein,0
sa_x_kontakt_neutral_dx77,6,11,A+5,0xe,29,77,0,18,1,0,nein,0
sa_x_kontakt_neutral_dx77,6,12,A+6,0xe,32,77,0,18,1,0,nein,0
sa_x_kontakt_neutral_dx77,6,13,A+7,0xe,35,77,0,18,1,0,nein,0
sa_x_kontakt_neutral_dx77,6,14,A+8,0xe,38,77,0,18,1,0,nein,0
sa_x_kontakt_neutral_dx77,6,15,A+9,0xe,40,77,0,18,1,0,nein,0
sa_x_kontakt_neutral_dx77,6,16,A+10,0xe,43,77,0,18,1,0,nein,0
sa_x_kontakt_neutral_dx77,6,17,A+11,0xe,44,77,0,18,1,0,nein,0
sa_x_kontakt_neutral_dx77,6,18,A+12,0xe,46,77,0,18,1,0,nein,0
sa_x_kontakt_neutral_dx77,6,19,A+13,0xe,48,77,0,18,1,0,nein,0
sa_x_kontakt_neutral_dx77,6,20,A+14,0xe,49,77,0,18,1,0,nein,0
sa_x_kontakt_neutral_dx77,6,21,A+15,0xe,50,77,0,18,1,0,nein,0
sa_x_kontakt_neutral_dx77,6,22,A+16,0xe,50,77,0,18,1,0,nein,0
sa_x_kontakt_neutral_dx77,6,23,A+17,0xe,51,77,0,18,1,0,nein,0
sa_x_kontakt_neutral_dx77,6,24,A+18,0xe,51,77,0,18,1,0,nein,0
sa_x_kontakt_neutral_dx77,6,25,A+19,0xe,51,77,0,18,1,0,nein,0
sa_x_kontakt_neutral_dx77,6,26,A+20,0xe,51,77,0,18,1,0,nein,0
sa_x_kontakt_neutral_dx77,6,27,A+21,0xe,50,77,0,18,1,0,nein,0
sa_x_kontakt_neutral_dx77,6,28,A+22,0xe,49,77,0,18,1,0,nein,0
sa_x_kontakt_neutral_dx77,6,29,A+23,0xe,48,77,0,18,1,0,nein,0
sa_x_kontakt_neutral_dx77,6,30,A+24,0xe,47,77,0,18,1,0,nein,0
sa_x_kontakt_neutral_dx77,6,31,A+25,0xe,45,77,0,18,1,0,nein,0
sa_x_kontakt_neutral_dx77,6,32,A+26,0xe,44,77,0,18,1,0,nein,0
sa_x_kontakt_neutral_dx77,6,33,A+27,0xe,41,77,0,18,3,0,ja,7
sa_x_kontakt_neutral_dx78,6,7,A+1,0xe,14,78,0,18,1,0,nein,0
sa_x_kontakt_neutral_dx78,6,8,A+2,0xe,18,78,0,18,1,0,nein,0
sa_x_kontakt_neutral_dx78,6,9,A+3,0xe,22,78,0,18,1,0,nein,0
sa_x_kontakt_neutral_dx78,6,10,A+4,0xe,26,78,0,18,1,0,nein,0
sa_x_kontakt_neutral_dx78,6,11,A+5,0xe,29,78,0,18,1,0,nein,0
sa_x_kontakt_neutral_dx78,6,12,A+6,0xe,32,78,0,18,1,0,nein,0
sa_x_kontakt_neutral_dx78,6,13,A+7,0xe,35,78,0,18,1,0,nein,0
sa_x_kontakt_neutral_dx78,6,14,A+8,0xe,38,78,0,18,1,0,nein,0
sa_x_kontakt_neutral_dx78,6,15,A+9,0xe,40,78,0,18,1,0,nein,0
sa_x_kontakt_neutral_dx78,6,16,A+10,0xe,43,78,0,18,1,0,nein,0
sa_x_kontakt_neutral_dx78,6,17,A+11,0xe,44,78,0,18,1,0,nein,0
sa_x_kontakt_neutral_dx78,6,18,A+12,0xe,46,78,0,18,1,0,nein,0
sa_x_kontakt_neutral_dx78,6,19,A+13,0xe,48,78,0,18,1,0,nein,0
sa_x_kontakt_neutral_dx78,6,20,A+14,0xe,49,78,0,18,1,0,nein,0
sa_x_kontakt_neutral_dx78,6,21,A+15,0xe,50,78,0,18,1,0,nein,0
sa_x_kontakt_neutral_dx78,6,22,A+16,0xe,50,78,0,18,1,0,nein,0
sa_x_kontakt_neutral_dx78,6,23,A+17,0xe,51,78,0,18,1,0,nein,0
sa_x_kontakt_neutral_dx78,6,24,A+18,0xe,51,78,0,18,1,0,nein,0
sa_x_kontakt_neutral_dx78,6,25,A+19,0xe,51,78,0,18,1,0,nein,0
sa_x_kontakt_neutral_dx78,6,26,A+20,0xe,51,78,0,18,1,0,nein,0
sa_x_kontakt_neutral_dx78,6,27,A+21,0xe,50,78,0,18,1,0,nein,0
sa_x_kontakt_neutral_dx78,6,28,A+22,0xe,49,78,0,18,1,0,nein,0
sa_x_kontakt_neutral_dx78,6,29,A+23,0xe,48,78,0,18,1,0,nein,0
sa_x_kontakt_neutral_dx78,6,30,A+24,0xe,47,78,0,18,1,0,nein,0
sa_x_kontakt_neutral_dx78,6,31,A+25,0xe,45,78,0,18,1,0,nein,0
sa_x_kontakt_neutral_dx78,6,32,A+26,0xe,44,78,0,18,1,0,nein,0
sa_x_kontakt_neutral_dx78,6,33,A+27,0xe,41,78,0,18,1,0,nein,0
sa_x_kontakt_neutral_dx78,6,34,A+28,0xe,39,78,0,18,1,0,nein,0
sa_x_kontakt_neutral_dx78,6,35,A+29,0xe,37,78,0,18,1,0,nein,0
sa_x_kontakt_neutral_dx78,6,36,A+30,0xe,34,78,0,18,1,0,nein,0
sa_x_kontakt_neutral_dx78,6,37,A+31,0xe,31,78,0,18,1,0,nein,0
sa_x_kontakt_neutral_dx78,6,38,A+32,0xa,27,78,0,18,1,0,nein,0
sa_x_kontakt_neutral_dx78,6,39,A+33,0xa,24,78,0,18,1,0,nein,0
sa_x_kontakt_neutral_dx78,6,40,A+34,0xa,20,78,0,18,1,0,nein,0
sa_x_kontakt_neutral_dx78,6,41,A+35,0xa,16,78,0,18,1,0,nein,0
sa_x_kontakt_neutral_dx78,6,42,A+36,0xa,12,78,0,18,1,0,nein,0
sa_x_kontakt_neutral_dx78,6,43,A+37,0xa,7,78,0,18,1,0,nein,0
sa_x_kontakt_neutral_dx78,6,44,A+38,0xa,2,78,0,18,1,0,nein,0
sa_x_kontakt_neutral_dx78,6,45,A+39,0xa,0,78,0,18,1,0,nein,0
sa_x_kontakt_neutral_dx78,6,46,A+40,0xa,0,78,0,18,1,0,nein,0
sa_x_kontakt_neutral_dx78,6,47,A+41,0xa,0,78,0,18,1,0,nein,0
sa_x_kontakt_neutral_dx78,6,48,A+42,0xa,0,78,0,18,1,0,nein,0
sa_x_kontakt_neutral_dx78,6,49,A+43,0xa,0,78,0,18,1,0,nein,0
sa_x_kontakt_neutral_dx78,6,50,A+44,0xa,0,78,0,18,1,0,nein,0
sa_x_kontakt_neutral_dx79,6,7,A+1,0xe,14,77,0,18,1,0,nein,0
sa_x_kontakt_neutral_dx79,6,8,A+2,0xe,18,77,0,18,1,0,nein,0
sa_x_kontakt_neutral_dx79,6,9,A+3,0xe,22,77,0,18,1,0,nein,0
sa_x_kontakt_neutral_dx79,6,10,A+4,0xe,26,77,0,18,1,0,nein,0
sa_x_kontakt_neutral_dx79,6,11,A+5,0xe,29,77,0,18,1,0,nein,0
sa_x_kontakt_neutral_dx79,6,12,A+6,0xe,32,77,0,18,1,0,nein,0
sa_x_kontakt_neutral_dx79,6,13,A+7,0xe,35,75,0,18,3,0,ja,7
sa_x_kontakt_neutral_dxm25,6,7,A+1,0xe,14,-25,0,18,1,0,nein,0
sa_x_kontakt_neutral_dxm25,6,8,A+2,0xe,18,-25,0,18,1,0,nein,0
sa_x_kontakt_neutral_dxm25,6,9,A+3,0xe,22,-25,0,18,1,0,nein,0
sa_x_kontakt_neutral_dxm25,6,10,A+4,0xe,26,-25,0,18,1,0,nein,0
sa_x_kontakt_neutral_dxm25,6,11,A+5,0xe,29,-25,0,18,3,0,ja,7
sa_x_kontakt_neutral_dxm26,6,7,A+1,0xe,14,-26,0,18,1,0,nein,0
sa_x_kontakt_neutral_dxm26,6,8,A+2,0xe,18,-26,0,18,1,0,nein,0
sa_x_kontakt_neutral_dxm26,6,9,A+3,0xe,22,-26,0,18,1,0,nein,0
sa_x_kontakt_neutral_dxm26,6,10,A+4,0xe,26,-26,0,18,1,0,nein,0
sa_x_kontakt_neutral_dxm26,6,11,A+5,0xe,29,-26,0,18,3,0,ja,7
sa_x_kontakt_neutral_dxm27,6,7,A+1,0xe,14,-27,0,18,1,0,nein,0
sa_x_kontakt_neutral_dxm27,6,8,A+2,0xe,18,-27,0,18,1,0,nein,0
sa_x_kontakt_neutral_dxm27,6,9,A+3,0xe,22,-27,0,18,1,0,nein,0
sa_x_kontakt_neutral_dxm27,6,10,A+4,0xe,26,-27,0,18,1,0,nein,0
sa_x_kontakt_neutral_dxm27,6,11,A+5,0xe,29,-27,0,18,3,0,ja,7
sa_x_kontakt_neutral_dxm28,6,7,A+1,0xe,14,-28,0,18,1,0,nein,0
sa_x_kontakt_neutral_dxm28,6,8,A+2,0xe,18,-28,0,18,1,0,nein,0
sa_x_kontakt_neutral_dxm28,6,9,A+3,0xe,22,-28,0,18,1,0,nein,0
sa_x_kontakt_neutral_dxm28,6,10,A+4,0xe,26,-28,0,18,1,0,nein,0
sa_x_kontakt_neutral_dxm28,6,11,A+5,0xe,29,-28,0,18,1,0,nein,0
sa_x_kontakt_neutral_dxm28,6,12,A+6,0xe,32,-28,0,18,1,0,nein,0
sa_x_kontakt_neutral_dxm28,6,13,A+7,0xe,35,-28,0,18,1,0,nein,0
sa_x_kontakt_neutral_dxm28,6,14,A+8,0xe,38,-28,0,18,1,0,nein,0
sa_x_kontakt_neutral_dxm28,6,15,A+9,0xe,40,-28,0,18,1,0,nein,0
sa_x_kontakt_neutral_dxm28,6,16,A+10,0xe,43,-28,0,18,1,0,nein,0
sa_x_kontakt_neutral_dxm28,6,17,A+11,0xe,44,-28,0,18,1,0,nein,0
sa_x_kontakt_neutral_dxm28,6,18,A+12,0xe,46,-28,0,18,1,0,nein,0
sa_x_kontakt_neutral_dxm28,6,19,A+13,0xe,48,-28,0,18,1,0,nein,0
sa_x_kontakt_neutral_dxm28,6,20,A+14,0xe,49,-28,0,18,1,0,nein,0
sa_x_kontakt_neutral_dxm28,6,21,A+15,0xe,50,-28,0,18,1,0,nein,0
sa_x_kontakt_neutral_dxm28,6,22,A+16,0xe,50,-28,0,18,1,0,nein,0
sa_x_kontakt_neutral_dxm28,6,23,A+17,0xe,51,-28,0,18,1,0,nein,0
sa_x_kontakt_neutral_dxm28,6,24,A+18,0xe,51,-28,0,18,1,0,nein,0
sa_x_kontakt_neutral_dxm28,6,25,A+19,0xe,51,-28,0,18,1,0,nein,0
sa_x_kontakt_neutral_dxm28,6,26,A+20,0xe,51,-28,0,18,1,0,nein,0
sa_x_kontakt_neutral_dxm28,6,27,A+21,0xe,50,-28,0,18,1,0,nein,0
sa_x_kontakt_neutral_dxm28,6,28,A+22,0xe,49,-28,0,18,1,0,nein,0
sa_x_kontakt_neutral_dxm28,6,29,A+23,0xe,48,-28,0,18,1,0,nein,0
sa_x_kontakt_neutral_dxm28,6,30,A+24,0xe,47,-28,0,18,1,0,nein,0
sa_x_kontakt_neutral_dxm28,6,31,A+25,0xe,45,-28,0,18,1,0,nein,0
sa_x_kontakt_neutral_dxm28,6,32,A+26,0xe,44,-28,0,18,1,0,nein,0
sa_x_kontakt_neutral_dxm28,6,33,A+27,0xe,41,-28,0,18,3,0,ja,7
sa_x_kontakt_neutral_dxm29,6,7,A+1,0xe,14,-29,0,18,1,0,nein,0
sa_x_kontakt_neutral_dxm29,6,8,A+2,0xe,18,-29,0,18,1,0,nein,0
sa_x_kontakt_neutral_dxm29,6,9,A+3,0xe,22,-29,0,18,1,0,nein,0
sa_x_kontakt_neutral_dxm29,6,10,A+4,0xe,26,-29,0,18,1,0,nein,0
sa_x_kontakt_neutral_dxm29,6,11,A+5,0xe,29,-29,0,18,1,0,nein,0
sa_x_kontakt_neutral_dxm29,6,12,A+6,0xe,32,-29,0,18,1,0,nein,0
sa_x_kontakt_neutral_dxm29,6,13,A+7,0xe,35,-29,0,18,1,0,nein,0
sa_x_kontakt_neutral_dxm29,6,14,A+8,0xe,38,-29,0,18,1,0,nein,0
sa_x_kontakt_neutral_dxm29,6,15,A+9,0xe,40,-29,0,18,1,0,nein,0
sa_x_kontakt_neutral_dxm29,6,16,A+10,0xe,43,-29,0,18,1,0,nein,0
sa_x_kontakt_neutral_dxm29,6,17,A+11,0xe,44,-29,0,18,1,0,nein,0
sa_x_kontakt_neutral_dxm29,6,18,A+12,0xe,46,-29,0,18,1,0,nein,0
sa_x_kontakt_neutral_dxm29,6,19,A+13,0xe,48,-29,0,18,1,0,nein,0
sa_x_kontakt_neutral_dxm29,6,20,A+14,0xe,49,-29,0,18,1,0,nein,0
sa_x_kontakt_neutral_dxm29,6,21,A+15,0xe,50,-29,0,18,1,0,nein,0
sa_x_kontakt_neutral_dxm29,6,22,A+16,0xe,50,-29,0,18,1,0,nein,0
sa_x_kontakt_neutral_dxm29,6,23,A+17,0xe,51,-29,0,18,1,0,nein,0
sa_x_kontakt_neutral_dxm29,6,24,A+18,0xe,51,-29,0,18,1,0,nein,0
sa_x_kontakt_neutral_dxm29,6,25,A+19,0xe,51,-29,0,18,1,0,nein,0
sa_x_kontakt_neutral_dxm29,6,26,A+20,0xe,51,-29,0,18,1,0,nein,0
sa_x_kontakt_neutral_dxm29,6,27,A+21,0xe,50,-29,0,18,1,0,nein,0
sa_x_kontakt_neutral_dxm29,6,28,A+22,0xe,49,-29,0,18,1,0,nein,0
sa_x_kontakt_neutral_dxm29,6,29,A+23,0xe,48,-29,0,18,1,0,nein,0
sa_x_kontakt_neutral_dxm29,6,30,A+24,0xe,47,-29,0,18,1,0,nein,0
sa_x_kontakt_neutral_dxm29,6,31,A+25,0xe,45,-29,0,18,1,0,nein,0
sa_x_kontakt_neutral_dxm29,6,32,A+26,0xe,44,-29,0,18,1,0,nein,0
sa_x_kontakt_neutral_dxm29,6,33,A+27,0xe,41,-29,0,18,3,0,ja,7
sa_x_kontakt_neutral_dxm30,6,7,A+1,0xe,14,-30,0,18,1,0,nein,0
sa_x_kontakt_neutral_dxm30,6,8,A+2,0xe,18,-30,0,18,1,0,nein,0
sa_x_kontakt_neutral_dxm30,6,9,A+3,0xe,22,-30,0,18,1,0,nein,0
sa_x_kontakt_neutral_dxm30,6,10,A+4,0xe,26,-30,0,18,1,0,nein,0
sa_x_kontakt_neutral_dxm30,6,11,A+5,0xe,29,-30,0,18,1,0,nein,0
sa_x_kontakt_neutral_dxm30,6,12,A+6,0xe,32,-30,0,18,1,0,nein,0
sa_x_kontakt_neutral_dxm30,6,13,A+7,0xe,35,-30,0,18,1,0,nein,0
sa_x_kontakt_neutral_dxm30,6,14,A+8,0xe,38,-30,0,18,1,0,nein,0
sa_x_kontakt_neutral_dxm30,6,15,A+9,0xe,40,-30,0,18,1,0,nein,0
sa_x_kontakt_neutral_dxm30,6,16,A+10,0xe,43,-30,0,18,1,0,nein,0
sa_x_kontakt_neutral_dxm30,6,17,A+11,0xe,44,-30,0,18,1,0,nein,0
sa_x_kontakt_neutral_dxm30,6,18,A+12,0xe,46,-30,0,18,1,0,nein,0
sa_x_kontakt_neutral_dxm30,6,19,A+13,0xe,48,-30,0,18,1,0,nein,0
sa_x_kontakt_neutral_dxm30,6,20,A+14,0xe,49,-30,0,18,1,0,nein,0
sa_x_kontakt_neutral_dxm30,6,21,A+15,0xe,50,-30,0,18,1,0,nein,0
sa_x_kontakt_neutral_dxm30,6,22,A+16,0xe,50,-30,0,18,1,0,nein,0
sa_x_kontakt_neutral_dxm30,6,23,A+17,0xe,51,-30,0,18,1,0,nein,0
sa_x_kontakt_neutral_dxm30,6,24,A+18,0xe,51,-30,0,18,1,0,nein,0
sa_x_kontakt_neutral_dxm30,6,25,A+19,0xe,51,-30,0,18,1,0,nein,0
sa_x_kontakt_neutral_dxm30,6,26,A+20,0xe,51,-30,0,18,1,0,nein,0
sa_x_kontakt_neutral_dxm30,6,27,A+21,0xe,50,-30,0,18,1,0,nein,0
sa_x_kontakt_neutral_dxm30,6,28,A+22,0xe,49,-30,0,18,1,0,nein,0
sa_x_kontakt_neutral_dxm30,6,29,A+23,0xe,48,-30,0,18,1,0,nein,0
sa_x_kontakt_neutral_dxm30,6,30,A+24,0xe,47,-30,0,18,1,0,nein,0
sa_x_kontakt_neutral_dxm30,6,31,A+25,0xe,45,-30,0,18,1,0,nein,0
sa_x_kontakt_neutral_dxm30,6,32,A+26,0xe,44,-30,0,18,1,0,nein,0
sa_x_kontakt_neutral_dxm30,6,33,A+27,0xe,41,-30,0,18,3,0,ja,7
sa_x_kontakt_richtung_dx101,6,7,A+1,0xe,14,99,0,18,1,0,nein,0
sa_x_kontakt_richtung_dx101,6,8,A+2,0xe,18,96,0,18,1,0,nein,0
sa_x_kontakt_richtung_dx101,6,9,A+3,0xe,22,97,0,18,1,0,nein,0
sa_x_kontakt_richtung_dx101,6,10,A+4,0xe,26,97,0,18,1,0,nein,0
sa_x_kontakt_richtung_dx101,6,11,A+5,0xe,29,97,0,18,3,0,ja,7
sa_x_kontakt_richtung_dx102,6,7,A+1,0xe,14,100,0,18,1,0,nein,0
sa_x_kontakt_richtung_dx102,6,8,A+2,0xe,18,97,0,18,1,0,nein,0
sa_x_kontakt_richtung_dx102,6,9,A+3,0xe,22,98,0,18,1,0,nein,0
sa_x_kontakt_richtung_dx102,6,10,A+4,0xe,26,98,0,18,1,0,nein,0
sa_x_kontakt_richtung_dx102,6,11,A+5,0xe,29,98,0,18,3,0,ja,7
sa_x_kontakt_richtung_dx103,6,7,A+1,0xe,14,101,0,18,1,0,nein,0
sa_x_kontakt_richtung_dx103,6,8,A+2,0xe,18,98,0,18,1,0,nein,0
sa_x_kontakt_richtung_dx103,6,9,A+3,0xe,22,99,0,18,1,0,nein,0
sa_x_kontakt_richtung_dx103,6,10,A+4,0xe,26,99,0,18,1,0,nein,0
sa_x_kontakt_richtung_dx103,6,11,A+5,0xe,29,99,0,18,3,0,ja,7
sa_x_kontakt_richtung_dx104,6,7,A+1,0xe,14,102,0,18,1,0,nein,0
sa_x_kontakt_richtung_dx104,6,8,A+2,0xe,18,99,0,18,1,0,nein,0
sa_x_kontakt_richtung_dx104,6,9,A+3,0xe,22,100,0,18,1,0,nein,0
sa_x_kontakt_richtung_dx104,6,10,A+4,0xe,26,100,0,18,1,0,nein,0
sa_x_kontakt_richtung_dx104,6,11,A+5,0xe,29,100,0,18,1,0,nein,0
sa_x_kontakt_richtung_dx104,6,12,A+6,0xe,32,99,0,18,3,0,ja,7
sa_x_kontakt_richtung_dx105,6,7,A+1,0xe,14,103,0,18,1,0,nein,0
sa_x_kontakt_richtung_dx105,6,8,A+2,0xe,18,100,0,18,1,0,nein,0
sa_x_kontakt_richtung_dx105,6,9,A+3,0xe,22,101,0,18,1,0,nein,0
sa_x_kontakt_richtung_dx105,6,10,A+4,0xe,26,101,0,18,1,0,nein,0
sa_x_kontakt_richtung_dx105,6,11,A+5,0xe,29,101,0,18,1,0,nein,0
sa_x_kontakt_richtung_dx105,6,12,A+6,0xe,32,100,0,18,1,0,nein,0
sa_x_kontakt_richtung_dx105,6,13,A+7,0xe,35,96,0,18,3,0,ja,7
sa_x_kontakt_richtung_dx106,6,7,A+1,0xe,14,104,0,18,1,0,nein,0
sa_x_kontakt_richtung_dx106,6,8,A+2,0xe,18,101,0,18,1,0,nein,0
sa_x_kontakt_richtung_dx106,6,9,A+3,0xe,22,102,0,18,1,0,nein,0
sa_x_kontakt_richtung_dx106,6,10,A+4,0xe,26,102,0,18,1,0,nein,0
sa_x_kontakt_richtung_dx106,6,11,A+5,0xe,29,102,0,18,1,0,nein,0
sa_x_kontakt_richtung_dx106,6,12,A+6,0xe,32,101,0,18,1,0,nein,0
sa_x_kontakt_richtung_dx106,6,13,A+7,0xe,35,97,0,18,3,0,ja,7
sa_x_kontakt_richtung_dxm22,6,7,A+1,0xe,14,-22,0,18,1,0,nein,0
sa_x_kontakt_richtung_dxm22,6,8,A+2,0xe,18,-25,0,18,1,0,nein,0
sa_x_kontakt_richtung_dxm22,6,9,A+3,0xe,22,-24,0,18,1,0,nein,0
sa_x_kontakt_richtung_dxm22,6,10,A+4,0xe,26,-24,0,18,1,0,nein,0
sa_x_kontakt_richtung_dxm22,6,11,A+5,0xe,29,-24,0,18,3,0,ja,7
sa_x_kontakt_richtung_dxm23,6,7,A+1,0xe,14,-23,0,18,1,0,nein,0
sa_x_kontakt_richtung_dxm23,6,8,A+2,0xe,18,-26,0,18,1,0,nein,0
sa_x_kontakt_richtung_dxm23,6,9,A+3,0xe,22,-25,0,18,1,0,nein,0
sa_x_kontakt_richtung_dxm23,6,10,A+4,0xe,26,-25,0,18,1,0,nein,0
sa_x_kontakt_richtung_dxm23,6,11,A+5,0xe,29,-25,0,18,1,0,nein,0
sa_x_kontakt_richtung_dxm23,6,12,A+6,0xe,32,-26,0,18,1,0,nein,0
sa_x_kontakt_richtung_dxm23,6,13,A+7,0xe,35,-28,0,18,1,0,nein,0
sa_x_kontakt_richtung_dxm23,6,14,A+8,0xe,38,-30,0,18,1,0,nein,0
sa_x_kontakt_richtung_dxm23,6,15,A+9,0xe,40,-32,0,18,1,0,nein,0
sa_x_kontakt_richtung_dxm23,6,16,A+10,0xe,43,-35,0,18,1,0,nein,0
sa_x_kontakt_richtung_dxm23,6,17,A+11,0xe,44,-37,0,18,1,0,nein,0
sa_x_kontakt_richtung_dxm23,6,18,A+12,0xe,46,-39,0,18,1,0,nein,0
sa_x_kontakt_richtung_dxm23,6,19,A+13,0xe,48,-41,0,18,1,0,nein,0
sa_x_kontakt_richtung_dxm23,6,20,A+14,0xe,49,-44,0,18,1,0,nein,0
sa_x_kontakt_richtung_dxm23,6,21,A+15,0xe,50,-46,0,18,1,0,nein,0
sa_x_kontakt_richtung_dxm23,6,22,A+16,0xe,50,-48,0,18,1,0,nein,0
sa_x_kontakt_richtung_dxm23,6,23,A+17,0xe,51,-50,0,18,1,0,nein,0
sa_x_kontakt_richtung_dxm23,6,24,A+18,0xe,51,-53,0,18,1,0,nein,0
sa_x_kontakt_richtung_dxm23,6,25,A+19,0xe,51,-55,0,18,1,0,nein,0
sa_x_kontakt_richtung_dxm23,6,26,A+20,0xe,51,-59,0,18,1,0,nein,0
sa_x_kontakt_richtung_dxm23,6,27,A+21,0xe,50,-63,0,18,1,0,nein,0
sa_x_kontakt_richtung_dxm23,6,28,A+22,0xe,49,-68,-1,18,1,0,nein,0
sa_x_kontakt_richtung_dxm23,6,29,A+23,0xe,48,-71,-1,18,1,0,nein,0
sa_x_kontakt_richtung_dxm23,6,30,A+24,0xe,47,-75,-1,18,1,0,nein,0
sa_x_kontakt_richtung_dxm23,6,31,A+25,0xe,45,-79,-1,18,1,0,nein,0
sa_x_kontakt_richtung_dxm23,6,32,A+26,0xe,44,-83,-2,18,1,0,nein,0
sa_x_kontakt_richtung_dxm23,6,33,A+27,0xe,41,-87,-2,18,1,0,nein,0
sa_x_kontakt_richtung_dxm23,6,34,A+28,0xe,39,-90,-3,18,1,0,nein,0
sa_x_kontakt_richtung_dxm23,6,35,A+29,0xe,37,-93,-4,18,1,0,nein,0
sa_x_kontakt_richtung_dxm23,6,36,A+30,0xe,34,-97,-4,18,1,0,nein,0
sa_x_kontakt_richtung_dxm23,6,37,A+31,0xe,31,-100,-5,18,1,0,nein,0
sa_x_kontakt_richtung_dxm23,6,38,A+32,0xa,27,-103,-6,18,1,0,nein,0
sa_x_kontakt_richtung_dxm23,6,39,A+33,0xa,24,-105,-7,18,1,0,nein,0
sa_x_kontakt_richtung_dxm23,6,40,A+34,0xa,20,-109,-8,18,1,0,nein,0
sa_x_kontakt_richtung_dxm23,6,41,A+35,0xa,16,-111,-8,18,1,0,nein,0
sa_x_kontakt_richtung_dxm23,6,42,A+36,0xa,12,-113,-9,18,1,0,nein,0
sa_x_kontakt_richtung_dxm23,6,43,A+37,0xa,7,-115,-10,18,1,0,nein,0
sa_x_kontakt_richtung_dxm23,6,44,A+38,0xa,2,-118,-11,18,1,0,nein,0
sa_x_kontakt_richtung_dxm23,6,45,A+39,0xa,0,-119,-12,18,1,0,nein,0
sa_x_kontakt_richtung_dxm23,6,46,A+40,0xa,0,-119,-13,18,1,0,nein,0
sa_x_kontakt_richtung_dxm23,6,47,A+41,0xa,0,-118,-14,18,1,0,nein,0
sa_x_kontakt_richtung_dxm23,6,48,A+42,0xa,0,-117,-14,18,1,0,nein,0
sa_x_kontakt_richtung_dxm23,6,49,A+43,0xa,0,-116,-15,18,1,0,nein,0
sa_x_kontakt_richtung_dxm23,6,50,A+44,0xa,0,-115,-16,18,1,0,nein,0
sa_x_kontakt_richtung_dxm24,6,7,A+1,0xe,14,-24,0,18,1,0,nein,0
sa_x_kontakt_richtung_dxm24,6,8,A+2,0xe,18,-27,0,18,1,0,nein,0
sa_x_kontakt_richtung_dxm24,6,9,A+3,0xe,22,-26,0,18,1,0,nein,0
sa_x_kontakt_richtung_dxm24,6,10,A+4,0xe,26,-26,0,18,1,0,nein,0
sa_x_kontakt_richtung_dxm24,6,11,A+5,0xe,29,-26,0,18,1,0,nein,0
sa_x_kontakt_richtung_dxm24,6,12,A+6,0xe,32,-27,0,18,1,0,nein,0
sa_x_kontakt_richtung_dxm24,6,13,A+7,0xe,35,-29,0,18,1,0,nein,0
sa_x_kontakt_richtung_dxm24,6,14,A+8,0xe,38,-31,0,18,1,0,nein,0
sa_x_kontakt_richtung_dxm24,6,15,A+9,0xe,40,-33,0,18,1,0,nein,0
sa_x_kontakt_richtung_dxm24,6,16,A+10,0xe,43,-36,0,18,1,0,nein,0
sa_x_kontakt_richtung_dxm24,6,17,A+11,0xe,44,-38,0,18,1,0,nein,0
sa_x_kontakt_richtung_dxm24,6,18,A+12,0xe,46,-40,0,18,1,0,nein,0
sa_x_kontakt_richtung_dxm24,6,19,A+13,0xe,48,-42,0,18,1,0,nein,0
sa_x_kontakt_richtung_dxm24,6,20,A+14,0xe,49,-45,0,18,1,0,nein,0
sa_x_kontakt_richtung_dxm24,6,21,A+15,0xe,50,-47,0,18,1,0,nein,0
sa_x_kontakt_richtung_dxm24,6,22,A+16,0xe,50,-49,0,18,1,0,nein,0
sa_x_kontakt_richtung_dxm24,6,23,A+17,0xe,51,-51,0,18,1,0,nein,0
sa_x_kontakt_richtung_dxm24,6,24,A+18,0xe,51,-54,0,18,1,0,nein,0
sa_x_kontakt_richtung_dxm24,6,25,A+19,0xe,51,-56,0,18,1,0,nein,0
sa_x_kontakt_richtung_dxm24,6,26,A+20,0xe,51,-60,0,18,1,0,nein,0
sa_x_kontakt_richtung_dxm24,6,27,A+21,0xe,50,-64,0,18,1,0,nein,0
sa_x_kontakt_richtung_dxm24,6,28,A+22,0xe,49,-69,-1,18,1,0,nein,0
sa_x_kontakt_richtung_dxm24,6,29,A+23,0xe,48,-72,-1,18,1,0,nein,0
sa_x_kontakt_richtung_dxm24,6,30,A+24,0xe,47,-76,-1,18,1,0,nein,0
sa_x_kontakt_richtung_dxm24,6,31,A+25,0xe,45,-80,-1,18,1,0,nein,0
sa_x_kontakt_richtung_dxm24,6,32,A+26,0xe,44,-84,-2,18,1,0,nein,0
sa_x_kontakt_richtung_dxm24,6,33,A+27,0xe,41,-88,-2,18,1,0,nein,0
sa_x_kontakt_richtung_dxm24,6,34,A+28,0xe,39,-91,-3,18,1,0,nein,0
sa_x_kontakt_richtung_dxm24,6,35,A+29,0xe,37,-94,-4,18,1,0,nein,0
sa_x_kontakt_richtung_dxm24,6,36,A+30,0xe,34,-98,-4,18,1,0,nein,0
sa_x_kontakt_richtung_dxm24,6,37,A+31,0xe,31,-101,-5,18,1,0,nein,0
sa_x_kontakt_richtung_dxm24,6,38,A+32,0xa,27,-104,-6,18,1,0,nein,0
sa_x_kontakt_richtung_dxm24,6,39,A+33,0xa,24,-106,-7,18,1,0,nein,0
sa_x_kontakt_richtung_dxm24,6,40,A+34,0xa,20,-110,-8,18,1,0,nein,0
sa_x_kontakt_richtung_dxm24,6,41,A+35,0xa,16,-112,-8,18,1,0,nein,0
sa_x_kontakt_richtung_dxm24,6,42,A+36,0xa,12,-114,-9,18,1,0,nein,0
sa_x_kontakt_richtung_dxm24,6,43,A+37,0xa,7,-116,-10,18,1,0,nein,0
sa_x_kontakt_richtung_dxm24,6,44,A+38,0xa,2,-119,-11,18,1,0,nein,0
sa_x_kontakt_richtung_dxm24,6,45,A+39,0xa,0,-120,-12,18,1,0,nein,0
sa_x_kontakt_richtung_dxm24,6,46,A+40,0xa,0,-120,-13,18,1,0,nein,0
sa_x_kontakt_richtung_dxm24,6,47,A+41,0xa,0,-119,-14,18,1,0,nein,0
sa_x_kontakt_richtung_dxm24,6,48,A+42,0xa,0,-118,-14,18,1,0,nein,0
sa_x_kontakt_richtung_dxm24,6,49,A+43,0xa,0,-117,-15,18,1,0,nein,0
sa_x_kontakt_richtung_dxm24,6,50,A+44,0xa,0,-116,-16,18,1,0,nein,0
sa_x_kontakt_richtung_dxm25,6,7,A+1,0xe,14,-25,0,18,1,0,nein,0
sa_x_kontakt_richtung_dxm25,6,8,A+2,0xe,18,-28,0,18,1,0,nein,0
sa_x_kontakt_richtung_dxm25,6,9,A+3,0xe,22,-27,0,18,1,0,nein,0
sa_x_kontakt_richtung_dxm25,6,10,A+4,0xe,26,-27,0,18,1,0,nein,0
sa_x_kontakt_richtung_dxm25,6,11,A+5,0xe,29,-27,0,18,1,0,nein,0
sa_x_kontakt_richtung_dxm25,6,12,A+6,0xe,32,-28,0,18,1,0,nein,0
sa_x_kontakt_richtung_dxm25,6,13,A+7,0xe,35,-30,0,18,1,0,nein,0
sa_x_kontakt_richtung_dxm25,6,14,A+8,0xe,38,-32,0,18,1,0,nein,0
sa_x_kontakt_richtung_dxm25,6,15,A+9,0xe,40,-34,0,18,1,0,nein,0
sa_x_kontakt_richtung_dxm25,6,16,A+10,0xe,43,-37,0,18,1,0,nein,0
sa_x_kontakt_richtung_dxm25,6,17,A+11,0xe,44,-39,0,18,1,0,nein,0
sa_x_kontakt_richtung_dxm25,6,18,A+12,0xe,46,-41,0,18,1,0,nein,0
sa_x_kontakt_richtung_dxm25,6,19,A+13,0xe,48,-43,0,18,1,0,nein,0
sa_x_kontakt_richtung_dxm25,6,20,A+14,0xe,49,-46,0,18,1,0,nein,0
sa_x_kontakt_richtung_dxm25,6,21,A+15,0xe,50,-48,0,18,1,0,nein,0
sa_x_kontakt_richtung_dxm25,6,22,A+16,0xe,50,-50,0,18,1,0,nein,0
sa_x_kontakt_richtung_dxm25,6,23,A+17,0xe,51,-52,0,18,1,0,nein,0
sa_x_kontakt_richtung_dxm25,6,24,A+18,0xe,51,-55,0,18,1,0,nein,0
sa_x_kontakt_richtung_dxm25,6,25,A+19,0xe,51,-57,0,18,1,0,nein,0
sa_x_kontakt_richtung_dxm25,6,26,A+20,0xe,51,-61,0,18,1,0,nein,0
sa_x_kontakt_richtung_dxm25,6,27,A+21,0xe,50,-65,0,18,1,0,nein,0
sa_x_kontakt_richtung_dxm25,6,28,A+22,0xe,49,-70,-1,18,1,0,nein,0
sa_x_kontakt_richtung_dxm25,6,29,A+23,0xe,48,-73,-1,18,1,0,nein,0
sa_x_kontakt_richtung_dxm25,6,30,A+24,0xe,47,-77,-1,18,1,0,nein,0
sa_x_kontakt_richtung_dxm25,6,31,A+25,0xe,45,-81,-1,18,1,0,nein,0
sa_x_kontakt_richtung_dxm25,6,32,A+26,0xe,44,-85,-2,18,1,0,nein,0
sa_x_kontakt_richtung_dxm25,6,33,A+27,0xe,41,-89,-2,18,1,0,nein,0
sa_x_kontakt_richtung_dxm25,6,34,A+28,0xe,39,-92,-3,18,1,0,nein,0
sa_x_kontakt_richtung_dxm25,6,35,A+29,0xe,37,-95,-4,18,1,0,nein,0
sa_x_kontakt_richtung_dxm25,6,36,A+30,0xe,34,-99,-4,18,1,0,nein,0
sa_x_kontakt_richtung_dxm25,6,37,A+31,0xe,31,-102,-5,18,1,0,nein,0
sa_x_kontakt_richtung_dxm25,6,38,A+32,0xa,27,-105,-6,18,1,0,nein,0
sa_x_kontakt_richtung_dxm25,6,39,A+33,0xa,24,-107,-7,18,1,0,nein,0
sa_x_kontakt_richtung_dxm25,6,40,A+34,0xa,20,-111,-8,18,1,0,nein,0
sa_x_kontakt_richtung_dxm25,6,41,A+35,0xa,16,-113,-8,18,1,0,nein,0
sa_x_kontakt_richtung_dxm25,6,42,A+36,0xa,12,-115,-9,18,1,0,nein,0
sa_x_kontakt_richtung_dxm25,6,43,A+37,0xa,7,-117,-10,18,1,0,nein,0
sa_x_kontakt_richtung_dxm25,6,44,A+38,0xa,2,-120,-11,18,1,0,nein,0
sa_x_kontakt_richtung_dxm25,6,45,A+39,0xa,0,-121,-12,18,1,0,nein,0
sa_x_kontakt_richtung_dxm25,6,46,A+40,0xa,0,-121,-13,18,1,0,nein,0
sa_x_kontakt_richtung_dxm25,6,47,A+41,0xa,0,-120,-14,18,1,0,nein,0
sa_x_kontakt_richtung_dxm25,6,48,A+42,0xa,0,-119,-14,18,1,0,nein,0
sa_x_kontakt_richtung_dxm25,6,49,A+43,0xa,0,-118,-15,18,1,0,nein,0
sa_x_kontakt_richtung_dxm25,6,50,A+44,0xa,0,-117,-16,18,1,0,nein,0
sa_x_kontakt_richtung_dxm26,6,7,A+1,0xe,14,-26,0,18,1,0,nein,0
sa_x_kontakt_richtung_dxm26,6,8,A+2,0xe,18,-29,0,18,1,0,nein,0
sa_x_kontakt_richtung_dxm26,6,9,A+3,0xe,22,-28,0,18,1,0,nein,0
sa_x_kontakt_richtung_dxm26,6,10,A+4,0xe,26,-28,0,18,1,0,nein,0
sa_x_kontakt_richtung_dxm26,6,11,A+5,0xe,29,-28,0,18,1,0,nein,0
sa_x_kontakt_richtung_dxm26,6,12,A+6,0xe,32,-29,0,18,1,0,nein,0
sa_x_kontakt_richtung_dxm26,6,13,A+7,0xe,35,-31,0,18,1,0,nein,0
sa_x_kontakt_richtung_dxm26,6,14,A+8,0xe,38,-33,0,18,1,0,nein,0
sa_x_kontakt_richtung_dxm26,6,15,A+9,0xe,40,-35,0,18,1,0,nein,0
sa_x_kontakt_richtung_dxm26,6,16,A+10,0xe,43,-38,0,18,1,0,nein,0
sa_x_kontakt_richtung_dxm26,6,17,A+11,0xe,44,-40,0,18,1,0,nein,0
sa_x_kontakt_richtung_dxm26,6,18,A+12,0xe,46,-42,0,18,1,0,nein,0
sa_x_kontakt_richtung_dxm26,6,19,A+13,0xe,48,-44,0,18,1,0,nein,0
sa_x_kontakt_richtung_dxm26,6,20,A+14,0xe,49,-47,0,18,1,0,nein,0
sa_x_kontakt_richtung_dxm26,6,21,A+15,0xe,50,-49,0,18,1,0,nein,0
sa_x_kontakt_richtung_dxm26,6,22,A+16,0xe,50,-51,0,18,1,0,nein,0
sa_x_kontakt_richtung_dxm26,6,23,A+17,0xe,51,-53,0,18,1,0,nein,0
sa_x_kontakt_richtung_dxm26,6,24,A+18,0xe,51,-56,0,18,1,0,nein,0
sa_x_kontakt_richtung_dxm26,6,25,A+19,0xe,51,-58,0,18,1,0,nein,0
sa_x_kontakt_richtung_dxm26,6,26,A+20,0xe,51,-62,0,18,1,0,nein,0
sa_x_kontakt_richtung_dxm26,6,27,A+21,0xe,50,-66,0,18,1,0,nein,0
sa_x_kontakt_richtung_dxm26,6,28,A+22,0xe,49,-71,-1,18,1,0,nein,0
sa_x_kontakt_richtung_dxm26,6,29,A+23,0xe,48,-74,-1,18,1,0,nein,0
sa_x_kontakt_richtung_dxm26,6,30,A+24,0xe,47,-78,-1,18,1,0,nein,0
sa_x_kontakt_richtung_dxm26,6,31,A+25,0xe,45,-82,-1,18,1,0,nein,0
sa_x_kontakt_richtung_dxm26,6,32,A+26,0xe,44,-86,-2,18,1,0,nein,0
sa_x_kontakt_richtung_dxm26,6,33,A+27,0xe,41,-90,-2,18,1,0,nein,0
sa_x_kontakt_richtung_dxm26,6,34,A+28,0xe,39,-93,-3,18,1,0,nein,0
sa_x_kontakt_richtung_dxm26,6,35,A+29,0xe,37,-96,-4,18,1,0,nein,0
sa_x_kontakt_richtung_dxm26,6,36,A+30,0xe,34,-100,-4,18,1,0,nein,0
sa_x_kontakt_richtung_dxm26,6,37,A+31,0xe,31,-103,-5,18,1,0,nein,0
sa_x_kontakt_richtung_dxm26,6,38,A+32,0xa,27,-106,-6,18,1,0,nein,0
sa_x_kontakt_richtung_dxm26,6,39,A+33,0xa,24,-108,-7,18,1,0,nein,0
sa_x_kontakt_richtung_dxm26,6,40,A+34,0xa,20,-112,-8,18,1,0,nein,0
sa_x_kontakt_richtung_dxm26,6,41,A+35,0xa,16,-114,-8,18,1,0,nein,0
sa_x_kontakt_richtung_dxm26,6,42,A+36,0xa,12,-116,-9,18,1,0,nein,0
sa_x_kontakt_richtung_dxm26,6,43,A+37,0xa,7,-118,-10,18,1,0,nein,0
sa_x_kontakt_richtung_dxm26,6,44,A+38,0xa,2,-121,-11,18,1,0,nein,0
sa_x_kontakt_richtung_dxm26,6,45,A+39,0xa,0,-122,-12,18,1,0,nein,0
sa_x_kontakt_richtung_dxm26,6,46,A+40,0xa,0,-122,-13,18,1,0,nein,0
sa_x_kontakt_richtung_dxm26,6,47,A+41,0xa,0,-121,-14,18,1,0,nein,0
sa_x_kontakt_richtung_dxm26,6,48,A+42,0xa,0,-120,-14,18,1,0,nein,0
sa_x_kontakt_richtung_dxm26,6,49,A+43,0xa,0,-119,-15,18,1,0,nein,0
sa_x_kontakt_richtung_dxm26,6,50,A+44,0xa,0,-118,-16,18,1,0,nein,0
sa_x_kontakt_richtung_dxm27,6,7,A+1,0xe,14,-27,0,18,1,0,nein,0
sa_x_kontakt_richtung_dxm27,6,8,A+2,0xe,18,-30,0,18,1,0,nein,0
sa_x_kontakt_richtung_dxm27,6,9,A+3,0xe,22,-29,0,18,1,0,nein,0
sa_x_kontakt_richtung_dxm27,6,10,A+4,0xe,26,-29,0,18,1,0,nein,0
sa_x_kontakt_richtung_dxm27,6,11,A+5,0xe,29,-29,0,18,1,0,nein,0
sa_x_kontakt_richtung_dxm27,6,12,A+6,0xe,32,-30,0,18,1,0,nein,0
sa_x_kontakt_richtung_dxm27,6,13,A+7,0xe,35,-32,0,18,1,0,nein,0
sa_x_kontakt_richtung_dxm27,6,14,A+8,0xe,38,-34,0,18,1,0,nein,0
sa_x_kontakt_richtung_dxm27,6,15,A+9,0xe,40,-36,0,18,1,0,nein,0
sa_x_kontakt_richtung_dxm27,6,16,A+10,0xe,43,-39,0,18,1,0,nein,0
sa_x_kontakt_richtung_dxm27,6,17,A+11,0xe,44,-41,0,18,1,0,nein,0
sa_x_kontakt_richtung_dxm27,6,18,A+12,0xe,46,-43,0,18,1,0,nein,0
sa_x_kontakt_richtung_dxm27,6,19,A+13,0xe,48,-45,0,18,1,0,nein,0
sa_x_kontakt_richtung_dxm27,6,20,A+14,0xe,49,-48,0,18,1,0,nein,0
sa_x_kontakt_richtung_dxm27,6,21,A+15,0xe,50,-50,0,18,1,0,nein,0
sa_x_kontakt_richtung_dxm27,6,22,A+16,0xe,50,-52,0,18,1,0,nein,0
sa_x_kontakt_richtung_dxm27,6,23,A+17,0xe,51,-54,0,18,1,0,nein,0
sa_x_kontakt_richtung_dxm27,6,24,A+18,0xe,51,-57,0,18,1,0,nein,0
sa_x_kontakt_richtung_dxm27,6,25,A+19,0xe,51,-59,0,18,1,0,nein,0
sa_x_kontakt_richtung_dxm27,6,26,A+20,0xe,51,-63,0,18,1,0,nein,0
sa_x_kontakt_richtung_dxm27,6,27,A+21,0xe,50,-67,0,18,1,0,nein,0
sa_x_kontakt_richtung_dxm27,6,28,A+22,0xe,49,-72,-1,18,1,0,nein,0
sa_x_kontakt_richtung_dxm27,6,29,A+23,0xe,48,-75,-1,18,1,0,nein,0
sa_x_kontakt_richtung_dxm27,6,30,A+24,0xe,47,-79,-1,18,1,0,nein,0
sa_x_kontakt_richtung_dxm27,6,31,A+25,0xe,45,-83,-1,18,1,0,nein,0
sa_x_kontakt_richtung_dxm27,6,32,A+26,0xe,44,-87,-2,18,1,0,nein,0
sa_x_kontakt_richtung_dxm27,6,33,A+27,0xe,41,-91,-2,18,1,0,nein,0
sa_x_kontakt_richtung_dxm27,6,34,A+28,0xe,39,-94,-3,18,1,0,nein,0
sa_x_kontakt_richtung_dxm27,6,35,A+29,0xe,37,-97,-4,18,1,0,nein,0
sa_x_kontakt_richtung_dxm27,6,36,A+30,0xe,34,-101,-4,18,1,0,nein,0
sa_x_kontakt_richtung_dxm27,6,37,A+31,0xe,31,-104,-5,18,1,0,nein,0
sa_x_kontakt_richtung_dxm27,6,38,A+32,0xa,27,-107,-6,18,1,0,nein,0
sa_x_kontakt_richtung_dxm27,6,39,A+33,0xa,24,-109,-7,18,1,0,nein,0
sa_x_kontakt_richtung_dxm27,6,40,A+34,0xa,20,-113,-8,18,1,0,nein,0
sa_x_kontakt_richtung_dxm27,6,41,A+35,0xa,16,-115,-8,18,1,0,nein,0
sa_x_kontakt_richtung_dxm27,6,42,A+36,0xa,12,-117,-9,18,1,0,nein,0
sa_x_kontakt_richtung_dxm27,6,43,A+37,0xa,7,-119,-10,18,1,0,nein,0
sa_x_kontakt_richtung_dxm27,6,44,A+38,0xa,2,-122,-11,18,1,0,nein,0
sa_x_kontakt_richtung_dxm27,6,45,A+39,0xa,0,-123,-12,18,1,0,nein,0
sa_x_kontakt_richtung_dxm27,6,46,A+40,0xa,0,-123,-13,18,1,0,nein,0
sa_x_kontakt_richtung_dxm27,6,47,A+41,0xa,0,-122,-14,18,1,0,nein,0
sa_x_kontakt_richtung_dxm27,6,48,A+42,0xa,0,-121,-14,18,1,0,nein,0
sa_x_kontakt_richtung_dxm27,6,49,A+43,0xa,0,-120,-15,18,1,0,nein,0
sa_x_kontakt_richtung_dxm27,6,50,A+44,0xa,0,-119,-16,18,1,0,nein,0
sa_z_kontakt_b_neutral_dz12,6,7,A+1,0xe,14,33,12,17,1,0,nein,0
sa_z_kontakt_b_neutral_dz12,6,8,A+2,0xe,18,33,12,17,1,0,nein,0
sa_z_kontakt_b_neutral_dz12,6,9,A+3,0xe,22,33,12,17,1,0,nein,0
sa_z_kontakt_b_neutral_dz12,6,10,A+4,0xe,26,33,12,17,1,0,nein,0
sa_z_kontakt_b_neutral_dz12,6,11,A+5,0xe,29,33,12,17,3,0,ja,7
sa_z_kontakt_b_neutral_dz13,6,7,A+1,0xe,14,33,12,17,1,0,nein,0
sa_z_kontakt_b_neutral_dz13,6,8,A+2,0xe,18,33,12,17,1,0,nein,0
sa_z_kontakt_b_neutral_dz13,6,9,A+3,0xe,22,33,12,17,1,0,nein,0
sa_z_kontakt_b_neutral_dz13,6,10,A+4,0xe,26,33,12,17,1,0,nein,0
sa_z_kontakt_b_neutral_dz13,6,11,A+5,0xe,29,33,12,17,3,0,ja,7
sa_z_kontakt_b_neutral_dzm12,6,7,A+1,0xe,14,33,-12,17,1,0,nein,0
sa_z_kontakt_b_neutral_dzm12,6,8,A+2,0xe,18,33,-12,17,1,0,nein,0
sa_z_kontakt_b_neutral_dzm12,6,9,A+3,0xe,22,33,-12,17,1,0,nein,0
sa_z_kontakt_b_neutral_dzm12,6,10,A+4,0xe,26,33,-12,17,1,0,nein,0
sa_z_kontakt_b_neutral_dzm12,6,11,A+5,0xe,29,33,-12,17,3,0,ja,7
sa_z_kontakt_b_neutral_dzm13,6,7,A+1,0xe,14,33,-13,17,1,0,nein,0
sa_z_kontakt_b_neutral_dzm13,6,8,A+2,0xe,18,33,-13,17,1,0,nein,0
sa_z_kontakt_b_neutral_dzm13,6,9,A+3,0xe,22,33,-13,17,1,0,nein,0
sa_z_kontakt_b_neutral_dzm13,6,10,A+4,0xe,26,33,-13,17,1,0,nein,0
sa_z_kontakt_b_neutral_dzm13,6,11,A+5,0xe,29,33,-13,17,1,0,nein,0
sa_z_kontakt_b_neutral_dzm13,6,12,A+6,0xe,32,33,-13,17,1,0,nein,0
sa_z_kontakt_b_neutral_dzm13,6,13,A+7,0xe,35,31,-13,17,1,0,nein,0
sa_z_kontakt_b_neutral_dzm13,6,14,A+8,0xe,38,29,-13,17,1,0,nein,0
sa_z_kontakt_b_neutral_dzm13,6,15,A+9,0xe,40,28,-13,17,1,0,nein,0
sa_z_kontakt_b_neutral_dzm13,6,16,A+10,0xe,43,26,-13,17,1,0,nein,0
sa_z_kontakt_b_neutral_dzm13,6,17,A+11,0xe,44,24,-12,17,3,0,ja,7
sa_z_kontakt_b_richtung_dz12,6,7,A+1,0xe,14,33,12,17,1,0,nein,0
sa_z_kontakt_b_richtung_dz12,6,8,A+2,0xe,18,31,12,17,1,0,nein,0
sa_z_kontakt_b_richtung_dz12,6,9,A+3,0xe,22,30,12,17,1,0,nein,0
sa_z_kontakt_b_richtung_dz12,6,10,A+4,0xe,26,31,12,17,1,0,nein,0
sa_z_kontakt_b_richtung_dz12,6,11,A+5,0xe,29,31,12,17,3,0,ja,7
sa_z_kontakt_b_richtung_dz13,6,7,A+1,0xe,14,33,12,17,1,0,nein,0
sa_z_kontakt_b_richtung_dz13,6,8,A+2,0xe,18,31,12,17,1,0,nein,0
sa_z_kontakt_b_richtung_dz13,6,9,A+3,0xe,22,30,12,17,1,0,nein,0
sa_z_kontakt_b_richtung_dz13,6,10,A+4,0xe,26,31,12,17,1,0,nein,0
sa_z_kontakt_b_richtung_dz13,6,11,A+5,0xe,29,31,12,17,3,0,ja,7
sa_z_kontakt_b_richtung_dzm12,6,7,A+1,0xe,14,33,-12,17,1,0,nein,0
sa_z_kontakt_b_richtung_dzm12,6,8,A+2,0xe,18,31,-12,17,1,0,nein,0
sa_z_kontakt_b_richtung_dzm12,6,9,A+3,0xe,22,30,-12,17,1,0,nein,0
sa_z_kontakt_b_richtung_dzm12,6,10,A+4,0xe,26,31,-12,17,1,0,nein,0
sa_z_kontakt_b_richtung_dzm12,6,11,A+5,0xe,29,31,-12,17,3,0,ja,7
sa_z_kontakt_b_richtung_dzm13,6,7,A+1,0xe,14,33,-13,17,1,0,nein,0
sa_z_kontakt_b_richtung_dzm13,6,8,A+2,0xe,18,31,-13,17,1,0,nein,0
sa_z_kontakt_b_richtung_dzm13,6,9,A+3,0xe,22,30,-13,17,1,0,nein,0
sa_z_kontakt_b_richtung_dzm13,6,10,A+4,0xe,26,31,-13,17,1,0,nein,0
sa_z_kontakt_b_richtung_dzm13,6,11,A+5,0xe,29,31,-13,17,1,0,nein,0
sa_z_kontakt_b_richtung_dzm13,6,12,A+6,0xe,32,31,-13,17,1,0,nein,0
sa_z_kontakt_b_richtung_dzm13,6,13,A+7,0xe,35,26,-13,17,1,0,nein,0
sa_z_kontakt_b_richtung_dzm13,6,14,A+8,0xe,38,22,-13,17,1,0,nein,0
sa_z_kontakt_b_richtung_dzm13,6,15,A+9,0xe,40,19,-13,17,1,0,nein,0
sa_z_kontakt_b_richtung_dzm13,6,16,A+10,0xe,43,15,-13,17,1,0,nein,0
sa_z_kontakt_b_richtung_dzm13,6,17,A+11,0xe,44,10,-12,17,1,0,nein,0
sa_z_kontakt_b_richtung_dzm13,6,18,A+12,0xe,46,6,-12,17,1,0,nein,0
sa_z_kontakt_b_richtung_dzm13,6,19,A+13,0xe,48,3,-12,17,1,0,nein,0
sa_z_kontakt_b_richtung_dzm13,6,20,A+14,0xe,49,-1,-12,17,1,0,nein,0
sa_z_kontakt_b_richtung_dzm13,6,21,A+15,0xe,50,-6,-12,17,1,0,nein,0
sa_z_kontakt_b_richtung_dzm13,6,22,A+16,0xe,50,-9,-12,17,1,0,nein,0
sa_z_kontakt_b_richtung_dzm13,6,23,A+17,0xe,51,-13,-11,17,1,0,nein,0
sa_z_kontakt_b_richtung_dzm13,6,24,A+18,0xe,51,-17,-11,17,1,0,nein,0
sa_z_kontakt_b_richtung_dzm13,6,25,A+19,0xe,51,-22,-11,17,1,0,nein,0
sa_z_kontakt_b_richtung_dzm13,6,26,A+20,0xe,51,-25,-11,17,1,0,nein,0
sa_z_kontakt_b_richtung_dzm13,6,27,A+21,0xe,50,-29,-11,17,1,0,nein,0
sa_z_kontakt_b_richtung_dzm13,6,28,A+22,0xe,49,-33,-11,17,1,0,nein,0
sa_z_kontakt_b_richtung_dzm13,6,29,A+23,0xe,48,-37,-10,17,1,0,nein,0
sa_z_kontakt_b_richtung_dzm13,6,30,A+24,0xe,47,-39,-10,17,1,0,nein,0
sa_z_kontakt_b_richtung_dzm13,6,31,A+25,0xe,45,-41,-10,17,1,0,nein,0
sa_z_kontakt_b_richtung_dzm13,6,32,A+26,0xe,44,-43,-10,17,1,0,nein,0
sa_z_kontakt_b_richtung_dzm13,6,33,A+27,0xe,41,-46,-10,17,1,0,nein,0
sa_z_kontakt_b_richtung_dzm13,6,34,A+28,0xe,39,-48,-10,17,1,0,nein,0
sa_z_kontakt_b_richtung_dzm13,6,35,A+29,0xe,37,-50,-10,17,1,0,nein,0
sa_z_kontakt_b_richtung_dzm13,6,36,A+30,0xe,34,-52,-10,17,1,0,nein,0
sa_z_kontakt_b_richtung_dzm13,6,37,A+31,0xe,31,-55,-10,17,1,0,nein,0
sa_z_kontakt_b_richtung_dzm13,6,38,A+32,0xa,27,-57,-10,17,1,0,nein,0
sa_z_kontakt_b_richtung_dzm13,6,39,A+33,0xa,24,-59,-10,17,1,0,nein,0
sa_z_kontakt_b_richtung_dzm13,6,40,A+34,0xa,20,-61,-10,17,1,0,nein,0
sa_z_kontakt_b_richtung_dzm13,6,41,A+35,0xa,16,-64,-10,17,1,0,nein,0
sa_z_kontakt_b_richtung_dzm13,6,42,A+36,0xa,12,-66,-10,17,1,0,nein,0
sa_z_kontakt_b_richtung_dzm13,6,43,A+37,0xa,7,-68,-10,17,1,0,nein,0
sa_z_kontakt_b_richtung_dzm13,6,44,A+38,0xa,2,-70,-10,17,1,0,nein,0
sa_z_kontakt_b_richtung_dzm13,6,45,A+39,0xa,0,-73,-10,17,1,0,nein,0
sa_z_kontakt_b_richtung_dzm13,6,46,A+40,0xa,0,-75,-10,17,1,0,nein,0
sa_z_kontakt_b_richtung_dzm13,6,47,A+41,0xa,0,-77,-10,17,1,0,nein,0
sa_z_kontakt_b_richtung_dzm13,6,48,A+42,0xa,0,-78,-9,17,1,0,nein,0
sa_z_kontakt_b_richtung_dzm13,6,49,A+43,0xa,0,-79,-9,17,1,0,nein,0
sa_z_kontakt_b_richtung_dzm13,6,50,A+44,0xa,0,-81,-8,17,1,0,nein,0
sa_z_kontakt_neutral_dz12,6,7,A+1,0xe,14,33,12,18,1,0,nein,0
sa_z_kontakt_neutral_dz12,6,8,A+2,0xe,18,33,12,18,1,0,nein,0
sa_z_kontakt_neutral_dz12,6,9,A+3,0xe,22,33,12,18,1,0,nein,0
sa_z_kontakt_neutral_dz12,6,10,A+4,0xe,26,33,12,18,1,0,nein,0
sa_z_kontakt_neutral_dz12,6,11,A+5,0xe,29,33,12,18,3,0,ja,7
sa_z_kontakt_neutral_dz13,6,7,A+1,0xe,14,33,13,18,1,0,nein,0
sa_z_kontakt_neutral_dz13,6,8,A+2,0xe,18,33,13,18,1,0,nein,0
sa_z_kontakt_neutral_dz13,6,9,A+3,0xe,22,33,13,18,1,0,nein,0
sa_z_kontakt_neutral_dz13,6,10,A+4,0xe,26,33,13,18,1,0,nein,0
sa_z_kontakt_neutral_dz13,6,11,A+5,0xe,29,33,13,18,1,0,nein,0
sa_z_kontakt_neutral_dz13,6,12,A+6,0xe,32,33,13,18,1,0,nein,0
sa_z_kontakt_neutral_dz13,6,13,A+7,0xe,35,31,13,18,1,0,nein,0
sa_z_kontakt_neutral_dz13,6,14,A+8,0xe,38,29,13,18,1,0,nein,0
sa_z_kontakt_neutral_dz13,6,15,A+9,0xe,40,28,13,18,1,0,nein,0
sa_z_kontakt_neutral_dz13,6,16,A+10,0xe,43,26,13,18,1,0,nein,0
sa_z_kontakt_neutral_dz13,6,17,A+11,0xe,44,24,14,18,1,0,nein,0
sa_z_kontakt_neutral_dz13,6,18,A+12,0xe,46,22,14,18,1,0,nein,0
sa_z_kontakt_neutral_dz13,6,19,A+13,0xe,48,21,14,18,1,0,nein,0
sa_z_kontakt_neutral_dz13,6,20,A+14,0xe,49,19,14,18,1,0,nein,0
sa_z_kontakt_neutral_dz13,6,21,A+15,0xe,50,17,14,18,1,0,nein,0
sa_z_kontakt_neutral_dz13,6,22,A+16,0xe,50,16,14,18,1,0,nein,0
sa_z_kontakt_neutral_dz13,6,23,A+17,0xe,51,14,15,18,1,0,nein,0
sa_z_kontakt_neutral_dz13,6,24,A+18,0xe,51,12,15,18,1,0,nein,0
sa_z_kontakt_neutral_dz13,6,25,A+19,0xe,51,10,15,18,1,0,nein,0
sa_z_kontakt_neutral_dz13,6,26,A+20,0xe,51,9,15,18,1,0,nein,0
sa_z_kontakt_neutral_dz13,6,27,A+21,0xe,50,7,15,18,1,0,nein,0
sa_z_kontakt_neutral_dz13,6,28,A+22,0xe,49,5,15,18,1,0,nein,0
sa_z_kontakt_neutral_dz13,6,29,A+23,0xe,48,4,16,18,1,0,nein,0
sa_z_kontakt_neutral_dz13,6,30,A+24,0xe,47,2,16,18,1,0,nein,0
sa_z_kontakt_neutral_dz13,6,31,A+25,0xe,45,0,16,18,1,0,nein,0
sa_z_kontakt_neutral_dz13,6,32,A+26,0xe,44,-2,16,18,1,0,nein,0
sa_z_kontakt_neutral_dz13,6,33,A+27,0xe,41,-3,16,18,1,0,nein,0
sa_z_kontakt_neutral_dz13,6,34,A+28,0xe,39,-5,16,18,1,0,nein,0
sa_z_kontakt_neutral_dz13,6,35,A+29,0xe,37,-7,17,18,1,0,nein,0
sa_z_kontakt_neutral_dz13,6,36,A+30,0xe,34,-8,17,18,1,0,nein,0
sa_z_kontakt_neutral_dz13,6,37,A+31,0xe,31,-10,17,18,1,0,nein,0
sa_z_kontakt_neutral_dz13,6,38,A+32,0xa,27,-12,17,18,1,0,nein,0
sa_z_kontakt_neutral_dz13,6,39,A+33,0xa,24,-14,17,18,1,0,nein,0
sa_z_kontakt_neutral_dz13,6,40,A+34,0xa,20,-15,17,18,1,0,nein,0
sa_z_kontakt_neutral_dz13,6,41,A+35,0xa,16,-17,18,18,1,0,nein,0
sa_z_kontakt_neutral_dz13,6,42,A+36,0xa,12,-19,18,18,1,0,nein,0
sa_z_kontakt_neutral_dz13,6,43,A+37,0xa,7,-20,18,18,1,0,nein,0
sa_z_kontakt_neutral_dz13,6,44,A+38,0xa,2,-22,18,18,1,0,nein,0
sa_z_kontakt_neutral_dz13,6,45,A+39,0xa,0,-24,18,18,1,0,nein,0
sa_z_kontakt_neutral_dz13,6,46,A+40,0xa,0,-26,18,18,1,0,nein,0
sa_z_kontakt_neutral_dz13,6,47,A+41,0xa,0,-27,18,18,1,0,nein,0
sa_z_kontakt_neutral_dz13,6,48,A+42,0xa,0,-29,18,18,1,0,nein,0
sa_z_kontakt_neutral_dz13,6,49,A+43,0xa,0,-31,18,18,1,0,nein,0
sa_z_kontakt_neutral_dz13,6,50,A+44,0xa,0,-33,18,18,1,0,nein,0
sa_z_kontakt_neutral_dzm12,6,7,A+1,0xe,14,33,-12,18,1,0,nein,0
sa_z_kontakt_neutral_dzm12,6,8,A+2,0xe,18,33,-12,18,1,0,nein,0
sa_z_kontakt_neutral_dzm12,6,9,A+3,0xe,22,33,-12,18,1,0,nein,0
sa_z_kontakt_neutral_dzm12,6,10,A+4,0xe,26,33,-12,18,1,0,nein,0
sa_z_kontakt_neutral_dzm12,6,11,A+5,0xe,29,33,-12,18,3,0,ja,7
sa_z_kontakt_neutral_dzm13,6,7,A+1,0xe,14,33,-13,18,1,0,nein,0
sa_z_kontakt_neutral_dzm13,6,8,A+2,0xe,18,33,-13,18,1,0,nein,0
sa_z_kontakt_neutral_dzm13,6,9,A+3,0xe,22,33,-13,18,1,0,nein,0
sa_z_kontakt_neutral_dzm13,6,10,A+4,0xe,26,33,-13,18,1,0,nein,0
sa_z_kontakt_neutral_dzm13,6,11,A+5,0xe,29,33,-13,18,1,0,nein,0
sa_z_kontakt_neutral_dzm13,6,12,A+6,0xe,32,33,-13,18,1,0,nein,0
sa_z_kontakt_neutral_dzm13,6,13,A+7,0xe,35,31,-13,18,1,0,nein,0
sa_z_kontakt_neutral_dzm13,6,14,A+8,0xe,38,30,-13,18,1,0,nein,0
sa_z_kontakt_neutral_dzm13,6,15,A+9,0xe,40,28,-12,18,3,0,ja,7
sa_z_kontakt_richtung_dz12,6,7,A+1,0xe,14,33,12,18,1,0,nein,0
sa_z_kontakt_richtung_dz12,6,8,A+2,0xe,18,30,12,18,1,0,nein,0
sa_z_kontakt_richtung_dz12,6,9,A+3,0xe,22,31,12,18,1,0,nein,0
sa_z_kontakt_richtung_dz12,6,10,A+4,0xe,26,31,12,18,1,0,nein,0
sa_z_kontakt_richtung_dz12,6,11,A+5,0xe,29,31,12,18,3,0,ja,7
sa_z_kontakt_richtung_dz13,6,7,A+1,0xe,14,33,13,18,1,0,nein,0
sa_z_kontakt_richtung_dz13,6,8,A+2,0xe,18,30,13,18,1,0,nein,0
sa_z_kontakt_richtung_dz13,6,9,A+3,0xe,22,31,13,18,1,0,nein,0
sa_z_kontakt_richtung_dz13,6,10,A+4,0xe,26,31,13,18,1,0,nein,0
sa_z_kontakt_richtung_dz13,6,11,A+5,0xe,29,31,13,18,1,0,nein,0
sa_z_kontakt_richtung_dz13,6,12,A+6,0xe,32,30,13,18,1,0,nein,0
sa_z_kontakt_richtung_dz13,6,13,A+7,0xe,35,26,13,18,1,0,nein,0
sa_z_kontakt_richtung_dz13,6,14,A+8,0xe,38,22,13,18,1,0,nein,0
sa_z_kontakt_richtung_dz13,6,15,A+9,0xe,40,19,13,18,1,0,nein,0
sa_z_kontakt_richtung_dz13,6,16,A+10,0xe,43,14,13,18,1,0,nein,0
sa_z_kontakt_richtung_dz13,6,17,A+11,0xe,44,10,14,18,1,0,nein,0
sa_z_kontakt_richtung_dz13,6,18,A+12,0xe,46,6,14,18,1,0,nein,0
sa_z_kontakt_richtung_dz13,6,19,A+13,0xe,48,3,14,18,1,0,nein,0
sa_z_kontakt_richtung_dz13,6,20,A+14,0xe,49,-2,14,18,1,0,nein,0
sa_z_kontakt_richtung_dz13,6,21,A+15,0xe,50,-6,14,18,1,0,nein,0
sa_z_kontakt_richtung_dz13,6,22,A+16,0xe,50,-9,14,18,1,0,nein,0
sa_z_kontakt_richtung_dz13,6,23,A+17,0xe,51,-13,15,18,1,0,nein,0
sa_z_kontakt_richtung_dz13,6,24,A+18,0xe,51,-18,15,18,1,0,nein,0
sa_z_kontakt_richtung_dz13,6,25,A+19,0xe,51,-22,15,18,1,0,nein,0
sa_z_kontakt_richtung_dz13,6,26,A+20,0xe,51,-25,15,18,1,0,nein,0
sa_z_kontakt_richtung_dz13,6,27,A+21,0xe,50,-29,15,18,1,0,nein,0
sa_z_kontakt_richtung_dz13,6,28,A+22,0xe,49,-34,15,18,1,0,nein,0
sa_z_kontakt_richtung_dz13,6,29,A+23,0xe,48,-37,16,18,1,0,nein,0
sa_z_kontakt_richtung_dz13,6,30,A+24,0xe,47,-41,16,18,1,0,nein,0
sa_z_kontakt_richtung_dz13,6,31,A+25,0xe,45,-45,16,18,1,0,nein,0
sa_z_kontakt_richtung_dz13,6,32,A+26,0xe,44,-50,16,18,1,0,nein,0
sa_z_kontakt_richtung_dz13,6,33,A+27,0xe,41,-53,16,18,1,0,nein,0
sa_z_kontakt_richtung_dz13,6,34,A+28,0xe,39,-57,16,18,1,0,nein,0
sa_z_kontakt_richtung_dz13,6,35,A+29,0xe,37,-61,17,18,1,0,nein,0
sa_z_kontakt_richtung_dz13,6,36,A+30,0xe,34,-65,17,18,1,0,nein,0
sa_z_kontakt_richtung_dz13,6,37,A+31,0xe,31,-69,17,18,1,0,nein,0
sa_z_kontakt_richtung_dz13,6,38,A+32,0xa,27,-73,17,18,1,0,nein,0
sa_z_kontakt_richtung_dz13,6,39,A+33,0xa,24,-77,17,18,1,0,nein,0
sa_z_kontakt_richtung_dz13,6,40,A+34,0xa,20,-81,17,18,1,0,nein,0
sa_z_kontakt_richtung_dz13,6,41,A+35,0xa,16,-85,18,18,1,0,nein,0
sa_z_kontakt_richtung_dz13,6,42,A+36,0xa,12,-88,18,18,1,0,nein,0
sa_z_kontakt_richtung_dz13,6,43,A+37,0xa,7,-92,18,18,1,0,nein,0
sa_z_kontakt_richtung_dz13,6,44,A+38,0xa,2,-97,19,18,1,0,nein,0
sa_z_kontakt_richtung_dz13,6,45,A+39,0xa,0,-100,19,18,1,0,nein,0
sa_z_kontakt_richtung_dz13,6,46,A+40,0xa,0,-102,19,18,1,0,nein,0
sa_z_kontakt_richtung_dz13,6,47,A+41,0xa,0,-104,20,18,1,0,nein,0
sa_z_kontakt_richtung_dz13,6,48,A+42,0xa,0,-105,20,18,1,0,nein,0
sa_z_kontakt_richtung_dz13,6,49,A+43,0xa,0,-107,20,18,1,0,nein,0
sa_z_kontakt_richtung_dz13,6,50,A+44,0xa,0,-108,21,18,1,0,nein,0
sa_z_kontakt_richtung_dzm12,6,7,A+1,0xe,14,33,-12,18,1,0,nein,0
sa_z_kontakt_richtung_dzm12,6,8,A+2,0xe,18,30,-12,18,1,0,nein,0
sa_z_kontakt_richtung_dzm12,6,9,A+3,0xe,22,31,-12,18,1,0,nein,0
sa_z_kontakt_richtung_dzm12,6,10,A+4,0xe,26,31,-12,18,1,0,nein,0
sa_z_kontakt_richtung_dzm12,6,11,A+5,0xe,29,31,-12,18,3,0,ja,7
sa_z_kontakt_richtung_dzm13,6,7,A+1,0xe,14,33,-13,18,1,0,nein,0
sa_z_kontakt_richtung_dzm13,6,8,A+2,0xe,18,30,-13,18,1,0,nein,0
sa_z_kontakt_richtung_dzm13,6,9,A+3,0xe,22,31,-13,18,1,0,nein,0
sa_z_kontakt_richtung_dzm13,6,10,A+4,0xe,26,31,-13,18,1,0,nein,0
sa_z_kontakt_richtung_dzm13,6,11,A+5,0xe,29,31,-13,18,1,0,nein,0
sa_z_kontakt_richtung_dzm13,6,12,A+6,0xe,32,30,-13,18,1,0,nein,0
sa_z_kontakt_richtung_dzm13,6,13,A+7,0xe,35,26,-13,18,1,0,nein,0
sa_z_kontakt_richtung_dzm13,6,14,A+8,0xe,38,23,-13,18,1,0,nein,0
sa_z_kontakt_richtung_dzm13,6,15,A+9,0xe,40,19,-12,18,3,0,ja,7
