# Verhalten von WOOKY und EDDY (Stage 1), erzeugt von scripts/belege_verhalten.sh.
# Laeufe: a_* Figur passiv, ein Gegner (w WOOKY, e EDDY); akt_* Aktivierung; b_weg*,
# b_tiefe*, b_sprung* Reaktion auf die Figur; r_* Rang festgehalten; c_* Gruppen (Eingaben
# wie hurt, hurt_b, hurt_c); d_* Stage 1, Figur haelt rechts; bot_* Stage 1 mit Bot (kampf:
# Angriffe, schnell: LP der Gegner := 1 bei Kamerastillstand, ohne: kein Angriff, entfernt:
# kein Angriff, Gegner bei Kamerastillstand per S+4 := 0 entfernt).
# EINGRIFF in allen Laeufen: LP der Figur := 72, wenn 0 < LP < 72. Weitere Eingriffe:
# akt_eingriff_* (Gegner versetzt), b_weg_r* (Gegner 60 px links), r_* (Rang), d_entf*
# (Gegner entfernt), bot_*. dx = x(Gegner) - x(Figur), dz = Tiefe(Gegner) - Tiefe(Figur).
# Zusammenfassung Figur passiv (a_*, akt_*, r_*, c_*)
bereich,typ,groesse,statistik,laeufe
aktivierung,EDDY,s5_0_1 x-kamera (links),n=12 min=-64 med=-63 max=-62,8
aktivierung,EDDY,s5_0_1 x-kamera (rechts),n=15 min=300 med=445 max=446,10
aktivierung,EDDY,s5_0_1 x-kamera vorher (links),n=12 min=-66 med=-65.5 max=-65,8
aktivierung,EDDY,s5_0_1 x-kamera vorher (rechts),n=15 min=447 med=447 max=624,10
aktivierung,EDDY,s5_1_0 x-kamera (links),n=14 min=-67 med=-66 max=-65,8
aktivierung,EDDY,s5_1_0 x-kamera (rechts),n=6 min=448 med=448 max=450,4
aktivierung,EDDY,s5_1_0 x-kamera vorher (links),n=14 min=-65 med=-64 max=-62,8
aktivierung,EDDY,s5_1_0 x-kamera vorher (rechts),n=6 min=446 med=446 max=447,4
aktivierung,EDDY,weckreiz absdx (hockend),n=10 min=178 med=181 max=236,10
aktivierung,EDDY,weckreiz x-kamera (hockend),n=10 min=300 med=381 max=382,10
aktivierung,EDDY,weckreiz_bis_aufgestanden (hockend),n=10 min=69 med=69 max=69,10
aktivierung,WOOKY,gully belegt kamera_x,n=12 min=808 med=820 max=850,6
aktivierung,WOOKY,s5_0_1 x-kamera (links),n=23 min=-64 med=-64 max=-62,16
aktivierung,WOOKY,s5_0_1 x-kamera (rechts),n=28 min=302 med=443.5 max=447,10
aktivierung,WOOKY,s5_0_1 x-kamera vorher (links),n=23 min=-67 med=-65 max=-65,16
aktivierung,WOOKY,s5_0_1 x-kamera vorher (rechts),n=28 min=302 med=446 max=449,10
aktivierung,WOOKY,s5_1_0 x-kamera (links),n=24 min=-67 med=-65 max=-65,16
aktivierung,WOOKY,s5_1_0 x-kamera (rechts),n=12 min=448 med=448 max=449,5
aktivierung,WOOKY,s5_1_0 x-kamera vorher (links),n=24 min=-65 med=-64 max=-63,16
aktivierung,WOOKY,s5_1_0 x-kamera vorher (rechts),n=12 min=446 med=446 max=447,5
aktivierung,WOOKY,weckreiz absdx (hockend),n=15 min=180 med=180 max=183,15
aktivierung,WOOKY,weckreiz absdx (versteckt),n=10 min=181 med=181 max=280,10
aktivierung,WOOKY,weckreiz x-kamera (hockend),n=15 min=380 med=380 max=383,15
aktivierung,WOOKY,weckreiz x-kamera (versteckt),n=10 min=344 med=381 max=382,10
aktivierung,WOOKY,weckreiz_bis_aufgestanden (hockend),n=15 min=49 med=49 max=49,15
aktivierung,WOOKY,weckreiz_bis_aufgestanden (versteckt),n=10 min=16 med=16 max=16,10
angriff,EDDY,E-A aktive_frames,n=84 min=3 med=12 max=17,18
angriff,EDDY,E-A attr,n=84 0x400c:84,18
angriff,EDDY,E-A bis_aktiv,n=84 min=9 med=9 max=9,18
angriff,EDDY,E-B aktive_frames,n=25 min=5 med=12 max=12,14
angriff,EDDY,E-B attr,n=25 0x4c0c:25,14
angriff,EDDY,E-B bis_aktiv,n=25 min=9 med=9 max=9,14
angriff,EDDY,E-C aktive_frames,n=69 min=5 med=15 max=15,17
angriff,EDDY,E-C attr,n=69 0x440c:69,17
angriff,EDDY,E-C bis_aktiv,n=69 min=10 med=10 max=10,17
angriff,EDDY,E-D aktive_frames,n=57 min=16 med=44 max=51,17
angriff,EDDY,E-D attr,n=57 0x4c0c:57,17
angriff,EDDY,E-D bis_aktiv,n=57 min=9 med=9 max=9,17
angriff,EDDY,art,n=235 E-A:84 E-C:69 E-D:57 E-B:25,22
angriff,WOOKY,W-A aktive_frames,n=184 min=1 med=12 max=12,30
angriff,WOOKY,W-A attr,n=184 0x400c:184,30
angriff,WOOKY,W-A bis_aktiv,n=184 min=9 med=9 max=9,30
angriff,WOOKY,W-B aktive_frames,n=45 min=5 med=8 max=8,23
angriff,WOOKY,W-B attr,n=45 0x4c0c:45,23
angriff,WOOKY,W-B bis_aktiv,n=45 min=9 med=9 max=9,23
angriff,WOOKY,W-C aktive_frames,n=58 min=3 med=17 max=24,15
angriff,WOOKY,W-C attr,n=58 0x440c:58,15
angriff,WOOKY,W-C bis_aktiv,n=58 min=4 med=4 max=4,15
angriff,WOOKY,W-D aktive_frames,n=36 min=8 med=8 max=10,17
angriff,WOOKY,W-D attr,n=36 0x4c0c:36,17
angriff,WOOKY,W-D bis_aktiv,n=36 min=8 med=8 max=8,17
angriff,WOOKY,W-E aktive_frames,n=6 min=8 med=15 max=15,4
angriff,WOOKY,W-E attr,n=6 0x440c:6,4
angriff,WOOKY,W-E bis_aktiv,n=6 min=10 med=10 max=10,4
angriff,WOOKY,art,n=337 W-A:191 W-C:59 W-B:45 W-D:36 W-E:6,30
gehen,EDDY,stufe je frame (figur geschuetzt),n=2251 1,75:1398 2,25:742 andere:111,22
gehen,EDDY,stufe je frame (figur liegt),n=5986 1,75:4330 2,25:1402 andere:254,22
gehen,EDDY,stufe je frame (figur steht),n=6430 1,75:4008 2,25:2178 andere:244,23
gehen,EDDY,stufe je frame (x-halbachse),n=14667 1,75:9736 2,25:4322 andere:609,23
gehen,EDDY,stufe je frame rang 10,n=1021 1,75:772 2,25:232 andere:17,12
gehen,EDDY,stufe je frame rang 11,n=2665 1,75:1778 2,25:837 andere:50,13
gehen,EDDY,stufe je frame rang 12,n=2260 1,75:1664 2,25:506 andere:90,11
gehen,EDDY,stufe je frame rang 13,n=1685 1,75:996 2,25:653 andere:36,9
gehen,EDDY,stufe je frame rang 14,n=1640 1,75:986 2,25:629 andere:25,9
gehen,EDDY,stufe je frame rang 15,n=1554 2,25:1109 1,75:308 andere:137,8
gehen,EDDY,stufe je frame rang 16,n=524 1,75:470 2,25:29 andere:25,1
gehen,EDDY,stufe je frame rang 19,n=524 1,75:470 2,25:29 andere:25,1
gehen,EDDY,stufe je frame rang 20,n=465 1,75:337 andere:95 2,25:33,1
gehen,EDDY,stufe je frame rang 23,n=465 1,75:337 andere:95 2,25:33,1
gehen,EDDY,stufe je frame rang 24,n=470 1,75:365 2,25:102 andere:3,1
gehen,EDDY,stufe je frame rang 7,n=355 1,75:355,1
gehen,EDDY,stufe je frame rang 8,n=242 1,75:219 2,25:13 andere:10,1
gehen,EDDY,stufe je frame rang 9,n=797 1,75:679 2,25:117 andere:1,4
gehen,WOOKY,stufe je frame (figur geschuetzt),n=3996 1,75:2912 2,25:881 andere:203,23
gehen,WOOKY,stufe je frame (figur liegt),n=10644 1,75:8514 2,25:1634 andere:496,30
gehen,WOOKY,stufe je frame (figur steht),n=15567 1,75:8401 2,25:6453 andere:713,31
gehen,WOOKY,stufe je frame (x-halbachse),n=30207 1,75:19827 2,25:8968 andere:1412,31
gehen,WOOKY,stufe je frame rang 10,n=3105 1,75:2491 2,25:591 andere:23,17
gehen,WOOKY,stufe je frame rang 11,n=4043 1,75:3123 2,25:845 andere:75,15
gehen,WOOKY,stufe je frame rang 12,n=5148 1,75:3121 2,25:1730 andere:297,13
gehen,WOOKY,stufe je frame rang 13,n=3844 1,75:2430 2,25:1119 andere:295,12
gehen,WOOKY,stufe je frame rang 14,n=4017 1,75:2529 2,25:1209 andere:279,11
gehen,WOOKY,stufe je frame rang 15,n=2893 2,25:1384 1,75:1316 andere:193,9
gehen,WOOKY,stufe je frame rang 16,n=836 1,75:564 2,25:240 andere:32,2
gehen,WOOKY,stufe je frame rang 19,n=836 1,75:564 2,25:240 andere:32,2
gehen,WOOKY,stufe je frame rang 20,n=756 1,75:516 2,25:195 andere:45,2
gehen,WOOKY,stufe je frame rang 23,n=756 1,75:516 2,25:195 andere:45,2
gehen,WOOKY,stufe je frame rang 24,n=727 1,75:435 2,25:259 andere:33,2
gehen,WOOKY,stufe je frame rang 7,n=591 1,75:293 2,25:266 andere:32,2
gehen,WOOKY,stufe je frame rang 8,n=607 1,75:401 2,25:205 andere:1,1
gehen,WOOKY,stufe je frame rang 9,n=2048 1,75:1528 2,25:490 andere:30,10
nach_umwerfen,EDDY,erster_zustand,n=55 gehen:seitenwechsel:24 gehen:annaehern:15 gehen:zurueckweichen:9 gehen:seitlich:4 inaktiv:2 keiner (120 F):1,19
nach_umwerfen,WOOKY,erster_zustand,n=75 gehen:zurueckweichen:53 gehen:seitenwechsel:14 gehen:seitlich:5 gehen:annaehern:3,29
pause,EDDY,kampfhaltung_vor_angriff rang 07,n=12 min=25 med=25 max=26,1
pause,EDDY,kampfhaltung_vor_angriff rang 08,n=1 min=21 med=21 max=21,1
pause,EDDY,kampfhaltung_vor_angriff rang 09,n=17 min=21 med=21 max=22,3
pause,EDDY,kampfhaltung_vor_angriff rang 10,n=8 min=21 med=21 max=21,7
pause,EDDY,kampfhaltung_vor_angriff rang 11,n=35 min=21 med=21 max=22,10
pause,EDDY,kampfhaltung_vor_angriff rang 12,n=36 min=17 med=17 max=18,8
pause,EDDY,kampfhaltung_vor_angriff rang 13,n=26 min=17 med=17 max=18,8
pause,EDDY,kampfhaltung_vor_angriff rang 14,n=20 min=17 med=17 max=18,8
pause,EDDY,kampfhaltung_vor_angriff rang 15,n=8 min=17 med=17 max=18,3
pause,EDDY,kampfhaltung_vor_angriff rang 16,n=13 min=13 med=13 max=14,1
pause,EDDY,kampfhaltung_vor_angriff rang 19,n=13 min=13 med=13 max=14,1
pause,EDDY,kampfhaltung_vor_angriff rang 20,n=16 min=9 med=9 max=10,1
pause,EDDY,kampfhaltung_vor_angriff rang 23,n=16 min=9 med=9 max=10,1
pause,EDDY,kampfhaltung_vor_angriff rang 24,n=14 min=5 med=5 max=6,1
pause,WOOKY,kampfhaltung_vor_angriff rang 07,n=7 min=25 med=25 max=26,1
pause,WOOKY,kampfhaltung_vor_angriff rang 08,n=3 min=21 med=21 max=21,1
pause,WOOKY,kampfhaltung_vor_angriff rang 09,n=14 min=21 med=21 max=22,3
pause,WOOKY,kampfhaltung_vor_angriff rang 10,n=49 min=18 med=21 max=22,13
pause,WOOKY,kampfhaltung_vor_angriff rang 11,n=60 min=21 med=21 max=22,15
pause,WOOKY,kampfhaltung_vor_angriff rang 12,n=45 min=17 med=17 max=22,7
pause,WOOKY,kampfhaltung_vor_angriff rang 13,n=23 min=17 med=17 max=18,7
pause,WOOKY,kampfhaltung_vor_angriff rang 14,n=24 min=17 med=17 max=18,8
pause,WOOKY,kampfhaltung_vor_angriff rang 15,n=20 min=17 med=17 max=17,7
pause,WOOKY,kampfhaltung_vor_angriff rang 16,n=9 min=13 med=13 max=14,2
pause,WOOKY,kampfhaltung_vor_angriff rang 19,n=9 min=13 med=13 max=14,2
pause,WOOKY,kampfhaltung_vor_angriff rang 20,n=13 min=9 med=9 max=10,2
pause,WOOKY,kampfhaltung_vor_angriff rang 23,n=13 min=9 med=9 max=10,2
pause,WOOKY,kampfhaltung_vor_angriff rang 24,n=12 min=5 med=5 max=6,2
rhythmus,EDDY,abstand_angriffe_direkt rang 07,n=9 min=65 med=74 max=90,1
rhythmus,EDDY,abstand_angriffe_direkt rang 09,n=11 min=61 med=70 max=86,2
rhythmus,EDDY,abstand_angriffe_direkt rang 11,n=22 min=61 med=67 max=84,8
rhythmus,EDDY,abstand_angriffe_direkt rang 12,n=23 min=57 med=66 max=81,6
rhythmus,EDDY,abstand_angriffe_direkt rang 13,n=14 min=55 med=61.5 max=81,5
rhythmus,EDDY,abstand_angriffe_direkt rang 14,n=9 min=55 med=59 max=77,4
rhythmus,EDDY,abstand_angriffe_direkt rang 15,n=2 min=59 med=69.5 max=80,1
rhythmus,EDDY,abstand_angriffe_direkt rang 16,n=7 min=53 med=64 max=73,1
rhythmus,EDDY,abstand_angriffe_direkt rang 19,n=7 min=53 med=64 max=73,1
rhythmus,EDDY,abstand_angriffe_direkt rang 20,n=9 min=49 med=60 max=67,1
rhythmus,EDDY,abstand_angriffe_direkt rang 23,n=9 min=49 med=60 max=67,1
rhythmus,EDDY,abstand_angriffe_direkt rang 24,n=7 min=45 med=47 max=62,1
rhythmus,EDDY,abstand_angriffe_mit_unterbrechung,n=84 min=48 med=152.5 max=1120,20
rhythmus,EDDY,angriffe_je_serie_bis_umwerfen,n=55 min=1 med=3 max=6,19
rhythmus,EDDY,dazwischen,n=213 nur kampfhaltung/erholung:129 gehen+spott+figur_lag:25 gehen+figur_lag:25 gehen:10 abwarten+gehen+spott+figur_lag:5 abwarten+gehen+figur_lag:5 abwarten+gehen:3 abwarten+gehen+inaktiv+spott+figur_lag:2 gehen+inaktiv+spott+figur_lag:2 gehen+inaktiv+figur_lag:2 figur_lag:2 gehen+spott:1 abwarten+gehen+inaktiv+figur_lag:1 gehen+inaktiv:1,21
rhythmus,EDDY,seitenwechsel_zwischen_angriffen,n=213 nein:169 ja:44,21
rhythmus,EDDY,serienmuster,n=106 D:22 D!:16 A A A B!:9 C C A A B!:7 A A B!:7 A:7 C C:6 C A D!:5 C:4 C D!:4 C C D!:3 A A D!:2 A C C:2 C A C:2 C D:2 C C C A A B!:1 A D!:1 A A B:1 A D:1 C C C A A:1 C C C:1 C C C A:1 C C D:1,22
rhythmus,WOOKY,abstand_angriffe_direkt rang 07,n=5 min=64 med=68 max=83,1
rhythmus,WOOKY,abstand_angriffe_direkt rang 08,n=2 min=55 med=59 max=63,1
rhythmus,WOOKY,abstand_angriffe_direkt rang 09,n=9 min=54 med=62 max=79,2
rhythmus,WOOKY,abstand_angriffe_direkt rang 10,n=33 min=55 med=61 max=79,11
rhythmus,WOOKY,abstand_angriffe_direkt rang 11,n=47 min=52 med=61 max=83,14
rhythmus,WOOKY,abstand_angriffe_direkt rang 12,n=35 min=46 med=58 max=79,7
rhythmus,WOOKY,abstand_angriffe_direkt rang 13,n=18 min=43 med=55.5 max=62,7
rhythmus,WOOKY,abstand_angriffe_direkt rang 14,n=14 min=51 med=58.5 max=72,6
rhythmus,WOOKY,abstand_angriffe_direkt rang 15,n=16 min=51 med=56 max=59,5
rhythmus,WOOKY,abstand_angriffe_direkt rang 16,n=7 min=45 med=55 max=71,2
rhythmus,WOOKY,abstand_angriffe_direkt rang 19,n=7 min=45 med=55 max=71,2
rhythmus,WOOKY,abstand_angriffe_direkt rang 20,n=9 min=38 med=50 max=67,2
rhythmus,WOOKY,abstand_angriffe_direkt rang 23,n=9 min=38 med=50 max=67,2
rhythmus,WOOKY,abstand_angriffe_direkt rang 24,n=9 min=38 med=46 max=63,2
rhythmus,WOOKY,abstand_angriffe_mit_unterbrechung,n=69 min=111 med=290 max=2201,27
rhythmus,WOOKY,angriffe_je_serie_bis_umwerfen,n=75 min=3 med=3 max=5,29
rhythmus,WOOKY,dazwischen,n=289 nur kampfhaltung/erholung:220 gehen+spott+figur_lag:32 abwarten+gehen+spott+figur_lag:12 abwarten+gehen+figur_lag:8 gehen:5 abwarten+gehen+inaktiv+spott+figur_lag:3 abwarten+gehen:3 gehen+sonst+figur_lag:1 gehen+inaktiv+spott+figur_lag:1 gehen+figur_lag:1 abwarten+gehen+sonst+figur_lag:1 abwarten+gehen+inaktiv+figur_lag:1 gehen+inaktiv+figur_lag:1,30
rhythmus,WOOKY,seitenwechsel_zwischen_angriffen,n=289 nein:273 ja:16,30
rhythmus,WOOKY,serienmuster,n=117 A A B!:25 A:16 A A D!:16 A A A B!:12 C C A D!:11 C:6 A A A D!:4 C C A:3 A A A:3 C C B!:3 E:2 A A D:2 C C B:2 C C:2 A A:2 A C C A D!:1 E E C C B!:1 C C A D:1 A E A A B!:1 E A A A D A A:1 A C C B!:1 A C C:1 A C:1,30
schutz,EDDY,angriffsbeginn_nach_fensterbeginn (aufstehen),n=33 min=5 med=17 max=25,17
schutz,EDDY,angriffsbeginn_nach_fensterbeginn (trefferreaktion),n=10 min=5 med=20 max=26,7
schutz,WOOKY,angriffsbeginn_nach_fensterbeginn (aufstehen),n=13 min=17 med=18 max=34,7
schutz,WOOKY,angriffsbeginn_nach_fensterbeginn (trefferreaktion),n=43 min=1 med=16 max=26,11
schutz,alle,aktiv im fenster (aufstehen),n=42 ja:42,19
schutz,alle,aktiv im fenster (trefferreaktion),n=29 ja:29,12
schutz,alle,fenster (aufstehen, 35 F),n=128 kein gegner nah:81 mit angriff:43 gegner nah, ohne angriff:4,35
schutz,alle,fenster (trefferreaktion, 27 F),n=334 gegner nah, ohne angriff:287 mit angriff:46 kein gegner nah:1,35
schutz,alle,lp_verlust_innerhalb,n=36 0:36,36
schutz,alle,treffer im frame nach dem fenster (aufstehen),n=12 ja:12,11
schutz,alle,treffer im frame nach dem fenster (trefferreaktion),n=14 ja:14,8
stillstand,EDDY,absdx (tempo normal, von links),n=10 min=7 med=45.5 max=47,7
stillstand,EDDY,absdx (tempo normal, von rechts),n=21 min=13 med=47 max=47,14
stillstand,EDDY,absdx (tempo schnell, von links),n=15 min=47 med=55 max=56,11
stillstand,EDDY,absdx (tempo schnell, von rechts),n=10 min=46 med=55 max=56,5
stillstand,EDDY,absdx (von links),n=26 min=7 med=54.5 max=56,14
stillstand,EDDY,absdx (von rechts),n=31 min=13 med=47 max=56,15
stillstand,EDDY,absdz,n=57 min=0 med=3 max=11,20
stillstand,EDDY,absdz beim gehbeginn,n=57 min=0 med=6 max=32,20
stillstand,EDDY,bis_angriff rang 10,n=4 min=21 med=21 max=21,4
stillstand,EDDY,bis_angriff rang 11,n=4 min=21 med=21 max=21,4
stillstand,EDDY,bis_angriff rang 12,n=9 min=17 med=17 max=17,8
stillstand,EDDY,bis_angriff rang 13,n=6 min=17 med=17 max=17,6
stillstand,EDDY,bis_angriff rang 14,n=8 min=17 med=17 max=17,7
stillstand,EDDY,bis_angriff rang 15,n=2 min=17 med=17 max=17,2
stillstand,EDDY,bis_angriff rang 16,n=4 min=13 med=13 max=13,1
stillstand,EDDY,bis_angriff rang 19,n=4 min=13 med=13 max=13,1
stillstand,EDDY,bis_angriff rang 20,n=3 min=9 med=9 max=9,1
stillstand,EDDY,bis_angriff rang 23,n=3 min=9 med=9 max=9,1
stillstand,EDDY,bis_angriff rang 24,n=4 min=5 med=5 max=5,1
stillstand,EDDY,bis_angriff rang 7,n=2 min=25 med=25 max=25,1
stillstand,EDDY,bis_angriff rang 9,n=3 min=21 med=21 max=21,2
stillstand,WOOKY,absdx (tempo normal, von links),n=13 min=7 med=47 max=48,9
stillstand,WOOKY,absdx (tempo normal, von rechts),n=36 min=5 med=46 max=47,22
stillstand,WOOKY,absdx (tempo schnell, von links),n=20 min=54 med=55 max=56,11
stillstand,WOOKY,absdx (tempo schnell, von rechts),n=22 min=1 med=55.5 max=56,11
stillstand,WOOKY,absdx (von links),n=33 min=7 med=55 max=56,14
stillstand,WOOKY,absdx (von rechts),n=61 min=1 med=46 max=56,25
stillstand,WOOKY,absdz,n=94 min=0 med=3 max=11,30
stillstand,WOOKY,absdz beim gehbeginn,n=94 min=0 med=6.5 max=48,30
stillstand,WOOKY,bis_angriff rang 10,n=14 min=21 med=21 max=21,11
stillstand,WOOKY,bis_angriff rang 11,n=12 min=21 med=21 max=21,9
stillstand,WOOKY,bis_angriff rang 12,n=10 min=17 med=17 max=17,5
stillstand,WOOKY,bis_angriff rang 13,n=8 min=17 med=17 max=17,7
stillstand,WOOKY,bis_angriff rang 14,n=10 min=17 med=17 max=17,6
stillstand,WOOKY,bis_angriff rang 15,n=7 min=17 med=17 max=17,6
stillstand,WOOKY,bis_angriff rang 16,n=3 min=13 med=13 max=13,2
stillstand,WOOKY,bis_angriff rang 19,n=3 min=13 med=13 max=13,2
stillstand,WOOKY,bis_angriff rang 20,n=4 min=9 med=9 max=9,2
stillstand,WOOKY,bis_angriff rang 23,n=4 min=9 med=9 max=9,2
stillstand,WOOKY,bis_angriff rang 24,n=3 min=5 med=5 max=5,2
stillstand,WOOKY,bis_angriff rang 7,n=2 min=25 med=25 max=25,1
stillstand,WOOKY,bis_angriff rang 9,n=5 min=21 med=21 max=21,3
# Zusammenfassung Reaktion (b_*)
bereich,typ,groesse,statistik,laeufe
aktivierung,EDDY,s5_0_1 x-kamera (links),n=11 min=-64 med=-64 max=-63,9
aktivierung,EDDY,s5_0_1 x-kamera (rechts),n=3 min=445 med=445 max=446,2
aktivierung,EDDY,s5_0_1 x-kamera vorher (links),n=11 min=-67 med=-66 max=-65,9
aktivierung,EDDY,s5_0_1 x-kamera vorher (rechts),n=3 min=447 med=447 max=448,2
aktivierung,EDDY,s5_1_0 x-kamera (links),n=11 min=-67 med=-66 max=-65,9
aktivierung,EDDY,s5_1_0 x-kamera (rechts),n=2 min=448 med=448.5 max=449,2
aktivierung,EDDY,s5_1_0 x-kamera vorher (links),n=11 min=-66 med=-63 max=-63,9
aktivierung,EDDY,s5_1_0 x-kamera vorher (rechts),n=2 min=445 med=446 max=447,2
aktivierung,EDDY,weckreiz absdx (hockend),n=2 min=181 med=181 max=181,2
aktivierung,EDDY,weckreiz x-kamera (hockend),n=2 min=381 med=381 max=381,2
aktivierung,EDDY,weckreiz_bis_aufgestanden (hockend),n=2 min=69 med=69 max=69,2
aktivierung,WOOKY,gully belegt kamera_x,n=8 min=818 med=819 max=850,4
aktivierung,WOOKY,s5_0_1 x-kamera (links),n=5 min=-64 med=-64 max=-64,4
aktivierung,WOOKY,s5_0_1 x-kamera (rechts),n=14 min=302 med=333 max=447,4
aktivierung,WOOKY,s5_0_1 x-kamera vorher (links),n=5 min=-66 med=-66 max=-65,4
aktivierung,WOOKY,s5_0_1 x-kamera vorher (rechts),n=14 min=302 med=334 max=449,4
aktivierung,WOOKY,s5_1_0 x-kamera (links),n=6 min=-68 med=-66 max=-65,5
aktivierung,WOOKY,s5_1_0 x-kamera (rechts),n=4 min=448 med=448 max=449,1
aktivierung,WOOKY,s5_1_0 x-kamera vorher (links),n=6 min=-65 med=-63.5 max=-62,5
aktivierung,WOOKY,s5_1_0 x-kamera vorher (rechts),n=4 min=445 med=446 max=447,1
aktivierung,WOOKY,weckreiz absdx (hockend),n=2 min=180 med=180 max=180,2
aktivierung,WOOKY,weckreiz x-kamera (hockend),n=2 min=380 med=380 max=380,2
aktivierung,WOOKY,weckreiz_bis_aufgestanden (hockend),n=2 min=49 med=49 max=49,2
angriff,EDDY,E-A aktive_frames,n=30 min=3 med=12 max=12,15
angriff,EDDY,E-A attr,n=30 0x400c:30,15
angriff,EDDY,E-A bis_aktiv,n=30 min=9 med=9 max=9,15
angriff,EDDY,E-B aktive_frames,n=6 min=5 med=12 max=12,6
angriff,EDDY,E-B attr,n=6 0x4c0c:6,6
angriff,EDDY,E-B bis_aktiv,n=6 min=9 med=9 max=9,6
angriff,EDDY,E-C aktive_frames,n=15 min=8 med=15 max=15,6
angriff,EDDY,E-C attr,n=15 0x440c:15,6
angriff,EDDY,E-C bis_aktiv,n=15 min=10 med=10 max=10,6
angriff,EDDY,E-D aktive_frames,n=22 min=37 med=44 max=51,13
angriff,EDDY,E-D attr,n=22 0x4c0c:22,13
angriff,EDDY,E-D bis_aktiv,n=22 min=9 med=9 max=9,13
angriff,EDDY,art,n=76 E-A:33 E-D:22 E-C:15 E-B:6,19
angriff,WOOKY,W-A aktive_frames,n=82 min=5 med=12 max=12,30
angriff,WOOKY,W-A attr,n=82 0x400c:82,30
angriff,WOOKY,W-A bis_aktiv,n=82 min=9 med=9 max=9,30
angriff,WOOKY,W-B aktive_frames,n=12 min=8 med=8 max=8,10
angriff,WOOKY,W-B attr,n=12 0x4c0c:12,10
angriff,WOOKY,W-B bis_aktiv,n=12 min=9 med=9 max=9,10
angriff,WOOKY,W-C aktive_frames,n=47 min=7 med=17 max=17,15
angriff,WOOKY,W-C attr,n=47 0x440c:47,15
angriff,WOOKY,W-C bis_aktiv,n=47 min=4 med=4 max=4,15
angriff,WOOKY,W-D aktive_frames,n=18 min=8 med=8 max=11,12
angriff,WOOKY,W-D attr,n=18 0x4c0c:18,12
angriff,WOOKY,W-D bis_aktiv,n=18 min=8 med=8 max=8,12
angriff,WOOKY,W-E aktive_frames,n=1 min=15 med=15 max=15,1
angriff,WOOKY,W-E attr,n=1 0x440c:1,1
angriff,WOOKY,W-E bis_aktiv,n=1 min=10 med=10 max=10,1
angriff,WOOKY,art,n=171 W-A:89 W-C:51 W-D:18 W-B:12 W-E:1,30
gehen,EDDY,stufe je frame (figur geschuetzt),n=800 1,75:384 2,25:360 andere:56,17
gehen,EDDY,stufe je frame (figur liegt),n=2362 1,75:1525 2,25:755 andere:82,19
gehen,EDDY,stufe je frame (figur steht),n=4976 1,75:3571 2,25:1312 andere:93,23
gehen,EDDY,stufe je frame (x-halbachse),n=8138 1,75:5480 2,25:2427 andere:231,23
gehen,EDDY,stufe je frame rang 10,n=976 1,75:976,23
gehen,EDDY,stufe je frame rang 11,n=4517 1,75:3163 2,25:1184 andere:170,23
gehen,EDDY,stufe je frame rang 12,n=1930 1,75:952 2,25:931 andere:47,14
gehen,EDDY,stufe je frame rang 13,n=715 1,75:389 2,25:312 andere:14,8
gehen,WOOKY,stufe je frame (figur geschuetzt),n=1243 1,75:899 2,25:289 andere:55,12
gehen,WOOKY,stufe je frame (figur liegt),n=4210 1,75:3266 2,25:753 andere:191,20
gehen,WOOKY,stufe je frame (figur steht),n=8259 1,75:5309 2,25:2713 andere:237,30
gehen,WOOKY,stufe je frame (x-halbachse),n=13712 1,75:9474 2,25:3755 andere:483,30
gehen,WOOKY,stufe je frame rang 10,n=3769 1,75:2878 2,25:868 andere:23,30
gehen,WOOKY,stufe je frame rang 11,n=6670 1,75:4537 2,25:1781 andere:352,26
gehen,WOOKY,stufe je frame rang 12,n=2825 1,75:1663 2,25:1059 andere:103,16
gehen,WOOKY,stufe je frame rang 13,n=448 1,75:396 2,25:47 andere:5,4
nach_umwerfen,EDDY,erster_zustand,n=21 gehen:zurueckweichen:8 gehen:seitenwechsel:8 gehen:seitlich:3 inaktiv:1 gehen:annaehern:1,15
nach_umwerfen,WOOKY,erster_zustand,n=26 gehen:zurueckweichen:14 gehen:seitenwechsel:8 gehen:seitlich:3 gehen:annaehern:1,17
pause,EDDY,kampfhaltung_vor_angriff rang 10,n=17 min=21 med=21 max=21,16
pause,EDDY,kampfhaltung_vor_angriff rang 11,n=37 min=21 med=21 max=22,14
pause,EDDY,kampfhaltung_vor_angriff rang 12,n=15 min=17 med=17 max=22,7
pause,EDDY,kampfhaltung_vor_angriff rang 13,n=7 min=17 med=17 max=17,4
pause,WOOKY,kampfhaltung_vor_angriff rang 10,n=30 min=18 med=21 max=21,18
pause,WOOKY,kampfhaltung_vor_angriff rang 11,n=66 min=21 med=21 max=22,19
pause,WOOKY,kampfhaltung_vor_angriff rang 12,n=51 min=17 med=17 max=21,13
pause,WOOKY,kampfhaltung_vor_angriff rang 13,n=6 min=17 med=17 max=17,3
rhythmus,EDDY,abstand_angriffe_direkt rang 11,n=19 min=61 med=67 max=82,8
rhythmus,EDDY,abstand_angriffe_direkt rang 12,n=6 min=49 med=66.5 max=82,3
rhythmus,EDDY,abstand_angriffe_mit_unterbrechung,n=32 min=45 med=191 max=913,12
rhythmus,EDDY,angriffe_je_serie_bis_umwerfen,n=21 min=1 med=1 max=5,15
rhythmus,EDDY,dazwischen,n=57 nur kampfhaltung/erholung:25 gehen:6 gehen+spott+figur_lag:5 gehen+figur_lag:4 gehen+spott:3 figur_lag:3 gehen+getroffen+liegt+sonst:3 abwarten+gehen+spott+figur_lag:3 gehen+inaktiv+figur_lag:2 gehen+inaktiv+spott+figur_lag:1 gehen+getroffen+liegt+sonst+figur_lag:1 abwarten+gehen+inaktiv+spott+figur_lag:1,16
rhythmus,EDDY,seitenwechsel_zwischen_angriffen,n=57 nein:49 ja:8,16
rhythmus,EDDY,serienmuster,n=51 A:16 D!:14 D:5 C:4 A A A B!:4 C C C C D!:1 C C D!:1 A A B:1 C C:1 A A:1 C D!:1 A C C:1 B:1,19
rhythmus,WOOKY,abstand_angriffe_direkt rang 10,n=10 min=62 med=62 max=64,6
rhythmus,WOOKY,abstand_angriffe_direkt rang 11,n=42 min=48 med=61 max=79,15
rhythmus,WOOKY,abstand_angriffe_direkt rang 12,n=40 min=44 med=55.5 max=72,12
rhythmus,WOOKY,abstand_angriffe_direkt rang 13,n=5 min=53 med=56 max=60,4
rhythmus,WOOKY,abstand_angriffe_mit_unterbrechung,n=38 min=84 med=205.5 max=1216,20
rhythmus,WOOKY,angriffe_je_serie_bis_umwerfen,n=26 min=3 med=3 max=4,17
rhythmus,WOOKY,dazwischen,n=135 nur kampfhaltung/erholung:97 gehen+spott+figur_lag:18 gehen+getroffen+liegt+sonst:6 abwarten+gehen+spott:5 abwarten+gehen+spott+figur_lag:4 gehen:2 gehen+inaktiv+figur_lag:1 gehen+figur_lag:1 abwarten+gehen+figur_lag:1,24
rhythmus,WOOKY,seitenwechsel_zwischen_angriffen,n=135 nein:130 ja:5,24
rhythmus,WOOKY,serienmuster,n=74 A:19 C C:13 A A B!:11 A A D!:7 A A:6 C C A D!:5 C:3 A A A D!:2 A A D:1 A A D C C:1 C C A D:1 C C A:1 A C C A:1 C C A D A A:1 E:1 C C B!:1,30
schutz,EDDY,angriffsbeginn_nach_fensterbeginn (aufstehen),n=6 min=17 med=19 max=21,3
schutz,EDDY,angriffsbeginn_nach_fensterbeginn (trefferreaktion),n=3 min=7 med=19 max=23,2
schutz,WOOKY,angriffsbeginn_nach_fensterbeginn (aufstehen),n=13 min=17 med=21 max=27,10
schutz,WOOKY,angriffsbeginn_nach_fensterbeginn (trefferreaktion),n=10 min=5 med=16.5 max=23,3
schutz,alle,aktiv im fenster (aufstehen),n=17 ja:17,11
schutz,alle,aktiv im fenster (trefferreaktion),n=7 ja:7,3
schutz,alle,fenster (aufstehen, 35 F),n=47 kein gegner nah:28 mit angriff:17 gegner nah, ohne angriff:2,26
schutz,alle,fenster (aufstehen, andere Laenge F),n=2 mit angriff:1 gegner nah, ohne angriff:1,2
schutz,alle,fenster (trefferreaktion, 27 F),n=136 gegner nah, ohne angriff:125 mit angriff:10 kein gegner nah:1,36
schutz,alle,fenster (trefferreaktion, andere Laenge F),n=1 gegner nah, ohne angriff:1,1
schutz,alle,lp_verlust_innerhalb,n=42 0:42,42
schutz,alle,treffer im frame nach dem fenster (aufstehen),n=4 ja:4,4
schutz,alle,treffer im frame nach dem fenster (trefferreaktion),n=5 ja:5,4
stillstand,EDDY,absdx (tempo normal, von rechts),n=21 min=43 med=47 max=47,18
stillstand,EDDY,absdx (tempo schnell, von links),n=4 min=2 med=52 max=56,4
stillstand,EDDY,absdx (tempo schnell, von rechts),n=5 min=26 med=56 max=56,3
stillstand,EDDY,absdx (von links),n=8 min=2 med=30 max=56,7
stillstand,EDDY,absdx (von rechts),n=29 min=17 med=47 max=56,19
stillstand,EDDY,absdz,n=37 min=0 med=2 max=11,22
stillstand,EDDY,absdz beim gehbeginn,n=37 min=0 med=2 max=42,22
stillstand,EDDY,bis_angriff rang 10,n=16 min=21 med=21 max=21,16
stillstand,EDDY,bis_angriff rang 11,n=9 min=21 med=21 max=21,7
stillstand,EDDY,bis_angriff rang 12,n=5 min=17 med=17 max=17,5
stillstand,EDDY,bis_angriff rang 13,n=3 min=17 med=17 max=17,3
stillstand,WOOKY,absdx (tempo normal, von links),n=2 min=6 med=27 max=48,2
stillstand,WOOKY,absdx (tempo normal, von rechts),n=20 min=15 med=46 max=47,13
stillstand,WOOKY,absdx (tempo schnell, von links),n=5 min=48 med=56 max=56,4
stillstand,WOOKY,absdx (tempo schnell, von rechts),n=12 min=43 med=55 max=56,11
stillstand,WOOKY,absdx (von links),n=7 min=6 med=55 max=56,5
stillstand,WOOKY,absdx (von rechts),n=36 min=15 med=46 max=56,23
stillstand,WOOKY,absdz,n=43 min=0 med=3 max=11,26
stillstand,WOOKY,absdz beim gehbeginn,n=43 min=0 med=9 max=28,26
stillstand,WOOKY,bis_angriff rang 10,n=9 min=21 med=21 max=21,7
stillstand,WOOKY,bis_angriff rang 11,n=18 min=21 med=21 max=21,13
stillstand,WOOKY,bis_angriff rang 12,n=11 min=17 med=17 max=17,8
stillstand,WOOKY,bis_angriff rang 13,n=1 min=17 med=17 max=17,1
# Zusammenfassung Stage 1 (d_*, bot_*)
bereich,typ,groesse,statistik,laeufe
aktivierung,DICK,s5_0_1 x-kamera (links),n=3 min=-30 med=-28 max=-28,3
aktivierung,DICK,s5_0_1 x-kamera vorher (links),n=3 min=-32 med=-32 max=-32,3
aktivierung,DICK,s5_1_0 x-kamera (links),n=1 min=-69 med=-69 max=-69,1
aktivierung,DICK,s5_1_0 x-kamera vorher (links),n=1 min=-64 med=-64 max=-64,1
aktivierung,DOLG,s5_0_1 x-kamera (rechts),n=3 min=428 med=428 max=430,3
aktivierung,DOLG,s5_0_1 x-kamera vorher (rechts),n=3 min=430 med=430 max=431,3
aktivierung,DOLG,s5_1_0 x-kamera (links),n=1 min=-50 med=-50 max=-50,1
aktivierung,DOLG,s5_1_0 x-kamera vorher (links),n=1 min=-49 med=-49 max=-49,1
aktivierung,EDDY,gully belegt kamera_x,n=10 min=994 med=995 max=1047,5
aktivierung,EDDY,s5_0_1 x-kamera (links),n=5 min=-64 med=-30 max=-28,3
aktivierung,EDDY,s5_0_1 x-kamera (rechts),n=29 min=295 med=445 max=447,8
aktivierung,EDDY,s5_0_1 x-kamera vorher (links),n=5 min=-66 med=-32 max=-32,3
aktivierung,EDDY,s5_0_1 x-kamera vorher (rechts),n=29 min=297 med=447 max=449,8
aktivierung,EDDY,s5_1_0 x-kamera (links),n=3 min=-69 med=-69 max=-67,2
aktivierung,EDDY,s5_1_0 x-kamera (rechts),n=15 min=448 med=449 max=450,3
aktivierung,EDDY,s5_1_0 x-kamera vorher (links),n=3 min=-66 med=-65 max=-65,2
aktivierung,EDDY,s5_1_0 x-kamera vorher (rechts),n=15 min=445 med=447 max=447,3
aktivierung,EDDY,weckreiz absdx (hockend),n=6 min=181 med=181 max=181,6
aktivierung,EDDY,weckreiz x-kamera (hockend),n=6 min=381 med=381 max=381,6
aktivierung,EDDY,weckreiz_bis_aufgestanden (hockend),n=6 min=69 med=69 max=69,6
aktivierung,SKIP,s5_0_1 x-kamera (links),n=1 min=-63 med=-63 max=-63,1
aktivierung,SKIP,s5_0_1 x-kamera vorher (links),n=1 min=-65 med=-65 max=-65,1
aktivierung,SKIP,s5_1_0 x-kamera (links),n=1 min=-67 med=-67 max=-67,1
aktivierung,SKIP,s5_1_0 x-kamera vorher (links),n=1 min=-66 med=-66 max=-66,1
aktivierung,WOOKY,gully belegt kamera_x,n=16 min=812 med=822.5 max=870,8
aktivierung,WOOKY,s5_0_1 x-kamera (links),n=12 min=-66 med=-45.5 max=-28,5
aktivierung,WOOKY,s5_0_1 x-kamera (rechts),n=46 min=280 med=445 max=447,8
aktivierung,WOOKY,s5_0_1 x-kamera vorher (links),n=12 min=-66 med=-48.5 max=-32,5
aktivierung,WOOKY,s5_0_1 x-kamera vorher (rechts),n=46 min=282 med=447.5 max=450,8
aktivierung,WOOKY,s5_1_0 x-kamera (links),n=9 min=-68 med=-67 max=-65,5
aktivierung,WOOKY,s5_1_0 x-kamera (rechts),n=25 min=448 med=448 max=449,3
aktivierung,WOOKY,s5_1_0 x-kamera vorher (links),n=9 min=-66 med=-65 max=-63,5
aktivierung,WOOKY,s5_1_0 x-kamera vorher (rechts),n=25 min=446 med=446 max=447,3
aktivierung,WOOKY,weckreiz absdx (hockend),n=7 min=180 med=180 max=181,7
aktivierung,WOOKY,weckreiz absdx (versteckt),n=8 min=181 med=181 max=181,8
aktivierung,WOOKY,weckreiz x-kamera (hockend),n=7 min=380 med=380 max=381,7
aktivierung,WOOKY,weckreiz x-kamera (versteckt),n=8 min=381 med=381 max=381,8
aktivierung,WOOKY,weckreiz_bis_aufgestanden (hockend),n=7 min=49 med=49 max=49,7
aktivierung,WOOKY,weckreiz_bis_aufgestanden (versteckt),n=8 min=16 med=16 max=16,8
angriff,EDDY,E-A aktive_frames,n=17 min=4 med=12 max=12,6
angriff,EDDY,E-A attr,n=17 0x400c:17,6
angriff,EDDY,E-A bis_aktiv,n=17 min=9 med=9 max=9,6
angriff,EDDY,E-B aktive_frames,n=4 min=5 med=5 max=12,2
angriff,EDDY,E-B attr,n=4 0x4c0c:4,2
angriff,EDDY,E-B bis_aktiv,n=4 min=9 med=9 max=9,2
angriff,EDDY,E-C aktive_frames,n=11 min=8 med=15 max=15,4
angriff,EDDY,E-C attr,n=11 0x440c:11,4
angriff,EDDY,E-C bis_aktiv,n=11 min=10 med=10 max=10,4
angriff,EDDY,E-D aktive_frames,n=16 min=37 med=44 max=44,4
angriff,EDDY,E-D attr,n=16 0x4c0c:16,4
angriff,EDDY,E-D bis_aktiv,n=16 min=9 med=9 max=9,4
angriff,EDDY,art,n=52 E-A:20 E-D:16 E-C:12 E-B:4,6
angriff,WOOKY,W-A aktive_frames,n=70 min=1 med=12 max=12,5
angriff,WOOKY,W-A attr,n=70 0x400c:70,5
angriff,WOOKY,W-A bis_aktiv,n=70 min=9 med=9 max=9,5
angriff,WOOKY,W-B aktive_frames,n=13 min=5 med=8 max=8,3
angriff,WOOKY,W-B attr,n=13 0x4c0c:13,3
angriff,WOOKY,W-B bis_aktiv,n=13 min=9 med=9 max=9,3
angriff,WOOKY,W-C aktive_frames,n=72 min=2 med=17 max=17,5
angriff,WOOKY,W-C attr,n=72 0x440c:72,5
angriff,WOOKY,W-C bis_aktiv,n=72 min=4 med=4 max=4,5
angriff,WOOKY,W-D aktive_frames,n=13 min=8 med=9 max=17,4
angriff,WOOKY,W-D attr,n=13 0x4c0c:13,4
angriff,WOOKY,W-D bis_aktiv,n=13 min=8 med=8 max=8,4
angriff,WOOKY,W-E aktive_frames,n=1 min=15 med=15 max=15,1
angriff,WOOKY,W-E attr,n=1 0x440c:1,1
angriff,WOOKY,W-E bis_aktiv,n=1 min=10 med=10 max=10,1
angriff,WOOKY,art,n=182 W-A:79 W-C:75 W-D:14 W-B:13 W-E:1,5
gehen,EDDY,stufe je frame (figur geschuetzt),n=867 1,75:532 2,25:284 andere:51,4
gehen,EDDY,stufe je frame (figur liegt),n=1708 1,75:937 2,25:504 andere:267,4
gehen,EDDY,stufe je frame (figur steht),n=2432 2,25:1109 1,75:1051 andere:272,4
gehen,EDDY,stufe je frame (x-halbachse),n=5007 1,75:2520 2,25:1897 andere:590,4
gehen,EDDY,stufe je frame rang 10,n=1358 1,75:593 2,25:429 andere:336,4
gehen,EDDY,stufe je frame rang 11,n=1080 1,75:579 2,25:369 andere:132,4
gehen,EDDY,stufe je frame rang 12,n=947 1,75:567 2,25:278 andere:102,4
gehen,EDDY,stufe je frame rang 8,n=551 1,75:498 2,25:42 andere:11,3
gehen,EDDY,stufe je frame rang 9,n=1071 2,25:779 1,75:283 andere:9,4
gehen,WOOKY,stufe je frame (figur geschuetzt),n=1868 1,75:1047 2,25:689 andere:132,4
gehen,WOOKY,stufe je frame (figur liegt),n=3762 1,75:2619 2,25:828 andere:315,4
gehen,WOOKY,stufe je frame (figur steht),n=4860 1,75:2447 2,25:2168 andere:245,4
gehen,WOOKY,stufe je frame (x-halbachse),n=10490 1,75:6113 2,25:3685 andere:692,4
gehen,WOOKY,stufe je frame rang 10,n=2100 1,75:1329 2,25:596 andere:175,4
gehen,WOOKY,stufe je frame rang 11,n=2433 1,75:1469 2,25:828 andere:136,4
gehen,WOOKY,stufe je frame rang 12,n=1564 1,75:919 2,25:366 andere:279,4
gehen,WOOKY,stufe je frame rang 7,n=155 1,75:148 2,25:6 andere:1,4
gehen,WOOKY,stufe je frame rang 8,n=1759 1,75:1231 2,25:482 andere:46,4
gehen,WOOKY,stufe je frame rang 9,n=2479 2,25:1407 1,75:1017 andere:55,4
nach_umwerfen,EDDY,erster_zustand,n=12 gehen:seitlich:5 gehen:seitenwechsel:4 gehen:zurueckweichen:3,5
nach_umwerfen,WOOKY,erster_zustand,n=21 gehen:zurueckweichen:10 gehen:seitenwechsel:8 gehen:seitlich:2 gehen:annaehern:1,4
pause,EDDY,kampfhaltung_vor_angriff rang 08,n=3 min=21 med=21 max=21,2
pause,EDDY,kampfhaltung_vor_angriff rang 09,n=8 min=21 med=21 max=21,3
pause,EDDY,kampfhaltung_vor_angriff rang 10,n=8 min=21 med=21 max=22,4
pause,EDDY,kampfhaltung_vor_angriff rang 11,n=14 min=21 med=21 max=22,4
pause,EDDY,kampfhaltung_vor_angriff rang 12,n=6 min=17 med=17 max=18,2
pause,EDDY,kampfhaltung_vor_angriff rang 14,n=1 min=17 med=17 max=17,1
pause,EDDY,kampfhaltung_vor_angriff rang 15,n=2 min=17 med=17 max=17,1
pause,EDDY,kampfhaltung_vor_angriff rang 16,n=3 min=13 med=13 max=14,1
pause,EDDY,kampfhaltung_vor_angriff rang 17,n=2 min=13 med=13 max=13,1
pause,EDDY,kampfhaltung_vor_angriff rang 18,n=3 min=13 med=13 max=13,1
pause,EDDY,kampfhaltung_vor_angriff rang 19,n=2 min=13 med=13 max=13,1
pause,WOOKY,kampfhaltung_vor_angriff rang 08,n=22 min=21 med=21 max=21,5
pause,WOOKY,kampfhaltung_vor_angriff rang 09,n=19 min=21 med=21 max=22,5
pause,WOOKY,kampfhaltung_vor_angriff rang 10,n=24 min=21 med=21 max=22,5
pause,WOOKY,kampfhaltung_vor_angriff rang 11,n=18 min=21 med=21 max=21,5
pause,WOOKY,kampfhaltung_vor_angriff rang 12,n=21 min=17 med=17 max=17,5
pause,WOOKY,kampfhaltung_vor_angriff rang 13,n=9 min=17 med=17 max=17,1
pause,WOOKY,kampfhaltung_vor_angriff rang 14,n=8 min=17 med=17 max=18,1
pause,WOOKY,kampfhaltung_vor_angriff rang 15,n=2 min=17 med=17 max=17,1
pause,WOOKY,kampfhaltung_vor_angriff rang 16,n=12 min=13 med=13 max=13,1
pause,WOOKY,kampfhaltung_vor_angriff rang 17,n=8 min=13 med=13 max=13,1
pause,WOOKY,kampfhaltung_vor_angriff rang 18,n=11 min=13 med=13 max=13,1
pause,WOOKY,kampfhaltung_vor_angriff rang 19,n=5 min=13 med=13 max=14,1
pause,WOOKY,kampfhaltung_vor_angriff rang 20,n=9 min=9 med=9 max=9,1
rhythmus,EDDY,abstand_angriffe_direkt rang 10,n=3 min=62 med=64 max=85,1
rhythmus,EDDY,abstand_angriffe_direkt rang 11,n=2 min=62 med=65.5 max=69,2
rhythmus,EDDY,abstand_angriffe_direkt rang 12,n=3 min=57 med=60 max=63,1
rhythmus,EDDY,abstand_angriffe_direkt rang 16,n=2 min=60 med=68.5 max=77,1
rhythmus,EDDY,abstand_angriffe_direkt rang 18,n=1 min=60 med=60 max=60,1
rhythmus,EDDY,abstand_angriffe_mit_unterbrechung,n=33 min=20 med=260 max=1570,3
rhythmus,EDDY,angriffe_je_serie_bis_umwerfen,n=12 min=1 med=1 max=4,5
rhythmus,EDDY,dazwischen,n=44 nur kampfhaltung/erholung:11 figur_lag:5 gehen:5 abwarten+gehen+figur_lag:4 gehen+spott+figur_lag:3 gehen+getroffen+liegt+sonst:2 abwarten+gehen+spott+figur_lag:2 gehen+getroffen+liegt+sonst+figur_lag:2 gehen+getroffen+inaktiv+liegt+sonst+figur_lag:2 abwarten+gehen+inaktiv+figur_lag:1 abwarten+gehen+inaktiv+spott+figur_lag:1 gehen+inaktiv+spott:1 gehen+getroffen+liegt+sonst+spott+figur_lag:1 abwarten+gehen+getroffen+inaktiv+liegt+sonst+spott+figur_lag:1 gehen+inaktiv+figur_lag:1 gehen+inaktiv:1 abwarten+gehen+getroffen+liegt+sonst+spott+figur_lag:1,4
rhythmus,EDDY,seitenwechsel_zwischen_angriffen,n=44 nein:32 ja:12,4
rhythmus,EDDY,serienmuster,n=41 A:14 D!:10 D:5 C:4 C C:2 B:2 A A:1 A A B D!:1 C A A B!:1 C C C:1,6
rhythmus,WOOKY,abstand_angriffe_direkt rang 08,n=11 min=54 med=57 max=64,4
rhythmus,WOOKY,abstand_angriffe_direkt rang 09,n=11 min=51 med=60 max=79,3
rhythmus,WOOKY,abstand_angriffe_direkt rang 10,n=16 min=47 med=55.5 max=75,3
rhythmus,WOOKY,abstand_angriffe_direkt rang 11,n=11 min=54 med=58 max=65,4
rhythmus,WOOKY,abstand_angriffe_direkt rang 12,n=9 min=45 med=52 max=59,4
rhythmus,WOOKY,abstand_angriffe_direkt rang 13,n=4 min=49 med=57.5 max=58,1
rhythmus,WOOKY,abstand_angriffe_direkt rang 14,n=6 min=52 med=53 max=68,1
rhythmus,WOOKY,abstand_angriffe_direkt rang 16,n=5 min=44 med=53 max=56,1
rhythmus,WOOKY,abstand_angriffe_direkt rang 17,n=5 min=42 med=50 max=57,1
rhythmus,WOOKY,abstand_angriffe_direkt rang 18,n=6 min=39 med=45 max=54,1
rhythmus,WOOKY,abstand_angriffe_direkt rang 19,n=4 min=43 med=52 max=60,1
rhythmus,WOOKY,abstand_angriffe_direkt rang 20,n=3 min=42 med=44 max=45,1
rhythmus,WOOKY,abstand_angriffe_mit_unterbrechung,n=75 min=19 med=326 max=2025,5
rhythmus,WOOKY,angriffe_je_serie_bis_umwerfen,n=21 min=3 med=3 max=5,4
rhythmus,WOOKY,dazwischen,n=166 nur kampfhaltung/erholung:91 gehen+getroffen+liegt+sonst:10 gehen:10 abwarten+gehen+spott+figur_lag:9 gehen+spott+figur_lag:8 gehen+getroffen+liegt+sonst+spott+figur_lag:7 abwarten+gehen+getroffen+liegt+sonst+spott+figur_lag:5 abwarten+gehen+figur_lag:4 abwarten+gehen+getroffen+inaktiv+liegt+sonst+spott+figur_lag:3 gehen+inaktiv+spott+figur_lag:3 abwarten+gehen+inaktiv+spott+figur_lag:3 abwarten+gehen:2 gehen+inaktiv+figur_lag:2 gehen+getroffen+inaktiv+liegt+sonst+spott+figur_lag:1 gehen+spott:1 abwarten+gehen+getroffen+inaktiv+liegt+sonst+figur_lag:1 gehen+figur_lag:1 sonst:1 gehen+sonst:1 abwarten+gehen+inaktiv+sonst+spott+figur_lag:1 abwarten+gehen+getroffen+liegt+sonst+figur_lag:1 gehen+getroffen+liegt+sonst+figur_lag:1,5
rhythmus,WOOKY,seitenwechsel_zwischen_angriffen,n=166 nein:140 ja:26,5
rhythmus,WOOKY,serienmuster,n=91 A:28 C:15 A A:9 C C:7 C C A D!:7 C C B!:6 A A B!:3 A A D!:3 C C A:3 C C A D:2 A A B:2 A C C B!:1 C C A D C:1 A C C A D!:1 E:1 C C B:1 A C:1,5
schutz,EDDY,angriffsbeginn_nach_fensterbeginn (aufstehen),n=1 min=21 med=21 max=21,1
schutz,EDDY,angriffsbeginn_nach_fensterbeginn (trefferreaktion),n=17 min=3 med=12 max=26,5
schutz,WOOKY,angriffsbeginn_nach_fensterbeginn (aufstehen),n=2 min=17 med=19.5 max=22,2
schutz,WOOKY,angriffsbeginn_nach_fensterbeginn (trefferreaktion),n=58 min=2 med=15 max=26,4
schutz,alle,aktiv im fenster (aufstehen),n=3 ja:3,2
schutz,alle,aktiv im fenster (trefferreaktion),n=47 ja:47,5
schutz,alle,fenster (aufstehen, 35 F),n=21 kein gegner nah:16 mit angriff:3 gegner nah, ohne angriff:2,6
schutz,alle,fenster (aufstehen, andere Laenge F),n=9 kein gegner nah:5 gegner nah, ohne angriff:4,4
schutz,alle,fenster (trefferreaktion, 27 F),n=125 mit angriff:62 gegner nah, ohne angriff:61 kein gegner nah:2,7
schutz,alle,fenster (trefferreaktion, andere Laenge F),n=4 kein gegner nah:3 gegner nah, ohne angriff:1,2
schutz,alle,lp_verlust_innerhalb,n=8 0:8,8
schutz,alle,treffer im frame nach dem fenster (aufstehen),n=2 ja:2,2
schutz,alle,treffer im frame nach dem fenster (trefferreaktion),n=24 ja:24,5
stillstand,EDDY,absdx (tempo normal, von links),n=1 min=47 med=47 max=47,1
stillstand,EDDY,absdx (tempo schnell, von links),n=8 min=7 med=55 max=56,4
stillstand,EDDY,absdx (tempo schnell, von rechts),n=1 min=55 med=55 max=55,1
stillstand,EDDY,absdx (von links),n=16 min=4 med=47.5 max=56,5
stillstand,EDDY,absdx (von rechts),n=7 min=1 med=41 max=56,4
stillstand,EDDY,absdz,n=23 min=0 med=3 max=11,7
stillstand,EDDY,absdz beim gehbeginn,n=23 min=0 med=6 max=42,7
stillstand,EDDY,bis_angriff rang 10,n=4 min=21 med=21 max=21,3
stillstand,EDDY,bis_angriff rang 11,n=5 min=21 med=21 max=21,2
stillstand,EDDY,bis_angriff rang 12,n=1 min=17 med=17 max=17,1
stillstand,EDDY,bis_angriff rang 15,n=1 min=17 med=17 max=17,1
stillstand,EDDY,bis_angriff rang 17,n=1 min=13 med=13 max=13,1
stillstand,EDDY,bis_angriff rang 18,n=1 min=13 med=13 max=13,1
stillstand,EDDY,bis_angriff rang 9,n=3 min=21 med=21 max=21,2
stillstand,WOOKY,absdx (tempo normal, von links),n=5 min=15 med=43 max=47,3
stillstand,WOOKY,absdx (tempo schnell, von links),n=12 min=6 med=55 max=56,4
stillstand,WOOKY,absdx (tempo schnell, von rechts),n=2 min=56 med=56.5 max=57,1
stillstand,WOOKY,absdx (von links),n=41 min=0 med=43 max=56,6
stillstand,WOOKY,absdx (von rechts),n=16 min=2 med=25.5 max=57,2
stillstand,WOOKY,absdz,n=57 min=0 med=3 max=11,6
stillstand,WOOKY,absdz beim gehbeginn,n=57 min=0 med=5 max=24,6
stillstand,WOOKY,bis_angriff rang 10,n=5 min=21 med=21 max=21,4
stillstand,WOOKY,bis_angriff rang 11,n=6 min=21 med=21 max=21,5
stillstand,WOOKY,bis_angriff rang 12,n=5 min=17 med=17 max=17,2
stillstand,WOOKY,bis_angriff rang 13,n=1 min=17 med=17 max=17,1
stillstand,WOOKY,bis_angriff rang 14,n=1 min=17 med=17 max=17,1
stillstand,WOOKY,bis_angriff rang 15,n=2 min=17 med=17 max=17,1
stillstand,WOOKY,bis_angriff rang 16,n=3 min=13 med=13 max=13,1
stillstand,WOOKY,bis_angriff rang 18,n=2 min=13 med=13 max=13,1
stillstand,WOOKY,bis_angriff rang 19,n=2 min=13 med=13 max=13,1
stillstand,WOOKY,bis_angriff rang 20,n=3 min=9 med=9 max=9,1
stillstand,WOOKY,bis_angriff rang 8,n=2 min=21 med=21 max=21,2
stillstand,WOOKY,bis_angriff rang 9,n=6 min=21 med=21 max=21,4
# messen_verhalten.py uebergaenge (a_*, r_*: ein Gegner, Figur passiv)
typ,von,nach,anzahl,dauer_von,absdx_beim_wechsel,absdz_beim_wechsel,figur_status
EDDY,abwarten,gehen:annaehern,9,n=9 min=30 med=90 max=120,n=9 min=113 med=128 max=187,n=9 min=3 med=18 max=22,1:8 2:1
EDDY,abwarten,gehen:seitlich,5,n=5 min=30 med=90 max=120,n=5 min=55 med=85 max=128,n=5 min=1 med=3 max=22,3:2 1:2 2:1
EDDY,abwarten,gehen:zurueckweichen,2,n=2 min=120 med=120 max=120,n=2 min=120 med=120 max=120,n=2 min=3 med=4 max=5,1:2
EDDY,abwarten,gehen:seitenwechsel,2,n=2 min=60 med=90 max=120,n=2 min=113 med=124.5 max=136,n=2 min=4 med=13.5 max=23,1:2
EDDY,angriff,erholung,185,n=185 min=19 med=26 max=60,n=185 min=1 med=46 max=125,n=185 min=0 med=4 max=11,3:116 2:46 1:23
EDDY,angriff,gehen:zurueckweichen,3,n=3 min=15 med=15 max=26,n=3 min=43 med=43 max=81,n=3 min=4 med=9 max=9,2:3
EDDY,angriff,gehen:seitlich,2,n=2 min=23 med=23 max=23,n=2 min=13 med=13 max=13,n=2 min=6 med=6 max=6,2:2
EDDY,aufstehen,gehen:annaehern,12,n=12 min=3 med=3 max=17,n=12 min=62 med=105 max=105,n=12 min=0 med=0 max=16,1:12
EDDY,erholung,kampfhaltung,124,n=124 min=12 med=16 max=31,n=124 min=1 med=46 max=56,n=124 min=0 med=6 max=11,1:124
EDDY,erholung,gehen:seitenwechsel,23,n=23 min=1 med=27 max=32,n=23 min=21 med=67 max=123,n=23 min=0 med=3 max=11,2:22 1:1
EDDY,erholung,gehen:annaehern,23,n=23 min=1 med=3 max=32,n=23 min=52 med=82 max=125,n=23 min=0 med=1 max=11,2:15 1:8
EDDY,erholung,gehen:zurueckweichen,8,n=8 min=1 med=3 max=30,n=8 min=38 med=45.5 max=63,n=8 min=0 med=1 max=11,2:8
EDDY,erholung,gehen:seitlich,4,n=4 min=1 med=2 max=29,n=4 min=7 med=49 max=83,n=4 min=0 med=9 max=10,2:3 1:1
EDDY,gehen:annaehern,kampfhaltung,44,n=44 min=10 med=34 max=125,n=44 min=1 med=47 max=56,n=44 min=0 med=1 max=11,1:35 3:9
EDDY,gehen:annaehern,spott,20,n=20 min=40 med=40 max=201,n=20 min=1 med=47 max=145,n=20 min=7 med=16.5 max=76,2:9 1:8 3:3
EDDY,gehen:seitenwechsel,spott,27,n=27 min=40 med=80 max=280,n=27 min=3 med=25 max=124,n=27 min=1 med=19 max=46,1:13 3:9 2:5
EDDY,gehen:seitenwechsel,kampfhaltung,15,n=15 min=33 med=47 max=136,n=15 min=12 med=37 max=56,n=15 min=4 med=8 max=11,3:10 1:5
EDDY,gehen:seitlich,kampfhaltung,7,n=7 min=1 med=8 max=102,n=7 min=7 med=13 max=48,n=7 min=1 med=9 max=10,3:4 1:3
EDDY,gehen:seitlich,abwarten,5,n=5 min=7 med=18 max=45,n=5 min=122 med=128 max=136,n=5 min=4 med=18 max=22,1:4 3:1
EDDY,gehen:seitlich,spott,4,n=4 min=40 med=40 max=40,n=4 min=21 med=95.5 max=119,n=4 min=0 med=2 max=9,2:3 1:1
EDDY,gehen:zurueckweichen,spott,14,n=14 min=40 med=40 max=80,n=14 min=70 med=93.5 max=155,n=14 min=1 med=11 max=25,1:9 2:4 3:1
EDDY,gehen:zurueckweichen,abwarten,13,n=13 min=9 med=34 max=72,n=13 min=113 med=120 max=128,n=13 min=3 med=5 max=23,2:8 1:5
EDDY,kampfhaltung,angriff,193,n=193 min=5 med=17 max=26,n=193 min=1 med=46 max=56,n=193 min=0 med=6 max=11,1:161 3:30 2:2
EDDY,kampfhaltung,abwarten,2,n=2 min=60 med=75 max=90,n=2 min=55 med=55.5 max=56,n=2 min=1 med=2 max=3,1:1 3:1
EDDY,spott,gehen:annaehern,20,n=20 min=30 med=90 max=120,n=20 min=51 med=89.5 max=124,n=20 min=0 med=9 max=45,1:12 3:4 2:4
EDDY,spott,gehen:seitenwechsel,16,n=16 min=30 med=60 max=120,n=16 min=2 med=20 max=100,n=16 min=9 med=19 max=76,1:9 2:6 3:1
EDDY,spott,gehen:zurueckweichen,15,n=15 min=30 med=60 max=120,n=15 min=1 med=25 max=107,n=15 min=9 med=29 max=46,1:12 2:2 3:1
EDDY,spott,gehen:seitlich,6,n=6 min=9 med=60 max=90,n=6 min=13 med=125 max=145,n=6 min=1 med=17.5 max=21,1:4 3:2
EDDY,spott,kampfhaltung,5,n=5 min=2 med=11 max=22,n=5 min=3 med=21 max=43,n=5 min=1 med=8 max=10,3:5
WOOKY,abwarten,gehen:annaehern,28,n=28 min=50 med=110 max=140,n=28 min=55 med=128 max=209,n=28 min=1 med=12 max=29,1:18 2:6 3:4
WOOKY,abwarten,gehen:zurueckweichen,23,n=23 min=50 med=110 max=140,n=23 min=112 med=121 max=127,n=23 min=3 med=5 max=23,1:20 2:3
WOOKY,abwarten,gehen:seitlich,17,n=17 min=50 med=110 max=140,n=17 min=55 med=122 max=155,n=17 min=0 med=5 max=21,1:11 3:3 2:3
WOOKY,abwarten,gehen:seitenwechsel,9,n=9 min=50 med=110 max=110,n=9 min=76 med=126 max=127,n=9 min=5 med=5 max=23,1:7 2:2
WOOKY,angriff,erholung,133,n=133 min=14 med=26 max=33,n=133 min=1 med=46 max=56,n=133 min=0 med=3 max=11,3:128 1:5
WOOKY,angriff,gehen:zurueckweichen,33,n=33 min=8 med=17 max=17,n=33 min=1 med=46 max=55,n=33 min=1 med=8 max=11,2:33
WOOKY,angriff,gehen:seitenwechsel,11,n=11 min=16 med=17 max=17,n=11 min=1 med=46 max=55,n=11 min=1 med=3 max=11,2:11
WOOKY,angriff,gehen:seitlich,2,n=2 min=16 med=16.5 max=17,n=2 min=47 med=51 max=55,n=2 min=1 med=6 max=11,2:2
WOOKY,angriff,gehen:annaehern,2,n=2 min=17 med=17 max=17,n=2 min=47 med=47 max=47,n=2 min=10 med=10 max=10,2:2
WOOKY,aufstehen,gehen:annaehern,9,n=9 min=17 med=17 max=17,n=9 min=142 med=183 max=183,n=9 min=16 med=16 max=66,3:6 1:2 2:1
WOOKY,erholung,kampfhaltung,115,n=115 min=12 med=17 max=31,n=115 min=1 med=46 max=56,n=115 min=0 med=3 max=11,1:114 3:1
WOOKY,erholung,angriff,17,n=17 min=23 med=32 max=37,n=17 min=1 med=54 max=55,n=17 min=1 med=3 max=11,1:14 3:3
WOOKY,gehen:annaehern,kampfhaltung,45,n=45 min=7 med=41 max=230,n=45 min=1 med=46 max=56,n=45 min=0 med=3 max=11,1:41 3:4
WOOKY,gehen:annaehern,spott,32,n=32 min=21 med=40 max=80,n=32 min=3 med=68 max=141,n=32 min=1 med=36 max=79,1:18 2:9 3:5
WOOKY,gehen:annaehern,abwarten,21,n=21 min=11 med=50 max=93,n=21 min=112 med=127 max=136,n=21 min=1 med=5 max=22,1:16 2:3 3:2
WOOKY,gehen:seitenwechsel,spott,24,n=24 min=40 med=80 max=200,n=24 min=3 med=47 max=83,n=24 min=4 med=17 max=55,2:11 1:7 3:6
WOOKY,gehen:seitenwechsel,abwarten,12,n=12 min=62 med=110 max=112,n=12 min=112 med=121 max=121,n=12 min=2 med=4 max=21,1:10 2:2
WOOKY,gehen:seitenwechsel,kampfhaltung,6,n=6 min=13 med=56.5 max=222,n=6 min=1 med=27 max=55,n=6 min=1 med=10.5 max=11,1:6
WOOKY,gehen:seitlich,abwarten,26,n=26 min=2 med=22 max=67,n=26 min=112 med=125.5 max=128,n=26 min=2 med=18 max=29,1:19 3:5 2:2
WOOKY,gehen:seitlich,spott,18,n=18 min=1 med=30 max=80,n=18 min=43 med=88 max=147,n=18 min=4 med=13 max=54,1:11 2:5 3:2
WOOKY,gehen:seitlich,kampfhaltung,8,n=8 min=1 med=5.5 max=87,n=8 min=33 med=47 max=56,n=8 min=0 med=1 max=11,1:6 3:2
WOOKY,gehen:zurueckweichen,spott,47,n=47 min=40 med=40 max=160,n=47 min=33 med=105 max=222,n=47 min=1 med=18 max=93,2:30 1:12 3:5
WOOKY,gehen:zurueckweichen,abwarten,22,n=22 min=9 med=57 max=83,n=22 min=112 med=121.5 max=136,n=22 min=1 med=6 max=27,1:12 2:8 3:2
WOOKY,kampfhaltung,angriff,166,n=166 min=5 med=17 max=26,n=166 min=1 med=46 max=56,n=166 min=0 med=3 max=11,1:155 3:11
WOOKY,kampfhaltung,gehen:seitlich,4,n=4 min=80 med=95 max=140,n=4 min=55 med=55.5 max=56,n=4 min=3 med=3 max=4,1:4
WOOKY,kampfhaltung,gehen:annaehern,3,n=3 min=15 med=80 max=140,n=3 min=56 med=82 max=189,n=3 min=0 med=1 max=2,2:3
WOOKY,kampfhaltung,abwarten,3,n=3 min=80 med=80 max=110,n=3 min=55 med=55 max=55,n=3 min=0 med=1 max=3,1:3
WOOKY,lauert,aufstehen,9,n=9 min=12 med=529 max=577,n=9 min=50 med=183 max=183,n=9 min=4 med=16 max=64,2:7 1:2
WOOKY,liegt,aufstehen,2,n=2 min=47 med=51.5 max=56,n=2 min=144 med=144 max=144,n=2 min=66 med=66 max=66,3:1 2:1
WOOKY,spott,gehen:annaehern,42,n=42 min=50 med=110 max=140,n=42 min=69 med=115 max=222,n=42 min=1 med=8.5 max=93,1:34 2:5 3:3
WOOKY,spott,gehen:seitenwechsel,27,n=27 min=50 med=80 max=140,n=27 min=12 med=67 max=133,n=27 min=12 med=39 max=79,1:24 2:2 3:1
WOOKY,spott,gehen:zurueckweichen,22,n=22 min=50 med=110 max=140,n=22 min=3 med=49 max=98,n=22 min=5 med=22.5 max=55,1:14 2:4 3:4
WOOKY,spott,gehen:seitlich,22,n=22 min=31 med=110 max=140,n=22 min=9 med=122 max=136,n=22 min=1 med=19 max=58,1:11 3:7 2:4
WOOKY,spott,kampfhaltung,2,n=2 min=6 med=40 max=74,n=2 min=12 med=15.5 max=19,n=2 min=4 med=5.5 max=7,3:2
# messen_verhalten.py uebergaenge (c_*: Gruppen)
typ,von,nach,anzahl,dauer_von,absdx_beim_wechsel,absdz_beim_wechsel,figur_status
EDDY,abwarten,gehen:annaehern,7,n=7 min=30 med=120 max=120,n=7 min=53 med=128 max=218,n=7 min=4 med=6 max=22,1:4 2:3
EDDY,abwarten,gehen:zurueckweichen,4,n=4 min=30 med=120 max=120,n=4 min=71 med=120.5 max=121,n=4 min=2 med=11.5 max=19,1:3 2:1
EDDY,abwarten,gehen:seitlich,2,n=2 min=60 med=75 max=90,n=2 min=122 med=122.5 max=123,n=2 min=4 med=5 max=6,1:1 3:1
EDDY,angriff,erholung,26,n=26 min=26 med=46 max=53,n=26 min=3 med=56 max=215,n=26 min=0 med=3 max=11,3:11 2:10 1:5
EDDY,erholung,kampfhaltung,9,n=9 min=12 med=27 max=31,n=9 min=3 med=20 max=56,n=9 min=0 med=3 max=11,1:6 3:3
EDDY,erholung,gehen:zurueckweichen,6,n=6 min=1 med=1 max=2,n=6 min=4 med=72 max=107,n=6 min=1 med=3 max=11,2:4 1:2
EDDY,erholung,gehen:annaehern,5,n=5 min=1 med=1 max=1,n=5 min=80 med=116 max=215,n=5 min=0 med=6 max=10,1:2 3:2 2:1
EDDY,erholung,gehen:seitlich,3,n=3 min=1 med=1 max=27,n=3 min=56 med=80 max=101,n=3 min=0 med=2 max=6,2:2 1:1
EDDY,erholung,gehen:seitenwechsel,3,n=3 min=25 med=27 max=30,n=3 min=16 med=63 max=66,n=3 min=0 med=3 max=11,2:3
EDDY,gehen:annaehern,kampfhaltung,11,n=11 min=11 med=36 max=107,n=11 min=13 med=48 max=56,n=11 min=0 med=3 max=11,1:8 3:3
EDDY,gehen:annaehern,spott,11,n=11 min=40 med=40 max=80,n=11 min=4 med=88 max=163,n=11 min=4 med=16 max=54,2:5 1:4 3:2
EDDY,gehen:annaehern,abwarten,5,n=5 min=19 med=47 max=51,n=5 min=113 med=123 max=136,n=5 min=4 med=6 max=22,1:2 3:2 2:1
EDDY,gehen:seitenwechsel,kampfhaltung,7,n=7 min=25 med=53 max=184,n=7 min=3 med=19 max=25,n=7 min=0 med=8 max=11,3:5 1:2
EDDY,gehen:seitenwechsel,spott,4,n=4 min=40 med=68.5 max=138,n=4 min=35 med=54 max=107,n=4 min=2 med=7 max=23,1:2 3:1 2:1
EDDY,gehen:seitlich,abwarten,2,n=2 min=28 med=35.5 max=43,n=2 min=121 med=124 max=127,n=2 min=4 med=11.5 max=19,1:2
EDDY,gehen:seitlich,kampfhaltung,2,n=2 min=2 med=33 max=64,n=2 min=46 med=49.5 max=53,n=2 min=3 med=6.5 max=10,1:1 2:1
EDDY,gehen:seitlich,spott,2,n=2 min=40 med=40 max=40,n=2 min=61 med=85.5 max=110,n=2 min=19 med=19.5 max=20,1:1 3:1
EDDY,gehen:zurueckweichen,spott,7,n=7 min=40 med=40 max=80,n=7 min=93 med=109 max=167,n=7 min=5 med=15 max=22,2:3 1:2 3:2
EDDY,gehen:zurueckweichen,abwarten,6,n=6 min=10 med=43 max=83,n=6 min=120 med=120.5 max=136,n=6 min=2 med=5.5 max=19,1:3 2:2 3:1
EDDY,kampfhaltung,angriff,27,n=27 min=17 med=17 max=22,n=27 min=3 med=31 max=58,n=27 min=0 med=3 max=11,1:14 3:10 2:3
EDDY,lauert,aufstehen,3,n=3 min=106 med=395 max=439,n=3 min=60 med=60 max=77,n=3 min=16 med=32 max=42,2:2 1:1
EDDY,spott,gehen:annaehern,12,n=12 min=30 med=75 max=120,n=12 min=58 med=127.5 max=226,n=12 min=4 med=14 max=54,3:7 1:4 2:1
EDDY,spott,gehen:zurueckweichen,6,n=6 min=30 med=75 max=120,n=6 min=15 med=69 max=105,n=6 min=2 med=15.5 max=22,3:3 2:2 1:1
EDDY,spott,gehen:seitenwechsel,3,n=3 min=30 med=90 max=90,n=3 min=18 med=40 max=62,n=3 min=4 med=23 max=28,2:2 1:1
EDDY,spott,gehen:seitlich,2,n=2 min=30 med=45 max=60,n=2 min=48 med=54.5 max=61,n=2 min=10 med=14.5 max=19,1:1 3:1
WOOKY,abwarten,gehen:annaehern,21,n=21 min=50 med=110 max=140,n=21 min=99 med=135 max=213,n=21 min=1 med=18 max=23,3:9 1:8 2:4
WOOKY,abwarten,gehen:seitlich,10,n=10 min=80 med=125 max=140,n=10 min=54 med=122 max=131,n=10 min=0 med=5.5 max=19,1:5 2:3 3:2
WOOKY,abwarten,gehen:seitenwechsel,6,n=6 min=50 med=50 max=110,n=6 min=14 med=121.5 max=135,n=6 min=1 med=12 max=21,3:3 2:2 1:1
WOOKY,abwarten,gehen:zurueckweichen,5,n=5 min=50 med=110 max=140,n=5 min=0 med=112 max=121,n=5 min=1 med=4 max=22,2:3 1:1 3:1
WOOKY,angriff,erholung,71,n=71 min=14 med=26 max=33,n=71 min=1 med=47 max=56,n=71 min=0 med=5 max=11,3:66 1:5
WOOKY,angriff,gehen:zurueckweichen,16,n=16 min=4 med=16 max=17,n=16 min=13 med=47 max=56,n=16 min=0 med=3 max=11,2:16
WOOKY,angriff,gehen:seitlich,3,n=3 min=16 med=16 max=17,n=3 min=39 med=48 max=48,n=3 min=2 med=4 max=7,2:3
WOOKY,angriff,gehen:seitenwechsel,3,n=3 min=4 med=17 max=17,n=3 min=1 med=5 max=47,n=3 min=7 med=9 max=10,2:3
WOOKY,aufstehen,gehen:annaehern,5,n=5 min=17 med=17 max=17,n=5 min=62 med=115 max=157,n=5 min=4 med=32 max=58,2:3 3:1 1:1
WOOKY,aufstehen,gehen:seitenwechsel,2,n=2 min=17 med=17 max=17,n=2 min=34 med=34 max=34,n=2 min=30 med=30 max=30,2:2
WOOKY,erholung,kampfhaltung,56,n=56 min=12 med=16 max=31,n=56 min=1 med=47 max=56,n=56 min=0 med=5 max=11,1:43 3:13
WOOKY,erholung,angriff,12,n=12 min=31 med=33 max=38,n=12 min=1 med=47 max=56,n=12 min=0 med=5 max=11,1:10 3:2
WOOKY,erholung,gehen:zurueckweichen,2,n=2 min=12 med=14.5 max=17,n=2 min=24 med=26 max=28,n=2 min=10 med=10 max=10,2:2
WOOKY,gehen:annaehern,kampfhaltung,21,n=21 min=10 med=68 max=129,n=21 min=1 med=55 max=56,n=21 min=0 med=3 max=10,1:15 3:6
WOOKY,gehen:annaehern,spott,21,n=21 min=19 med=40 max=160,n=21 min=1 med=52 max=141,n=21 min=2 med=19 max=42,1:12 2:7 3:2
WOOKY,gehen:annaehern,abwarten,9,n=9 min=27 med=52 max=152,n=9 min=54 med=125 max=136,n=9 min=1 med=18 max=23,1:5 2:3 3:1
WOOKY,gehen:seitenwechsel,spott,18,n=18 min=40 med=40 max=161,n=18 min=3 med=42 max=129,n=18 min=1 med=20.5 max=34,2:10 1:7 3:1
WOOKY,gehen:seitenwechsel,kampfhaltung,5,n=5 min=45 med=76 max=181,n=5 min=18 med=24 max=48,n=5 min=2 med=8 max=10,1:3 3:2
WOOKY,gehen:seitenwechsel,abwarten,5,n=5 min=102 med=104 max=286,n=5 min=120 med=121 max=123,n=5 min=0 med=5 max=6,2:3 3:1 1:1
WOOKY,gehen:seitlich,kampfhaltung,9,n=9 min=1 med=3 max=42,n=9 min=17 med=47 max=55,n=9 min=1 med=5 max=11,3:5 1:4
WOOKY,gehen:seitlich,abwarten,8,n=8 min=11 med=49 max=141,n=8 min=119 med=127.5 max=135,n=8 min=1 med=19.5 max=21,2:4 1:2 3:2
WOOKY,gehen:seitlich,spott,4,n=4 min=2 med=80 max=80,n=4 min=37 med=46 max=84,n=4 min=2 med=12.5 max=19,2:3 3:1
WOOKY,gehen:zurueckweichen,abwarten,21,n=21 min=12 med=45 max=200,n=21 min=109 med=121 max=136,n=21 min=1 med=6 max=23,2:13 1:5 3:3
WOOKY,gehen:zurueckweichen,spott,16,n=16 min=40 med=40 max=80,n=16 min=26 med=111.5 max=177,n=16 min=1 med=7.5 max=28,2:10 1:4 3:2
WOOKY,kampfhaltung,angriff,83,n=83 min=17 med=17 max=22,n=83 min=1 med=47 max=56,n=83 min=0 med=5 max=11,1:52 3:31
WOOKY,kampfhaltung,gehen:zurueckweichen,3,n=3 min=1 med=5 max=6,n=3 min=17 med=56 max=56,n=3 min=1 med=1 max=5,2:3
WOOKY,kampfhaltung,gehen:seitenwechsel,2,n=2 min=7 med=10 max=13,n=2 min=47 med=50.5 max=54,n=2 min=1 med=4.5 max=8,2:2
WOOKY,kampfhaltung,gehen:annaehern,2,n=2 min=80 med=80 max=80,n=2 min=82 med=130.5 max=179,n=2 min=2 med=4 max=6,2:2
WOOKY,lauert,aufstehen,3,n=3 min=71 med=71 max=86,n=3 min=115 med=140 max=157,n=3 min=32 med=48 max=58,2:2 1:1
WOOKY,lauert,gehen:annaehern,3,n=3 min=153 med=183 max=543,n=3 min=153 med=158 max=158,n=3 min=13 med=16 max=16,1:3
WOOKY,liegt,aufstehen,4,n=4 min=47 med=51.5 max=56,n=4 min=34 med=48 max=62,n=4 min=4 med=17 max=30,2:4
WOOKY,spott,gehen:seitenwechsel,17,n=17 min=50 med=110 max=140,n=17 min=1 med=43 max=183,n=17 min=5 med=19 max=42,1:11 2:5 3:1
WOOKY,spott,gehen:annaehern,17,n=17 min=50 med=110 max=140,n=17 min=37 med=127 max=217,n=17 min=1 med=7 max=28,2:8 1:7 3:2
WOOKY,spott,gehen:zurueckweichen,14,n=14 min=50 med=110 max=140,n=14 min=3 med=40 max=207,n=14 min=8 med=21 max=42,1:7 2:5 3:2
WOOKY,spott,gehen:seitlich,10,n=10 min=34 med=73 max=140,n=10 min=17 med=47.5 max=134,n=10 min=2 med=6 max=30,3:7 1:3
# messen_verhalten.py dauern (a_*, r_*, c_*)
typ,zustand,dauer,haeufigste_werte
EDDY,abwarten,n=31 min=30 med=90 max=120,120:14 90:7 60:5 30:5
EDDY,angriff,n=218 min=15 med=26 max=60,26:120 33:41 53:28 46:19 19:2 23:2 15:2 31:1
EDDY,aufstehen,n=17 min=3 med=3 max=17,3:12 17:5
EDDY,erholung,n=208 min=1 med=16 max=32,1:26 15:25 30:20 3:20 16:18 14:15 25:10 24:10
EDDY,gehen:annaehern,n=92 min=10 med=40 max=201,40:24 34:9 102:7 31:6 15:4 80:4 47:2 27:2
EDDY,gehen:seitenwechsel,n=56 min=25 med=57.5 max=280,40:10 120:9 33:5 47:5 51:2 80:2 57:2 112:2
EDDY,gehen:seitlich,n=28 min=1 med=18.5 max=102,40:6 10:2 1:2 102:2 3:1 18:1 36:1 15:1
EDDY,gehen:zurueckweichen,n=47 min=7 med=40 max=83,40:13 80:9 39:2 9:2 25:2 48:1 16:1 27:1
EDDY,kampfhaltung,n=224 min=5 med=17 max=90,17:73 21:36 9:20 13:18 18:15 22:12 10:12 5:11
EDDY,lauert,n=4 min=106 med=395 max=439,395:2 439:1 106:1
EDDY,spott,n=85 min=2 med=60 max=120,90:31 60:24 30:16 120:8 22:1 9:1 12:1 11:1
WOOKY,abwarten,n=119 min=50 med=110 max=140,110:40 140:30 80:26 50:23
WOOKY,angriff,n=277 min=4 med=26 max=33,26:135 17:39 21:36 16:26 19:20 14:9 33:3 8:3
WOOKY,aufstehen,n=18 min=17 med=17 max=17,17:18
WOOKY,erholung,n=205 min=11 med=17 max=38,17:41 15:30 13:22 31:17 14:17 16:15 12:8 32:7
WOOKY,gehen:annaehern,n=150 min=7 med=41 max=230,40:34 39:13 80:13 41:10 62:6 50:4 27:3 73:3
WOOKY,gehen:seitenwechsel,n=83 min=13 med=80 max=286,40:21 80:13 124:6 110:6 120:4 62:3 161:2 96:2
WOOKY,gehen:seitlich,n=77 min=1 med=22 max=141,1:10 80:7 22:7 2:6 30:6 5:5 40:5 4:4
WOOKY,gehen:zurueckweichen,n=117 min=9 med=40 max=246,40:52 80:8 18:6 66:4 30:4 83:2 27:2 78:2
WOOKY,getroffen,n=1 min=50 med=50 max=50,50:1
WOOKY,kampfhaltung,n=268 min=1 med=17 max=140,17:99 21:68 9:24 13:17 5:12 22:11 80:8 18:8
WOOKY,lauert,n=16 min=12 med=168 max=577,71:3 577:2 553:2 12:1 26:1 382:1 529:1 183:1
WOOKY,liegt,n=7 min=47 med=56 max=57,47:3 56:3 57:1
WOOKY,sonst,n=2 min=5 med=5 max=5,5:2
WOOKY,spott,n=173 min=6 med=110 max=140,110:74 80:44 140:28 50:20 34:2 74:1 6:1 31:1
# messen_verhalten.py aktivitaet
lauf,frames,figur_liegt,figur_in_luft,angriffe_je_1000,absdx_median,anteil_absdx_bis_60,zustaende_naechster_gegner,je_1000_frame_1_3000,je_1000_ab_3001,wooky_je_1000,eddy_je_1000,eddy_je_1000_f1_3000,eddy_je_1000_ab_3001,eddy_allein_je_1000,anteil_frames_mehrere_gegner
verhalten_a_e1,2756,19%,0%,8.0,46.0,67%,gehen:28% angriff:24% spott:16% kampfhaltung:14% erholung:12% abwarten:5% aufstehen:0%,8.0,,,8.0,8.0,,8.0,0%
verhalten_a_e2,2905,21%,0%,6.9,47,66%,gehen:34% angriff:20% spott:17% kampfhaltung:11% erholung:11% abwarten:6% aufstehen:0%,6.9,,2.2,5.2,5.2,,,85%
verhalten_a_e3,3000,28%,0%,8.3,55.0,63%,gehen:29% spott:18% angriff:18% kampfhaltung:13% abwarten:11% erholung:11% aufstehen:1%,8.3,,3.7,5.7,5.7,,,80%
verhalten_a_e4,3000,34%,0%,8.7,27.0,87%,gehen:33% spott:23% angriff:18% kampfhaltung:12% erholung:12% abwarten:1% aufstehen:1%,8.7,,8.8,1.0,1.0,,,87%
verhalten_a_e5,2943,25%,0%,8.5,47,76%,angriff:28% gehen:27% kampfhaltung:18% erholung:13% spott:8% abwarten:5% aufstehen:0%,8.5,,,8.5,8.5,,8.5,0%
verhalten_a_w1,2944,12%,0%,4.1,62.0,50%,gehen:29% spott:22% abwarten:18% kampfhaltung:15% angriff:10% erholung:6%,4.1,,4.1,,,,,0%
verhalten_a_w2,2834,9%,0%,2.5,114.0,20%,abwarten:35% gehen:29% spott:22% angriff:6% kampfhaltung:5% erholung:3%,2.5,,2.5,,,,,0%
verhalten_a_w3,2965,8%,0%,3.7,98,39%,spott:28% abwarten:24% gehen:23% kampfhaltung:10% angriff:9% erholung:6%,3.7,,3.7,,,,,0%
verhalten_a_w4,3000,12%,0%,4.0,61.0,50%,gehen:44% spott:24% kampfhaltung:9% angriff:9% abwarten:7% erholung:6%,4.0,,4.0,,,,,0%
verhalten_a_w5,3000,24%,0%,8.3,47.0,71%,gehen:28% kampfhaltung:18% angriff:17% spott:14% abwarten:14% erholung:10% aufstehen:1%,8.3,,7.0,2.1,2.1,,,65%
verhalten_r_e_12,1500,16%,0%,9.3,46.0,81%,angriff:26% gehen:24% spott:18% kampfhaltung:16% erholung:15% aufstehen:0%,9.3,,,9.3,9.3,,9.3,0%
verhalten_r_e_16,1500,40%,0%,10.7,46.0,75%,gehen:36% angriff:30% erholung:18% kampfhaltung:12% spott:5% aufstehen:0%,10.7,,3.3,8.7,8.7,,10.4,62%
verhalten_r_e_19,1500,40%,0%,10.7,46.0,75%,gehen:36% angriff:30% erholung:18% kampfhaltung:12% spott:5% aufstehen:0%,10.7,,3.3,8.7,8.7,,10.4,62%
verhalten_r_e_20,1500,40%,0%,14.7,47.0,76%,gehen:32% angriff:31% erholung:19% kampfhaltung:10% abwarten:6% spott:2% aufstehen:0%,14.7,,6.3,10.7,10.7,,10.8,63%
verhalten_r_e_23,1500,40%,0%,14.7,47.0,76%,gehen:32% angriff:31% erholung:19% kampfhaltung:10% abwarten:6% spott:2% aufstehen:0%,14.7,,6.3,10.7,10.7,,10.8,63%
verhalten_r_e_24,1500,32%,0%,13.3,55.0,73%,angriff:34% gehen:34% erholung:18% kampfhaltung:10% spott:4% abwarten:1% aufstehen:0%,13.3,,6.2,9.3,9.3,,11.3,65%
verhalten_r_e_7,1500,16%,0%,8.0,46.0,81%,gehen:24% angriff:23% kampfhaltung:20% spott:18% erholung:14% aufstehen:0%,8.0,,,8.0,8.0,,8.0,0%
verhalten_r_e_9,1500,16%,0%,8.7,46.0,81%,angriff:25% gehen:24% kampfhaltung:18% spott:18% erholung:14% aufstehen:0%,8.7,,,8.7,8.7,,8.7,0%
verhalten_r_w_12,1468,17%,0%,4.8,68.0,45%,spott:35% gehen:31% angriff:11% kampfhaltung:8% abwarten:8% erholung:6%,4.8,,4.8,,,,,0%
verhalten_r_w_16,1468,17%,0%,4.8,70.0,43%,spott:35% gehen:31% angriff:11% abwarten:9% erholung:6% kampfhaltung:6%,4.8,,4.8,,,,,0%
verhalten_r_w_19,1468,17%,0%,4.8,70.0,43%,spott:35% gehen:31% angriff:11% abwarten:9% erholung:6% kampfhaltung:6%,4.8,,4.8,,,,,0%
verhalten_r_w_20,1468,17%,0%,4.8,75.0,41%,spott:35% gehen:31% abwarten:11% angriff:11% erholung:6% kampfhaltung:4%,4.8,,4.8,,,,,0%
verhalten_r_w_23,1468,17%,0%,4.8,75.0,41%,spott:35% gehen:31% abwarten:11% angriff:11% erholung:6% kampfhaltung:4%,4.8,,4.8,,,,,0%
verhalten_r_w_24,1468,17%,0%,4.8,80.0,40%,spott:35% gehen:31% abwarten:13% angriff:11% erholung:6% kampfhaltung:2%,4.8,,4.8,,,,,0%
verhalten_r_w_7,1470,17%,0%,4.8,67.0,48%,gehen:35% spott:22% abwarten:13% kampfhaltung:12% angriff:11% erholung:6%,4.8,,4.8,,,,,0%
verhalten_r_w_9,1465,17%,0%,4.8,79,44%,spott:32% gehen:27% abwarten:13% angriff:11% kampfhaltung:10% erholung:6%,4.8,,4.8,,,,,0%
verhalten_c_hurt,3817,25%,0%,11.8,45,80%,gehen:31% spott:22% angriff:17% kampfhaltung:14% erholung:10% abwarten:5% aufstehen:0%,14.2,5.0,8.6,4.1,4.5,3.2,,74%
verhalten_c_hurt_b,3847,32%,0%,11.2,47,77%,gehen:34% angriff:18% spott:17% kampfhaltung:12% erholung:11% abwarten:7% aufstehen:0%,13.0,6.0,9.9,2.3,2.2,,,74%
verhalten_c_hurt_c,3207,38%,3%,10.6,43,79%,gehen:30% angriff:23% spott:16% kampfhaltung:15% erholung:13% getroffen:2% aufstehen:1% abwarten:0%,11.8,8.0,7.5,3.4,4.3,1.2,,77%
verhalten_b_weg_e,1500,32%,0%,9.3,44.0,68%,gehen:38% spott:21% angriff:19% kampfhaltung:13% erholung:9% aufstehen:0%,9.3,,6.7,2.7,2.7,,,99%
verhalten_b_weg_e2,1491,16%,0%,6.0,39,63%,gehen:42% angriff:24% spott:13% kampfhaltung:12% erholung:9% aufstehen:0%,6.0,,,6.0,6.0,,6.0,0%
verhalten_b_weg_r90_e,1000,35%,0%,11.0,18.0,73%,gehen:41% angriff:20% kampfhaltung:14% spott:12% abwarten:8% erholung:6% aufstehen:0%,11.0,,6.1,5.3,5.3,,,98%
verhalten_b_weg_r90_w,1000,24%,0%,6.0,56.0,61%,gehen:50% kampfhaltung:18% angriff:14% spott:11% erholung:4% aufstehen:2%,6.0,,5.0,1.7,1.7,,,74%
verhalten_b_weg_r_e,1500,32%,0%,14.0,44.0,82%,gehen:36% angriff:17% spott:16% kampfhaltung:14% erholung:13% getroffen:3% abwarten:0% aufstehen:0% sonst:0%,14.0,,12.8,1.4,1.4,,,99%
verhalten_b_weg_r_w,1500,16%,0%,16.0,19.0,80%,gehen:36% angriff:19% kampfhaltung:18% erholung:17% spott:7% abwarten:3% aufstehen:1%,16.0,,16.0,0.0,0.0,,,84%
verhalten_b_weg_t100_e,800,30%,0%,8.8,37.0,86%,gehen:37% angriff:19% kampfhaltung:18% spott:14% erholung:12% aufstehen:0%,8.8,,5.5,4.5,4.5,,,73%
verhalten_b_weg_t100_w,800,2%,0%,7.5,79.0,44%,gehen:37% angriff:17% kampfhaltung:14% abwarten:14% erholung:12% spott:6%,7.5,,7.5,,,,,0%
verhalten_b_weg_t10_e,800,15%,0%,5.0,51.0,59%,gehen:50% spott:21% angriff:11% erholung:8% kampfhaltung:7% abwarten:2% aufstehen:0%,5.0,,5.1,0.0,0.0,,,98%
verhalten_b_weg_t10_w,800,0%,0%,3.8,86.0,18%,gehen:36% spott:31% abwarten:14% angriff:8% kampfhaltung:8% erholung:3%,3.8,,3.8,,,,,0%
verhalten_b_weg_t40_e,800,30%,0%,10.0,43.0,75%,angriff:26% gehen:25% kampfhaltung:20% spott:17% erholung:12% aufstehen:0%,10.0,,6.3,5.5,5.5,,,66%
verhalten_b_weg_t40_w,800,0%,0%,3.8,86.0,21%,gehen:36% spott:31% abwarten:14% kampfhaltung:9% angriff:6% erholung:4%,3.8,,3.8,,,,,0%
verhalten_b_weg_t70_e,800,21%,0%,13.8,47.0,79%,gehen:33% kampfhaltung:26% angriff:23% erholung:18% aufstehen:0% spott:0%,13.8,,7.6,7.0,7.0,,,88%
verhalten_b_weg_t70_w,800,0%,0%,3.8,86.0,21%,gehen:36% spott:31% abwarten:14% kampfhaltung:8% angriff:7% erholung:4%,3.8,,3.8,,,,,0%
verhalten_b_weg_w,1449,8%,0%,3.5,86,30%,gehen:38% spott:30% abwarten:12% angriff:8% kampfhaltung:7% erholung:5%,3.5,,3.5,,,,,0%
verhalten_b_weg_w2,1500,4%,0%,2.7,110.0,38%,gehen:35% spott:29% abwarten:22% angriff:6% erholung:5% kampfhaltung:3%,2.7,,2.7,,,,,0%
verhalten_b_tiefe_e,1500,32%,0%,11.3,38.0,84%,gehen:35% angriff:25% kampfhaltung:18% erholung:13% getroffen:6% spott:3% sonst:1% aufstehen:0% abwarten:0%,11.3,,5.4,6.0,6.0,,,98%
verhalten_b_tiefe_e2,1497,16%,0%,5.3,47,62%,gehen:31% angriff:18% kampfhaltung:13% getroffen:12% erholung:8% abwarten:8% spott:7% sonst:2% aufstehen:0%,5.3,,,5.3,5.3,,5.3,0%
verhalten_b_tiefe_t100_e,500,24%,0%,4.0,88.0,43%,gehen:29% abwarten:24% angriff:16% spott:12% erholung:11% kampfhaltung:8% aufstehen:1%,4.0,,,4.0,4.0,,4.0,0%
verhalten_b_tiefe_t100_w,500,0%,0%,2.0,61.0,50%,spott:50% gehen:38% angriff:5% kampfhaltung:4% erholung:3%,2.0,,2.0,,,,,0%
verhalten_b_tiefe_t120_e,500,0%,0%,2.0,112.0,33%,abwarten:42% gehen:39% kampfhaltung:7% erholung:6% angriff:5% aufstehen:1%,2.0,,,2.0,2.0,,2.0,0%
verhalten_b_tiefe_t120_w,500,0%,0%,2.0,48.5,53%,spott:50% gehen:34% kampfhaltung:8% angriff:5% erholung:3%,2.0,,2.0,,,,,0%
verhalten_b_tiefe_t40_e,500,0%,0%,0.0,121.0,12%,abwarten:47% gehen:44% spott:6% kampfhaltung:3% aufstehen:1%,0.0,,,0.0,0.0,,0.0,0%
verhalten_b_tiefe_t40_w,500,0%,0%,2.0,56.0,59%,gehen:39% kampfhaltung:33% abwarten:17% erholung:6% angriff:5%,2.0,,2.0,,,,,0%
verhalten_b_tiefe_t48_e,500,0%,0%,0.0,121.0,14%,abwarten:45% gehen:44% spott:6% kampfhaltung:4% aufstehen:1%,0.0,,,0.0,0.0,,0.0,0%
verhalten_b_tiefe_t48_w,500,0%,0%,2.0,56.0,61%,gehen:39% kampfhaltung:34% abwarten:15% erholung:6% angriff:5%,2.0,,2.0,,,,,0%
verhalten_b_tiefe_t56_e,500,0%,0%,2.0,121.0,15%,gehen:44% abwarten:43% spott:6% kampfhaltung:4% angriff:2% aufstehen:1%,2.0,,,2.0,2.0,,2.0,0%
verhalten_b_tiefe_t56_w,500,0%,0%,2.0,56.0,63%,gehen:39% kampfhaltung:36% abwarten:14% erholung:6% angriff:5%,2.0,,2.0,,,,,0%
verhalten_b_tiefe_t64_e,500,24%,0%,8.0,47.0,79%,gehen:37% angriff:21% kampfhaltung:17% erholung:12% spott:12% aufstehen:1%,8.0,,,8.0,8.0,,8.0,0%
verhalten_b_tiefe_t64_w,500,0%,0%,4.0,56.0,64%,gehen:39% kampfhaltung:36% abwarten:12% angriff:6% erholung:6%,4.0,,4.0,,,,,0%
verhalten_b_tiefe_t72_e,500,24%,0%,8.0,47.0,79%,gehen:37% angriff:21% kampfhaltung:17% erholung:12% spott:12% aufstehen:1%,8.0,,,8.0,8.0,,8.0,0%
verhalten_b_tiefe_t72_w,500,24%,0%,8.0,50.5,54%,spott:28% gehen:24% angriff:19% kampfhaltung:17% erholung:12%,8.0,,8.0,,,,,0%
verhalten_b_tiefe_t80_e,500,24%,0%,8.0,47.0,79%,gehen:37% angriff:21% kampfhaltung:17% erholung:12% spott:12% aufstehen:1%,8.0,,,8.0,8.0,,8.0,0%
verhalten_b_tiefe_t80_w,500,0%,0%,2.0,62.5,49%,spott:50% gehen:38% angriff:5% kampfhaltung:4% erholung:2%,2.0,,2.0,,,,,0%
verhalten_b_tiefe_w,1494,8%,0%,10.7,17.0,87%,getroffen:24% angriff:22% kampfhaltung:21% erholung:12% spott:9% gehen:7% sonst:4%,10.7,,10.7,,,,,0%
verhalten_b_tiefe_w2,1500,24%,0%,7.3,66.0,48%,spott:24% gehen:21% angriff:17% kampfhaltung:13% abwarten:13% erholung:12%,7.3,,7.3,,,,,0%
verhalten_b_sprung_e,1500,27%,58%,4.0,64.0,46%,gehen:37% abwarten:22% spott:19% angriff:12% kampfhaltung:7% erholung:3% aufstehen:0%,4.0,,3.1,2.2,2.2,,0.0,54%
verhalten_b_sprung_e2,1005,30%,50%,5.0,56,52%,gehen:49% angriff:14% spott:12% abwarten:12% kampfhaltung:9% erholung:3% aufstehen:0%,5.0,,,5.0,5.0,,5.0,0%
verhalten_b_sprung_e3,1001,19%,78%,3.0,69,46%,gehen:49% spott:24% abwarten:12% angriff:9% kampfhaltung:5% erholung:0% aufstehen:0%,3.0,,,3.0,3.0,,3.0,0%
verhalten_b_sprung_w,1500,25%,37%,5.3,55.0,57%,gehen:39% spott:32% angriff:11% kampfhaltung:11% erholung:6%,5.3,,5.3,,,,,0%
verhalten_b_sprung_w2,1500,9%,53%,1.3,121.0,20%,abwarten:51% gehen:22% spott:15% kampfhaltung:8% angriff:3% erholung:2%,1.3,,1.3,,,,,0%
verhalten_b_sprung_w3,1500,21%,51%,2.7,121.0,22%,abwarten:45% gehen:26% spott:20% kampfhaltung:5% angriff:4% erholung:1%,2.7,,2.7,,,,,0%
# messen_verhalten.py weglauf (b_weg*, akt_* mit langem Rechtslauf)
lauf,von,bis,richtung,slot,typ,laufframes,gegner_gehen,gegner_vx_zur_figur,absdx_anfang,absdx_ende,absdx_min,absdx_max,angriffe,frames_bis_kampfhaltung_danach,absdx_dann,zustand_beim_start,gehframes_bis_halt
verhalten_b_weg_e,30,329,left,17,EDDY,101,83,0.380,47,190,47,191,1,175,47,kampfhaltung,120
verhalten_b_weg_e2,2,301,left,17,EDDY,100,40,1.706,107,211,107,211,0,294,26,aufstehen,40
verhalten_b_weg_r90_e,90,489,right,16,WOOKY,114,98,0.485,33,154,1,154,0,,,gehen,98
verhalten_b_weg_r90_w,90,489,right,18,WOOKY,325,180,1.876,56,237,56,348,0,,,kampfhaltung,120
verhalten_b_weg_r_e,30,429,right,17,EDDY,114,4,-1.732,110,313,110,313,0,,,gehen,4
verhalten_b_weg_r_w,30,429,right,18,WOOKY,387,337,1.885,108,75,0,137,0,34,9,gehen,323
verhalten_b_weg_t100_e,100,299,left,17,EDDY,101,83,1.579,47,91,47,114,1,18,53,kampfhaltung,100
verhalten_b_weg_t100_w,100,299,left,18,WOOKY,100,40,1.674,48,154,48,154,0,369,55,erholung,40
verhalten_b_weg_t10_e,10,209,left,17,EDDY,101,71,1.725,50,105,50,105,0,,,gehen,33
verhalten_b_weg_t10_w,10,209,left,18,WOOKY,100,40,1.696,48,153,48,153,1,566,55,kampfhaltung,40
verhalten_b_weg_t40_e,40,239,left,17,EDDY,101,80,1.728,47,84,47,84,0,52,43,angriff,80
verhalten_b_weg_t40_w,40,239,left,18,WOOKY,100,40,1.696,48,153,48,153,0,566,55,erholung,40
verhalten_b_weg_t70_e,70,269,left,17,EDDY,101,26,1.750,47,176,47,177,0,76,45,erholung,101
verhalten_b_weg_t70_w,70,269,left,18,WOOKY,100,40,1.696,48,153,48,153,1,566,55,kampfhaltung,40
verhalten_b_weg_w,30,329,left,18,WOOKY,100,40,1.696,48,153,48,153,0,566,55,erholung,40
verhalten_b_weg_w2,2,301,left,18,WOOKY,100,51,1.724,110,196,109,196,0,,,gehen,51
verhalten_akt_eingriff_e,301,500,right,17,EDDY,200,92,1.249,33,269,1,269,1,,,gehen,12
verhalten_akt_eingriff_w,301,500,right,18,WOOKY,139,92,-1.585,119,10,10,119,0,8,10,abwarten,92
verhalten_akt_gerade,61,460,right,18,WOOKY,277,277,1.462,149,81,1,149,0,13,55,gehen,289
verhalten_akt_spaet,601,1000,right,18,WOOKY,277,277,1.462,149,81,1,149,0,13,55,gehen,289
verhalten_akt_stage1,2,401,right,18,WOOKY,277,277,1.462,149,81,1,149,0,13,55,gehen,289
# messen_verhalten.py tiefe (b_tiefe*)
lauf,von,bis,eingabe,slot,typ,absdx,dz_vorher,dz_nachher,zustand_beginn,zustand_ende,reaktion,dz_bei_reaktion,wieder_bereit,angriffe_ausser_tiefe,griff,wertung,frame_absdz11,frame_absdz12,zustand_bei_12,kennung_bei_12,figur_frei_bis_12,gehen_ab,dz_bei_gehen,gehen_nach_12,aktiv_nach_12,naechster_angriff_nach_schritt,dz_beim_naechsten_angriff
verhalten_b_tiefe_e,30,49,up,17,EDDY,35,2,-16,kampfhaltung,gehen,angriff,,9,1,nein,ja,43,44,gehen,63746,ja,43,-11,-1,0,30,-10
verhalten_b_tiefe_e,150,169,down,17,EDDY,36,-10,-5,erholung,gehen,,,,1,nein,nein,,,,,,,,,,62,-6
verhalten_b_tiefe_e,270,289,down,17,EDDY,34,-6,14,kampfhaltung,gehen,18,12,79,1,nein,ja,287,288,gehen,63746,ja,288,12,0,0,100,0
verhalten_b_tiefe_e,390,409,up,17,EDDY,38,0,-9,angriff,angriff,,,0,1,nein,nein,,,,,,,,,,133,-16
verhalten_b_tiefe_e,510,529,up,17,EDDY,27,-9,-16,gehen,kampfhaltung,,,,1,nein,ja,525,526,kampfhaltung,636d4,nein,590,-16,64,14,13,-16
verhalten_b_tiefe_e,630,649,down,16,WOOKY,58,-3,8,gehen,gehen,,,4,0,nein,nein,,,,,,,,,,25,5
verhalten_b_tiefe_e,750,769,down,16,WOOKY,55,5,5,angriff,erholung,,,22,0,nein,nein,,,,,,,,,,22,5
verhalten_b_tiefe_e,870,889,up,17,EDDY,60,-16,-16,spott,spott,,,,0,nein,ja,870,870,spott,64764,nein,893,-16,23,0,52,-10
verhalten_b_tiefe_e,990,1009,up,17,EDDY,25,-10,-26,kampfhaltung,gehen,1,-11,,0,nein,ja,991,992,gehen,63746,ja,991,-11,-1,0,156,2
verhalten_b_tiefe_e,1110,1129,down,16,WOOKY,38,-10,8,erholung,kampfhaltung,,,0,0,nein,nein,,,,,,,,,,4,8
verhalten_b_tiefe_e,1230,1249,down,17,EDDY,116,1,1,gehen,gehen,,,,0,ja,nein,,,,,,,,,,92,10
verhalten_b_tiefe_e,1350,1369,up,17,EDDY,17,10,0,angriff,getroffen,,,59,0,ja,nein,,,,,,,,,,76,0
verhalten_b_tiefe_e,1470,1489,up,17,EDDY,17,0,0,erholung,getroffen,,,,0,ja,nein,,,,,,,,,,,
verhalten_b_tiefe_e2,60,79,up,17,EDDY,47,0,-8,angriff,angriff,,,0,0,nein,nein,,,,,,,,,,57,-8
verhalten_b_tiefe_e2,230,249,down,17,EDDY,47,-8,8,erholung,kampfhaltung,,,0,0,ja,nein,,,,,,,,,,10,8
verhalten_b_tiefe_e2,400,419,down,17,EDDY,17,-9,0,kampfhaltung,getroffen,1,-8,54,0,ja,nein,,,,,,,,,,75,0
verhalten_b_tiefe_e2,570,589,up,17,EDDY,17,0,0,kampfhaltung,getroffen,1,-1,54,0,ja,nein,,,,,,,,,,75,0
verhalten_b_tiefe_e2,740,759,up,17,EDDY,17,0,0,kampfhaltung,getroffen,1,-1,54,0,ja,nein,,,,,,,,,,71,0
verhalten_b_tiefe_e2,910,929,down,17,EDDY,31,-22,-23,gehen,gehen,,,,0,nein,ja,910,910,gehen,63860,nein,1093,15,183,0,424,11
verhalten_b_tiefe_e2,1080,1099,down,17,EDDY,113,2,27,spott,gehen,,,237,0,nein,ja,1089,1090,spott,6369a,ja,1093,15,3,0,254,11
verhalten_b_tiefe_e2,1250,1269,up,17,EDDY,69,44,23,gehen,gehen,,,67,0,nein,ja,1250,1250,gehen,6388c,ja,1401,11,151,0,84,11
verhalten_b_tiefe_e2,1420,1439,up,17,EDDY,139,-5,-42,gehen,gehen,,,,0,nein,ja,1423,1424,gehen,63830,ja,,,,0,,
verhalten_b_tiefe_t100_e,100,119,up,17,EDDY,34,0,-17,erholung,gehen,,,9,0,nein,ja,111,112,gehen,63746,ja,111,-11,-1,0,30,-10
verhalten_b_tiefe_t100_w,100,119,down,18,WOOKY,14,10,30,erholung,gehen,,,,0,nein,ja,101,102,gehen,5ed1c,ja,102,12,0,0,,
verhalten_b_tiefe_t120_e,120,139,up,17,EDDY,31,0,-20,kampfhaltung,gehen,11,-11,,0,nein,ja,131,132,gehen,63746,ja,131,-11,-1,0,,
verhalten_b_tiefe_t120_w,120,139,down,18,WOOKY,14,10,30,kampfhaltung,gehen,2,12,,0,nein,ja,121,122,gehen,5ed1c,ja,122,12,0,0,,
verhalten_b_tiefe_t40_e,40,59,up,17,EDDY,34,0,-24,kampfhaltung,gehen,11,-11,,0,nein,ja,51,52,gehen,63746,ja,51,-11,-1,0,,
verhalten_b_tiefe_t40_w,40,59,down,18,WOOKY,14,10,30,kampfhaltung,gehen,2,12,107,0,nein,ja,41,42,gehen,5ed1c,ja,42,12,0,0,128,3
verhalten_b_tiefe_t48_e,48,67,up,17,EDDY,34,0,-24,kampfhaltung,gehen,11,-11,,0,nein,ja,59,60,gehen,63746,ja,59,-11,-1,0,,
verhalten_b_tiefe_t48_w,48,67,down,18,WOOKY,14,10,30,kampfhaltung,gehen,2,12,107,0,nein,ja,49,50,gehen,5ed1c,ja,50,12,0,0,128,3
verhalten_b_tiefe_t56_e,56,75,up,17,EDDY,34,0,-24,kampfhaltung,gehen,angriff,,,0,nein,ja,67,68,gehen,63746,ja,67,-11,-1,0,,
verhalten_b_tiefe_t56_w,56,75,down,18,WOOKY,14,10,30,kampfhaltung,gehen,2,12,107,0,nein,ja,57,58,gehen,5ed1c,ja,58,12,0,0,128,3
verhalten_b_tiefe_t64_e,64,83,up,17,EDDY,47,0,-4,angriff,angriff,,,0,0,nein,nein,,,,,,,,,,53,-4
verhalten_b_tiefe_t64_w,64,83,down,18,WOOKY,14,10,30,angriff,gehen,,,107,0,nein,ja,65,66,gehen,5ed1c,ja,66,12,0,0,128,3
verhalten_b_tiefe_t72_e,72,91,up,17,EDDY,47,0,0,angriff,erholung,,,,0,nein,nein,,,,,,,,,,45,0
verhalten_b_tiefe_t72_w,72,91,down,18,WOOKY,46,10,10,angriff,erholung,,,,0,nein,nein,,,,,,,,,,31,10
verhalten_b_tiefe_t80_e,80,99,up,17,EDDY,47,0,-5,angriff,erholung,,,15,0,nein,nein,,,,,,,,,,37,-5
verhalten_b_tiefe_t80_w,80,99,down,18,WOOKY,44,10,13,angriff,gehen,,,,0,nein,ja,98,99,gehen,5ed1c,nein,99,12,0,0,,
verhalten_b_tiefe_w,30,49,up,18,WOOKY,46,10,10,angriff,erholung,,,,0,nein,nein,,,,,,,,,,31,10
verhalten_b_tiefe_w,200,219,down,18,WOOKY,115,4,3,gehen,spott,,,,0,nein,nein,,,,,,,,,,204,11
verhalten_b_tiefe_w,370,389,down,18,WOOKY,38,-1,15,gehen,gehen,,,13,0,ja,nein,384,385,gehen,5ed1c,ja,385,12,0,0,34,11
verhalten_b_tiefe_w,540,559,up,18,WOOKY,17,11,0,kampfhaltung,getroffen,1,10,55,0,ja,nein,540,,,,,,,,,76,0
verhalten_b_tiefe_w,710,729,up,18,WOOKY,17,0,0,angriff,getroffen,,,65,0,ja,nein,,,,,,,,,,86,0
verhalten_b_tiefe_w,880,899,down,18,WOOKY,17,0,0,angriff,getroffen,,,55,0,ja,nein,,,,,,,,,,76,0
verhalten_b_tiefe_w,1050,1069,down,18,WOOKY,17,0,0,erholung,getroffen,,,62,0,ja,nein,,,,,,,,,,79,0
verhalten_b_tiefe_w,1220,1239,up,18,WOOKY,17,0,0,angriff,getroffen,,,65,0,ja,nein,,,,,,,,,,82,0
verhalten_b_tiefe_w,1390,1409,up,18,WOOKY,17,0,0,angriff,getroffen,,,67,0,ja,nein,,,,,,,,,,84,0
verhalten_b_tiefe_w2,60,79,up,18,WOOKY,46,10,0,kampfhaltung,angriff,angriff,,0,0,nein,nein,,,,,,,,,,43,0
verhalten_b_tiefe_w2,200,219,down,18,WOOKY,64,0,-3,angriff,gehen,,,,0,nein,nein,,,,,,,,,,226,7
verhalten_b_tiefe_w2,340,359,down,18,WOOKY,115,-7,13,spott,spott,,,65,0,nein,ja,358,359,spott,5ec70,nein,384,13,25,0,86,7
verhalten_b_tiefe_w2,480,499,up,18,WOOKY,46,7,-11,erholung,gehen,,,9,0,nein,nein,500,501,gehen,5ed1c,nein,500,-11,-1,0,30,-10
verhalten_b_tiefe_w2,620,639,up,18,WOOKY,33,-10,-10,angriff,erholung,,,,0,nein,nein,,,,,,,,,,30,-10
verhalten_b_tiefe_w2,760,779,down,18,WOOKY,80,-5,9,gehen,gehen,,,,0,nein,nein,784,786,gehen,5ed1c,nein,901,14,115,0,471,-7
verhalten_b_tiefe_w2,900,919,down,18,WOOKY,112,13,33,spott,abwarten,,,314,0,nein,ja,900,900,spott,5fdf0,nein,901,14,1,0,331,-7
verhalten_b_tiefe_w2,1040,1059,up,18,WOOKY,123,33,10,abwarten,gehen,,,174,0,nein,nein,1040,1040,abwarten,5ecaa,ja,1053,20,13,0,191,-7
verhalten_b_tiefe_w2,1180,1199,up,18,WOOKY,94,-3,-16,spott,spott,,,34,0,nein,ja,1188,1189,spott,5fdf0,ja,1203,-16,14,0,51,-7
verhalten_b_tiefe_w2,1320,1339,down,18,WOOKY,44,-7,-7,angriff,erholung,,,,0,nein,nein,,,,,,,,,,27,-7
verhalten_b_tiefe_w2,1460,1479,down,18,WOOKY,121,0,0,abwarten,abwarten,,,,0,nein,nein,,,,,,,,,,,
# messen_verhalten.py sprung (b_sprung*)
lauf,absprung,landung,slot,typ,absdx_absprung,absdz,zustand_gegner,angriffsbeginne_in_luft,aktive_frames_in_luft,treffer_in_luft
verhalten_b_sprung_e,32,96,17,EDDY,46,2,kampfhaltung,1,12,1
verhalten_b_sprung_e,182,221,17,EDDY,64,2,spott,0,0,0
verhalten_b_sprung_e,232,271,17,EDDY,64,2,spott,0,0,0
verhalten_b_sprung_e,282,360,17,EDDY,47,2,kampfhaltung,1,44,1
verhalten_b_sprung_e,482,521,16,WOOKY,14,23,spott,0,0,0
verhalten_b_sprung_e,532,571,16,WOOKY,17,23,gehen,0,0,0
verhalten_b_sprung_e,582,621,17,EDDY,72,21,gehen,0,0,0
verhalten_b_sprung_e,632,671,17,EDDY,121,19,abwarten,0,0,0
verhalten_b_sprung_e,682,721,17,EDDY,150,27,gehen,0,0,0
verhalten_b_sprung_e,732,771,17,EDDY,154,15,spott,0,0,0
verhalten_b_sprung_e,782,821,17,EDDY,136,4,abwarten,0,0,0
verhalten_b_sprung_e,832,871,16,WOOKY,81,10,gehen,0,0,0
verhalten_b_sprung_e,882,921,17,EDDY,136,4,abwarten,0,0,0
verhalten_b_sprung_e,932,971,17,EDDY,125,18,abwarten,0,0,0
verhalten_b_sprung_e,982,1021,17,EDDY,125,18,abwarten,0,0,0
verhalten_b_sprung_e,1032,1071,17,EDDY,125,18,abwarten,0,0,0
verhalten_b_sprung_e,1082,1121,17,EDDY,62,23,gehen,0,0,0
verhalten_b_sprung_e,1132,1171,17,EDDY,29,23,gehen,0,0,0
verhalten_b_sprung_e,1182,1266,17,EDDY,50,17,gehen,1,49,1
verhalten_b_sprung_e,1382,1421,16,WOOKY,0,0,erholung,1,0,0
verhalten_b_sprung_e,1482,1500,16,WOOKY,0,0,angriff,0,8,1
verhalten_b_sprung_e2,42,120,17,EDDY,47,0,kampfhaltung,1,12,1
verhalten_b_sprung_e2,222,261,17,EDDY,13,21,gehen,0,0,0
verhalten_b_sprung_e2,282,321,17,EDDY,22,21,spott,0,0,0
verhalten_b_sprung_e2,342,381,17,EDDY,29,21,gehen,0,0,0
verhalten_b_sprung_e2,402,441,17,EDDY,90,21,spott,0,0,0
verhalten_b_sprung_e2,462,501,17,EDDY,112,21,abwarten,0,0,0
verhalten_b_sprung_e2,522,561,17,EDDY,112,21,abwarten,0,0,0
verhalten_b_sprung_e2,582,621,17,EDDY,127,7,gehen,0,0,0
verhalten_b_sprung_e2,642,715,17,EDDY,56,3,kampfhaltung,1,44,1
verhalten_b_sprung_e2,1062,1101,17,EDDY,82,8,gehen,0,0,0
verhalten_b_sprung_e2,1242,1281,17,EDDY,68,39,gehen,0,0,0
verhalten_b_sprung_e2,1302,1341,17,EDDY,65,29,gehen,0,0,0
verhalten_b_sprung_e2,1362,1439,17,EDDY,56,4,kampfhaltung,2,12,1
verhalten_b_sprung_e3,22,61,17,EDDY,73,0,gehen,1,0,0
verhalten_b_sprung_e3,67,115,17,EDDY,47,0,angriff,0,12,1
verhalten_b_sprung_e3,202,241,17,EDDY,121,6,spott,0,0,0
verhalten_b_sprung_e3,247,286,17,EDDY,121,6,spott,0,0,0
verhalten_b_sprung_e3,292,331,17,EDDY,45,13,gehen,0,0,0
verhalten_b_sprung_e3,337,376,17,EDDY,15,17,spott,0,0,0
verhalten_b_sprung_e3,382,421,17,EDDY,15,17,spott,0,0,0
verhalten_b_sprung_e3,427,466,17,EDDY,26,21,gehen,0,0,0
verhalten_b_sprung_e3,472,511,17,EDDY,8,21,spott,0,0,0
verhalten_b_sprung_e3,517,556,17,EDDY,58,21,gehen,0,0,0
verhalten_b_sprung_e3,562,601,17,EDDY,112,21,abwarten,0,0,0
verhalten_b_sprung_e3,607,646,17,EDDY,112,21,abwarten,0,0,0
verhalten_b_sprung_e3,652,691,17,EDDY,112,21,abwarten,0,0,0
verhalten_b_sprung_e3,697,736,17,EDDY,132,5,gehen,0,0,0
verhalten_b_sprung_e3,742,817,17,EDDY,54,1,kampfhaltung,1,44,1
verhalten_b_sprung_e3,1372,1411,17,EDDY,33,36,gehen,0,0,0
verhalten_b_sprung_e3,1417,1456,17,EDDY,67,29,gehen,0,0,0
verhalten_b_sprung_e3,1462,1500,17,EDDY,72,10,gehen,1,3,1
verhalten_b_sprung_w,152,202,18,WOOKY,46,10,angriff,0,8,1
verhalten_b_sprung_w,392,459,18,WOOKY,47,4,kampfhaltung,1,8,1
verhalten_b_sprung_w,572,611,18,WOOKY,61,4,spott,0,0,0
verhalten_b_sprung_w,632,671,18,WOOKY,79,21,spott,0,0,0
verhalten_b_sprung_w,692,731,18,WOOKY,79,21,spott,0,0,0
verhalten_b_sprung_w,752,791,18,WOOKY,67,52,gehen,0,0,0
verhalten_b_sprung_w,812,851,18,WOOKY,39,34,gehen,0,0,0
verhalten_b_sprung_w,872,911,18,WOOKY,88,3,gehen,1,0,0
verhalten_b_sprung_w,1172,1211,18,WOOKY,98,21,gehen,0,0,0
verhalten_b_sprung_w,1232,1271,18,WOOKY,3,21,gehen,0,0,0
verhalten_b_sprung_w,1292,1331,18,WOOKY,17,21,spott,0,0,0
verhalten_b_sprung_w,1352,1391,18,WOOKY,23,21,gehen,0,0,0
verhalten_b_sprung_w,1412,1451,18,WOOKY,62,11,spott,0,0,0
verhalten_b_sprung_w,1472,1500,18,WOOKY,48,25,gehen,0,0,0
verhalten_b_sprung_w2,42,122,18,WOOKY,46,10,kampfhaltung,1,8,1
verhalten_b_sprung_w2,202,241,18,WOOKY,136,1,abwarten,0,0,0
verhalten_b_sprung_w2,282,321,18,WOOKY,136,1,abwarten,0,0,0
verhalten_b_sprung_w2,362,401,18,WOOKY,121,19,abwarten,0,0,0
verhalten_b_sprung_w2,442,481,18,WOOKY,121,19,abwarten,0,0,0
verhalten_b_sprung_w2,522,561,18,WOOKY,151,12,spott,0,0,0
verhalten_b_sprung_w2,602,641,18,WOOKY,150,11,gehen,0,0,0
verhalten_b_sprung_w2,682,721,18,WOOKY,135,4,abwarten,0,0,0
verhalten_b_sprung_w2,762,801,18,WOOKY,131,2,gehen,0,0,0
verhalten_b_sprung_w2,842,881,18,WOOKY,125,18,abwarten,0,0,0
verhalten_b_sprung_w2,922,961,18,WOOKY,90,12,gehen,0,0,0
verhalten_b_sprung_w2,1002,1041,18,WOOKY,98,5,spott,0,0,0
verhalten_b_sprung_w2,1082,1121,18,WOOKY,121,2,abwarten,0,0,0
verhalten_b_sprung_w2,1162,1201,18,WOOKY,121,2,abwarten,0,0,0
verhalten_b_sprung_w2,1242,1281,18,WOOKY,89,12,gehen,1,0,0
verhalten_b_sprung_w2,1322,1361,18,WOOKY,56,3,erholung,0,0,0
verhalten_b_sprung_w2,1402,1441,18,WOOKY,56,3,kampfhaltung,0,0,0
verhalten_b_sprung_w2,1482,1500,18,WOOKY,56,3,abwarten,0,0,0
verhalten_b_sprung_w3,22,78,18,WOOKY,46,10,angriff,0,8,1
verhalten_b_sprung_w3,162,201,18,WOOKY,135,1,abwarten,0,0,0
verhalten_b_sprung_w3,232,271,18,WOOKY,135,1,abwarten,0,0,0
verhalten_b_sprung_w3,302,341,18,WOOKY,120,19,abwarten,0,0,0
verhalten_b_sprung_w3,372,411,18,WOOKY,120,19,abwarten,0,0,0
verhalten_b_sprung_w3,442,481,18,WOOKY,154,15,gehen,0,0,0
verhalten_b_sprung_w3,512,551,18,WOOKY,151,12,spott,0,0,0
verhalten_b_sprung_w3,582,621,18,WOOKY,136,4,abwarten,0,0,0
verhalten_b_sprung_w3,652,691,18,WOOKY,136,4,abwarten,0,0,0
verhalten_b_sprung_w3,722,761,18,WOOKY,129,5,gehen,0,0,0
verhalten_b_sprung_w3,792,831,18,WOOKY,124,18,abwarten,0,0,0
verhalten_b_sprung_w3,862,901,18,WOOKY,105,21,gehen,0,0,0
verhalten_b_sprung_w3,932,971,18,WOOKY,97,5,spott,0,0,0
verhalten_b_sprung_w3,1002,1041,18,WOOKY,104,4,gehen,0,0,0
verhalten_b_sprung_w3,1072,1111,18,WOOKY,121,2,abwarten,0,0,0
verhalten_b_sprung_w3,1142,1181,18,WOOKY,121,2,abwarten,0,0,0
verhalten_b_sprung_w3,1212,1293,18,WOOKY,61,4,gehen,1,8,1
verhalten_b_sprung_w3,1422,1489,18,WOOKY,14,1,kampfhaltung,1,8,1
# messen_verhalten.py schutz (a_*, r_*, c_*, b_*)
lauf,von,bis,frames,art,gegner_nah,angriffsbeginne,aktive_frames,treffer_beim_ablauf
verhalten_a_e1,68,94,27,trefferreaktion,1,0,0,nein
verhalten_a_e1,146,172,27,trefferreaktion,1,0,0,nein
verhalten_a_e1,207,233,27,trefferreaktion,1,0,0,nein
verhalten_a_e1,391,425,35,aufstehen,0,0,0,nein
verhalten_a_e1,811,837,27,trefferreaktion,1,0,0,nein
verhalten_a_e1,877,903,27,trefferreaktion,1,0,0,nein
verhalten_a_e1,952,978,27,trefferreaktion,1,0,0,nein
verhalten_a_e1,1010,1036,27,trefferreaktion,1,0,0,nein
verhalten_a_e1,1193,1227,35,aufstehen,1,1,8,nein
verhalten_a_e1,1295,1321,27,trefferreaktion,1,0,0,nein
verhalten_a_e1,1361,1387,27,trefferreaktion,1,0,0,nein
verhalten_a_e1,1441,1467,27,trefferreaktion,1,0,0,nein
verhalten_a_e1,1499,1525,27,trefferreaktion,1,0,0,nein
verhalten_a_e1,1681,1715,35,aufstehen,1,1,9,nein
verhalten_a_e1,1909,1935,27,trefferreaktion,1,0,0,nein
verhalten_a_e1,1973,1999,27,trefferreaktion,1,0,0,nein
verhalten_a_e1,2049,2075,27,trefferreaktion,1,0,0,nein
verhalten_a_e1,2107,2133,27,trefferreaktion,1,0,0,nein
verhalten_a_e1,2284,2318,35,aufstehen,1,1,9,ja
verhalten_a_e1,2441,2475,35,aufstehen,0,0,0,nein
verhalten_a_e2,44,70,27,trefferreaktion,1,0,0,nein
verhalten_a_e2,121,147,27,trefferreaktion,2,1,5,nein
verhalten_a_e2,316,350,35,aufstehen,1,1,5,ja
verhalten_a_e2,351,377,27,trefferreaktion,2,0,0,nein
verhalten_a_e2,414,440,27,trefferreaktion,1,0,0,nein
verhalten_a_e2,598,632,35,aufstehen,0,0,0,nein
verhalten_a_e2,1076,1102,27,trefferreaktion,1,0,0,nein
verhalten_a_e2,1141,1167,27,trefferreaktion,1,0,0,nein
verhalten_a_e2,1339,1373,35,aufstehen,1,1,8,nein
verhalten_a_e2,1469,1495,27,trefferreaktion,1,0,0,nein
verhalten_a_e2,1665,1699,35,aufstehen,0,0,0,nein
verhalten_a_e2,2327,2353,27,trefferreaktion,2,1,5,nein
verhalten_a_e2,2389,2415,27,trefferreaktion,2,0,0,nein
verhalten_a_e2,2483,2509,27,trefferreaktion,2,0,0,nein
verhalten_a_e2,2538,2564,27,trefferreaktion,2,0,0,nein
verhalten_a_e2,2597,2623,27,trefferreaktion,1,0,0,nein
verhalten_a_e2,2776,2810,35,aufstehen,0,0,0,nein
verhalten_a_e3,75,101,27,trefferreaktion,1,0,0,nein
verhalten_a_e3,137,163,27,trefferreaktion,1,0,0,nein
verhalten_a_e3,320,354,35,aufstehen,0,0,0,nein
verhalten_a_e3,412,438,27,trefferreaktion,1,0,0,nein
verhalten_a_e3,476,502,27,trefferreaktion,1,0,0,nein
verhalten_a_e3,660,694,35,aufstehen,0,0,0,nein
verhalten_a_e3,1245,1279,35,aufstehen,1,1,8,nein
verhalten_a_e3,1331,1357,27,trefferreaktion,1,0,0,nein
verhalten_a_e3,1411,1437,27,trefferreaktion,1,0,0,nein
verhalten_a_e3,1470,1496,27,trefferreaktion,1,0,0,nein
verhalten_a_e3,1647,1681,35,aufstehen,0,0,0,nein
verhalten_a_e3,1806,1832,27,trefferreaktion,2,0,0,nein
verhalten_a_e3,1861,1887,27,trefferreaktion,2,0,0,nein
verhalten_a_e3,2032,2066,35,aufstehen,1,1,5,nein
verhalten_a_e3,2109,2135,27,trefferreaktion,1,0,0,nein
verhalten_a_e3,2288,2322,35,aufstehen,0,0,0,nein
verhalten_a_e3,2625,2659,35,aufstehen,1,1,9,nein
verhalten_a_e3,2755,2781,27,trefferreaktion,1,0,0,nein
verhalten_a_e3,2941,2967,27,trefferreaktion,1,0,0,nein
verhalten_a_e4,197,223,27,trefferreaktion,1,0,0,nein
verhalten_a_e4,262,288,27,trefferreaktion,1,0,0,nein
verhalten_a_e4,446,480,35,aufstehen,1,1,5,nein
verhalten_a_e4,544,570,27,trefferreaktion,1,0,0,nein
verhalten_a_e4,609,635,27,trefferreaktion,1,0,0,nein
verhalten_a_e4,790,824,35,aufstehen,1,1,13,ja
verhalten_a_e4,825,851,27,trefferreaktion,1,0,0,nein
verhalten_a_e4,871,897,27,trefferreaktion,1,0,0,nein
verhalten_a_e4,929,955,27,trefferreaktion,1,0,0,nein
verhalten_a_e4,1106,1140,35,aufstehen,0,0,0,nein
verhalten_a_e4,1407,1441,35,aufstehen,0,0,0,nein
verhalten_a_e4,1548,1574,27,trefferreaktion,1,0,0,nein
verhalten_a_e4,1598,1624,27,trefferreaktion,1,0,0,nein
verhalten_a_e4,1656,1682,27,trefferreaktion,1,0,0,nein
verhalten_a_e4,1835,1869,35,aufstehen,1,1,5,nein
verhalten_a_e4,1926,1952,27,trefferreaktion,1,0,0,nein
verhalten_a_e4,1981,2007,27,trefferreaktion,1,0,0,nein
verhalten_a_e4,2156,2190,35,aufstehen,0,0,0,nein
verhalten_a_e4,2361,2395,35,aufstehen,0,0,0,nein
verhalten_a_e4,2484,2510,27,trefferreaktion,1,0,0,nein
verhalten_a_e4,2543,2569,27,trefferreaktion,1,0,0,nein
verhalten_a_e4,2719,2753,35,aufstehen,0,0,0,nein
verhalten_a_e4,2818,2844,27,trefferreaktion,1,0,0,nein
verhalten_a_e4,2877,2903,27,trefferreaktion,2,1,0,nein
verhalten_a_e4,2905,2931,27,trefferreaktion,2,1,0,ja
verhalten_a_e5,199,225,27,trefferreaktion,1,0,0,nein
verhalten_a_e5,262,288,27,trefferreaktion,1,0,0,nein
verhalten_a_e5,446,480,35,aufstehen,1,0,0,nein
verhalten_a_e5,498,524,27,trefferreaktion,1,0,0,nein
verhalten_a_e5,568,594,27,trefferreaktion,1,0,0,nein
verhalten_a_e5,651,677,27,trefferreaktion,1,0,0,nein
verhalten_a_e5,716,742,27,trefferreaktion,1,0,0,nein
verhalten_a_e5,897,931,35,aufstehen,0,0,0,nein
verhalten_a_e5,1195,1221,27,trefferreaktion,1,0,0,nein
verhalten_a_e5,1260,1286,27,trefferreaktion,1,0,0,nein
verhalten_a_e5,1456,1490,35,aufstehen,1,1,5,nein
verhalten_a_e5,1685,1711,27,trefferreaktion,1,0,0,nein
verhalten_a_e5,1750,1776,27,trefferreaktion,1,0,0,nein
verhalten_a_e5,1983,2009,27,trefferreaktion,1,0,0,nein
verhalten_a_e5,2042,2068,27,trefferreaktion,1,0,0,nein
verhalten_a_e5,2223,2257,35,aufstehen,1,1,9,nein
verhalten_a_e5,2607,2641,35,aufstehen,1,1,9,nein
verhalten_a_e5,2820,2854,35,aufstehen,1,1,8,nein
verhalten_a_e5,2906,2932,27,trefferreaktion,1,0,0,nein
verhalten_a_w1,70,96,27,trefferreaktion,1,0,0,nein
verhalten_a_w1,132,158,27,trefferreaktion,1,0,0,nein
verhalten_a_w1,318,352,35,aufstehen,0,0,0,nein
verhalten_a_w1,455,481,27,trefferreaktion,1,0,0,nein
verhalten_a_w1,534,560,27,trefferreaktion,1,0,0,nein
verhalten_a_w1,594,620,27,trefferreaktion,1,0,0,nein
verhalten_a_w1,781,815,35,aufstehen,0,0,0,nein
verhalten_a_w1,2027,2053,27,trefferreaktion,1,0,0,nein
verhalten_a_w1,2321,2347,27,trefferreaktion,1,0,0,nein
verhalten_a_w1,2380,2406,27,trefferreaktion,1,0,0,nein
verhalten_a_w1,2561,2595,35,aufstehen,0,0,0,nein
verhalten_a_w1,2667,2693,27,trefferreaktion,1,0,0,nein
verhalten_a_w2,70,96,27,trefferreaktion,1,0,0,nein
verhalten_a_w2,132,158,27,trefferreaktion,1,0,0,nein
verhalten_a_w2,318,352,35,aufstehen,0,0,0,nein
verhalten_a_w2,454,480,27,trefferreaktion,1,0,0,nein
verhalten_a_w2,533,559,27,trefferreaktion,1,0,0,nein
verhalten_a_w2,593,619,27,trefferreaktion,1,0,0,nein
verhalten_a_w2,780,814,35,aufstehen,0,0,0,nein
verhalten_a_w3,28,54,27,trefferreaktion,1,0,0,nein
verhalten_a_w3,90,116,27,trefferreaktion,1,0,0,nein
verhalten_a_w3,276,310,35,aufstehen,0,0,0,nein
verhalten_a_w3,417,443,27,trefferreaktion,1,0,0,nein
verhalten_a_w3,496,522,27,trefferreaktion,1,0,0,nein
verhalten_a_w3,556,582,27,trefferreaktion,1,0,0,nein
verhalten_a_w3,743,777,35,aufstehen,0,0,0,nein
verhalten_a_w3,2549,2575,27,trefferreaktion,1,0,0,nein
verhalten_a_w3,2844,2870,27,trefferreaktion,1,0,0,nein
verhalten_a_w3,2898,2924,27,trefferreaktion,1,0,0,nein
verhalten_a_w3,2957,2983,27,trefferreaktion,1,0,0,nein
verhalten_a_w4,70,96,27,trefferreaktion,1,0,0,nein
verhalten_a_w4,132,158,27,trefferreaktion,1,0,0,nein
verhalten_a_w4,318,352,35,aufstehen,0,0,0,nein
verhalten_a_w4,467,493,27,trefferreaktion,1,0,0,nein
verhalten_a_w4,526,552,27,trefferreaktion,1,0,0,nein
verhalten_a_w4,586,612,27,trefferreaktion,1,0,0,nein
verhalten_a_w4,769,803,35,aufstehen,0,0,0,nein
verhalten_a_w4,1689,1715,27,trefferreaktion,1,0,0,nein
verhalten_a_w4,1743,1769,27,trefferreaktion,1,0,0,nein
verhalten_a_w4,1802,1828,27,trefferreaktion,1,0,0,nein
verhalten_a_w4,1982,2016,35,aufstehen,0,0,0,nein
verhalten_a_w4,2872,2898,27,trefferreaktion,1,0,0,nein
verhalten_a_w5,242,268,27,trefferreaktion,1,0,0,nein
verhalten_a_w5,302,328,27,trefferreaktion,1,0,0,nein
verhalten_a_w5,488,522,35,aufstehen,1,1,4,ja
verhalten_a_w5,523,549,27,trefferreaktion,1,0,0,nein
verhalten_a_w5,595,621,27,trefferreaktion,1,0,0,nein
verhalten_a_w5,656,682,27,trefferreaktion,1,0,0,nein
verhalten_a_w5,839,873,35,aufstehen,0,0,0,nein
verhalten_a_w5,1069,1095,27,trefferreaktion,1,0,0,nein
verhalten_a_w5,1129,1155,27,trefferreaktion,2,0,0,nein
verhalten_a_w5,1183,1209,27,trefferreaktion,2,0,0,nein
verhalten_a_w5,1454,1480,27,trefferreaktion,2,0,0,nein
verhalten_a_w5,1506,1532,27,trefferreaktion,2,0,0,nein
verhalten_a_w5,1560,1586,27,trefferreaktion,2,0,0,nein
verhalten_a_w5,1743,1777,35,aufstehen,0,0,0,nein
verhalten_a_w5,1840,1866,27,trefferreaktion,1,0,0,nein
verhalten_a_w5,1898,1924,27,trefferreaktion,1,0,0,nein
verhalten_a_w5,2075,2109,35,aufstehen,0,0,0,nein
verhalten_a_w5,2390,2424,35,aufstehen,2,0,0,nein
verhalten_a_w5,2527,2553,27,trefferreaktion,1,0,0,nein
verhalten_a_w5,2585,2611,27,trefferreaktion,1,0,0,nein
verhalten_a_w5,2766,2800,35,aufstehen,0,0,0,nein
verhalten_r_e_12,64,90,27,trefferreaktion,1,0,0,nein
verhalten_r_e_12,138,164,27,trefferreaktion,1,0,0,nein
verhalten_r_e_12,195,221,27,trefferreaktion,1,0,0,nein
verhalten_r_e_12,375,409,35,aufstehen,0,0,0,nein
verhalten_r_e_12,795,821,27,trefferreaktion,1,0,0,nein
verhalten_r_e_12,861,887,27,trefferreaktion,1,0,0,nein
verhalten_r_e_12,936,962,27,trefferreaktion,1,0,0,nein
verhalten_r_e_12,994,1020,27,trefferreaktion,1,0,0,nein
verhalten_r_e_12,1177,1211,35,aufstehen,1,1,8,nein
verhalten_r_e_12,1279,1305,27,trefferreaktion,1,0,0,nein
verhalten_r_e_12,1345,1371,27,trefferreaktion,1,0,0,nein
verhalten_r_e_12,1425,1451,27,trefferreaktion,1,0,0,nein
verhalten_r_e_16,60,86,27,trefferreaktion,1,0,0,nein
verhalten_r_e_16,130,156,27,trefferreaktion,1,0,0,nein
verhalten_r_e_16,183,209,27,trefferreaktion,1,0,0,nein
verhalten_r_e_16,359,393,35,aufstehen,1,1,13,nein
verhalten_r_e_16,595,629,35,aufstehen,1,1,8,nein
verhalten_r_e_16,685,711,27,trefferreaktion,1,0,0,nein
verhalten_r_e_16,871,905,35,aufstehen,0,0,0,nein
verhalten_r_e_16,953,979,27,trefferreaktion,1,0,0,nein
verhalten_r_e_16,1147,1181,35,aufstehen,0,0,0,nein
verhalten_r_e_16,1241,1267,27,trefferreaktion,2,0,0,nein
verhalten_r_e_16,1294,1320,27,trefferreaktion,2,0,0,nein
verhalten_r_e_19,60,86,27,trefferreaktion,1,0,0,nein
verhalten_r_e_19,130,156,27,trefferreaktion,1,0,0,nein
verhalten_r_e_19,183,209,27,trefferreaktion,1,0,0,nein
verhalten_r_e_19,359,393,35,aufstehen,1,1,13,nein
verhalten_r_e_19,595,629,35,aufstehen,1,1,8,nein
verhalten_r_e_19,685,711,27,trefferreaktion,1,0,0,nein
verhalten_r_e_19,871,905,35,aufstehen,0,0,0,nein
verhalten_r_e_19,953,979,27,trefferreaktion,1,0,0,nein
verhalten_r_e_19,1147,1181,35,aufstehen,0,0,0,nein
verhalten_r_e_19,1241,1267,27,trefferreaktion,2,0,0,nein
verhalten_r_e_19,1294,1320,27,trefferreaktion,2,0,0,nein
verhalten_r_e_20,56,82,27,trefferreaktion,1,0,0,nein
verhalten_r_e_20,122,148,27,trefferreaktion,1,0,0,nein
verhalten_r_e_20,171,197,27,trefferreaktion,1,0,0,nein
verhalten_r_e_20,343,377,35,aufstehen,1,1,17,nein
verhalten_r_e_20,571,605,35,aufstehen,1,1,8,nein
verhalten_r_e_20,653,679,27,trefferreaktion,1,0,0,nein
verhalten_r_e_20,835,869,35,aufstehen,1,0,0,nein
verhalten_r_e_20,966,992,27,trefferreaktion,2,0,0,nein
verhalten_r_e_20,1023,1049,27,trefferreaktion,2,0,0,nein
verhalten_r_e_20,1194,1228,35,aufstehen,1,1,8,nein
verhalten_r_e_20,1279,1305,27,trefferreaktion,2,0,0,nein
verhalten_r_e_20,1321,1347,27,trefferreaktion,2,1,8,nein
verhalten_r_e_23,56,82,27,trefferreaktion,1,0,0,nein
verhalten_r_e_23,122,148,27,trefferreaktion,1,0,0,nein
verhalten_r_e_23,171,197,27,trefferreaktion,1,0,0,nein
verhalten_r_e_23,343,377,35,aufstehen,1,1,17,nein
verhalten_r_e_23,571,605,35,aufstehen,1,1,8,nein
verhalten_r_e_23,653,679,27,trefferreaktion,1,0,0,nein
verhalten_r_e_23,835,869,35,aufstehen,1,0,0,nein
verhalten_r_e_23,966,992,27,trefferreaktion,2,0,0,nein
verhalten_r_e_23,1023,1049,27,trefferreaktion,2,0,0,nein
verhalten_r_e_23,1194,1228,35,aufstehen,1,1,8,nein
verhalten_r_e_23,1279,1305,27,trefferreaktion,2,0,0,nein
verhalten_r_e_23,1321,1347,27,trefferreaktion,2,1,8,nein
verhalten_r_e_24,52,78,27,trefferreaktion,1,0,0,nein
verhalten_r_e_24,114,140,27,trefferreaktion,1,0,0,nein
verhalten_r_e_24,159,185,27,trefferreaktion,1,0,0,nein
verhalten_r_e_24,327,361,35,aufstehen,1,1,21,nein
verhalten_r_e_24,547,581,35,aufstehen,1,1,8,nein
verhalten_r_e_24,623,649,27,trefferreaktion,2,1,5,nein
verhalten_r_e_24,802,836,35,aufstehen,0,0,0,nein
verhalten_r_e_24,900,926,27,trefferreaktion,1,0,0,nein
verhalten_r_e_24,947,973,27,trefferreaktion,1,0,0,nein
verhalten_r_e_24,1115,1149,35,aufstehen,0,0,0,nein
verhalten_r_e_24,1236,1262,27,trefferreaktion,1,0,0,nein
verhalten_r_e_24,1360,1386,27,trefferreaktion,2,0,0,nein
verhalten_r_e_24,1398,1424,27,trefferreaktion,2,0,0,nein
verhalten_r_e_24,1443,1469,27,trefferreaktion,2,0,0,nein
verhalten_r_e_7,72,98,27,trefferreaktion,1,0,0,nein
verhalten_r_e_7,154,180,27,trefferreaktion,1,0,0,nein
verhalten_r_e_7,219,245,27,trefferreaktion,1,0,0,nein
verhalten_r_e_7,407,441,35,aufstehen,0,0,0,nein
verhalten_r_e_7,835,861,27,trefferreaktion,1,0,0,nein
verhalten_r_e_7,909,935,27,trefferreaktion,1,0,0,nein
verhalten_r_e_7,992,1018,27,trefferreaktion,1,0,0,nein
verhalten_r_e_7,1058,1084,27,trefferreaktion,1,0,0,nein
verhalten_r_e_7,1249,1283,35,aufstehen,1,1,0,ja
verhalten_r_e_7,1284,1310,27,trefferreaktion,1,0,0,nein
verhalten_r_e_7,1374,1400,27,trefferreaktion,1,0,0,nein
verhalten_r_e_7,1448,1474,27,trefferreaktion,1,0,0,nein
verhalten_r_e_9,68,94,27,trefferreaktion,1,0,0,nein
verhalten_r_e_9,146,172,27,trefferreaktion,1,0,0,nein
verhalten_r_e_9,207,233,27,trefferreaktion,1,0,0,nein
verhalten_r_e_9,391,425,35,aufstehen,0,0,0,nein
verhalten_r_e_9,815,841,27,trefferreaktion,1,0,0,nein
verhalten_r_e_9,885,911,27,trefferreaktion,1,0,0,nein
verhalten_r_e_9,964,990,27,trefferreaktion,1,0,0,nein
verhalten_r_e_9,1026,1052,27,trefferreaktion,1,0,0,nein
verhalten_r_e_9,1213,1247,35,aufstehen,1,1,4,ja
verhalten_r_e_9,1248,1274,27,trefferreaktion,1,0,0,nein
verhalten_r_e_9,1330,1356,27,trefferreaktion,1,0,0,nein
verhalten_r_e_9,1400,1426,27,trefferreaktion,1,0,0,nein
verhalten_r_w_12,66,92,27,trefferreaktion,1,0,0,nein
verhalten_r_w_12,124,150,27,trefferreaktion,1,0,0,nein
verhalten_r_w_12,306,340,35,aufstehen,0,0,0,nein
verhalten_r_w_12,439,465,27,trefferreaktion,1,0,0,nein
verhalten_r_w_12,514,540,27,trefferreaktion,1,0,0,nein
verhalten_r_w_12,570,596,27,trefferreaktion,1,0,0,nein
verhalten_r_w_12,753,787,35,aufstehen,0,0,0,nein
verhalten_r_w_16,62,88,27,trefferreaktion,1,0,0,nein
verhalten_r_w_16,116,142,27,trefferreaktion,1,0,0,nein
verhalten_r_w_16,294,328,35,aufstehen,0,0,0,nein
verhalten_r_w_16,423,449,27,trefferreaktion,1,0,0,nein
verhalten_r_w_16,494,520,27,trefferreaktion,1,0,0,nein
verhalten_r_w_16,546,572,27,trefferreaktion,1,0,0,nein
verhalten_r_w_16,725,759,35,aufstehen,0,0,0,nein
verhalten_r_w_19,62,88,27,trefferreaktion,1,0,0,nein
verhalten_r_w_19,116,142,27,trefferreaktion,1,0,0,nein
verhalten_r_w_19,294,328,35,aufstehen,0,0,0,nein
verhalten_r_w_19,423,449,27,trefferreaktion,1,0,0,nein
verhalten_r_w_19,494,520,27,trefferreaktion,1,0,0,nein
verhalten_r_w_19,546,572,27,trefferreaktion,1,0,0,nein
verhalten_r_w_19,725,759,35,aufstehen,0,0,0,nein
verhalten_r_w_20,58,84,27,trefferreaktion,1,0,0,nein
verhalten_r_w_20,108,134,27,trefferreaktion,1,0,0,nein
verhalten_r_w_20,282,316,35,aufstehen,0,0,0,nein
verhalten_r_w_20,407,433,27,trefferreaktion,1,0,0,nein
verhalten_r_w_20,474,500,27,trefferreaktion,1,0,0,nein
verhalten_r_w_20,522,548,27,trefferreaktion,1,0,0,nein
verhalten_r_w_20,697,731,35,aufstehen,0,0,0,nein
verhalten_r_w_23,58,84,27,trefferreaktion,1,0,0,nein
verhalten_r_w_23,108,134,27,trefferreaktion,1,0,0,nein
verhalten_r_w_23,282,316,35,aufstehen,0,0,0,nein
verhalten_r_w_23,407,433,27,trefferreaktion,1,0,0,nein
verhalten_r_w_23,474,500,27,trefferreaktion,1,0,0,nein
verhalten_r_w_23,522,548,27,trefferreaktion,1,0,0,nein
verhalten_r_w_23,697,731,35,aufstehen,0,0,0,nein
verhalten_r_w_24,54,80,27,trefferreaktion,1,0,0,nein
verhalten_r_w_24,100,126,27,trefferreaktion,1,0,0,nein
verhalten_r_w_24,270,304,35,aufstehen,0,0,0,nein
verhalten_r_w_24,391,417,27,trefferreaktion,1,0,0,nein
verhalten_r_w_24,454,480,27,trefferreaktion,1,0,0,nein
verhalten_r_w_24,498,524,27,trefferreaktion,1,0,0,nein
verhalten_r_w_24,669,703,35,aufstehen,0,0,0,nein
verhalten_r_w_7,74,100,27,trefferreaktion,1,0,0,nein
verhalten_r_w_7,140,166,27,trefferreaktion,1,0,0,nein
verhalten_r_w_7,330,364,35,aufstehen,0,0,0,nein
verhalten_r_w_7,471,497,27,trefferreaktion,1,0,0,nein
verhalten_r_w_7,554,580,27,trefferreaktion,1,0,0,nein
verhalten_r_w_7,618,644,27,trefferreaktion,1,0,0,nein
verhalten_r_w_7,809,843,35,aufstehen,0,0,0,nein
verhalten_r_w_9,70,96,27,trefferreaktion,1,0,0,nein
verhalten_r_w_9,132,158,27,trefferreaktion,1,0,0,nein
verhalten_r_w_9,318,352,35,aufstehen,0,0,0,nein
verhalten_r_w_9,455,481,27,trefferreaktion,1,0,0,nein
verhalten_r_w_9,534,560,27,trefferreaktion,1,0,0,nein
verhalten_r_w_9,594,620,27,trefferreaktion,1,0,0,nein
verhalten_r_w_9,781,815,35,aufstehen,0,0,0,nein
verhalten_c_hurt,450,476,27,trefferreaktion,1,0,0,nein
verhalten_c_hurt,510,536,27,trefferreaktion,1,0,0,nein
verhalten_c_hurt,696,730,35,aufstehen,1,1,4,ja
verhalten_c_hurt,731,757,27,trefferreaktion,1,0,0,nein
verhalten_c_hurt,803,829,27,trefferreaktion,1,0,0,nein
verhalten_c_hurt,864,890,27,trefferreaktion,1,0,0,nein
verhalten_c_hurt,1047,1081,35,aufstehen,0,0,0,nein
verhalten_c_hurt,1131,1157,27,trefferreaktion,3,1,7,ja
verhalten_c_hurt,1158,1184,27,trefferreaktion,3,2,5,nein
verhalten_c_hurt,1188,1214,27,trefferreaktion,3,2,0,nein
verhalten_c_hurt,1217,1243,27,trefferreaktion,3,1,0,nein
verhalten_c_hurt,1249,1275,27,trefferreaktion,3,1,0,nein
verhalten_c_hurt,1399,1433,35,aufstehen,2,2,8,ja
verhalten_c_hurt,1434,1460,27,trefferreaktion,2,0,0,nein
verhalten_c_hurt,1508,1534,27,trefferreaktion,3,0,0,nein
verhalten_c_hurt,1553,1579,27,trefferreaktion,3,1,0,nein
verhalten_c_hurt,1587,1613,27,trefferreaktion,3,1,0,nein
verhalten_c_hurt,1618,1644,27,trefferreaktion,3,2,8,ja
verhalten_c_hurt,1645,1671,27,trefferreaktion,3,0,0,nein
verhalten_c_hurt,1685,1711,27,trefferreaktion,3,2,15,nein
verhalten_c_hurt,1751,1777,27,trefferreaktion,3,2,18,nein
verhalten_c_hurt,1931,1965,35,aufstehen,0,0,0,nein
verhalten_c_hurt,2103,2129,27,trefferreaktion,1,0,0,nein
verhalten_c_hurt,2155,2181,27,trefferreaktion,1,0,0,nein
verhalten_c_hurt,2212,2238,27,trefferreaktion,2,0,0,nein
verhalten_c_hurt,2393,2427,35,aufstehen,0,0,0,nein
verhalten_c_hurt,2925,2951,27,trefferreaktion,1,0,0,nein
verhalten_c_hurt,2992,3018,27,trefferreaktion,1,0,0,nein
verhalten_c_hurt,3044,3070,27,trefferreaktion,1,0,0,nein
verhalten_c_hurt,3226,3260,35,aufstehen,0,0,0,nein
verhalten_c_hurt,3514,3548,35,aufstehen,0,0,0,nein
verhalten_c_hurt,3896,3930,35,aufstehen,1,1,9,nein
verhalten_c_hurt_b,422,448,27,trefferreaktion,1,0,0,nein
verhalten_c_hurt_b,480,506,27,trefferreaktion,1,0,0,nein
verhalten_c_hurt_b,665,699,35,aufstehen,1,0,0,nein
verhalten_c_hurt_b,741,767,27,trefferreaktion,1,0,0,nein
verhalten_c_hurt_b,817,843,27,trefferreaktion,1,0,0,nein
verhalten_c_hurt_b,878,904,27,trefferreaktion,1,0,0,nein
verhalten_c_hurt_b,1061,1095,35,aufstehen,0,0,0,nein
verhalten_c_hurt_b,1220,1246,27,trefferreaktion,1,0,0,nein
verhalten_c_hurt_b,1284,1310,27,trefferreaktion,1,0,0,nein
verhalten_c_hurt_b,1469,1503,35,aufstehen,0,0,0,nein
verhalten_c_hurt_b,1575,1601,27,trefferreaktion,1,0,0,nein
verhalten_c_hurt_b,1638,1664,27,trefferreaktion,2,0,0,nein
verhalten_c_hurt_b,1817,1851,35,aufstehen,2,2,10,nein
verhalten_c_hurt_b,1855,1881,27,trefferreaktion,2,0,0,nein
verhalten_c_hurt_b,1887,1913,27,trefferreaktion,3,1,8,ja
verhalten_c_hurt_b,1914,1940,27,trefferreaktion,3,2,10,nein
verhalten_c_hurt_b,1946,1972,27,trefferreaktion,3,2,5,nein
verhalten_c_hurt_b,1975,2001,27,trefferreaktion,4,1,0,nein
verhalten_c_hurt_b,2125,2159,35,aufstehen,2,0,0,nein
verhalten_c_hurt_b,2247,2273,27,trefferreaktion,3,1,5,nein
verhalten_c_hurt_b,2307,2333,27,trefferreaktion,3,1,10,nein
verhalten_c_hurt_b,2489,2523,35,aufstehen,0,0,0,nein
verhalten_c_hurt_b,2714,2748,35,aufstehen,1,1,8,nein
verhalten_c_hurt_b,2842,2868,27,trefferreaktion,1,0,0,nein
verhalten_c_hurt_b,2902,2928,27,trefferreaktion,2,0,0,nein
verhalten_c_hurt_b,3082,3116,35,aufstehen,0,0,0,nein
verhalten_c_hurt_b,3341,3375,35,aufstehen,0,0,0,nein
verhalten_c_hurt_b,3442,3468,27,trefferreaktion,1,0,0,nein
verhalten_c_hurt_b,3493,3519,27,trefferreaktion,1,0,0,nein
verhalten_c_hurt_b,3554,3580,27,trefferreaktion,1,0,0,nein
verhalten_c_hurt_b,3734,3768,35,aufstehen,0,0,0,nein
verhalten_c_hurt_c,959,985,27,trefferreaktion,1,0,0,nein
verhalten_c_hurt_c,1035,1061,27,trefferreaktion,2,1,5,nein
verhalten_c_hurt_c,1230,1264,35,aufstehen,1,1,4,ja
verhalten_c_hurt_c,1265,1291,27,trefferreaktion,1,0,0,nein
verhalten_c_hurt_c,1299,1325,27,trefferreaktion,1,0,0,nein
verhalten_c_hurt_c,1336,1362,27,trefferreaktion,2,0,0,nein
verhalten_c_hurt_c,1373,1399,27,trefferreaktion,1,1,5,nein
verhalten_c_hurt_c,1410,1436,27,trefferreaktion,2,1,0,ja
verhalten_c_hurt_c,1437,1463,27,trefferreaktion,2,0,0,nein
verhalten_c_hurt_c,1620,1654,35,aufstehen,0,0,0,nein
verhalten_c_hurt_c,1741,1767,27,trefferreaktion,1,0,0,nein
verhalten_c_hurt_c,1896,1930,35,aufstehen,0,0,0,nein
verhalten_c_hurt_c,1977,2003,27,trefferreaktion,1,0,0,nein
verhalten_c_hurt_c,2038,2064,27,trefferreaktion,2,0,0,nein
verhalten_c_hurt_c,2097,2123,27,trefferreaktion,2,1,0,ja
verhalten_c_hurt_c,2124,2150,27,trefferreaktion,2,1,0,nein
verhalten_c_hurt_c,2277,2311,35,aufstehen,0,0,0,nein
verhalten_c_hurt_c,2379,2405,27,trefferreaktion,2,0,0,nein
verhalten_c_hurt_c,2547,2581,35,aufstehen,2,2,19,nein
verhalten_c_hurt_c,2612,2638,27,trefferreaktion,1,0,0,nein
verhalten_c_hurt_c,2672,2698,27,trefferreaktion,1,0,0,nein
verhalten_c_hurt_c,2852,2886,35,aufstehen,1,1,5,nein
verhalten_c_hurt_c,2938,2964,27,trefferreaktion,2,0,0,nein
verhalten_c_hurt_c,3099,3133,35,aufstehen,0,0,0,nein
verhalten_c_hurt_c,3300,3334,35,aufstehen,0,0,0,nein
verhalten_c_hurt_c,3366,3392,27,trefferreaktion,1,1,0,nein
verhalten_c_hurt_c,3395,3421,27,trefferreaktion,1,0,0,nein
verhalten_c_hurt_c,3450,3476,27,trefferreaktion,1,0,0,nein
verhalten_c_hurt_c,3628,3662,35,aufstehen,1,0,0,nein
verhalten_c_hurt_c,3708,3734,27,trefferreaktion,1,0,0,nein
verhalten_c_hurt_c,3739,3765,27,trefferreaktion,1,1,0,ja
verhalten_c_hurt_c,3766,3792,27,trefferreaktion,1,0,0,nein
verhalten_c_hurt_c,3945,3979,35,aufstehen,1,1,10,nein
verhalten_b_weg_e,44,70,27,trefferreaktion,1,0,0,nein
verhalten_b_weg_e,359,385,27,trefferreaktion,2,0,0,nein
verhalten_b_weg_e,414,440,27,trefferreaktion,2,0,0,nein
verhalten_b_weg_e,582,616,35,aufstehen,0,0,0,nein
verhalten_b_weg_e,818,852,35,aufstehen,0,0,0,nein
verhalten_b_weg_e,925,951,27,trefferreaktion,1,0,0,nein
verhalten_b_weg_e,983,1009,27,trefferreaktion,1,0,0,nein
verhalten_b_weg_e,1163,1197,35,aufstehen,1,1,10,nein
verhalten_b_weg_e,1230,1256,27,trefferreaktion,1,0,0,nein
verhalten_b_weg_e,1290,1316,27,trefferreaktion,1,0,0,nein
verhalten_b_weg_e2,427,453,27,trefferreaktion,1,0,0,nein
verhalten_b_weg_e2,494,520,27,trefferreaktion,1,0,0,nein
verhalten_b_weg_e2,576,602,27,trefferreaktion,1,0,0,nein
verhalten_b_weg_e2,656,682,27,trefferreaktion,1,0,0,nein
verhalten_b_weg_e2,857,891,35,aufstehen,1,1,7,ja
verhalten_b_weg_e2,892,918,27,trefferreaktion,1,0,0,nein
verhalten_b_weg_e2,948,974,27,trefferreaktion,1,0,0,nein
verhalten_b_weg_e2,1152,1186,35,aufstehen,0,0,0,nein
verhalten_b_weg_r90_e,469,503,35,aufstehen,2,1,5,nein
verhalten_b_weg_r90_e,644,678,35,aufstehen,1,1,10,nein
verhalten_b_weg_r90_e,720,743,24,trefferreaktion,1,0,0,ja
verhalten_b_weg_r90_e,863,897,35,aufstehen,2,2,10,nein
verhalten_b_weg_r90_e,937,963,27,trefferreaktion,2,0,0,nein
verhalten_b_weg_r90_w,470,504,35,aufstehen,1,0,0,nein
verhalten_b_weg_r90_w,666,692,27,trefferreaktion,1,0,0,nein
verhalten_b_weg_r90_w,729,755,27,trefferreaktion,1,0,0,nein
verhalten_b_weg_r90_w,912,946,35,aufstehen,1,1,10,nein
verhalten_b_weg_r_e,231,257,27,trefferreaktion,1,0,0,nein
verhalten_b_weg_r_e,293,319,27,trefferreaktion,2,0,0,nein
verhalten_b_weg_r_e,477,511,35,aufstehen,1,1,9,ja
verhalten_b_weg_r_e,512,538,27,trefferreaktion,1,0,0,nein
verhalten_b_weg_r_e,558,584,27,trefferreaktion,1,0,0,nein
verhalten_b_weg_r_e,709,743,35,aufstehen,0,0,0,nein
verhalten_b_weg_r_e,789,815,27,trefferreaktion,1,0,0,nein
verhalten_b_weg_r_e,846,872,27,trefferreaktion,2,0,0,nein
verhalten_b_weg_r_e,898,924,27,trefferreaktion,4,2,8,ja
verhalten_b_weg_r_e,925,951,27,trefferreaktion,4,1,0,nein
verhalten_b_weg_r_e,956,982,27,trefferreaktion,4,3,16,ja
verhalten_b_weg_r_e,983,1009,27,trefferreaktion,4,1,0,nein
verhalten_b_weg_r_e,1132,1166,35,aufstehen,0,0,0,nein
verhalten_b_weg_r_e,1237,1263,27,trefferreaktion,1,0,0,nein
verhalten_b_weg_r_e,1296,1322,27,trefferreaktion,1,0,0,nein
verhalten_b_weg_r_w,476,502,27,trefferreaktion,1,0,0,nein
verhalten_b_weg_r_w,530,556,27,trefferreaktion,1,0,0,nein
verhalten_b_weg_r_w,590,616,27,trefferreaktion,2,0,0,nein
verhalten_b_weg_r_w,649,675,27,trefferreaktion,3,1,4,ja
verhalten_b_weg_r_w,676,702,27,trefferreaktion,3,0,0,nein
verhalten_b_weg_r_w,713,739,27,trefferreaktion,3,1,10,nein
verhalten_b_weg_r_w,897,931,35,aufstehen,0,0,0,nein
verhalten_b_weg_r_w,968,994,27,trefferreaktion,1,0,0,nein
verhalten_b_weg_r_w,1020,1046,27,trefferreaktion,1,0,0,nein
verhalten_b_weg_r_w,1076,1102,27,trefferreaktion,1,0,0,nein
verhalten_b_weg_r_w,1259,1293,35,aufstehen,2,1,5,nein
verhalten_b_weg_r_w,1312,1338,27,trefferreaktion,2,0,0,nein
verhalten_b_weg_r_w,1348,1374,27,trefferreaktion,2,1,10,nein
verhalten_b_weg_r_w,1403,1429,27,trefferreaktion,3,1,5,nein
verhalten_b_weg_r_w,1460,1486,27,trefferreaktion,2,0,0,nein
verhalten_b_weg_t100_e,44,70,27,trefferreaktion,1,0,0,nein
verhalten_b_weg_t100_e,371,405,35,aufstehen,1,1,10,nein
verhalten_b_weg_t100_e,445,471,27,trefferreaktion,1,0,0,nein
verhalten_b_weg_t100_e,510,536,27,trefferreaktion,1,0,0,nein
verhalten_b_weg_t100_e,693,727,35,aufstehen,0,0,0,nein
verhalten_b_weg_t100_w,28,54,27,trefferreaktion,1,0,0,nein
verhalten_b_weg_t100_w,90,116,27,trefferreaktion,1,0,0,nein
verhalten_b_weg_t100_w,611,637,27,trefferreaktion,1,0,0,nein
verhalten_b_weg_t100_w,668,694,27,trefferreaktion,1,0,0,nein
verhalten_b_weg_t100_w,727,753,27,trefferreaktion,1,0,0,nein
verhalten_b_weg_t10_e,430,456,27,trefferreaktion,1,0,0,nein
verhalten_b_weg_t10_e,492,518,27,trefferreaktion,1,0,0,nein
verhalten_b_weg_t10_e,677,711,35,aufstehen,1,0,0,nein
verhalten_b_weg_t10_e,752,778,27,trefferreaktion,1,0,0,nein
verhalten_b_weg_t10_w,28,54,27,trefferreaktion,0,0,0,nein
verhalten_b_weg_t10_w,728,754,27,trefferreaktion,1,0,0,nein
verhalten_b_weg_t40_e,44,70,27,trefferreaktion,1,0,0,nein
verhalten_b_weg_t40_e,251,277,27,trefferreaktion,1,0,0,nein
verhalten_b_weg_t40_e,452,486,35,aufstehen,1,1,4,ja
verhalten_b_weg_t40_e,487,513,27,trefferreaktion,1,0,0,nein
verhalten_b_weg_t40_e,545,571,27,trefferreaktion,1,0,0,nein
verhalten_b_weg_t40_e,731,765,35,aufstehen,1,1,5,nein
verhalten_b_weg_t40_w,28,54,27,trefferreaktion,1,0,0,nein
verhalten_b_weg_t40_w,746,772,27,trefferreaktion,1,0,0,nein
verhalten_b_weg_t70_e,44,70,27,trefferreaktion,1,0,0,nein
verhalten_b_weg_t70_e,278,304,27,trefferreaktion,1,0,0,nein
verhalten_b_weg_t70_e,354,380,27,trefferreaktion,2,0,0,nein
verhalten_b_weg_t70_e,414,440,27,trefferreaktion,2,0,0,nein
verhalten_b_weg_t70_e,598,632,35,aufstehen,1,1,0,nein
verhalten_b_weg_t70_e,634,660,27,trefferreaktion,1,0,0,nein
verhalten_b_weg_t70_e,698,724,27,trefferreaktion,1,0,0,nein
verhalten_b_weg_t70_w,28,54,27,trefferreaktion,1,0,0,nein
verhalten_b_weg_t70_w,761,787,27,trefferreaktion,1,0,0,nein
verhalten_b_weg_w,28,54,27,trefferreaktion,1,0,0,nein
verhalten_b_weg_w,746,772,27,trefferreaktion,1,0,0,nein
verhalten_b_weg_w,803,829,27,trefferreaktion,1,0,0,nein
verhalten_b_weg_w,862,888,27,trefferreaktion,1,0,0,nein
verhalten_b_weg_w,1044,1078,35,aufstehen,0,0,0,nein
verhalten_b_weg_w2,1256,1282,27,trefferreaktion,1,0,0,nein
verhalten_b_weg_w2,1328,1354,27,trefferreaktion,1,0,0,nein
verhalten_b_weg_w2,1385,1411,27,trefferreaktion,1,0,0,nein
verhalten_b_tiefe_e,211,245,35,aufstehen,1,1,5,nein
verhalten_b_tiefe_e,522,556,35,aufstehen,1,1,5,nein
verhalten_b_tiefe_e,684,710,27,trefferreaktion,1,0,0,nein
verhalten_b_tiefe_e,743,769,27,trefferreaktion,1,0,0,nein
verhalten_b_tiefe_e,922,956,35,aufstehen,1,1,5,ja
verhalten_b_tiefe_e,957,983,27,trefferreaktion,1,0,0,nein
verhalten_b_tiefe_e,1085,1111,27,trefferreaktion,1,0,0,nein
verhalten_b_tiefe_e,1143,1169,27,trefferreaktion,2,1,0,nein
verhalten_b_tiefe_e,1176,1202,27,trefferreaktion,2,1,3,ja
verhalten_b_tiefe_e,1325,1356,32,aufstehen,1,1,5,nein
verhalten_b_tiefe_e,1450,1476,27,trefferreaktion,2,0,0,nein
verhalten_b_tiefe_e2,68,94,27,trefferreaktion,1,0,0,nein
verhalten_b_tiefe_e2,146,172,27,trefferreaktion,1,0,0,nein
verhalten_b_tiefe_e2,207,233,27,trefferreaktion,1,0,0,nein
verhalten_b_tiefe_e2,391,401,11,aufstehen,1,0,0,nein
verhalten_b_tiefe_e2,505,531,27,trefferreaktion,1,0,0,nein
verhalten_b_tiefe_e2,675,701,27,trefferreaktion,1,0,0,nein
verhalten_b_tiefe_e2,963,997,35,aufstehen,0,0,0,nein
verhalten_b_tiefe_t100_e,68,94,27,trefferreaktion,1,0,0,nein
verhalten_b_tiefe_t100_e,281,315,35,aufstehen,0,0,0,nein
verhalten_b_tiefe_t100_w,70,96,27,trefferreaktion,1,0,0,nein
verhalten_b_tiefe_t120_e,68,94,27,trefferreaktion,1,0,0,nein
verhalten_b_tiefe_t120_w,70,96,27,trefferreaktion,1,0,0,nein
verhalten_b_tiefe_t40_w,197,223,27,trefferreaktion,1,0,0,nein
verhalten_b_tiefe_t48_w,205,231,27,trefferreaktion,1,0,0,nein
verhalten_b_tiefe_t56_w,213,239,27,trefferreaktion,1,0,0,nein
verhalten_b_tiefe_t64_e,68,94,27,trefferreaktion,1,0,0,nein
verhalten_b_tiefe_t64_e,146,172,27,trefferreaktion,1,0,0,nein
verhalten_b_tiefe_t64_e,207,233,27,trefferreaktion,1,0,0,nein
verhalten_b_tiefe_t64_e,391,425,35,aufstehen,0,0,0,nein
verhalten_b_tiefe_t64_w,221,247,27,trefferreaktion,1,0,0,nein
verhalten_b_tiefe_t72_e,68,94,27,trefferreaktion,1,0,0,nein
verhalten_b_tiefe_t72_e,146,172,27,trefferreaktion,1,0,0,nein
verhalten_b_tiefe_t72_e,207,233,27,trefferreaktion,1,0,0,nein
verhalten_b_tiefe_t72_e,391,425,35,aufstehen,0,0,0,nein
verhalten_b_tiefe_t72_w,70,96,27,trefferreaktion,1,0,0,nein
verhalten_b_tiefe_t72_w,132,158,27,trefferreaktion,1,0,0,nein
verhalten_b_tiefe_t72_w,318,352,35,aufstehen,0,0,0,nein
verhalten_b_tiefe_t72_w,455,481,27,trefferreaktion,1,0,0,nein
verhalten_b_tiefe_t80_e,68,94,27,trefferreaktion,1,0,0,nein
verhalten_b_tiefe_t80_e,146,172,27,trefferreaktion,1,0,0,nein
verhalten_b_tiefe_t80_e,207,233,27,trefferreaktion,1,0,0,nein
verhalten_b_tiefe_t80_e,391,425,35,aufstehen,0,0,0,nein
verhalten_b_tiefe_t80_w,70,96,27,trefferreaktion,1,0,0,nein
verhalten_b_tiefe_w,28,54,27,trefferreaktion,1,0,0,nein
verhalten_b_tiefe_w,90,116,27,trefferreaktion,1,0,0,nein
verhalten_b_tiefe_w,276,310,35,aufstehen,0,0,0,nein
verhalten_b_tiefe_w,433,459,27,trefferreaktion,1,0,0,nein
verhalten_b_tiefe_w,509,535,27,trefferreaktion,1,0,0,nein
verhalten_b_tiefe_w,640,666,27,trefferreaktion,1,0,0,nein
verhalten_b_tiefe_w,695,721,27,trefferreaktion,1,0,0,nein
verhalten_b_tiefe_w,825,851,27,trefferreaktion,1,0,0,nein
verhalten_b_tiefe_w,980,1006,27,trefferreaktion,1,0,0,nein
verhalten_b_tiefe_w,1031,1057,27,trefferreaktion,1,0,0,nein
verhalten_b_tiefe_w,1153,1179,27,trefferreaktion,1,0,0,nein
verhalten_b_tiefe_w,1205,1231,27,trefferreaktion,1,0,0,nein
verhalten_b_tiefe_w,1326,1352,27,trefferreaktion,1,0,0,nein
verhalten_b_tiefe_w,1377,1403,27,trefferreaktion,1,0,0,nein
verhalten_b_tiefe_w2,70,96,27,trefferreaktion,1,0,0,nein
verhalten_b_tiefe_w2,132,158,27,trefferreaktion,1,0,0,nein
verhalten_b_tiefe_w2,318,352,35,aufstehen,0,0,0,nein
verhalten_b_tiefe_w2,455,481,27,trefferreaktion,1,0,0,nein
verhalten_b_tiefe_w2,539,565,27,trefferreaktion,1,0,0,nein
verhalten_b_tiefe_w2,618,644,27,trefferreaktion,1,0,0,nein
verhalten_b_tiefe_w2,679,705,27,trefferreaktion,1,0,0,nein
verhalten_b_tiefe_w2,866,900,35,aufstehen,0,0,0,nein
verhalten_b_tiefe_w2,1260,1286,27,trefferreaktion,1,0,0,nein
verhalten_b_tiefe_w2,1316,1342,27,trefferreaktion,1,0,0,nein
verhalten_b_sprung_e,173,207,35,aufstehen,1,0,0,nein
verhalten_b_sprung_e,438,472,35,aufstehen,0,0,0,nein
verhalten_b_sprung_e,1343,1377,35,aufstehen,1,1,5,nein
verhalten_b_sprung_e,1423,1449,27,trefferreaktion,1,0,0,nein
verhalten_b_sprung_e2,198,232,35,aufstehen,0,0,0,nein
verhalten_b_sprung_e2,792,826,35,aufstehen,0,0,0,nein
verhalten_b_sprung_e3,192,226,35,aufstehen,0,0,0,nein
verhalten_b_sprung_e3,894,928,35,aufstehen,0,0,0,nein
verhalten_b_sprung_w,28,54,27,trefferreaktion,1,0,0,nein
verhalten_b_sprung_w,90,116,27,trefferreaktion,1,0,0,nein
verhalten_b_sprung_w,279,313,35,aufstehen,1,0,0,nein
verhalten_b_sprung_w,327,353,27,trefferreaktion,1,0,0,nein
verhalten_b_sprung_w,536,570,35,aufstehen,1,0,0,nein
verhalten_b_sprung_w,913,939,27,trefferreaktion,1,0,0,nein
verhalten_b_sprung_w,971,997,27,trefferreaktion,1,0,0,nein
verhalten_b_sprung_w,1152,1186,35,aufstehen,0,0,0,nein
verhalten_b_sprung_w2,199,233,35,aufstehen,0,0,0,nein
verhalten_b_sprung_w2,1286,1312,27,trefferreaktion,1,0,0,nein
verhalten_b_sprung_w3,155,189,35,aufstehen,0,0,0,nein
verhalten_b_sprung_w3,1370,1404,35,aufstehen,1,1,10,nein
# messen_verhalten.py gruppe (c_* ab Frame 1000; d_rechts, bot_ohne ab Frame 1)
lauf,groesse,wert,anzahl
verhalten_c_hurt,frames_mit_3_oder_mehr,,2212
verhalten_c_hurt,gleichzeitig_im_angriff,0,1493
verhalten_c_hurt,gleichzeitig_im_angriff,1,516
verhalten_c_hurt,gleichzeitig_im_angriff,2,174
verhalten_c_hurt,gleichzeitig_im_angriff,3,29
verhalten_c_hurt,gleichzeitig_aktiv_s24,0,1736
verhalten_c_hurt,gleichzeitig_aktiv_s24,1,429
verhalten_c_hurt,gleichzeitig_aktiv_s24,2,47
verhalten_c_hurt,uebrige_zustand,abwarten (absdx n=778 min=109 med=126 max=178),778
verhalten_c_hurt,uebrige_zustand,aufstehen (absdx n=27 min=77 med=157 max=157),27
verhalten_c_hurt,uebrige_zustand,gehen (absdx n=2315 min=0 med=81 max=194),2315
verhalten_c_hurt,uebrige_zustand,kampfhaltung/erholung (absdx n=1282 min=1 med=47 max=123),1282
verhalten_c_hurt,uebrige_zustand,spott (absdx n=1283 min=3 med=58 max=194),1283
verhalten_c_hurt,frames_gegner_nah_auf_beiden_seiten,,592
verhalten_c_hurt,angriffe_mit_3_oder_mehr,,36
verhalten_c_hurt,davon_von_rechts,,23
verhalten_c_hurt,folgeangriff_andere_seite_binnen_60,,17
verhalten_c_hurt,zweiter_angreifer_nach_frames,n=30 min=0 med=24 max=725,30
verhalten_c_hurt,zweiter_angreifer_klasse,0-9,8
verhalten_c_hurt,zweiter_angreifer_klasse,10-19,6
verhalten_c_hurt,zweiter_angreifer_klasse,20-29,4
verhalten_c_hurt,zweiter_angreifer_klasse,30-39,3
verhalten_c_hurt,zweiter_angreifer_klasse,40-49,3
verhalten_c_hurt,zweiter_angreifer_klasse,50-59,1
verhalten_c_hurt,zweiter_angreifer_klasse,70-79,1
verhalten_c_hurt,zweiter_angreifer_klasse,100-,4
verhalten_c_hurt_b,frames_mit_3_oder_mehr,,2943
verhalten_c_hurt_b,gleichzeitig_im_angriff,0,2184
verhalten_c_hurt_b,gleichzeitig_im_angriff,1,675
verhalten_c_hurt_b,gleichzeitig_im_angriff,2,84
verhalten_c_hurt_b,gleichzeitig_aktiv_s24,0,2446
verhalten_c_hurt_b,gleichzeitig_aktiv_s24,1,479
verhalten_c_hurt_b,gleichzeitig_aktiv_s24,2,18
verhalten_c_hurt_b,uebrige_zustand,abwarten (absdx n=2630 min=0 med=123 max=190),2630
verhalten_c_hurt_b,uebrige_zustand,aufstehen (absdx n=60 min=60 med=62 max=140),60
verhalten_c_hurt_b,uebrige_zustand,gehen (absdx n=4323 min=0 med=88 max=231),4323
verhalten_c_hurt_b,uebrige_zustand,kampfhaltung/erholung (absdx n=1122 min=4 med=47 max=215),1122
verhalten_c_hurt_b,uebrige_zustand,sonst (absdx n=5 min=46 med=46 max=46),5
verhalten_c_hurt_b,uebrige_zustand,spott (absdx n=2641 min=0 med=92 max=217),2641
verhalten_c_hurt_b,frames_gegner_nah_auf_beiden_seiten,,225
verhalten_c_hurt_b,angriffe_mit_3_oder_mehr,,36
verhalten_c_hurt_b,davon_von_rechts,,17
verhalten_c_hurt_b,folgeangriff_andere_seite_binnen_60,,1
verhalten_c_hurt_b,zweiter_angreifer_nach_frames,n=24 min=1 med=22.5 max=258,24
verhalten_c_hurt_b,zweiter_angreifer_klasse,0-9,4
verhalten_c_hurt_b,zweiter_angreifer_klasse,10-19,5
verhalten_c_hurt_b,zweiter_angreifer_klasse,20-29,6
verhalten_c_hurt_b,zweiter_angreifer_klasse,30-39,2
verhalten_c_hurt_b,zweiter_angreifer_klasse,40-49,1
verhalten_c_hurt_b,zweiter_angreifer_klasse,100-,6
verhalten_c_hurt_c,frames_mit_3_oder_mehr,,2841
verhalten_c_hurt_c,gleichzeitig_im_angriff,0,1988
verhalten_c_hurt_c,gleichzeitig_im_angriff,1,791
verhalten_c_hurt_c,gleichzeitig_im_angriff,2,60
verhalten_c_hurt_c,gleichzeitig_im_angriff,3,2
verhalten_c_hurt_c,gleichzeitig_aktiv_s24,0,2250
verhalten_c_hurt_c,gleichzeitig_aktiv_s24,1,571
verhalten_c_hurt_c,gleichzeitig_aktiv_s24,2,20
verhalten_c_hurt_c,uebrige_zustand,abwarten (absdx n=1360 min=102 med=128 max=216),1360
verhalten_c_hurt_c,uebrige_zustand,aufstehen (absdx n=34 min=34 med=34 max=34),34
verhalten_c_hurt_c,uebrige_zustand,gehen (absdx n=4217 min=0 med=97 max=231),4217
verhalten_c_hurt_c,uebrige_zustand,kampfhaltung/erholung (absdx n=1052 min=7 med=47 max=106),1052
verhalten_c_hurt_c,uebrige_zustand,sonst (absdx n=2732 min=0 med=84 max=236),2732
verhalten_c_hurt_c,uebrige_zustand,spott (absdx n=2747 min=0 med=95 max=226),2747
verhalten_c_hurt_c,frames_gegner_nah_auf_beiden_seiten,,623
verhalten_c_hurt_c,angriffe_mit_3_oder_mehr,,30
verhalten_c_hurt_c,davon_von_rechts,,19
verhalten_c_hurt_c,folgeangriff_andere_seite_binnen_60,,5
verhalten_c_hurt_c,zweiter_angreifer_nach_frames,n=16 min=1 med=58 max=248,16
verhalten_c_hurt_c,zweiter_angreifer_klasse,0-9,2
verhalten_c_hurt_c,zweiter_angreifer_klasse,20-29,1
verhalten_c_hurt_c,zweiter_angreifer_klasse,30-39,1
verhalten_c_hurt_c,zweiter_angreifer_klasse,40-49,2
verhalten_c_hurt_c,zweiter_angreifer_klasse,50-59,2
verhalten_c_hurt_c,zweiter_angreifer_klasse,60-69,1
verhalten_c_hurt_c,zweiter_angreifer_klasse,100-,7
lauf,groesse,wert,anzahl
verhalten_d_rechts,frames_mit_3_oder_mehr,,2687
verhalten_d_rechts,gleichzeitig_im_angriff,0,1969
verhalten_d_rechts,gleichzeitig_im_angriff,1,633
verhalten_d_rechts,gleichzeitig_im_angriff,2,85
verhalten_d_rechts,gleichzeitig_aktiv_s24,0,2228
verhalten_d_rechts,gleichzeitig_aktiv_s24,1,445
verhalten_d_rechts,gleichzeitig_aktiv_s24,2,14
verhalten_d_rechts,uebrige_zustand,abwarten (absdx n=2400 min=43 med=122 max=198),2400
verhalten_d_rechts,uebrige_zustand,aufstehen (absdx n=51 min=2 med=26 max=94),51
verhalten_d_rechts,uebrige_zustand,gehen (absdx n=4150 min=0 med=71 max=223),4150
verhalten_d_rechts,uebrige_zustand,getroffen/liegt (absdx n=127 min=17 med=17 max=26),127
verhalten_d_rechts,uebrige_zustand,kampfhaltung/erholung (absdx n=1832 min=0 med=55 max=78),1832
verhalten_d_rechts,uebrige_zustand,sonst (absdx n=44 min=1 med=17 max=17),44
verhalten_d_rechts,uebrige_zustand,spott (absdx n=1848 min=1 med=64 max=172),1848
verhalten_d_rechts,frames_gegner_nah_auf_beiden_seiten,,887
verhalten_d_rechts,angriffe_mit_3_oder_mehr,,39
verhalten_d_rechts,davon_von_rechts,,13
verhalten_d_rechts,folgeangriff_andere_seite_binnen_60,,9
verhalten_d_rechts,zweiter_angreifer_nach_frames,n=25 min=4 med=25 max=320,25
verhalten_d_rechts,zweiter_angreifer_klasse,0-9,2
verhalten_d_rechts,zweiter_angreifer_klasse,10-19,5
verhalten_d_rechts,zweiter_angreifer_klasse,20-29,7
verhalten_d_rechts,zweiter_angreifer_klasse,30-39,3
verhalten_d_rechts,zweiter_angreifer_klasse,40-49,3
verhalten_d_rechts,zweiter_angreifer_klasse,50-59,1
verhalten_d_rechts,zweiter_angreifer_klasse,100-,4
verhalten_bot_ohne,frames_mit_3_oder_mehr,,7456
verhalten_bot_ohne,gleichzeitig_im_angriff,0,5487
verhalten_bot_ohne,gleichzeitig_im_angriff,1,1664
verhalten_bot_ohne,gleichzeitig_im_angriff,2,296
verhalten_bot_ohne,gleichzeitig_im_angriff,3,9
verhalten_bot_ohne,gleichzeitig_aktiv_s24,0,6231
verhalten_bot_ohne,gleichzeitig_aktiv_s24,1,1151
verhalten_bot_ohne,gleichzeitig_aktiv_s24,2,74
verhalten_bot_ohne,uebrige_zustand,abwarten (absdx n=4062 min=0 med=127 max=261),4062
verhalten_bot_ohne,uebrige_zustand,aufstehen (absdx n=51 min=2 med=26 max=94),51
verhalten_bot_ohne,uebrige_zustand,gehen (absdx n=13223 min=0 med=77 max=325),13223
verhalten_bot_ohne,uebrige_zustand,getroffen/liegt (absdx n=1885 min=17 med=17 max=26),1885
verhalten_bot_ohne,uebrige_zustand,kampfhaltung/erholung (absdx n=3804 min=0 med=45 max=120),3804
verhalten_bot_ohne,uebrige_zustand,sonst (absdx n=592 min=0 med=17 max=56),592
verhalten_bot_ohne,uebrige_zustand,spott (absdx n=7275 min=0 med=79 max=325),7275
verhalten_bot_ohne,frames_gegner_nah_auf_beiden_seiten,,2807
verhalten_bot_ohne,angriffe_mit_3_oder_mehr,,110
verhalten_bot_ohne,davon_von_rechts,,54
verhalten_bot_ohne,folgeangriff_andere_seite_binnen_60,,33
verhalten_bot_ohne,zweiter_angreifer_nach_frames,n=79 min=0 med=24 max=458,79
verhalten_bot_ohne,zweiter_angreifer_klasse,0-9,12
verhalten_bot_ohne,zweiter_angreifer_klasse,10-19,20
verhalten_bot_ohne,zweiter_angreifer_klasse,20-29,15
verhalten_bot_ohne,zweiter_angreifer_klasse,30-39,8
verhalten_bot_ohne,zweiter_angreifer_klasse,40-49,5
verhalten_bot_ohne,zweiter_angreifer_klasse,60-69,1
verhalten_bot_ohne,zweiter_angreifer_klasse,70-79,3
verhalten_bot_ohne,zweiter_angreifer_klasse,100-,15
# messen_verhalten.py wellen (d_*, bot_*)
lauf,slot,typ,max_lp,belegt_frame,belegt_camx,x_beim_belegen,s5_frame,s5_camx,s5_x_minus_camx,aufwachen_frame,aufwachen_camx,aufwachen_dx,frei_frame,tod,tote_vor_belegen,tote_vor_s5,lebende_beim_belegen,dolg_lp_vorframe
verhalten_d_entf18,16,WOOKY,16,1,256,960,228,515,445,314,666,94,,nein,0,0,0,
verhalten_d_entf18,17,EDDY,30,1,256,880,182,435,445,288,620,60,,nein,0,0,0,
verhalten_d_entf18,18,WOOKY,16,1,256,688,1,256,432,125,335,153,150,nein,0,0,0,
verhalten_d_entf18,19,DOLG,0,1,256,2424,,,,,,,,nein,0,,0,
verhalten_d_entf18,15,SKIP,34,374,771,1185,374,771,414,,,,,nein,0,0,2,
verhalten_d_entf18,14,WOOKY,24,401,818,1152,402,820,332,,,,,nein,0,0,3,
verhalten_d_entf18,13,WOOKY,24,431,848,1152,432,848,304,,,,,nein,0,0,3,
verhalten_d_entf18,kamera,stillstand,,418,848,,3000,,,,,,frames=2583 figur_am_rand=2525 kampffaehig_anfang=3 kampffaehig_ende=3,,0,0
verhalten_d_entf1817,16,WOOKY,16,1,256,960,228,515,445,314,666,94,,nein,0,0,0,
verhalten_d_entf1817,17,EDDY,30,1,256,880,,,,,,,150,nein,0,,0,
verhalten_d_entf1817,18,WOOKY,16,1,256,688,1,256,432,125,335,153,150,nein,0,0,0,
verhalten_d_entf1817,19,DOLG,0,1,256,2424,,,,,,,,nein,0,,0,
verhalten_d_entf1817,15,SKIP,34,374,771,1185,374,771,414,,,,,nein,0,0,1,
verhalten_d_entf1817,14,WOOKY,24,401,818,1152,402,820,332,,,,,nein,0,0,2,
verhalten_d_entf1817,13,WOOKY,24,431,870,1152,432,872,280,,,,,nein,0,0,2,
verhalten_d_entf1817,12,EDDY,34,590,995,1344,591,995,349,,,,,nein,0,0,4,
verhalten_d_entf1817,11,EDDY,34,620,995,1344,621,995,349,,,,,nein,0,0,4,
verhalten_d_entf3,16,WOOKY,16,1,256,960,,,,,,,150,nein,0,,0,
verhalten_d_entf3,17,EDDY,30,1,256,880,,,,,,,150,nein,0,,0,
verhalten_d_entf3,18,WOOKY,16,1,256,688,1,256,432,125,335,153,150,nein,0,0,0,
verhalten_d_entf3,19,DOLG,0,1,256,2424,,,,,,,,nein,0,,0,
verhalten_d_entf3,15,SKIP,34,374,771,1185,374,771,414,,,,,nein,0,0,0,
verhalten_d_entf3,14,WOOKY,24,401,818,1152,402,820,332,,,,,nein,0,0,1,
verhalten_d_entf3,13,WOOKY,24,431,870,1152,432,872,280,,,,,nein,0,0,1,
verhalten_d_entf3,12,EDDY,34,922,994,1344,923,996,348,,,,,nein,0,0,3,
verhalten_d_entf3,11,EDDY,34,952,1047,1344,953,1048,296,,,,,nein,0,0,3,
verhalten_d_rechts,16,WOOKY,16,1,256,960,228,515,445,314,666,94,,nein,0,0,0,
verhalten_d_rechts,17,EDDY,30,1,256,880,182,435,445,288,620,60,,nein,0,0,0,
verhalten_d_rechts,18,WOOKY,16,1,256,688,1,256,432,125,335,153,,nein,0,0,0,
verhalten_d_rechts,19,DOLG,0,1,256,2424,,,,,,,,nein,0,,0,
verhalten_d_rechts,15,WOOKY,24,401,818,1152,402,820,332,,,,,nein,0,0,3,
verhalten_d_rechts,14,WOOKY,24,431,848,1152,432,848,304,,,,,nein,0,0,3,
verhalten_d_rechts,kamera,stillstand,,418,848,,3000,,,,,,frames=2583 figur_am_rand=2328 kampffaehig_anfang=3 kampffaehig_ende=3,,0,0
verhalten_bot_entfernt,16,WOOKY,16,1,256,960,228,515,445,314,666,94,420,nein,0,0,0,
verhalten_bot_entfernt,17,EDDY,30,1,256,880,182,435,445,288,620,60,420,nein,0,0,0,
verhalten_bot_entfernt,18,WOOKY,16,1,256,688,1,256,432,125,335,153,420,nein,0,0,0,
verhalten_bot_entfernt,19,DOLG,0,1,256,2424,4597,1996,428,,,,4629,ja,0,0,0,
verhalten_bot_entfernt,15,WOOKY,24,401,818,1152,402,820,332,,,,541,nein,0,0,3,
verhalten_bot_entfernt,14,SKIP,34,422,848,1264,422,848,416,,,,541,nein,0,0,0,
verhalten_bot_entfernt,13,WOOKY,24,431,866,1152,432,868,284,,,,541,nein,0,0,1,
verhalten_bot_entfernt,12,EDDY,34,610,995,1344,611,996,348,,,,697,nein,0,0,0,
verhalten_bot_entfernt,11,EDDY,34,640,1047,1344,641,1049,295,,,,697,nein,0,0,0,
verhalten_bot_entfernt,10,WOOKY,24,872,1346,1781,872,1346,435,,,,,nein,0,0,0,
verhalten_bot_entfernt,8,WOOKY,28,4630,2048,2016,4631,2048,-28,,,,4750,nein,1,1,0,
verhalten_bot_entfernt,9,WOOKY,28,4630,2048,2016,4631,2048,-28,,,,4750,nein,1,1,0,
verhalten_bot_entfernt,7,DICK,23,4752,2176,2144,4753,2176,-28,,,,4871,nein,1,1,0,
verhalten_bot_entfernt,kamera,stillstand,,4732,2176,,5192,,,,,,frames=461 figur_am_rand=401 kampffaehig_anfang=2 kampffaehig_ende=0,,1,1
verhalten_bot_entfernt,kamera,stillstand,,5434,2176,,6566,,,,,,frames=1133 figur_am_rand=848 kampffaehig_anfang=0 kampffaehig_ende=0,,1,1
verhalten_bot_entfernt,kamera,stillstand,,6787,2176,,7221,,,,,,frames=435 figur_am_rand=312 kampffaehig_anfang=0 kampffaehig_ende=0,,1,1
verhalten_bot_entfernt,kamera,stillstand,,7387,2176,,8000,,,,,,frames=614 figur_am_rand=369 kampffaehig_anfang=0 kampffaehig_ende=0,,1,1
verhalten_bot_kampf,16,WOOKY,16,1,256,960,315,515,445,401,639,121,643,ja,0,1,0,
verhalten_bot_kampf,17,EDDY,30,1,256,880,270,436,444,375,620,60,655,ja,0,0,0,
verhalten_bot_kampf,18,WOOKY,16,1,256,688,1,256,432,125,335,153,287,ja,0,0,0,
verhalten_bot_kampf,19,DOLG,0,1,256,2424,5005,1996,428,,,,6572,ja,0,9,0,
verhalten_bot_kampf,18,SKIP,34,637,770,1184,637,770,414,,,,1149,ja,1,1,0,
verhalten_bot_kampf,17,WOOKY,24,670,812,1152,671,814,338,,,,1318,ja,3,3,1,
verhalten_bot_kampf,16,WOOKY,24,700,827,1152,701,827,325,,,,1203,ja,3,3,1,
verhalten_bot_kampf,17,EDDY,34,1332,995,1344,1333,996,348,,,,1744,ja,6,6,0,
verhalten_bot_kampf,16,EDDY,34,1362,1047,1344,1363,1049,295,,,,1808,ja,6,6,0,
verhalten_bot_kampf,16,WOOKY,24,1819,1346,1780,1819,1346,434,,,,2119,ja,8,8,0,
verhalten_bot_kampf,16,WOOKY,28,5045,2048,2016,5046,2048,-28,,,,5651,ja,9,9,0,110
verhalten_bot_kampf,17,WOOKY,28,5045,2048,2016,5046,2048,-28,,,,5594,ja,9,9,0,110
verhalten_bot_kampf,16,EDDY,38,6002,2048,2016,6003,2050,-30,,,,6171,nein,11,11,0,1
verhalten_bot_kampf,17,EDDY,38,6002,2048,2016,6003,2050,-30,,,,6171,nein,11,11,0,1
verhalten_bot_kampf,18,DICK,24,6002,2048,2016,6003,2050,-30,,,,6171,nein,11,11,0,1
verhalten_bot_ohne,16,WOOKY,16,1,256,960,228,515,445,314,666,94,,nein,0,0,0,
verhalten_bot_ohne,17,EDDY,30,1,256,880,182,435,445,288,620,60,,nein,0,0,0,
verhalten_bot_ohne,18,WOOKY,16,1,256,688,1,256,432,125,335,153,,nein,0,0,0,
verhalten_bot_ohne,19,DOLG,0,1,256,2424,,,,,,,,nein,0,,0,
verhalten_bot_ohne,15,WOOKY,24,401,818,1152,402,820,332,,,,,nein,0,0,3,
verhalten_bot_ohne,14,WOOKY,24,431,848,1152,432,848,304,,,,,nein,0,0,3,
verhalten_bot_ohne,kamera,stillstand,,418,848,,8000,,,,,,frames=7583 figur_am_rand=5042 kampffaehig_anfang=3 kampffaehig_ende=5,,0,0
verhalten_bot_schnell,16,WOOKY,16,1,256,960,280,515,445,366,639,121,579,ja,0,0,0,
verhalten_bot_schnell,17,EDDY,30,1,256,880,235,436,444,340,620,60,461,ja,0,0,0,
verhalten_bot_schnell,18,WOOKY,16,1,256,688,1,256,432,125,335,153,287,ja,0,0,0,
verhalten_bot_schnell,19,DOLG,0,1,256,2424,3596,1994,430,,,,4580,ja,0,9,0,
verhalten_bot_schnell,17,SKIP,34,529,771,1185,529,771,414,,,,704,ja,2,2,0,
verhalten_bot_schnell,18,WOOKY,24,561,812,1152,562,814,338,,,,730,ja,2,2,1,
verhalten_bot_schnell,16,WOOKY,24,591,828,1152,592,828,324,,,,730,ja,3,3,1,
verhalten_bot_schnell,18,EDDY,34,745,994,1344,746,996,348,,,,889,ja,6,6,0,
verhalten_bot_schnell,16,EDDY,34,775,1047,1344,776,1048,296,,,,939,ja,6,6,0,
verhalten_bot_schnell,16,WOOKY,24,1033,1346,1780,1033,1346,434,,,,1182,ja,8,8,0,
verhalten_bot_schnell,16,EDDY,36,3636,2048,2016,3637,2048,-28,,,,3856,ja,9,9,0,1
verhalten_bot_schnell,17,DICK,22,3636,2048,2016,3637,2048,-28,,,,4170,nein,9,9,0,1
verhalten_bot_schnell,18,EDDY,36,3636,2048,2016,3637,2048,-28,,,,3802,ja,9,9,0,1
verhalten_bot_schnell,14,WOOKY,26,3745,2048,2016,3746,2048,-28,,,,4170,nein,9,9,1,1
verhalten_bot_schnell,15,WOOKY,26,3745,2048,2016,3746,2048,-28,,,,4226,nein,9,9,1,1
# messen_verhalten.py aktivierung (ohne Zeilen 'belegt')
lauf,frame,slot,typ,max_lp,ereignis,status,modus,x,x_minus_camx_vorher,x_minus_camx,camx,dx,dz,figur_x,rang
verhalten_akt_diag,210,18,WOOKY,16,weckreiz,21,0xe,688,383,382,306,182,-21,506,9
verhalten_akt_diag,226,18,WOOKY,16,st 2->1,11,0x0,688,363,362,326,162,-21,526,9
verhalten_akt_diag,374,17,EDDY,30,s5 0->1,21,0xa,880,447,445,435,245,-21,635,9
verhalten_akt_diag,452,17,EDDY,30,weckreiz,21,0xa,880,383,382,498,182,-21,698,10
verhalten_akt_diag,465,16,WOOKY,16,s5 0->1,21,0xa,960,447,445,515,245,-5,715,10
verhalten_akt_diag,521,17,EDDY,30,st 2->1,11,0xa,880,323,323,557,123,-21,757,10
verhalten_akt_diag,543,16,WOOKY,16,weckreiz,21,0xa,960,383,382,578,182,-5,778,10
verhalten_akt_diag,592,16,WOOKY,16,st 2->1,11,0xa,960,359,359,601,159,-5,801,10
verhalten_akt_eingriff_e,2,17,EDDY,30,s5 0->1,21,0xa,556,624,300,256,236,32,320,9
verhalten_akt_eingriff_e,2,17,EDDY,30,weckreiz,21,0xa,556,624,300,256,236,32,320,9
verhalten_akt_eingriff_e,71,17,EDDY,30,st 2->1,11,0xa,556,300,300,256,236,32,320,9
verhalten_akt_eingriff_e,408,18,WOOKY,16,weckreiz,21,0xe,688,383,381,307,181,16,507,9
verhalten_akt_eingriff_e,424,18,WOOKY,16,st 2->1,11,0x0,688,355,353,335,153,16,535,10
verhalten_akt_eingriff_e,500,17,EDDY,30,s5 1->0,10,0x2,401,-65,-67,468,-267,-2,668,10
verhalten_akt_eingriff_e,524,17,EDDY,30,s5 0->1,11,0x0,406,-66,-64,470,-264,-2,670,10
verhalten_akt_eingriff_w,2,18,WOOKY,16,weckreiz,21,0xe,600,432,344,256,280,16,320,9
verhalten_akt_eingriff_w,18,18,WOOKY,16,st 2->1,11,0x0,600,344,344,256,280,16,320,9
verhalten_akt_gerade,168,18,WOOKY,16,weckreiz,21,0xe,688,383,381,307,181,16,507,9
verhalten_akt_gerade,184,18,WOOKY,16,st 2->1,11,0x0,688,355,353,335,153,16,535,9
verhalten_akt_gerade,241,17,EDDY,30,s5 0->1,21,0xa,880,447,445,435,245,32,635,9
verhalten_akt_gerade,278,17,EDDY,30,weckreiz,21,0xa,880,382,381,499,181,32,699,9
verhalten_akt_gerade,287,16,WOOKY,16,s5 0->1,21,0xa,960,447,445,515,245,48,715,9
verhalten_akt_gerade,324,16,WOOKY,16,weckreiz,21,0xa,960,382,380,580,180,48,780,9
verhalten_akt_gerade,347,17,EDDY,30,st 2->1,11,0xa,880,262,260,620,60,32,820,9
verhalten_akt_gerade,373,16,WOOKY,16,st 2->1,11,0xa,960,296,294,666,94,48,866,9
verhalten_akt_gerade,461,15,WOOKY,24,s5 0->1,21,0xc,1152,334,332,820,132,-14,1020,10
verhalten_akt_gerade,491,14,WOOKY,24,s5 0->1,21,0xc,1152,332,332,820,132,-14,1020,10
verhalten_akt_gerade,1220,18,WOOKY,16,s5 1->0,10,0x0,1296,446,448,848,88,21,1208,11
verhalten_akt_gerade,1238,16,WOOKY,16,s5 1->0,10,0x0,1296,446,448,848,88,21,1208,11
verhalten_akt_gerade,1362,15,WOOKY,24,s5 1->0,10,0x0,1296,446,448,848,88,-11,1208,11
verhalten_akt_gerade,1367,17,EDDY,30,s5 1->0,10,0x6,1298,447,450,848,90,11,1208,11
verhalten_akt_gerade,1386,17,EDDY,30,s5 0->1,11,0x0,1294,448,446,848,86,9,1208,11
verhalten_akt_gerade,1472,15,WOOKY,24,s5 0->1,11,0x6,1294,448,446,848,86,-12,1208,11
verhalten_akt_spaet,708,18,WOOKY,16,weckreiz,21,0xe,688,383,381,307,181,16,507,10
verhalten_akt_spaet,724,18,WOOKY,16,st 2->1,11,0x0,688,355,353,335,153,16,535,10
verhalten_akt_spaet,781,17,EDDY,30,s5 0->1,21,0xa,880,447,445,435,245,32,635,10
verhalten_akt_spaet,818,17,EDDY,30,weckreiz,21,0xa,880,382,381,499,181,32,699,10
verhalten_akt_spaet,827,16,WOOKY,16,s5 0->1,21,0xa,960,447,445,515,245,48,715,10
verhalten_akt_spaet,864,16,WOOKY,16,weckreiz,21,0xa,960,382,380,580,180,48,780,10
verhalten_akt_spaet,887,17,EDDY,30,st 2->1,11,0xa,880,262,260,620,60,32,820,10
verhalten_akt_spaet,913,16,WOOKY,16,st 2->1,11,0xa,960,296,294,666,94,48,866,10
verhalten_akt_spaet,1001,15,WOOKY,24,s5 0->1,21,0xc,1152,334,332,820,132,-14,1020,10
verhalten_akt_spaet,1031,14,WOOKY,26,s5 0->1,21,0xc,1152,332,332,820,132,-14,1020,11
verhalten_akt_spaet,1760,18,WOOKY,16,s5 1->0,10,0x0,1296,446,448,848,88,21,1208,12
verhalten_akt_spaet,1765,18,WOOKY,16,s5 0->1,11,0x0,1294,448,446,848,86,21,1208,12
verhalten_akt_spaet,1838,16,WOOKY,16,s5 1->0,10,0x0,1296,446,448,848,88,21,1208,12
verhalten_akt_spaet,1945,18,WOOKY,16,s5 1->0,10,0x0,1297,447,449,848,89,21,1208,12
verhalten_akt_spaet,1966,18,WOOKY,16,s5 0->1,11,0x0,1294,449,446,848,86,21,1208,12
verhalten_akt_stage1,109,18,WOOKY,16,weckreiz,21,0xe,688,383,381,307,181,16,507,7
verhalten_akt_stage1,125,18,WOOKY,16,st 2->1,11,0x0,688,355,353,335,153,16,535,7
verhalten_akt_stage1,182,17,EDDY,30,s5 0->1,21,0xa,880,447,445,435,245,32,635,7
verhalten_akt_stage1,219,17,EDDY,30,weckreiz,21,0xa,880,382,381,499,181,32,699,8
verhalten_akt_stage1,228,16,WOOKY,16,s5 0->1,21,0xa,960,447,445,515,245,48,715,8
verhalten_akt_stage1,265,16,WOOKY,16,weckreiz,21,0xa,960,382,380,580,180,48,780,8
verhalten_akt_stage1,288,17,EDDY,30,st 2->1,11,0xa,880,262,260,620,60,32,820,8
verhalten_akt_stage1,314,16,WOOKY,16,st 2->1,11,0xa,960,296,294,666,94,48,866,8
verhalten_akt_stage1,402,15,WOOKY,24,s5 0->1,21,0xc,1152,334,332,820,132,-14,1020,8
verhalten_akt_stage1,432,14,WOOKY,24,s5 0->1,21,0xc,1152,332,332,820,132,-14,1020,8
verhalten_akt_stage1,1161,18,WOOKY,16,s5 1->0,10,0x0,1296,446,448,848,88,21,1208,9
verhalten_akt_stage1,1179,16,WOOKY,16,s5 1->0,10,0x0,1296,446,448,848,88,21,1208,9
verhalten_akt_stage1,1303,15,WOOKY,24,s5 1->0,10,0x0,1296,446,448,848,88,-11,1208,9
verhalten_akt_stage1,1308,17,EDDY,30,s5 1->0,10,0x6,1298,447,450,848,90,11,1208,9
verhalten_akt_stage1,1327,17,EDDY,30,s5 0->1,11,0x0,1294,448,446,848,86,9,1208,9
verhalten_akt_stage1,1413,15,WOOKY,24,s5 0->1,11,0x6,1294,448,446,848,86,-12,1208,10
verhalten_akt_stage1,1477,16,WOOKY,16,s5 0->1,11,0x6,1295,449,447,848,87,-12,1208,10
verhalten_akt_stufen,288,18,WOOKY,16,weckreiz,21,0xe,688,383,381,307,181,16,507,9
verhalten_akt_stufen,304,18,WOOKY,16,st 2->1,11,0x0,688,358,358,330,158,16,530,9
verhalten_akt_stufen,481,17,EDDY,30,s5 0->1,21,0xa,880,447,445,435,245,32,635,10
verhalten_akt_stufen,578,17,EDDY,30,weckreiz,21,0xa,880,382,381,499,181,32,699,10
verhalten_akt_stufen,587,16,WOOKY,16,s5 0->1,21,0xa,960,447,445,515,245,48,715,10
verhalten_akt_stufen,647,17,EDDY,30,st 2->1,11,0xa,880,340,340,540,140,32,740,10
verhalten_akt_stufen,684,16,WOOKY,16,weckreiz,21,0xa,960,382,380,580,180,48,780,10
verhalten_akt_stufen,692,18,WOOKY,16,s5 1->0,10,0x2,527,-65,-67,594,-267,-2,794,10
verhalten_akt_stufen,733,16,WOOKY,16,st 2->1,11,0xa,960,350,350,610,150,48,810,10
verhalten_akt_stufen,780,18,WOOKY,16,s5 0->1,11,0x0,548,-65,-62,610,-262,-2,810,10
verhalten_a_e1,2358,17,EDDY,30,s5 1->0,10,0x0,509,-64,-66,575,-90,-8,599,14
verhalten_a_e1,2602,17,EDDY,30,s5 0->1,11,0x0,512,-65,-63,575,-87,-56,599,15
verhalten_a_e2,13,16,WOOKY,16,st 2->1,11,0xa,960,342,342,618,142,18,818,10
verhalten_a_e2,1615,17,EDDY,30,s5 1->0,10,0x0,556,-64,-65,621,-89,-13,645,13
verhalten_a_e2,1779,17,EDDY,30,s5 0->1,11,0x0,557,-66,-64,621,-88,-41,645,13
verhalten_a_e2,2739,16,WOOKY,16,s5 1->0,10,0x0,555,-64,-66,621,-90,-17,645,15
verhalten_a_e2,2862,17,EDDY,30,s5 1->0,10,0x0,556,-63,-65,621,-89,-9,645,15
verhalten_a_e2,2957,16,WOOKY,16,s5 0->1,11,0x0,557,-66,-64,621,-88,-54,645,15
verhalten_a_e3,27,16,WOOKY,16,st 2->1,11,0xa,960,342,342,618,142,32,818,10
verhalten_a_e3,678,17,EDDY,30,s5 1->0,10,0x0,553,-62,-65,618,-89,21,642,11
verhalten_a_e3,819,17,EDDY,30,s5 0->1,11,0x0,555,-65,-63,618,-87,-21,642,12
verhalten_a_e3,834,17,EDDY,30,s5 1->0,10,0x0,553,-63,-65,618,-89,-5,642,12
verhalten_a_e3,1080,17,EDDY,30,s5 0->1,11,0x6,555,-65,-63,618,-87,11,642,12
verhalten_a_e3,2036,17,EDDY,30,s5 1->0,10,0x0,553,-63,-65,618,-89,1,642,14
verhalten_a_e3,2214,17,EDDY,30,s5 0->1,11,0x0,555,-65,-63,618,-202,-21,757,14
verhalten_a_e4,334,16,WOOKY,16,weckreiz,21,0xa,960,383,380,580,180,-4,780,11
verhalten_a_e4,383,16,WOOKY,16,st 2->1,11,0xa,960,250,250,710,50,-4,910,11
verhalten_a_e4,701,18,SKIP,36,s5 0->1,11,0x0,1186,-21,413,773,213,-68,973,11
verhalten_a_e4,722,15,WOOKY,26,s5 0->1,21,0xc,1152,344,344,808,144,-66,1008,12
verhalten_a_e4,752,14,WOOKY,26,s5 0->1,21,0xc,1152,344,344,808,144,-66,1008,12
verhalten_a_e5,2278,17,EDDY,30,s5 1->0,10,0x6,508,-64,-67,575,-91,-9,599,14
verhalten_a_e5,2335,17,EDDY,30,s5 0->1,11,0x0,512,-66,-63,575,-87,-32,599,14
verhalten_a_w1,1171,18,WOOKY,16,s5 1->0,10,0x0,264,-64,-66,330,-90,-21,354,12
verhalten_a_w1,1206,18,WOOKY,16,s5 0->1,11,0x0,266,-65,-64,330,-88,-46,354,12
verhalten_a_w1,2978,18,WOOKY,16,s5 1->0,10,0x0,265,-63,-65,330,-89,-21,354,15
verhalten_a_w1,2999,18,WOOKY,16,s5 0->1,11,0x0,266,-65,-64,330,-88,-5,354,15
verhalten_a_w2,1172,18,WOOKY,16,s5 1->0,10,0x0,272,-64,-66,338,-90,-22,362,11
verhalten_a_w2,1338,18,WOOKY,16,s5 0->1,11,0x0,274,-65,-64,338,-88,-56,362,12
verhalten_a_w3,1137,18,WOOKY,16,s5 1->0,10,0x0,264,-64,-66,330,-90,-21,354,12
verhalten_a_w3,1172,18,WOOKY,16,s5 0->1,11,0x0,266,-65,-64,330,-88,-44,354,12
verhalten_a_w5,408,17,EDDY,30,s5 0->1,21,0xa,880,447,444,436,244,48,636,10
verhalten_a_w5,734,17,EDDY,30,weckreiz,21,0xa,880,381,378,502,178,48,702,11
verhalten_a_w5,739,16,WOOKY,16,s5 0->1,21,0xa,960,446,443,517,243,64,717,11
verhalten_a_w5,761,16,WOOKY,16,weckreiz,21,0xa,960,383,380,580,180,64,780,11
verhalten_a_w5,803,17,EDDY,30,st 2->1,11,0xa,880,269,269,611,69,48,811,11
verhalten_a_w5,810,16,WOOKY,16,st 2->1,11,0xa,960,349,349,611,149,64,811,11
verhalten_a_w5,1981,17,EDDY,30,s5 1->0,10,0x0,546,-64,-65,611,-89,-2,635,13
verhalten_a_w5,2037,18,WOOKY,16,s5 1->0,10,0x0,545,-63,-66,611,-90,3,635,13
verhalten_a_w5,2059,17,EDDY,30,s5 0->1,11,0x0,549,-65,-62,611,-86,36,635,13
verhalten_a_w5,2092,18,WOOKY,16,s5 0->1,11,0x0,548,-66,-63,611,-87,-19,635,13
verhalten_a_w5,2284,16,WOOKY,16,s5 1->0,10,0x0,546,-64,-65,611,-89,6,635,13
verhalten_a_w5,2640,16,WOOKY,16,s5 0->1,11,0x0,547,-66,-64,611,-88,-24,635,14
verhalten_a_w5,2742,16,WOOKY,16,s5 1->0,10,0x0,545,-64,-66,611,-90,-4,635,14
verhalten_a_w5,2768,17,EDDY,30,s5 1->0,10,0x0,545,-64,-66,611,-90,-17,635,14
verhalten_a_w5,2952,16,WOOKY,16,s5 0->1,11,0x0,547,-65,-64,611,-88,-4,635,14
verhalten_a_w5,2969,16,WOOKY,16,s5 1->0,10,0x0,546,-64,-65,611,-89,13,635,14
verhalten_d_entf18,109,18,WOOKY,16,weckreiz,21,0xe,688,383,381,307,181,16,507,7
verhalten_d_entf18,125,18,WOOKY,16,st 2->1,11,0x0,688,355,353,335,153,16,535,7
verhalten_d_entf18,182,17,EDDY,30,s5 0->1,21,0xa,880,447,445,435,245,32,635,7
verhalten_d_entf18,219,17,EDDY,30,weckreiz,21,0xa,880,382,381,499,181,32,699,8
verhalten_d_entf18,228,16,WOOKY,16,s5 0->1,21,0xa,960,447,445,515,245,48,715,8
verhalten_d_entf18,265,16,WOOKY,16,weckreiz,21,0xa,960,382,380,580,180,48,780,8
verhalten_d_entf18,288,17,EDDY,30,st 2->1,11,0xa,880,262,260,620,60,32,820,8
verhalten_d_entf18,314,16,WOOKY,16,st 2->1,11,0xa,960,296,294,666,94,48,866,8
verhalten_d_entf18,374,15,SKIP,34,s5 0->1,11,0x0,1185,-769,414,771,214,-16,971,8
verhalten_d_entf18,402,14,WOOKY,24,s5 0->1,21,0xc,1152,334,332,820,132,-14,1020,8
verhalten_d_entf18,432,13,WOOKY,24,s5 0->1,21,0xc,1152,304,304,848,80,-14,1072,8
verhalten_d_entf18,945,17,EDDY,30,s5 1->0,10,0x0,1296,445,448,848,88,21,1208,9
verhalten_d_entf18,1012,17,EDDY,30,s5 0->1,11,0x6,1294,448,446,848,86,-12,1208,9
verhalten_d_entf18,1269,17,EDDY,30,s5 1->0,10,0x0,1298,447,450,848,90,21,1208,9
verhalten_d_entf18,1736,17,EDDY,30,s5 0->1,11,0x0,1294,449,446,848,86,-29,1208,10
verhalten_d_entf18,1921,14,WOOKY,24,s5 1->0,10,0x0,1297,446,449,848,89,-1,1208,10
verhalten_d_entf18,2273,14,WOOKY,24,s5 0->1,11,0x0,1294,449,446,848,86,-23,1208,11
verhalten_d_entf18,2498,16,WOOKY,16,s5 1->0,10,0x0,1297,446,449,848,89,2,1208,11
verhalten_d_entf18,2532,14,WOOKY,24,s5 1->0,10,0x0,1297,446,449,848,89,-23,1208,11
verhalten_d_entf18,2585,14,WOOKY,24,s5 0->1,11,0x0,1294,449,446,848,86,-1,1208,11
verhalten_d_entf18,2644,17,EDDY,30,s5 1->0,10,0x0,1296,446,448,848,88,1,1208,12
verhalten_d_entf18,2667,17,EDDY,30,s5 0->1,11,0x0,1294,448,446,848,86,-20,1208,12
verhalten_d_entf18,2907,17,EDDY,30,s5 1->0,10,0x0,1297,447,449,848,89,19,1208,12
verhalten_d_entf1817,109,18,WOOKY,16,weckreiz,21,0xe,688,383,381,307,181,16,507,7
verhalten_d_entf1817,125,18,WOOKY,16,st 2->1,11,0x0,688,355,353,335,153,16,535,7
verhalten_d_entf1817,228,16,WOOKY,16,s5 0->1,21,0xa,960,447,445,515,245,48,715,8
verhalten_d_entf1817,265,16,WOOKY,16,weckreiz,21,0xa,960,382,380,580,180,48,780,8
verhalten_d_entf1817,314,16,WOOKY,16,st 2->1,11,0xa,960,296,294,666,94,48,866,8
verhalten_d_entf1817,374,15,SKIP,34,s5 0->1,11,0x0,1185,-769,414,771,214,-16,971,8
verhalten_d_entf1817,402,14,WOOKY,24,s5 0->1,21,0xc,1152,334,332,820,132,-14,1020,8
verhalten_d_entf1817,432,13,WOOKY,24,s5 0->1,21,0xc,1152,282,280,872,80,-14,1072,8
verhalten_d_entf1817,591,12,EDDY,34,s5 0->1,21,0xc,1344,349,349,995,149,-14,1195,8
verhalten_d_entf1817,621,11,EDDY,34,s5 0->1,21,0xc,1344,349,349,995,149,-14,1195,8
verhalten_d_entf1817,1108,15,SKIP,34,s5 1->0,10,0x0,1117,-66,-67,1184,-267,-23,1384,9
verhalten_d_entf1817,1157,16,WOOKY,16,s5 1->0,10,0x0,1202,-66,-67,1269,-267,21,1469,9
verhalten_d_entf1817,1170,11,EDDY,34,s5 1->0,10,0x2,1225,-65,-67,1292,-267,18,1492,9
verhalten_d_entf1817,1178,16,WOOKY,16,s5 0->1,11,0x0,1240,-66,-66,1306,-266,19,1506,9
verhalten_d_entf1817,1195,16,WOOKY,16,s5 1->0,10,0x2,1269,-65,-67,1336,-267,17,1536,9
verhalten_d_entf1817,1222,15,SKIP,34,s5 0->1,11,0x0,1313,-65,-63,1376,-270,-27,1583,9
verhalten_d_entf1817,1266,11,EDDY,34,s5 0->1,11,0x0,1312,-66,-64,1376,-298,18,1610,9
verhalten_d_entf1817,1322,16,WOOKY,16,s5 0->1,11,0x0,1313,-65,-63,1376,-297,12,1610,9
verhalten_d_entf3,109,18,WOOKY,16,weckreiz,21,0xe,688,383,381,307,181,16,507,7
verhalten_d_entf3,125,18,WOOKY,16,st 2->1,11,0x0,688,355,353,335,153,16,535,7
verhalten_d_entf3,374,15,SKIP,34,s5 0->1,11,0x0,1185,-769,414,771,214,-16,971,8
verhalten_d_entf3,402,14,WOOKY,24,s5 0->1,21,0xc,1152,334,332,820,132,-14,1020,8
verhalten_d_entf3,432,13,WOOKY,24,s5 0->1,21,0xc,1152,282,280,872,80,-14,1072,8
verhalten_d_entf3,923,12,EDDY,34,s5 0->1,21,0xc,1344,350,348,996,148,-14,1196,9
verhalten_d_entf3,953,11,EDDY,34,s5 0->1,21,0xc,1344,297,296,1048,96,-14,1248,9
verhalten_d_entf3,1204,14,WOOKY,24,s5 1->0,10,0x4,1266,-66,-68,1334,-268,0,1534,9
verhalten_d_entf3,1230,14,WOOKY,24,s5 0->1,11,0x0,1312,-66,-64,1376,-267,4,1579,9
verhalten_d_rechts,109,18,WOOKY,16,weckreiz,21,0xe,688,383,381,307,181,16,507,7
verhalten_d_rechts,125,18,WOOKY,16,st 2->1,11,0x0,688,355,353,335,153,16,535,7
verhalten_d_rechts,182,17,EDDY,30,s5 0->1,21,0xa,880,447,445,435,245,32,635,7
verhalten_d_rechts,219,17,EDDY,30,weckreiz,21,0xa,880,382,381,499,181,32,699,8
verhalten_d_rechts,228,16,WOOKY,16,s5 0->1,21,0xa,960,447,445,515,245,48,715,8
verhalten_d_rechts,265,16,WOOKY,16,weckreiz,21,0xa,960,382,380,580,180,48,780,8
verhalten_d_rechts,288,17,EDDY,30,st 2->1,11,0xa,880,262,260,620,60,32,820,8
verhalten_d_rechts,314,16,WOOKY,16,st 2->1,11,0xa,960,296,294,666,94,48,866,8
verhalten_d_rechts,402,15,WOOKY,24,s5 0->1,21,0xc,1152,334,332,820,132,-14,1020,8
verhalten_d_rechts,432,14,WOOKY,24,s5 0->1,21,0xc,1152,304,304,848,80,-14,1072,8
verhalten_d_rechts,835,17,EDDY,30,s5 1->0,10,0x0,1298,447,450,848,90,-3,1208,9
verhalten_d_rechts,1031,16,WOOKY,16,s5 1->0,10,0x0,1296,446,448,848,88,21,1208,9
verhalten_d_rechts,1046,16,WOOKY,16,s5 0->1,11,0x0,1294,448,446,848,86,21,1208,9
verhalten_d_rechts,1259,15,WOOKY,24,s5 1->0,10,0x0,1297,447,449,848,89,8,1208,9
verhalten_d_rechts,1331,17,EDDY,30,s5 0->1,11,0x0,1295,449,447,848,87,-43,1208,9
verhalten_d_rechts,1404,16,WOOKY,16,s5 1->0,10,0x0,1296,446,448,848,88,-18,1208,9
verhalten_d_rechts,1431,16,WOOKY,16,s5 0->1,11,0x0,1294,448,446,848,86,-23,1208,10
verhalten_d_rechts,1469,18,WOOKY,16,s5 1->0,10,0x0,1296,446,448,848,88,21,1208,10
verhalten_d_rechts,1473,15,WOOKY,24,s5 0->1,11,0x6,1294,448,446,848,86,12,1208,10
verhalten_d_rechts,1509,18,WOOKY,16,s5 0->1,11,0x6,1294,448,446,848,86,3,1208,10
verhalten_d_rechts,1602,16,WOOKY,16,s5 1->0,10,0x0,1296,446,448,848,88,-23,1208,10
verhalten_d_rechts,1977,16,WOOKY,16,s5 0->1,11,0x6,1294,448,446,848,86,-1,1208,10
verhalten_d_rechts,2075,15,WOOKY,24,s5 1->0,10,0x0,1297,447,449,848,89,-14,1208,11
verhalten_d_rechts,2126,14,WOOKY,24,s5 1->0,10,0x0,1296,446,448,848,88,17,1208,11
verhalten_d_rechts,2204,14,WOOKY,24,s5 0->1,11,0x6,1294,448,446,848,86,13,1208,11
verhalten_d_rechts,2326,15,WOOKY,24,s5 0->1,11,0x0,1294,448,446,848,86,21,1208,11
verhalten_d_rechts,2433,17,EDDY,30,s5 1->0,10,0x0,1298,447,450,848,90,21,1208,11
verhalten_d_rechts,2509,17,EDDY,30,s5 0->1,11,0x0,1295,449,447,848,223,-1,1072,11
verhalten_d_rechts,2722,17,EDDY,30,s5 1->0,10,0x0,1296,445,448,848,88,8,1208,12
verhalten_d_rechts,2985,14,WOOKY,24,s5 1->0,10,0x0,1296,446,448,848,88,17,1208,12
verhalten_bot_entfernt,109,18,WOOKY,16,weckreiz,21,0xe,688,383,381,307,181,16,507,7
verhalten_bot_entfernt,125,18,WOOKY,16,st 2->1,11,0x0,688,355,353,335,153,16,535,7
verhalten_bot_entfernt,182,17,EDDY,30,s5 0->1,21,0xa,880,447,445,435,245,32,635,7
verhalten_bot_entfernt,219,17,EDDY,30,weckreiz,21,0xa,880,382,381,499,181,32,699,8
verhalten_bot_entfernt,228,16,WOOKY,16,s5 0->1,21,0xa,960,447,445,515,245,48,715,8
verhalten_bot_entfernt,265,16,WOOKY,16,weckreiz,21,0xa,960,382,380,580,180,48,780,8
verhalten_bot_entfernt,288,17,EDDY,30,st 2->1,11,0xa,880,262,260,620,60,32,820,8
verhalten_bot_entfernt,314,16,WOOKY,16,st 2->1,11,0xa,960,296,294,666,94,48,866,8
verhalten_bot_entfernt,402,15,WOOKY,24,s5 0->1,21,0xc,1152,334,332,820,132,-14,1020,8
verhalten_bot_entfernt,422,14,SKIP,34,s5 0->1,11,0x0,1264,-848,416,848,209,-16,1055,8
verhalten_bot_entfernt,432,13,WOOKY,24,s5 0->1,21,0xc,1152,286,284,868,80,-14,1072,8
verhalten_bot_entfernt,611,12,EDDY,34,s5 0->1,21,0xc,1344,349,348,996,148,-14,1196,8
verhalten_bot_entfernt,641,11,EDDY,34,s5 0->1,21,0xc,1344,297,295,1049,95,-14,1249,8
verhalten_bot_entfernt,872,10,WOOKY,24,s5 0->1,21,0x6,1781,-1345,435,1346,235,-128,1546,9
verhalten_bot_entfernt,4593,10,WOOKY,24,s5 1->0,20,0x6,1922,-66,-67,1989,-267,-4,2189,15
verhalten_bot_entfernt,4597,19,DOLG,0,s5 0->1,11,0xa,2424,430,428,1996,228,70,2196,15
verhalten_bot_entfernt,4631,8,WOOKY,28,s5 0->1,11,0x10,2020,-32,-28,2048,-235,14,2255,15
verhalten_bot_entfernt,4631,9,WOOKY,28,s5 0->1,11,0x10,2020,-32,-28,2048,-235,46,2255,15
verhalten_bot_entfernt,4634,10,WOOKY,24,s5 0->1,21,0x6,1984,-66,-64,2048,-276,-4,2260,15
verhalten_bot_entfernt,4753,7,DICK,23,s5 0->1,11,0x10,2148,-32,-28,2176,-321,62,2469,15
verhalten_bot_kampf,109,18,WOOKY,16,weckreiz,21,0xe,688,383,381,307,181,16,507,7
verhalten_bot_kampf,125,18,WOOKY,16,st 2->1,11,0x0,688,355,353,335,153,16,535,7
verhalten_bot_kampf,270,17,EDDY,30,s5 0->1,21,0xa,880,446,444,436,244,16,636,8
verhalten_bot_kampf,306,17,EDDY,30,weckreiz,21,0xa,880,383,381,499,181,16,699,8
verhalten_bot_kampf,315,16,WOOKY,16,s5 0->1,21,0xa,960,447,445,515,245,32,715,8
verhalten_bot_kampf,352,16,WOOKY,16,weckreiz,21,0xa,960,382,381,579,181,32,779,8
verhalten_bot_kampf,375,17,EDDY,30,st 2->1,11,0xa,880,262,260,620,60,16,820,8
verhalten_bot_kampf,401,16,WOOKY,16,st 2->1,11,0xa,960,321,321,639,121,21,839,8
verhalten_bot_kampf,637,18,SKIP,34,s5 0->1,11,0x0,1184,-4,414,770,214,-31,970,8
verhalten_bot_kampf,671,17,WOOKY,24,s5 0->1,21,0xc,1152,340,338,814,138,-6,1014,8
verhalten_bot_kampf,701,16,WOOKY,24,s5 0->1,21,0xc,1152,325,325,827,125,0,1027,8
verhalten_bot_kampf,949,17,WOOKY,24,s5 1->0,20,0xc,867,-65,-67,934,-267,15,1134,9
verhalten_bot_kampf,1019,17,WOOKY,24,s5 0->1,11,0x0,900,-65,-63,963,-263,2,1163,9
verhalten_bot_kampf,1333,17,EDDY,34,s5 0->1,21,0xc,1344,349,348,996,148,30,1196,9
verhalten_bot_kampf,1363,16,EDDY,34,s5 0->1,21,0xc,1344,297,295,1049,95,30,1249,9
verhalten_bot_kampf,1819,16,WOOKY,24,s5 0->1,21,0x6,1780,265,434,1346,234,-124,1546,10
verhalten_bot_kampf,5005,19,DOLG,0,s5 0->1,11,0xa,2424,430,428,1996,228,70,2196,15
verhalten_bot_kampf,5046,16,WOOKY,28,s5 0->1,11,0x10,2020,-32,-28,2048,-233,25,2253,16
verhalten_bot_kampf,5046,17,WOOKY,28,s5 0->1,11,0x10,2020,-32,-28,2048,-233,-7,2253,16
verhalten_bot_kampf,5358,16,WOOKY,28,s5 1->0,10,0x0,1983,-64,-65,2048,-273,-6,2256,16
verhalten_bot_kampf,5369,16,WOOKY,28,s5 0->1,11,0x0,1984,-65,-64,2048,-272,-18,2256,16
verhalten_bot_kampf,5532,17,WOOKY,28,s5 1->0,20,0x4,1982,-64,-66,2048,-162,-9,2144,16
verhalten_bot_kampf,5612,16,WOOKY,28,s5 1->0,20,0x4,1982,-63,-66,2048,-175,9,2157,17
verhalten_bot_kampf,6003,16,EDDY,38,s5 0->1,11,0x10,2020,-32,-30,2050,-285,46,2305,17
verhalten_bot_kampf,6003,17,EDDY,38,s5 0->1,11,0x10,2020,-32,-30,2050,-285,14,2305,17
verhalten_bot_kampf,6003,18,DICK,24,s5 0->1,11,0x10,2020,-32,-30,2050,-285,62,2305,17
verhalten_bot_kampf,6092,18,DICK,24,s5 1->0,20,0x2,2023,-64,-69,2092,-325,48,2348,17
verhalten_bot_kampf,6094,16,EDDY,38,s5 1->0,20,0x2,2024,-65,-69,2093,-325,32,2349,17
verhalten_bot_kampf,6094,17,EDDY,38,s5 1->0,20,0x2,2024,-66,-69,2093,-325,0,2349,17
verhalten_bot_ohne,109,18,WOOKY,16,weckreiz,21,0xe,688,383,381,307,181,16,507,7
verhalten_bot_ohne,125,18,WOOKY,16,st 2->1,11,0x0,688,355,353,335,153,16,535,7
verhalten_bot_ohne,182,17,EDDY,30,s5 0->1,21,0xa,880,447,445,435,245,32,635,7
verhalten_bot_ohne,219,17,EDDY,30,weckreiz,21,0xa,880,382,381,499,181,32,699,8
verhalten_bot_ohne,228,16,WOOKY,16,s5 0->1,21,0xa,960,447,445,515,245,48,715,8
verhalten_bot_ohne,265,16,WOOKY,16,weckreiz,21,0xa,960,382,380,580,180,48,780,8
verhalten_bot_ohne,288,17,EDDY,30,st 2->1,11,0xa,880,262,260,620,60,32,820,8
verhalten_bot_ohne,314,16,WOOKY,16,st 2->1,11,0xa,960,296,294,666,94,48,866,8
verhalten_bot_ohne,402,15,WOOKY,24,s5 0->1,21,0xc,1152,334,332,820,132,-14,1020,8
verhalten_bot_ohne,432,14,WOOKY,24,s5 0->1,21,0xc,1152,304,304,848,80,-14,1072,8
verhalten_bot_ohne,835,17,EDDY,30,s5 1->0,10,0x0,1298,447,450,848,90,-3,1208,9
verhalten_bot_ohne,936,17,EDDY,30,s5 0->1,11,0x6,1294,448,446,848,86,-13,1208,9
verhalten_bot_ohne,950,16,WOOKY,16,s5 1->0,10,0x0,1297,447,449,848,89,16,1208,9
verhalten_bot_ohne,973,16,WOOKY,16,s5 0->1,11,0x0,1295,449,447,848,87,-9,1208,9
verhalten_bot_ohne,1053,18,WOOKY,16,s5 1->0,10,0x0,1296,447,448,848,88,0,1208,9
verhalten_bot_ohne,1139,17,EDDY,30,s5 1->0,10,0x0,1297,447,449,848,89,-2,1208,9
verhalten_bot_ohne,1160,17,EDDY,30,s5 0->1,11,0x0,1295,449,447,848,87,0,1208,9
verhalten_bot_ohne,1165,18,WOOKY,16,s5 0->1,11,0x0,1294,448,446,848,86,-60,1208,9
verhalten_bot_ohne,1257,15,WOOKY,24,s5 1->0,10,0x0,1296,447,448,848,88,0,1208,9
verhalten_bot_ohne,1339,16,WOOKY,16,s5 1->0,10,0x0,1296,446,448,848,88,-7,1208,9
verhalten_bot_ohne,1499,16,WOOKY,16,s5 0->1,11,0x0,1294,448,446,848,86,35,1208,10
verhalten_bot_ohne,1501,17,EDDY,30,s5 1->0,10,0x0,1297,446,449,848,89,25,1208,10
verhalten_bot_ohne,1550,17,EDDY,30,s5 0->1,11,0x0,1295,449,447,848,87,0,1208,10
verhalten_bot_ohne,1610,14,WOOKY,24,s5 1->0,10,0x0,1297,447,449,848,89,-3,1208,10
verhalten_bot_ohne,1631,16,WOOKY,16,s5 1->0,10,0x0,1296,446,448,848,88,15,1208,10
verhalten_bot_ohne,1687,17,EDDY,30,s5 1->0,10,0x0,1297,447,449,848,111,-6,1186,10
verhalten_bot_ohne,1737,17,EDDY,30,s5 0->1,11,0x6,1295,449,447,848,87,-12,1208,10
verhalten_bot_ohne,1783,14,WOOKY,24,s5 0->1,11,0x6,1295,449,447,848,87,12,1208,10
verhalten_bot_ohne,1931,16,WOOKY,16,s5 0->1,11,0x0,1295,450,447,848,159,5,1136,10
verhalten_bot_ohne,2018,15,WOOKY,24,s5 0->1,11,0x0,1294,448,446,848,230,10,1064,11
verhalten_bot_ohne,2758,18,WOOKY,16,s5 1->0,10,0x0,1297,446,449,848,90,1,1207,12
verhalten_bot_ohne,2806,17,EDDY,30,s5 1->0,10,0x0,1298,447,450,848,90,2,1208,12
verhalten_bot_ohne,3061,18,WOOKY,16,s5 0->1,11,0x0,1293,448,445,848,85,24,1208,12
verhalten_bot_ohne,3209,17,EDDY,30,s5 0->1,11,0x0,1295,449,447,848,223,26,1072,13
verhalten_bot_ohne,4235,18,WOOKY,16,s5 1->0,10,0x0,1296,446,448,848,110,-6,1186,14
verhalten_bot_ohne,4406,16,WOOKY,16,s5 1->0,10,0x0,1296,446,448,848,88,-27,1208,14
verhalten_bot_ohne,4539,17,EDDY,30,s5 1->0,10,0x0,1296,446,448,848,88,-14,1208,15
verhalten_bot_ohne,4586,18,WOOKY,16,s5 0->1,11,0x0,1294,448,446,848,86,-62,1208,15
verhalten_bot_ohne,4706,17,EDDY,30,s5 0->1,11,0x0,1293,448,445,848,135,-24,1158,15
verhalten_bot_ohne,4717,16,WOOKY,16,s5 0->1,11,0x0,1295,448,447,848,151,0,1144,15
verhalten_bot_ohne,5092,17,EDDY,30,s5 1->0,10,0x0,1297,447,449,848,105,-8,1192,16
verhalten_bot_ohne,5238,17,EDDY,30,s5 0->1,11,0x0,1295,449,447,848,171,0,1124,16
verhalten_bot_ohne,5587,18,WOOKY,16,s5 1->0,10,0x0,1297,447,449,848,89,-12,1208,16
verhalten_bot_ohne,5669,16,WOOKY,16,s5 1->0,10,0x0,1296,446,448,848,88,4,1208,17
verhalten_bot_ohne,5727,18,WOOKY,16,s5 0->1,11,0x6,1295,449,447,848,87,13,1208,17
verhalten_bot_ohne,5774,15,WOOKY,24,s5 1->0,10,0x0,1297,446,449,848,89,59,1208,17
verhalten_bot_ohne,5879,18,WOOKY,16,s5 1->0,10,0x0,1297,447,449,848,89,-40,1208,17
verhalten_bot_ohne,5897,16,WOOKY,16,s5 0->1,11,0x6,1295,449,447,848,87,-11,1208,17
verhalten_bot_ohne,5948,17,EDDY,30,s5 1->0,10,0x0,1296,447,448,848,88,-26,1208,17
verhalten_bot_ohne,5955,17,EDDY,30,s5 0->1,11,0x0,1295,448,447,848,87,-19,1208,17
verhalten_bot_ohne,6068,18,WOOKY,16,s5 0->1,11,0x0,1295,449,447,848,156,-1,1139,17
verhalten_bot_ohne,6103,15,WOOKY,24,s5 0->1,11,0x0,1295,450,447,848,223,0,1072,17
verhalten_bot_ohne,6762,14,WOOKY,24,s5 1->0,10,0x0,1297,446,449,848,89,8,1208,18
verhalten_bot_ohne,6923,14,WOOKY,24,s5 0->1,11,0x0,1295,449,447,848,225,-17,1070,19
verhalten_bot_schnell,109,18,WOOKY,16,weckreiz,21,0xe,688,383,381,307,181,16,507,7
verhalten_bot_schnell,125,18,WOOKY,16,st 2->1,11,0x0,688,355,353,335,153,16,535,7
verhalten_bot_schnell,235,17,EDDY,30,s5 0->1,21,0xa,880,446,444,436,244,16,636,8
verhalten_bot_schnell,271,17,EDDY,30,weckreiz,21,0xa,880,383,381,499,181,16,699,8
verhalten_bot_schnell,280,16,WOOKY,16,s5 0->1,21,0xa,960,447,445,515,245,32,715,8
verhalten_bot_schnell,317,16,WOOKY,16,weckreiz,21,0xa,960,382,381,579,181,32,779,8
verhalten_bot_schnell,340,17,EDDY,30,st 2->1,11,0xa,880,262,260,620,60,16,820,8
verhalten_bot_schnell,366,16,WOOKY,16,st 2->1,11,0xa,960,321,321,639,121,19,839,8
verhalten_bot_schnell,529,17,SKIP,34,s5 0->1,11,0x0,1185,249,414,771,214,-33,971,8
verhalten_bot_schnell,562,18,WOOKY,24,s5 0->1,21,0xc,1152,340,338,814,138,-8,1014,8
verhalten_bot_schnell,592,16,WOOKY,24,s5 0->1,21,0xc,1152,324,324,828,124,-1,1028,8
verhalten_bot_schnell,746,18,EDDY,34,s5 0->1,21,0xc,1344,350,348,996,148,-1,1196,8
verhalten_bot_schnell,776,16,EDDY,34,s5 0->1,21,0xc,1344,297,296,1048,96,-1,1248,8
verhalten_bot_schnell,1033,16,WOOKY,24,s5 0->1,21,0x6,1780,135,434,1346,234,-115,1546,9
verhalten_bot_schnell,3596,19,DOLG,0,s5 0->1,11,0xa,2424,431,430,1994,230,70,2194,13
verhalten_bot_schnell,3637,16,EDDY,36,s5 0->1,11,0x10,2020,-32,-28,2048,-233,26,2253,13
verhalten_bot_schnell,3637,17,DICK,22,s5 0->1,11,0x10,2020,-32,-28,2048,-233,42,2253,13
verhalten_bot_schnell,3637,18,EDDY,36,s5 0->1,11,0x10,2020,-32,-28,2048,-233,-6,2253,13
verhalten_bot_schnell,3746,14,WOOKY,26,s5 0->1,11,0x10,2020,-32,-28,2048,-171,3,2191,13
verhalten_bot_schnell,3746,15,WOOKY,26,s5 0->1,11,0x10,2020,-32,-28,2048,-171,35,2191,13
verhalten_bot_schnell,4114,14,WOOKY,26,s5 1->0,20,0x6,2042,-63,-68,2110,-324,-8,2366,14
verhalten_bot_schnell,4180,19,DOLG,72,s5 1->0,20,0x8,2114,-49,-50,2164,-306,10,2420,14
# messen_verhalten.py annaeherung
lauf,slot,typ,max_lp,gehen_von,stillstand,frames,vx,vz,dx_start,dz_start,dx_stillstand,dz_stillstand,figur_bewegt,figur_status,erster_angriff,frames_bis_angriff,rang,tempo_letzter_schritt
verhalten_a_e1,17,EDDY,30,4,38,34,-1.7500,0.0000,105,0,47,0,nein,1,E-A,21,10,normal
verhalten_a_e1,17,EDDY,30,769,784,15,-1.7500,0.0000,71,-9,46,-9,nein,1,E-C,17,12,normal
verhalten_a_e1,17,EDDY,30,1160,1193,33,-1.7302,0.0945,18,-9,-37,-6,nein,3,E-C,17,12,normal
verhalten_a_e1,17,EDDY,30,1579,1681,102,1.6736,0.1431,-71,-6,-3,9,ja,3,E-D,17,13,schnell
verhalten_a_e1,17,EDDY,30,1852,1882,30,-1.7500,0.0000,97,-8,46,-8,nein,1,E-C,17,13,normal
verhalten_a_e2,17,EDDY,30,4,14,10,-1.7500,0.0000,62,2,46,2,nein,1,E-A,21,10,normal
verhalten_a_e2,16,WOOKY,16,30,109,79,-1.1013,-0.2583,142,18,56,-3,nein,1,W-A,21,11,schnell
verhalten_a_e2,17,EDDY,30,265,316,51,-1.7148,0.1680,55,2,-31,10,nein,3,E-A,21,11,normal
verhalten_a_e2,17,EDDY,30,993,1049,56,-0.8591,-0.4139,94,22,46,-1,nein,1,E-C,17,12,schnell
verhalten_a_e2,17,EDDY,30,1339,1340,1,0.0000,0.0000,-13,-1,-13,-1,nein,3,E-D,17,13,unklar
verhalten_a_e2,17,EDDY,30,1404,1443,39,-1.7500,0.0000,113,-1,47,-1,nein,1,E-A,17,13,normal
verhalten_a_e2,17,EDDY,30,2253,2300,47,-0.8479,-0.1236,95,7,56,1,nein,1,E-C,17,14,schnell
verhalten_a_e2,16,WOOKY,16,2219,2314,95,-0.5985,0.2431,112,-20,56,3,nein,1,W-A,17,14,schnell
verhalten_a_e2,16,WOOKY,16,2457,2462,5,-2.1191,0.0088,56,3,47,3,nein,1,W-C,17,14,schnell
verhalten_a_e3,17,EDDY,30,18,45,27,-1.7175,-0.1550,62,16,17,11,nein,1,E-A,21,10,normal
verhalten_a_e3,16,WOOKY,16,354,382,28,-1.6133,-0.3320,76,20,32,11,nein,1,W-A,21,11,normal
verhalten_a_e3,17,EDDY,30,1080,1097,17,1.9966,-0.4990,-87,11,-55,3,nein,1,E-D,17,12,schnell
verhalten_a_e3,17,EDDY,30,1699,1780,81,-0.9089,-0.0291,128,5,55,3,nein,1,E-A,17,13,schnell
verhalten_a_e3,16,WOOKY,16,1722,1784,62,-1.3277,-0.0008,136,3,55,3,nein,1,W-A,17,13,schnell
verhalten_a_e3,17,EDDY,30,2393,2477,84,0.8812,0.0409,-128,-6,-55,-3,nein,1,E-D,17,14,schnell
verhalten_a_e3,16,WOOKY,16,2646,2729,83,0.3696,0.2329,26,-23,56,-4,nein,1,W-A,17,15,schnell
verhalten_a_e3,16,WOOKY,16,2913,2914,1,0.0000,0.0000,56,-4,56,-4,nein,1,W-E,17,15,unklar
verhalten_a_e4,17,EDDY,30,134,167,33,-1.7148,0.1680,37,-16,-18,-10,nein,1,E-A,21,11,normal
verhalten_a_e4,16,WOOKY,16,790,791,1,0.0000,0.0000,-33,1,-33,1,nein,3,W-C,17,12,unklar
verhalten_a_e4,15,WOOKY,26,1465,1527,62,0.3722,0.3197,-78,-21,-55,-1,nein,1,W-C,17,13,schnell
verhalten_a_e4,14,WOOKY,26,1650,1702,52,1.4820,0.3691,-132,-20,-56,-1,nein,1,,,13,schnell
verhalten_a_e4,14,WOOKY,26,1717,1836,119,0.4691,0.0154,-56,-1,-1,1,nein,3,W-A,17,13,schnell
verhalten_a_e4,15,WOOKY,26,2228,2458,230,0.2472,0.0728,-112,-20,-55,-4,nein,1,W-A,17,14,schnell
verhalten_a_e4,14,WOOKY,26,2705,2792,87,-0.1005,0.4056,-47,-36,-55,-1,nein,1,W-A,17,15,schnell
verhalten_a_e4,15,WOOKY,26,2796,2884,88,0.7608,0.2028,-122,-19,-56,-1,nein,3,W-C,17,15,schnell
verhalten_a_e5,17,EDDY,30,134,169,35,-1.7500,0.0000,106,0,47,0,nein,1,E-A,21,11,normal
verhalten_a_e5,17,EDDY,30,444,467,23,-1.7500,0.0000,85,0,46,0,nein,3,E-C,21,11,normal
verhalten_a_e5,17,EDDY,30,1160,1168,8,-1.2344,0.6172,-34,-15,-43,-10,nein,1,E-C,17,12,normal
verhalten_a_e5,17,EDDY,30,1410,1456,46,1.1273,0.2147,-52,-10,-1,-1,nein,3,E-A,17,13,normal
verhalten_a_e5,17,EDDY,30,1583,1658,75,-0.9457,0.0487,125,-1,55,3,nein,1,E-C,17,13,schnell
verhalten_a_e5,17,EDDY,30,1947,1957,10,-0.8750,-0.7214,55,3,47,-4,nein,1,E-A,17,14,normal
verhalten_a_e5,17,EDDY,30,2121,2223,102,-1.6919,-0.0537,82,-4,11,-9,ja,3,E-D,17,14,normal
verhalten_a_e5,17,EDDY,30,2335,2459,124,1.1668,0.2279,-87,-32,56,-4,nein,1,E-D,17,14,schnell
verhalten_a_e5,17,EDDY,30,2671,2672,1,0.0000,0.0000,-7,10,-7,10,nein,1,E-D,17,15,unklar
verhalten_a_w1,18,WOOKY,16,1,40,39,-1.7148,0.1680,111,3,46,10,nein,1,W-A,21,10,normal
verhalten_a_w1,18,WOOKY,16,384,425,41,-1.7148,-0.1680,115,3,46,-3,nein,1,W-A,21,10,normal
verhalten_a_w1,18,WOOKY,16,1934,2001,67,-1.1003,0.3194,128,-22,55,0,nein,1,W-A,17,13,schnell
verhalten_a_w1,18,WOOKY,16,2289,2295,6,-1.7289,-0.0336,55,0,47,-1,nein,1,W-A,17,14,normal
verhalten_a_w1,18,WOOKY,16,2567,2641,74,-0.1777,0.2608,69,-20,56,-1,nein,1,W-A,17,14,schnell
verhalten_a_w2,18,WOOKY,16,1,40,39,-1.7148,0.1680,111,4,46,10,nein,1,W-A,21,10,normal
verhalten_a_w2,18,WOOKY,16,384,424,40,-1.7148,-0.1680,114,4,47,-2,nein,1,W-A,21,10,normal
verhalten_a_w3,18,WOOKY,16,342,387,45,-1.7148,-0.1680,122,3,46,-4,nein,1,W-A,21,10,normal
verhalten_a_w3,18,WOOKY,16,2460,2522,62,-1.3188,0.1086,136,-4,55,3,nein,1,W-E,17,14,schnell
verhalten_a_w3,18,WOOKY,16,2817,2823,6,-1.6219,-0.2969,55,3,47,1,nein,1,W-C,17,15,normal
verhalten_a_w4,18,WOOKY,16,1,40,39,-1.6774,0.2284,111,3,47,-8,ja,1,W-A,21,10,normal
verhalten_a_w4,18,WOOKY,16,384,442,58,-1.7377,-0.0118,115,-10,16,-10,nein,1,W-C,21,11,normal
verhalten_a_w4,18,WOOKY,16,1446,1668,222,0.6148,0.0564,-80,-13,55,-1,nein,1,W-C,17,13,schnell
verhalten_a_w4,18,WOOKY,16,2662,2846,184,0.6484,0.0947,-63,-20,55,-3,nein,1,W-A,17,15,schnell
verhalten_a_w5,18,WOOKY,16,139,212,73,-0.8156,-0.3159,12,34,-47,11,nein,1,W-A,21,10,normal
verhalten_a_w5,18,WOOKY,16,488,489,1,0.0000,0.0000,-43,11,-43,11,nein,3,W-A,21,10,unklar
verhalten_a_w5,18,WOOKY,16,978,1039,61,1.3592,0.0131,-136,2,-55,3,nein,1,W-A,21,11,schnell
verhalten_a_w5,16,WOOKY,16,1091,1153,62,-1.1273,-0.4609,124,29,55,1,nein,3,W-A,21,11,schnell
verhalten_a_w5,18,WOOKY,16,1371,1433,62,-0.0024,-0.0353,-55,3,-55,0,nein,1,W-C,17,12,schnell
verhalten_a_w5,16,WOOKY,16,1477,1484,7,-1.7096,0.0833,55,1,45,2,nein,1,W-A,17,12,normal
verhalten_a_w5,18,WOOKY,16,1741,1814,73,-1.0013,0.1526,82,0,10,11,nein,1,W-A,17,12,normal
verhalten_a_w5,17,EDDY,30,2176,2242,66,0.2751,-0.3907,38,29,56,4,nein,1,E-D,17,13,schnell
verhalten_a_w5,18,WOOKY,16,2231,2244,13,2.2031,0.2188,-26,-13,1,-10,nein,1,W-A,17,13,schnell
verhalten_a_w5,17,EDDY,30,2450,2501,51,-1.5598,0.1492,124,3,46,11,nein,1,E-A,17,14,schnell
verhalten_akt_diag,18,WOOKY,16,341,342,1,0.0000,0.0000,4,-2,2,-3,nein,1,,,9,unklar
verhalten_akt_diag,18,WOOKY,16,353,363,10,-0.5543,0.6801,-11,-11,-29,-10,ja,1,W-C,21,9,normal
verhalten_akt_diag,18,WOOKY,16,416,474,58,1.5025,0.1856,-61,-10,-48,0,ja,1,W-C,21,10,normal
verhalten_akt_diag,17,EDDY,30,538,602,64,-0.3723,0.3315,108,-21,55,-1,ja,1,E-C,21,10,schnell
verhalten_akt_diag,16,WOOKY,16,609,674,65,-1.7500,0.0000,159,-5,47,-5,nein,1,W-A,21,10,normal
verhalten_akt_diag,17,EDDY,30,896,903,7,-1.7096,-0.0833,55,-1,45,-1,nein,3,E-C,21,10,normal
verhalten_akt_diag,18,WOOKY,16,902,1083,181,-0.2741,0.1323,-62,-24,23,0,ja,3,W-E,21,11,normal
verhalten_akt_eingriff_e,17,EDDY,30,228,314,86,-0.5209,-0.2379,97,32,31,11,ja,1,E-D,21,9,normal
verhalten_akt_eingriff_w,18,WOOKY,16,508,509,1,0.0000,0.0000,10,0,10,0,nein,1,W-C,21,10,unklar
verhalten_akt_gerade,16,WOOKY,16,390,444,54,1.0063,-0.6851,65,48,23,11,ja,1,W-A,21,10,normal
verhalten_akt_gerade,18,WOOKY,16,184,474,290,0.9609,-0.0517,153,16,-55,1,ja,1,W-A,21,10,schnell
verhalten_akt_gerade,17,EDDY,30,504,536,32,0.3109,-0.5795,-3,29,7,11,nein,3,E-A,21,10,normal
verhalten_akt_gerade,18,WOOKY,16,931,935,4,1.7500,0.0000,-53,0,-48,0,nein,1,W-A,21,10,normal
verhalten_akt_gerade,14,WOOKY,24,899,948,49,1.8512,0.4089,-145,-23,-56,-3,nein,1,W-A,21,10,schnell
verhalten_akt_gerade,17,EDDY,30,1001,1077,76,0.8561,-0.0058,-121,-3,-56,-3,nein,1,E-D,21,11,schnell
verhalten_akt_gerade,15,WOOKY,24,1218,1326,108,1.6094,-0.0898,-128,20,44,10,nein,1,,,11,normal
verhalten_akt_gerade,15,WOOKY,24,1472,1489,17,-1.9060,0.5845,86,-12,56,-3,nein,1,,,11,schnell
verhalten_akt_spaet,16,WOOKY,16,930,984,54,1.0063,-0.6851,65,48,23,11,ja,1,W-A,21,10,normal
verhalten_akt_spaet,18,WOOKY,16,724,1014,290,0.9609,-0.0517,153,16,-55,1,ja,1,W-A,21,11,schnell
verhalten_akt_spaet,17,EDDY,30,1044,1076,32,0.3109,-0.5795,-3,29,7,11,nein,3,E-A,21,11,normal
verhalten_akt_spaet,18,WOOKY,16,1471,1475,4,1.7500,0.0000,-53,0,-48,0,nein,1,W-A,21,11,normal
verhalten_akt_spaet,14,WOOKY,26,1439,1488,49,1.8512,0.4089,-145,-23,-56,-3,nein,1,W-A,21,11,schnell
verhalten_akt_spaet,17,EDDY,30,1541,1617,76,0.8561,-0.0058,-121,-3,-56,-3,nein,1,E-D,17,12,schnell
verhalten_akt_spaet,15,WOOKY,24,1862,1925,63,1.1748,-0.1310,-128,5,-56,-3,nein,1,W-C,17,12,schnell
verhalten_akt_spaet,17,EDDY,30,1911,1961,50,0.5480,-0.3604,-82,21,-56,3,nein,3,E-A,17,12,schnell
verhalten_akt_stage1,16,WOOKY,16,331,385,54,1.0063,-0.6851,65,48,23,11,ja,1,W-A,21,8,normal
verhalten_akt_stage1,18,WOOKY,16,125,415,290,0.9609,-0.0517,153,16,-55,1,ja,1,W-A,21,8,schnell
verhalten_akt_stage1,17,EDDY,30,445,477,32,0.3109,-0.5795,-3,29,7,11,nein,3,E-A,21,8,normal
verhalten_akt_stage1,18,WOOKY,16,872,876,4,1.7500,0.0000,-53,0,-48,0,nein,1,W-A,21,9,normal
verhalten_akt_stage1,14,WOOKY,24,840,889,49,1.8512,0.4089,-145,-23,-56,-3,nein,1,W-A,21,9,schnell
verhalten_akt_stage1,17,EDDY,30,942,1018,76,0.8561,-0.0058,-121,-3,-56,-3,nein,1,E-D,21,9,schnell
verhalten_akt_stage1,15,WOOKY,24,1159,1267,108,1.6094,-0.0898,-128,20,44,10,nein,1,,,9,normal
verhalten_akt_stage1,15,WOOKY,24,1413,1430,17,-1.9060,0.5845,86,-12,56,-3,nein,1,W-A,21,10,schnell
verhalten_akt_stage1,17,EDDY,30,1327,1468,141,-1.0179,-0.0697,86,9,-56,-1,nein,3,E-A,21,10,schnell
verhalten_akt_stage1,16,WOOKY,16,1477,1494,17,-1.9448,0.5479,87,-12,56,-3,nein,1,,,10,schnell
verhalten_akt_stufen,18,WOOKY,16,780,874,94,2.2223,0.0165,-262,-2,-56,-1,nein,1,W-C,21,10,schnell
verhalten_akt_stufen,16,WOOKY,16,940,1068,128,-0.5638,-0.2319,17,30,-55,1,nein,1,,,11,schnell
verhalten_akt_stufen,16,WOOKY,16,1312,1326,14,1.3951,-0.4201,15,16,33,10,nein,1,W-C,21,11,normal
verhalten_akt_stufen,18,WOOKY,16,1256,1342,86,1.5029,-0.2051,-182,18,-55,0,nein,1,W-A,21,11,schnell
verhalten_r_e_12,17,EDDY,30,4,38,34,-1.7500,0.0000,105,0,47,0,nein,1,E-A,17,12,normal
verhalten_r_e_12,17,EDDY,30,753,768,15,-1.7500,0.0000,71,-9,46,-9,nein,1,E-C,17,12,normal
verhalten_r_e_12,17,EDDY,30,1144,1177,33,-1.7302,0.0945,18,-9,-37,-6,nein,3,E-C,17,12,normal
verhalten_r_e_16,17,EDDY,30,4,38,34,-1.7500,0.0000,105,0,47,0,nein,1,E-A,13,16,normal
verhalten_r_e_16,17,EDDY,30,257,359,102,-1.7500,0.0000,82,0,6,0,ja,3,E-D,13,16,normal
verhalten_r_e_16,17,EDDY,30,419,450,31,2.1750,0.0000,-120,0,-55,0,nein,1,E-D,13,16,schnell
verhalten_r_e_16,17,EDDY,30,548,595,47,1.7156,-0.1643,-67,0,12,-8,nein,3,E-C,13,16,normal
verhalten_r_e_16,17,EDDY,30,818,930,112,-0.6061,0.1717,21,-8,-46,11,nein,1,E-C,13,16,normal
verhalten_r_e_16,17,EDDY,30,1093,1218,125,0.0777,-0.0953,-55,11,-45,-1,nein,1,E-C,13,16,normal
verhalten_r_e_16,16,WOOKY,16,1163,1227,64,0.9196,-0.3278,-112,21,-54,1,nein,1,W-A,13,16,schnell
verhalten_r_e_19,17,EDDY,30,4,38,34,-1.7500,0.0000,105,0,47,0,nein,1,E-A,13,19,normal
verhalten_r_e_19,17,EDDY,30,257,359,102,-1.7500,0.0000,82,0,6,0,ja,3,E-D,13,19,normal
verhalten_r_e_19,17,EDDY,30,419,450,31,2.1750,0.0000,-120,0,-55,0,nein,1,E-D,13,19,schnell
verhalten_r_e_19,17,EDDY,30,548,595,47,1.7156,-0.1643,-67,0,12,-8,nein,3,E-C,13,19,normal
verhalten_r_e_19,17,EDDY,30,818,930,112,-0.6061,0.1717,21,-8,-46,11,nein,1,E-C,13,19,normal
verhalten_r_e_19,17,EDDY,30,1093,1218,125,0.0777,-0.0953,-55,11,-45,-1,nein,1,E-C,13,19,normal
verhalten_r_e_19,16,WOOKY,16,1163,1227,64,0.9196,-0.3278,-112,21,-54,1,nein,1,W-A,13,19,schnell
verhalten_r_e_20,17,EDDY,30,4,38,34,-1.7500,0.0000,105,0,47,0,nein,1,E-A,9,20,normal
verhalten_r_e_20,17,EDDY,30,241,343,102,-1.7500,0.0000,82,0,6,0,ja,3,E-D,9,20,normal
verhalten_r_e_20,17,EDDY,30,399,430,31,2.1750,0.0000,-120,0,-55,0,nein,1,E-D,9,20,schnell
verhalten_r_e_20,17,EDDY,30,524,571,47,1.7156,-0.1643,-67,0,12,-8,nein,3,E-C,9,20,normal
verhalten_r_e_20,17,EDDY,30,936,948,12,1.7148,0.0771,-66,5,-47,6,nein,1,E-A,9,20,normal
verhalten_r_e_20,16,WOOKY,16,891,953,62,-1.6381,-0.0792,147,15,47,10,nein,1,W-A,9,20,normal
verhalten_r_e_20,17,EDDY,30,1092,1194,102,-0.0302,0.0342,-13,6,-9,9,ja,3,E-C,9,20,unklar
verhalten_r_e_20,16,WOOKY,16,1230,1270,40,-0.7153,-0.0980,21,15,-7,11,nein,1,W-C,9,20,normal
verhalten_r_e_23,17,EDDY,30,4,38,34,-1.7500,0.0000,105,0,47,0,nein,1,E-A,9,23,normal
verhalten_r_e_23,17,EDDY,30,241,343,102,-1.7500,0.0000,82,0,6,0,ja,3,E-D,9,23,normal
verhalten_r_e_23,17,EDDY,30,399,430,31,2.1750,0.0000,-120,0,-55,0,nein,1,E-D,9,23,schnell
verhalten_r_e_23,17,EDDY,30,524,571,47,1.7156,-0.1643,-67,0,12,-8,nein,3,E-C,9,23,normal
verhalten_r_e_23,17,EDDY,30,936,948,12,1.7148,0.0771,-66,5,-47,6,nein,1,E-A,9,23,normal
verhalten_r_e_23,16,WOOKY,16,891,953,62,-1.6381,-0.0792,147,15,47,10,nein,1,W-A,9,23,normal
verhalten_r_e_23,17,EDDY,30,1092,1194,102,-0.0302,0.0342,-13,6,-9,9,ja,3,E-C,9,23,unklar
verhalten_r_e_23,16,WOOKY,16,1230,1270,40,-0.7153,-0.0980,21,15,-7,11,nein,1,W-C,9,23,normal
verhalten_r_e_24,17,EDDY,30,4,38,34,-1.7500,0.0000,105,0,47,0,nein,1,E-A,5,24,normal
verhalten_r_e_24,17,EDDY,30,225,327,102,-1.7500,0.0000,82,0,6,0,ja,3,E-D,5,24,normal
verhalten_r_e_24,17,EDDY,30,379,410,31,2.1750,0.0000,-120,0,-55,0,nein,1,E-D,5,24,schnell
verhalten_r_e_24,17,EDDY,30,500,547,47,1.7156,-0.1643,-67,0,12,-8,nein,3,E-C,5,24,normal
verhalten_r_e_24,16,WOOKY,16,547,630,83,-1.5488,-0.1783,183,16,55,1,nein,3,W-A,5,24,schnell
verhalten_r_e_24,17,EDDY,30,750,886,136,-0.5641,0.0327,21,-8,-55,-4,nein,1,E-A,5,24,schnell
verhalten_r_e_24,17,EDDY,30,1156,1222,66,1.0911,-0.3079,-127,21,-56,1,nein,1,E-A,5,24,schnell
verhalten_r_e_24,16,WOOKY,16,1292,1351,59,0.9837,0.4095,-112,-25,-55,-1,nein,1,W-C,5,24,schnell
verhalten_r_e_24,17,EDDY,30,1461,1467,6,1.5695,-0.3602,-56,1,-48,-1,nein,3,E-A,5,24,normal
verhalten_r_e_7,17,EDDY,30,4,38,34,-1.7500,0.0000,105,0,47,0,nein,1,E-A,25,7,normal
verhalten_r_e_7,17,EDDY,30,785,800,15,-1.7500,0.0000,71,-9,46,-9,nein,1,E-C,25,7,normal
verhalten_r_e_7,17,EDDY,30,1216,1249,33,-1.7302,0.0945,18,-9,-37,-6,nein,3,E-C,25,7,normal
verhalten_r_e_9,17,EDDY,30,4,38,34,-1.7500,0.0000,105,0,47,0,nein,1,E-A,21,9,normal
verhalten_r_e_9,17,EDDY,30,769,784,15,-1.7500,0.0000,71,-9,46,-9,nein,1,E-C,21,9,normal
verhalten_r_e_9,17,EDDY,30,1180,1213,33,-1.7302,0.0945,18,-9,-37,-6,nein,3,E-C,21,9,normal
verhalten_r_w_12,18,WOOKY,16,1,40,39,-1.7148,0.1680,111,3,46,10,nein,1,W-A,17,12,normal
verhalten_r_w_12,18,WOOKY,16,372,413,41,-1.7148,-0.1680,115,3,46,-3,nein,1,W-A,17,12,normal
verhalten_r_w_16,18,WOOKY,16,1,40,39,-1.7148,0.1680,111,3,46,10,nein,1,W-A,13,16,normal
verhalten_r_w_16,18,WOOKY,16,360,401,41,-1.7148,-0.1680,115,3,46,-3,nein,1,W-A,13,16,normal
verhalten_r_w_19,18,WOOKY,16,1,40,39,-1.7148,0.1680,111,3,46,10,nein,1,W-A,13,19,normal
verhalten_r_w_19,18,WOOKY,16,360,401,41,-1.7148,-0.1680,115,3,46,-3,nein,1,W-A,13,19,normal
verhalten_r_w_20,18,WOOKY,16,1,40,39,-1.7148,0.1680,111,3,46,10,nein,1,W-A,9,20,normal
verhalten_r_w_20,18,WOOKY,16,348,389,41,-1.7148,-0.1680,115,3,46,-3,nein,1,W-A,9,20,normal
verhalten_r_w_23,18,WOOKY,16,1,40,39,-1.7148,0.1680,111,3,46,10,nein,1,W-A,9,23,normal
verhalten_r_w_23,18,WOOKY,16,348,389,41,-1.7148,-0.1680,115,3,46,-3,nein,1,W-A,9,23,normal
verhalten_r_w_24,18,WOOKY,16,1,40,39,-1.7148,0.1680,111,3,46,10,nein,1,W-A,5,24,normal
verhalten_r_w_24,18,WOOKY,16,336,377,41,-1.7148,-0.1680,115,3,46,-3,nein,1,W-A,5,24,normal
verhalten_r_w_7,18,WOOKY,16,1,40,39,-1.7148,0.1680,111,3,46,10,nein,1,W-A,25,7,normal
verhalten_r_w_7,18,WOOKY,16,396,437,41,-1.7148,-0.1680,115,3,46,-3,nein,1,W-A,25,7,normal
verhalten_r_w_9,18,WOOKY,16,1,40,39,-1.7148,0.1680,111,3,46,10,nein,1,W-A,21,9,normal
verhalten_r_w_9,18,WOOKY,16,384,425,41,-1.7148,-0.1680,115,3,46,-3,nein,1,W-A,21,9,normal
verhalten_c_hurt,18,WOOKY,16,344,420,76,-0.8988,-0.1823,19,16,-48,2,nein,1,W-A,21,10,normal
verhalten_c_hurt,18,WOOKY,16,696,697,1,0.0000,0.0000,-45,2,-45,2,nein,3,W-A,21,10,unklar
verhalten_c_hurt,16,WOOKY,16,1038,1106,68,-1.4966,-0.6490,157,48,56,4,nein,1,W-C,21,11,schnell
verhalten_c_hurt,17,EDDY,30,1031,1120,89,-0.2350,-0.3252,77,32,56,3,nein,1,E-C,21,11,schnell
verhalten_c_hurt,18,WOOKY,16,1039,1138,99,1.2313,-0.1869,-176,19,-55,0,nein,3,W-A,21,11,schnell
verhalten_c_hurt,17,EDDY,30,1331,1399,68,1.2443,-0.1321,-78,2,3,-6,ja,3,E-C,21,11,normal
verhalten_c_hurt,18,WOOKY,16,1285,1399,114,1.6707,-0.0828,-55,0,-1,-9,ja,3,W-E,21,11,normal
verhalten_c_hurt,16,WOOKY,16,1438,1523,85,0.2100,0.2188,29,-18,46,0,nein,3,W-A,21,11,normal
verhalten_c_hurt,17,EDDY,30,1542,1587,45,1.7148,0.1680,-123,-6,-48,1,nein,3,E-C,21,11,normal
verhalten_c_hurt,16,WOOKY,16,1953,2082,129,-0.9603,-0.1406,178,18,56,0,nein,1,W-C,17,12,schnell
verhalten_c_hurt,17,EDDY,30,2163,2190,27,-1.7203,-0.1421,58,15,13,11,nein,1,E-C,17,12,normal
verhalten_c_hurt,18,WOOKY,16,2857,2899,42,0.1623,0.5659,40,-30,47,-7,nein,1,W-A,17,14,schnell
verhalten_c_hurt,17,EDDY,30,3304,3366,62,-1.1199,0.1404,123,-6,55,3,nein,1,E-D,17,14,schnell
verhalten_c_hurt,17,EDDY,30,3737,3748,11,-2.2031,-0.2188,68,-4,46,-6,nein,1,E-D,17,15,schnell
verhalten_c_hurt,18,WOOKY,16,3719,3768,49,-1.6613,0.2311,127,-19,47,-8,nein,1,,,15,schnell
verhalten_c_hurt,17,EDDY,30,3843,3896,53,2.0750,0.3350,-88,-27,20,-10,nein,3,E-D,17,15,schnell
verhalten_c_hurt,17,EDDY,30,3969,3988,19,2.2031,0.2188,-87,-7,-47,-3,nein,1,,,15,schnell
verhalten_c_hurt_b,18,WOOKY,16,314,397,83,-0.5976,-0.2159,2,26,-47,8,nein,1,W-C,21,9,normal
verhalten_c_hurt_b,18,WOOKY,16,671,711,40,1.7148,-0.1680,-115,1,-48,-5,nein,1,W-A,21,10,normal
verhalten_c_hurt_b,18,WOOKY,16,1186,1190,4,1.7148,0.1680,-52,7,-47,8,nein,1,W-A,21,11,normal
verhalten_c_hurt_b,17,EDDY,30,1337,1521,184,0.3449,0.0964,62,-28,-10,-10,ja,1,E-D,21,11,schnell
verhalten_c_hurt_b,18,WOOKY,16,1505,1545,40,1.7148,-0.1680,-115,2,-48,-4,nein,1,W-A,21,11,normal
verhalten_c_hurt_b,17,EDDY,30,1689,1691,2,-1.7500,0.0000,48,-10,46,-10,nein,1,E-D,17,12,normal
verhalten_c_hurt_b,15,WOOKY,26,1803,1817,14,-1.7148,-0.1680,62,-4,39,-7,nein,3,W-C,17,12,normal
verhalten_c_hurt_b,14,WOOKY,26,1824,1834,10,-1.7148,-0.1680,62,-4,46,-6,nein,3,W-C,17,12,normal
verhalten_c_hurt_b,18,WOOKY,16,1863,1908,45,1.6046,0.0661,-47,-13,24,-10,nein,3,W-C,17,12,normal
verhalten_c_hurt_b,16,WOOKY,16,1937,2003,66,-0.8573,0.3322,112,-22,56,-1,nein,3,,,12,schnell
verhalten_c_hurt_b,15,WOOKY,26,2201,2221,20,-1.6902,0.0606,37,-12,5,-10,nein,1,W-A,17,13,normal
verhalten_c_hurt_b,14,WOOKY,26,2236,2241,5,-1.7324,0.0000,54,-1,47,-1,nein,1,W-A,17,13,normal
verhalten_c_hurt_b,18,WOOKY,16,2299,2363,64,-1.1423,-0.3545,128,23,56,1,nein,1,,,13,schnell
verhalten_c_hurt_b,17,EDDY,30,2550,2566,16,2.2344,-0.0729,-88,2,-54,0,nein,1,E-D,17,13,schnell
verhalten_c_hurt_b,17,EDDY,30,2666,2715,49,1.7148,-0.1680,-63,0,19,-8,nein,3,E-D,17,13,normal
verhalten_c_hurt_b,18,WOOKY,16,2717,2816,99,0.9620,-0.0077,-150,1,-55,1,nein,1,W-A,17,14,schnell
verhalten_c_hurt_b,15,WOOKY,26,2789,2882,93,0.7917,-0.0289,-128,5,-55,3,nein,1,W-A,17,14,schnell
verhalten_c_hurt_b,17,EDDY,30,3086,3193,107,1.0471,0.2304,-167,-22,-56,3,nein,1,E-D,17,14,schnell
verhalten_c_hurt_b,18,WOOKY,16,3108,3195,87,1.4036,-0.2072,-175,18,-55,0,nein,1,W-A,17,14,schnell
verhalten_c_hurt_b,15,WOOKY,26,3331,3421,90,1.6846,-0.0704,-162,-4,-13,-10,nein,1,W-C,17,15,normal
verhalten_c_hurt_c,17,EDDY,30,904,929,25,-1.7148,-0.1680,35,16,-7,11,nein,1,E-A,21,10,normal
verhalten_c_hurt_c,16,WOOKY,16,930,1022,92,-0.6565,-0.3756,115,32,55,-3,nein,1,W-A,21,11,schnell
verhalten_c_hurt_c,17,EDDY,30,1179,1230,51,0.7214,-0.2311,-16,11,20,0,nein,3,E-C,21,11,normal
verhalten_c_hurt_c,16,WOOKY,16,1351,1354,3,1.7148,-0.1680,-48,12,-45,11,nein,3,W-A,21,11,normal
verhalten_c_hurt_c,17,EDDY,30,1380,1416,36,1.7140,-0.1249,-106,0,-46,-4,nein,3,E-D,21,11,normal
verhalten_c_hurt_c,15,WOOKY,26,1716,1720,4,-1.4531,0.4844,-23,-12,-28,-10,nein,1,W-C,17,12,normal
verhalten_c_hurt_c,14,WOOKY,26,1831,1951,120,1.3339,0.0393,-213,-6,-55,-1,nein,1,W-A,17,12,schnell
verhalten_c_hurt_c,16,WOOKY,16,1950,2012,62,1.6392,0.2058,-82,-23,18,-10,nein,1,W-A,17,12,normal
verhalten_c_hurt_c,14,WOOKY,26,2102,2103,1,0.0000,0.0000,-55,-1,-55,-1,nein,3,W-C,17,12,unklar
verhalten_c_hurt_c,14,WOOKY,26,2276,2353,77,-1.2531,0.0255,150,-1,54,1,nein,1,W-A,17,13,schnell
verhalten_c_hurt_c,17,EDDY,30,2358,2399,41,1.2747,-0.1661,-107,10,-56,3,nein,3,E-D,17,13,schnell
verhalten_c_hurt_c,17,EDDY,30,2494,2547,53,1.7460,-0.0128,-66,3,25,2,nein,3,E-D,17,13,normal
verhalten_c_hurt_c,16,WOOKY,16,2547,2548,1,0.0000,0.0000,47,5,47,5,nein,3,W-C,17,13,unklar
verhalten_c_hurt_c,14,WOOKY,26,2852,2853,1,0.0000,0.0000,17,-5,17,-5,nein,3,W-A,17,14,unklar
verhalten_c_hurt_c,17,EDDY,30,2941,2972,31,1.5740,0.2884,-93,-9,-46,0,nein,1,E-D,17,14,normal
verhalten_c_hurt_c,17,EDDY,30,3132,3196,64,0.1285,0.2515,-61,-19,-53,-3,nein,2,E-D,17,14,schnell
verhalten_c_hurt_c,14,WOOKY,26,3352,3369,17,-1.8931,0.5967,86,-12,56,-3,nein,3,W-A,17,14,schnell
verhalten_c_hurt_c,15,WOOKY,26,3626,3682,56,-0.7298,0.4058,96,-23,56,-1,nein,1,W-A,17,15,schnell
verhalten_c_hurt_c,14,WOOKY,26,3764,3945,181,-1.5316,0.0531,120,-3,-18,6,ja,3,W-C,17,15,normal
verhalten_b_tiefe_e,17,EDDY,30,4,14,10,-1.7500,0.0000,62,2,46,2,nein,1,E-A,21,10,normal
verhalten_b_tiefe_e,17,EDDY,30,43,59,16,-1.0656,0.5901,46,-11,30,-10,ja,1,E-D,21,10,normal
verhalten_b_tiefe_e,17,EDDY,30,164,211,47,-1.5025,0.0830,39,-10,-30,-6,nein,3,E-A,21,11,normal
verhalten_b_tiefe_e,17,EDDY,30,288,369,81,-0.3145,-0.1718,-30,12,-56,0,ja,1,E-D,21,11,schnell
verhalten_b_tiefe_e,17,EDDY,30,467,522,55,1.7480,0.0031,-68,-9,27,-8,nein,3,E-D,21,11,normal
verhalten_b_tiefe_e,16,WOOKY,16,592,654,62,-0.2953,0.0771,73,-19,55,5,ja,1,W-A,21,11,schnell
verhalten_b_tiefe_e,17,EDDY,30,750,807,57,0.9819,-0.3690,-111,21,-56,1,nein,2,,,12,schnell
verhalten_b_tiefe_e,17,EDDY,30,893,925,32,-1.7148,0.1680,60,-16,7,-10,nein,3,E-C,17,12,normal
verhalten_b_tiefe_e,16,WOOKY,16,958,1059,101,-1.6291,0.1340,125,-4,-38,-10,ja,1,W-A,17,12,normal
verhalten_b_tiefe_e,17,EDDY,30,1061,1149,88,0.0185,0.0330,-58,-19,-56,2,ja,3,E-C,17,12,schnell
verhalten_b_tiefe_e,17,EDDY,30,1220,1325,105,1.6493,0.0787,-82,2,-19,10,ja,3,E-A,17,13,normal
verhalten_b_tiefe_e,16,WOOKY,16,1364,1429,65,1.1331,0.4216,-128,-28,-56,-1,nein,1,W-C,17,13,schnell
verhalten_b_tiefe_e,17,EDDY,30,1428,1429,1,0.0000,0.0000,-17,0,-17,0,nein,1,E-A,17,13,unklar
verhalten_b_tiefe_e2,17,EDDY,30,4,38,34,-1.7500,0.0000,105,0,47,0,nein,1,E-A,21,10,normal
verhalten_b_tiefe_e2,17,EDDY,30,289,391,102,-1.7148,-0.1680,82,8,10,-9,ja,3,,,11,normal
verhalten_b_tiefe_e2,17,EDDY,30,473,474,1,0.0000,0.0000,17,0,17,0,nein,1,E-C,21,11,unklar
verhalten_b_tiefe_e2,17,EDDY,30,643,644,1,0.0000,0.0000,17,0,17,0,nein,1,E-C,21,11,unklar
verhalten_b_tiefe_e2,17,EDDY,30,813,814,1,0.0000,0.0000,17,0,17,0,nein,1,E-D,17,12,unklar
verhalten_b_tiefe_e2,17,EDDY,30,1221,1337,116,-0.9969,0.0381,113,27,-2,11,ja,1,E-D,17,13,normal
verhalten_b_tiefe_t100_e,17,EDDY,30,4,38,34,-1.7500,0.0000,105,0,47,0,nein,1,E-A,21,10,normal
verhalten_b_tiefe_t100_e,17,EDDY,30,111,129,18,-0.9203,0.6225,47,-11,31,-10,ja,1,E-D,21,11,normal
verhalten_b_tiefe_t100_w,18,WOOKY,16,1,40,39,-1.7148,0.1680,111,3,46,10,nein,1,W-A,21,10,normal
verhalten_b_tiefe_t120_e,17,EDDY,30,4,38,34,-1.7500,0.0000,105,0,47,0,nein,1,E-A,21,10,normal
verhalten_b_tiefe_t120_w,18,WOOKY,16,1,40,39,-1.7148,0.1680,111,3,46,10,nein,1,W-A,21,10,normal
verhalten_b_tiefe_t40_e,17,EDDY,30,4,38,34,-1.7500,0.0000,105,0,47,0,nein,1,,,10,normal
verhalten_b_tiefe_t40_w,18,WOOKY,16,1,40,39,-1.7148,0.1680,111,3,46,10,nein,1,,,10,normal
verhalten_b_tiefe_t40_w,18,WOOKY,16,42,167,125,-0.8182,-0.2121,46,12,-56,3,ja,1,W-A,21,10,schnell
verhalten_b_tiefe_t48_e,17,EDDY,30,4,38,34,-1.7500,0.0000,105,0,47,0,nein,1,,,10,normal
verhalten_b_tiefe_t48_w,18,WOOKY,16,1,40,39,-1.7148,0.1680,111,3,46,10,nein,1,,,10,normal
verhalten_b_tiefe_t48_w,18,WOOKY,16,50,175,125,-0.8182,-0.2121,46,12,-56,3,ja,1,W-A,21,10,schnell
verhalten_b_tiefe_t56_e,17,EDDY,30,4,38,34,-1.7500,0.0000,105,0,47,0,nein,1,E-A,21,10,normal
verhalten_b_tiefe_t56_w,18,WOOKY,16,1,40,39,-1.7148,0.1680,111,3,46,10,nein,1,,,10,normal
verhalten_b_tiefe_t56_w,18,WOOKY,16,58,183,125,-0.8182,-0.2121,46,12,-56,3,ja,1,W-A,21,10,schnell
verhalten_b_tiefe_t64_e,17,EDDY,30,4,38,34,-1.7500,0.0000,105,0,47,0,nein,1,E-A,21,10,normal
verhalten_b_tiefe_t64_w,18,WOOKY,16,1,40,39,-1.7148,0.1680,111,3,46,10,nein,1,W-A,21,10,normal
verhalten_b_tiefe_t64_w,18,WOOKY,16,66,191,125,-0.8182,-0.2121,46,12,-56,3,ja,1,W-A,21,10,schnell
verhalten_b_tiefe_t72_e,17,EDDY,30,4,38,34,-1.7500,0.0000,105,0,47,0,nein,1,E-A,21,10,normal
verhalten_b_tiefe_t72_w,18,WOOKY,16,1,40,39,-1.7148,0.1680,111,3,46,10,nein,1,W-A,21,10,normal
verhalten_b_tiefe_t72_w,18,WOOKY,16,384,425,41,-1.7148,-0.1680,115,3,46,-3,nein,1,W-A,21,10,normal
verhalten_b_tiefe_t80_e,17,EDDY,30,4,38,34,-1.7500,0.0000,105,0,47,0,nein,1,E-A,21,10,normal
verhalten_b_tiefe_t80_w,18,WOOKY,16,1,40,39,-1.7148,0.1680,111,3,46,10,nein,1,W-A,21,10,normal
verhalten_b_tiefe_w,18,WOOKY,16,342,383,41,-1.7148,-0.1680,115,3,46,10,ja,1,,,10,normal
verhalten_b_tiefe_w,18,WOOKY,16,385,403,18,-1.6193,-0.3224,46,12,19,11,ja,1,W-A,21,11,normal
verhalten_b_tiefe_w,18,WOOKY,16,613,615,2,-1.7148,-0.1680,17,0,15,0,nein,1,W-C,21,11,normal
verhalten_b_tiefe_w,18,WOOKY,16,794,795,1,0.0000,0.0000,17,0,17,0,nein,1,W-A,21,11,unklar
verhalten_b_tiefe_w,18,WOOKY,16,953,955,2,-1.7148,-0.1680,17,0,15,0,nein,1,W-C,21,11,normal
verhalten_b_tiefe_w,18,WOOKY,16,1131,1132,1,0.0000,0.0000,17,0,17,0,nein,1,W-C,17,12,unklar
verhalten_b_tiefe_w,18,WOOKY,16,1304,1305,1,0.0000,0.0000,17,0,17,0,nein,1,W-C,17,12,unklar
verhalten_b_tiefe_w,18,WOOKY,16,1476,1477,1,0.0000,0.0000,17,0,17,0,nein,1,W-A,17,12,unklar
verhalten_b_tiefe_w2,18,WOOKY,16,1,40,39,-1.7148,0.1680,111,3,46,10,nein,1,W-A,21,10,normal
verhalten_b_tiefe_w2,18,WOOKY,16,384,425,41,-1.7148,-0.1680,115,13,46,7,nein,1,W-A,21,10,normal
verhalten_b_tiefe_w2,18,WOOKY,16,500,509,9,-1.6855,0.1455,46,-11,33,-10,nein,1,W-A,21,11,normal
verhalten_b_tiefe_w2,18,WOOKY,16,1203,1234,31,-1.6404,0.2883,94,-16,44,-7,nein,1,W-A,17,12,normal
# messen_verhalten.py angriffe
lauf,frame,slot,typ,max_lp,angriff,kennung,attr,erster_aktiver_frame,aktive_frames,pause_haltung,davor,seit_vorigem,dazwischen,seitenwechsel,dx,dz,figur_status,figur_in_luft,aktiv_im_schutz,schutzart,aktiv_figur_liegt,aktiv_in_luft,treffer,rang,gegner_kampffaehig
verhalten_a_e1,59,17,EDDY,30,E-A,643f8,0x400c,9,12,21,gehen,,,,47,0,1,nein,0,,0,0,68:6,10,1
verhalten_a_e1,137,17,EDDY,30,E-A,643f8,0x400c,9,12,22,erholung,78,,nein,47,0,1,nein,0,,0,0,146:6,11,1
verhalten_a_e1,198,17,EDDY,30,E-A,643f8,0x400c,9,12,21,erholung,61,,nein,47,0,1,nein,0,,0,0,207:6,11,1
verhalten_a_e1,260,17,EDDY,30,E-B,644f4,0x4c0c,9,12,21,erholung,62,,nein,47,0,1,nein,0,,0,0,269:6,11,1
verhalten_a_e1,801,17,EDDY,30,E-C,645bc,0x440c,10,15,17,gehen,541,gehen+spott+figur_lag,nein,46,-9,1,nein,0,,0,0,811:6,12,1
verhalten_a_e1,867,17,EDDY,30,E-C,645bc,0x440c,10,15,17,erholung,66,,nein,46,-9,1,nein,0,,0,0,877:6,12,1
verhalten_a_e1,943,17,EDDY,30,E-A,643f8,0x400c,9,12,18,erholung,76,,nein,46,-9,1,nein,0,,0,0,952:6,12,1
verhalten_a_e1,1001,17,EDDY,30,E-A,643f8,0x400c,9,12,17,erholung,58,,nein,46,-9,1,nein,0,,0,0,1010:6,12,1
verhalten_a_e1,1061,17,EDDY,30,E-B,644f4,0x4c0c,9,12,17,erholung,60,,nein,46,-9,1,nein,0,,0,0,1070:6,12,1
verhalten_a_e1,1210,17,EDDY,30,E-C,645bc,0x440c,10,8,17,gehen,149,gehen+spott+figur_lag,ja,-37,-6,3,nein,8,aufstehen,0,0,,12,1
verhalten_a_e1,1285,17,EDDY,30,E-C,645bc,0x440c,10,15,18,erholung,75,,nein,-37,-6,1,nein,0,,0,0,1295:6,12,1
verhalten_a_e1,1351,17,EDDY,30,E-C,645bc,0x440c,10,15,17,erholung,66,,nein,-37,-6,1,nein,0,,0,0,1361:6,13,1
verhalten_a_e1,1432,17,EDDY,30,E-A,643f8,0x400c,9,12,18,erholung,81,,nein,-37,-6,1,nein,0,,0,0,1441:6,13,1
verhalten_a_e1,1490,17,EDDY,30,E-A,643f8,0x400c,9,12,17,erholung,58,,nein,-37,-6,1,nein,0,,0,0,1499:6,13,1
verhalten_a_e1,1550,17,EDDY,30,E-B,644f4,0x4c0c,9,12,17,erholung,60,,nein,-37,-6,1,nein,0,,0,0,1559:6,13,1
verhalten_a_e1,1698,17,EDDY,30,E-D,64688,0x4c0c,9,44,17,gehen,148,gehen+figur_lag,nein,-3,9,3,nein,10,aufstehen,0,0,,13,1
verhalten_a_e1,1899,17,EDDY,30,E-C,645bc,0x440c,10,15,17,gehen,201,gehen+spott,ja,46,-8,1,nein,0,,0,0,1909:6,13,1
verhalten_a_e1,1963,17,EDDY,30,E-C,645bc,0x440c,10,15,17,erholung,64,,nein,46,-8,1,nein,0,,0,0,1973:6,14,1
verhalten_a_e1,2040,17,EDDY,30,E-A,643f8,0x400c,9,12,18,erholung,77,,nein,46,-8,1,nein,0,,0,0,2049:6,14,1
verhalten_a_e1,2098,17,EDDY,30,E-A,643f8,0x400c,9,12,17,erholung,58,,nein,46,-8,1,nein,0,,0,0,2107:6,14,1
verhalten_a_e1,2153,17,EDDY,30,E-B,644f4,0x4c0c,9,12,17,erholung,55,,nein,46,-8,1,nein,0,,0,0,2162:6,14,1
verhalten_a_e1,2301,17,EDDY,30,E-D,64688,0x4c0c,9,44,17,spott,148,gehen+spott+figur_lag,nein,43,-8,3,nein,9,aufstehen,0,0,2319:6,14,1
verhalten_a_e2,35,17,EDDY,30,E-A,643f8,0x400c,9,12,21,gehen,,,,46,2,1,nein,0,,0,0,44:6,10,2
verhalten_a_e2,112,17,EDDY,30,E-A,643f8,0x400c,9,12,22,erholung,77,,nein,46,2,1,nein,0,,0,0,121:6,11,2
verhalten_a_e2,130,16,WOOKY,16,W-A,5fa54,0x400c,9,5,21,gehen,,,,56,-3,3,nein,5,trefferreaktion,0,0,,11,2
verhalten_a_e2,185,17,EDDY,30,E-D,64688,0x4c0c,9,44,22,erholung,73,,nein,46,2,1,nein,0,,0,0,194:6,11,2
verhalten_a_e2,337,17,EDDY,30,E-A,643f8,0x400c,9,17,21,gehen,152,gehen+figur_lag,ja,-31,10,3,nein,5,aufstehen,0,0,351:6,11,2
verhalten_a_e2,405,17,EDDY,30,E-A,643f8,0x400c,9,12,21,erholung,68,,nein,-31,10,1,nein,0,,0,0,414:6,11,2
verhalten_a_e2,466,17,EDDY,30,E-B,644f4,0x4c0c,9,12,21,erholung,61,,nein,-31,10,1,nein,0,,0,0,475:6,11,2
verhalten_a_e2,1066,17,EDDY,30,E-C,645bc,0x440c,10,15,17,gehen,600,abwarten+gehen+spott+figur_lag,ja,46,-1,1,nein,0,,0,0,1076:6,12,2
verhalten_a_e2,1131,17,EDDY,30,E-C,645bc,0x440c,10,15,17,erholung,65,,nein,46,-1,1,nein,0,,0,0,1141:6,12,2
verhalten_a_e2,1208,17,EDDY,30,E-D,64688,0x4c0c,9,44,18,erholung,77,,nein,46,-1,1,nein,0,,0,0,1217:6,12,2
verhalten_a_e2,1357,17,EDDY,30,E-D,64688,0x4c0c,9,37,17,gehen,149,gehen+spott+figur_lag,ja,-13,-1,3,nein,9,aufstehen,0,0,,13,2
verhalten_a_e2,1460,17,EDDY,30,E-A,643f8,0x400c,9,12,17,gehen,103,gehen,ja,47,-1,1,nein,0,,0,0,1469:6,13,2
verhalten_a_e2,1534,17,EDDY,30,E-D,64688,0x4c0c,9,44,18,erholung,74,,nein,47,-1,1,nein,0,,0,0,1543:6,13,2
verhalten_a_e2,2317,17,EDDY,30,E-C,645bc,0x440c,10,15,17,gehen,783,abwarten+gehen+inaktiv+spott+figur_lag,nein,56,1,1,nein,0,,0,0,2327:6,14,2
verhalten_a_e2,2331,16,WOOKY,16,W-A,5fa54,0x400c,9,5,17,gehen,2201,abwarten+gehen+spott+figur_lag,nein,56,3,3,nein,5,trefferreaktion,0,0,,14,2
verhalten_a_e2,2379,17,EDDY,30,E-C,645bc,0x440c,10,15,17,erholung,62,,nein,56,1,1,nein,0,,0,0,2389:6,14,2
verhalten_a_e2,2479,16,WOOKY,16,W-C,5fc18,0x440c,4,17,17,gehen,148,gehen,nein,47,3,1,nein,0,,0,0,2483:5,14,2
verhalten_a_e2,2534,16,WOOKY,16,W-C,5fc18,0x440c,4,17,17,erholung,55,,nein,47,3,1,nein,0,,0,0,2538:5,15,2
verhalten_a_e2,2588,16,WOOKY,16,W-A,5fa54,0x400c,9,12,17,erholung,54,,nein,47,3,1,nein,0,,0,0,2597:5,15,2
verhalten_a_e2,2646,16,WOOKY,16,W-D,5fc8c,0x4c0c,8,8,0,erholung,58,,nein,47,3,1,nein,0,,0,0,2654:5,15,2
verhalten_a_e3,66,17,EDDY,30,E-A,643f8,0x400c,9,12,21,gehen,,,,17,11,1,nein,0,,0,0,75:6,10,2
verhalten_a_e3,128,17,EDDY,30,E-A,643f8,0x400c,9,12,21,erholung,62,,nein,17,11,1,nein,0,,0,0,137:6,11,2
verhalten_a_e3,189,17,EDDY,30,E-B,644f4,0x4c0c,9,12,21,erholung,61,,nein,17,11,1,nein,0,,0,0,198:6,11,2
verhalten_a_e3,403,16,WOOKY,16,W-A,5fa54,0x400c,9,12,21,gehen,,,,32,11,1,nein,0,,0,0,412:5,11,2
verhalten_a_e3,467,16,WOOKY,16,W-A,5fa54,0x400c,9,12,21,erholung,64,,nein,32,11,1,nein,0,,0,0,476:5,11,2
verhalten_a_e3,529,16,WOOKY,16,W-D,5fc8c,0x4c0c,8,8,0,erholung,62,,nein,32,11,1,nein,0,,0,0,537:5,11,2
verhalten_a_e3,1114,17,EDDY,30,E-D,64688,0x4c0c,9,44,17,gehen,925,gehen+inaktiv+spott+figur_lag,ja,-55,3,1,nein,0,,0,0,1123:6,12,2
verhalten_a_e3,1262,17,EDDY,30,E-C,645bc,0x440c,10,8,17,spott,148,gehen+spott+figur_lag,ja,4,1,3,nein,8,aufstehen,0,0,,12,2
verhalten_a_e3,1321,17,EDDY,30,E-C,645bc,0x440c,10,15,17,erholung,59,,nein,4,1,1,nein,0,,0,0,1331:6,12,2
verhalten_a_e3,1402,17,EDDY,30,E-A,643f8,0x400c,9,12,18,erholung,81,,nein,4,1,1,nein,0,,0,0,1411:6,13,2
verhalten_a_e3,1461,17,EDDY,30,E-A,643f8,0x400c,9,12,17,erholung,59,,nein,4,1,1,nein,0,,0,0,1470:6,13,2
verhalten_a_e3,1516,17,EDDY,30,E-B,644f4,0x4c0c,9,12,17,erholung,55,,nein,4,1,1,nein,0,,0,0,1525:6,13,2
verhalten_a_e3,1797,17,EDDY,30,E-A,643f8,0x400c,9,12,17,gehen,281,abwarten+gehen+figur_lag,nein,55,3,1,nein,0,,0,0,1806:6,13,2
verhalten_a_e3,1801,16,WOOKY,16,W-A,5fa54,0x400c,9,5,17,gehen,1272,abwarten+gehen+spott+figur_lag,nein,55,3,1,nein,5,trefferreaktion,0,0,,13,2
verhalten_a_e3,1852,16,WOOKY,16,W-A,5fa54,0x400c,9,5,17,erholung,51,,nein,55,3,1,nein,4,trefferreaktion,0,0,,13,2
verhalten_a_e3,1852,17,EDDY,30,E-A,643f8,0x400c,9,12,17,erholung,55,,nein,55,3,1,nein,0,,0,0,1861:6,13,2
verhalten_a_e3,1902,16,WOOKY,16,W-D,5fc8c,0x4c0c,8,8,0,erholung,50,,nein,55,3,1,nein,0,,0,0,1910:5,13,2
verhalten_a_e3,1909,17,EDDY,30,E-B,644f4,0x4c0c,9,5,17,erholung,57,,nein,55,3,1,nein,0,,5,3,,13,2
verhalten_a_e3,2049,16,WOOKY,16,W-A,5fa54,0x400c,9,5,17,spott,147,gehen+spott+figur_lag,ja,-12,7,3,nein,5,aufstehen,0,0,,14,1
verhalten_a_e3,2100,16,WOOKY,16,W-A,5fa54,0x400c,9,12,17,erholung,51,,nein,-12,7,1,nein,0,,0,0,2109:5,14,1
verhalten_a_e3,2158,16,WOOKY,16,W-D,5fc8c,0x4c0c,8,8,0,erholung,58,,nein,-12,7,1,nein,0,,0,0,2166:5,14,1
verhalten_a_e3,2494,17,EDDY,30,E-D,64688,0x4c0c,9,44,17,gehen,585,abwarten+gehen+inaktiv+figur_lag,ja,-55,-3,1,nein,0,,0,0,2503:6,14,2
verhalten_a_e3,2642,17,EDDY,30,E-D,64688,0x4c0c,9,37,17,spott,148,gehen+spott+figur_lag,ja,3,4,3,nein,10,aufstehen,0,0,,15,2
verhalten_a_e3,2746,16,WOOKY,16,W-A,5fa54,0x400c,9,12,17,gehen,588,abwarten+gehen+spott+figur_lag,ja,56,-4,1,nein,0,,0,0,2755:5,15,2
verhalten_a_e3,2931,16,WOOKY,16,W-E,5fd24,0x440c,10,15,17,gehen,185,gehen,nein,56,-4,1,nein,0,,0,0,2941:5,15,2
verhalten_a_e4,188,17,EDDY,30,E-A,643f8,0x400c,9,12,21,gehen,,,,-18,-10,1,nein,0,,0,0,197:6,11,1
verhalten_a_e4,253,17,EDDY,30,E-A,643f8,0x400c,9,12,21,erholung,65,,nein,-18,-10,1,nein,0,,0,0,262:6,11,1
verhalten_a_e4,315,17,EDDY,30,E-B,644f4,0x4c0c,9,12,21,erholung,62,,nein,-18,-10,1,nein,0,,0,0,324:6,11,1
verhalten_a_e4,467,16,WOOKY,16,W-A,5fa54,0x400c,9,5,21,spott,,,,-19,-4,3,nein,5,aufstehen,0,0,,11,2
verhalten_a_e4,535,16,WOOKY,16,W-A,5fa54,0x400c,9,12,22,erholung,68,,nein,-19,-4,1,nein,0,,0,0,544:5,11,2
verhalten_a_e4,600,16,WOOKY,16,W-A,5fa54,0x400c,9,12,21,erholung,65,,nein,-19,-4,1,nein,0,,0,0,609:5,11,2
verhalten_a_e4,662,16,WOOKY,16,W-B,5fb50,0x4c0c,9,8,21,erholung,62,,nein,-19,-4,1,nein,0,,0,0,671:5,11,2
verhalten_a_e4,808,16,WOOKY,16,W-C,5fc18,0x440c,4,24,17,gehen,146,gehen+spott+figur_lag,nein,-33,1,3,nein,13,aufstehen,0,0,825:5,12,5
verhalten_a_e4,867,16,WOOKY,16,W-C,5fc18,0x440c,4,17,17,erholung,59,,nein,-33,1,1,nein,0,,0,0,871:5,12,5
verhalten_a_e4,920,16,WOOKY,16,W-A,5fa54,0x400c,9,12,17,erholung,53,,nein,-33,1,1,nein,0,,0,0,929:5,12,5
verhalten_a_e4,979,16,WOOKY,16,W-D,5fc8c,0x4c0c,8,8,0,erholung,59,,nein,-33,1,1,nein,0,,0,0,987:5,12,5
verhalten_a_e4,1544,15,WOOKY,26,W-C,5fc18,0x440c,4,17,17,gehen,,,,-55,-1,1,nein,0,,0,0,1548:8,13,5
verhalten_a_e4,1594,15,WOOKY,26,W-C,5fc18,0x440c,4,17,17,erholung,50,,nein,-55,-1,1,nein,0,,0,0,1598:8,13,5
verhalten_a_e4,1647,15,WOOKY,26,W-A,5fa54,0x400c,9,12,17,erholung,53,,nein,-55,-1,1,nein,0,,0,0,1656:8,13,5
verhalten_a_e4,1708,15,WOOKY,26,W-D,5fc8c,0x4c0c,8,8,0,erholung,61,,nein,-55,-1,1,nein,0,,0,0,1716:8,13,5
verhalten_a_e4,1853,14,WOOKY,26,W-A,5fa54,0x400c,9,5,17,gehen,,,,-1,1,3,nein,5,aufstehen,0,0,,13,5
verhalten_a_e4,1917,14,WOOKY,26,W-A,5fa54,0x400c,9,12,18,erholung,64,,nein,-1,1,1,nein,0,,0,0,1926:8,14,5
verhalten_a_e4,1972,14,WOOKY,26,W-A,5fa54,0x400c,9,12,17,erholung,55,,nein,-1,1,1,nein,0,,0,0,1981:8,14,5
verhalten_a_e4,2029,14,WOOKY,26,W-D,5fc8c,0x4c0c,8,8,0,erholung,57,,nein,-1,1,1,nein,0,,0,0,2037:8,14,5
verhalten_a_e4,2475,15,WOOKY,26,W-A,5fa54,0x400c,9,12,17,gehen,767,abwarten+gehen+figur_lag,nein,-55,-4,1,nein,0,,0,0,2484:8,14,5
verhalten_a_e4,2534,15,WOOKY,26,W-A,5fa54,0x400c,9,12,17,erholung,59,,nein,-55,-4,1,nein,0,,0,0,2543:9,15,5
verhalten_a_e4,2592,15,WOOKY,26,W-D,5fc8c,0x4c0c,8,8,0,erholung,58,,nein,-55,-4,1,nein,0,,0,0,2600:9,15,5
verhalten_a_e4,2809,14,WOOKY,26,W-A,5fa54,0x400c,9,12,17,gehen,780,gehen+spott+figur_lag,nein,-55,-1,1,nein,0,,0,0,2818:9,15,5
verhalten_a_e4,2868,14,WOOKY,26,W-A,5fa54,0x400c,9,12,17,erholung,59,,nein,-55,-1,1,nein,0,,0,0,2877:9,15,5
verhalten_a_e4,2901,15,WOOKY,26,W-C,5fc18,0x440c,4,17,17,gehen,309,abwarten+gehen+figur_lag,nein,-56,-1,3,nein,0,,0,0,2905:9,15,5
verhalten_a_e4,2924,14,WOOKY,26,W-D,5fc8c,0x4c0c,8,8,0,erholung,56,,nein,-55,-1,3,nein,0,,0,0,2932:9,15,5
verhalten_a_e5,190,17,EDDY,30,E-A,643f8,0x400c,9,12,21,gehen,,,,47,0,1,nein,0,,0,0,199:6,11,1
verhalten_a_e5,253,17,EDDY,30,E-A,643f8,0x400c,9,12,21,erholung,63,,nein,47,0,1,nein,0,,0,0,262:6,11,1
verhalten_a_e5,315,17,EDDY,30,E-B,644f4,0x4c0c,9,12,21,erholung,62,,nein,47,0,1,nein,0,,0,0,324:6,11,1
verhalten_a_e5,488,17,EDDY,30,E-C,645bc,0x440c,10,15,21,gehen,173,gehen+spott+figur_lag,nein,46,0,1,nein,0,,0,0,498:6,11,1
verhalten_a_e5,558,17,EDDY,30,E-C,645bc,0x440c,10,15,21,erholung,70,,nein,46,0,1,nein,0,,0,0,568:6,11,1
verhalten_a_e5,642,17,EDDY,30,E-A,643f8,0x400c,9,12,22,erholung,84,,nein,46,0,1,nein,0,,0,0,651:6,11,1
verhalten_a_e5,707,17,EDDY,30,E-A,643f8,0x400c,9,12,21,erholung,65,,nein,46,0,1,nein,0,,0,0,716:6,11,1
verhalten_a_e5,765,17,EDDY,30,E-B,644f4,0x4c0c,9,12,17,erholung,58,,nein,46,0,1,nein,0,,0,0,774:6,12,1
verhalten_a_e5,1185,17,EDDY,30,E-C,645bc,0x440c,10,15,17,gehen,420,abwarten+gehen+spott+figur_lag,ja,-43,-10,1,nein,0,,0,0,1195:6,12,1
verhalten_a_e5,1250,17,EDDY,30,E-C,645bc,0x440c,10,15,17,erholung,65,,nein,-43,-10,1,nein,0,,0,0,1260:6,12,1
verhalten_a_e5,1325,17,EDDY,30,E-D,64688,0x4c0c,9,44,18,erholung,75,,nein,-43,-10,1,nein,0,,0,0,1334:6,13,1
verhalten_a_e5,1473,17,EDDY,30,E-A,643f8,0x400c,9,5,17,gehen,148,gehen+figur_lag,nein,-1,-1,3,nein,5,aufstehen,0,0,,13,1
verhalten_a_e5,1536,17,EDDY,30,E-D,64688,0x4c0c,9,37,18,erholung,63,,nein,-1,-1,1,nein,0,,0,0,,13,1
verhalten_a_e5,1675,17,EDDY,30,E-C,645bc,0x440c,10,15,17,gehen,139,gehen,ja,55,3,1,nein,0,,0,0,1685:6,13,1
verhalten_a_e5,1740,17,EDDY,30,E-C,645bc,0x440c,10,15,17,erholung,65,,nein,55,3,1,nein,0,,0,0,1750:6,13,1
verhalten_a_e5,1974,17,EDDY,30,E-A,643f8,0x400c,9,12,17,gehen,234,abwarten+gehen,nein,47,-4,1,nein,0,,0,0,1983:6,14,1
verhalten_a_e5,2033,17,EDDY,30,E-A,643f8,0x400c,9,12,17,erholung,59,,nein,47,-4,1,nein,0,,0,0,2042:6,14,1
verhalten_a_e5,2092,17,EDDY,30,E-B,644f4,0x4c0c,9,12,17,erholung,59,,nein,47,-4,1,nein,0,,0,0,2101:6,14,1
verhalten_a_e5,2240,17,EDDY,30,E-D,64688,0x4c0c,9,37,17,gehen,148,gehen+figur_lag,nein,11,-9,3,nein,10,aufstehen,0,0,,14,1
verhalten_a_e5,2476,17,EDDY,30,E-D,64688,0x4c0c,9,44,17,gehen,236,gehen+inaktiv,nein,56,-4,1,nein,0,,0,0,2485:6,14,1
verhalten_a_e5,2624,17,EDDY,30,E-D,64688,0x4c0c,9,37,17,spott,148,gehen+spott+figur_lag,nein,40,10,3,nein,10,aufstehen,0,0,,15,1
verhalten_a_e5,2689,17,EDDY,30,E-D,64688,0x4c0c,9,51,17,gehen,65,gehen,ja,-7,10,1,nein,0,,0,0,2698:6,15,1
verhalten_a_e5,2837,17,EDDY,30,E-C,645bc,0x440c,10,8,17,spott,148,gehen+spott+figur_lag,nein,-21,-9,3,nein,8,aufstehen,0,0,,15,1
verhalten_a_e5,2896,17,EDDY,30,E-C,645bc,0x440c,10,15,17,erholung,59,,nein,-21,-9,1,nein,0,,0,0,2906:6,15,1
verhalten_a_e5,2976,17,EDDY,30,E-D,64688,0x4c0c,9,16,18,erholung,80,,nein,-21,-9,1,nein,0,,0,0,2985:6,15,1
verhalten_a_w1,61,18,WOOKY,16,W-A,5fa54,0x400c,9,12,21,gehen,,,,46,10,1,nein,0,,0,0,70:5,10,1
verhalten_a_w1,123,18,WOOKY,16,W-A,5fa54,0x400c,9,12,21,erholung,62,,nein,46,10,1,nein,0,,0,0,132:5,10,1
verhalten_a_w1,187,18,WOOKY,16,W-B,5fb50,0x4c0c,9,8,21,erholung,64,,nein,46,10,1,nein,0,,0,0,196:5,10,1
verhalten_a_w1,446,18,WOOKY,16,W-A,5fa54,0x400c,9,12,21,gehen,259,gehen+spott+figur_lag,nein,46,-3,1,nein,0,,0,0,455:5,11,1
verhalten_a_w1,525,18,WOOKY,16,W-A,5fa54,0x400c,9,12,22,erholung,79,,nein,46,-3,1,nein,0,,0,0,534:5,11,1
verhalten_a_w1,585,18,WOOKY,16,W-A,5fa54,0x400c,9,12,21,erholung,60,,nein,46,-3,1,nein,0,,0,0,594:5,11,1
verhalten_a_w1,649,18,WOOKY,16,W-B,5fb50,0x4c0c,9,8,21,erholung,64,,nein,46,-3,1,nein,0,,0,0,658:5,11,1
verhalten_a_w1,2018,18,WOOKY,16,W-A,5fa54,0x400c,9,12,17,gehen,1369,abwarten+gehen+inaktiv+spott+figur_lag,nein,55,0,1,nein,0,,0,0,2027:5,13,1
verhalten_a_w1,2312,18,WOOKY,16,W-A,5fa54,0x400c,9,12,17,gehen,294,abwarten+gehen,nein,47,-1,1,nein,0,,0,0,2321:5,14,1
verhalten_a_w1,2371,18,WOOKY,16,W-A,5fa54,0x400c,9,12,17,erholung,59,,nein,47,-1,1,nein,0,,0,0,2380:5,14,1
verhalten_a_w1,2430,18,WOOKY,16,W-B,5fb50,0x4c0c,9,8,17,erholung,59,,nein,47,-1,1,nein,0,,0,0,2439:5,14,1
verhalten_a_w1,2658,18,WOOKY,16,W-A,5fa54,0x400c,9,12,17,gehen,228,gehen+spott+figur_lag,nein,56,-1,1,nein,0,,0,0,2667:5,14,1
verhalten_a_w2,61,18,WOOKY,16,W-A,5fa54,0x400c,9,12,21,gehen,,,,46,10,1,nein,0,,0,0,70:5,10,1
verhalten_a_w2,123,18,WOOKY,16,W-A,5fa54,0x400c,9,12,21,erholung,62,,nein,46,10,1,nein,0,,0,0,132:5,10,1
verhalten_a_w2,187,18,WOOKY,16,W-B,5fb50,0x4c0c,9,8,21,erholung,64,,nein,46,10,1,nein,0,,0,0,196:5,10,1
verhalten_a_w2,445,18,WOOKY,16,W-A,5fa54,0x400c,9,12,21,gehen,258,gehen+spott+figur_lag,nein,47,-2,1,nein,0,,0,0,454:5,10,1
verhalten_a_w2,524,18,WOOKY,16,W-A,5fa54,0x400c,9,12,22,erholung,79,,nein,47,-2,1,nein,0,,0,0,533:5,10,1
verhalten_a_w2,584,18,WOOKY,16,W-A,5fa54,0x400c,9,12,21,erholung,60,,nein,47,-2,1,nein,0,,0,0,593:5,10,1
verhalten_a_w2,648,18,WOOKY,16,W-B,5fb50,0x4c0c,9,8,21,erholung,64,,nein,47,-2,1,nein,0,,0,0,657:5,11,1
verhalten_a_w3,19,18,WOOKY,16,W-A,5fa54,0x400c,9,12,18,,,,,53,10,1,nein,0,,0,0,28:5,10,1
verhalten_a_w3,81,18,WOOKY,16,W-A,5fa54,0x400c,9,12,21,erholung,62,,nein,53,10,1,nein,0,,0,0,90:5,10,1
verhalten_a_w3,145,18,WOOKY,16,W-B,5fb50,0x4c0c,9,8,21,erholung,64,,nein,53,10,1,nein,0,,0,0,154:5,10,1
verhalten_a_w3,408,18,WOOKY,16,W-A,5fa54,0x400c,9,12,21,gehen,263,gehen+spott+figur_lag,nein,46,-4,1,nein,0,,0,0,417:5,11,1
verhalten_a_w3,487,18,WOOKY,16,W-A,5fa54,0x400c,9,12,22,erholung,79,,nein,46,-4,1,nein,0,,0,0,496:5,11,1
verhalten_a_w3,547,18,WOOKY,16,W-A,5fa54,0x400c,9,12,21,erholung,60,,nein,46,-4,1,nein,0,,0,0,556:5,11,1
verhalten_a_w3,611,18,WOOKY,16,W-B,5fb50,0x4c0c,9,8,21,erholung,64,,nein,46,-4,1,nein,0,,0,0,620:5,11,1
verhalten_a_w3,2539,18,WOOKY,16,W-E,5fd24,0x440c,10,15,17,gehen,1928,abwarten+gehen+inaktiv+spott+figur_lag,nein,55,3,1,nein,0,,0,0,2549:5,14,1
verhalten_a_w3,2840,18,WOOKY,16,W-C,5fc18,0x440c,4,17,17,gehen,301,abwarten+gehen,nein,47,1,1,nein,0,,0,0,2844:5,15,1
verhalten_a_w3,2894,18,WOOKY,16,W-C,5fc18,0x440c,4,17,17,erholung,54,,nein,47,1,1,nein,0,,0,0,2898:5,15,1
verhalten_a_w3,2948,18,WOOKY,16,W-A,5fa54,0x400c,9,12,17,erholung,54,,nein,47,1,1,nein,0,,0,0,2957:5,15,1
verhalten_a_w4,61,18,WOOKY,16,W-A,5fa54,0x400c,9,12,21,gehen,,,,47,-8,1,nein,0,,0,0,70:5,10,1
verhalten_a_w4,123,18,WOOKY,16,W-A,5fa54,0x400c,9,12,21,erholung,62,,nein,47,-8,1,nein,0,,0,0,132:5,10,1
verhalten_a_w4,187,18,WOOKY,16,W-B,5fb50,0x4c0c,9,8,21,erholung,64,,nein,47,-8,1,nein,0,,0,0,196:5,10,1
verhalten_a_w4,463,18,WOOKY,16,W-C,5fc18,0x440c,4,17,21,gehen,276,gehen+spott+figur_lag,nein,16,-10,1,nein,0,,0,0,467:5,11,1
verhalten_a_w4,522,18,WOOKY,16,W-C,5fc18,0x440c,4,17,21,erholung,59,,nein,16,-10,1,nein,0,,0,0,526:5,11,1
verhalten_a_w4,577,18,WOOKY,16,W-A,5fa54,0x400c,9,12,21,erholung,55,,nein,16,-10,1,nein,0,,0,0,586:5,11,1
verhalten_a_w4,638,18,WOOKY,16,W-D,5fc8c,0x4c0c,8,8,0,erholung,61,,nein,16,-10,1,nein,0,,0,0,646:5,11,1
verhalten_a_w4,1685,18,WOOKY,16,W-C,5fc18,0x440c,4,17,17,gehen,1047,abwarten+gehen+spott+figur_lag,nein,55,-1,1,nein,0,,0,0,1689:5,13,1
verhalten_a_w4,1739,18,WOOKY,16,W-C,5fc18,0x440c,4,17,17,erholung,54,,nein,55,-1,1,nein,0,,0,0,1743:5,13,1
verhalten_a_w4,1793,18,WOOKY,16,W-A,5fa54,0x400c,9,12,17,erholung,54,,nein,55,-1,1,nein,0,,0,0,1802:5,13,1
verhalten_a_w4,1852,18,WOOKY,16,W-D,5fc8c,0x4c0c,8,8,0,erholung,59,,nein,55,-1,1,nein,0,,0,0,1860:5,13,1
verhalten_a_w4,2863,18,WOOKY,16,W-A,5fa54,0x400c,9,12,17,gehen,1011,abwarten+gehen+spott+figur_lag,nein,55,-3,1,nein,0,,0,0,2872:5,15,1
verhalten_a_w5,233,18,WOOKY,16,W-A,5fa54,0x400c,9,12,21,gehen,,,,-47,11,1,nein,0,,0,0,242:5,10,1
verhalten_a_w5,293,18,WOOKY,16,W-A,5fa54,0x400c,9,12,21,erholung,60,,nein,-47,11,1,nein,0,,0,0,302:5,10,1
verhalten_a_w5,357,18,WOOKY,16,W-B,5fb50,0x4c0c,9,8,21,erholung,64,,nein,-47,11,1,nein,0,,0,0,366:5,10,1
verhalten_a_w5,510,18,WOOKY,16,W-A,5fa54,0x400c,9,12,21,gehen,153,gehen+spott+figur_lag,nein,-43,11,3,nein,4,aufstehen,0,0,523:5,10,1
verhalten_a_w5,586,18,WOOKY,16,W-A,5fa54,0x400c,9,12,22,erholung,76,,nein,-43,11,1,nein,0,,0,0,595:5,10,1
verhalten_a_w5,647,18,WOOKY,16,W-A,5fa54,0x400c,9,12,21,erholung,61,,nein,-43,11,1,nein,0,,0,0,656:5,11,1
verhalten_a_w5,708,18,WOOKY,16,W-D,5fc8c,0x4c0c,8,8,0,erholung,61,,nein,-43,11,1,nein,0,,0,0,716:5,11,1
verhalten_a_w5,1060,18,WOOKY,16,W-A,5fa54,0x400c,9,12,21,gehen,352,abwarten+gehen+figur_lag,nein,-55,3,1,nein,0,,0,0,1069:5,11,3
verhalten_a_w5,1120,18,WOOKY,16,W-A,5fa54,0x400c,9,12,21,erholung,60,,nein,-55,3,1,nein,0,,0,0,1129:5,11,3
verhalten_a_w5,1174,16,WOOKY,16,W-A,5fa54,0x400c,9,12,21,gehen,,,,55,1,1,nein,0,,0,0,1183:5,11,3
verhalten_a_w5,1183,18,WOOKY,16,W-D,5fc8c,0x4c0c,8,10,0,erholung,63,,nein,-55,3,3,nein,10,trefferreaktion,0,0,,11,3
verhalten_a_w5,1450,18,WOOKY,16,W-C,5fc18,0x440c,4,17,17,gehen,267,gehen,nein,-55,0,1,nein,0,,0,0,1454:5,12,3
verhalten_a_w5,1501,16,WOOKY,16,W-A,5fa54,0x400c,9,5,17,gehen,327,abwarten+gehen,nein,45,2,1,nein,5,trefferreaktion,0,0,,12,3
verhalten_a_w5,1502,18,WOOKY,16,W-C,5fc18,0x440c,4,17,17,erholung,52,,nein,-55,0,1,nein,0,,0,0,1506:5,12,3
verhalten_a_w5,1551,16,WOOKY,16,W-A,5fa54,0x400c,9,12,17,erholung,50,,nein,45,2,1,nein,0,,0,0,1560:5,12,3
verhalten_a_w5,1554,18,WOOKY,16,W-B,5fb50,0x4c0c,9,5,17,erholung,52,,nein,-55,0,1,nein,5,trefferreaktion,0,0,,12,3
verhalten_a_w5,1612,16,WOOKY,16,W-B,5fb50,0x4c0c,9,8,17,erholung,61,,nein,45,2,1,nein,0,,0,0,1621:5,12,3
verhalten_a_w5,1831,18,WOOKY,16,W-A,5fa54,0x400c,9,12,17,gehen,277,gehen+sonst+figur_lag,ja,10,11,1,nein,0,,0,0,1840:5,13,3
verhalten_a_w5,1889,18,WOOKY,16,W-A,5fa54,0x400c,9,12,17,erholung,58,,nein,10,11,1,nein,0,,0,0,1898:5,13,3
verhalten_a_w5,1945,18,WOOKY,16,W-D,5fc8c,0x4c0c,8,8,0,erholung,56,,nein,10,11,1,nein,0,,0,0,1953:5,13,3
verhalten_a_w5,2259,17,EDDY,30,E-D,64688,0x4c0c,9,44,17,gehen,,,,56,4,1,nein,0,,0,0,2268:6,13,3
verhalten_a_w5,2261,18,WOOKY,16,W-A,5fa54,0x0000,,0,17,gehen,316,gehen+inaktiv+spott+figur_lag,nein,1,-10,1,nein,0,,0,0,,13,3
verhalten_a_w5,2518,17,EDDY,30,E-A,643f8,0x400c,9,12,17,gehen,259,gehen+spott+figur_lag,nein,46,11,1,nein,0,,0,0,2527:6,14,2
verhalten_a_w5,2576,17,EDDY,30,E-A,643f8,0x400c,9,12,17,erholung,58,,nein,46,11,1,nein,0,,0,0,2585:6,14,2
verhalten_a_w5,2635,17,EDDY,30,E-B,644f4,0x4c0c,9,12,17,erholung,59,,nein,46,11,1,nein,0,,0,0,2644:6,14,2
verhalten_akt_diag,384,18,WOOKY,16,W-C,5fc18,0x440c,4,17,21,gehen,,,,-55,-10,1,nein,0,,0,0,388:5,9,1
verhalten_akt_diag,495,18,WOOKY,16,W-C,5fc18,0x440c,4,17,21,gehen,111,gehen,nein,-74,0,1,nein,0,,0,0,499:5,10,1
verhalten_akt_diag,623,17,EDDY,30,E-C,645bc,0x440c,10,15,21,gehen,,,,55,-1,1,nein,0,,0,0,633:6,10,3
verhalten_akt_diag,695,16,WOOKY,16,W-A,5fa54,0x400c,9,12,21,gehen,,,,47,-5,1,nein,0,,0,0,704:5,10,3
verhalten_akt_diag,773,16,WOOKY,16,W-C,5fc18,0x440c,4,17,22,erholung,78,,nein,47,-5,1,nein,0,,0,0,777:5,10,3
verhalten_akt_diag,831,16,WOOKY,16,W-C,5fc18,0x440c,4,17,21,erholung,58,,nein,47,-5,1,nein,0,,0,0,835:5,10,3
verhalten_akt_diag,891,16,WOOKY,16,W-A,5fa54,0x400c,9,12,21,erholung,60,,nein,47,-5,1,nein,0,,0,0,900:5,10,3
verhalten_akt_diag,924,17,EDDY,30,E-C,645bc,0x440c,10,15,21,gehen,301,abwarten+gehen,nein,45,-1,3,nein,0,,0,0,934:6,10,3
verhalten_akt_diag,951,16,WOOKY,16,W-D,5fc8c,0x4c0c,8,10,0,erholung,60,,nein,47,-5,3,nein,2,trefferreaktion,0,0,961:5,10,3
verhalten_akt_diag,1104,18,WOOKY,16,W-E,5fd24,0x440c,10,15,21,gehen,609,abwarten+gehen+spott+figur_lag,ja,23,0,3,nein,4,aufstehen,0,0,1118:5,11,3
verhalten_akt_diag,1187,18,WOOKY,16,W-E,5fd24,0x440c,10,15,22,erholung,83,,nein,23,0,1,nein,0,,0,0,1197:5,11,3
verhalten_akt_diag,1267,18,WOOKY,16,W-C,5fc18,0x440c,4,17,22,erholung,80,,nein,23,0,1,nein,0,,0,0,1271:5,11,3
verhalten_akt_diag,1327,18,WOOKY,16,W-C,5fc18,0x440c,4,17,21,erholung,60,,nein,23,0,1,nein,0,,0,0,1331:5,11,3
verhalten_akt_diag,1382,18,WOOKY,16,W-B,5fb50,0x4c0c,9,8,21,erholung,55,,nein,23,0,1,nein,0,,0,0,1391:5,11,3
verhalten_akt_eingriff_e,335,17,EDDY,30,E-D,64688,0x4c0c,9,37,21,gehen,,,,-6,11,1,nein,0,,0,0,,9,1
verhalten_akt_eingriff_w,530,18,WOOKY,16,W-C,5fc18,0x440c,4,17,21,gehen,,,,10,0,1,nein,0,,0,0,534:5,10,1
verhalten_akt_eingriff_w,587,18,WOOKY,16,W-C,5fc18,0x440c,4,17,21,erholung,57,,nein,10,0,1,nein,0,,0,0,591:5,10,1
verhalten_akt_eingriff_w,646,18,WOOKY,16,W-A,5fa54,0x400c,9,12,21,erholung,59,,nein,10,0,1,nein,0,,0,0,655:5,10,1
verhalten_akt_eingriff_w,706,18,WOOKY,16,W-D,5fc8c,0x4c0c,8,8,0,erholung,60,,nein,10,0,1,nein,0,,0,0,714:5,10,1
verhalten_akt_gerade,465,16,WOOKY,16,W-A,5fa54,0x400c,9,5,21,gehen,,,,-7,11,1,nein,0,,0,0,,10,3
verhalten_akt_gerade,495,18,WOOKY,16,W-A,5fa54,0x400c,9,12,21,gehen,,,,-55,1,1,nein,0,,0,0,504:5,10,3
verhalten_akt_gerade,520,16,WOOKY,16,W-A,5fa54,0x400c,9,12,21,erholung,55,,nein,-7,11,3,nein,2,trefferreaktion,0,0,531:5,10,4
verhalten_akt_gerade,557,17,EDDY,30,E-A,643f8,0x400c,9,12,21,gehen,,,,7,11,3,nein,0,,0,0,566:6,10,5
verhalten_akt_gerade,583,16,WOOKY,16,W-D,5fc8c,0x4c0c,8,10,0,erholung,63,,nein,-7,11,3,nein,2,trefferreaktion,0,0,593:5,10,5
verhalten_akt_gerade,956,18,WOOKY,16,W-A,5fa54,0x400c,9,12,21,gehen,461,gehen+spott+figur_lag,nein,-48,0,1,nein,0,,0,0,965:5,10,5
verhalten_akt_gerade,969,14,WOOKY,24,W-A,5fa54,0x400c,9,5,21,gehen,,,,-56,-3,3,nein,5,trefferreaktion,0,0,,10,5
verhalten_akt_gerade,1023,14,WOOKY,24,W-A,5fa54,0x400c,9,12,21,erholung,54,,nein,-56,-3,1,nein,0,,0,0,1032:8,11,5
verhalten_akt_gerade,1030,18,WOOKY,16,W-A,5fa54,0x400c,9,5,22,erholung,74,,nein,-48,0,1,nein,5,trefferreaktion,0,0,,11,5
verhalten_akt_gerade,1085,14,WOOKY,24,W-B,5fb50,0x4c0c,9,8,21,erholung,62,,nein,-56,-3,1,nein,0,,0,0,1094:8,11,5
verhalten_akt_gerade,1088,18,WOOKY,16,W-A,5fa54,0x0000,,0,21,erholung,58,,nein,-48,0,1,nein,0,,0,0,,11,5
verhalten_akt_gerade,1098,17,EDDY,30,E-D,64688,0x4c0c,9,37,21,gehen,541,abwarten+gehen+figur_lag,ja,-56,-3,2,nein,0,,37,36,,11,5
verhalten_akt_gerade,1238,17,EDDY,30,E-C,645bc,0x440c,10,15,21,spott,140,gehen+spott+figur_lag,nein,-15,11,3,nein,4,aufstehen,0,0,1252:6,11,3
verhalten_akt_gerade,1321,17,EDDY,30,E-D,64688,0x4c0c,9,44,22,erholung,83,,nein,-15,11,1,nein,0,,0,0,1330:6,11,3
verhalten_akt_spaet,1005,16,WOOKY,16,W-A,5fa54,0x400c,9,5,21,gehen,,,,-7,11,1,nein,0,,0,0,,10,3
verhalten_akt_spaet,1035,18,WOOKY,16,W-A,5fa54,0x400c,9,12,21,gehen,,,,-55,1,1,nein,0,,0,0,1044:5,11,3
verhalten_akt_spaet,1060,16,WOOKY,16,W-A,5fa54,0x400c,9,12,21,erholung,55,,nein,-7,11,3,nein,2,trefferreaktion,0,0,1071:5,11,4
verhalten_akt_spaet,1097,17,EDDY,30,E-A,643f8,0x400c,9,12,21,gehen,,,,7,11,3,nein,0,,0,0,1106:6,11,5
verhalten_akt_spaet,1123,16,WOOKY,16,W-D,5fc8c,0x4c0c,8,10,0,erholung,63,,nein,-7,11,3,nein,2,trefferreaktion,0,0,1133:5,11,5
verhalten_akt_spaet,1496,18,WOOKY,16,W-A,5fa54,0x400c,9,12,21,gehen,461,gehen+spott+figur_lag,nein,-48,0,1,nein,0,,0,0,1505:5,11,5
verhalten_akt_spaet,1509,14,WOOKY,26,W-A,5fa54,0x400c,9,5,21,gehen,,,,-56,-3,3,nein,5,trefferreaktion,0,0,,11,5
verhalten_akt_spaet,1563,14,WOOKY,26,W-A,5fa54,0x400c,9,12,21,erholung,54,,nein,-56,-3,1,nein,0,,0,0,1572:8,11,5
verhalten_akt_spaet,1570,18,WOOKY,16,W-A,5fa54,0x400c,9,5,22,erholung,74,,nein,-48,0,1,nein,5,trefferreaktion,0,0,,11,5
verhalten_akt_spaet,1625,14,WOOKY,26,W-B,5fb50,0x4c0c,9,8,21,erholung,62,,nein,-56,-3,1,nein,0,,0,0,1634:8,12,5
verhalten_akt_spaet,1628,18,WOOKY,16,W-A,5fa54,0x0000,,0,21,erholung,58,,nein,-48,0,1,nein,0,,0,0,,12,5
verhalten_akt_spaet,1634,17,EDDY,30,E-D,64688,0x4c0c,9,37,17,gehen,537,abwarten+gehen+figur_lag,ja,-56,-3,3,nein,0,,37,36,,12,5
verhalten_akt_spaet,1942,15,WOOKY,24,W-C,5fc18,0x440c,4,17,17,gehen,,,,-56,-3,1,nein,0,,0,0,1946:8,12,4
verhalten_akt_spaet,1978,17,EDDY,30,E-A,643f8,0x400c,9,12,17,gehen,344,gehen+spott+figur_lag,nein,-56,3,1,nein,0,,0,0,1987:6,12,4
verhalten_akt_spaet,1994,15,WOOKY,24,W-C,5fc18,0x440c,4,3,17,erholung,52,,nein,-56,-3,3,nein,3,trefferreaktion,0,0,,12,4
verhalten_akt_stage1,406,16,WOOKY,16,W-A,5fa54,0x400c,9,5,21,gehen,,,,-7,11,1,nein,0,,0,0,,8,3
verhalten_akt_stage1,436,18,WOOKY,16,W-A,5fa54,0x400c,9,12,21,gehen,,,,-55,1,1,nein,0,,0,0,445:5,8,3
verhalten_akt_stage1,461,16,WOOKY,16,W-A,5fa54,0x400c,9,12,21,erholung,55,,nein,-7,11,3,nein,2,trefferreaktion,0,0,472:5,8,4
verhalten_akt_stage1,498,17,EDDY,30,E-A,643f8,0x400c,9,12,21,gehen,,,,7,11,3,nein,0,,0,0,507:6,8,5
verhalten_akt_stage1,524,16,WOOKY,16,W-D,5fc8c,0x4c0c,8,10,0,erholung,63,,nein,-7,11,3,nein,2,trefferreaktion,0,0,534:5,8,5
verhalten_akt_stage1,897,18,WOOKY,16,W-A,5fa54,0x400c,9,12,21,gehen,461,gehen+spott+figur_lag,nein,-48,0,1,nein,0,,0,0,906:5,9,5
verhalten_akt_stage1,910,14,WOOKY,24,W-A,5fa54,0x400c,9,5,21,gehen,,,,-56,-3,3,nein,5,trefferreaktion,0,0,,9,5
verhalten_akt_stage1,964,14,WOOKY,24,W-A,5fa54,0x400c,9,12,21,erholung,54,,nein,-56,-3,1,nein,0,,0,0,973:8,9,5
verhalten_akt_stage1,971,18,WOOKY,16,W-A,5fa54,0x400c,9,5,22,erholung,74,,nein,-48,0,1,nein,5,trefferreaktion,0,0,,9,5
verhalten_akt_stage1,1026,14,WOOKY,24,W-B,5fb50,0x4c0c,9,8,21,erholung,62,,nein,-56,-3,1,nein,0,,0,0,1035:8,9,5
verhalten_akt_stage1,1029,18,WOOKY,16,W-A,5fa54,0x0000,,0,21,erholung,58,,nein,-48,0,1,nein,0,,0,0,,9,5
verhalten_akt_stage1,1039,17,EDDY,30,E-D,64688,0x4c0c,9,37,21,gehen,541,abwarten+gehen+figur_lag,ja,-56,-3,2,nein,0,,37,36,,9,5
verhalten_akt_stage1,1179,17,EDDY,30,E-C,645bc,0x440c,10,15,21,spott,140,gehen+spott+figur_lag,nein,-15,11,3,nein,4,aufstehen,0,0,1193:6,9,3
verhalten_akt_stage1,1262,17,EDDY,30,E-D,64688,0x4c0c,9,44,22,erholung,83,,nein,-15,11,1,nein,0,,0,0,1271:6,9,3
verhalten_akt_stage1,1451,15,WOOKY,24,W-A,5fa54,0x400c,9,12,21,gehen,,,,56,-3,1,nein,0,,0,0,1460:8,10,3
verhalten_akt_stage1,1489,17,EDDY,30,E-A,643f8,0x400c,9,3,21,gehen,227,gehen+inaktiv+figur_lag,nein,-56,-1,1,nein,0,,0,0,1498:6,10,4
verhalten_akt_stufen,895,18,WOOKY,16,W-C,5fc18,0x440c,4,17,21,gehen,,,,-56,-1,1,nein,0,,0,0,899:5,10,3
verhalten_akt_stufen,952,18,WOOKY,16,W-C,5fc18,0x440c,4,17,21,erholung,57,,nein,-56,-1,1,nein,0,,0,0,956:5,10,3
verhalten_akt_stufen,1011,18,WOOKY,16,W-A,5fa54,0x400c,9,12,21,erholung,59,,nein,-56,-1,1,nein,0,,0,0,1020:5,11,3
verhalten_akt_stufen,1073,18,WOOKY,16,W-D,5fc8c,0x4c0c,8,8,0,erholung,62,,nein,-56,-1,1,nein,0,,0,0,1081:5,11,3
verhalten_akt_stufen,1347,16,WOOKY,16,W-C,5fc18,0x440c,4,17,21,gehen,,,,33,10,1,nein,0,,0,0,1351:5,11,3
verhalten_akt_stufen,1363,18,WOOKY,16,W-A,5fa54,0x400c,9,5,21,gehen,290,abwarten+gehen+figur_lag,nein,-55,0,3,nein,5,trefferreaktion,0,0,,11,3
verhalten_akt_stufen,1406,16,WOOKY,16,W-C,5fc18,0x440c,4,17,21,erholung,59,,nein,33,10,1,nein,0,,0,0,1410:5,11,3
verhalten_akt_stufen,1419,18,WOOKY,16,W-A,5fa54,0x400c,9,5,21,erholung,56,,nein,-55,0,3,nein,5,trefferreaktion,0,0,,11,3
verhalten_akt_stufen,1463,16,WOOKY,16,W-A,5fa54,0x400c,9,12,21,erholung,57,,nein,33,10,1,nein,0,,0,0,1472:5,11,3
verhalten_akt_stufen,1471,18,WOOKY,16,W-D,5fc8c,0x4c0c,8,10,0,erholung,52,,nein,-55,0,1,nein,10,trefferreaktion,0,0,,11,3
verhalten_r_e_12,55,17,EDDY,30,E-A,643f8,0x400c,9,12,17,gehen,,,,47,0,1,nein,0,,0,0,64:6,12,1
verhalten_r_e_12,129,17,EDDY,30,E-A,643f8,0x400c,9,12,18,erholung,74,,nein,47,0,1,nein,0,,0,0,138:6,12,1
verhalten_r_e_12,186,17,EDDY,30,E-A,643f8,0x400c,9,12,17,erholung,57,,nein,47,0,1,nein,0,,0,0,195:6,12,1
verhalten_r_e_12,244,17,EDDY,30,E-B,644f4,0x4c0c,9,12,17,erholung,58,,nein,47,0,1,nein,0,,0,0,253:6,12,1
verhalten_r_e_12,785,17,EDDY,30,E-C,645bc,0x440c,10,15,17,gehen,541,gehen+spott+figur_lag,nein,46,-9,1,nein,0,,0,0,795:6,12,1
verhalten_r_e_12,851,17,EDDY,30,E-C,645bc,0x440c,10,15,17,erholung,66,,nein,46,-9,1,nein,0,,0,0,861:6,12,1
verhalten_r_e_12,927,17,EDDY,30,E-A,643f8,0x400c,9,12,18,erholung,76,,nein,46,-9,1,nein,0,,0,0,936:6,12,1
verhalten_r_e_12,985,17,EDDY,30,E-A,643f8,0x400c,9,12,17,erholung,58,,nein,46,-9,1,nein,0,,0,0,994:6,12,1
verhalten_r_e_12,1045,17,EDDY,30,E-B,644f4,0x4c0c,9,12,17,erholung,60,,nein,46,-9,1,nein,0,,0,0,1054:6,12,1
verhalten_r_e_12,1194,17,EDDY,30,E-C,645bc,0x440c,10,8,17,gehen,149,gehen+spott+figur_lag,ja,-37,-6,3,nein,8,aufstehen,0,0,,12,1
verhalten_r_e_12,1269,17,EDDY,30,E-C,645bc,0x440c,10,15,18,erholung,75,,nein,-37,-6,1,nein,0,,0,0,1279:6,12,1
verhalten_r_e_12,1335,17,EDDY,30,E-C,645bc,0x440c,10,15,17,erholung,66,,nein,-37,-6,1,nein,0,,0,0,1345:6,12,1
verhalten_r_e_12,1416,17,EDDY,30,E-A,643f8,0x400c,9,12,18,erholung,81,,nein,-37,-6,1,nein,0,,0,0,1425:6,12,1
verhalten_r_e_12,1474,17,EDDY,30,E-A,643f8,0x400c,9,12,17,erholung,58,,nein,-37,-6,1,nein,0,,0,0,1483:6,12,1
verhalten_r_e_16,51,17,EDDY,30,E-A,643f8,0x400c,9,12,13,gehen,,,,47,0,1,nein,0,,0,0,60:6,16,1
verhalten_r_e_16,121,17,EDDY,30,E-A,643f8,0x400c,9,12,14,erholung,70,,nein,47,0,1,nein,0,,0,0,130:6,16,1
verhalten_r_e_16,174,17,EDDY,30,E-A,643f8,0x400c,9,12,13,erholung,53,,nein,47,0,1,nein,0,,0,0,183:6,16,1
verhalten_r_e_16,228,17,EDDY,30,E-B,644f4,0x4c0c,9,12,13,erholung,54,,nein,47,0,1,nein,0,,0,0,237:6,16,1
verhalten_r_e_16,372,17,EDDY,30,E-D,64688,0x4c0c,9,37,13,gehen,144,gehen+figur_lag,nein,6,0,3,nein,14,aufstehen,0,0,,16,1
verhalten_r_e_16,463,17,EDDY,30,E-D,64688,0x4c0c,9,44,13,gehen,91,gehen,ja,-55,0,1,nein,0,,0,0,472:6,16,1
verhalten_r_e_16,608,17,EDDY,30,E-C,645bc,0x440c,10,8,13,gehen,145,gehen+figur_lag,ja,12,-8,3,nein,8,aufstehen,0,0,,16,2
verhalten_r_e_16,676,17,EDDY,30,E-A,643f8,0x400c,9,12,14,erholung,68,,nein,12,-8,1,nein,0,,0,0,685:6,16,2
verhalten_r_e_16,740,17,EDDY,30,E-D,64688,0x4c0c,9,44,14,erholung,64,,nein,12,-8,1,nein,0,,0,0,749:6,16,2
verhalten_r_e_16,943,17,EDDY,30,E-C,645bc,0x440c,10,15,13,gehen,203,gehen+figur_lag,ja,-46,11,1,nein,0,,0,0,953:6,16,2
verhalten_r_e_16,1016,17,EDDY,30,E-D,64688,0x4c0c,9,44,14,erholung,73,,nein,-46,11,1,nein,0,,0,0,1025:6,16,2
verhalten_r_e_16,1231,17,EDDY,30,E-C,645bc,0x440c,10,15,13,gehen,215,gehen+figur_lag,nein,-45,-1,1,nein,0,,0,0,1241:6,16,2
verhalten_r_e_16,1240,16,WOOKY,16,W-A,5fa54,0x400c,9,5,13,gehen,,,,-54,1,1,nein,5,trefferreaktion,0,0,,16,2
verhalten_r_e_16,1285,16,WOOKY,16,W-A,5fa54,0x400c,9,12,13,erholung,45,,nein,-54,1,1,nein,0,,0,0,1294:5,16,2
verhalten_r_e_16,1294,17,EDDY,30,E-C,645bc,0x440c,10,8,13,erholung,63,,nein,-45,-1,3,nein,8,trefferreaktion,0,0,,16,2
verhalten_r_e_16,1340,16,WOOKY,16,W-D,5fc8c,0x4c0c,8,8,0,erholung,55,,nein,-54,1,1,nein,0,,0,0,1348:5,16,2
verhalten_r_e_19,51,17,EDDY,30,E-A,643f8,0x400c,9,12,13,gehen,,,,47,0,1,nein,0,,0,0,60:6,19,1
verhalten_r_e_19,121,17,EDDY,30,E-A,643f8,0x400c,9,12,14,erholung,70,,nein,47,0,1,nein,0,,0,0,130:6,19,1
verhalten_r_e_19,174,17,EDDY,30,E-A,643f8,0x400c,9,12,13,erholung,53,,nein,47,0,1,nein,0,,0,0,183:6,19,1
verhalten_r_e_19,228,17,EDDY,30,E-B,644f4,0x4c0c,9,12,13,erholung,54,,nein,47,0,1,nein,0,,0,0,237:6,19,1
verhalten_r_e_19,372,17,EDDY,30,E-D,64688,0x4c0c,9,37,13,gehen,144,gehen+figur_lag,nein,6,0,3,nein,14,aufstehen,0,0,,19,1
verhalten_r_e_19,463,17,EDDY,30,E-D,64688,0x4c0c,9,44,13,gehen,91,gehen,ja,-55,0,1,nein,0,,0,0,472:6,19,1
verhalten_r_e_19,608,17,EDDY,30,E-C,645bc,0x440c,10,8,13,gehen,145,gehen+figur_lag,ja,12,-8,3,nein,8,aufstehen,0,0,,19,2
verhalten_r_e_19,676,17,EDDY,30,E-A,643f8,0x400c,9,12,14,erholung,68,,nein,12,-8,1,nein,0,,0,0,685:6,19,2
verhalten_r_e_19,740,17,EDDY,30,E-D,64688,0x4c0c,9,44,14,erholung,64,,nein,12,-8,1,nein,0,,0,0,749:6,19,2
verhalten_r_e_19,943,17,EDDY,30,E-C,645bc,0x440c,10,15,13,gehen,203,gehen+figur_lag,ja,-46,11,1,nein,0,,0,0,953:6,19,2
verhalten_r_e_19,1016,17,EDDY,30,E-D,64688,0x4c0c,9,44,14,erholung,73,,nein,-46,11,1,nein,0,,0,0,1025:6,19,2
verhalten_r_e_19,1231,17,EDDY,30,E-C,645bc,0x440c,10,15,13,gehen,215,gehen+figur_lag,nein,-45,-1,1,nein,0,,0,0,1241:6,19,2
verhalten_r_e_19,1240,16,WOOKY,16,W-A,5fa54,0x400c,9,5,13,gehen,,,,-54,1,1,nein,5,trefferreaktion,0,0,,19,2
verhalten_r_e_19,1285,16,WOOKY,16,W-A,5fa54,0x400c,9,12,13,erholung,45,,nein,-54,1,1,nein,0,,0,0,1294:5,19,2
verhalten_r_e_19,1294,17,EDDY,30,E-C,645bc,0x440c,10,8,13,erholung,63,,nein,-45,-1,3,nein,8,trefferreaktion,0,0,,19,2
verhalten_r_e_19,1340,16,WOOKY,16,W-D,5fc8c,0x4c0c,8,8,0,erholung,55,,nein,-54,1,1,nein,0,,0,0,1348:5,19,2
verhalten_r_e_20,47,17,EDDY,30,E-A,643f8,0x400c,9,12,9,gehen,,,,47,0,1,nein,0,,0,0,56:6,20,1
verhalten_r_e_20,113,17,EDDY,30,E-A,643f8,0x400c,9,12,10,erholung,66,,nein,47,0,1,nein,0,,0,0,122:6,20,1
verhalten_r_e_20,162,17,EDDY,30,E-A,643f8,0x400c,9,12,9,erholung,49,,nein,47,0,1,nein,0,,0,0,171:6,20,1
verhalten_r_e_20,212,17,EDDY,30,E-B,644f4,0x4c0c,9,12,9,erholung,50,,nein,47,0,1,nein,0,,0,0,221:6,20,1
verhalten_r_e_20,352,17,EDDY,30,E-D,64688,0x4c0c,9,37,9,gehen,140,gehen+figur_lag,nein,6,0,3,nein,18,aufstehen,0,0,,20,1
verhalten_r_e_20,439,17,EDDY,30,E-D,64688,0x4c0c,9,44,9,gehen,87,gehen,ja,-55,0,1,nein,0,,0,0,448:6,20,1
verhalten_r_e_20,580,17,EDDY,30,E-C,645bc,0x440c,10,8,9,gehen,141,gehen+figur_lag,ja,12,-8,3,nein,8,aufstehen,0,0,,20,2
verhalten_r_e_20,644,17,EDDY,30,E-A,643f8,0x400c,9,12,10,erholung,64,,nein,12,-8,1,nein,0,,0,0,653:6,20,2
verhalten_r_e_20,704,17,EDDY,30,E-D,64688,0x4c0c,9,44,10,erholung,60,,nein,12,-8,1,nein,0,,0,0,713:6,20,2
verhalten_r_e_20,957,17,EDDY,30,E-A,643f8,0x400c,9,12,9,gehen,253,gehen+spott+figur_lag,ja,-47,6,1,nein,0,,0,0,966:6,20,2
verhalten_r_e_20,962,16,WOOKY,16,W-A,5fa54,0x400c,9,12,9,gehen,,,,47,10,1,nein,12,trefferreaktion,0,0,,20,2
verhalten_r_e_20,1014,16,WOOKY,16,W-A,5fa54,0x400c,9,12,9,erholung,52,,nein,47,10,1,nein,0,,0,0,1023:5,20,2
verhalten_r_e_20,1020,17,EDDY,30,E-C,645bc,0x440c,10,8,10,erholung,63,,nein,-47,6,1,nein,8,trefferreaktion,0,0,,20,2
verhalten_r_e_20,1063,16,WOOKY,16,W-B,5fb50,0x4c0c,9,8,9,erholung,49,,nein,47,10,1,nein,0,,0,0,1072:5,20,2
verhalten_r_e_20,1069,17,EDDY,30,E-C,645bc,0x440c,10,8,9,erholung,49,,nein,-47,6,1,nein,0,,8,5,,20,2
verhalten_r_e_20,1203,17,EDDY,30,E-C,645bc,0x440c,10,8,9,gehen,134,gehen+figur_lag,nein,-9,9,3,nein,8,aufstehen,0,0,,20,2
verhalten_r_e_20,1270,17,EDDY,30,E-A,643f8,0x400c,9,12,10,erholung,67,,nein,-9,9,1,nein,0,,0,0,1279:6,20,2
verhalten_r_e_20,1279,16,WOOKY,16,W-C,5fc18,0x440c,4,10,9,gehen,216,gehen+spott+figur_lag,ja,-7,11,3,nein,10,trefferreaktion,0,0,,20,2
verhalten_r_e_20,1317,16,WOOKY,16,W-C,5fc18,0x440c,4,17,9,erholung,38,,nein,-7,11,1,nein,0,,0,0,1321:5,20,2
verhalten_r_e_20,1330,17,EDDY,30,E-C,645bc,0x440c,10,8,10,erholung,60,,nein,-9,9,3,nein,8,trefferreaktion,0,0,,20,2
verhalten_r_e_20,1364,16,WOOKY,16,W-B,5fb50,0x4c0c,9,8,9,erholung,47,,nein,-7,11,1,nein,0,,0,0,1373:5,20,2
verhalten_r_e_20,1378,17,EDDY,30,E-C,645bc,0x440c,10,5,9,erholung,48,figur_lag,nein,-9,9,2,nein,0,,5,5,,20,2
verhalten_r_e_23,47,17,EDDY,30,E-A,643f8,0x400c,9,12,9,gehen,,,,47,0,1,nein,0,,0,0,56:6,23,1
verhalten_r_e_23,113,17,EDDY,30,E-A,643f8,0x400c,9,12,10,erholung,66,,nein,47,0,1,nein,0,,0,0,122:6,23,1
verhalten_r_e_23,162,17,EDDY,30,E-A,643f8,0x400c,9,12,9,erholung,49,,nein,47,0,1,nein,0,,0,0,171:6,23,1
verhalten_r_e_23,212,17,EDDY,30,E-B,644f4,0x4c0c,9,12,9,erholung,50,,nein,47,0,1,nein,0,,0,0,221:6,23,1
verhalten_r_e_23,352,17,EDDY,30,E-D,64688,0x4c0c,9,37,9,gehen,140,gehen+figur_lag,nein,6,0,3,nein,18,aufstehen,0,0,,23,1
verhalten_r_e_23,439,17,EDDY,30,E-D,64688,0x4c0c,9,44,9,gehen,87,gehen,ja,-55,0,1,nein,0,,0,0,448:6,23,1
verhalten_r_e_23,580,17,EDDY,30,E-C,645bc,0x440c,10,8,9,gehen,141,gehen+figur_lag,ja,12,-8,3,nein,8,aufstehen,0,0,,23,2
verhalten_r_e_23,644,17,EDDY,30,E-A,643f8,0x400c,9,12,10,erholung,64,,nein,12,-8,1,nein,0,,0,0,653:6,23,2
verhalten_r_e_23,704,17,EDDY,30,E-D,64688,0x4c0c,9,44,10,erholung,60,,nein,12,-8,1,nein,0,,0,0,713:6,23,2
verhalten_r_e_23,957,17,EDDY,30,E-A,643f8,0x400c,9,12,9,gehen,253,gehen+spott+figur_lag,ja,-47,6,1,nein,0,,0,0,966:6,23,2
verhalten_r_e_23,962,16,WOOKY,16,W-A,5fa54,0x400c,9,12,9,gehen,,,,47,10,1,nein,12,trefferreaktion,0,0,,23,2
verhalten_r_e_23,1014,16,WOOKY,16,W-A,5fa54,0x400c,9,12,9,erholung,52,,nein,47,10,1,nein,0,,0,0,1023:5,23,2
verhalten_r_e_23,1020,17,EDDY,30,E-C,645bc,0x440c,10,8,10,erholung,63,,nein,-47,6,1,nein,8,trefferreaktion,0,0,,23,2
verhalten_r_e_23,1063,16,WOOKY,16,W-B,5fb50,0x4c0c,9,8,9,erholung,49,,nein,47,10,1,nein,0,,0,0,1072:5,23,2
verhalten_r_e_23,1069,17,EDDY,30,E-C,645bc,0x440c,10,8,9,erholung,49,,nein,-47,6,1,nein,0,,8,5,,23,2
verhalten_r_e_23,1203,17,EDDY,30,E-C,645bc,0x440c,10,8,9,gehen,134,gehen+figur_lag,nein,-9,9,3,nein,8,aufstehen,0,0,,23,2
verhalten_r_e_23,1270,17,EDDY,30,E-A,643f8,0x400c,9,12,10,erholung,67,,nein,-9,9,1,nein,0,,0,0,1279:6,23,2
verhalten_r_e_23,1279,16,WOOKY,16,W-C,5fc18,0x440c,4,10,9,gehen,216,gehen+spott+figur_lag,ja,-7,11,3,nein,10,trefferreaktion,0,0,,23,2
verhalten_r_e_23,1317,16,WOOKY,16,W-C,5fc18,0x440c,4,17,9,erholung,38,,nein,-7,11,1,nein,0,,0,0,1321:5,23,2
verhalten_r_e_23,1330,17,EDDY,30,E-C,645bc,0x440c,10,8,10,erholung,60,,nein,-9,9,3,nein,8,trefferreaktion,0,0,,23,2
verhalten_r_e_23,1364,16,WOOKY,16,W-B,5fb50,0x4c0c,9,8,9,erholung,47,,nein,-7,11,1,nein,0,,0,0,1373:5,23,2
verhalten_r_e_23,1378,17,EDDY,30,E-C,645bc,0x440c,10,5,9,erholung,48,figur_lag,nein,-9,9,2,nein,0,,5,5,,23,2
verhalten_r_e_24,43,17,EDDY,30,E-A,643f8,0x400c,9,12,5,gehen,,,,47,0,1,nein,0,,0,0,52:6,24,1
verhalten_r_e_24,105,17,EDDY,30,E-A,643f8,0x400c,9,12,6,erholung,62,,nein,47,0,1,nein,0,,0,0,114:6,24,1
verhalten_r_e_24,150,17,EDDY,30,E-A,643f8,0x400c,9,12,5,erholung,45,,nein,47,0,1,nein,0,,0,0,159:6,24,1
verhalten_r_e_24,196,17,EDDY,30,E-B,644f4,0x4c0c,9,12,5,erholung,46,,nein,47,0,1,nein,0,,0,0,205:6,24,1
verhalten_r_e_24,332,17,EDDY,30,E-D,64688,0x4c0c,9,37,5,gehen,136,gehen+figur_lag,nein,6,0,3,nein,22,aufstehen,0,0,,24,1
verhalten_r_e_24,415,17,EDDY,30,E-D,64688,0x4c0c,9,44,5,gehen,83,gehen,ja,-55,0,1,nein,0,,0,0,424:6,24,1
verhalten_r_e_24,552,17,EDDY,30,E-C,645bc,0x440c,10,8,5,gehen,137,gehen+figur_lag,ja,12,-8,3,nein,8,aufstehen,0,0,,24,2
verhalten_r_e_24,614,17,EDDY,30,E-A,643f8,0x400c,9,12,6,erholung,62,,nein,12,-8,1,nein,0,,0,0,623:6,24,2
verhalten_r_e_24,635,16,WOOKY,16,W-A,5fa54,0x400c,9,5,5,gehen,,,,55,1,3,nein,5,trefferreaktion,0,0,,24,2
verhalten_r_e_24,671,17,EDDY,30,E-D,64688,0x4c0c,9,44,6,erholung,57,,nein,12,-8,1,nein,0,,0,0,680:6,24,2
verhalten_r_e_24,673,16,WOOKY,16,W-A,5fa54,0x0000,,0,5,erholung,38,,nein,55,1,1,nein,0,,0,0,,24,2
verhalten_r_e_24,891,17,EDDY,30,E-A,643f8,0x400c,9,12,5,gehen,220,gehen+figur_lag,ja,-55,-4,1,nein,0,,0,0,900:6,24,2
verhalten_r_e_24,938,17,EDDY,30,E-A,643f8,0x400c,9,12,5,erholung,47,,nein,-55,-4,1,nein,0,,0,0,947:6,24,2
verhalten_r_e_24,984,17,EDDY,30,E-B,644f4,0x4c0c,9,12,5,erholung,46,,nein,-55,-4,1,nein,0,,0,0,993:6,24,2
verhalten_r_e_24,1227,17,EDDY,30,E-A,643f8,0x400c,9,12,5,gehen,243,abwarten+gehen+figur_lag,nein,-56,1,1,nein,0,,0,0,1236:6,24,2
verhalten_r_e_24,1356,16,WOOKY,16,W-C,5fc18,0x440c,4,17,5,gehen,683,abwarten+gehen+spott+figur_lag,ja,-55,-1,1,nein,0,,0,0,1360:5,24,2
verhalten_r_e_24,1394,16,WOOKY,16,W-C,5fc18,0x440c,4,17,5,erholung,38,,nein,-55,-1,1,nein,0,,0,0,1398:5,24,2
verhalten_r_e_24,1434,16,WOOKY,16,W-A,5fa54,0x400c,9,12,5,erholung,40,,nein,-55,-1,1,nein,0,,0,0,1443:5,24,2
verhalten_r_e_24,1472,17,EDDY,30,E-A,643f8,0x400c,9,12,5,gehen,245,abwarten+gehen,nein,-48,-1,1,nein,0,,0,0,1481:6,24,2
verhalten_r_e_24,1483,16,WOOKY,16,W-D,5fc8c,0x4c0c,8,10,0,erholung,49,,nein,-55,-1,3,nein,10,trefferreaktion,0,0,,24,2
verhalten_r_e_7,63,17,EDDY,30,E-A,643f8,0x400c,9,12,25,gehen,,,,47,0,1,nein,0,,0,0,72:6,7,1
verhalten_r_e_7,145,17,EDDY,30,E-A,643f8,0x400c,9,12,26,erholung,82,,nein,47,0,1,nein,0,,0,0,154:6,7,1
verhalten_r_e_7,210,17,EDDY,30,E-A,643f8,0x400c,9,12,25,erholung,65,,nein,47,0,1,nein,0,,0,0,219:6,7,1
verhalten_r_e_7,276,17,EDDY,30,E-B,644f4,0x4c0c,9,12,25,erholung,66,,nein,47,0,1,nein,0,,0,0,285:6,7,1
verhalten_r_e_7,825,17,EDDY,30,E-C,645bc,0x440c,10,15,25,gehen,549,gehen+spott+figur_lag,nein,46,-9,1,nein,0,,0,0,835:6,7,1
verhalten_r_e_7,899,17,EDDY,30,E-C,645bc,0x440c,10,15,25,erholung,74,,nein,46,-9,1,nein,0,,0,0,909:6,7,1
verhalten_r_e_7,983,17,EDDY,30,E-A,643f8,0x400c,9,12,26,erholung,84,,nein,46,-9,1,nein,0,,0,0,992:6,7,1
verhalten_r_e_7,1049,17,EDDY,30,E-A,643f8,0x400c,9,12,25,erholung,66,,nein,46,-9,1,nein,0,,0,0,1058:6,7,1
verhalten_r_e_7,1117,17,EDDY,30,E-B,644f4,0x4c0c,9,12,25,erholung,68,,nein,46,-9,1,nein,0,,0,0,1126:6,7,1
verhalten_r_e_7,1274,17,EDDY,30,E-C,645bc,0x440c,10,15,25,gehen,157,gehen+spott+figur_lag,ja,-37,-6,3,nein,0,,0,0,1284:6,7,1
verhalten_r_e_7,1364,17,EDDY,30,E-C,645bc,0x440c,10,15,26,erholung,90,,nein,-37,-6,1,nein,0,,0,0,1374:6,7,1
verhalten_r_e_7,1438,17,EDDY,30,E-C,645bc,0x440c,10,15,25,erholung,74,,nein,-37,-6,1,nein,0,,0,0,1448:6,7,1
verhalten_r_e_9,59,17,EDDY,30,E-A,643f8,0x400c,9,12,21,gehen,,,,47,0,1,nein,0,,0,0,68:6,9,1
verhalten_r_e_9,137,17,EDDY,30,E-A,643f8,0x400c,9,12,22,erholung,78,,nein,47,0,1,nein,0,,0,0,146:6,9,1
verhalten_r_e_9,198,17,EDDY,30,E-A,643f8,0x400c,9,12,21,erholung,61,,nein,47,0,1,nein,0,,0,0,207:6,9,1
verhalten_r_e_9,260,17,EDDY,30,E-B,644f4,0x4c0c,9,12,21,erholung,62,,nein,47,0,1,nein,0,,0,0,269:6,9,1
verhalten_r_e_9,805,17,EDDY,30,E-C,645bc,0x440c,10,15,21,gehen,545,gehen+spott+figur_lag,nein,46,-9,1,nein,0,,0,0,815:6,9,1
verhalten_r_e_9,875,17,EDDY,30,E-C,645bc,0x440c,10,15,21,erholung,70,,nein,46,-9,1,nein,0,,0,0,885:6,9,1
verhalten_r_e_9,955,17,EDDY,30,E-A,643f8,0x400c,9,12,22,erholung,80,,nein,46,-9,1,nein,0,,0,0,964:6,9,1
verhalten_r_e_9,1017,17,EDDY,30,E-A,643f8,0x400c,9,12,21,erholung,62,,nein,46,-9,1,nein,0,,0,0,1026:6,9,1
verhalten_r_e_9,1081,17,EDDY,30,E-B,644f4,0x4c0c,9,12,21,erholung,64,,nein,46,-9,1,nein,0,,0,0,1090:6,9,1
verhalten_r_e_9,1234,17,EDDY,30,E-C,645bc,0x440c,10,15,21,gehen,153,gehen+spott+figur_lag,ja,-37,-6,3,nein,4,aufstehen,0,0,1248:6,9,1
verhalten_r_e_9,1320,17,EDDY,30,E-C,645bc,0x440c,10,15,22,erholung,86,,nein,-37,-6,1,nein,0,,0,0,1330:6,9,1
verhalten_r_e_9,1390,17,EDDY,30,E-C,645bc,0x440c,10,15,21,erholung,70,,nein,-37,-6,1,nein,0,,0,0,1400:6,9,1
verhalten_r_e_9,1475,17,EDDY,30,E-A,643f8,0x400c,9,12,22,erholung,85,,nein,-37,-6,1,nein,0,,0,0,1484:6,9,1
verhalten_r_w_12,57,18,WOOKY,16,W-A,5fa54,0x400c,9,12,17,gehen,,,,46,10,1,nein,0,,0,0,66:5,12,1
verhalten_r_w_12,115,18,WOOKY,16,W-A,5fa54,0x400c,9,12,17,erholung,58,,nein,46,10,1,nein,0,,0,0,124:5,12,1
verhalten_r_w_12,175,18,WOOKY,16,W-B,5fb50,0x4c0c,9,8,17,erholung,60,,nein,46,10,1,nein,0,,0,0,184:5,12,1
verhalten_r_w_12,430,18,WOOKY,16,W-A,5fa54,0x400c,9,12,17,gehen,255,gehen+spott+figur_lag,nein,46,-3,1,nein,0,,0,0,439:5,12,1
verhalten_r_w_12,505,18,WOOKY,16,W-A,5fa54,0x400c,9,12,18,erholung,75,,nein,46,-3,1,nein,0,,0,0,514:5,12,1
verhalten_r_w_12,561,18,WOOKY,16,W-A,5fa54,0x400c,9,12,17,erholung,56,,nein,46,-3,1,nein,0,,0,0,570:5,12,1
verhalten_r_w_12,621,18,WOOKY,16,W-B,5fb50,0x4c0c,9,8,17,erholung,60,,nein,46,-3,1,nein,0,,0,0,630:5,12,1
verhalten_r_w_16,53,18,WOOKY,16,W-A,5fa54,0x400c,9,12,13,gehen,,,,46,10,1,nein,0,,0,0,62:5,16,1
verhalten_r_w_16,107,18,WOOKY,16,W-A,5fa54,0x400c,9,12,13,erholung,54,,nein,46,10,1,nein,0,,0,0,116:5,16,1
verhalten_r_w_16,163,18,WOOKY,16,W-B,5fb50,0x4c0c,9,8,13,erholung,56,,nein,46,10,1,nein,0,,0,0,172:5,16,1
verhalten_r_w_16,414,18,WOOKY,16,W-A,5fa54,0x400c,9,12,13,gehen,251,gehen+spott+figur_lag,nein,46,-3,1,nein,0,,0,0,423:5,16,1
verhalten_r_w_16,485,18,WOOKY,16,W-A,5fa54,0x400c,9,12,14,erholung,71,,nein,46,-3,1,nein,0,,0,0,494:5,16,1
verhalten_r_w_16,537,18,WOOKY,16,W-A,5fa54,0x400c,9,12,13,erholung,52,,nein,46,-3,1,nein,0,,0,0,546:5,16,1
verhalten_r_w_16,593,18,WOOKY,16,W-B,5fb50,0x4c0c,9,8,13,erholung,56,,nein,46,-3,1,nein,0,,0,0,602:5,16,1
verhalten_r_w_19,53,18,WOOKY,16,W-A,5fa54,0x400c,9,12,13,gehen,,,,46,10,1,nein,0,,0,0,62:5,19,1
verhalten_r_w_19,107,18,WOOKY,16,W-A,5fa54,0x400c,9,12,13,erholung,54,,nein,46,10,1,nein,0,,0,0,116:5,19,1
verhalten_r_w_19,163,18,WOOKY,16,W-B,5fb50,0x4c0c,9,8,13,erholung,56,,nein,46,10,1,nein,0,,0,0,172:5,19,1
verhalten_r_w_19,414,18,WOOKY,16,W-A,5fa54,0x400c,9,12,13,gehen,251,gehen+spott+figur_lag,nein,46,-3,1,nein,0,,0,0,423:5,19,1
verhalten_r_w_19,485,18,WOOKY,16,W-A,5fa54,0x400c,9,12,14,erholung,71,,nein,46,-3,1,nein,0,,0,0,494:5,19,1
verhalten_r_w_19,537,18,WOOKY,16,W-A,5fa54,0x400c,9,12,13,erholung,52,,nein,46,-3,1,nein,0,,0,0,546:5,19,1
verhalten_r_w_19,593,18,WOOKY,16,W-B,5fb50,0x4c0c,9,8,13,erholung,56,,nein,46,-3,1,nein,0,,0,0,602:5,19,1
verhalten_r_w_20,49,18,WOOKY,16,W-A,5fa54,0x400c,9,12,9,gehen,,,,46,10,1,nein,0,,0,0,58:5,20,1
verhalten_r_w_20,99,18,WOOKY,16,W-A,5fa54,0x400c,9,12,9,erholung,50,,nein,46,10,1,nein,0,,0,0,108:5,20,1
verhalten_r_w_20,151,18,WOOKY,16,W-B,5fb50,0x4c0c,9,8,9,erholung,52,,nein,46,10,1,nein,0,,0,0,160:5,20,1
verhalten_r_w_20,398,18,WOOKY,16,W-A,5fa54,0x400c,9,12,9,gehen,247,gehen+spott+figur_lag,nein,46,-3,1,nein,0,,0,0,407:5,20,1
verhalten_r_w_20,465,18,WOOKY,16,W-A,5fa54,0x400c,9,12,10,erholung,67,,nein,46,-3,1,nein,0,,0,0,474:5,20,1
verhalten_r_w_20,513,18,WOOKY,16,W-A,5fa54,0x400c,9,12,9,erholung,48,,nein,46,-3,1,nein,0,,0,0,522:5,20,1
verhalten_r_w_20,565,18,WOOKY,16,W-B,5fb50,0x4c0c,9,8,9,erholung,52,,nein,46,-3,1,nein,0,,0,0,574:5,20,1
verhalten_r_w_23,49,18,WOOKY,16,W-A,5fa54,0x400c,9,12,9,gehen,,,,46,10,1,nein,0,,0,0,58:5,23,1
verhalten_r_w_23,99,18,WOOKY,16,W-A,5fa54,0x400c,9,12,9,erholung,50,,nein,46,10,1,nein,0,,0,0,108:5,23,1
verhalten_r_w_23,151,18,WOOKY,16,W-B,5fb50,0x4c0c,9,8,9,erholung,52,,nein,46,10,1,nein,0,,0,0,160:5,23,1
verhalten_r_w_23,398,18,WOOKY,16,W-A,5fa54,0x400c,9,12,9,gehen,247,gehen+spott+figur_lag,nein,46,-3,1,nein,0,,0,0,407:5,23,1
verhalten_r_w_23,465,18,WOOKY,16,W-A,5fa54,0x400c,9,12,10,erholung,67,,nein,46,-3,1,nein,0,,0,0,474:5,23,1
verhalten_r_w_23,513,18,WOOKY,16,W-A,5fa54,0x400c,9,12,9,erholung,48,,nein,46,-3,1,nein,0,,0,0,522:5,23,1
verhalten_r_w_23,565,18,WOOKY,16,W-B,5fb50,0x4c0c,9,8,9,erholung,52,,nein,46,-3,1,nein,0,,0,0,574:5,23,1
verhalten_r_w_24,45,18,WOOKY,16,W-A,5fa54,0x400c,9,12,5,gehen,,,,46,10,1,nein,0,,0,0,54:5,24,1
verhalten_r_w_24,91,18,WOOKY,16,W-A,5fa54,0x400c,9,12,5,erholung,46,,nein,46,10,1,nein,0,,0,0,100:5,24,1
verhalten_r_w_24,139,18,WOOKY,16,W-B,5fb50,0x4c0c,9,8,5,erholung,48,,nein,46,10,1,nein,0,,0,0,148:5,24,1
verhalten_r_w_24,382,18,WOOKY,16,W-A,5fa54,0x400c,9,12,5,gehen,243,gehen+spott+figur_lag,nein,46,-3,1,nein,0,,0,0,391:5,24,1
verhalten_r_w_24,445,18,WOOKY,16,W-A,5fa54,0x400c,9,12,6,erholung,63,,nein,46,-3,1,nein,0,,0,0,454:5,24,1
verhalten_r_w_24,489,18,WOOKY,16,W-A,5fa54,0x400c,9,12,5,erholung,44,,nein,46,-3,1,nein,0,,0,0,498:5,24,1
verhalten_r_w_24,537,18,WOOKY,16,W-B,5fb50,0x4c0c,9,8,5,erholung,48,,nein,46,-3,1,nein,0,,0,0,546:5,24,1
verhalten_r_w_7,65,18,WOOKY,16,W-A,5fa54,0x400c,9,12,25,gehen,,,,46,10,1,nein,0,,0,0,74:5,7,1
verhalten_r_w_7,131,18,WOOKY,16,W-A,5fa54,0x400c,9,12,25,erholung,66,,nein,46,10,1,nein,0,,0,0,140:5,7,1
verhalten_r_w_7,199,18,WOOKY,16,W-B,5fb50,0x4c0c,9,8,25,erholung,68,,nein,46,10,1,nein,0,,0,0,208:5,7,1
verhalten_r_w_7,462,18,WOOKY,16,W-A,5fa54,0x400c,9,12,25,gehen,263,gehen+spott+figur_lag,nein,46,-3,1,nein,0,,0,0,471:5,7,1
verhalten_r_w_7,545,18,WOOKY,16,W-A,5fa54,0x400c,9,12,26,erholung,83,,nein,46,-3,1,nein,0,,0,0,554:5,7,1
verhalten_r_w_7,609,18,WOOKY,16,W-A,5fa54,0x400c,9,12,25,erholung,64,,nein,46,-3,1,nein,0,,0,0,618:5,7,1
verhalten_r_w_7,677,18,WOOKY,16,W-B,5fb50,0x4c0c,9,8,25,erholung,68,,nein,46,-3,1,nein,0,,0,0,686:5,7,1
verhalten_r_w_9,61,18,WOOKY,16,W-A,5fa54,0x400c,9,12,21,gehen,,,,46,10,1,nein,0,,0,0,70:5,9,1
verhalten_r_w_9,123,18,WOOKY,16,W-A,5fa54,0x400c,9,12,21,erholung,62,,nein,46,10,1,nein,0,,0,0,132:5,9,1
verhalten_r_w_9,187,18,WOOKY,16,W-B,5fb50,0x4c0c,9,8,21,erholung,64,,nein,46,10,1,nein,0,,0,0,196:5,9,1
verhalten_r_w_9,446,18,WOOKY,16,W-A,5fa54,0x400c,9,12,21,gehen,259,gehen+spott+figur_lag,nein,46,-3,1,nein,0,,0,0,455:5,9,1
verhalten_r_w_9,525,18,WOOKY,16,W-A,5fa54,0x400c,9,12,22,erholung,79,,nein,46,-3,1,nein,0,,0,0,534:5,9,1
verhalten_r_w_9,585,18,WOOKY,16,W-A,5fa54,0x400c,9,12,21,erholung,60,,nein,46,-3,1,nein,0,,0,0,594:5,9,1
verhalten_r_w_9,649,18,WOOKY,16,W-B,5fb50,0x4c0c,9,8,21,erholung,64,,nein,46,-3,1,nein,0,,0,0,658:5,9,1
verhalten_c_hurt,441,18,WOOKY,16,W-A,5fa54,0x400c,9,12,21,gehen,,,,-48,2,1,nein,0,,0,0,450:5,10,1
verhalten_c_hurt,501,18,WOOKY,16,W-A,5fa54,0x400c,9,12,21,erholung,60,,nein,-48,2,1,nein,0,,0,0,510:5,10,1
verhalten_c_hurt,565,18,WOOKY,16,W-B,5fb50,0x4c0c,9,8,21,erholung,64,,nein,-48,2,1,nein,0,,0,0,574:5,10,1
verhalten_c_hurt,718,18,WOOKY,16,W-A,5fa54,0x400c,9,12,21,gehen,153,gehen+spott+figur_lag,nein,-45,2,3,nein,4,aufstehen,0,0,731:5,10,1
verhalten_c_hurt,794,18,WOOKY,16,W-A,5fa54,0x400c,9,12,22,erholung,76,,nein,-45,2,1,nein,0,,0,0,803:5,10,1
verhalten_c_hurt,855,18,WOOKY,16,W-A,5fa54,0x400c,9,12,21,erholung,61,,nein,-45,2,1,nein,0,,0,0,864:5,10,1
verhalten_c_hurt,916,18,WOOKY,16,W-D,5fc8c,0x4c0c,8,8,0,erholung,61,,nein,-45,2,1,nein,0,,0,0,924:5,10,1
verhalten_c_hurt,1127,16,WOOKY,16,W-C,5fc18,0x440c,4,17,21,gehen,,,,56,4,1,nein,0,,0,0,1131:5,11,3
verhalten_c_hurt,1141,17,EDDY,30,E-C,645bc,0x440c,10,15,21,gehen,,,,56,3,3,nein,7,trefferreaktion,0,0,1158:6,11,3
verhalten_c_hurt,1159,18,WOOKY,16,W-A,5fa54,0x400c,9,5,21,gehen,243,abwarten+gehen+figur_lag,nein,-55,0,3,nein,5,trefferreaktion,0,0,,11,3
verhalten_c_hurt,1184,16,WOOKY,16,W-C,5fc18,0x440c,4,17,21,erholung,57,,nein,56,4,3,nein,0,,0,0,1188:5,11,3
verhalten_c_hurt,1207,17,EDDY,30,E-C,645bc,0x440c,10,15,21,erholung,66,,nein,56,3,3,nein,0,,0,0,1217:6,11,3
verhalten_c_hurt,1213,18,WOOKY,16,W-A,5fa54,0x400c,9,5,21,erholung,54,,nein,-55,0,3,nein,5,trefferreaktion,0,0,,11,3
verhalten_c_hurt,1240,16,WOOKY,16,W-A,5fa54,0x400c,9,12,21,erholung,56,,nein,56,4,3,nein,0,,0,0,1249:5,11,3
verhalten_c_hurt,1268,18,WOOKY,16,W-B,5fb50,0x4c0c,9,8,21,erholung,55,,nein,-55,0,3,nein,0,,0,0,1277:5,11,3
verhalten_c_hurt,1420,17,EDDY,30,E-C,645bc,0x440c,10,8,21,gehen,213,gehen+figur_lag,nein,3,-6,3,nein,8,aufstehen,0,0,,11,3
verhalten_c_hurt,1420,18,WOOKY,16,W-E,5fd24,0x440c,10,15,21,gehen,152,gehen+figur_lag,nein,-1,-9,3,nein,4,aufstehen,0,0,1434:5,11,3
verhalten_c_hurt,1495,17,EDDY,30,E-D,64688,0x4c0c,9,37,22,erholung,75,,nein,3,-6,1,nein,27,trefferreaktion,0,0,,11,3
verhalten_c_hurt,1499,18,WOOKY,16,W-A,5fa54,0x400c,9,12,22,erholung,79,,nein,-1,-9,1,nein,0,,0,0,1508:5,11,3
verhalten_c_hurt,1544,16,WOOKY,16,W-A,5fa54,0x400c,9,12,21,gehen,304,gehen+spott+figur_lag,nein,46,0,1,nein,0,,0,0,1553:5,11,3
verhalten_c_hurt,1578,18,WOOKY,16,W-A,5fa54,0x400c,9,12,22,erholung,79,,nein,-1,-9,3,nein,0,,0,0,1587:5,11,3
verhalten_c_hurt,1608,17,EDDY,30,E-C,645bc,0x440c,10,15,21,gehen,113,gehen,ja,-48,1,3,nein,0,,0,0,1618:6,11,3
verhalten_c_hurt,1623,16,WOOKY,16,W-E,5fd24,0x440c,10,8,22,erholung,79,,nein,46,0,3,nein,8,trefferreaktion,0,0,,12,3
verhalten_c_hurt,1636,18,WOOKY,16,W-A,5fa54,0x400c,9,12,17,erholung,58,,nein,-1,-9,3,nein,0,,0,0,1645:5,12,3
verhalten_c_hurt,1675,17,EDDY,30,E-C,645bc,0x440c,10,15,17,erholung,67,,nein,-48,1,1,nein,0,,0,0,1685:6,12,3
verhalten_c_hurt,1692,16,WOOKY,16,W-A,5fa54,0x400c,9,5,18,erholung,69,,nein,46,0,3,nein,5,trefferreaktion,0,0,,12,3
verhalten_c_hurt,1694,18,WOOKY,16,W-D,5fc8c,0x4c0c,8,10,0,erholung,58,,nein,-1,-9,3,nein,10,trefferreaktion,0,0,,12,3
verhalten_c_hurt,1742,16,WOOKY,16,W-A,5fa54,0x400c,9,12,17,erholung,50,,nein,46,0,1,nein,0,,0,0,1751:5,12,3
verhalten_c_hurt,1756,17,EDDY,30,E-D,64688,0x4c0c,9,37,18,erholung,81,,nein,-48,1,3,nein,14,trefferreaktion,0,0,,12,3
verhalten_c_hurt,1758,18,WOOKY,16,W-A,5fa54,0x400c,9,5,18,erholung,64,,nein,-1,-9,3,nein,5,trefferreaktion,0,0,,12,3
verhalten_c_hurt,1800,16,WOOKY,16,W-B,5fb50,0x4c0c,9,8,17,erholung,58,,nein,46,0,1,nein,0,,0,0,1809:5,12,3
verhalten_c_hurt,1806,18,WOOKY,16,W-A,5fa54,0x0000,,0,17,erholung,48,,nein,-1,-9,1,nein,0,,0,0,,12,3
verhalten_c_hurt,2099,16,WOOKY,16,W-C,5fc18,0x440c,4,17,17,gehen,299,abwarten+gehen+figur_lag,nein,56,0,1,nein,0,,0,0,2103:5,12,3
verhalten_c_hurt,2151,16,WOOKY,16,W-C,5fc18,0x440c,4,17,17,erholung,52,,nein,56,0,1,nein,0,,0,0,2155:5,12,3
verhalten_c_hurt,2203,16,WOOKY,16,W-A,5fa54,0x400c,9,12,17,erholung,52,,nein,56,0,1,nein,0,,0,0,2212:5,12,3
verhalten_c_hurt,2207,17,EDDY,30,E-C,645bc,0x440c,10,8,17,gehen,451,gehen+spott+figur_lag,ja,13,11,1,nein,8,trefferreaktion,0,0,,12,3
verhalten_c_hurt,2263,16,WOOKY,16,W-D,5fc8c,0x4c0c,8,8,0,erholung,60,,nein,56,0,1,nein,0,,0,0,2271:5,13,3
verhalten_c_hurt,2263,17,EDDY,30,E-C,645bc,0x440c,10,8,17,erholung,56,,nein,13,11,1,nein,0,,8,0,,13,3
verhalten_c_hurt,2916,18,WOOKY,16,W-A,5fa54,0x400c,9,12,17,gehen,1110,abwarten+gehen+inaktiv+spott+figur_lag,ja,47,-7,1,nein,0,,0,0,2925:5,14,2
verhalten_c_hurt,2988,18,WOOKY,16,W-C,5fc18,0x440c,4,17,18,erholung,72,,nein,47,-7,1,nein,0,,0,0,2992:5,14,3
verhalten_c_hurt,3040,18,WOOKY,16,W-C,5fc18,0x440c,4,17,17,erholung,52,,nein,47,-7,1,nein,0,,0,0,3044:5,14,3
verhalten_c_hurt,3095,18,WOOKY,16,W-B,5fb50,0x4c0c,9,8,17,erholung,55,,nein,47,-7,1,nein,0,,0,0,3104:5,14,3
verhalten_c_hurt,3383,17,EDDY,30,E-D,64688,0x4c0c,9,44,17,gehen,1120,abwarten+gehen+spott+figur_lag,nein,55,3,1,nein,0,,0,0,3392:6,14,3
verhalten_c_hurt,3765,17,EDDY,30,E-D,64688,0x4c0c,9,44,17,gehen,382,gehen+inaktiv+spott+figur_lag,nein,46,-6,1,nein,0,,0,0,3774:6,15,3
verhalten_c_hurt,3913,17,EDDY,30,E-D,64688,0x4c0c,9,37,17,gehen,148,gehen+inaktiv+figur_lag,nein,20,-10,3,nein,10,aufstehen,0,0,,15,2
verhalten_c_hurt_b,418,18,WOOKY,16,W-C,5fc18,0x440c,4,17,21,gehen,,,,-47,8,1,nein,0,,0,0,422:5,10,1
verhalten_c_hurt_b,476,18,WOOKY,16,W-C,5fc18,0x440c,4,17,21,erholung,58,,nein,-47,8,1,nein,0,,0,0,480:5,10,1
verhalten_c_hurt_b,534,18,WOOKY,16,W-B,5fb50,0x4c0c,9,8,21,erholung,58,,nein,-47,8,1,nein,0,,0,0,543:5,10,1
verhalten_c_hurt_b,732,18,WOOKY,16,W-A,5fa54,0x400c,9,12,21,gehen,198,gehen+spott+figur_lag,nein,-48,-5,1,nein,0,,0,0,741:5,10,1
verhalten_c_hurt_b,808,18,WOOKY,16,W-A,5fa54,0x400c,9,12,22,erholung,76,,nein,-48,-5,1,nein,0,,0,0,817:5,10,1
verhalten_c_hurt_b,869,18,WOOKY,16,W-A,5fa54,0x400c,9,12,21,erholung,61,,nein,-48,-5,1,nein,0,,0,0,878:5,10,1
verhalten_c_hurt_b,930,18,WOOKY,16,W-D,5fc8c,0x4c0c,8,8,0,erholung,61,,nein,-48,-5,1,nein,0,,0,0,938:5,10,1
verhalten_c_hurt_b,1211,18,WOOKY,16,W-A,5fa54,0x400c,9,12,21,gehen,281,gehen+spott+figur_lag,nein,-47,8,1,nein,0,,0,0,1220:5,11,3
verhalten_c_hurt_b,1275,18,WOOKY,16,W-A,5fa54,0x400c,9,12,21,erholung,64,,nein,-47,8,1,nein,0,,0,0,1284:5,11,3
verhalten_c_hurt_b,1339,18,WOOKY,16,W-D,5fc8c,0x4c0c,8,8,0,erholung,64,,nein,-47,8,1,nein,0,,0,0,1347:5,11,3
verhalten_c_hurt_b,1542,17,EDDY,30,E-D,64688,0x4c0c,9,37,21,gehen,,,,-10,-10,1,nein,12,trefferreaktion,0,0,,11,3
verhalten_c_hurt_b,1566,18,WOOKY,16,W-A,5fa54,0x400c,9,12,21,gehen,227,gehen+spott+figur_lag,nein,-48,-4,1,nein,0,,0,0,1575:5,11,3
verhalten_c_hurt_b,1629,18,WOOKY,16,W-A,5fa54,0x400c,9,12,21,erholung,63,,nein,-48,-4,1,nein,0,,0,0,1638:5,12,3
verhalten_c_hurt_b,1687,18,WOOKY,16,W-D,5fc8c,0x4c0c,8,8,0,erholung,58,,nein,-48,-4,1,nein,0,,0,0,1695:5,12,3
verhalten_c_hurt_b,1708,17,EDDY,30,E-D,64688,0x4c0c,9,37,17,gehen,166,gehen+spott+figur_lag,ja,31,-10,2,ja,0,,37,32,,12,3
verhalten_c_hurt_b,1834,15,WOOKY,26,W-C,5fc18,0x440c,4,10,17,gehen,,,,39,-7,3,nein,10,aufstehen,0,0,,12,5
verhalten_c_hurt_b,1851,14,WOOKY,26,W-C,5fc18,0x440c,4,17,17,gehen,,,,46,-6,3,nein,0,,0,0,1855:8,12,5
verhalten_c_hurt_b,1883,15,WOOKY,26,W-C,5fc18,0x440c,4,17,17,erholung,49,,nein,39,-7,1,nein,0,,0,0,1887:8,12,5
verhalten_c_hurt_b,1902,14,WOOKY,26,W-C,5fc18,0x440c,4,17,17,erholung,51,,nein,46,-6,3,nein,8,trefferreaktion,0,0,1914:8,12,5
verhalten_c_hurt_b,1925,18,WOOKY,16,W-C,5fc18,0x440c,4,10,17,gehen,238,gehen+spott+figur_lag,ja,24,-10,3,nein,10,trefferreaktion,0,0,,12,5
verhalten_c_hurt_b,1937,15,WOOKY,26,W-A,5fa54,0x400c,9,12,17,erholung,54,,nein,39,-7,3,nein,0,,0,0,1946:8,12,5
verhalten_c_hurt_b,1955,14,WOOKY,26,W-B,5fb50,0x4c0c,9,5,17,erholung,53,,nein,46,-6,3,nein,5,trefferreaktion,0,0,,12,5
verhalten_c_hurt_b,1971,18,WOOKY,16,W-C,5fc18,0x440c,4,17,17,erholung,46,,nein,24,-10,3,nein,0,,0,0,1975:5,12,5
verhalten_c_hurt_b,1995,15,WOOKY,26,W-D,5fc8c,0x4c0c,8,8,0,erholung,58,,nein,39,-7,3,nein,0,,0,0,2003:8,12,5
verhalten_c_hurt_b,2238,15,WOOKY,26,W-A,5fa54,0x400c,9,12,17,gehen,243,gehen+spott+figur_lag,nein,5,-10,1,nein,0,,0,0,2247:8,13,5
verhalten_c_hurt_b,2258,14,WOOKY,26,W-A,5fa54,0x400c,9,5,17,gehen,303,abwarten+gehen+sonst+figur_lag,nein,47,-1,3,nein,5,trefferreaktion,0,0,,13,5
verhalten_c_hurt_b,2298,15,WOOKY,26,W-A,5fa54,0x400c,9,12,17,erholung,60,,nein,5,-10,1,nein,0,,0,0,2307:8,13,5
verhalten_c_hurt_b,2320,14,WOOKY,26,W-C,5fc18,0x440c,4,10,18,erholung,62,,nein,47,-1,3,nein,10,trefferreaktion,0,0,,13,5
verhalten_c_hurt_b,2358,15,WOOKY,26,W-B,5fb50,0x4c0c,9,8,17,erholung,60,,nein,5,-10,1,nein,0,,0,0,2367:8,13,5
verhalten_c_hurt_b,2364,14,WOOKY,26,W-C,5fc18,0x0000,,0,17,erholung,44,,nein,47,-1,1,nein,0,,0,0,,13,5
verhalten_c_hurt_b,2583,17,EDDY,30,E-D,64688,0x4c0c,9,44,17,gehen,875,abwarten+gehen+inaktiv+spott+figur_lag,ja,-54,0,1,nein,0,,0,0,2592:6,13,5
verhalten_c_hurt_b,2732,17,EDDY,30,E-D,64688,0x4c0c,9,37,17,gehen,149,gehen+figur_lag,ja,19,-8,3,nein,9,aufstehen,0,0,,13,5
verhalten_c_hurt_b,2833,18,WOOKY,16,W-A,5fa54,0x400c,9,12,17,gehen,862,abwarten+gehen+spott+figur_lag,ja,-55,1,1,nein,0,,0,0,2842:5,14,5
verhalten_c_hurt_b,2893,18,WOOKY,16,W-A,5fa54,0x400c,9,12,17,erholung,60,,nein,-55,1,1,nein,0,,0,0,2902:5,14,5
verhalten_c_hurt_b,2899,15,WOOKY,26,W-A,5fa54,0x400c,9,5,17,gehen,541,abwarten+gehen+inaktiv+figur_lag,ja,-55,3,1,nein,5,trefferreaktion,0,0,,14,5
verhalten_c_hurt_b,2951,15,WOOKY,26,W-A,5fa54,0x400c,9,1,17,erholung,52,,nein,-55,3,1,nein,0,,0,0,,14,5
verhalten_c_hurt_b,2952,18,WOOKY,16,W-D,5fc8c,0x4c0c,8,8,0,erholung,59,,nein,-55,1,1,nein,0,,0,0,2960:5,14,5
verhalten_c_hurt_b,3210,17,EDDY,30,E-D,64688,0x4c0c,9,44,17,gehen,478,abwarten+gehen+spott+figur_lag,ja,-56,3,1,nein,0,,0,0,3219:6,14,5
verhalten_c_hurt_b,3212,18,WOOKY,16,W-A,5fa54,0x0000,,0,17,gehen,260,abwarten+gehen+figur_lag,nein,-55,0,1,nein,0,,0,0,,14,5
verhalten_c_hurt_b,3438,15,WOOKY,26,W-C,5fc18,0x440c,4,17,17,gehen,487,gehen+spott+figur_lag,nein,-13,-10,1,nein,0,,0,0,3442:9,15,3
verhalten_c_hurt_b,3489,15,WOOKY,26,W-C,5fc18,0x440c,4,17,17,erholung,51,,nein,-13,-10,1,nein,0,,0,0,3493:9,15,3
verhalten_c_hurt_b,3545,15,WOOKY,26,W-A,5fa54,0x400c,9,12,17,erholung,56,,nein,-13,-10,1,nein,0,,0,0,3554:9,15,3
verhalten_c_hurt_b,3603,15,WOOKY,26,W-D,5fc8c,0x4c0c,8,8,0,erholung,58,,nein,-13,-10,1,nein,0,,0,0,3611:9,15,4
verhalten_c_hurt_c,950,17,EDDY,30,E-A,643f8,0x400c,9,12,21,gehen,,,,-7,11,1,nein,0,,0,0,959:6,10,2
verhalten_c_hurt_c,1026,17,EDDY,30,E-A,643f8,0x400c,9,12,22,erholung,76,,nein,-7,11,1,nein,0,,0,0,1035:6,11,2
verhalten_c_hurt_c,1043,16,WOOKY,16,W-A,5fa54,0x400c,9,5,21,gehen,,,,55,-3,3,nein,5,trefferreaktion,0,0,,11,2
verhalten_c_hurt_c,1099,17,EDDY,30,E-D,64688,0x4c0c,9,44,22,erholung,73,,nein,-7,11,1,nein,0,,0,0,1108:6,11,2
verhalten_c_hurt_c,1251,17,EDDY,30,E-C,645bc,0x440c,10,15,21,gehen,152,gehen+figur_lag,ja,20,0,3,nein,4,aufstehen,0,0,1265:6,11,3
verhalten_c_hurt_c,1333,17,EDDY,30,E-D,64688,0x4c0c,9,37,22,erholung,82,,nein,20,0,1,nein,27,trefferreaktion,0,0,,11,3
verhalten_c_hurt_c,1375,16,WOOKY,16,W-A,5fa54,0x400c,9,5,21,gehen,332,gehen+spott+figur_lag,ja,-45,11,3,nein,5,trefferreaktion,0,0,,11,3
verhalten_c_hurt_c,1428,16,WOOKY,16,W-A,5fa54,0x400c,9,12,21,erholung,53,,nein,-45,11,3,nein,0,,0,0,1437:5,11,3
verhalten_c_hurt_c,1437,17,EDDY,30,E-D,64688,0x4c0c,9,37,21,gehen,104,gehen,ja,-46,-4,3,nein,19,trefferreaktion,0,0,,11,3
verhalten_c_hurt_c,1489,16,WOOKY,16,W-D,5fc8c,0x4c0c,8,8,0,erholung,61,,nein,-45,11,1,nein,0,,0,0,1497:5,11,3
verhalten_c_hurt_c,1737,15,WOOKY,26,W-C,5fc18,0x440c,4,17,17,gehen,,,,-28,-10,1,nein,0,,0,0,1741:8,12,5
verhalten_c_hurt_c,1968,14,WOOKY,26,W-A,5fa54,0x400c,9,12,17,gehen,,,,-55,-1,1,nein,0,,0,0,1977:8,12,5
verhalten_c_hurt_c,2029,16,WOOKY,16,W-A,5fa54,0x400c,9,12,17,gehen,540,abwarten+gehen+spott+figur_lag,ja,18,-10,1,nein,0,,0,0,2038:5,12,5
verhalten_c_hurt_c,2088,16,WOOKY,16,W-A,5fa54,0x400c,9,12,17,erholung,59,,nein,18,-10,1,nein,0,,0,0,2097:5,12,5
verhalten_c_hurt_c,2120,14,WOOKY,26,W-C,5fc18,0x440c,4,17,17,gehen,152,gehen,nein,-55,-1,3,nein,0,,0,0,2124:8,12,5
verhalten_c_hurt_c,2146,16,WOOKY,16,W-B,5fb50,0x4c0c,9,8,17,erholung,58,,nein,18,-10,3,nein,0,,0,0,2155:5,12,5
verhalten_c_hurt_c,2370,14,WOOKY,26,W-A,5fa54,0x400c,9,12,17,gehen,250,gehen+spott+figur_lag,ja,54,1,1,nein,0,,0,0,2379:8,13,5
verhalten_c_hurt_c,2416,17,EDDY,30,E-D,64688,0x4c0c,9,44,17,gehen,979,abwarten+gehen+spott+figur_lag,nein,-56,3,1,nein,0,,0,0,2425:6,13,5
verhalten_c_hurt_c,2564,17,EDDY,30,E-D,64688,0x4c0c,9,37,17,gehen,148,gehen+figur_lag,ja,25,2,3,nein,10,aufstehen,0,0,,13,5
verhalten_c_hurt_c,2565,16,WOOKY,16,W-C,5fc18,0x440c,4,10,17,gehen,419,abwarten+gehen+spott+figur_lag,nein,47,5,3,nein,10,aufstehen,0,0,,13,5
verhalten_c_hurt_c,2608,16,WOOKY,16,W-C,5fc18,0x440c,4,17,17,erholung,43,,nein,47,5,1,nein,0,,0,0,2612:5,13,5
verhalten_c_hurt_c,2663,16,WOOKY,16,W-A,5fa54,0x400c,9,12,17,erholung,55,,nein,47,5,1,nein,0,,0,0,2672:5,13,5
verhalten_c_hurt_c,2722,16,WOOKY,16,W-D,5fc8c,0x4c0c,8,8,0,erholung,59,,nein,47,5,1,nein,0,,0,0,2730:5,13,5
verhalten_c_hurt_c,2870,14,WOOKY,26,W-A,5fa54,0x400c,9,5,17,gehen,500,abwarten+gehen+spott+figur_lag,nein,17,-5,3,nein,5,aufstehen,0,0,,14,5
verhalten_c_hurt_c,2934,14,WOOKY,26,W-C,5fc18,0x440c,4,17,18,erholung,64,,nein,17,-5,1,nein,0,,0,0,2938:8,14,5
verhalten_c_hurt_c,2989,17,EDDY,30,E-D,64688,0x4c0c,9,37,17,gehen,425,gehen+spott+figur_lag,ja,-58,0,2,ja,0,,37,33,,14,5
verhalten_c_hurt_c,3213,17,EDDY,30,E-D,64688,0x4c0c,9,37,17,gehen,224,gehen+spott+figur_lag,nein,-53,-3,2,ja,0,,37,10,,14,5
verhalten_c_hurt_c,3386,14,WOOKY,26,W-A,5fa54,0x400c,9,12,17,gehen,452,gehen+inaktiv+figur_lag,nein,56,-3,3,nein,0,,0,0,3395:8,14,4
verhalten_c_hurt_c,3441,14,WOOKY,26,W-A,5fa54,0x400c,9,12,17,erholung,55,,nein,56,-3,1,nein,0,,0,0,3450:9,15,5
verhalten_c_hurt_c,3498,14,WOOKY,26,W-D,5fc8c,0x4c0c,8,8,0,erholung,57,,nein,56,-3,1,nein,0,,0,0,3506:9,15,5
verhalten_c_hurt_c,3699,15,WOOKY,26,W-A,5fa54,0x400c,9,12,17,gehen,1962,abwarten+gehen+spott+figur_lag,ja,56,-1,1,nein,0,,0,0,3708:9,15,5
verhalten_c_hurt_c,3757,15,WOOKY,26,W-A,5fa54,0x400c,9,12,17,erholung,58,,nein,56,-1,3,nein,0,,0,0,3766:9,15,5
verhalten_c_hurt_c,3813,15,WOOKY,26,W-B,5fb50,0x4c0c,9,8,17,erholung,56,,nein,56,-1,1,nein,0,,0,0,3822:9,15,5
verhalten_c_hurt_c,3962,14,WOOKY,26,W-C,5fc18,0x440c,4,10,17,gehen,464,abwarten+gehen+figur_lag,ja,-18,6,3,nein,10,aufstehen,0,0,,15,5
verhalten_b_weg_e,35,17,EDDY,30,E-A,643f8,0x400c,9,12,21,gehen,,,,54,2,1,nein,0,,0,0,44:6,10,2
verhalten_b_weg_e,354,17,EDDY,30,E-D,64688,0x4c0c,9,37,21,gehen,319,gehen+spott,nein,47,10,1,nein,24,trefferreaktion,0,0,,11,2
verhalten_b_weg_e,355,16,WOOKY,16,W-C,5fc18,0x440c,4,17,21,gehen,,,,28,-10,1,nein,0,,0,0,359:5,11,2
verhalten_b_weg_e,410,16,WOOKY,16,W-C,5fc18,0x440c,4,17,21,erholung,55,,nein,28,-10,1,nein,0,,0,0,414:5,11,2
verhalten_b_weg_e,451,17,EDDY,30,E-D,64688,0x4c0c,9,44,21,gehen,97,gehen,ja,-48,-10,1,nein,0,,0,0,460:6,11,2
verhalten_b_weg_e,686,17,EDDY,30,E-D,64688,0x4c0c,9,44,21,gehen,235,gehen+spott+figur_lag,nein,-56,-1,1,nein,0,,0,0,695:6,11,2
verhalten_b_weg_e,692,16,WOOKY,16,W-C,5fc18,0x0000,,0,21,gehen,282,gehen+spott+figur_lag,nein,44,-10,1,nein,0,,0,0,,11,2
verhalten_b_weg_e,916,16,WOOKY,16,W-A,5fa54,0x400c,9,12,17,gehen,224,gehen+spott+figur_lag,nein,44,-3,1,nein,0,,0,0,925:5,12,2
verhalten_b_weg_e,974,16,WOOKY,16,W-A,5fa54,0x400c,9,12,17,erholung,58,,nein,44,-3,1,nein,0,,0,0,983:5,12,2
verhalten_b_weg_e,1032,16,WOOKY,16,W-B,5fb50,0x4c0c,9,8,17,erholung,58,,nein,44,-3,1,nein,0,,0,0,1041:5,12,2
verhalten_b_weg_e,1181,16,WOOKY,16,W-C,5fc18,0x440c,4,10,17,gehen,149,gehen+spott+figur_lag,nein,41,-3,3,nein,10,aufstehen,0,0,,12,2
verhalten_b_weg_e,1226,16,WOOKY,16,W-C,5fc18,0x440c,4,17,17,erholung,45,,nein,41,-3,1,nein,0,,0,0,1230:5,12,2
verhalten_b_weg_e,1281,16,WOOKY,16,W-A,5fa54,0x400c,9,12,17,erholung,55,,nein,41,-3,1,nein,0,,0,0,1290:5,12,2
verhalten_b_weg_e,1339,16,WOOKY,16,W-D,5fc8c,0x4c0c,8,8,0,erholung,58,,nein,41,-3,1,nein,0,,0,0,1347:5,13,2
verhalten_b_weg_e2,417,17,EDDY,30,E-C,645bc,0x440c,10,15,21,gehen,,,,26,-10,1,nein,0,,0,0,427:6,11,1
verhalten_b_weg_e2,484,17,EDDY,30,E-C,645bc,0x440c,10,15,21,erholung,67,,nein,26,-10,1,nein,0,,0,0,494:6,11,1
verhalten_b_weg_e2,566,17,EDDY,30,E-C,645bc,0x440c,10,15,22,erholung,82,,nein,26,-10,1,nein,0,,0,0,576:6,11,1
verhalten_b_weg_e2,646,17,EDDY,30,E-C,645bc,0x440c,10,15,22,erholung,80,,nein,26,-10,1,nein,0,,0,0,656:6,11,1
verhalten_b_weg_e2,726,17,EDDY,30,E-D,64688,0x4c0c,9,44,22,erholung,80,,nein,26,-10,1,nein,0,,0,0,735:6,12,1
verhalten_b_weg_e2,875,17,EDDY,30,E-C,645bc,0x440c,10,15,17,gehen,149,gehen+inaktiv+spott+figur_lag,nein,39,-7,3,nein,7,aufstehen,0,0,892:6,12,1
verhalten_b_weg_e2,938,17,EDDY,30,E-C,645bc,0x440c,10,15,17,erholung,63,,nein,39,-7,1,nein,0,,0,0,948:6,12,1
verhalten_b_weg_e2,1020,17,EDDY,30,E-D,64688,0x4c0c,9,44,18,erholung,82,,nein,39,-7,1,nein,0,,0,0,1029:6,12,1
verhalten_b_weg_e2,1302,17,EDDY,30,E-D,64688,0x4c0c,9,44,17,gehen,282,gehen+spott+figur_lag,ja,-2,9,1,nein,0,,0,0,,12,1
verhalten_b_weg_r90_e,341,17,EDDY,30,E-D,64688,0x4c0c,9,51,21,gehen,,,,-56,3,1,nein,0,,0,0,350:6,11,5
verhalten_b_weg_r90_e,490,14,WOOKY,26,W-A,5fa54,0x400c,9,5,21,spott,,,,-43,6,3,nein,5,aufstehen,0,0,,11,5
verhalten_b_weg_r90_e,516,17,EDDY,30,E-D,64688,0x4c0c,9,44,21,gehen,175,gehen+figur_lag,nein,-6,10,1,nein,0,,0,0,525:6,11,5
verhalten_b_weg_r90_e,665,14,WOOKY,26,W-C,5fc18,0x440c,4,10,21,spott,175,gehen+spott+figur_lag,nein,-5,10,3,nein,10,aufstehen,0,0,,11,5
verhalten_b_weg_r90_e,716,14,WOOKY,26,W-C,5fc18,0x440c,4,17,21,erholung,51,,nein,-5,10,1,nein,0,,0,0,720:8,12,5
verhalten_b_weg_r90_e,880,14,WOOKY,26,W-A,5fa54,0x400c,9,5,17,spott,164,gehen+spott+figur_lag,nein,-34,-9,3,nein,5,aufstehen,0,0,,12,5
verhalten_b_weg_r90_e,880,17,EDDY,30,E-A,643f8,0x400c,9,5,17,gehen,364,gehen+spott+figur_lag,ja,18,-9,3,nein,5,aufstehen,0,0,,12,5
verhalten_b_weg_r90_e,929,17,EDDY,30,E-A,643f8,0x400c,9,5,17,erholung,49,,nein,18,-9,1,nein,5,trefferreaktion,0,0,,12,5
verhalten_b_weg_r90_e,933,14,WOOKY,26,W-A,5fa54,0x400c,9,5,17,erholung,53,,nein,-34,-9,1,nein,5,trefferreaktion,0,0,,12,5
verhalten_b_weg_r90_e,981,17,EDDY,30,E-B,644f4,0x4c0c,9,5,17,erholung,52,,nein,18,-9,3,nein,5,trefferreaktion,0,0,,12,5
verhalten_b_weg_r90_e,985,14,WOOKY,26,W-D,5fc8c,0x4c0c,8,8,0,erholung,52,,nein,-34,-9,3,nein,8,trefferreaktion,0,0,,12,5
verhalten_b_weg_r90_w,339,17,EDDY,30,E-D,64688,0x4c0c,9,51,21,gehen,,,,-43,11,1,nein,0,,0,0,348:6,10,3
verhalten_b_weg_r90_w,657,15,WOOKY,24,W-A,5fa54,0x400c,9,12,21,gehen,,,,-56,-1,1,nein,0,,0,0,666:8,11,5
verhalten_b_weg_r90_w,720,15,WOOKY,24,W-A,5fa54,0x400c,9,12,21,erholung,63,,nein,-56,-1,1,nein,0,,0,0,729:8,11,5
verhalten_b_weg_r90_w,780,15,WOOKY,24,W-B,5fb50,0x4c0c,9,8,21,erholung,60,,nein,-56,-1,1,nein,0,,0,0,789:8,11,5
verhalten_b_weg_r90_w,933,14,WOOKY,26,W-C,5fc18,0x440c,4,10,21,gehen,,,,-46,5,3,nein,10,aufstehen,0,0,,11,4
verhalten_b_weg_r90_w,984,14,WOOKY,26,W-C,5fc18,0x440c,4,13,21,erholung,51,,nein,-46,5,1,nein,0,,0,0,988:8,11,4
verhalten_b_weg_r_e,222,16,WOOKY,16,W-A,5fa54,0x400c,9,12,21,gehen,,,,-7,11,1,nein,0,,0,0,231:5,11,5
verhalten_b_weg_r_e,284,16,WOOKY,16,W-A,5fa54,0x400c,9,12,21,erholung,62,,nein,-7,11,1,nein,0,,0,0,293:5,11,5
verhalten_b_weg_r_e,349,16,WOOKY,16,W-B,5fb50,0x4c0c,9,8,21,erholung,65,,nein,-7,11,1,nein,0,,0,0,358:5,11,5
verhalten_b_weg_r_e,499,15,WOOKY,26,W-C,5fc18,0x440c,4,17,21,gehen,,,,-46,1,3,nein,9,aufstehen,0,0,512:8,11,5
verhalten_b_weg_r_e,554,15,WOOKY,26,W-C,5fc18,0x440c,4,17,21,erholung,55,,nein,-46,1,1,nein,0,,0,0,558:8,11,5
verhalten_b_weg_r_e,780,15,WOOKY,26,W-A,5fa54,0x400c,9,12,17,gehen,226,gehen+spott+figur_lag,nein,-6,11,1,nein,0,,0,0,789:8,12,5
verhalten_b_weg_r_e,837,15,WOOKY,26,W-A,5fa54,0x400c,9,12,17,erholung,57,,nein,-6,11,1,nein,0,,0,0,846:8,12,5
verhalten_b_weg_r_e,889,16,WOOKY,16,W-A,5fa54,0x400c,9,12,17,gehen,540,abwarten+gehen+spott+figur_lag,nein,-48,-4,1,nein,0,,0,0,898:5,12,5
verhalten_b_weg_r_e,897,15,WOOKY,26,W-D,5fc8c,0x4c0c,8,10,0,erholung,60,,nein,-6,11,1,nein,10,trefferreaktion,0,0,,12,5
verhalten_b_weg_r_e,905,17,EDDY,30,E-C,645bc,0x440c,10,8,17,gehen,,,,46,-9,3,nein,8,trefferreaktion,0,0,,12,5
verhalten_b_weg_r_e,921,14,WOOKY,26,W-C,5fc18,0x440c,4,17,17,gehen,,,,-56,3,3,nein,0,,0,0,925:8,12,5
verhalten_b_weg_r_e,947,16,WOOKY,16,W-A,5fa54,0x400c,9,12,17,erholung,58,,nein,-48,-4,3,nein,0,,0,0,956:5,12,5
verhalten_b_weg_r_e,966,15,WOOKY,26,W-C,5fc18,0x440c,4,10,18,erholung,69,,nein,-6,11,3,nein,10,trefferreaktion,0,0,,12,5
verhalten_b_weg_r_e,973,14,WOOKY,26,W-C,5fc18,0x440c,4,17,17,erholung,52,,nein,-56,3,3,nein,6,trefferreaktion,0,0,983:8,12,5
verhalten_b_weg_r_e,975,17,EDDY,30,E-C,645bc,0x440c,10,8,18,erholung,70,,nein,46,-9,3,nein,8,trefferreaktion,0,0,,12,5
verhalten_b_weg_r_e,1005,16,WOOKY,16,W-D,5fc8c,0x4c0c,8,8,0,erholung,58,,nein,-48,-4,3,nein,0,,0,0,1013:5,12,5
verhalten_b_weg_r_e,1012,15,WOOKY,26,W-C,5fc18,0x0000,,0,17,erholung,46,,nein,-6,11,1,nein,0,,0,0,,12,5
verhalten_b_weg_r_e,1228,15,WOOKY,26,W-A,5fa54,0x400c,9,12,17,gehen,216,gehen+spott+figur_lag,ja,47,-9,1,nein,0,,0,0,1237:8,12,5
verhalten_b_weg_r_e,1287,15,WOOKY,26,W-A,5fa54,0x400c,9,12,17,erholung,59,,nein,47,-9,1,nein,0,,0,0,1296:8,12,5
verhalten_b_weg_r_e,1343,15,WOOKY,26,W-D,5fc8c,0x4c0c,8,8,0,erholung,56,,nein,47,-9,1,nein,0,,0,0,1351:8,13,5
verhalten_b_weg_r_e,1490,15,WOOKY,26,W-C,5fc18,0x440c,4,7,17,spott,147,gehen+spott+figur_lag,nein,44,-9,3,nein,7,aufstehen,0,0,,13,5
verhalten_b_weg_r_w,472,18,WOOKY,16,W-C,5fc18,0x440c,4,17,21,gehen,,,,-9,-9,1,nein,0,,0,0,476:5,11,4
verhalten_b_weg_r_w,526,18,WOOKY,16,W-C,5fc18,0x440c,4,17,21,erholung,54,,nein,-9,-9,1,nein,0,,0,0,530:5,11,4
verhalten_b_weg_r_w,581,18,WOOKY,16,W-A,5fa54,0x400c,9,12,21,erholung,55,,nein,-9,-9,1,nein,0,,0,0,590:5,11,4
verhalten_b_weg_r_w,640,16,WOOKY,16,W-A,5fa54,0x400c,9,12,21,gehen,,,,-56,-1,1,nein,0,,0,0,649:5,11,5
verhalten_b_weg_r_w,644,18,WOOKY,16,W-D,5fc8c,0x4c0c,8,10,0,erholung,63,,nein,-9,-9,1,nein,10,trefferreaktion,0,0,,11,5
verhalten_b_weg_r_w,668,15,WOOKY,24,W-C,5fc18,0x440c,4,17,21,gehen,,,,56,-3,3,nein,4,trefferreaktion,0,0,676:8,11,5
verhalten_b_weg_r_w,704,16,WOOKY,16,W-A,5fa54,0x400c,9,12,21,erholung,64,,nein,-56,-1,1,nein,0,,0,0,713:5,11,5
verhalten_b_weg_r_w,711,18,WOOKY,16,W-A,5fa54,0x400c,9,5,22,erholung,67,,nein,-9,-9,1,nein,5,trefferreaktion,0,0,,11,5
verhalten_b_weg_r_w,724,15,WOOKY,24,W-C,5fc18,0x440c,4,10,21,erholung,56,,nein,56,-3,3,nein,10,trefferreaktion,0,0,,11,5
verhalten_b_weg_r_w,766,16,WOOKY,16,W-B,5fb50,0x4c0c,9,8,21,erholung,62,,nein,-56,-1,1,nein,0,,0,0,775:5,11,5
verhalten_b_weg_r_w,768,18,WOOKY,16,W-A,5fa54,0x0000,,0,21,erholung,57,,nein,-9,-9,1,nein,0,,0,0,,11,5
verhalten_b_weg_r_w,772,15,WOOKY,24,W-A,5fa54,0x0000,,0,21,erholung,48,,nein,56,-3,1,nein,0,,0,0,,11,5
verhalten_b_weg_r_w,964,15,WOOKY,24,W-C,5fc18,0x440c,4,17,21,gehen,192,gehen+inaktiv+figur_lag,nein,55,-2,1,nein,0,,0,0,968:8,11,2
verhalten_b_weg_r_w,1016,15,WOOKY,24,W-C,5fc18,0x440c,4,17,17,erholung,52,,nein,55,-2,1,nein,0,,0,0,1020:8,12,2
verhalten_b_weg_r_w,1067,15,WOOKY,24,W-A,5fa54,0x400c,9,12,17,erholung,51,,nein,55,-2,1,nein,0,,0,0,1076:8,12,3
verhalten_b_weg_r_w,1128,15,WOOKY,24,W-D,5fc8c,0x4c0c,8,8,0,erholung,61,,nein,55,-2,1,nein,0,,0,0,1136:8,12,4
verhalten_b_weg_r_w,1277,15,WOOKY,24,W-A,5fa54,0x400c,9,5,17,gehen,149,gehen+spott+figur_lag,nein,19,5,3,nein,5,aufstehen,0,0,,12,5
verhalten_b_weg_r_w,1308,14,WOOKY,24,W-C,5fc18,0x440c,4,17,17,gehen,,,,46,-1,1,nein,0,,0,0,1312:8,12,5
verhalten_b_weg_r_w,1344,15,WOOKY,24,W-C,5fc18,0x440c,4,17,18,erholung,67,,nein,19,5,1,nein,0,,0,0,1348:8,12,5
verhalten_b_weg_r_w,1361,14,WOOKY,24,W-C,5fc18,0x440c,4,10,17,erholung,53,,nein,46,-1,3,nein,10,trefferreaktion,0,0,,12,5
verhalten_b_weg_r_w,1399,15,WOOKY,24,W-C,5fc18,0x440c,4,17,17,erholung,55,,nein,19,5,1,nein,0,,0,0,1403:8,12,5
verhalten_b_weg_r_w,1408,14,WOOKY,24,W-A,5fa54,0x400c,9,5,17,erholung,47,,nein,46,-1,3,nein,5,trefferreaktion,0,0,,12,5
verhalten_b_weg_r_w,1451,15,WOOKY,24,W-A,5fa54,0x400c,9,12,17,erholung,52,,nein,19,5,1,nein,0,,0,0,1460:8,12,5
verhalten_b_weg_r_w,1459,14,WOOKY,24,W-D,5fc8c,0x4c0c,8,10,0,erholung,51,,nein,46,-1,1,nein,10,trefferreaktion,0,0,,12,5
verhalten_b_weg_t100_e,35,17,EDDY,30,E-A,643f8,0x400c,9,12,21,gehen,,,,46,2,1,nein,0,,0,0,44:6,10,2
verhalten_b_weg_t100_e,112,17,EDDY,30,E-A,643f8,0x0000,,0,22,erholung,77,,nein,67,2,1,nein,0,,0,0,,11,2
verhalten_b_weg_t100_e,240,17,EDDY,30,E-D,64688,0x4c0c,9,44,21,gehen,128,gehen,nein,53,1,1,nein,0,,0,0,249:6,11,2
verhalten_b_weg_t100_e,392,16,WOOKY,16,W-C,5fc18,0x440c,4,10,21,gehen,,,,7,-3,3,nein,10,aufstehen,0,0,,11,1
verhalten_b_weg_t100_e,441,16,WOOKY,16,W-C,5fc18,0x440c,4,17,21,erholung,49,,nein,7,-3,1,nein,0,,0,0,445:5,11,2
verhalten_b_weg_t100_e,501,16,WOOKY,16,W-A,5fa54,0x400c,9,12,21,erholung,60,,nein,7,-3,1,nein,0,,0,0,510:5,11,2
verhalten_b_weg_t100_e,562,16,WOOKY,16,W-D,5fc8c,0x4c0c,8,8,0,erholung,61,,nein,7,-3,1,nein,0,,0,0,570:5,11,2
verhalten_b_weg_t100_w,19,18,WOOKY,16,W-A,5fa54,0x400c,9,12,18,,,,,46,10,1,nein,0,,0,0,28:5,10,1
verhalten_b_weg_t100_w,81,18,WOOKY,16,W-A,5fa54,0x400c,9,12,21,erholung,62,,nein,46,10,1,nein,0,,0,0,90:5,10,1
verhalten_b_weg_t100_w,607,18,WOOKY,16,W-C,5fc18,0x440c,4,17,21,gehen,526,abwarten+gehen+spott,nein,55,1,1,nein,0,,0,0,611:5,11,1
verhalten_b_weg_t100_w,664,18,WOOKY,16,W-C,5fc18,0x440c,4,17,21,erholung,57,,nein,55,1,1,nein,0,,0,0,668:5,11,1
verhalten_b_weg_t100_w,718,18,WOOKY,16,W-A,5fa54,0x400c,9,12,21,erholung,54,,nein,55,1,1,nein,0,,0,0,727:5,11,1
verhalten_b_weg_t100_w,779,18,WOOKY,16,W-D,5fc8c,0x4c0c,8,8,0,erholung,61,,nein,55,1,1,nein,0,,0,0,787:5,11,1
verhalten_b_weg_t10_e,421,16,WOOKY,16,W-A,5fa54,0x400c,9,12,21,gehen,,,,-48,7,1,nein,0,,0,0,430:5,11,2
verhalten_b_weg_t10_e,483,16,WOOKY,16,W-A,5fa54,0x400c,9,12,21,erholung,62,,nein,-48,7,1,nein,0,,0,0,492:5,11,2
verhalten_b_weg_t10_e,547,16,WOOKY,16,W-D,5fc8c,0x4c0c,8,8,0,erholung,64,,nein,-48,7,1,nein,0,,0,0,555:5,11,2
verhalten_b_weg_t10_e,742,16,WOOKY,16,W-E,5fd24,0x440c,10,15,17,gehen,195,gehen+spott+figur_lag,nein,-48,1,1,nein,0,,0,0,752:5,12,2
verhalten_b_weg_t10_w,19,18,WOOKY,16,W-A,5fa54,0x400c,9,12,18,,,,,62,10,1,nein,0,,0,0,28:5,10,1
verhalten_b_weg_t10_w,724,18,WOOKY,16,W-C,5fc18,0x440c,4,17,21,gehen,705,abwarten+gehen+spott,nein,55,1,1,nein,0,,0,0,728:5,11,1
verhalten_b_weg_t10_w,781,18,WOOKY,16,W-C,5fc18,0x440c,4,16,21,erholung,57,,nein,55,1,1,nein,0,,0,0,785:5,11,1
verhalten_b_weg_t40_e,35,17,EDDY,30,E-A,643f8,0x400c,9,12,21,gehen,,,,46,2,1,nein,0,,0,0,44:6,10,2
verhalten_b_weg_t40_e,241,17,EDDY,30,E-C,645bc,0x440c,10,15,21,gehen,206,gehen+spott,nein,43,2,1,nein,0,,0,0,251:6,11,2
verhalten_b_weg_t40_e,321,17,EDDY,30,E-D,64688,0x4c0c,9,44,22,erholung,80,,nein,43,2,1,nein,0,,0,0,330:6,11,2
verhalten_b_weg_t40_e,474,16,WOOKY,16,W-A,5fa54,0x400c,9,12,21,gehen,,,,25,-10,3,nein,4,aufstehen,0,0,487:5,11,1
verhalten_b_weg_t40_e,536,16,WOOKY,16,W-A,5fa54,0x400c,9,12,21,erholung,62,,nein,25,-10,1,nein,0,,0,0,545:5,11,1
verhalten_b_weg_t40_e,599,16,WOOKY,16,W-B,5fb50,0x4c0c,9,8,21,erholung,63,,nein,25,-10,1,nein,0,,0,0,608:5,11,1
verhalten_b_weg_t40_e,748,16,WOOKY,16,W-A,5fa54,0x400c,9,5,17,spott,149,gehen+spott+figur_lag,ja,-38,3,3,nein,5,aufstehen,0,0,,12,2
verhalten_b_weg_t40_e,797,16,WOOKY,16,W-A,5fa54,0x0000,,0,17,erholung,49,,nein,-38,3,1,nein,0,,0,0,,12,2
verhalten_b_weg_t40_w,19,18,WOOKY,16,W-A,5fa54,0x400c,9,12,18,,,,,46,10,1,nein,0,,0,0,28:5,10,1
verhalten_b_weg_t40_w,742,18,WOOKY,16,W-C,5fc18,0x440c,4,17,21,gehen,723,abwarten+gehen+spott,nein,55,1,1,nein,0,,0,0,746:5,11,1
verhalten_b_weg_t40_w,799,18,WOOKY,16,W-C,5fc18,0x0000,,0,21,erholung,57,,nein,55,1,1,nein,0,,0,0,,11,1
verhalten_b_weg_t70_e,35,17,EDDY,30,E-A,643f8,0x400c,9,12,21,gehen,,,,46,2,1,nein,0,,0,0,44:6,10,2
verhalten_b_weg_t70_e,269,17,EDDY,30,E-A,643f8,0x400c,9,12,21,gehen,234,gehen,nein,45,3,1,nein,0,,0,0,278:6,11,2
verhalten_b_weg_t70_e,345,16,WOOKY,16,W-A,5fa54,0x400c,9,12,21,gehen,,,,55,-3,1,nein,0,,0,0,354:5,11,2
verhalten_b_weg_t70_e,348,17,EDDY,30,E-C,645bc,0x440c,10,8,22,erholung,79,,nein,45,3,1,nein,8,trefferreaktion,0,0,,11,2
verhalten_b_weg_t70_e,405,16,WOOKY,16,W-A,5fa54,0x400c,9,12,21,erholung,60,,nein,55,-3,1,nein,0,,0,0,414:5,11,2
verhalten_b_weg_t70_e,412,17,EDDY,30,E-C,645bc,0x440c,10,8,21,erholung,64,,nein,45,3,1,nein,8,trefferreaktion,0,0,,11,2
verhalten_b_weg_t70_e,468,16,WOOKY,16,W-D,5fc8c,0x4c0c,8,8,0,erholung,63,,nein,55,-3,1,nein,0,,0,0,476:5,11,2
verhalten_b_weg_t70_e,490,17,EDDY,30,E-D,64688,0x4c0c,9,37,22,erholung,78,figur_lag,nein,45,3,2,ja,0,,37,31,,11,2
verhalten_b_weg_t70_e,625,16,WOOKY,16,W-A,5fa54,0x400c,9,12,21,gehen,157,gehen+figur_lag,ja,-47,11,3,nein,0,,0,0,634:5,11,1
verhalten_b_weg_t70_e,689,16,WOOKY,16,W-A,5fa54,0x400c,9,12,21,erholung,64,,nein,-47,11,1,nein,0,,0,0,698:5,11,2
verhalten_b_weg_t70_e,747,16,WOOKY,16,W-D,5fc8c,0x4c0c,8,8,0,erholung,58,,nein,-47,11,1,nein,0,,0,0,755:5,12,2
verhalten_b_weg_t70_w,19,18,WOOKY,16,W-A,5fa54,0x400c,9,12,18,,,,,46,10,1,nein,0,,0,0,28:5,10,1
verhalten_b_weg_t70_w,81,18,WOOKY,16,W-A,5fa54,0x0000,,0,21,erholung,62,,nein,66,10,1,nein,0,,0,0,,10,1
verhalten_b_weg_t70_w,757,18,WOOKY,16,W-C,5fc18,0x440c,4,17,21,gehen,676,abwarten+gehen+spott,nein,55,1,1,nein,0,,0,0,761:5,11,1
verhalten_b_weg_w,19,18,WOOKY,16,W-A,5fa54,0x400c,9,12,18,,,,,46,10,1,nein,0,,0,0,28:5,10,1
verhalten_b_weg_w,742,18,WOOKY,16,W-C,5fc18,0x440c,4,17,21,gehen,723,abwarten+gehen+spott,nein,55,1,1,nein,0,,0,0,746:5,11,1
verhalten_b_weg_w,799,18,WOOKY,16,W-C,5fc18,0x440c,4,17,21,erholung,57,,nein,55,1,1,nein,0,,0,0,803:5,11,1
verhalten_b_weg_w,853,18,WOOKY,16,W-A,5fa54,0x400c,9,12,21,erholung,54,,nein,55,1,1,nein,0,,0,0,862:5,11,1
verhalten_b_weg_w,914,18,WOOKY,16,W-D,5fc8c,0x4c0c,8,8,0,erholung,61,,nein,55,1,1,nein,0,,0,0,922:5,11,1
verhalten_b_weg_w2,1247,18,WOOKY,16,W-A,5fa54,0x400c,9,12,17,gehen,,,,43,-5,1,nein,0,,0,0,1256:5,12,1
verhalten_b_weg_w2,1319,18,WOOKY,16,W-A,5fa54,0x400c,9,12,18,erholung,72,,nein,43,-5,1,nein,0,,0,0,1328:5,12,1
verhalten_b_weg_w2,1376,18,WOOKY,16,W-A,5fa54,0x400c,9,12,17,erholung,57,,nein,43,-5,1,nein,0,,0,0,1385:5,12,1
verhalten_b_weg_w2,1433,18,WOOKY,16,W-D,5fc8c,0x4c0c,8,8,0,erholung,57,,nein,43,-5,1,nein,0,,0,0,1441:5,12,1
verhalten_b_tiefe_e,35,17,EDDY,30,E-A,643f8,0x0000,,0,21,gehen,,,,46,-3,1,nein,0,,0,0,,10,2
verhalten_b_tiefe_e,80,17,EDDY,30,E-D,64688,0x4c0c,9,44,21,gehen,45,gehen,nein,30,-10,1,nein,0,,0,0,89:6,10,2
verhalten_b_tiefe_e,232,17,EDDY,30,E-A,643f8,0x400c,9,5,21,gehen,152,gehen+figur_lag,ja,-30,-6,3,nein,5,aufstehen,0,0,,11,2
verhalten_b_tiefe_e,390,17,EDDY,30,E-D,64688,0x4c0c,9,44,21,gehen,158,gehen,nein,-56,0,1,nein,0,,0,0,399:6,11,2
verhalten_b_tiefe_e,543,17,EDDY,30,E-D,64688,0x4c0c,9,37,21,gehen,153,gehen+figur_lag,ja,27,-16,3,nein,6,aufstehen,0,0,,11,2
verhalten_b_tiefe_e,675,16,WOOKY,16,W-A,5fa54,0x400c,9,12,21,gehen,,,,55,5,1,nein,0,,0,0,684:5,11,2
verhalten_b_tiefe_e,734,16,WOOKY,16,W-A,5fa54,0x400c,9,12,17,erholung,59,,nein,55,5,1,nein,0,,0,0,743:5,12,2
verhalten_b_tiefe_e,792,16,WOOKY,16,W-D,5fc8c,0x4c0c,8,8,0,erholung,58,,nein,55,5,1,nein,0,,0,0,800:5,12,2
verhalten_b_tiefe_e,942,17,EDDY,30,E-C,645bc,0x440c,10,15,17,gehen,399,gehen+spott+figur_lag,nein,7,-10,3,nein,5,aufstehen,0,0,957:6,12,2
verhalten_b_tiefe_e,1076,16,WOOKY,16,W-A,5fa54,0x400c,9,12,17,gehen,284,gehen+spott+figur_lag,ja,-38,-10,1,nein,0,,0,0,1085:5,12,2
verhalten_b_tiefe_e,1134,16,WOOKY,16,W-A,5fa54,0x400c,9,12,17,erholung,58,,nein,-38,8,1,nein,0,,0,0,1143:5,12,2
verhalten_b_tiefe_e,1166,17,EDDY,30,E-C,645bc,0x440c,10,15,17,gehen,224,gehen+spott,ja,-56,2,3,nein,0,,0,0,1176:6,12,2
verhalten_b_tiefe_e,1192,16,WOOKY,16,W-D,5fc8c,0x4c0c,8,11,0,erholung,58,,nein,-38,8,3,nein,3,trefferreaktion,0,0,1203:5,12,2
verhalten_b_tiefe_e,1342,17,EDDY,30,E-A,643f8,0x400c,9,5,17,gehen,176,gehen+figur_lag,nein,-19,10,3,nein,5,aufstehen,0,0,,13,2
verhalten_b_tiefe_e,1446,16,WOOKY,16,W-C,5fc18,0x440c,4,17,17,gehen,254,abwarten+gehen+figur_lag,nein,-56,-1,1,nein,0,,0,0,1450:5,13,2
verhalten_b_tiefe_e,1446,17,EDDY,30,E-A,643f8,0x400c,9,5,17,gehen,104,gehen+getroffen+liegt+sonst,nein,-17,0,1,nein,5,trefferreaktion,0,0,,13,2
verhalten_b_tiefe_e,1499,16,WOOKY,16,W-C,5fc18,0x0000,,0,17,erholung,53,,nein,-56,-1,1,nein,0,,0,0,,13,2
verhalten_b_tiefe_e2,59,17,EDDY,30,E-A,643f8,0x400c,9,12,21,gehen,,,,47,0,1,nein,0,,0,0,68:6,10,1
verhalten_b_tiefe_e2,137,17,EDDY,30,E-A,643f8,0x400c,9,12,22,erholung,78,,nein,47,-8,1,nein,0,,0,0,146:6,11,1
verhalten_b_tiefe_e2,198,17,EDDY,30,E-A,643f8,0x400c,9,12,21,erholung,61,,nein,47,-8,1,nein,0,,0,0,207:6,11,1
verhalten_b_tiefe_e2,260,17,EDDY,30,E-B,644f4,0x4c0c,9,12,21,erholung,62,,nein,47,8,1,nein,0,,0,0,269:6,11,1
verhalten_b_tiefe_e2,495,17,EDDY,30,E-C,645bc,0x440c,10,15,21,gehen,235,gehen+getroffen+liegt+sonst+figur_lag,nein,17,0,1,nein,0,,0,0,505:6,11,1
verhalten_b_tiefe_e2,665,17,EDDY,30,E-C,645bc,0x440c,10,15,21,gehen,170,gehen+getroffen+liegt+sonst,nein,17,0,1,nein,0,,0,0,675:6,11,1
verhalten_b_tiefe_e2,831,17,EDDY,30,E-D,64688,0x4c0c,9,44,17,gehen,166,gehen+getroffen+liegt+sonst,nein,17,0,1,nein,0,,0,0,840:6,12,1
verhalten_b_tiefe_e2,1354,17,EDDY,30,E-D,64688,0x4c0c,9,37,17,gehen,523,abwarten+gehen+spott+figur_lag,ja,-2,11,1,nein,0,,0,0,,13,1
verhalten_b_tiefe_t100_e,59,17,EDDY,30,E-A,643f8,0x400c,9,12,21,gehen,,,,47,0,1,nein,0,,0,0,68:6,10,1
verhalten_b_tiefe_t100_e,150,17,EDDY,30,E-D,64688,0x4c0c,9,44,21,gehen,91,gehen,nein,31,-10,1,nein,0,,0,0,159:6,11,1
verhalten_b_tiefe_t100_w,61,18,WOOKY,16,W-A,5fa54,0x400c,9,12,21,gehen,,,,46,10,1,nein,0,,0,0,70:5,10,1
verhalten_b_tiefe_t120_e,59,17,EDDY,30,E-A,643f8,0x400c,9,12,21,gehen,,,,47,0,1,nein,0,,0,0,68:6,10,1
verhalten_b_tiefe_t120_w,61,18,WOOKY,16,W-A,5fa54,0x400c,9,12,21,gehen,,,,46,10,1,nein,0,,0,0,70:5,10,1
verhalten_b_tiefe_t40_w,188,18,WOOKY,16,W-A,5fa54,0x400c,9,12,21,gehen,,,,-56,3,1,nein,0,,0,0,197:5,10,1
verhalten_b_tiefe_t48_w,196,18,WOOKY,16,W-A,5fa54,0x400c,9,12,21,gehen,,,,-56,3,1,nein,0,,0,0,205:5,10,1
verhalten_b_tiefe_t56_e,59,17,EDDY,30,E-A,643f8,0x0000,,0,21,gehen,,,,47,-3,1,nein,0,,0,0,,10,1
verhalten_b_tiefe_t56_w,204,18,WOOKY,16,W-A,5fa54,0x400c,9,12,21,gehen,,,,-56,3,1,nein,0,,0,0,213:5,10,1
verhalten_b_tiefe_t64_e,59,17,EDDY,30,E-A,643f8,0x400c,9,12,21,gehen,,,,47,0,1,nein,0,,0,0,68:6,10,1
verhalten_b_tiefe_t64_e,137,17,EDDY,30,E-A,643f8,0x400c,9,12,22,erholung,78,,nein,47,-4,1,nein,0,,0,0,146:6,11,1
verhalten_b_tiefe_t64_e,198,17,EDDY,30,E-A,643f8,0x400c,9,12,21,erholung,61,,nein,47,-4,1,nein,0,,0,0,207:6,11,1
verhalten_b_tiefe_t64_e,260,17,EDDY,30,E-B,644f4,0x4c0c,9,12,21,erholung,62,,nein,47,-4,1,nein,0,,0,0,269:6,11,1
verhalten_b_tiefe_t64_w,61,18,WOOKY,16,W-A,5fa54,0x0000,,0,21,gehen,,,,46,10,1,nein,0,,0,0,,10,1
verhalten_b_tiefe_t64_w,212,18,WOOKY,16,W-A,5fa54,0x400c,9,12,21,gehen,151,gehen,ja,-56,3,1,nein,0,,0,0,221:5,10,1
verhalten_b_tiefe_t72_e,59,17,EDDY,30,E-A,643f8,0x400c,9,12,21,gehen,,,,47,0,1,nein,0,,0,0,68:6,10,1
verhalten_b_tiefe_t72_e,137,17,EDDY,30,E-A,643f8,0x400c,9,12,22,erholung,78,,nein,47,0,1,nein,0,,0,0,146:6,11,1
verhalten_b_tiefe_t72_e,198,17,EDDY,30,E-A,643f8,0x400c,9,12,21,erholung,61,,nein,47,0,1,nein,0,,0,0,207:6,11,1
verhalten_b_tiefe_t72_e,260,17,EDDY,30,E-B,644f4,0x4c0c,9,12,21,erholung,62,,nein,47,0,1,nein,0,,0,0,269:6,11,1
verhalten_b_tiefe_t72_w,61,18,WOOKY,16,W-A,5fa54,0x400c,9,12,21,gehen,,,,46,10,1,nein,0,,0,0,70:5,10,1
verhalten_b_tiefe_t72_w,123,18,WOOKY,16,W-A,5fa54,0x400c,9,12,21,erholung,62,,nein,46,10,1,nein,0,,0,0,132:5,10,1
verhalten_b_tiefe_t72_w,187,18,WOOKY,16,W-B,5fb50,0x4c0c,9,8,21,erholung,64,,nein,46,10,1,nein,0,,0,0,196:5,10,1
verhalten_b_tiefe_t72_w,446,18,WOOKY,16,W-A,5fa54,0x400c,9,12,21,gehen,259,gehen+spott+figur_lag,nein,46,-3,1,nein,0,,0,0,455:5,11,1
verhalten_b_tiefe_t80_e,59,17,EDDY,30,E-A,643f8,0x400c,9,12,21,gehen,,,,47,0,1,nein,0,,0,0,68:6,10,1
verhalten_b_tiefe_t80_e,137,17,EDDY,30,E-A,643f8,0x400c,9,12,22,erholung,78,,nein,47,-5,1,nein,0,,0,0,146:6,11,1
verhalten_b_tiefe_t80_e,198,17,EDDY,30,E-A,643f8,0x400c,9,12,21,erholung,61,,nein,47,-5,1,nein,0,,0,0,207:6,11,1
verhalten_b_tiefe_t80_e,260,17,EDDY,30,E-B,644f4,0x4c0c,9,12,21,erholung,62,,nein,47,-5,1,nein,0,,0,0,269:6,11,1
verhalten_b_tiefe_t80_w,61,18,WOOKY,16,W-A,5fa54,0x400c,9,12,21,gehen,,,,46,10,1,nein,0,,0,0,70:5,10,1
verhalten_b_tiefe_w,19,18,WOOKY,16,W-A,5fa54,0x400c,9,12,18,,,,,46,10,1,nein,0,,0,0,28:5,10,1
verhalten_b_tiefe_w,81,18,WOOKY,16,W-A,5fa54,0x400c,9,12,21,erholung,62,,nein,46,10,1,nein,0,,0,0,90:5,10,1
verhalten_b_tiefe_w,145,18,WOOKY,16,W-B,5fb50,0x4c0c,9,8,21,erholung,64,,nein,46,10,1,nein,0,,0,0,154:5,10,1
verhalten_b_tiefe_w,424,18,WOOKY,16,W-A,5fa54,0x400c,9,12,21,gehen,279,gehen+spott+figur_lag,nein,19,11,1,nein,0,,0,0,433:5,11,1
verhalten_b_tiefe_w,500,18,WOOKY,16,W-A,5fa54,0x400c,9,12,22,erholung,76,,nein,19,11,1,nein,0,,0,0,509:5,11,1
verhalten_b_tiefe_w,636,18,WOOKY,16,W-C,5fc18,0x440c,4,17,21,gehen,136,gehen+getroffen+liegt+sonst,nein,15,0,1,nein,0,,0,0,640:5,11,1
verhalten_b_tiefe_w,691,18,WOOKY,16,W-C,5fc18,0x440c,4,17,21,erholung,55,,nein,15,0,1,nein,0,,0,0,695:5,11,1
verhalten_b_tiefe_w,816,18,WOOKY,16,W-A,5fa54,0x400c,9,12,21,gehen,125,gehen+getroffen+liegt+sonst,nein,17,0,1,nein,0,,0,0,825:5,11,1
verhalten_b_tiefe_w,877,18,WOOKY,16,W-A,5fa54,0x0000,,0,21,erholung,61,,nein,17,0,1,nein,0,,0,0,,11,1
verhalten_b_tiefe_w,976,18,WOOKY,16,W-C,5fc18,0x440c,4,17,21,gehen,99,gehen+getroffen+liegt+sonst,nein,15,0,1,nein,0,,0,0,980:5,11,1
verhalten_b_tiefe_w,1027,18,WOOKY,16,W-C,5fc18,0x440c,4,17,17,erholung,51,,nein,15,0,1,nein,0,,0,0,1031:5,12,1
verhalten_b_tiefe_w,1149,18,WOOKY,16,W-C,5fc18,0x440c,4,17,17,gehen,122,gehen+getroffen+liegt+sonst,nein,17,0,1,nein,0,,0,0,1153:5,12,1
verhalten_b_tiefe_w,1201,18,WOOKY,16,W-C,5fc18,0x440c,4,17,17,erholung,52,,nein,17,0,1,nein,0,,0,0,1205:5,12,1
verhalten_b_tiefe_w,1322,18,WOOKY,16,W-C,5fc18,0x440c,4,17,17,gehen,121,gehen+getroffen+liegt+sonst,nein,17,0,1,nein,0,,0,0,1326:5,12,1
verhalten_b_tiefe_w,1373,18,WOOKY,16,W-C,5fc18,0x440c,4,17,17,erholung,51,,nein,17,0,1,nein,0,,0,0,1377:5,12,1
verhalten_b_tiefe_w,1494,18,WOOKY,16,W-A,5fa54,0x0000,,0,17,gehen,121,gehen+getroffen+liegt+sonst,nein,17,0,1,nein,0,,0,0,,12,1
verhalten_b_tiefe_w2,61,18,WOOKY,16,W-A,5fa54,0x400c,9,12,21,gehen,,,,46,9,1,nein,0,,0,0,70:5,10,1
verhalten_b_tiefe_w2,123,18,WOOKY,16,W-A,5fa54,0x400c,9,12,21,erholung,62,,nein,46,0,1,nein,0,,0,0,132:5,10,1
verhalten_b_tiefe_w2,187,18,WOOKY,16,W-B,5fb50,0x4c0c,9,8,21,erholung,64,,nein,46,0,1,nein,0,,0,0,196:5,10,1
verhalten_b_tiefe_w2,446,18,WOOKY,16,W-A,5fa54,0x400c,9,12,21,gehen,259,gehen+spott+figur_lag,nein,46,7,1,nein,0,,0,0,455:5,11,1
verhalten_b_tiefe_w2,530,18,WOOKY,16,W-A,5fa54,0x400c,9,12,21,gehen,84,gehen,nein,33,-10,1,nein,0,,0,0,539:5,11,1
verhalten_b_tiefe_w2,609,18,WOOKY,16,W-A,5fa54,0x400c,9,12,22,erholung,79,,nein,33,-10,1,nein,0,,0,0,618:5,11,1
verhalten_b_tiefe_w2,670,18,WOOKY,16,W-A,5fa54,0x400c,9,12,21,erholung,61,,nein,33,-10,1,nein,0,,0,0,679:5,11,1
verhalten_b_tiefe_w2,735,18,WOOKY,16,W-D,5fc8c,0x4c0c,8,8,0,erholung,65,,nein,33,-10,1,nein,0,,0,0,743:5,11,1
verhalten_b_tiefe_w2,1251,18,WOOKY,16,W-A,5fa54,0x400c,9,12,17,gehen,516,abwarten+gehen+spott+figur_lag,nein,44,-7,1,nein,0,,0,0,1260:5,12,1
verhalten_b_tiefe_w2,1307,18,WOOKY,16,W-A,5fa54,0x400c,9,12,17,erholung,56,,nein,44,-7,1,nein,0,,0,0,1316:5,12,1
verhalten_b_tiefe_w2,1367,18,WOOKY,16,W-B,5fb50,0x4c0c,9,8,17,erholung,60,,nein,44,-7,1,nein,0,,0,0,1376:5,12,1
verhalten_b_sprung_e,35,17,EDDY,30,E-A,643f8,0x400c,9,12,21,gehen,,,,46,2,1,ja,0,,0,0,44:6,10,2
verhalten_b_sprung_e,296,17,EDDY,30,E-D,64688,0x4c0c,9,44,21,gehen,261,gehen+spott+figur_lag,nein,47,2,1,ja,0,,0,3,308:6,11,2
verhalten_b_sprung_e,1209,17,EDDY,30,E-D,64688,0x4c0c,9,51,17,gehen,913,abwarten+gehen+inaktiv+spott+figur_lag,ja,-48,7,1,ja,0,,0,0,1218:6,12,2
verhalten_b_sprung_e,1360,16,WOOKY,16,W-A,5fa54,0x400c,9,5,17,gehen,,,,0,0,3,nein,5,aufstehen,0,0,,13,2
verhalten_b_sprung_e,1414,16,WOOKY,16,W-A,5fa54,0x400c,9,12,17,erholung,54,,nein,0,0,1,ja,0,,0,0,1423:5,13,2
verhalten_b_sprung_e,1474,16,WOOKY,16,W-B,5fb50,0x4c0c,9,8,17,erholung,60,,nein,0,0,1,nein,0,,0,0,1483:5,13,2
verhalten_b_sprung_e2,59,17,EDDY,30,E-A,643f8,0x400c,9,12,21,gehen,,,,47,0,1,ja,0,,0,0,68:6,10,1
verhalten_b_sprung_e2,649,17,EDDY,30,E-D,64688,0x4c0c,9,44,21,gehen,590,abwarten+gehen+spott+figur_lag,nein,56,-3,1,ja,0,,0,4,662:6,11,1
verhalten_b_sprung_e2,1375,17,EDDY,30,E-A,643f8,0x400c,9,12,17,gehen,726,gehen+inaktiv+figur_lag,nein,56,-4,1,ja,0,,0,2,1386:6,13,1
verhalten_b_sprung_e2,1433,17,EDDY,30,E-A,643f8,0x400c,9,5,17,erholung,58,figur_lag,nein,56,-4,2,ja,0,,5,5,,13,1
verhalten_b_sprung_e2,1484,17,EDDY,30,E-B,644f4,0x4c0c,9,5,17,erholung,51,figur_lag,nein,56,-4,2,nein,0,,5,0,,13,1
verhalten_b_sprung_e3,59,17,EDDY,30,E-A,643f8,0x400c,9,12,21,gehen,,,,47,0,1,ja,0,,0,0,68:6,10,1
verhalten_b_sprung_e3,751,17,EDDY,30,E-D,64688,0x4c0c,9,44,17,gehen,692,abwarten+gehen+spott+figur_lag,nein,54,1,1,ja,0,,0,4,764:6,12,1
verhalten_b_sprung_e3,1489,17,EDDY,30,E-A,643f8,0x400c,9,3,17,gehen,738,gehen+inaktiv+figur_lag,nein,56,-4,1,ja,0,,0,0,1498:6,13,1
verhalten_b_sprung_w,19,18,WOOKY,16,W-A,5fa54,0x400c,9,12,18,,,,,46,10,1,nein,0,,0,0,28:5,10,1
verhalten_b_sprung_w,81,18,WOOKY,16,W-A,5fa54,0x400c,9,12,21,erholung,62,,nein,46,10,1,nein,0,,0,0,90:5,10,1
verhalten_b_sprung_w,145,18,WOOKY,16,W-B,5fb50,0x4c0c,9,8,21,erholung,64,,nein,46,10,1,nein,0,,0,0,154:5,10,1
verhalten_b_sprung_w,318,18,WOOKY,16,W-A,5fa54,0x400c,9,12,21,gehen,173,gehen+spott+figur_lag,nein,47,-4,1,nein,0,,0,0,327:5,10,1
verhalten_b_sprung_w,397,18,WOOKY,16,W-A,5fa54,0x400c,9,8,22,erholung,79,,nein,47,-4,1,ja,0,,0,0,406:5,11,1
verhalten_b_sprung_w,909,18,WOOKY,16,W-C,5fc18,0x440c,4,17,21,gehen,512,gehen+spott+figur_lag,nein,55,0,1,ja,0,,0,0,913:5,11,1
verhalten_b_sprung_w,967,18,WOOKY,16,W-C,5fc18,0x440c,4,17,21,erholung,58,,nein,55,0,1,nein,0,,0,0,971:5,11,1
verhalten_b_sprung_w,1021,18,WOOKY,16,W-B,5fb50,0x4c0c,9,8,17,erholung,54,,nein,55,0,1,nein,0,,0,0,1030:5,12,1
verhalten_b_sprung_w2,61,18,WOOKY,16,W-A,5fa54,0x400c,9,8,21,gehen,,,,46,10,1,ja,0,,0,0,70:5,10,1
verhalten_b_sprung_w2,1277,18,WOOKY,16,W-A,5fa54,0x400c,9,12,17,gehen,1216,abwarten+gehen+spott+figur_lag,nein,56,-3,1,ja,0,,0,0,1286:5,12,1
verhalten_b_sprung_w3,19,18,WOOKY,16,W-A,5fa54,0x400c,9,8,18,,,,,46,10,1,nein,0,,0,0,28:5,10,1
verhalten_b_sprung_w3,1233,18,WOOKY,16,W-A,5fa54,0x400c,9,8,17,gehen,1214,abwarten+gehen+spott+figur_lag,nein,55,-3,1,ja,0,,0,0,1242:5,12,1
verhalten_b_sprung_w3,1388,18,WOOKY,16,W-C,5fc18,0x440c,4,10,17,gehen,155,gehen+spott+figur_lag,nein,14,-1,3,nein,10,aufstehen,0,0,,12,1
verhalten_b_sprung_w3,1432,18,WOOKY,16,W-C,5fc18,0x440c,4,8,17,erholung,44,,nein,14,-1,1,ja,0,,0,0,1436:5,12,1
verhalten_d_entf18,521,14,WOOKY,24,W-C,5fc18,0x440c,4,17,21,gehen,,,,40,-10,1,nein,0,,0,0,525:8,8,5
verhalten_d_entf18,544,13,WOOKY,24,W-A,5fa54,0x400c,9,12,21,gehen,,,,-46,-10,3,nein,0,,0,0,554:8,8,5
verhalten_d_entf18,571,16,WOOKY,16,W-A,5fa54,0x400c,9,12,21,gehen,,,,-36,-10,3,nein,1,trefferreaktion,0,0,581:5,8,5
verhalten_d_entf18,583,14,WOOKY,24,W-A,5fa54,0x400c,9,5,21,gehen,62,gehen+getroffen+liegt+sonst,nein,26,0,3,nein,5,trefferreaktion,0,0,,8,5
verhalten_d_entf18,608,13,WOOKY,24,W-A,5fa54,0x400c,9,12,21,erholung,64,,nein,-47,-10,1,nein,0,,0,0,617:8,8,4
verhalten_d_entf18,627,17,EDDY,30,E-A,643f8,0x400c,9,5,21,gehen,,,,-48,9,3,nein,5,trefferreaktion,0,0,,8,5
verhalten_d_entf18,634,16,WOOKY,16,W-A,5fa54,0x400c,9,12,21,erholung,63,,nein,-36,-10,3,nein,1,trefferreaktion,0,0,644:5,8,5
verhalten_d_entf18,652,14,WOOKY,24,W-A,5fa54,0x400c,9,5,21,gehen,69,gehen+getroffen+liegt+sonst,nein,18,0,3,nein,5,trefferreaktion,0,0,,8,5
verhalten_d_entf18,668,13,WOOKY,24,W-B,5fb50,0x4c0c,9,8,21,erholung,60,,nein,-47,-10,3,nein,0,,0,0,677:8,8,5
verhalten_d_entf18,683,17,EDDY,30,E-A,643f8,0x400c,9,4,21,erholung,56,figur_lag,nein,-48,9,2,nein,0,,4,4,,8,5
verhalten_d_entf18,910,16,WOOKY,16,W-A,5fa54,0x400c,9,12,21,gehen,276,abwarten+gehen+figur_lag,nein,-54,0,1,nein,0,,0,0,919:5,9,5
verhalten_d_entf18,975,16,WOOKY,16,W-A,5fa54,0x400c,9,5,21,erholung,65,,nein,-54,0,1,nein,5,trefferreaktion,0,0,,9,4
verhalten_d_entf18,1033,16,WOOKY,16,W-D,5fc8c,0x4c0c,8,11,0,erholung,58,,nein,-54,0,3,nein,3,trefferreaktion,0,0,1044:5,9,5
verhalten_d_entf18,1050,17,EDDY,30,E-A,643f8,0x400c,9,5,21,gehen,367,abwarten+gehen+inaktiv+figur_lag,ja,55,-3,2,nein,0,,5,5,,9,5
verhalten_d_entf18,1188,17,EDDY,30,E-D,64688,0x4c0c,9,44,21,spott,138,gehen+spott+figur_lag,ja,-39,8,3,nein,5,aufstehen,0,0,1202:6,9,5
verhalten_d_entf18,1386,13,WOOKY,24,W-A,5fa54,0x400c,9,12,21,gehen,718,abwarten+gehen+spott+figur_lag,nein,-54,2,1,nein,0,,0,0,1395:8,9,4
verhalten_d_entf18,1659,13,WOOKY,24,W-A,5fa54,0x400c,9,12,21,gehen,273,abwarten+gehen,nein,-47,-2,1,nein,0,,0,0,1668:8,10,4
verhalten_d_entf18,1672,14,WOOKY,24,W-C,5fc18,0x440c,4,10,21,gehen,1020,abwarten+gehen+getroffen+liegt+sonst+spott+figur_lag,ja,-55,-1,3,nein,10,trefferreaktion,0,0,,10,4
verhalten_d_entf18,1719,14,WOOKY,24,W-C,5fc18,0x440c,4,17,21,erholung,47,,nein,-55,-1,1,nein,0,,0,0,1723:8,10,4
verhalten_d_entf18,1734,13,WOOKY,24,W-C,5fc18,0x440c,4,10,22,erholung,75,,nein,-47,-2,3,nein,10,trefferreaktion,0,0,,10,4
verhalten_d_entf18,1774,14,WOOKY,24,W-A,5fa54,0x400c,9,12,21,erholung,55,,nein,-55,-1,1,nein,0,,0,0,1783:8,10,5
verhalten_d_entf18,1785,13,WOOKY,24,W-C,5fc18,0x440c,4,10,21,erholung,51,,nein,-47,-2,3,nein,10,trefferreaktion,0,0,,10,5
verhalten_d_entf18,1834,13,WOOKY,24,W-B,5fb50,0x4c0c,9,8,21,erholung,49,,nein,-47,-2,1,nein,0,,0,0,1843:8,10,5
verhalten_d_entf18,1836,14,WOOKY,24,W-D,5fc8c,0x0000,,0,0,erholung,62,,nein,-55,-1,1,nein,0,,0,0,,10,5
verhalten_d_entf18,2085,17,EDDY,30,E-A,643f8,0x400c,9,12,21,gehen,897,abwarten+gehen+inaktiv+spott+figur_lag,nein,-55,3,1,nein,0,,0,0,2094:6,11,4
verhalten_d_entf18,2191,17,EDDY,30,E-C,645bc,0x440c,10,15,21,gehen,106,gehen,nein,-55,3,1,nein,0,,0,0,2201:6,11,4
verhalten_d_entf18,2260,17,EDDY,30,E-C,645bc,0x440c,10,15,21,erholung,69,,nein,-55,3,1,nein,0,,0,0,2270:6,11,4
verhalten_d_entf18,2297,13,WOOKY,24,W-C,5fc18,0x440c,4,17,21,gehen,463,abwarten+gehen+spott+figur_lag,nein,-56,-3,1,nein,0,,0,0,2301:8,11,5
verhalten_d_entf18,2355,13,WOOKY,24,W-C,5fc18,0x440c,4,17,21,erholung,58,,nein,-56,-3,1,nein,0,,0,0,2359:8,11,5
verhalten_d_entf18,2373,16,WOOKY,16,W-C,5fc18,0x440c,4,17,21,gehen,1340,abwarten+gehen+spott+figur_lag,nein,-55,3,3,nein,9,trefferreaktion,0,0,2386:5,11,5
verhalten_d_entf18,2411,13,WOOKY,24,W-B,5fb50,0x4c0c,9,8,21,erholung,56,,nein,-56,-3,3,nein,0,,0,0,2420:8,11,5
verhalten_d_entf18,2586,17,EDDY,30,E-D,64688,0x4c0c,9,44,21,gehen,326,abwarten+gehen+figur_lag,nein,-47,2,1,nein,0,,0,0,2595:6,11,4
verhalten_d_entf18,2949,14,WOOKY,24,W-C,5fc18,0x440c,4,10,17,spott,1113,gehen+getroffen+inaktiv+liegt+sonst+spott+figur_lag,nein,-40,-8,3,nein,10,aufstehen,0,0,,12,3
verhalten_d_entf18,2995,14,WOOKY,24,W-C,5fc18,0x440c,4,2,17,erholung,46,,nein,-40,-8,1,nein,0,,0,0,2999:8,12,3
verhalten_d_entf1817,542,13,WOOKY,24,W-A,5fa54,0x400c,9,12,21,gehen,,,,-48,-10,1,nein,0,,0,0,551:8,8,4
verhalten_d_entf1817,608,14,WOOKY,24,W-C,5fc18,0x440c,4,17,21,gehen,,,,-61,-1,3,nein,5,trefferreaktion,0,0,617:8,8,4
verhalten_d_entf1817,642,16,WOOKY,16,W-A,5fa54,0x400c,9,12,21,gehen,,,,-55,3,3,nein,0,,0,0,651:5,8,4
verhalten_d_entf1817,658,13,WOOKY,24,W-A,5fa54,0x400c,9,5,21,gehen,116,gehen,nein,-57,11,3,nein,5,trefferreaktion,0,0,,8,5
verhalten_d_entf1817,665,14,WOOKY,24,W-C,5fc18,0x440c,4,17,21,erholung,57,,nein,-73,-1,3,nein,9,trefferreaktion,0,0,678:8,8,5
verhalten_d_entf1817,712,13,WOOKY,24,W-A,5fa54,0x0000,,0,21,erholung,54,,nein,-69,11,1,nein,0,,0,0,,8,6
verhalten_d_entf1817,767,14,WOOKY,24,W-C,5fc18,0x440c,4,17,21,gehen,102,gehen,nein,-47,-1,3,nein,3,trefferreaktion,0,0,774:8,8,6
verhalten_d_entf1817,781,11,EDDY,34,E-A,643f8,0x400c,9,5,21,gehen,,,,17,0,3,nein,5,trefferreaktion,0,0,,8,6
verhalten_d_entf1817,827,14,WOOKY,24,W-C,5fc18,0x440c,4,10,21,erholung,60,,nein,-47,-1,1,nein,9,trefferreaktion,0,0,,9,6
verhalten_d_entf1817,831,12,EDDY,34,E-D,64688,0x4c0c,9,37,21,gehen,,,,55,3,3,nein,19,trefferreaktion,0,0,,9,6
verhalten_d_entf1817,878,14,WOOKY,24,W-A,5fa54,0x400c,9,12,21,erholung,51,,nein,-47,-1,1,nein,0,,0,0,887:8,9,6
verhalten_d_entf1817,930,13,WOOKY,24,W-C,5fc18,0x440c,4,17,21,gehen,218,gehen+spott,nein,-55,-1,1,nein,0,,0,0,934:8,9,6
verhalten_d_entf1817,939,14,WOOKY,24,W-D,5fc8c,0x4c0c,8,10,0,erholung,61,,nein,-47,-1,3,nein,10,trefferreaktion,0,0,,9,6
verhalten_d_entf1817,964,12,EDDY,34,E-C,645bc,0x440c,10,15,21,gehen,133,gehen,ja,-56,3,1,nein,0,,0,0,974:9,9,6
verhalten_d_entf1817,989,13,WOOKY,24,W-C,5fc18,0x440c,4,17,21,erholung,59,,nein,-55,-1,3,nein,8,trefferreaktion,0,0,1001:8,9,6
verhalten_d_entf1817,1001,16,WOOKY,16,W-C,5fc18,0x440c,4,10,21,gehen,359,abwarten+gehen,nein,-47,1,3,nein,10,trefferreaktion,0,0,,9,6
verhalten_d_entf1817,1009,14,WOOKY,24,W-C,5fc18,0x440c,4,10,22,erholung,70,,nein,-47,-1,3,nein,10,trefferreaktion,0,0,,9,6
verhalten_d_entf1817,1010,11,EDDY,34,E-D,64688,0x4c0c,9,37,21,gehen,229,gehen+getroffen+liegt+sonst,nein,14,1,3,nein,10,trefferreaktion,0,0,,9,6
verhalten_d_entf1817,1401,11,EDDY,34,E-D,64688,0x4c0c,9,44,21,gehen,391,gehen+inaktiv+spott,ja,-56,3,1,nein,0,,0,0,1410:9,9,6
verhalten_d_entf1817,1604,12,EDDY,34,E-D,64688,0x4c0c,9,44,21,gehen,640,abwarten+gehen+figur_lag,nein,-7,11,1,nein,0,,0,0,1613:9,10,6
verhalten_d_entf1817,1809,11,EDDY,34,E-A,643f8,0x400c,9,12,21,gehen,408,gehen+spott+figur_lag,nein,-56,-1,1,nein,0,,0,0,1818:9,10,6
verhalten_d_entf1817,1827,16,WOOKY,16,W-C,5fc18,0x440c,4,10,21,gehen,826,abwarten+gehen+getroffen+inaktiv+liegt+sonst+spott+figur_lag,nein,-16,0,3,nein,10,trefferreaktion,0,0,,10,6
verhalten_d_entf1817,2069,11,EDDY,34,E-D,64688,0x4c0c,9,44,21,gehen,260,abwarten+gehen+figur_lag,nein,-48,1,1,nein,0,,0,0,2078:9,11,6
verhalten_d_entf1817,2259,13,WOOKY,24,W-A,5fa54,0x400c,9,12,21,gehen,1270,abwarten+gehen+spott+figur_lag,nein,-56,-3,1,nein,0,,0,0,2268:8,11,6
verhalten_d_entf1817,2320,13,WOOKY,24,W-A,5fa54,0x400c,9,12,21,erholung,61,,nein,-56,-3,1,nein,0,,0,0,2329:8,11,6
verhalten_d_entf1817,2356,12,EDDY,34,E-A,643f8,0x400c,9,12,21,gehen,752,abwarten+gehen+spott+figur_lag,nein,-7,11,1,nein,0,,0,0,2365:9,11,6
verhalten_d_entf1817,2383,13,WOOKY,24,W-D,5fc8c,0x4c0c,8,9,0,erholung,63,,nein,-56,-3,3,nein,1,trefferreaktion,0,0,2392:8,11,6
verhalten_d_entf1817,2411,11,EDDY,34,E-C,645bc,0x440c,10,8,21,gehen,342,abwarten+gehen+figur_lag,nein,-56,-3,2,ja,0,,8,8,,11,6
verhalten_d_entf1817,2420,12,EDDY,34,E-A,643f8,0x400c,9,5,21,erholung,64,figur_lag,nein,-7,11,2,ja,0,,5,5,,11,6
verhalten_d_entf1817,2473,12,EDDY,34,E-B,644f4,0x4c0c,9,5,21,erholung,53,figur_lag,nein,-7,11,2,nein,0,,5,0,,11,6
verhalten_d_entf1817,2546,12,EDDY,34,E-A,643f8,0x400c,9,12,22,erholung,73,figur_lag,nein,-7,11,1,nein,0,,0,0,2555:9,11,6
verhalten_d_entf1817,2608,12,EDDY,34,E-A,643f8,0x400c,9,12,21,erholung,62,,nein,-7,11,1,nein,0,,0,0,2617:9,11,6
verhalten_d_entf1817,2648,11,EDDY,34,E-A,643f8,0x400c,9,12,17,gehen,237,gehen+getroffen+liegt+sonst+figur_lag,nein,-18,-1,1,nein,0,,0,0,2657:9,12,6
verhalten_d_entf1817,2665,12,EDDY,34,E-B,644f4,0x4c0c,9,5,17,erholung,57,,nein,-7,11,3,nein,5,trefferreaktion,0,0,,12,6
verhalten_d_entf1817,2673,14,WOOKY,24,W-C,5fc18,0x440c,4,17,17,gehen,1664,abwarten+gehen+getroffen+liegt+sonst+spott+figur_lag,nein,-55,1,3,nein,7,trefferreaktion,0,0,2684:8,12,6
verhalten_d_entf1817,2708,11,EDDY,34,E-A,643f8,0x400c,9,12,17,erholung,60,,nein,-18,-1,3,nein,0,,0,0,2717:9,12,6
verhalten_d_entf1817,2725,14,WOOKY,24,W-C,5fc18,0x440c,4,10,17,erholung,52,,nein,-55,1,3,nein,10,trefferreaktion,0,0,,12,6
verhalten_d_entf1817,2728,12,EDDY,34,E-D,64688,0x4c0c,9,44,18,erholung,63,,nein,-7,11,3,nein,7,trefferreaktion,0,0,2744:9,12,6
verhalten_d_entf1817,2764,11,EDDY,34,E-B,644f4,0x4c0c,9,5,17,erholung,56,figur_lag,nein,-18,-1,2,ja,0,,5,5,,12,6
verhalten_d_entf1817,2927,13,WOOKY,24,W-A,5fa54,0x400c,9,12,17,gehen,544,gehen+spott+figur_lag,nein,-56,3,1,nein,0,,0,0,2936:8,12,6
verhalten_d_entf1817,2984,13,WOOKY,24,W-A,5fa54,0x400c,9,8,17,erholung,57,,nein,-56,3,1,nein,0,,0,0,2993:8,12,6
verhalten_d_entf3,506,14,WOOKY,24,W-A,5fa54,0x400c,9,12,21,gehen,,,,-15,-10,1,nein,0,,0,0,515:8,8,3
verhalten_d_entf3,1402,13,WOOKY,24,W-A,5fa54,0x400c,9,12,21,gehen,,,,-6,11,1,nein,0,,0,0,1411:8,9,5
verhalten_d_entf3,1844,13,WOOKY,24,W-C,5fc18,0x440c,4,12,21,spott,442,gehen+spott+figur_lag,nein,-6,11,1,nein,0,,0,0,1848:8,10,5
verhalten_d_entf3,2110,11,EDDY,34,E-A,643f8,0x400c,9,12,21,gehen,,,,-55,-1,1,nein,0,,0,0,2119:9,11,5
verhalten_d_entf3,2199,12,EDDY,34,E-D,64688,0x4c0c,9,44,21,gehen,,,,-55,-1,3,nein,6,trefferreaktion,0,0,2214:9,11,5
verhalten_d_entf3,2420,13,WOOKY,24,W-A,5fa54,0x400c,9,12,21,gehen,576,abwarten+gehen+spott+figur_lag,nein,-55,-3,1,nein,0,,0,0,2429:8,11,5
verhalten_d_entf3,2747,13,WOOKY,24,W-A,5fa54,0x400c,9,12,17,gehen,327,abwarten+gehen+figur_lag,nein,-47,0,3,nein,4,aufstehen,0,0,2760:8,12,5
verhalten_d_rechts,559,15,WOOKY,24,W-C,5fc18,0x440c,4,17,21,gehen,,,,-45,4,1,nein,0,,0,0,563:8,8,5
verhalten_d_rechts,616,15,WOOKY,24,W-C,5fc18,0x440c,4,17,21,erholung,57,,nein,-45,4,1,nein,0,,0,0,620:8,8,5
verhalten_d_rechts,673,15,WOOKY,24,W-A,5fa54,0x400c,9,12,21,erholung,57,,nein,-45,4,1,nein,0,,0,0,682:8,8,5
verhalten_d_rechts,732,15,WOOKY,24,W-D,5fc8c,0x4c0c,8,8,0,erholung,59,,nein,-45,4,1,nein,0,,0,0,740:8,8,5
verhalten_d_rechts,931,18,WOOKY,16,W-A,5fa54,0x400c,9,12,21,gehen,,,,-15,11,1,nein,0,,0,0,940:5,9,4
verhalten_d_rechts,1010,18,WOOKY,16,W-C,5fc18,0x440c,4,17,22,erholung,79,,nein,-15,11,1,nein,0,,0,0,1014:5,9,4
verhalten_d_rechts,1070,18,WOOKY,16,W-C,5fc18,0x440c,4,17,21,erholung,60,,nein,-15,11,1,nein,0,,0,0,1074:5,9,4
verhalten_d_rechts,1087,14,WOOKY,24,W-A,5fa54,0x400c,9,5,21,gehen,,,,-55,-1,3,nein,5,trefferreaktion,0,0,,9,4
verhalten_d_rechts,1128,18,WOOKY,16,W-A,5fa54,0x400c,9,12,21,erholung,58,,nein,-15,11,1,nein,0,,0,0,1137:5,9,4
verhalten_d_rechts,1171,16,WOOKY,16,W-C,5fc18,0x440c,4,17,21,gehen,,,,-27,11,1,nein,0,,0,0,1175:5,9,4
verhalten_d_rechts,1191,18,WOOKY,16,W-D,5fc8c,0x4c0c,8,11,0,erholung,63,,nein,-15,11,3,nein,3,trefferreaktion,0,0,1202:5,9,4
verhalten_d_rechts,1511,15,WOOKY,24,W-C,5fc18,0x440c,4,17,21,gehen,779,abwarten+gehen+getroffen+inaktiv+liegt+sonst+figur_lag,ja,56,3,1,nein,0,,0,0,1515:8,10,5
verhalten_d_rechts,1535,17,EDDY,30,E-C,645bc,0x440c,10,15,21,gehen,,,,-47,-7,3,nein,0,,0,0,1545:6,10,5
verhalten_d_rechts,1545,18,WOOKY,16,W-A,5fa54,0x400c,9,5,21,gehen,354,gehen+inaktiv+spott+figur_lag,ja,55,1,3,nein,5,trefferreaktion,0,0,,10,5
verhalten_d_rechts,1567,15,WOOKY,24,W-C,5fc18,0x440c,4,17,21,erholung,56,,nein,56,3,3,nein,1,trefferreaktion,0,0,1572:8,10,5
verhalten_d_rechts,1620,17,EDDY,30,E-A,643f8,0x400c,9,12,22,erholung,85,,nein,-47,-7,1,nein,0,,0,0,1629:6,10,4
verhalten_d_rechts,1624,15,WOOKY,24,W-A,5fa54,0x400c,9,5,21,erholung,57,,nein,56,3,1,nein,5,trefferreaktion,0,0,,10,4
verhalten_d_rechts,1663,18,WOOKY,16,W-C,5fc18,0x440c,4,17,21,gehen,118,gehen,nein,55,1,1,nein,0,,0,0,1667:5,10,4
verhalten_d_rechts,1677,15,WOOKY,24,W-D,5fc8c,0x4c0c,8,10,0,erholung,53,,nein,56,3,3,nein,10,trefferreaktion,0,0,,10,4
verhalten_d_rechts,1684,17,EDDY,30,E-A,643f8,0x400c,9,12,21,erholung,64,,nein,-47,-7,3,nein,1,trefferreaktion,0,0,1694:6,10,4
verhalten_d_rechts,1717,18,WOOKY,16,W-C,5fc18,0x440c,4,17,21,erholung,54,,nein,55,1,3,nein,0,,0,0,1721:5,10,4
verhalten_d_rechts,1746,17,EDDY,30,E-B,644f4,0x4c0c,9,12,21,erholung,62,,nein,-47,-7,3,nein,0,,0,0,1755:6,10,4
verhalten_d_rechts,1921,14,WOOKY,24,W-C,5fc18,0x440c,4,17,21,gehen,834,abwarten+gehen+spott+figur_lag,nein,-47,-1,1,nein,0,,0,0,1925:8,10,4
verhalten_d_rechts,1978,14,WOOKY,24,W-C,5fc18,0x440c,4,17,21,erholung,57,,nein,-47,-1,1,nein,0,,0,0,1982:8,10,5
verhalten_d_rechts,2003,15,WOOKY,24,W-C,5fc18,0x440c,4,17,21,gehen,326,abwarten+gehen+figur_lag,nein,48,-1,3,nein,2,trefferreaktion,0,0,2009:8,10,5
verhalten_d_rechts,2013,16,WOOKY,16,W-A,5fa54,0x400c,9,5,21,gehen,842,gehen+inaktiv+spott+figur_lag,ja,55,0,3,nein,5,trefferreaktion,0,0,,11,5
verhalten_d_rechts,2034,14,WOOKY,24,W-B,5fb50,0x4c0c,9,8,21,erholung,56,,nein,-47,-1,3,nein,0,,0,0,2043:8,11,5
verhalten_d_rechts,2242,14,WOOKY,24,W-C,5fc18,0x440c,4,17,21,gehen,208,gehen+inaktiv+figur_lag,ja,57,3,1,nein,0,,0,0,2246:8,11,4
verhalten_d_rechts,2299,14,WOOKY,24,W-C,5fc18,0x440c,4,17,21,erholung,57,,nein,57,3,1,nein,0,,0,0,2303:8,11,4
verhalten_d_rechts,2356,14,WOOKY,24,W-A,5fa54,0x400c,9,12,21,erholung,57,,nein,57,3,1,nein,0,,0,0,2365:8,11,5
verhalten_d_rechts,2419,14,WOOKY,24,W-D,5fc8c,0x4c0c,8,8,0,erholung,63,,nein,57,3,1,nein,0,,0,0,2427:8,11,5
verhalten_d_rechts,2639,18,WOOKY,16,W-C,5fc18,0x0000,,0,17,gehen,922,abwarten+gehen+getroffen+liegt+sonst+spott+figur_lag,ja,-34,0,1,nein,0,,0,0,,12,5
verhalten_d_rechts,2658,18,WOOKY,16,W-A,5fa54,0x0000,,0,17,gehen,19,gehen,nein,-67,0,1,nein,0,,0,0,,12,5
verhalten_d_rechts,2732,18,WOOKY,16,W-C,5fc18,0x440c,4,17,17,gehen,74,gehen,nein,-55,0,1,nein,0,,0,0,2736:5,12,4
verhalten_d_rechts,2744,14,WOOKY,24,W-A,5fa54,0x400c,9,5,17,gehen,325,gehen+spott+figur_lag,ja,-55,1,3,nein,5,trefferreaktion,0,0,,12,4
verhalten_d_rechts,2786,18,WOOKY,16,W-C,5fc18,0x440c,4,17,17,erholung,54,,nein,-55,0,1,nein,0,,0,0,2790:5,12,4
verhalten_d_rechts,2838,18,WOOKY,16,W-A,5fa54,0x400c,9,12,17,erholung,52,,nein,-55,0,1,nein,0,,0,0,2847:5,12,4
verhalten_d_rechts,2861,14,WOOKY,24,W-A,5fa54,0x400c,9,12,17,gehen,117,gehen,nein,-55,1,3,nein,4,trefferreaktion,0,0,2874:8,12,4
verhalten_d_rechts,2897,18,WOOKY,16,W-D,5fc8c,0x4c0c,8,8,0,erholung,59,,nein,-55,0,3,nein,0,,0,0,2905:5,12,4
verhalten_bot_kampf,1449,16,EDDY,34,E-A,643f8,0x400c,9,12,21,gehen,,,,40,3,1,nein,0,,0,0,1458:9,10,2
verhalten_bot_ohne,559,15,WOOKY,24,W-C,5fc18,0x440c,4,17,21,gehen,,,,-45,4,1,nein,0,,0,0,563:8,8,5
verhalten_bot_ohne,616,15,WOOKY,24,W-C,5fc18,0x440c,4,17,21,erholung,57,,nein,-45,4,1,nein,0,,0,0,620:8,8,5
verhalten_bot_ohne,673,15,WOOKY,24,W-A,5fa54,0x400c,9,12,21,erholung,57,,nein,-45,4,1,nein,0,,0,0,682:8,8,5
verhalten_bot_ohne,732,15,WOOKY,24,W-D,5fc8c,0x4c0c,8,8,0,erholung,59,,nein,-45,4,1,nein,0,,0,0,740:8,8,5
verhalten_bot_ohne,974,17,EDDY,30,E-D,64688,0x4c0c,9,37,21,gehen,,,,56,-9,1,nein,0,,0,0,,9,5
verhalten_bot_ohne,1052,14,WOOKY,24,W-C,5fc18,0x440c,4,17,21,gehen,,,,-55,-3,1,nein,0,,0,0,1056:8,9,5
verhalten_bot_ohne,1080,17,EDDY,30,E-D,64688,0x4c0c,9,44,21,gehen,106,gehen,ja,-47,-4,3,nein,0,,0,0,1089:6,9,4
verhalten_bot_ohne,1317,18,WOOKY,16,W-A,5fa54,0x400c,9,1,21,gehen,,,,-65,7,1,nein,0,,0,1,,9,4
verhalten_bot_ohne,1393,14,WOOKY,24,W-A,5fa54,0x400c,9,12,21,spott,341,abwarten+gehen+spott+figur_lag,nein,-31,-5,1,nein,0,,0,0,1402:8,9,3
verhalten_bot_ohne,1416,18,WOOKY,16,W-C,5fc18,0x440c,4,17,21,gehen,99,gehen,ja,27,11,3,nein,9,trefferreaktion,0,0,1429:5,10,3
verhalten_bot_ohne,1456,14,WOOKY,24,W-A,5fa54,0x400c,9,12,21,erholung,63,,nein,-31,-5,1,nein,0,,0,0,1465:8,10,3
verhalten_bot_ohne,1470,18,WOOKY,16,W-C,5fc18,0x440c,4,10,21,erholung,54,,nein,27,11,3,nein,10,trefferreaktion,0,0,,10,3
verhalten_bot_ohne,1520,18,WOOKY,16,W-A,5fa54,0x400c,9,5,21,erholung,50,,nein,27,11,1,ja,0,,0,5,,10,3
verhalten_bot_ohne,1521,14,WOOKY,24,W-D,5fc8c,0x4c0c,8,17,0,erholung,65,,nein,-31,-5,1,ja,0,,0,9,1538:8,10,3
verhalten_bot_ohne,1773,17,EDDY,30,E-D,64688,0x4c0c,9,37,21,gehen,693,gehen+getroffen+inaktiv+liegt+sonst+figur_lag,ja,57,13,1,nein,0,,0,0,,10,2
verhalten_bot_ohne,1821,14,WOOKY,24,W-A,5fa54,0x400c,9,12,21,gehen,300,gehen+inaktiv+figur_lag,ja,57,2,1,nein,0,,0,0,1830:8,10,3
verhalten_bot_ohne,1885,14,WOOKY,24,W-A,5fa54,0x400c,9,12,21,erholung,64,,nein,57,2,1,ja,0,,0,4,1898:8,10,3
verhalten_bot_ohne,2118,18,WOOKY,16,W-A,5fa54,0x400c,9,5,21,gehen,598,abwarten+gehen+getroffen+liegt+sonst+spott+figur_lag,ja,-21,-1,1,nein,0,,0,0,,11,5
verhalten_bot_ohne,2172,18,WOOKY,16,W-A,5fa54,0x400c,9,12,21,erholung,54,,nein,-21,-1,1,nein,0,,0,0,2181:5,11,5
verhalten_bot_ohne,2188,14,WOOKY,24,W-A,5fa54,0x400c,9,5,21,gehen,303,gehen+spott+figur_lag,ja,-53,-10,3,nein,5,trefferreaktion,0,0,,11,5
verhalten_bot_ohne,2215,17,EDDY,30,E-D,64688,0x4c0c,9,44,21,gehen,442,abwarten+gehen+spott+figur_lag,nein,56,-1,1,nein,0,,0,0,2224:6,11,5
verhalten_bot_ohne,2368,14,WOOKY,24,W-A,5fa54,0x400c,9,12,21,gehen,180,gehen+spott+figur_lag,nein,-29,1,1,nein,0,,0,0,2381:8,11,5
verhalten_bot_ohne,2433,14,WOOKY,24,W-A,5fa54,0x400c,9,12,21,erholung,65,,nein,-29,1,1,nein,0,,0,0,2442:8,11,5
verhalten_bot_ohne,2495,14,WOOKY,24,W-B,5fb50,0x4c0c,9,8,21,erholung,62,,nein,-29,1,1,nein,0,,0,0,2504:8,11,5
verhalten_bot_ohne,2643,14,WOOKY,24,W-C,5fc18,0x440c,4,10,17,gehen,148,gehen+figur_lag,ja,31,0,1,nein,0,,0,0,,12,5
verhalten_bot_ohne,2688,14,WOOKY,24,W-C,5fc18,0x440c,4,17,17,erholung,45,,nein,31,0,1,nein,0,,0,0,2692:8,12,5
verhalten_bot_ohne,2695,17,EDDY,30,E-D,64688,0x4c0c,9,44,17,gehen,480,gehen+getroffen+liegt+sonst+spott+figur_lag,ja,-55,2,3,nein,15,trefferreaktion,0,0,2719:6,12,5
verhalten_bot_ohne,2717,15,WOOKY,24,W-C,5fc18,0x0000,,0,17,gehen,1985,abwarten+gehen+getroffen+inaktiv+liegt+sonst+spott+figur_lag,ja,10,0,3,nein,0,,0,0,,12,5
verhalten_bot_ohne,2952,15,WOOKY,24,W-A,5fa54,0x400c,9,12,17,gehen,235,gehen+getroffen+liegt+sonst+spott+figur_lag,ja,-6,-10,1,nein,0,,0,0,2961:8,12,3
verhalten_bot_ohne,2991,14,WOOKY,24,W-C,5fc18,0x440c,4,17,17,gehen,303,gehen+getroffen+liegt+sonst+spott+figur_lag,nein,17,0,1,nein,0,,0,0,2995:8,12,3
verhalten_bot_ohne,3044,14,WOOKY,24,W-C,5fc18,0x440c,4,17,17,erholung,53,,nein,17,0,1,nein,0,,0,0,3048:8,12,3
verhalten_bot_ohne,3096,14,WOOKY,24,W-B,5fb50,0x4c0c,9,8,17,erholung,52,,nein,17,0,1,nein,0,,0,0,3105:8,12,4
verhalten_bot_ohne,3554,15,WOOKY,24,W-E,5fd24,0x440c,10,15,17,gehen,602,gehen+getroffen+liegt+sonst+spott+figur_lag,nein,-47,-10,1,nein,0,,0,0,3564:8,13,5
verhalten_bot_ohne,3632,16,WOOKY,16,W-A,5fa54,0x400c,9,5,17,gehen,,,,11,-10,1,nein,4,trefferreaktion,0,0,,13,5
verhalten_bot_ohne,3632,18,WOOKY,16,W-A,5fa54,0x400c,9,12,17,gehen,1460,abwarten+gehen+inaktiv+spott+figur_lag,nein,-56,-1,1,nein,0,,0,0,3641:5,13,5
verhalten_bot_ohne,3654,14,WOOKY,24,W-A,5fa54,0x400c,9,5,17,gehen,558,gehen+getroffen+liegt+sonst+spott+figur_lag,ja,-55,-1,3,nein,5,trefferreaktion,0,0,,13,5
verhalten_bot_ohne,3672,15,WOOKY,24,W-A,5fa54,0x400c,9,12,17,gehen,118,gehen+getroffen+liegt+sonst,nein,-15,0,1,nein,0,,0,0,3681:8,13,5
verhalten_bot_ohne,3690,18,WOOKY,16,W-A,5fa54,0x400c,9,5,17,erholung,58,,nein,-56,-1,3,nein,5,trefferreaktion,0,0,,13,5
verhalten_bot_ohne,3730,15,WOOKY,24,W-A,5fa54,0x400c,9,12,17,erholung,58,,nein,-15,0,1,nein,0,,0,0,3739:8,13,5
verhalten_bot_ohne,3739,18,WOOKY,16,W-B,5fb50,0x4c0c,9,5,17,erholung,49,,nein,-56,-1,3,nein,5,trefferreaktion,0,0,,13,5
verhalten_bot_ohne,3787,15,WOOKY,24,W-B,5fb50,0x4c0c,9,8,17,erholung,57,,nein,-15,0,1,nein,0,,0,0,3796:8,13,5
verhalten_bot_ohne,3990,16,WOOKY,16,W-C,5fc18,0x440c,4,17,17,gehen,358,gehen+getroffen+liegt+sonst+spott+figur_lag,nein,47,-10,1,nein,0,,0,0,3994:5,14,5
verhalten_bot_ohne,4044,16,WOOKY,16,W-C,5fc18,0x440c,4,17,17,erholung,54,,nein,47,-10,1,nein,0,,0,0,4048:5,14,5
verhalten_bot_ohne,4096,16,WOOKY,16,W-B,5fb50,0x4c0c,9,5,17,erholung,52,,nein,47,-10,1,nein,5,trefferreaktion,0,0,,14,5
verhalten_bot_ohne,4098,15,WOOKY,24,W-C,5fc18,0x440c,4,17,17,gehen,311,abwarten+gehen+figur_lag,nein,-55,-3,1,nein,0,,0,0,4102:8,14,5
verhalten_bot_ohne,4150,15,WOOKY,24,W-C,5fc18,0x440c,4,17,17,erholung,52,,nein,-55,-3,1,nein,0,,0,0,4154:8,14,5
verhalten_bot_ohne,4160,16,WOOKY,16,W-A,5fa54,0x400c,9,5,18,erholung,64,sonst,nein,47,-10,3,nein,5,trefferreaktion,0,0,,14,5
verhalten_bot_ohne,4202,15,WOOKY,24,W-A,5fa54,0x400c,9,12,17,erholung,52,,nein,-55,-3,1,nein,0,,0,0,4211:8,14,5
verhalten_bot_ohne,4228,16,WOOKY,16,W-C,5fc18,0x440c,4,17,18,erholung,68,,nein,47,-10,3,nein,7,trefferreaktion,0,0,4239:5,14,5
verhalten_bot_ohne,4259,15,WOOKY,24,W-D,5fc8c,0x4c0c,8,8,0,erholung,57,,nein,-55,-3,3,nein,0,,0,0,4267:8,14,4
verhalten_bot_ohne,4265,17,EDDY,30,E-A,643f8,0x0000,,0,17,gehen,1570,abwarten+gehen+getroffen+inaktiv+liegt+sonst+spott+figur_lag,nein,-24,-1,3,nein,0,,0,0,,14,4
verhalten_bot_ohne,4513,14,WOOKY,24,W-C,5fc18,0x0000,,0,17,gehen,859,gehen+getroffen+liegt+sonst+spott+figur_lag,ja,17,-10,1,nein,0,,0,0,,15,3
verhalten_bot_ohne,4695,14,WOOKY,24,W-A,5fa54,0x0000,,0,17,gehen,182,gehen+getroffen+liegt+sonst,nein,54,0,1,nein,0,,0,0,,15,3
verhalten_bot_ohne,4904,17,EDDY,30,E-A,643f8,0x0000,,0,17,gehen,639,gehen+getroffen+inaktiv+liegt+sonst+figur_lag,nein,-20,0,1,nein,0,,0,0,,15,5
verhalten_bot_ohne,4932,17,EDDY,30,E-D,64688,0x4c0c,9,44,17,gehen,28,gehen,nein,-68,0,1,ja,0,,0,20,4961:6,15,5
verhalten_bot_ohne,5183,14,WOOKY,24,W-A,5fa54,0x400c,9,12,13,gehen,488,gehen+spott+figur_lag,nein,33,-10,1,nein,0,,0,0,5192:9,16,4
verhalten_bot_ohne,5202,15,WOOKY,24,W-C,5fc18,0x440c,4,10,13,gehen,943,abwarten+gehen+getroffen+liegt+sonst+spott+figur_lag,ja,14,0,3,nein,10,trefferreaktion,0,0,,16,4
verhalten_bot_ohne,5236,14,WOOKY,24,W-A,5fa54,0x400c,9,12,13,erholung,53,,nein,48,-10,1,nein,0,,0,0,5245:9,16,4
verhalten_bot_ohne,5271,15,WOOKY,24,W-A,5fa54,0x0000,,0,13,gehen,69,gehen+getroffen+liegt+sonst,ja,-17,0,3,nein,0,,0,0,,16,5
verhalten_bot_ohne,5291,14,WOOKY,24,W-B,5fb50,0x4c0c,9,5,13,erholung,55,,nein,24,-10,1,ja,0,,0,5,,16,5
verhalten_bot_ohne,5305,15,WOOKY,24,W-A,5fa54,0x0000,,0,13,gehen,34,gehen+getroffen+liegt+sonst,nein,-73,0,1,ja,0,,0,0,,16,5
verhalten_bot_ohne,5322,14,WOOKY,24,W-C,5fc18,0x440c,4,17,13,gehen,31,gehen+sonst,ja,-36,-10,1,nein,0,,0,0,5326:9,16,5
verhalten_bot_ohne,5359,17,EDDY,30,E-C,645bc,0x440c,10,15,13,gehen,427,gehen+inaktiv+figur_lag,ja,44,-1,1,nein,0,,0,0,5369:6,16,5
verhalten_bot_ohne,5384,15,WOOKY,24,W-C,5fc18,0x440c,4,17,13,gehen,79,gehen,nein,-55,0,3,nein,8,trefferreaktion,0,0,5396:9,16,5
verhalten_bot_ohne,5395,14,WOOKY,24,W-A,5fa54,0x400c,9,5,13,gehen,73,gehen+getroffen+liegt+sonst,nein,-17,0,3,nein,5,trefferreaktion,0,0,,16,5
verhalten_bot_ohne,5419,17,EDDY,30,E-C,645bc,0x440c,10,15,13,erholung,60,,nein,44,-1,3,nein,0,,0,0,5429:6,16,5
verhalten_bot_ohne,5433,15,WOOKY,24,W-C,5fc18,0x440c,4,10,13,erholung,49,,nein,-55,0,3,nein,10,trefferreaktion,0,0,,16,5
verhalten_bot_ohne,5477,15,WOOKY,24,W-A,5fa54,0x400c,9,12,13,erholung,44,,nein,-55,0,1,nein,0,,0,0,5486:9,16,5
verhalten_bot_ohne,5496,17,EDDY,30,E-C,645bc,0x440c,10,15,14,erholung,77,,nein,44,-1,3,nein,7,trefferreaktion,0,0,5513:6,16,5
verhalten_bot_ohne,5512,14,WOOKY,24,W-A,5fa54,0x400c,9,5,13,gehen,117,gehen+getroffen+liegt+sonst,nein,-17,0,3,nein,5,trefferreaktion,0,0,,16,5
verhalten_bot_ohne,5533,15,WOOKY,24,W-D,5fc8c,0x4c0c,8,8,0,erholung,56,,nein,-55,0,3,nein,0,,0,0,5541:9,16,5
verhalten_bot_ohne,5764,18,WOOKY,16,W-A,5fa54,0x400c,9,12,13,gehen,2025,abwarten+gehen+inaktiv+sonst+spott+figur_lag,ja,56,4,1,nein,0,,0,0,5773:5,17,4
verhalten_bot_ohne,5821,18,WOOKY,16,W-A,5fa54,0x400c,9,5,13,erholung,57,,nein,56,4,1,ja,0,,0,5,,17,3
verhalten_bot_ohne,5890,17,EDDY,30,E-D,64688,0x4c0c,9,37,13,gehen,394,gehen+spott+figur_lag,ja,-55,-12,1,nein,0,,0,0,,17,2
verhalten_bot_ohne,5935,16,WOOKY,16,W-C,5fc18,0x440c,4,17,13,gehen,1707,abwarten+gehen+inaktiv+spott+figur_lag,nein,55,-6,1,nein,0,,0,0,5939:5,17,3
verhalten_bot_ohne,5939,14,WOOKY,24,W-C,5fc18,0x440c,4,10,13,gehen,427,gehen+getroffen+liegt+sonst+spott+figur_lag,nein,-55,-5,3,nein,10,trefferreaktion,0,0,,17,3
verhalten_bot_ohne,5983,14,WOOKY,24,W-C,5fc18,0x440c,4,17,13,erholung,44,,nein,-55,-5,1,nein,0,,0,0,5987:9,17,3
verhalten_bot_ohne,5985,16,WOOKY,16,W-C,5fc18,0x440c,4,10,13,erholung,50,,nein,55,-6,1,nein,10,trefferreaktion,0,0,,17,3
verhalten_bot_ohne,5990,17,EDDY,30,E-A,643f8,0x400c,9,5,13,gehen,100,gehen+inaktiv,ja,47,-8,3,nein,5,trefferreaktion,0,0,,17,3
verhalten_bot_ohne,6027,16,WOOKY,16,W-B,5fb50,0x4c0c,9,8,13,erholung,42,,nein,55,-6,1,nein,0,,0,0,6036:5,17,3
verhalten_bot_ohne,6035,14,WOOKY,24,W-A,5fa54,0x0000,,0,13,erholung,52,,nein,-55,-5,1,nein,0,,0,0,,17,3
verhalten_bot_ohne,6246,17,EDDY,30,E-A,643f8,0x0000,,0,13,gehen,256,gehen+getroffen+liegt+sonst+figur_lag,ja,-32,0,1,nein,0,,0,0,,18,5
verhalten_bot_ohne,6266,17,EDDY,30,E-C,645bc,0x440c,10,15,13,gehen,20,gehen,nein,-53,0,1,nein,0,,0,0,6276:6,18,5
verhalten_bot_ohne,6326,17,EDDY,30,E-C,645bc,0x440c,10,15,13,erholung,60,,nein,-53,0,1,nein,0,,0,0,6336:6,18,5
verhalten_bot_ohne,6449,14,WOOKY,24,W-C,5fc18,0x440c,4,9,13,gehen,414,abwarten+gehen+getroffen+liegt+sonst+figur_lag,nein,-14,0,1,nein,0,,0,0,,18,5
verhalten_bot_ohne,6476,14,WOOKY,24,W-A,5fa54,0x400c,9,12,13,gehen,27,gehen,nein,-48,0,1,nein,0,,0,0,6485:9,18,5
verhalten_bot_ohne,6489,15,WOOKY,24,W-C,5fc18,0x440c,4,10,13,spott,956,gehen+inaktiv+spott+figur_lag,ja,44,-8,3,nein,10,trefferreaktion,0,0,,18,5
verhalten_bot_ohne,6528,15,WOOKY,24,W-C,5fc18,0x440c,4,17,13,erholung,39,,nein,44,-8,1,nein,0,,0,0,6532:9,18,5
verhalten_bot_ohne,6530,14,WOOKY,24,W-A,5fa54,0x400c,9,5,13,erholung,54,,nein,-50,0,1,nein,5,trefferreaktion,0,0,,18,5
verhalten_bot_ohne,6577,15,WOOKY,24,W-A,5fa54,0x400c,9,12,13,erholung,49,,nein,44,4,1,nein,0,,0,0,6586:9,18,5
verhalten_bot_ohne,6675,15,WOOKY,24,W-C,5fc18,0x440c,4,17,13,gehen,98,gehen,nein,31,11,1,nein,0,,0,0,6679:9,18,5
verhalten_bot_ohne,6687,18,WOOKY,16,W-C,5fc18,0x440c,4,10,13,gehen,866,abwarten+gehen+inaktiv+spott+figur_lag,ja,-47,3,3,nein,10,trefferreaktion,0,0,,18,5
verhalten_bot_ohne,6723,15,WOOKY,24,W-C,5fc18,0x440c,4,10,13,erholung,48,,nein,31,11,1,ja,0,,0,10,,18,5
verhalten_bot_ohne,6729,18,WOOKY,16,W-C,5fc18,0x440c,4,10,13,erholung,42,,nein,-47,3,1,ja,0,,0,10,,18,5
verhalten_bot_ohne,6763,15,WOOKY,24,W-B,5fb50,0x4c0c,9,8,13,erholung,40,,nein,31,11,1,nein,0,,0,0,6772:9,18,4
verhalten_bot_ohne,6909,15,WOOKY,24,W-C,5fc18,0x440c,4,10,13,gehen,146,gehen+spott+figur_lag,nein,39,3,1,nein,0,,0,0,,19,4
verhalten_bot_ohne,6952,15,WOOKY,24,W-C,5fc18,0x440c,4,17,13,erholung,43,,nein,39,3,1,nein,0,,0,0,6956:9,19,5
verhalten_bot_ohne,6968,18,WOOKY,16,W-A,5fa54,0x400c,9,5,13,gehen,239,gehen+spott+figur_lag,ja,47,-6,3,nein,5,trefferreaktion,0,0,,19,5
verhalten_bot_ohne,6981,17,EDDY,30,E-C,645bc,0x0000,,0,13,gehen,655,abwarten+gehen+getroffen+liegt+sonst+spott+figur_lag,ja,17,0,3,nein,0,,0,0,,19,5
verhalten_bot_ohne,7003,15,WOOKY,24,W-A,5fa54,0x400c,9,12,13,erholung,51,,nein,39,3,1,nein,0,,0,0,7012:9,19,5
verhalten_bot_ohne,7028,18,WOOKY,16,W-A,5fa54,0x400c,9,12,14,erholung,60,,nein,47,-6,3,nein,2,trefferreaktion,0,0,7039:5,19,5
verhalten_bot_ohne,7039,17,EDDY,30,E-C,645bc,0x440c,10,8,13,gehen,58,gehen+getroffen+liegt+sonst,nein,15,1,3,nein,8,trefferreaktion,0,0,,19,5
verhalten_bot_ohne,7056,15,WOOKY,24,W-D,5fc8c,0x4c0c,8,11,0,erholung,53,,nein,39,3,3,nein,3,trefferreaktion,0,0,7067:9,19,5
verhalten_bot_ohne,7463,14,WOOKY,24,W-C,5fc18,0x440c,4,10,9,gehen,933,abwarten+gehen+getroffen+inaktiv+liegt+sonst+spott+figur_lag,ja,3,0,1,ja,0,,0,10,,20,5
verhalten_bot_ohne,7531,16,WOOKY,16,W-C,5fc18,0x440c,4,17,9,gehen,1504,abwarten+gehen+spott+figur_lag,nein,43,-10,1,nein,0,,0,0,7535:5,20,5
verhalten_bot_ohne,7557,14,WOOKY,24,W-A,5fa54,0x0000,,0,9,gehen,94,gehen+getroffen+liegt+sonst,nein,17,0,3,nein,0,,0,0,,20,5
verhalten_bot_ohne,7576,16,WOOKY,16,W-C,5fc18,0x440c,4,17,9,erholung,45,,nein,43,-10,1,nein,0,,0,0,7580:5,20,5
verhalten_bot_ohne,7603,14,WOOKY,24,W-A,5fa54,0x0000,,0,9,gehen,46,gehen+getroffen+liegt+sonst,nein,17,0,3,nein,0,,0,0,,20,5
verhalten_bot_ohne,7620,16,WOOKY,16,W-B,5fb50,0x4c0c,9,8,9,erholung,44,,nein,43,-10,1,nein,0,,0,0,7629:5,20,5
verhalten_bot_ohne,7760,15,WOOKY,24,W-A,5fa54,0x400c,9,5,9,gehen,704,abwarten+gehen+spott+figur_lag,ja,-31,0,1,nein,0,,0,0,,20,5
verhalten_bot_ohne,7802,15,WOOKY,24,W-A,5fa54,0x400c,9,3,9,erholung,42,,nein,-36,0,1,ja,0,,0,3,,20,5
verhalten_bot_ohne,7822,16,WOOKY,16,W-A,5fa54,0x0000,,0,9,gehen,202,gehen+getroffen+liegt+sonst+figur_lag,ja,-33,0,1,ja,0,,0,0,,20,5
# messen_verhalten.py vergleich (EINGRIFF LP auffuellen gegen ohne Auffuellen)
lauf_a,lauf_b,frames,erste_abweichung_gegner,erste_abweichung_lp_figur,tod_figur
verhalten_a_w1,verhalten_lp0_w1,3000,,71,
verhalten_a_e1,verhalten_lp0_e1,3000,1507,69,1499
# messen_verhalten.py katalog
typ,kennung,kategorie,frames,modus_s0a,attr_aktiv,dauern,vorgaenger,nachfolger
WOOKY,5ec70,haltung,27809,0x4:16641 0x2:7906 0x1e:3261,,5:1628 1:46 68:41,5ece2:1386 5fee0:188 5ecaa:106,5ecaa:1553 5ed1c:491 5efc8:1
WOOKY,5ecaa,haltung,19966,0x6:12421 0x4:7505 0x0:40,,5:1520 21:303 17:208,5ec70:1553 5fb18:329 5ed1c:162,5ece2:1393 5fa54:361 5fc18:189
WOOKY,5ece2,haltung,6951,0x4:6951,,5:1386,5ecaa:1393,5ec70:1386
WOOKY,5ed1c,gehen,10894,0x0:10059 0x6:792 0x10:42,,4:2572 1:103 2:62,5ee60:1611 5ec70:491 5fdf0:206,5ed4e:2605 5ecaa:162 5ec70:44
WOOKY,5ed4e,gehen,10293,0x0:9603 0x6:644 0x10:46,,4:2511 1:30 5:23,5ed1c:2605,5ed7e:2230 5fdf0:285 5ecaa:39
WOOKY,5ed7e,gehen,8777,0x0:8129 0x6:604 0x10:44,,4:2135 1:28 2:25,5ed4e:2230,5edaa:2129 5ecaa:36 5ec70:34
WOOKY,5edaa,gehen,8411,0x0:7776 0x6:599 0x10:36,,4:2045 2:27 1:23,5ed7e:2129,5edd4:1947 5fdf0:105 5ec70:43
WOOKY,5edd4,gehen,7753,0x0:7119 0x6:610 0x10:24,,4:1871 2:29 5:23,5edaa:1947,5ee04:1896 5ec70:33 5ed1c:12
WOOKY,5ee04,gehen,7509,0x0:6869 0x6:616 0x10:24,,4:1831 1:22 2:21,5edd4:1896,5ee34:1807 5fdf0:38 5ec70:30
WOOKY,5ee34,gehen,7177,0x0:6559 0x6:594 0x10:24,,4:1719 1:34 5:24,5ee04:1807,5ee60:1730 5ec70:44 5ed1c:25
WOOKY,5ee60,gehen,6787,0x0:6237 0x6:526 0x10:24,,4:1610 2:41 5:26,5ee34:1730,5ed1c:1611 5ec70:50 5ecaa:41
WOOKY,5ee94,?,72,0x4:72,,9:8,5f002:8,5eece:8
WOOKY,5eece,?,68,0x4:61 0x0:7,,8:7 12:1,5ee94:8,5efc8:7 5eefa:1
WOOKY,5eefa,?,1,0x4:1,,1:1,5eece:1,5ed1c:1
WOOKY,5ef38,?,48,0x4:48,,8:6,5f7f6:6,5ef64:6
WOOKY,5ef64,?,48,0x4:48,,8:6,5ef38:6,5ef94:6
WOOKY,5ef94,?,6,0x4:6,,1:6,5ef64:6,5f7f6:6
WOOKY,5efc8,?,162,0x0:162,,9:18,5eece:7 5ed4e:3 5ed1c:2,5f002:18
WOOKY,5f002,?,136,0x0:118 0x4:11 0xc:7,,8:7 7:6 9:3,5efc8:18,5f308:10 5ee94:8
WOOKY,5f244,?,28,0x1c:28,,6:4 4:1,5f2d8:4 5f5fe:1,5f278:4 5ed1c:1
WOOKY,5f278,?,24,0x1c:24,,6:4,5f244:4,5f2a4:4
WOOKY,5f2a4,?,24,0x1c:24,,6:4,5f278:4,5f2d8:4
WOOKY,5f2d8,?,24,0x1c:24,,6:4,5f2a4:4,5f244:4
WOOKY,5f308,?,60,0xc:42 0x2:17 0x0:1,,1:12 8:4 2:2,5f002:10 5f7f6:3 5ed1c:2,5f33a:19 5f3e8:1
WOOKY,5f33a,?,734,0x2:532 0xc:202,,37:10 40:2 28:1,5f308:19,5f368:12 5f3e8:3 5f68e:3
WOOKY,5f368,?,127,0x4:81 0xc:46,,9:9 10:1 18:1,5f33a:12,5f4c0:7 5f570:4
WOOKY,5f3e8,?,96,0x8:77 0xc:19,,19:1 37:1 23:1,5f33a:3 5f308:1,5f418:3 5f638:1
WOOKY,5f418,?,24,0x6:24,,8:3,5f3e8:3,5f442:3
WOOKY,5f442,?,3,0x6:3,,1:3,5f418:3,5f46c:3
WOOKY,5f46c,?,60,0xa:60,,20:3,5f442:3,5f496:3
WOOKY,5f496,?,3,0xa:3,,,5f46c:3,
WOOKY,5f4c0,?,72,0x6:72,,8:9,5f368:7 5f6d8:2,5f4ec:9
WOOKY,5f4ec,?,9,0x6:9,,1:9,5f4c0:9,5f518:9
WOOKY,5f518,?,180,0xa:180,,20:9,5f4ec:9,5f544:9
WOOKY,5f544,?,9,0xa:9,,,5f518:9,
WOOKY,5f570,?,121,0xc:121,,21:1 37:1 42:1,5f368:4,5f59c:3
WOOKY,5f59c,?,32,0xc:32,,8:2 16:1,5f570:3,5f5c6:3
WOOKY,5f5c6,?,40,0xc:40,,8:3 16:1,5f59c:3 5f660:1,5f5fe:4
WOOKY,5f5fe,?,5,0xc:5,,1:3 2:1,5f5c6:4,5ed1c:3 5f244:1
WOOKY,5f638,?,29,0xc:29,,29:1,5f3e8:1,5f660:1
WOOKY,5f660,?,8,0xc:8,,8:1,5f638:1,5f5c6:1
WOOKY,5f68e,?,28,0x4:20 0x6:8,,4:7,5f6fe:4 5f33a:3,5f6b4:7
WOOKY,5f6b4,?,28,0x4:20 0x6:8,,4:6,5f68e:7,5f6d8:6
WOOKY,5f6d8,?,18,0x4:16 0x6:2,,4:4 1:2,5f6b4:6,5f6fe:4 5f4c0:2
WOOKY,5f6fe,?,16,0x4:16,,4:4,5f6d8:4,5f68e:4
WOOKY,5f7f6,?,3403,0x2:2652 0x8:742 0x4:6,,71:20 72:7 3:5,5ecaa:35 5fb18:16 5ef94:6,5ed1c:67 5ef38:6 5f308:3
WOOKY,5fa54,ausholen,1430,0x6:1427 0x0:3,,4:354 2:4 1:2,5ecaa:361,5fa8c:352 5ed1c:5 5f7f6:3
WOOKY,5fa8c,ausholen,1725,0x6:1722 0x0:3,,5:337 4:5 1:4,5fa54:352,5fab8:336 5ed1c:12 5f7f6:3
WOOKY,5fab8,aktiv,3554,0x6:3554,0x400c:3554,12:267 5:61 8:4,5fa8c:336,5faec:327 5ed1c:8
WOOKY,5faec,aktiv,1635,0x6:1635,,5:327,5fab8:327,5fb18:326 5ed1c:1
WOOKY,5fb18,erholung,9982,0x6:9966 0x0:16,,15:89 17:65 14:57,5faec:326 5fc50:169 5fdbc:8,5ecaa:329 5ec70:75 5fc8c:68
WOOKY,5fb50,ausholen,280,0x6:280,,4:70,5ecaa:70,5fb88:70
WOOKY,5fb88,ausholen,350,0x6:350,,5:70,5fb50:70,5fbb4:70
WOOKY,5fbb4,aktiv,545,0x6:545,0x4c0c:545,8:65 5:5,5fb88:70,5ed1c:65 5fbe8:5
WOOKY,5fbe8,?,23,0x6:23,,5:4 3:1,5fbb4:5,5fb18:4 5ed1c:1
WOOKY,5fc18,ausholen,732,0x6:727 0x0:5,,4:179 1:5 2:2,5ecaa:189,5fc50:177 5ed1c:5 5f7f6:5
WOOKY,5fc50,aktiv,2698,0x6:2698,0x440c:2698,17:132 10:36 24:1,5fc18:177,5fb18:169 5ed1c:3
WOOKY,5fc8c,ausholen,272,0x6:272,,4:68,5fb18:68,5fcb8:68
WOOKY,5fcb8,ausholen,272,0x6:272,,4:68,5fc8c:68,5fce8:67 5ed1c:1
WOOKY,5fce8,aktiv,584,0x6:584,0x4c0c:584,8:47 10:12 11:4,5fcb8:67,5ed1c:57 5fb18:8
WOOKY,5fd24,ausholen,32,0x6:32,,4:8,5ecaa:8,5fd5c:8
WOOKY,5fd5c,ausholen,48,0x6:48,,6:8,5fd24:8,5fd8c:8
WOOKY,5fd8c,aktiv,113,0x6:113,0x440c:113,15:7 8:1,5fd5c:8,5fdbc:8
WOOKY,5fdbc,aktiv,64,0x6:64,,8:8,5fd8c:8,5fb18:8
WOOKY,5fdf0,spott,23017,0x2:23017,,10:216 110:92 80:51,5ed4e:285 5edaa:105 5ee04:38,5fe2a:216 5ed1c:206 5ecaa:11
WOOKY,5fe2a,spott,2619,0x2:2619,,8:327 3:1,5fdf0:216 5fee0:112,5fe5c:311 5ed1c:16 5ecaa:1
WOOKY,5fe5c,spott,2488,0x2:2488,,8:311,5fe2a:311,5fe8a:311
WOOKY,5fe8a,spott,2474,0x2:2473 0x0:1,,8:307 3:1,5fe5c:311,5feb6:304 5ed1c:2 5ecaa:1
WOOKY,5feb6,spott,2111,0x2:2111,,7:301 1:2,5fe8a:304,5fee0:301 5ed1c:2
WOOKY,5fee0,spott,301,0x2:301,,1:301,5feb6:301,5ec70:188 5fe2a:112 5ecaa:1
WOOKY,5ff0a,hocken,2556,0xa:2556,,5:502 2:13 3:6,60014:521,5ff36:503 60044:20
WOOKY,5ff36,hocken,2515,0xa:2515,,5:503,5ff0a:503,5ff62:502 60044:1
WOOKY,5ff62,hocken,2509,0xa:2509,,5:501 2:2,5ff36:502,5ff8e:502 60044:1
WOOKY,5ff8e,hocken,2528,0xa:2528,,5:498 3:7 4:3,5ff62:502,5ffba:507 60044:4
WOOKY,5ffba,hocken,2527,0xa:2527,,5:504 2:2 3:1,5ff8e:507,5ffe6:504 60044:3
WOOKY,5ffe6,hocken,2532,0xa:2532,,5:504 4:3,5ffba:504,60014:507
WOOKY,60014,hocken,10254,0xa:10254,,20:484 10:34 13:3,5ffe6:507,5ff0a:521 60044:6
WOOKY,60044,aufstehen,568,0xa:568,,8:71,60476:36 5ff0a:20 60014:6,6007c:71
WOOKY,6007c,aufstehen,566,0xa:564 0x0:2,,8:70 6:1,60044:71,600b6:70 5f308:1
WOOKY,600b6,aufstehen,70,0xa:70,,1:70,6007c:70,5ed1c:70
WOOKY,60328,versteckt,3761,0xe:3761,,118:9 177:2 219:1,,6035e:18
WOOKY,6035e,aufstehen,90,0xe:90,,5:18,60328:18,60394:18
WOOKY,60394,aufstehen,18,0xe:18,,1:18,6035e:18,5ed1c:18
WOOKY,603ca,?,486,0xc:486,,9:18 18:18,,603e2:36
WOOKY,603e2,?,324,0xc:324,,9:36,603ca:36,603fa:36
WOOKY,603fa,?,324,0xc:324,,9:36,603e2:36,60412:36
WOOKY,60412,?,324,0xc:324,,9:36,603fa:36,6042a:36
WOOKY,6042a,?,180,0xc:180,,5:36,60412:36,6044a:36
WOOKY,6044a,?,180,0xc:180,,5:36,6042a:36,60476:36
WOOKY,60476,?,36,0xc:36,,1:36,6044a:36,60044:36
WOOKY,604a2,?,6600,0x6:3786 0x0:1570 0x2:1244,,130:2 175:2 8:2,604ec:41 608ba:3 607e2:2,604ca:41 60806:3 60676:2
WOOKY,604ca,?,246,0xa:156 0x6:90,,6:41,604a2:41,604ec:41
WOOKY,604ec,?,41,0xa:26 0x6:15,,1:41,604ca:41,604a2:41
WOOKY,6050e,?,33,0x0:33,,11:3,60532:2 604a2:1,60532:3
WOOKY,60532,?,16,0x0:15 0x2:1,,6:2 4:1,6050e:3,6050e:2 5f308:1
WOOKY,60676,?,4,0x6:4,,2:2,604a2:2,6069a:2
WOOKY,6069a,?,16,0x6:16,,8:2,60676:2,606be:2
WOOKY,606be,?,14,0x6:14,,7:2,6069a:2,606e2:2
WOOKY,606e2,?,2,0x6:2,,1:2,606be:2,60706:2
WOOKY,60706,?,16,0x6:16,,8:2,606e2:2,6072a:2
WOOKY,6072a,?,78,0x6:78,,39:2,60706:2,60752:2
WOOKY,60752,?,8,0x6:8,,4:2,6072a:2,60776:2
WOOKY,60776,?,24,0x6:24,,12:2,60752:2,6079a:2
WOOKY,6079a,?,12,0x6:12,,6:2,60776:2,607be:2
WOOKY,607be,?,4,0x6:4,,2:2,6079a:2,607e2:2
WOOKY,607e2,?,2,0x6:2,,1:2,607be:2,604a2:2
WOOKY,60806,?,6,0x2:6,0x7d04:6,2:3,604a2:3,6082a:3
WOOKY,6082a,?,60,0x4:57 0x2:3,,20:3,60806:3,6084e:3
WOOKY,6084e,?,45,0x4:45,,15:3,6082a:3,60872:3
WOOKY,60872,?,3,0x4:3,,1:3,6084e:3,60896:3
WOOKY,60896,?,42,0x4:42,0x7f04:42,14:3,60872:3,608ba:3
WOOKY,608ba,?,3,0x4:3,,1:3,60896:3,604a2:3
EDDY,6369a,haltung,8321,0x4:5177 0x2:2049 0x16:1095,,5:438 1:75 80:20,6370c:348 644bc:87 64854:58,636d4:517 63746:117
EDDY,636d4,haltung,9109,0x6:6875 0x4:2206 0x0:28,,5:455 21:150 17:120,6369a:517 644bc:109 63746:87,6370c:394 643f8:137 645bc:96
EDDY,6370c,haltung,1970,0x4:1970,,5:393,636d4:394,6369a:348 63746:45
EDDY,63746,gehen,5074,0x0:4779 0x6:275 0x10:20,,4:1180 2:48 1:46,6388c:745 644bc:134 6369a:117,63778:1212 636d4:87 6369a:16
EDDY,63778,gehen,4746,0x0:4503 0x6:220 0x10:23,,4:1147 2:21 3:15,63746:1212,637a8:1045 64764:104 636d4:32
EDDY,637a8,gehen,4141,0x0:3918 0x6:203 0x10:20,,4:1006 2:16 3:11,63778:1045,637d6:1014 636d4:14 6369a:9
EDDY,637d6,gehen,4010,0x0:3790 0x6:200 0x10:20,,4:973 3:19 1:7,637a8:1014,63800:924 64764:48 636d4:18
EDDY,63800,gehen,3665,0x0:3442 0x6:207 0x10:16,,4:879 3:17 5:13,637d6:924,63830:894 6369a:14 636d4:8
EDDY,63830,gehen,3570,0x0:3341 0x6:213 0x10:16,,4:872 3:12 1:10,63800:894,63860:846 64764:27 636d4:12
EDDY,63860,gehen,3346,0x0:3118 0x6:216 0x10:12,,4:807 1:12 2:9,63830:846,6388c:803 6369a:16 636d4:12
EDDY,6388c,gehen,3130,0x0:2947 0x6:174 0x10:8,,4:742 2:21 1:15,63860:803,63746:745 636d4:37 64764:10
EDDY,638c0,?,54,0x4:54,,9:6,63a2e:4 63c76:1 649f0:1,638fa:6
EDDY,638fa,?,50,0x4:44 0x0:6,,8:3 12:1 9:1,638c0:6,639f4:4 63926:1 63d3a:1
EDDY,63926,?,1,0x4:1,,1:1,638fa:1,63746:1
EDDY,63964,?,16,0x4:16,,8:2,64198:2,63990:2
EDDY,63990,?,16,0x4:16,,8:2,63964:2,639c0:2
EDDY,639c0,?,11,0x8:9 0x4:2,,1:1 10:1,63990:2,64198:1 63746:1
EDDY,639f4,?,99,0x0:99,,9:11,638fa:4 636d4:3 644bc:1,63a2e:11
EDDY,63a2e,?,82,0x0:71 0x4:7 0xc:4,,8:4 6:3 7:2,639f4:11,63d3a:7 638c0:4
EDDY,63c76,?,5,0x1c:3 0x4:1 0x0:1,,1:1 4:1,64034:2,638c0:1 639f4:1
EDDY,63d3a,?,36,0xc:24 0x2:12,,1:8 8:3 2:2,63a2e:7 63860:2 638fa:1,63d6c:13
EDDY,63d6c,?,516,0x2:405 0xc:111,,37:9 19:1 40:1,63d3a:13,63d9a:6 640c8:4 63e1e:1
EDDY,63d9a,?,51,0xc:27 0x4:24,,9:5 6:1,63d6c:6,63fa6:3 63ef6:2 63e1e:1
EDDY,63e1e,?,21,0x8:21,,3:1 18:1,63d9a:1 63d6c:1,63e4e:2
EDDY,63e4e,?,32,0x6:32,,8:4,63e1e:2 64112:1 64138:1,63e78:4
EDDY,63e78,?,4,0x6:4,,1:4,63e4e:4,63ea2:4
EDDY,63ea2,?,80,0xa:80,,20:4,63e78:4,63ecc:4
EDDY,63ecc,?,4,0xa:4,,,63ea2:4,
EDDY,63ef6,?,32,0x6:32,,8:4,63d9a:2 64112:1 640ee:1,63f22:4
EDDY,63f22,?,4,0x6:4,,1:4,63ef6:4,63f4e:4
EDDY,63f4e,?,80,0xa:80,,20:4,63f22:4,63f7a:4
EDDY,63f7a,?,4,0xa:4,,,63f4e:4,
EDDY,63fa6,?,107,0xc:107,,41:1 45:1 21:1,63d9a:3,63fd2:3
EDDY,63fd2,?,24,0xc:24,,8:3,63fa6:3,63ffc:3
EDDY,63ffc,?,24,0xc:24,,8:3,63fd2:3,64034:3
EDDY,64034,?,3,0xc:3,,1:3,63ffc:3,63c76:2 63746:1
EDDY,640c8,?,36,0x4:28 0x6:8,,4:9,64138:5 63d6c:4,640ee:9
EDDY,640ee,?,36,0x4:28 0x6:8,,4:9,640c8:9,64112:8 63ef6:1
EDDY,64112,?,27,0x4:26 0x6:1,,4:6 2:1 1:1,640ee:8,64138:6 63e4e:1 63ef6:1
EDDY,64138,?,23,0x4:23,,4:5 3:1,64112:6,640c8:5 63e4e:1
EDDY,64198,?,1533,0x2:1194 0x8:335 0x4:3,,71:8 7:3 32:2,636d4:25 644bc:3 637d6:3,63746:31 63964:2 63d3a:1
EDDY,643f8,ausholen,546,0x6:545 0x0:1,,4:136 2:1,636d4:137,64430:136 64198:1
EDDY,64430,ausholen,673,0x6:673,,5:132 4:2 3:1,643f8:136,6445c:131 63746:5
EDDY,6445c,aktiv,1467,0x6:1467,0x400c:1467,12:115 5:12 17:1,64430:131,64490:128 63746:1
EDDY,64490,aktiv,633,0x6:632 0x0:1,,5:125 1:1,6445c:128,644bc:125 64198:1
EDDY,644bc,erholung,5621,0x6:5617 0x0:4,,1:56 15:39 30:32,64490:125 64654:91 6472e:89,63746:134 636d4:109 6369a:87
EDDY,644f4,ausholen,140,0x6:140,,4:35,636d4:35,6452c:35
EDDY,6452c,ausholen,175,0x6:175,,5:35,644f4:35,64558:35
EDDY,64558,aktiv,378,0x6:378,0x4c0c:378,12:29 5:6,6452c:35,6458c:35
EDDY,6458c,aktiv,173,0x6:173,,5:34,64558:35,644bc:33 63746:1
EDDY,645bc,ausholen,383,0x6:382 0x0:1,,4:95 3:1,636d4:96,645f4:95 64198:1
EDDY,645f4,ausholen,570,0x6:570,,6:95,645bc:95,64624:95
EDDY,64624,aktiv,1209,0x6:1209,0x440c:1209,15:65 8:28 5:2,645f4:95,64654:93 63746:2
EDDY,64654,aktiv,738,0x6:738,,8:91 5:2,64624:93,644bc:91 63746:2
EDDY,64688,ausholen,285,0x6:285,,3:95,636d4:95,646c0:95
EDDY,646c0,ausholen,95,0x6:95,,1:95,64688:95,646f8:95
EDDY,646f8,ausholen,475,0x6:475,,5:95,646c0:95,6472e:95
EDDY,6472e,aktiv,3912,0x6:3912,0x4c0c:3912,44:53 37:32 51:4,646f8:95,644bc:89
EDDY,64764,spott,7754,0x2:7754,,10:94 90:34 60:32,63778:104 637d6:48 63830:27,63746:96 6479e:94 636d4:5
EDDY,6479e,spott,961,0x2:961,,8:120 1:1,64764:94 64854:27,647d0:120 636d4:1
EDDY,647d0,spott,950,0x2:950,,8:118 4:1,6479e:120,647fe:118 636d4:1
EDDY,647fe,spott,815,0x2:815,,8:88 4:19 2:8,647d0:118,6482a:88 63746:27 636d4:2
EDDY,6482a,spott,601,0x2:601,,7:85,647fe:88,64854:85
EDDY,64854,spott,85,0x2:85,,1:85,6482a:85,6369a:58 6479e:27
EDDY,6487e,hocken,287,0xa:287,,5:56 3:1 4:1,64988:57,648aa:57 649b8:1
EDDY,648aa,hocken,285,0xa:285,,5:56 2:2 1:1,6487e:57,648d6:55 649b8:4
EDDY,648d6,hocken,276,0xa:276,,5:54 2:1 4:1,648aa:55,64902:55 649b8:1
EDDY,64902,hocken,275,0xa:275,,5:55,648d6:55,6492e:55
EDDY,6492e,hocken,315,0xa:315,,5:58 4:6 1:1,64902:55,6495a:65
EDDY,6495a,hocken,298,0xa:298,,5:56 2:6 1:2,6492e:65,64988:56 649b8:9
EDDY,64988,hocken,1145,0xa:1145,,20:54 9:2 6:2,6495a:56,6487e:57 649b8:3
EDDY,649b8,aufstehen,232,0xa:232,,8:29,64dec:10 6495a:9 648aa:4,649f0:29
EDDY,649f0,aufstehen,278,0xa:275 0x0:2 0x4:1,,2:34 8:26 1:1,649b8:29,64a2a:59 638c0:1 63d3a:1
EDDY,64a2a,aufstehen,59,0xa:59,,1:59,649f0:59,63746:59
EDDY,64d40,?,135,0xc:135,,9:5 18:5,,64d58:10
EDDY,64d58,?,90,0xc:90,,9:10,64d40:10,64d70:10
EDDY,64d70,?,90,0xc:90,,9:10,64d58:10,64d88:10
EDDY,64d88,?,90,0xc:90,,9:10,64d70:10,64da0:10
EDDY,64da0,?,50,0xc:50,,5:10,64d88:10,64dc0:10
EDDY,64dc0,?,50,0xc:50,,5:10,64da0:10,64dec:10
EDDY,64dec,?,10,0xc:10,,1:10,64dc0:10,649b8:10
# messen_verhalten.py zeitachse (a_w1, a_e1)
lauf,slot,typ,max_lp,von,bis,frames,zustand,dx_von,dx_bis,dz_von,dz_bis,figur_status_von,kennungen,aktive_frames
verhalten_a_w1,18,WOOKY,16,1,39,39,gehen,111,46,3,10,1,5ed1c/5ed4e/5ed7e/5edaa/5edd4/5ee04/5ee34/5ee60,0
verhalten_a_w1,18,WOOKY,16,40,60,21,kampfhaltung,46,46,10,10,1,5ecaa,0
verhalten_a_w1,18,WOOKY,16,61,86,26,angriff,46,46,10,10,1,5fa54/5fa8c/5fab8/5faec,12
verhalten_a_w1,18,WOOKY,16,87,101,15,erholung,46,46,10,10,3,5fb18,0
verhalten_a_w1,18,WOOKY,16,102,122,21,kampfhaltung,46,46,10,10,1,5ecaa,0
verhalten_a_w1,18,WOOKY,16,123,148,26,angriff,46,46,10,10,1,5fa54/5fa8c/5fab8/5faec,12
verhalten_a_w1,18,WOOKY,16,149,165,17,erholung,46,46,10,10,3,5fb18,0
verhalten_a_w1,18,WOOKY,16,166,186,21,kampfhaltung,46,46,10,10,1,5ecaa,0
verhalten_a_w1,18,WOOKY,16,187,203,17,angriff,46,46,10,10,1,5fb50/5fb88/5fbb4,8
verhalten_a_w1,18,WOOKY,16,204,243,40,gehen,46,92,10,3,2,5ed1c/5ed4e/5ed7e/5edaa/5edd4/5ee04/5ee34/5ee60,0
verhalten_a_w1,18,WOOKY,16,244,383,140,spott,94,115,3,3,2,5ec70/5fdf0/5fe2a/5fe5c/5fe8a/5feb6/5fee0,0
verhalten_a_w1,18,WOOKY,16,384,424,41,gehen,115,46,3,-3,1,5ed1c/5ed4e/5ed7e/5edaa/5edd4/5ee04/5ee34/5ee60,0
verhalten_a_w1,18,WOOKY,16,425,445,21,kampfhaltung,46,46,-3,-3,1,5ecaa,0
verhalten_a_w1,18,WOOKY,16,446,471,26,angriff,46,46,-3,-3,1,5fa54/5fa8c/5fab8/5faec,12
verhalten_a_w1,18,WOOKY,16,472,502,31,erholung,46,46,-3,-3,3,5fb18,0
verhalten_a_w1,18,WOOKY,16,503,524,22,kampfhaltung,46,46,-3,-3,1,5ec70/5ecaa,0
verhalten_a_w1,18,WOOKY,16,525,550,26,angriff,46,46,-3,-3,1,5fa54/5fa8c/5fab8/5faec,12
verhalten_a_w1,18,WOOKY,16,551,563,13,erholung,46,46,-3,-3,3,5fb18,0
verhalten_a_w1,18,WOOKY,16,564,584,21,kampfhaltung,46,46,-3,-3,1,5ecaa,0
verhalten_a_w1,18,WOOKY,16,585,610,26,angriff,46,46,-3,-3,1,5fa54/5fa8c/5fab8/5faec,12
verhalten_a_w1,18,WOOKY,16,611,627,17,erholung,46,46,-3,-3,3,5fb18,0
verhalten_a_w1,18,WOOKY,16,628,648,21,kampfhaltung,46,46,-3,-3,1,5ecaa,0
verhalten_a_w1,18,WOOKY,16,649,665,17,angriff,46,46,-3,-3,1,5fb50/5fb88/5fbb4,8
verhalten_a_w1,18,WOOKY,16,666,705,40,gehen,46,105,-3,-23,2,5ed1c/5ed4e/5ed7e/5edaa/5edd4/5ee04/5ee34/5ee60,0
verhalten_a_w1,18,WOOKY,16,706,785,80,spott,105,105,-23,-23,2,5fdf0,0
verhalten_a_w1,18,WOOKY,16,786,790,5,gehen,105,112,-23,-23,3,5ed1c/5ed4e,0
verhalten_a_w1,18,WOOKY,16,791,870,80,abwarten,112,112,-23,-23,3,5ec70/5ecaa/5ece2,0
verhalten_a_w1,18,WOOKY,16,871,936,66,gehen,112,126,-23,5,1,5ed1c/5ed4e/5ed7e/5edaa/5edd4/5ee04/5ee34/5ee60,0
verhalten_a_w1,18,WOOKY,16,937,1046,110,abwarten,126,126,5,5,1,5ec70/5ecaa/5ece2,0
verhalten_a_w1,18,WOOKY,16,1047,1170,124,gehen,126,-88,5,-21,1,5ed1c/5ed4e/5ed7e/5edaa/5edd4/5ee04/5ee34/5ee60,0
verhalten_a_w1,18,WOOKY,16,1206,1207,2,gehen,-88,-88,-46,-47,1,5ee60,0
verhalten_a_w1,18,WOOKY,16,1208,1317,110,spott,-88,-88,-47,-47,1,5fdf0,0
verhalten_a_w1,18,WOOKY,16,1318,1357,40,gehen,-88,-56,-47,-58,1,5ed1c/5ed4e/5ed7e/5edaa/5edd4/5ee04/5ee34/5ee60,0
verhalten_a_w1,18,WOOKY,16,1358,1497,140,spott,-56,-56,-58,-58,1,5fdf0,0
verhalten_a_w1,18,WOOKY,16,1498,1591,94,gehen,-56,120,-58,-3,1,5ed1c/5ed4e/5ed7e/5edaa/5edd4/5ee04/5ee34/5ee60,0
verhalten_a_w1,18,WOOKY,16,1592,1641,50,abwarten,120,120,-3,-3,1,5ec70/5ecaa/5ece2,0
verhalten_a_w1,18,WOOKY,16,1642,1681,40,gehen,120,130,-3,-21,1,5ed1c/5ed4e/5ed7e/5edaa/5edd4/5ee04/5ee34/5ee60,0
verhalten_a_w1,18,WOOKY,16,1682,1791,110,spott,130,130,-21,-21,1,5fdf0,0
verhalten_a_w1,18,WOOKY,16,1792,1793,2,gehen,130,128,-21,-22,1,5ed1c,0
verhalten_a_w1,18,WOOKY,16,1794,1933,140,abwarten,128,128,-22,-22,1,5ec70/5ecaa/5ece2,0
verhalten_a_w1,18,WOOKY,16,1934,2000,67,gehen,128,55,-22,0,1,5ed1c/5ed4e/5ed7e/5edaa/5edd4/5ee04/5ee34/5ee60,0
verhalten_a_w1,18,WOOKY,16,2001,2017,17,kampfhaltung,55,55,0,0,1,5ecaa,0
verhalten_a_w1,18,WOOKY,16,2018,2043,26,angriff,55,55,0,0,1,5fa54/5fa8c/5fab8/5faec,12
verhalten_a_w1,18,WOOKY,16,2044,2068,25,erholung,55,55,0,0,3,5fb18,0
verhalten_a_w1,18,WOOKY,16,2069,2148,80,kampfhaltung,55,55,0,0,1,5ec70,0
verhalten_a_w1,18,WOOKY,16,2149,2288,140,abwarten,55,55,0,0,1,5ec70/5ecaa/5ece2,0
verhalten_a_w1,18,WOOKY,16,2289,2294,6,gehen,55,47,0,-1,1,5ed1c/5ed4e,0
verhalten_a_w1,18,WOOKY,16,2295,2311,17,kampfhaltung,47,47,-1,-1,1,5ecaa,0
verhalten_a_w1,18,WOOKY,16,2312,2337,26,angriff,47,47,-1,-1,1,5fa54/5fa8c/5fab8/5faec,12
verhalten_a_w1,18,WOOKY,16,2338,2353,16,erholung,47,47,-1,-1,3,5fb18,0
verhalten_a_w1,18,WOOKY,16,2354,2370,17,kampfhaltung,47,47,-1,-1,1,5ecaa,0
verhalten_a_w1,18,WOOKY,16,2371,2396,26,angriff,47,47,-1,-1,1,5fa54/5fa8c/5fab8/5faec,12
verhalten_a_w1,18,WOOKY,16,2397,2412,16,erholung,47,47,-1,-1,3,5fb18,0
verhalten_a_w1,18,WOOKY,16,2413,2429,17,kampfhaltung,47,47,-1,-1,1,5ecaa,0
verhalten_a_w1,18,WOOKY,16,2430,2446,17,angriff,47,47,-1,-1,1,5fb50/5fb88/5fbb4,8
verhalten_a_w1,18,WOOKY,16,2447,2486,40,gehen,47,69,-1,-20,2,5ed1c/5ed4e/5ed7e/5edaa/5edd4/5ee04/5ee34/5ee60,0
verhalten_a_w1,18,WOOKY,16,2487,2566,80,spott,69,69,-20,-20,2,5ec70/5fdf0/5fe2a/5fe5c/5fe8a/5feb6/5fee0,0
verhalten_a_w1,18,WOOKY,16,2567,2640,74,gehen,69,56,-20,-1,3,5ed1c/5ed4e/5ed7e/5edaa/5edd4/5ee04/5ee34/5ee60,0
verhalten_a_w1,18,WOOKY,16,2641,2657,17,kampfhaltung,56,56,-1,-1,1,5ecaa,0
verhalten_a_w1,18,WOOKY,16,2658,2683,26,angriff,56,56,-1,-1,1,5fa54/5fa8c/5fab8/5faec,12
verhalten_a_w1,18,WOOKY,16,2684,2713,30,erholung,56,56,-1,-1,3,5fb18,0
verhalten_a_w1,18,WOOKY,16,2714,2853,140,kampfhaltung,56,56,-1,-1,1,5ec70,0
verhalten_a_w1,18,WOOKY,16,2854,2977,124,gehen,56,-87,-1,-21,1,5ed1c/5ed4e/5ed7e/5edaa/5edd4/5ee04/5ee34/5ee60,0
verhalten_a_w1,18,WOOKY,16,2999,3000,2,gehen,-88,-87,-5,-4,1,5edd4,0
verhalten_a_e1,16,WOOKY,16,1,3000,3000,lauert,185,361,16,16,1,5ff0a/5ff36/5ff62/5ff8e/5ffba/5ffe6/60014,0
verhalten_a_e1,17,EDDY,30,1,3,3,aufstehen,105,105,0,0,1,649f0/64a2a,0
verhalten_a_e1,17,EDDY,30,4,37,34,gehen,105,47,0,0,1,63746/63778/637a8/637d6/63800/63830/63860/6388c,0
verhalten_a_e1,17,EDDY,30,38,58,21,kampfhaltung,47,47,0,0,1,636d4,0
verhalten_a_e1,17,EDDY,30,59,84,26,angriff,47,47,0,0,1,643f8/64430/6445c/64490,12
verhalten_a_e1,17,EDDY,30,85,114,30,erholung,47,47,0,0,3,644bc,0
verhalten_a_e1,17,EDDY,30,115,136,22,kampfhaltung,47,47,0,0,1,6369a/636d4,0
verhalten_a_e1,17,EDDY,30,137,162,26,angriff,47,47,0,0,1,643f8/64430/6445c/64490,12
verhalten_a_e1,17,EDDY,30,163,176,14,erholung,47,47,0,0,3,644bc,0
verhalten_a_e1,17,EDDY,30,177,197,21,kampfhaltung,47,47,0,0,1,636d4,0
verhalten_a_e1,17,EDDY,30,198,223,26,angriff,47,47,0,0,1,643f8/64430/6445c/64490,12
verhalten_a_e1,17,EDDY,30,224,238,15,erholung,47,47,0,0,3,644bc,0
verhalten_a_e1,17,EDDY,30,239,259,21,kampfhaltung,47,47,0,0,1,636d4,0
verhalten_a_e1,17,EDDY,30,260,285,26,angriff,47,70,0,0,1,644f4/6452c/64558/6458c,12
verhalten_a_e1,17,EDDY,30,286,288,3,erholung,73,79,0,0,2,644bc,0
verhalten_a_e1,17,EDDY,30,289,408,120,gehen,82,-20,0,-19,2,63746/63778/637a8/637d6/63800/63830/63860/6388c,0
verhalten_a_e1,17,EDDY,30,409,468,60,spott,-20,-20,-19,-19,3,64764,0
verhalten_a_e1,17,EDDY,30,469,508,40,gehen,-20,25,-19,-32,1,63746/63778/637a8/637d6/63800/63830/63860/6388c,0
verhalten_a_e1,17,EDDY,30,509,598,90,spott,25,25,-32,-32,1,64764,0
verhalten_a_e1,17,EDDY,30,599,678,80,gehen,25,71,-32,-9,1,63746/63778/637a8/637d6/63800/63830/63860/6388c,0
verhalten_a_e1,17,EDDY,30,679,768,90,spott,71,71,-9,-9,1,64764,0
verhalten_a_e1,17,EDDY,30,769,783,15,gehen,71,46,-9,-9,1,63746/63778/637a8/637d6,0
verhalten_a_e1,17,EDDY,30,784,800,17,kampfhaltung,46,46,-9,-9,1,636d4,0
verhalten_a_e1,17,EDDY,30,801,833,33,angriff,46,46,-9,-9,1,645bc/645f4/64624/64654,15
verhalten_a_e1,17,EDDY,30,834,849,16,erholung,46,46,-9,-9,3,644bc,0
verhalten_a_e1,17,EDDY,30,850,866,17,kampfhaltung,46,46,-9,-9,1,636d4,0
verhalten_a_e1,17,EDDY,30,867,899,33,angriff,46,46,-9,-9,1,645bc/645f4/64624/64654,15
verhalten_a_e1,17,EDDY,30,900,924,25,erholung,46,46,-9,-9,3,644bc,0
verhalten_a_e1,17,EDDY,30,925,942,18,kampfhaltung,46,46,-9,-9,1,6369a/636d4,0
verhalten_a_e1,17,EDDY,30,943,968,26,angriff,46,46,-9,-9,1,643f8/64430/6445c/64490,12
verhalten_a_e1,17,EDDY,30,969,983,15,erholung,46,46,-9,-9,3,644bc,0
verhalten_a_e1,17,EDDY,30,984,1000,17,kampfhaltung,46,46,-9,-9,1,636d4,0
verhalten_a_e1,17,EDDY,30,1001,1026,26,angriff,46,46,-9,-9,1,643f8/64430/6445c/64490,12
verhalten_a_e1,17,EDDY,30,1027,1043,17,erholung,46,46,-9,-9,3,644bc,0
verhalten_a_e1,17,EDDY,30,1044,1060,17,kampfhaltung,46,46,-9,-9,1,636d4,0
verhalten_a_e1,17,EDDY,30,1061,1086,26,angriff,46,69,-9,-9,1,644f4/6452c/64558/6458c,12
verhalten_a_e1,17,EDDY,30,1087,1089,3,erholung,71,77,-9,-9,2,644bc,0
verhalten_a_e1,17,EDDY,30,1090,1129,40,gehen,80,18,-9,-9,2,63746/63778/637a8/637d6/63800/63830/63860/6388c,0
verhalten_a_e1,17,EDDY,30,1130,1159,30,spott,18,18,-9,-9,2,64764,0
verhalten_a_e1,17,EDDY,30,1160,1192,33,gehen,18,-37,-9,-6,2,63746/63778/637a8/637d6/63800/63830/63860/6388c,0
verhalten_a_e1,17,EDDY,30,1193,1209,17,kampfhaltung,-37,-37,-6,-6,3,636d4,0
verhalten_a_e1,17,EDDY,30,1210,1235,26,angriff,-37,-37,-6,-6,3,645bc/645f4/64624/64654,8
verhalten_a_e1,17,EDDY,30,1236,1266,31,erholung,-37,-37,-6,-6,1,644bc,0
verhalten_a_e1,17,EDDY,30,1267,1284,18,kampfhaltung,-37,-37,-6,-6,1,6369a/636d4,0
verhalten_a_e1,17,EDDY,30,1285,1317,33,angriff,-37,-37,-6,-6,1,645bc/645f4/64624/64654,15
verhalten_a_e1,17,EDDY,30,1318,1333,16,erholung,-37,-37,-6,-6,3,644bc,0
verhalten_a_e1,17,EDDY,30,1334,1350,17,kampfhaltung,-37,-37,-6,-6,1,636d4,0
verhalten_a_e1,17,EDDY,30,1351,1383,33,angriff,-37,-37,-6,-6,1,645bc/645f4/64624/64654,15
verhalten_a_e1,17,EDDY,30,1384,1413,30,erholung,-37,-37,-6,-6,3,644bc,0
verhalten_a_e1,17,EDDY,30,1414,1431,18,kampfhaltung,-37,-37,-6,-6,1,6369a/636d4,0
verhalten_a_e1,17,EDDY,30,1432,1457,26,angriff,-37,-37,-6,-6,1,643f8/64430/6445c/64490,12
verhalten_a_e1,17,EDDY,30,1458,1472,15,erholung,-37,-37,-6,-6,3,644bc,0
verhalten_a_e1,17,EDDY,30,1473,1489,17,kampfhaltung,-37,-37,-6,-6,1,636d4,0
verhalten_a_e1,17,EDDY,30,1490,1515,26,angriff,-37,-37,-6,-6,1,643f8/64430/6445c/64490,12
verhalten_a_e1,17,EDDY,30,1516,1532,17,erholung,-37,-37,-6,-6,3,644bc,0
verhalten_a_e1,17,EDDY,30,1533,1549,17,kampfhaltung,-37,-37,-6,-6,1,636d4,0
verhalten_a_e1,17,EDDY,30,1550,1575,26,angriff,-37,-60,-6,-6,1,644f4/6452c/64558/6458c,12
verhalten_a_e1,17,EDDY,30,1576,1578,3,erholung,-62,-68,-6,-6,2,644bc,0
verhalten_a_e1,17,EDDY,30,1579,1680,102,gehen,-71,-3,-6,9,2,63746/63778/637a8/637d6/63800/63830/63860/6388c,0
verhalten_a_e1,17,EDDY,30,1681,1697,17,kampfhaltung,-3,-3,9,9,3,636d4,0
verhalten_a_e1,17,EDDY,30,1698,1750,53,angriff,-3,120,9,9,3,64688/646c0/646f8/6472e,44
verhalten_a_e1,17,EDDY,30,1751,1751,1,erholung,123,123,9,9,1,644bc,0
verhalten_a_e1,17,EDDY,30,1752,1791,40,gehen,123,97,9,-8,1,63746/63778/637a8/637d6/63800/63830/63860/6388c,0
verhalten_a_e1,17,EDDY,30,1792,1851,60,spott,97,97,-8,-8,1,6369a/64764/6479e/647d0/647fe/6482a/64854,0
verhalten_a_e1,17,EDDY,30,1852,1881,30,gehen,97,46,-8,-8,1,63746/63778/637a8/637d6/63800/63830/63860/6388c,0
verhalten_a_e1,17,EDDY,30,1882,1898,17,kampfhaltung,46,46,-8,-8,1,636d4,0
verhalten_a_e1,17,EDDY,30,1899,1931,33,angriff,46,46,-8,-8,1,645bc/645f4/64624/64654,15
verhalten_a_e1,17,EDDY,30,1932,1945,14,erholung,46,46,-8,-8,3,644bc,0
verhalten_a_e1,17,EDDY,30,1946,1962,17,kampfhaltung,46,46,-8,-8,1,636d4,0
verhalten_a_e1,17,EDDY,30,1963,1995,33,angriff,46,46,-8,-8,1,645bc/645f4/64624/64654,15
verhalten_a_e1,17,EDDY,30,1996,2021,26,erholung,46,46,-8,-8,3,644bc,0
verhalten_a_e1,17,EDDY,30,2022,2039,18,kampfhaltung,46,46,-8,-8,1,6369a/636d4,0
verhalten_a_e1,17,EDDY,30,2040,2065,26,angriff,46,46,-8,-8,1,643f8/64430/6445c/64490,12
verhalten_a_e1,17,EDDY,30,2066,2080,15,erholung,46,46,-8,-8,3,644bc,0
verhalten_a_e1,17,EDDY,30,2081,2097,17,kampfhaltung,46,46,-8,-8,1,636d4,0
verhalten_a_e1,17,EDDY,30,2098,2123,26,angriff,46,46,-8,-8,1,643f8/64430/6445c/64490,12
verhalten_a_e1,17,EDDY,30,2124,2135,12,erholung,46,46,-8,-8,3,644bc,0
verhalten_a_e1,17,EDDY,30,2136,2152,17,kampfhaltung,46,46,-8,-8,1,636d4,0
verhalten_a_e1,17,EDDY,30,2153,2178,26,angriff,46,69,-8,-8,1,644f4/6452c/64558/6458c,12
verhalten_a_e1,17,EDDY,30,2179,2181,3,erholung,72,78,-8,-8,2,644bc,0
verhalten_a_e1,17,EDDY,30,2182,2261,80,gehen,81,43,-8,-8,2,63746/63778/637a8/637d6/63800/63830/63860/6388c,0
verhalten_a_e1,17,EDDY,30,2262,2283,22,spott,43,43,-8,-8,2,64764/6479e/647d0,0
verhalten_a_e1,17,EDDY,30,2284,2300,17,kampfhaltung,43,43,-8,-8,3,636d4,0
verhalten_a_e1,17,EDDY,30,2301,2353,53,angriff,43,-80,-8,-8,3,64688/646c0/646f8/6472e,44
verhalten_a_e1,17,EDDY,30,2354,2354,1,erholung,-83,-83,-8,-8,2,644bc,0
verhalten_a_e1,17,EDDY,30,2355,2357,3,gehen,-83,-88,-8,-8,2,63746,0
verhalten_a_e1,17,EDDY,30,2602,2660,59,gehen,-87,32,-56,-32,1,63746/63778/637a8/637d6/63800/63830/63860/6388c,0
verhalten_a_e1,17,EDDY,30,2661,2690,30,spott,32,32,-32,-32,1,64764,0
verhalten_a_e1,17,EDDY,30,2691,2738,48,gehen,32,120,-32,-3,1,63746/63778/637a8/637d6/63800/63830/63860/6388c,0
verhalten_a_e1,17,EDDY,30,2739,2858,120,abwarten,120,120,-3,-3,1,6369a/636d4/6370c,0
verhalten_a_e1,17,EDDY,30,2859,2898,40,gehen,120,130,-3,-21,1,63746/63778/637a8/637d6/63800/63830/63860/6388c,0
verhalten_a_e1,17,EDDY,30,2899,2958,60,spott,130,130,-21,-21,1,64764,0
verhalten_a_e1,17,EDDY,30,2959,2976,18,gehen,130,127,-21,-6,1,63746/63778/637a8/637d6/63800,0
verhalten_a_e1,17,EDDY,30,2977,3000,24,abwarten,127,127,-6,-6,1,6369a/636d4/6370c,0
# Dritte Messung M2 (Läufe verhalten_m3_*): andere Savestates, Startframes, Positionen
# messen_verhalten.py schwelle (m3_schwelle_*: EINGRIFF Gegner-x = Kamera + k)
lauf,slot,typ,status,k,von,bis,frames,s5_ende,weckreiz_in_stufe
verhalten_m3_schwelle_h3,16,WOOKY,21,440,5,8,4,1,nein
verhalten_m3_schwelle_h3,16,WOOKY,21,441,9,12,4,1,nein
verhalten_m3_schwelle_h3,16,WOOKY,21,442,13,16,4,1,nein
verhalten_m3_schwelle_h3,16,WOOKY,21,443,17,20,4,1,nein
verhalten_m3_schwelle_h3,16,WOOKY,21,444,21,24,4,1,nein
verhalten_m3_schwelle_h3,16,WOOKY,21,445,25,28,4,1,nein
verhalten_m3_schwelle_h3,16,WOOKY,21,446,29,32,4,1,nein
verhalten_m3_schwelle_h3,16,WOOKY,21,447,33,36,4,1,nein
verhalten_m3_schwelle_h3,16,WOOKY,20,448,37,40,4,0,nein
verhalten_m3_schwelle_h3,16,WOOKY,20,449,41,44,4,0,nein
verhalten_m3_schwelle_h3,16,WOOKY,20,450,45,48,4,0,nein
verhalten_m3_schwelle_h3,16,WOOKY,20,451,49,52,4,0,nein
verhalten_m3_schwelle_h3,16,WOOKY,20,452,53,59,7,0,nein
verhalten_m3_schwelle_h3,16,WOOKY,21,384,60,67,8,1,nein
verhalten_m3_schwelle_h3,16,WOOKY,21,383,68,75,8,1,ja
verhalten_m3_schwelle_h3,16,WOOKY,21,382,76,83,8,1,nein
verhalten_m3_schwelle_h3,16,WOOKY,21,381,84,91,8,1,nein
verhalten_m3_schwelle_h3,16,WOOKY,21,380,92,134,43,1,nein
verhalten_m3_schwelle_h3,17,EDDY,21,384,105,112,8,1,nein
verhalten_m3_schwelle_h3,17,EDDY,21,383,113,120,8,1,ja
verhalten_m3_schwelle_h3,17,EDDY,21,382,121,128,8,1,nein
verhalten_m3_schwelle_h3,17,EDDY,21,381,129,136,8,1,nein
verhalten_m3_schwelle_h3,17,EDDY,21,380,137,199,63,1,nein
verhalten_m3_schwelle_h3,17,EDDY,10,-70,310,380,71,0,nein
verhalten_m3_schwelle_h3,18,WOOKY,21,432,2,149,148,1,nein
verhalten_m3_schwelle_h3,18,WOOKY,21,384,150,157,8,1,nein
verhalten_m3_schwelle_h3,18,WOOKY,21,383,158,165,8,1,ja
verhalten_m3_schwelle_h3,18,WOOKY,21,382,166,173,8,1,nein
verhalten_m3_schwelle_h3,18,WOOKY,11,379,175,181,7,1,nein
verhalten_m3_schwelle_h3,18,WOOKY,11,378,182,189,8,1,nein
verhalten_m3_schwelle_h3,18,WOOKY,11,-64,344,347,4,1,nein
verhalten_m3_schwelle_h3,18,WOOKY,11,-63,348,351,4,1,nein
verhalten_m3_schwelle_h3,18,WOOKY,11,-62,352,355,4,1,nein
verhalten_m3_schwelle_h3,18,WOOKY,11,-61,356,359,4,1,nein
verhalten_m3_schwelle_h3,18,WOOKY,11,-60,360,363,4,1,nein
verhalten_m3_schwelle_h3,18,WOOKY,11,-59,364,367,4,1,nein
verhalten_m3_schwelle_h3,18,WOOKY,11,-58,368,380,13,1,nein
verhalten_m3_schwelle_s1,16,WOOKY,20,452,190,192,3,0,nein
verhalten_m3_schwelle_s1,16,WOOKY,20,451,193,195,3,0,nein
verhalten_m3_schwelle_s1,16,WOOKY,20,450,196,198,3,0,nein
verhalten_m3_schwelle_s1,16,WOOKY,20,449,199,201,3,0,nein
verhalten_m3_schwelle_s1,16,WOOKY,20,448,202,204,3,0,nein
verhalten_m3_schwelle_s1,16,WOOKY,21,447,205,207,3,1,nein
verhalten_m3_schwelle_s1,16,WOOKY,21,446,208,210,3,1,nein
verhalten_m3_schwelle_s1,16,WOOKY,21,445,211,213,3,1,nein
verhalten_m3_schwelle_s1,16,WOOKY,21,444,214,216,3,1,nein
verhalten_m3_schwelle_s1,16,WOOKY,21,443,217,219,3,1,nein
verhalten_m3_schwelle_s1,16,WOOKY,21,442,220,222,3,1,nein
verhalten_m3_schwelle_s1,16,WOOKY,21,441,223,225,3,1,nein
verhalten_m3_schwelle_s1,16,WOOKY,21,440,226,234,9,1,nein
verhalten_m3_schwelle_s1,16,WOOKY,21,388,235,240,6,1,nein
verhalten_m3_schwelle_s1,16,WOOKY,21,387,241,246,6,1,nein
verhalten_m3_schwelle_s1,16,WOOKY,21,386,247,252,6,1,nein
verhalten_m3_schwelle_s1,16,WOOKY,21,385,253,258,6,1,nein
verhalten_m3_schwelle_s1,16,WOOKY,21,384,259,264,6,1,nein
verhalten_m3_schwelle_s1,16,WOOKY,21,383,265,270,6,1,ja
verhalten_m3_schwelle_s1,16,WOOKY,21,382,271,276,6,1,nein
verhalten_m3_schwelle_s1,16,WOOKY,21,381,277,282,6,1,nein
verhalten_m3_schwelle_s1,16,WOOKY,21,380,283,288,6,1,nein
verhalten_m3_schwelle_s1,16,WOOKY,21,379,289,294,6,1,nein
verhalten_m3_schwelle_s1,16,WOOKY,21,378,295,331,37,1,nein
verhalten_m3_schwelle_s1,17,EDDY,20,452,5,7,3,0,nein
verhalten_m3_schwelle_s1,17,EDDY,20,451,8,10,3,0,nein
verhalten_m3_schwelle_s1,17,EDDY,20,450,11,13,3,0,nein
verhalten_m3_schwelle_s1,17,EDDY,20,449,14,16,3,0,nein
verhalten_m3_schwelle_s1,17,EDDY,20,448,17,19,3,0,nein
verhalten_m3_schwelle_s1,17,EDDY,21,447,20,22,3,1,nein
verhalten_m3_schwelle_s1,17,EDDY,21,446,23,25,3,1,nein
verhalten_m3_schwelle_s1,17,EDDY,21,445,26,28,3,1,nein
verhalten_m3_schwelle_s1,17,EDDY,21,444,29,31,3,1,nein
verhalten_m3_schwelle_s1,17,EDDY,21,443,32,34,3,1,nein
verhalten_m3_schwelle_s1,17,EDDY,21,442,35,37,3,1,nein
verhalten_m3_schwelle_s1,17,EDDY,21,441,38,40,3,1,nein
verhalten_m3_schwelle_s1,17,EDDY,21,440,41,119,79,1,nein
verhalten_m3_schwelle_s1,17,EDDY,21,388,120,125,6,1,nein
verhalten_m3_schwelle_s1,17,EDDY,21,387,126,131,6,1,nein
verhalten_m3_schwelle_s1,17,EDDY,21,386,132,137,6,1,nein
verhalten_m3_schwelle_s1,17,EDDY,21,385,138,143,6,1,nein
verhalten_m3_schwelle_s1,17,EDDY,21,384,144,149,6,1,nein
verhalten_m3_schwelle_s1,17,EDDY,21,383,150,155,6,1,ja
verhalten_m3_schwelle_s1,17,EDDY,21,382,156,161,6,1,nein
verhalten_m3_schwelle_s1,17,EDDY,21,381,162,167,6,1,nein
verhalten_m3_schwelle_s1,17,EDDY,21,380,168,173,6,1,nein
verhalten_m3_schwelle_s1,17,EDDY,21,379,174,179,6,1,nein
verhalten_m3_schwelle_s1,17,EDDY,21,378,180,236,57,1,nein
verhalten_m3_schwelle_s1,18,WOOKY,21,432,2,49,48,1,nein
verhalten_m3_schwelle_s1,18,WOOKY,21,388,50,55,6,1,nein
verhalten_m3_schwelle_s1,18,WOOKY,21,387,56,61,6,1,nein
verhalten_m3_schwelle_s1,18,WOOKY,21,386,62,67,6,1,nein
verhalten_m3_schwelle_s1,18,WOOKY,21,385,68,73,6,1,nein
verhalten_m3_schwelle_s1,18,WOOKY,21,384,74,79,6,1,nein
verhalten_m3_schwelle_s1,18,WOOKY,21,383,80,85,6,1,ja
verhalten_m3_schwelle_s1,18,WOOKY,21,382,86,91,6,1,nein
verhalten_m3_schwelle_s1,18,WOOKY,21,381,92,96,5,1,nein
verhalten_m3_schwelle_s1,18,WOOKY,11,378,98,103,6,1,nein
verhalten_m3_schwelle_s1,18,WOOKY,11,377,104,109,6,1,nein
verhalten_m3_schwelle_s1,18,WOOKY,11,376,110,115,6,1,nein
verhalten_m3_schwelle_s1,18,WOOKY,11,-58,330,332,3,1,nein
verhalten_m3_schwelle_s1,18,WOOKY,11,-59,333,335,3,1,nein
verhalten_m3_schwelle_s1,18,WOOKY,11,-60,336,338,3,1,nein
verhalten_m3_schwelle_s1,18,WOOKY,11,-61,339,341,3,1,nein
verhalten_m3_schwelle_s1,18,WOOKY,11,-62,342,344,3,1,nein
verhalten_m3_schwelle_s1,18,WOOKY,11,-63,345,347,3,1,nein
verhalten_m3_schwelle_s1,18,WOOKY,11,-64,348,350,3,1,nein
verhalten_m3_schwelle_s1,18,WOOKY,10,-65,351,353,3,0,nein
verhalten_m3_schwelle_s1,18,WOOKY,10,-66,354,356,3,0,nein
verhalten_m3_schwelle_s1,18,WOOKY,10,-67,357,359,3,0,nein
verhalten_m3_schwelle_s1,18,WOOKY,10,-68,360,362,3,0,nein
verhalten_m3_schwelle_s1,18,WOOKY,10,-69,363,365,3,0,nein
verhalten_m3_schwelle_s1,18,WOOKY,10,-70,366,368,3,0,nein
verhalten_m3_schwelle_s1,18,WOOKY,10,-69,369,371,3,0,nein
verhalten_m3_schwelle_s1,18,WOOKY,10,-68,372,374,3,0,nein
verhalten_m3_schwelle_s1,18,WOOKY,10,-67,375,377,3,0,nein
verhalten_m3_schwelle_s1,18,WOOKY,10,-66,378,380,3,0,nein
verhalten_m3_schwelle_s1,18,WOOKY,10,-65,381,383,3,0,nein
verhalten_m3_schwelle_s1,18,WOOKY,11,-64,384,386,3,1,nein
verhalten_m3_schwelle_s1,18,WOOKY,11,-63,387,389,3,1,nein
verhalten_m3_schwelle_s1,18,WOOKY,11,-62,390,392,3,1,nein
verhalten_m3_schwelle_s1,18,WOOKY,11,-61,393,395,3,1,nein
verhalten_m3_schwelle_s1,18,WOOKY,11,-60,396,398,3,1,nein
verhalten_m3_schwelle_s1,18,WOOKY,11,-59,399,401,3,1,nein
verhalten_m3_schwelle_s1,18,WOOKY,11,-58,402,406,5,1,nein
# messen_verhalten.py aktivierung (m3_natur_h0, m3_p_*, m3_c_*; ohne 'belegt')
lauf,frame,slot,typ,max_lp,ereignis,status,modus,x,x_minus_camx_vorher,x_minus_camx,camx,dx,dz,figur_x,rang
verhalten_m3_natur_h0,210,18,WOOKY,16,weckreiz,21,0xe,688,383,382,306,182,54,506,9
verhalten_m3_natur_h0,226,18,WOOKY,16,st 2->1,11,0x0,688,363,362,326,162,54,526,9
verhalten_m3_natur_h0,313,17,EDDY,30,s5 0->1,21,0xa,880,447,445,435,245,70,635,9
verhalten_m3_natur_h0,364,17,EDDY,30,weckreiz,21,0xa,880,383,382,498,182,70,698,9
verhalten_m3_natur_h0,377,16,WOOKY,16,s5 0->1,21,0xa,960,447,445,515,245,86,715,9
verhalten_m3_natur_h0,428,16,WOOKY,16,weckreiz,21,0xa,960,383,382,578,182,86,778,10
verhalten_m3_natur_h0,433,17,EDDY,30,st 2->1,11,0xa,880,297,295,585,95,70,785,10
verhalten_m3_natur_h0,477,16,WOOKY,16,st 2->1,11,0xa,960,322,320,640,120,86,840,10
verhalten_m3_natur_h0,540,18,WOOKY,16,s5 1->0,10,0x2,652,-65,-66,718,-266,17,918,10
verhalten_m3_natur_h0,589,18,WOOKY,16,s5 0->1,11,0x0,682,-66,-63,745,-263,17,945,10
verhalten_m3_natur_h0,1143,15,WOOKY,26,s5 0->1,21,0xc,1152,321,318,834,118,24,1034,11
verhalten_m3_natur_h0,1173,14,WOOKY,26,s5 0->1,21,0xc,1152,304,304,848,72,24,1080,11
verhalten_m3_p_h0,168,18,WOOKY,16,weckreiz,21,0xe,688,383,381,307,181,16,507,9
verhalten_m3_p_h0,184,18,WOOKY,16,st 2->1,11,0x0,688,355,353,335,153,16,535,9
verhalten_m3_p_h0,620,17,EDDY,30,s5 0->1,21,0xa,880,446,444,436,244,32,636,10
verhalten_m3_p_h0,642,17,EDDY,30,weckreiz,21,0xa,880,383,380,500,180,32,700,10
verhalten_m3_p_h0,711,17,EDDY,30,st 2->1,11,0xa,880,380,380,500,180,32,700,10
verhalten_m3_p_h0,924,16,WOOKY,16,s5 0->1,21,0xa,960,446,443,517,243,48,717,10
verhalten_m3_p_h0,946,16,WOOKY,16,weckreiz,21,0xa,960,383,380,580,180,48,780,10
verhalten_m3_p_h0,995,16,WOOKY,16,st 2->1,11,0xa,960,322,322,638,122,48,838,10
verhalten_m3_p_h0,2147,15,WOOKY,26,s5 0->1,21,0xc,1152,322,319,833,119,-14,1033,12
verhalten_m3_p_h0,2177,14,WOOKY,26,s5 0->1,21,0xc,1152,304,304,848,44,-14,1108,12
verhalten_m3_p_h0,2654,18,WOOKY,16,s5 1->0,10,0x0,1297,447,449,848,89,-8,1208,13
verhalten_m3_p_h0,2718,15,WOOKY,26,s5 1->0,10,0x0,1296,446,448,848,88,13,1208,13
verhalten_m3_p_h0,2746,15,WOOKY,26,s5 0->1,11,0x6,1294,448,446,848,86,13,1208,13
verhalten_m3_p_h0,2837,18,WOOKY,16,s5 0->1,11,0x6,1295,449,447,848,87,-12,1208,14
verhalten_m3_p_h0,2883,17,EDDY,30,s5 1->0,10,0x0,1296,447,448,848,88,0,1208,14
verhalten_m3_p_h0,2910,15,WOOKY,26,s5 1->0,10,0x0,1296,446,448,848,88,2,1208,14
verhalten_m3_p_h0,2914,17,EDDY,30,s5 0->1,11,0x0,1295,450,447,848,87,18,1208,14
verhalten_m3_p_h0,2941,15,WOOKY,26,s5 0->1,11,0x6,1295,450,447,848,87,0,1208,14
verhalten_m3_p_h0,3009,16,WOOKY,16,s5 1->0,10,0x0,1298,447,450,848,90,-1,1208,14
verhalten_m3_p_h0,3096,18,WOOKY,16,s5 1->0,10,0x0,1296,446,448,848,88,-25,1208,14
verhalten_m3_p_h0,3143,18,WOOKY,16,s5 0->1,11,0x6,1294,448,446,848,86,-3,1208,14
verhalten_m3_p_h0,3715,16,WOOKY,16,s5 0->1,11,0x0,1294,449,446,848,222,-25,1072,15
verhalten_m3_p_h0,4499,16,WOOKY,16,s5 1->0,10,0x0,783,-63,-65,848,-89,18,872,16
verhalten_m3_p_h0,4511,17,EDDY,30,s5 1->0,10,0x0,783,-63,-65,848,-89,6,872,16
verhalten_m3_p_h0,4541,14,WOOKY,26,s5 1->0,10,0x0,783,-63,-65,848,-89,3,872,16
verhalten_m3_p_h0,4628,16,WOOKY,16,s5 0->1,11,0x0,784,-66,-64,848,-88,43,872,17
verhalten_m3_p_h0,4628,17,EDDY,30,s5 0->1,11,0x6,785,-65,-63,848,-87,-11,872,17
verhalten_m3_p_h0,4727,14,WOOKY,26,s5 0->1,11,0x0,785,-65,-63,848,-222,-19,1007,17
verhalten_m3_p_h3,168,18,WOOKY,16,weckreiz,21,0xe,688,383,381,307,181,16,507,9
verhalten_m3_p_h3,184,18,WOOKY,16,st 2->1,11,0x0,688,355,353,335,153,16,535,9
verhalten_m3_p_h3,241,17,EDDY,30,s5 0->1,21,0xa,880,447,445,435,245,32,635,9
verhalten_m3_p_h3,278,17,EDDY,30,weckreiz,21,0xa,880,382,381,499,181,32,699,9
verhalten_m3_p_h3,287,16,WOOKY,16,s5 0->1,21,0xa,960,447,445,515,245,48,715,9
verhalten_m3_p_h3,324,16,WOOKY,16,weckreiz,21,0xa,960,382,380,580,180,48,780,9
verhalten_m3_p_h3,347,17,EDDY,30,st 2->1,11,0xa,880,288,288,592,88,32,792,9
verhalten_m3_p_h3,373,16,WOOKY,16,st 2->1,11,0xa,960,368,368,592,168,48,792,9
verhalten_m3_p_h3,1270,17,EDDY,30,s5 1->0,10,0x0,661,-64,-66,727,-128,-11,789,11
verhalten_m3_p_h3,1295,17,EDDY,30,s5 0->1,11,0x0,663,-66,-64,727,-126,-33,789,11
verhalten_m3_p_h3,1319,16,WOOKY,16,s5 1->0,10,0x0,662,-64,-65,727,-127,-30,789,11
verhalten_m3_p_h3,1328,16,WOOKY,16,s5 0->1,11,0x0,663,-65,-64,727,-126,-40,789,11
verhalten_m3_p_h3,1334,17,EDDY,30,s5 1->0,10,0x0,661,-64,-66,727,-128,-11,789,11
verhalten_m3_p_h3,1359,17,EDDY,30,s5 0->1,11,0x0,663,-66,-64,727,-126,-33,789,11
verhalten_m3_p_h3,1398,17,EDDY,30,s5 1->0,10,0x0,661,-64,-66,727,-128,-11,789,11
verhalten_m3_p_h3,1544,17,EDDY,30,s5 0->1,11,0x0,663,-66,-64,727,-88,-33,751,11
verhalten_m3_p_h3,1747,18,WOOKY,16,s5 1->0,10,0x0,661,-64,-66,727,-90,18,751,12
verhalten_m3_p_h3,1972,18,WOOKY,16,s5 0->1,11,0x6,664,-65,-63,727,-87,13,751,12
verhalten_m3_p_h3,3128,18,WOOKY,16,s5 1->0,10,0x0,662,-62,-65,727,-89,-20,751,14
verhalten_m3_p_h3,3155,18,WOOKY,16,s5 0->1,11,0x0,665,-65,-62,727,-86,2,751,14
verhalten_m3_p_h3,3744,18,WOOKY,16,s5 1->0,10,0x0,660,-64,-67,727,-91,23,751,15
verhalten_m3_p_h3,3908,18,WOOKY,16,s5 0->1,11,0x0,663,-67,-64,727,-223,1,886,15
verhalten_m3_p_h3,4706,15,WOOKY,30,s5 0->1,21,0xc,1152,331,331,821,131,-14,1021,17
verhalten_m3_p_h3,4736,14,WOOKY,30,s5 0->1,21,0xc,1152,331,331,821,131,-14,1021,17
verhalten_m3_c_h0,168,18,WOOKY,16,weckreiz,21,0xe,688,383,381,307,181,16,507,9
verhalten_m3_c_h0,184,18,WOOKY,16,st 2->1,11,0x0,688,355,353,335,153,16,535,9
verhalten_m3_c_h0,241,17,EDDY,30,s5 0->1,21,0xa,880,447,445,435,245,32,635,9
verhalten_m3_c_h0,278,17,EDDY,30,weckreiz,21,0xa,880,382,381,499,181,32,699,9
verhalten_m3_c_h0,287,16,WOOKY,16,s5 0->1,21,0xa,960,447,445,515,245,48,715,9
verhalten_m3_c_h0,324,16,WOOKY,16,weckreiz,21,0xa,960,382,380,580,180,48,780,9
verhalten_m3_c_h0,347,17,EDDY,30,st 2->1,11,0xa,880,262,260,620,60,32,820,9
verhalten_m3_c_h0,373,16,WOOKY,16,st 2->1,11,0xa,960,296,294,666,94,48,866,9
verhalten_m3_c_h0,461,15,WOOKY,24,s5 0->1,21,0xc,1152,334,332,820,132,-14,1020,10
verhalten_m3_c_h0,491,14,WOOKY,24,s5 0->1,21,0xc,1152,304,304,848,80,-14,1072,10
verhalten_m3_c_h0,1465,17,EDDY,30,s5 1->0,10,0x0,1297,447,449,848,89,0,1208,11
verhalten_m3_c_h0,1510,18,WOOKY,16,s5 1->0,10,0x0,1296,447,448,848,88,4,1208,11
verhalten_m3_c_h0,1630,17,EDDY,30,s5 0->1,11,0x0,1294,448,446,848,86,-36,1208,12
verhalten_m3_c_h0,1973,18,WOOKY,16,s5 0->1,11,0x0,1295,449,447,848,87,19,1208,12
verhalten_m3_c_h0,1994,18,WOOKY,16,s5 1->0,10,0x0,1297,447,449,848,89,-1,1208,12
verhalten_m3_c_h0,2107,18,WOOKY,16,s5 0->1,11,0x6,1294,448,446,848,86,-12,1208,12
verhalten_m3_c_h0,2429,18,WOOKY,16,s5 1->0,10,0x0,1297,447,449,848,89,13,1208,13
verhalten_m3_c_h0,2630,17,EDDY,30,s5 1->0,10,0x6,1297,446,449,848,89,-10,1208,13
verhalten_m3_c_h0,2660,17,EDDY,30,s5 0->1,11,0x0,1295,450,447,848,87,-9,1208,13
verhalten_m3_c_h0,2834,15,WOOKY,24,s5 1->0,10,0x0,1297,446,449,848,89,17,1208,14
verhalten_m3_c_h0,3060,18,WOOKY,16,s5 0->1,11,0x0,1294,448,446,848,86,19,1208,14
verhalten_m3_c_h0,3133,15,WOOKY,24,s5 0->1,11,0x0,1295,450,447,848,87,-20,1208,14
verhalten_m3_c_h0,3190,14,WOOKY,24,s5 1->0,10,0x0,1297,447,449,848,89,-1,1208,14
verhalten_m3_c_h0,3198,16,WOOKY,16,s5 1->0,10,0x0,1296,446,448,848,88,-17,1208,14
verhalten_m3_c_h0,3354,14,WOOKY,24,s5 0->1,11,0x0,1295,449,447,848,87,21,1208,14
verhalten_m3_c_h0,3613,16,WOOKY,16,s5 0->1,11,0x0,1294,448,446,848,86,-43,1208,15
verhalten_m3_c_h0,5071,16,WOOKY,16,s5 1->0,10,0x0,1296,446,448,848,88,-5,1208,17
verhalten_m3_c_h0,5226,14,WOOKY,24,s5 1->0,10,0x0,1297,447,449,848,89,12,1208,18
verhalten_m3_c_h0,5253,14,WOOKY,24,s5 0->1,11,0x6,1295,449,447,848,87,13,1208,18
verhalten_m3_c_h0,5324,14,WOOKY,24,s5 1->0,10,0x0,1297,447,449,848,176,-12,1121,18
verhalten_m3_c_h0,5335,14,WOOKY,24,s5 0->1,11,0x0,1295,449,447,848,205,0,1090,18
verhalten_m3_c_h0,5404,16,WOOKY,16,s5 0->1,11,0x0,1295,449,447,848,223,4,1072,18
verhalten_m3_c_h0,5607,14,WOOKY,24,s5 1->0,10,0x0,1297,446,449,848,89,-22,1208,18
verhalten_m3_c_h0,5631,14,WOOKY,24,s5 0->1,11,0x0,1294,448,446,848,86,-24,1208,18
verhalten_m3_c_h0,5649,16,WOOKY,16,s5 1->0,10,0x0,1298,447,450,848,90,-27,1208,18
verhalten_m3_c_h0,5951,15,WOOKY,24,s5 1->0,10,0x0,1297,447,449,848,89,-11,1208,19
verhalten_m3_c_h0,5971,16,WOOKY,16,s5 0->1,11,0x0,1295,449,447,848,87,19,1208,19
verhalten_m3_c_h0,5987,18,WOOKY,16,s5 1->0,10,0x0,1297,446,449,848,89,0,1208,19
verhalten_m3_c_h0,5992,16,WOOKY,16,s5 1->0,10,0x0,1297,447,449,848,89,-1,1208,19
verhalten_m3_c_h0,5995,14,WOOKY,24,s5 1->0,10,0x0,1297,447,449,848,89,-18,1208,19
verhalten_m3_c_s1,109,18,WOOKY,16,weckreiz,21,0xe,688,383,381,307,181,16,507,7
verhalten_m3_c_s1,125,18,WOOKY,16,st 2->1,11,0x0,688,355,353,335,153,16,535,7
verhalten_m3_c_s1,182,17,EDDY,30,s5 0->1,21,0xa,880,447,445,435,245,32,635,7
verhalten_m3_c_s1,219,17,EDDY,30,weckreiz,21,0xa,880,382,381,499,181,32,699,8
verhalten_m3_c_s1,228,16,WOOKY,16,s5 0->1,21,0xa,960,447,445,515,245,48,715,8
verhalten_m3_c_s1,265,16,WOOKY,16,weckreiz,21,0xa,960,382,380,580,180,48,780,8
verhalten_m3_c_s1,288,17,EDDY,30,st 2->1,11,0xa,880,262,260,620,60,32,820,8
verhalten_m3_c_s1,314,16,WOOKY,16,st 2->1,11,0xa,960,317,317,643,117,61,843,8
verhalten_m3_c_s1,432,15,WOOKY,24,s5 0->1,21,0xc,1152,334,332,820,132,16,1020,8
verhalten_m3_c_s1,462,14,WOOKY,24,s5 0->1,21,0xc,1152,304,304,848,80,16,1072,8
verhalten_m3_c_s1,685,14,WOOKY,24,s5 1->0,10,0x0,1296,446,448,848,88,21,1208,8
verhalten_m3_c_s1,711,14,WOOKY,24,s5 0->1,11,0x6,1294,448,446,848,86,14,1208,8
verhalten_m3_c_s1,871,15,WOOKY,24,s5 1->0,10,0x0,1297,447,449,848,89,13,1208,9
verhalten_m3_c_s1,964,14,WOOKY,24,s5 1->0,10,0x0,1296,447,448,848,88,-11,1208,9
verhalten_m3_c_s1,976,17,EDDY,30,s5 1->0,10,0x0,1296,446,448,848,88,-3,1208,9
verhalten_m3_c_s1,995,17,EDDY,30,s5 0->1,11,0x0,1294,448,446,848,86,-22,1208,9
verhalten_m3_c_s1,1148,14,WOOKY,24,s5 0->1,11,0x6,1294,448,446,848,86,13,1208,9
verhalten_m3_c_s1,1199,14,WOOKY,24,s5 1->0,10,0x0,1297,447,449,848,89,-14,1208,9
verhalten_m3_c_s1,1201,17,EDDY,30,s5 1->0,10,0x0,1296,446,448,848,88,0,1208,9
verhalten_m3_c_s1,1299,16,WOOKY,16,s5 1->0,10,0x0,1297,446,449,848,89,-22,1208,9
verhalten_m3_c_s1,1303,15,WOOKY,24,s5 0->1,11,0x6,1294,448,446,848,86,10,1208,9
verhalten_m3_c_s1,1375,16,WOOKY,16,s5 0->1,11,0x6,1294,448,446,848,86,10,1208,9
verhalten_m3_c_s1,1434,14,WOOKY,24,s5 0->1,11,0x6,1295,450,447,848,87,-3,1208,10
verhalten_m3_c_s1,1487,17,EDDY,30,s5 0->1,11,0x6,1295,449,447,848,87,-14,1208,10
verhalten_m3_c_s1,1593,16,WOOKY,16,s5 1->0,10,0x0,1297,447,449,848,89,2,1208,10
verhalten_m3_c_s1,1699,15,WOOKY,24,s5 1->0,10,0x0,1296,447,448,848,88,-14,1208,10
verhalten_m3_c_s1,1800,18,WOOKY,16,s5 1->0,10,0x0,1297,447,449,848,89,-18,1208,10
verhalten_m3_c_s1,1956,18,WOOKY,16,s5 0->1,11,0x0,1293,448,445,848,85,-42,1208,10
verhalten_m3_c_s1,2193,16,WOOKY,16,s5 0->1,11,0x6,1295,449,447,848,87,-2,1208,11
verhalten_m3_c_s1,2202,15,WOOKY,24,s5 0->1,11,0x6,1294,448,446,848,86,2,1208,11
verhalten_m3_c_s1,2220,14,WOOKY,24,s5 1->0,10,0x0,1297,447,449,848,89,-13,1208,11
verhalten_m3_c_s1,2434,14,WOOKY,24,s5 0->1,11,0x0,1293,448,445,848,221,-25,1072,11
verhalten_m3_c_s1,3141,14,WOOKY,24,s5 1->0,10,0x0,782,-64,-66,848,-90,19,872,12
verhalten_m3_c_s1,3215,17,EDDY,30,s5 1->0,10,0x0,782,-64,-66,848,-90,13,872,13
verhalten_m3_c_s1,3218,14,WOOKY,24,s5 0->1,11,0x6,785,-65,-63,848,-87,14,872,13
verhalten_m3_c_s1,3414,17,EDDY,30,s5 0->1,11,0x0,785,-65,-63,848,-190,-12,975,13
verhalten_m3_c_s1,3749,18,WOOKY,16,s5 1->0,10,0x0,782,-64,-66,848,-90,18,872,13
verhalten_m3_c_s1,3950,17,EDDY,30,s5 1->0,10,0x0,782,-64,-66,848,-90,15,872,14
verhalten_m3_c_s1,4137,16,WOOKY,16,s5 1->0,10,0x0,782,-64,-66,848,-90,-12,872,14
verhalten_m3_c_s1,4146,17,EDDY,30,s5 0->1,11,0x0,785,-65,-63,848,-87,-12,872,14
verhalten_m3_c_s1,4183,18,WOOKY,16,s5 0->1,11,0x0,785,-65,-63,848,-87,-12,872,14
verhalten_m3_c_s1,4312,16,WOOKY,16,s5 0->1,11,0x0,785,-65,-63,848,-87,-12,872,14
verhalten_m3_c_s1,4383,17,EDDY,30,s5 1->0,10,0x6,782,-63,-66,848,-90,-10,872,14
verhalten_m3_c_s1,4411,17,EDDY,30,s5 0->1,11,0x0,785,-66,-63,848,-87,-10,872,15
verhalten_m3_c_s1,4426,15,WOOKY,24,s5 1->0,10,0x0,783,-63,-65,848,-89,-12,872,15
verhalten_m3_c_s1,4571,15,WOOKY,24,s5 0->1,11,0x0,785,-65,-63,848,-87,-12,872,15
verhalten_m3_c_s1,4838,16,WOOKY,16,s5 1->0,10,0x0,783,-63,-65,848,-89,-6,872,15
verhalten_m3_c_s1,4932,16,WOOKY,16,s5 0->1,11,0x0,785,-65,-63,848,-87,-12,872,15
verhalten_m3_c_s1,5182,14,WOOKY,24,s5 1->0,10,0x0,783,-63,-65,848,-89,1,872,16
verhalten_m3_c_s1,5185,15,WOOKY,24,s5 1->0,10,0x0,783,-64,-65,848,-89,-12,872,16
verhalten_m3_c_s1,5234,15,WOOKY,24,s5 0->1,11,0x0,785,-66,-63,848,-87,-12,872,16
verhalten_m3_c_s1,5421,18,WOOKY,16,s5 1->0,10,0x0,782,-64,-66,848,-90,-3,872,16
verhalten_m3_c_s1,5576,15,WOOKY,24,s5 1->0,10,0x0,783,-63,-65,848,-89,15,872,16
verhalten_m3_c_s1,5587,15,WOOKY,24,s5 0->1,11,0x0,785,-65,-63,848,-87,3,872,16
verhalten_m3_c_s1,5654,14,WOOKY,24,s5 0->1,11,0x6,785,-65,-63,848,-87,2,872,17
verhalten_m3_c_s1,5847,16,WOOKY,16,s5 1->0,10,0x0,783,-63,-65,848,-89,-12,872,17
verhalten_m3_c_s1,5854,18,WOOKY,16,s5 0->1,11,0x0,784,-66,-64,848,-88,-12,872,17
verhalten_m3_c_s1,5902,15,WOOKY,24,s5 1->0,10,0x0,782,-64,-66,848,-90,9,872,17
# Zusammenfassung dritte Messung, Figur passiv (m3_p_*, m3_e_*, m3_w_*, m3_c_*)
bereich,typ,groesse,statistik,laeufe
aktivierung,EDDY,s5_0_1 x-kamera (links),n=10 min=-64 med=-63 max=-63,5
aktivierung,EDDY,s5_0_1 x-kamera (rechts),n=9 min=444 med=446 max=447,4
aktivierung,EDDY,s5_0_1 x-kamera vorher (links),n=10 min=-66 med=-66 max=-65,5
aktivierung,EDDY,s5_0_1 x-kamera vorher (rechts),n=9 min=446 med=448 max=450,4
aktivierung,EDDY,s5_1_0 x-kamera (links),n=10 min=-67 med=-66 max=-65,5
aktivierung,EDDY,s5_1_0 x-kamera (rechts),n=5 min=448 med=448 max=449,3
aktivierung,EDDY,s5_1_0 x-kamera vorher (links),n=10 min=-64 med=-64 max=-63,5
aktivierung,EDDY,s5_1_0 x-kamera vorher (rechts),n=5 min=446 med=446 max=447,3
aktivierung,EDDY,weckreiz absdx (hockend),n=4 min=180 med=181 max=181,4
aktivierung,EDDY,weckreiz x-kamera (hockend),n=4 min=380 med=381 max=381,4
aktivierung,EDDY,weckreiz_bis_aufgestanden (hockend),n=4 min=69 med=69 max=69,4
aktivierung,WOOKY,gully belegt kamera_x,n=12 min=804 med=819.5 max=848,6
aktivierung,WOOKY,s5_0_1 x-kamera (links),n=20 min=-64 med=-63 max=-62,6
aktivierung,WOOKY,s5_0_1 x-kamera (rechts),n=41 min=304 med=446 max=447,6
aktivierung,WOOKY,s5_0_1 x-kamera vorher (links),n=20 min=-67 med=-65 max=-65,6
aktivierung,WOOKY,s5_0_1 x-kamera vorher (rechts),n=41 min=304 med=448 max=450,6
aktivierung,WOOKY,s5_1_0 x-kamera (links),n=22 min=-67 med=-65 max=-65,6
aktivierung,WOOKY,s5_1_0 x-kamera (rechts),n=29 min=448 med=449 max=450,3
aktivierung,WOOKY,s5_1_0 x-kamera vorher (links),n=22 min=-64 med=-63 max=-62,6
aktivierung,WOOKY,s5_1_0 x-kamera vorher (rechts),n=29 min=446 med=447 max=447,3
aktivierung,WOOKY,weckreiz absdx (hockend),n=6 min=180 med=180 max=180,6
aktivierung,WOOKY,weckreiz absdx (versteckt),n=4 min=181 med=181 max=181,4
aktivierung,WOOKY,weckreiz x-kamera (hockend),n=6 min=380 med=380 max=380,6
aktivierung,WOOKY,weckreiz x-kamera (versteckt),n=4 min=381 med=381 max=381,4
aktivierung,WOOKY,weckreiz_bis_aufgestanden (hockend),n=6 min=49 med=49 max=49,6
aktivierung,WOOKY,weckreiz_bis_aufgestanden (versteckt),n=4 min=16 med=16 max=16,4
angriff,EDDY,E-A aktive_frames,n=34 min=2 med=12 max=12,6
angriff,EDDY,E-A attr,n=34 0x400c:34,6
angriff,EDDY,E-A bis_aktiv,n=34 min=9 med=9 max=9,6
angriff,EDDY,E-B aktive_frames,n=11 min=5 med=12 max=12,4
angriff,EDDY,E-B attr,n=11 0x4c0c:11,4
angriff,EDDY,E-B bis_aktiv,n=11 min=9 med=9 max=9,4
angriff,EDDY,E-C aktive_frames,n=37 min=5 med=15 max=15,6
angriff,EDDY,E-C attr,n=37 0x440c:37,6
angriff,EDDY,E-C bis_aktiv,n=37 min=10 med=10 max=10,6
angriff,EDDY,E-D aktive_frames,n=22 min=37 med=40.5 max=44,6
angriff,EDDY,E-D attr,n=22 0x4c0c:22,6
angriff,EDDY,E-D bis_aktiv,n=22 min=9 med=9 max=9,6
angriff,EDDY,art,n=104 E-C:37 E-A:34 E-D:22 E-B:11,6
angriff,WOOKY,W-A aktive_frames,n=175 min=5 med=12 max=19,7
angriff,WOOKY,W-A attr,n=175 0x400c:175,7
angriff,WOOKY,W-A bis_aktiv,n=175 min=9 med=9 max=9,7
angriff,WOOKY,W-B aktive_frames,n=43 min=5 med=8 max=11,7
angriff,WOOKY,W-B attr,n=43 0x4c0c:43,7
angriff,WOOKY,W-B bis_aktiv,n=43 min=9 med=9 max=9,7
angriff,WOOKY,W-C aktive_frames,n=114 min=10 med=17 max=17,7
angriff,WOOKY,W-C attr,n=114 0x440c:114,7
angriff,WOOKY,W-C bis_aktiv,n=114 min=4 med=4 max=4,7
angriff,WOOKY,W-D aktive_frames,n=48 min=8 med=8 max=16,7
angriff,WOOKY,W-D attr,n=48 0x4c0c:48,7
angriff,WOOKY,W-D bis_aktiv,n=48 min=8 med=8 max=8,7
angriff,WOOKY,W-E aktive_frames,n=5 min=8 med=15 max=15,4
angriff,WOOKY,W-E attr,n=5 0x440c:5,4
angriff,WOOKY,W-E bis_aktiv,n=5 min=10 med=10 max=10,4
angriff,WOOKY,art,n=405 W-A:190 W-C:115 W-D:50 W-B:45 W-E:5,7
gehen,EDDY,stufe je frame (figur geschuetzt),n=2757 1,75:1755 2,25:911 andere:91,6
gehen,EDDY,stufe je frame (figur liegt),n=4132 1,75:2630 2,25:1447 andere:55,6
gehen,EDDY,stufe je frame (figur steht),n=4499 1,75:3186 2,25:1193 andere:120,6
gehen,EDDY,stufe je frame (x-halbachse),n=11388 1,75:7571 2,25:3551 andere:266,6
gehen,EDDY,stufe je frame rang 10,n=665 1,75:583 2,25:71 andere:11,6
gehen,EDDY,stufe je frame rang 11,n=973 1,75:566 2,25:391 andere:16,6
gehen,EDDY,stufe je frame rang 12,n=1181 1,75:816 2,25:362 andere:3,6
gehen,EDDY,stufe je frame rang 13,n=1568 1,75:792 2,25:765 andere:11,6
gehen,EDDY,stufe je frame rang 14,n=1302 1,75:695 2,25:597 andere:10,6
gehen,EDDY,stufe je frame rang 15,n=1423 1,75:863 2,25:552 andere:8,6
gehen,EDDY,stufe je frame rang 16,n=791 1,75:615 2,25:160 andere:16,6
gehen,EDDY,stufe je frame rang 17,n=1229 1,75:831 2,25:286 andere:112,6
gehen,EDDY,stufe je frame rang 18,n=796 1,75:673 2,25:103 andere:20,3
gehen,EDDY,stufe je frame rang 19,n=519 1,75:480 2,25:28 andere:11,3
gehen,EDDY,stufe je frame rang 20,n=458 1,75:354 2,25:59 andere:45,2
gehen,EDDY,stufe je frame rang 8,n=263 1,75:216 2,25:45 andere:2,1
gehen,EDDY,stufe je frame rang 9,n=220 2,25:132 1,75:87 andere:1,3
gehen,WOOKY,stufe je frame (figur geschuetzt),n=5319 1,75:3079 2,25:1966 andere:274,7
gehen,WOOKY,stufe je frame (figur liegt),n=12591 1,75:9314 2,25:2893 andere:384,7
gehen,WOOKY,stufe je frame (figur steht),n=10572 1,75:5753 2,25:4538 andere:281,7
gehen,WOOKY,stufe je frame (x-halbachse),n=28482 1,75:18146 2,25:9397 andere:939,7
gehen,WOOKY,stufe je frame rang 10,n=1749 1,75:1208 2,25:536 andere:5,5
gehen,WOOKY,stufe je frame rang 11,n=2416 1,75:1301 2,25:1090 andere:25,5
gehen,WOOKY,stufe je frame rang 12,n=1872 1,75:1081 2,25:764 andere:27,6
gehen,WOOKY,stufe je frame rang 13,n=2867 1,75:2126 2,25:643 andere:98,6
gehen,WOOKY,stufe je frame rang 14,n=2171 2,25:1236 1,75:867 andere:68,6
gehen,WOOKY,stufe je frame rang 15,n=3529 1,75:2292 2,25:1058 andere:179,6
gehen,WOOKY,stufe je frame rang 16,n=3467 1,75:2333 2,25:972 andere:162,6
gehen,WOOKY,stufe je frame rang 17,n=3225 1,75:2116 2,25:1048 andere:61,7
gehen,WOOKY,stufe je frame rang 18,n=2301 1,75:1370 2,25:838 andere:93,4
gehen,WOOKY,stufe je frame rang 19,n=1509 1,75:1296 2,25:148 andere:65,3
gehen,WOOKY,stufe je frame rang 20,n=1288 1,75:931 2,25:269 andere:88,2
gehen,WOOKY,stufe je frame rang 7,n=83 1,75:76 2,25:6 andere:1,1
gehen,WOOKY,stufe je frame rang 8,n=812 1,75:479 2,25:273 andere:60,1
gehen,WOOKY,stufe je frame rang 9,n=1193 1,75:670 2,25:516 andere:7,5
nach_umwerfen,EDDY,erster_zustand,n=17 gehen:zurueckweichen:10 gehen:seitenwechsel:4 gehen:annaehern:2 gehen:seitlich:1,6
nach_umwerfen,WOOKY,erster_zustand,n=64 gehen:zurueckweichen:33 gehen:seitenwechsel:18 gehen:seitlich:8 gehen:annaehern:5,7
pause,EDDY,kampfhaltung_vor_angriff rang 08,n=2 min=21 med=21 max=21,1
pause,EDDY,kampfhaltung_vor_angriff rang 09,n=2 min=21 med=21 max=21,1
pause,EDDY,kampfhaltung_vor_angriff rang 10,n=6 min=21 med=21 max=21,2
pause,EDDY,kampfhaltung_vor_angriff rang 11,n=13 min=21 med=21 max=22,4
pause,EDDY,kampfhaltung_vor_angriff rang 12,n=17 min=17 med=17 max=18,6
pause,EDDY,kampfhaltung_vor_angriff rang 13,n=7 min=17 med=17 max=17,5
pause,EDDY,kampfhaltung_vor_angriff rang 14,n=8 min=17 med=17 max=18,3
pause,EDDY,kampfhaltung_vor_angriff rang 15,n=15 min=17 med=17 max=18,4
pause,EDDY,kampfhaltung_vor_angriff rang 16,n=19 min=13 med=13 max=17,5
pause,EDDY,kampfhaltung_vor_angriff rang 17,n=10 min=13 med=13 max=14,5
pause,EDDY,kampfhaltung_vor_angriff rang 18,n=3 min=13 med=13 max=14,1
pause,EDDY,kampfhaltung_vor_angriff rang 20,n=2 min=9 med=9 max=9,1
pause,WOOKY,kampfhaltung_vor_angriff rang 08,n=2 min=21 med=21 max=21,1
pause,WOOKY,kampfhaltung_vor_angriff rang 09,n=6 min=21 med=21 max=21,2
pause,WOOKY,kampfhaltung_vor_angriff rang 10,n=33 min=21 med=21 max=22,5
pause,WOOKY,kampfhaltung_vor_angriff rang 11,n=24 min=21 med=21 max=21,4
pause,WOOKY,kampfhaltung_vor_angriff rang 12,n=38 min=17 med=17 max=21,6
pause,WOOKY,kampfhaltung_vor_angriff rang 13,n=44 min=17 med=17 max=18,5
pause,WOOKY,kampfhaltung_vor_angriff rang 14,n=42 min=17 med=17 max=18,6
pause,WOOKY,kampfhaltung_vor_angriff rang 15,n=48 min=17 med=17 max=18,6
pause,WOOKY,kampfhaltung_vor_angriff rang 16,n=42 min=13 med=13 max=17,5
pause,WOOKY,kampfhaltung_vor_angriff rang 17,n=38 min=13 med=13 max=14,6
pause,WOOKY,kampfhaltung_vor_angriff rang 18,n=11 min=13 med=13 max=13,3
pause,WOOKY,kampfhaltung_vor_angriff rang 19,n=12 min=13 med=13 max=13,3
pause,WOOKY,kampfhaltung_vor_angriff rang 20,n=15 min=9 med=9 max=10,2
rhythmus,EDDY,abstand_angriffe_direkt rang 10,n=1 min=69 med=69 max=69,1
rhythmus,EDDY,abstand_angriffe_direkt rang 11,n=7 min=62 med=70 max=84,3
rhythmus,EDDY,abstand_angriffe_direkt rang 12,n=10 min=57 med=60.5 max=81,5
rhythmus,EDDY,abstand_angriffe_direkt rang 13,n=2 min=59 med=59 max=59,1
rhythmus,EDDY,abstand_angriffe_direkt rang 14,n=5 min=64 med=75 max=82,2
rhythmus,EDDY,abstand_angriffe_direkt rang 15,n=6 min=58 med=66 max=72,3
rhythmus,EDDY,abstand_angriffe_direkt rang 16,n=10 min=45 med=59.5 max=75,5
rhythmus,EDDY,abstand_angriffe_direkt rang 17,n=3 min=47 med=60 max=66,3
rhythmus,EDDY,abstand_angriffe_direkt rang 18,n=1 min=60 med=60 max=60,1
rhythmus,EDDY,abstand_angriffe_mit_unterbrechung,n=53 min=45 med=221 max=2235,6
rhythmus,EDDY,angriffe_je_serie_bis_umwerfen,n=17 min=1 med=1 max=5,6
rhythmus,EDDY,dazwischen,n=98 nur kampfhaltung/erholung:45 figur_lag:11 abwarten+gehen+spott+figur_lag:9 gehen+figur_lag:7 gehen+spott+figur_lag:6 abwarten+gehen+inaktiv+spott+figur_lag:5 gehen+inaktiv+figur_lag:5 gehen:4 gehen+inaktiv+spott+figur_lag:2 abwarten+gehen+figur_lag:2 abwarten+gehen:2,6
rhythmus,EDDY,seitenwechsel_zwischen_angriffen,n=98 nein:78 ja:20,6
rhythmus,EDDY,serienmuster,n=59 D!:10 A:9 C:8 D:5 C C:4 A A B!:4 B:3 A C C:2 C D:2 A D:1 C C A D:1 A A B C:1 A D!:1 C C A A B!:1 C A A B!:1 A A B:1 C C C:1 A C C D:1 C C D:1 C C A:1 A A:1,6
rhythmus,WOOKY,abstand_angriffe_direkt rang 08,n=1 min=55 med=55 max=55,1
rhythmus,WOOKY,abstand_angriffe_direkt rang 09,n=3 min=56 med=60 max=64,1
rhythmus,WOOKY,abstand_angriffe_direkt rang 10,n=28 min=51 med=58 max=79,5
rhythmus,WOOKY,abstand_angriffe_direkt rang 11,n=17 min=49 med=57 max=65,5
rhythmus,WOOKY,abstand_angriffe_direkt rang 12,n=29 min=46 med=56 max=81,6
rhythmus,WOOKY,abstand_angriffe_direkt rang 13,n=38 min=44 med=53 max=74,6
rhythmus,WOOKY,abstand_angriffe_direkt rang 14,n=35 min=45 med=55 max=66,5
rhythmus,WOOKY,abstand_angriffe_direkt rang 15,n=31 min=45 med=53 max=67,6
rhythmus,WOOKY,abstand_angriffe_direkt rang 16,n=32 min=39 med=49 max=70,5
rhythmus,WOOKY,abstand_angriffe_direkt rang 17,n=22 min=43 med=51 max=69,5
rhythmus,WOOKY,abstand_angriffe_direkt rang 18,n=7 min=46 med=49 max=56,2
rhythmus,WOOKY,abstand_angriffe_direkt rang 19,n=9 min=48 med=53 max=57,3
rhythmus,WOOKY,abstand_angriffe_direkt rang 20,n=12 min=39 med=47 max=60,2
rhythmus,WOOKY,abstand_angriffe_mit_unterbrechung,n=119 min=58 med=308 max=3562,7
rhythmus,WOOKY,angriffe_je_serie_bis_umwerfen,n=64 min=3 med=3 max=10,7
rhythmus,WOOKY,dazwischen,n=383 nur kampfhaltung/erholung:264 gehen+spott+figur_lag:36 abwarten+gehen+spott+figur_lag:17 abwarten+gehen+figur_lag:13 gehen+inaktiv+spott+figur_lag:9 abwarten+gehen+inaktiv+spott+figur_lag:9 gehen+inaktiv+figur_lag:9 gehen+figur_lag:8 sonst:7 abwarten+gehen+inaktiv+figur_lag:4 abwarten+gehen:2 abwarten+gehen+sonst+spott+figur_lag:1 gehen:1 abwarten+gehen+sonst+figur_lag:1 abwarten+gehen+inaktiv+sonst+figur_lag:1 abwarten+gehen+inaktiv+sonst+spott+figur_lag:1,7
rhythmus,WOOKY,seitenwechsel_zwischen_angriffen,n=383 nein:345 ja:38,7
rhythmus,WOOKY,serienmuster,n=141 A:20 A A B!:18 C C A D!:15 A A D!:13 C C B!:12 A A:8 A A B:6 A A D:6 C C B:5 C C:5 C C A:4 C:4 C C A D:4 E:2 A A A:2 E A A B:2 A C C:2 A A A D!:2 A A D A:2 C C A D E:1 A C C B!:1 A C C A D A C C A D!:1 A C C A D!:1 A A D C C:1 A A A B:1 A A D C C A D!:1 A C C A D A A:1 A C:1,7
schutz,EDDY,angriffsbeginn_nach_fensterbeginn (aufstehen),n=8 min=13 med=19 max=26,3
schutz,EDDY,angriffsbeginn_nach_fensterbeginn (trefferreaktion),n=23 min=3 med=19 max=26,6
schutz,WOOKY,angriffsbeginn_nach_fensterbeginn (aufstehen),n=29 min=9 med=17 max=34,6
schutz,WOOKY,angriffsbeginn_nach_fensterbeginn (trefferreaktion),n=125 min=1 med=16 max=26,6
schutz,alle,aktiv im fenster (aufstehen),n=29 ja:29,6
schutz,alle,aktiv im fenster (trefferreaktion),n=82 ja:82,6
schutz,alle,fenster (aufstehen, 35 F),n=81 kein gegner nah:44 mit angriff:29 gegner nah, ohne angriff:8,7
schutz,alle,fenster (trefferreaktion, 27 F),n=262 gegner nah, ohne angriff:144 mit angriff:114 kein gegner nah:4,7
schutz,alle,lp_verlust_innerhalb,n=7 0:7,7
schutz,alle,treffer im frame nach dem fenster (aufstehen),n=3 ja:3,3
schutz,alle,treffer im frame nach dem fenster (trefferreaktion),n=42 ja:42,6
stillstand,EDDY,absdx (tempo normal, von links),n=4 min=1 med=48 max=48,4
stillstand,EDDY,absdx (tempo normal, von rechts),n=6 min=3 med=17 max=46,5
stillstand,EDDY,absdx (tempo schnell, von links),n=10 min=45 med=56 max=56,5
stillstand,EDDY,absdx (tempo schnell, von rechts),n=5 min=47 med=56 max=56,3
stillstand,EDDY,absdx (von links),n=18 min=1 med=55 max=56,6
stillstand,EDDY,absdx (von rechts),n=11 min=3 med=46 max=56,5
stillstand,EDDY,absdz,n=29 min=0 med=3 max=11,6
stillstand,EDDY,absdz beim gehbeginn,n=29 min=0 med=11 max=36,6
stillstand,EDDY,bis_angriff rang 10,n=1 min=21 med=21 max=21,1
stillstand,EDDY,bis_angriff rang 11,n=4 min=21 med=21 max=21,3
stillstand,EDDY,bis_angriff rang 12,n=5 min=17 med=17 max=17,5
stillstand,EDDY,bis_angriff rang 13,n=4 min=17 med=17 max=17,4
stillstand,EDDY,bis_angriff rang 14,n=1 min=17 med=17 max=17,1
stillstand,EDDY,bis_angriff rang 15,n=3 min=17 med=17 max=17,2
stillstand,EDDY,bis_angriff rang 16,n=5 min=13 med=13 max=13,2
stillstand,EDDY,bis_angriff rang 17,n=1 min=13 med=13 max=13,1
stillstand,EDDY,bis_angriff rang 18,n=1 min=13 med=13 max=13,1
stillstand,EDDY,bis_angriff rang 20,n=1 min=9 med=9 max=9,1
stillstand,EDDY,bis_angriff rang 8,n=2 min=21 med=21 max=21,1
stillstand,EDDY,bis_angriff rang 9,n=1 min=21 med=21 max=21,1
stillstand,WOOKY,absdx (tempo normal, von links),n=12 min=3 med=44.5 max=48,4
stillstand,WOOKY,absdx (tempo normal, von rechts),n=9 min=6 med=37 max=47,5
stillstand,WOOKY,absdx (tempo schnell, von links),n=25 min=7 med=55 max=56,6
stillstand,WOOKY,absdx (tempo schnell, von rechts),n=23 min=1 med=55 max=56,5
stillstand,WOOKY,absdx (von links),n=41 min=3 med=54 max=56,6
stillstand,WOOKY,absdx (von rechts),n=32 min=1 med=55 max=56,5
stillstand,WOOKY,absdz,n=73 min=0 med=3 max=11,7
stillstand,WOOKY,absdz beim gehbeginn,n=73 min=0 med=11 max=38,7
stillstand,WOOKY,bis_angriff rang 10,n=7 min=21 med=21 max=21,3
stillstand,WOOKY,bis_angriff rang 11,n=6 min=21 med=21 max=21,4
stillstand,WOOKY,bis_angriff rang 12,n=5 min=17 med=17 max=17,3
stillstand,WOOKY,bis_angriff rang 13,n=4 min=17 med=17 max=17,3
stillstand,WOOKY,bis_angriff rang 14,n=12 min=17 med=17 max=17,5
stillstand,WOOKY,bis_angriff rang 15,n=7 min=17 med=17 max=17,5
stillstand,WOOKY,bis_angriff rang 16,n=7 min=13 med=13 max=13,3
stillstand,WOOKY,bis_angriff rang 17,n=6 min=13 med=13 max=13,5
stillstand,WOOKY,bis_angriff rang 18,n=4 min=13 med=13 max=13,3
stillstand,WOOKY,bis_angriff rang 19,n=3 min=13 med=13 max=13,2
stillstand,WOOKY,bis_angriff rang 20,n=3 min=9 med=9 max=9,2
stillstand,WOOKY,bis_angriff rang 9,n=3 min=21 med=21 max=21,1
# messen_verhalten.py annaeherung (m3_p_*, m3_e_*, m3_w_*)
lauf,slot,typ,max_lp,gehen_von,stillstand,frames,vx,vz,dx_start,dz_start,dx_stillstand,dz_stillstand,figur_bewegt,figur_status,erster_angriff,frames_bis_angriff,rang,tempo_letzter_schritt
verhalten_m3_p_h0,18,WOOKY,16,344,441,97,-0.3186,-0.1389,-15,17,-46,4,nein,1,W-C,21,10,normal
verhalten_m3_p_h0,18,WOOKY,16,715,755,40,1.7148,-0.1680,-114,-3,-47,-9,nein,1,W-A,21,10,normal
verhalten_m3_p_h0,16,WOOKY,16,1132,1209,77,-1.3725,-0.4163,56,38,-48,6,nein,1,W-C,21,11,normal
verhalten_m3_p_h0,16,WOOKY,16,1553,1556,3,1.7148,-0.1680,-51,-10,-47,-10,nein,3,W-A,21,11,normal
verhalten_m3_p_h0,17,EDDY,30,1703,1780,77,0.8629,-0.0717,-120,4,-55,-1,nein,3,E-C,17,12,schnell
verhalten_m3_p_h0,17,EDDY,30,1981,1982,1,0.0000,0.0000,-55,-1,-55,-1,nein,1,E-A,17,12,unklar
verhalten_m3_p_h0,15,WOOKY,26,2220,2239,19,-1.6133,0.3320,44,-14,14,-9,nein,3,W-A,17,13,normal
verhalten_m3_p_h0,14,WOOKY,26,2241,2256,15,-1.6133,0.3320,44,-14,21,-10,nein,3,W-C,17,13,normal
verhalten_m3_p_h0,15,WOOKY,26,2746,2763,17,-1.8672,-0.6211,86,13,56,3,nein,1,W-E,17,13,schnell
verhalten_m3_p_h0,14,WOOKY,26,2753,2798,45,1.8746,0.4328,-137,-22,-55,-3,nein,3,W-C,17,13,schnell
verhalten_m3_p_h0,18,WOOKY,16,2837,2854,17,-1.9060,0.5845,87,-12,56,-3,nein,1,W-A,17,14,schnell
verhalten_m3_p_h0,16,WOOKY,16,2773,2858,85,0.8180,0.2113,-124,-19,-56,-1,nein,1,W-A,17,14,schnell
verhalten_m3_p_h0,18,WOOKY,16,3143,3158,15,-2.2199,0.1406,86,-3,54,-1,nein,1,W-A,17,14,schnell
verhalten_m3_p_h0,15,WOOKY,26,3145,3208,63,1.0360,0.0372,-120,0,-55,2,nein,1,W-C,17,14,schnell
verhalten_m3_p_h0,18,WOOKY,16,3601,3607,6,-2.2219,-0.0437,54,-1,43,-1,nein,3,W-C,17,15,schnell
verhalten_m3_p_h0,14,WOOKY,26,3581,3645,64,0.9129,-0.3197,-113,21,-55,0,nein,3,,,15,schnell
verhalten_m3_p_h0,18,WOOKY,16,3839,3878,39,-1.7500,0.0000,111,-1,45,-1,nein,1,W-C,17,15,normal
verhalten_m3_p_h0,17,EDDY,30,3815,3916,101,0.5745,-0.2336,-112,22,-55,-1,nein,3,E-C,17,15,schnell
verhalten_m3_p_h0,14,WOOKY,26,3809,3942,133,-0.8819,0.1027,61,-17,-55,-4,nein,1,W-A,17,15,schnell
verhalten_m3_p_h0,15,WOOKY,26,3926,4008,82,0.2800,0.4351,34,-39,56,-4,nein,3,W-A,17,15,schnell
verhalten_m3_p_h0,17,EDDY,30,4177,4239,62,-0.9851,0.1993,82,-1,22,11,nein,1,E-A,13,16,normal
verhalten_m3_p_h0,14,WOOKY,26,4274,4276,2,-1.7148,-0.1680,48,11,46,11,nein,3,W-C,13,16,normal
verhalten_m3_p_h0,18,WOOKY,16,4239,4299,60,-1.3538,-0.0425,136,0,56,-3,nein,3,W-A,13,16,schnell
verhalten_m3_p_h0,15,WOOKY,26,4532,4616,84,-1.6356,0.0518,132,-15,-3,-10,nein,1,W-C,13,17,normal
verhalten_m3_p_h0,17,EDDY,30,4628,4645,17,1.9966,0.4990,-87,-11,-55,-3,nein,3,E-D,13,17,schnell
verhalten_m3_p_h0,15,WOOKY,26,4788,4828,40,1.7500,0.0000,-116,7,-47,7,nein,1,W-A,13,17,normal
verhalten_m3_p_h0,16,WOOKY,16,4741,4850,109,2.1071,-0.2884,-219,42,9,11,nein,3,W-C,13,17,schnell
verhalten_m3_p_h0,18,WOOKY,16,4790,4852,62,1.1674,-0.1272,-127,5,-56,-3,nein,3,W-A,13,17,schnell
verhalten_m3_p_h0,14,WOOKY,26,4841,4918,77,2.2198,0.1410,-215,-18,-46,-8,nein,3,W-A,13,17,schnell
verhalten_m3_p_h3,18,WOOKY,16,184,345,161,0.3021,-0.0929,153,16,-56,1,ja,1,W-C,21,9,schnell
verhalten_m3_p_h3,18,WOOKY,16,560,750,190,1.0146,-0.0551,-56,1,1,-10,ja,1,W-A,21,10,schnell
verhalten_m3_p_h3,17,EDDY,30,654,767,113,1.1470,-0.2635,-184,30,-55,0,nein,1,E-A,21,10,schnell
verhalten_m3_p_h3,17,EDDY,30,1081,1114,33,-1.7148,0.1680,64,-16,9,-10,nein,1,E-C,21,11,normal
verhalten_m3_p_h3,18,WOOKY,16,1135,1198,63,-1.1464,0.1427,127,-6,55,3,nein,1,W-C,21,11,schnell
verhalten_m3_p_h3,18,WOOKY,16,1525,1526,1,0.0000,0.0000,27,7,27,7,nein,3,W-A,21,11,unklar
verhalten_m3_p_h3,17,EDDY,30,1925,1972,47,-1.5465,0.0858,23,-13,-48,-9,nein,1,E-A,17,12,normal
verhalten_m3_p_h3,18,WOOKY,16,1972,1990,18,1.8915,-0.5981,-87,13,-55,2,nein,1,W-A,17,12,schnell
verhalten_m3_p_h3,16,WOOKY,16,2228,2245,17,1.3037,-0.4346,-8,4,13,-3,nein,3,W-E,17,13,normal
verhalten_m3_p_h3,17,EDDY,30,2366,2428,62,-1.0438,-0.0510,120,0,56,-3,nein,1,E-D,17,13,schnell
verhalten_m3_p_h3,16,WOOKY,16,2949,3024,75,-0.8701,-0.0730,120,5,55,0,nein,1,W-A,17,14,schnell
verhalten_m3_p_h3,17,EDDY,30,3029,3138,109,-0.6145,0.1492,122,-19,56,-3,nein,1,E-A,17,14,schnell
verhalten_m3_p_h3,18,WOOKY,16,3268,3285,17,2.2031,0.2188,-82,2,-47,6,nein,1,W-A,17,14,schnell
verhalten_m3_p_h3,16,WOOKY,16,3398,3404,6,-1.7289,-0.0336,55,0,47,-1,nein,1,W-C,17,14,normal
verhalten_m3_p_h3,18,WOOKY,16,4466,4478,12,-1.3306,-0.4964,60,15,45,9,nein,1,W-A,13,16,normal
verhalten_m3_p_h3,16,WOOKY,16,4424,4517,93,0.7602,0.0313,-126,-6,-56,-3,nein,3,W-A,13,16,schnell
verhalten_m3_p_h3,17,EDDY,30,4580,4733,153,1.3277,-0.1139,-122,18,-55,1,ja,2,E-D,13,17,schnell
verhalten_m3_p_h3,14,WOOKY,30,4800,4887,87,-0.8765,0.1809,131,-14,55,1,nein,1,W-A,13,17,schnell
verhalten_m3_p_h3,17,EDDY,30,4793,4968,175,-0.7298,-0.0078,71,1,-56,-1,nein,1,E-C,13,17,schnell
verhalten_m3_e_lang,17,EDDY,30,204,221,17,-1.7500,0.0000,72,0,44,0,nein,1,E-D,21,11,normal
verhalten_m3_e_lang,17,EDDY,30,663,680,17,1.9189,0.5723,-87,-12,-56,-3,nein,1,E-D,21,11,schnell
verhalten_m3_e_lang,17,EDDY,30,786,833,47,1.7063,-0.1101,-68,-3,11,-8,nein,3,E-D,17,12,normal
verhalten_m3_e_lang,17,EDDY,30,897,937,40,1.7166,0.1507,-115,-8,-48,-2,nein,1,E-A,17,12,normal
verhalten_m3_e_lang,16,WOOKY,16,1167,1201,34,-1.6656,-0.2475,88,16,33,7,nein,3,W-A,17,12,normal
verhalten_m3_e_lang,16,WOOKY,16,1662,1667,5,-0.6611,-0.7979,-36,14,-38,11,nein,1,W-C,17,13,normal
verhalten_m3_e_lang,17,EDDY,30,1706,1739,33,2.2500,0.0000,-128,0,-56,0,nein,1,E-C,17,13,schnell
verhalten_m3_e_lang,17,EDDY,30,1817,1955,138,1.6953,-0.0753,-76,0,41,-10,ja,3,E-C,17,14,normal
verhalten_m3_e_lang,16,WOOKY,16,1970,1989,19,1.6784,0.0161,-51,-10,-21,-10,nein,3,W-A,17,14,normal
verhalten_m3_e_lang,16,WOOKY,16,2515,2540,25,1.7500,0.0000,-88,-9,-46,-9,nein,1,W-A,17,15,normal
verhalten_m3_e_lang,15,WOOKY,28,2584,2681,97,-0.9738,0.3101,78,-40,-16,-10,nein,3,,,15,normal
verhalten_m3_e_lang,14,WOOKY,28,2705,2800,95,0.0263,0.3585,-2,-33,0,0,nein,3,W-A,17,15,unklar
verhalten_m3_e_lang,16,WOOKY,16,2779,2800,21,-0.0852,0.1680,0,0,-2,4,nein,3,W-A,17,15,unklar
verhalten_m3_e_lang,14,WOOKY,28,2942,3057,115,-1.2119,-0.0417,0,0,0,-4,ja,3,W-C,17,15,normal
verhalten_m3_e_lang,16,WOOKY,16,2935,3057,122,-1.2513,-0.0730,-2,4,-15,-5,ja,3,W-C,17,15,normal
verhalten_m3_e_lang,15,WOOKY,28,3167,3205,38,1.9131,-0.3723,-126,16,-55,3,nein,1,W-A,13,16,schnell
verhalten_m3_e_lang,17,EDDY,30,3173,3231,58,-0.7581,0.3906,98,-23,51,-1,nein,2,,,16,schnell
verhalten_m3_e_lang,14,WOOKY,28,3380,3393,13,1.7148,0.1680,-69,0,-48,2,nein,1,W-A,13,16,normal
verhalten_m3_e_lang,17,EDDY,30,3540,3552,12,0.3398,-0.8555,-7,20,-3,11,nein,3,E-A,13,16,normal
verhalten_m3_e_lang,15,WOOKY,28,3571,3623,52,1.8725,0.2466,-151,-14,-56,-1,nein,1,W-A,13,16,schnell
verhalten_m3_e_lang,16,WOOKY,16,3625,3656,31,-0.8686,0.6922,-17,-31,-43,-10,nein,1,W-A,13,16,normal
verhalten_m3_e_lang,15,WOOKY,28,3907,4007,100,1.0676,-0.0914,-112,20,-6,11,nein,3,W-A,13,17,normal
verhalten_m3_e_lang,14,WOOKY,28,4022,4084,62,1.0550,-0.1035,-120,3,-56,-3,nein,1,W-C,13,17,schnell
verhalten_m3_e_lang,16,WOOKY,16,4247,4340,93,1.2356,0.1520,-120,-3,-7,11,nein,1,W-A,13,18,schnell
verhalten_m3_e_lang,17,EDDY,30,4341,4530,189,-0.1252,0.0127,27,-12,3,-10,nein,1,E-A,13,18,normal
verhalten_m3_e_lang,14,WOOKY,28,4524,4575,51,0.8291,0.3256,-97,-17,-55,-1,nein,3,,,18,schnell
verhalten_m3_e_lang,17,EDDY,30,4704,4705,1,0.0000,0.0000,-1,2,-1,2,nein,3,E-A,13,18,unklar
verhalten_m3_e_lang,14,WOOKY,28,5117,5157,40,1.3305,0.1454,-108,-7,-56,-1,nein,1,W-A,13,19,schnell
verhalten_m3_e_lang,15,WOOKY,28,5193,5273,80,0.8170,0.0134,-120,-4,-56,-3,nein,1,W-A,13,19,schnell
verhalten_m3_e_lang,14,WOOKY,28,5473,5535,62,1.0516,-0.1003,-120,3,-55,-3,nein,1,W-A,9,20,schnell
verhalten_m3_e_lang,16,WOOKY,16,5953,5989,36,0.8291,-0.1680,-34,17,-5,11,nein,1,W-A,9,20,normal
verhalten_m3_e_lang2,17,EDDY,30,134,149,15,-1.7249,-0.1200,36,13,12,11,nein,1,E-A,21,11,normal
verhalten_m3_e_lang2,17,EDDY,30,424,444,20,-1.7500,0.0000,80,11,47,11,nein,3,E-C,21,11,normal
verhalten_m3_e_lang2,17,EDDY,30,1057,1077,20,2.2500,0.0000,-87,-4,-45,-4,nein,1,E-C,17,12,schnell
verhalten_m3_e_lang2,17,EDDY,30,1552,1761,209,0.9222,0.0159,-136,-2,56,1,nein,1,E-A,17,13,schnell
verhalten_m3_e_lang2,17,EDDY,30,2484,2595,111,-0.9497,0.2268,60,-23,-45,2,nein,1,E-D,17,15,schnell
verhalten_m3_e_lang2,17,EDDY,30,3052,3128,76,0.8463,-0.0047,-120,-3,-56,-3,nein,1,E-C,13,16,schnell
verhalten_m3_e_lang2,17,EDDY,30,3352,3353,1,0.0000,0.0000,-56,-3,-56,-3,nein,1,E-C,13,16,unklar
verhalten_m3_e_lang2,17,EDDY,30,3519,3520,1,0.0000,0.0000,-56,-3,-56,-3,nein,1,E-C,13,16,unklar
verhalten_m3_e_lang2,17,EDDY,30,3686,3697,11,0.7875,0.7367,-56,-3,-48,4,nein,1,E-D,13,16,normal
verhalten_m3_e_lang2,16,WOOKY,16,4109,4181,72,-0.1340,-0.3682,-46,29,-55,3,nein,1,W-A,13,17,schnell
verhalten_m3_e_lang2,16,WOOKY,16,4496,4560,64,1.0509,-0.0523,-121,1,-55,-3,nein,1,W-C,13,18,schnell
verhalten_m3_e_lang2,15,WOOKY,30,4992,5063,71,-1.6395,0.2287,81,-26,-34,-10,nein,1,W-A,13,19,normal
verhalten_m3_e_lang2,16,WOOKY,16,5319,5320,1,0.0000,0.0000,13,-8,13,-8,nein,3,W-A,13,19,unklar
verhalten_m3_e_lang2,15,WOOKY,30,5542,5565,23,-1.7484,0.0076,2,-3,-36,-2,nein,3,W-A,9,20,normal
verhalten_m3_e_lang2,16,WOOKY,16,5451,5566,115,-1.1687,0.0250,13,-8,15,-5,ja,3,W-C,9,20,normal
verhalten_m3_e_lang2,14,WOOKY,30,5563,5631,68,-0.0338,0.0383,59,-5,56,-3,nein,3,W-A,9,20,schnell
verhalten_m3_e_lang2,17,EDDY,30,5832,5936,104,0.3649,-0.1536,18,20,56,4,nein,1,E-A,9,20,schnell
verhalten_m3_e_lang2,14,WOOKY,30,5958,5977,19,1.7901,-0.6688,-88,15,-56,3,nein,1,W-C,9,20,schnell
verhalten_m3_w_lang,18,WOOKY,16,1,40,39,-1.7148,0.1680,111,4,46,0,ja,1,W-A,21,10,normal
verhalten_m3_w_lang,18,WOOKY,16,384,446,62,-1.7241,-0.0743,114,-6,9,-10,nein,1,W-C,21,10,normal
verhalten_m3_w_lang,18,WOOKY,16,1480,1664,184,0.7849,0.0157,-88,-4,55,-1,nein,1,W-C,17,12,schnell
verhalten_m3_w_lang,18,WOOKY,16,2658,2849,191,0.7307,0.0789,-83,-18,55,-3,nein,1,W-A,17,14,schnell
verhalten_m3_w_lang,18,WOOKY,16,3002,3064,62,0.0032,0.0389,55,-3,56,0,nein,1,W-A,17,15,schnell
# messen_verhalten.py aktivitaet (m3_e_*, m3_w_*, m3_p_*, m3_b3_*)
lauf,frames,figur_liegt,figur_in_luft,angriffe_je_1000,absdx_median,anteil_absdx_bis_60,zustaende_naechster_gegner,je_1000_frame_1_3000,je_1000_ab_3001,wooky_je_1000,eddy_je_1000,eddy_je_1000_f1_3000,eddy_je_1000_ab_3001,eddy_allein_je_1000,anteil_frames_mehrere_gegner
verhalten_m3_e_lang,5674,35%,0%,12.7,24.0,84%,gehen:29% spott:27% angriff:19% erholung:12% kampfhaltung:11% abwarten:1% aufstehen:0%,12.3,13.0,11.1,3.2,4.2,2.3,7.3,80%
verhalten_m3_e_lang2,5963,21%,0%,8.2,55,69%,gehen:27% spott:19% angriff:17% kampfhaltung:14% abwarten:12% erholung:11% aufstehen:0%,5.4,11.0,11.8,3.9,5.4,2.3,5.6,37%
verhalten_m3_w_lang,4519,11%,0%,3.3,62,46%,gehen:50% spott:20% abwarten:10% angriff:7% kampfhaltung:7% erholung:5%,4.4,1.7,3.3,,,,,0%
verhalten_m3_p_h0,4817,28%,0%,20.1,45,85%,gehen:29% angriff:21% kampfhaltung:20% erholung:16% spott:13% abwarten:1% sonst:0%,16.3,25.5,17.6,2.9,1.3,4.8,,86%
verhalten_m3_p_h3,4817,22%,0%,11.0,51,79%,gehen:26% angriff:18% spott:18% kampfhaltung:15% erholung:12% abwarten:10%,9.6,13.0,9.1,2.0,2.4,1.5,,93%
verhalten_m3_b3_e1,2000,31%,34%,3.5,56.0,55%,gehen:42% spott:20% angriff:13% abwarten:11% kampfhaltung:9% erholung:5% aufstehen:0%,3.5,,0.5,3.1,3.1,,,95%
verhalten_m3_b3_e2,2000,25%,37%,5.5,45.0,64%,gehen:39% spott:23% abwarten:14% angriff:10% kampfhaltung:8% erholung:5% aufstehen:1%,5.5,,3.5,2.0,2.0,,,99%
verhalten_m3_b3_e3,1906,19%,33%,4.7,47.0,61%,gehen:40% spott:18% angriff:15% abwarten:11% kampfhaltung:9% erholung:6% aufstehen:0%,4.7,,,4.7,4.7,,4.7,0%
# messen_verhalten.py weglauf (m3_b1_*)
lauf,von,bis,richtung,slot,typ,laufframes,gegner_gehen,gegner_vx_zur_figur,absdx_anfang,absdx_ende,absdx_min,absdx_max,angriffe,frames_bis_kampfhaltung_danach,absdx_dann,zustand_beim_start,gehframes_bis_halt
verhalten_m3_b1_e_t103,103,302,left,17,EDDY,101,65,1.663,47,81,47,82,2,46,47,kampfhaltung,24
verhalten_m3_b1_e_t16,16,215,left,17,EDDY,101,80,0.328,47,196,47,196,0,500,48,kampfhaltung,80
verhalten_m3_b1_e_t22,22,221,left,17,EDDY,101,80,0.328,47,196,47,196,1,206,47,kampfhaltung,80
verhalten_m3_b1_e_t28,28,227,left,17,EDDY,101,83,0.380,47,190,47,191,1,175,47,kampfhaltung,120
verhalten_m3_b1_e_t37,37,236,left,17,EDDY,101,80,1.728,47,84,47,84,0,52,43,angriff,80
verhalten_m3_b1_e_t71,71,270,left,17,EDDY,101,26,1.750,47,176,47,177,0,76,45,erholung,101
verhalten_m3_b1_e_t76,76,275,left,17,EDDY,101,0,0.000,47,222,47,222,0,1,222,erholung,119
verhalten_m3_b1_e_t84,84,283,left,17,EDDY,101,0,0.000,47,222,47,222,0,1,222,erholung,119
verhalten_m3_b1_e_t95,95,294,left,17,EDDY,101,83,1.579,47,91,47,114,1,18,53,kampfhaltung,100
verhalten_m3_b1_w_t100,100,299,left,18,WOOKY,101,40,1.698,47,154,47,154,0,562,55,erholung,40
verhalten_m3_b1_w_t106,106,305,left,18,WOOKY,101,40,1.698,47,154,47,154,1,562,55,kampfhaltung,40
verhalten_m3_b1_w_t114,114,313,left,18,WOOKY,101,40,1.674,47,155,47,155,1,,,kampfhaltung,40
verhalten_m3_b1_w_t44,44,243,left,18,WOOKY,101,83,1.725,47,79,47,80,1,105,11,kampfhaltung,120
verhalten_m3_b1_w_t52,52,251,left,18,WOOKY,101,40,1.698,47,154,47,154,1,562,55,kampfhaltung,40
verhalten_m3_b1_w_t58,58,257,left,18,WOOKY,101,40,1.698,47,154,47,154,1,562,55,kampfhaltung,40
verhalten_m3_b1_w_t64,64,263,left,18,WOOKY,101,40,1.698,47,154,47,154,0,562,55,angriff,40
verhalten_m3_b1_w_t97,97,296,left,18,WOOKY,101,40,1.698,47,154,47,154,0,562,55,erholung,40
# messen_verhalten.py tiefe (m3_b2_*)
lauf,von,bis,eingabe,slot,typ,absdx,dz_vorher,dz_nachher,zustand_beginn,zustand_ende,reaktion,dz_bei_reaktion,wieder_bereit,angriffe_ausser_tiefe,griff,wertung,frame_absdz11,frame_absdz12,zustand_bei_12,kennung_bei_12,figur_frei_bis_12,gehen_ab,dz_bei_gehen,gehen_nach_12,aktiv_nach_12,naechster_angriff_nach_schritt,dz_beim_naechsten_angriff
verhalten_m3_b2_e2_t50,50,69,up,17,EDDY,34,0,-24,kampfhaltung,gehen,angriff,,,0,nein,ja,61,62,gehen,63746,ja,61,-11,-1,0,,
verhalten_m3_b2_e2_t53,53,72,up,17,EDDY,34,0,-24,kampfhaltung,gehen,angriff,,,0,nein,ja,64,65,gehen,63746,ja,64,-11,-1,0,,
verhalten_m3_b2_e2_t55,55,74,up,17,EDDY,34,0,-24,kampfhaltung,gehen,angriff,,,0,nein,ja,66,67,gehen,63746,ja,66,-11,-1,0,,
verhalten_m3_b2_e2_t95,95,114,up,17,EDDY,34,0,-17,erholung,gehen,,,9,0,nein,ja,106,107,gehen,63746,ja,106,-11,-1,0,30,-10
verhalten_m3_b2_e2_t98,98,117,up,17,EDDY,34,0,-17,erholung,gehen,,,9,0,nein,ja,109,110,gehen,63746,ja,109,-11,-1,0,30,-10
verhalten_m3_b2_e_t20,20,39,down,17,EDDY,32,2,17,kampfhaltung,gehen,10,12,8,0,nein,ja,29,30,gehen,63746,ja,30,12,0,0,29,11
verhalten_m3_b2_e_t25,25,44,down,17,EDDY,32,2,17,kampfhaltung,gehen,10,12,8,0,nein,ja,34,35,gehen,63746,ja,35,12,0,0,29,11
verhalten_m3_b2_e_t28,28,47,down,17,EDDY,32,2,17,kampfhaltung,gehen,angriff,,8,0,nein,ja,37,38,gehen,63746,ja,38,12,0,0,29,11
verhalten_m3_b2_e_t31,31,50,down,17,EDDY,32,2,17,kampfhaltung,gehen,angriff,,8,0,nein,ja,40,41,gehen,63746,ja,41,12,0,0,29,11
verhalten_m3_b2_e_t33,33,52,down,17,EDDY,32,2,17,kampfhaltung,gehen,angriff,,8,0,nein,ja,42,43,gehen,63746,ja,43,12,0,0,29,11
verhalten_m3_b2_e_t71,71,90,down,17,EDDY,29,2,20,erholung,gehen,,,,0,nein,ja,80,81,gehen,63746,ja,81,12,0,0,,
verhalten_m3_b2_e_t75,75,94,down,17,EDDY,32,2,26,erholung,gehen,,,,0,nein,ja,84,85,gehen,63746,ja,85,12,0,0,,
verhalten_m3_b2_w_t44,44,63,down,18,WOOKY,15,10,30,kampfhaltung,gehen,2,12,106,0,nein,ja,45,46,gehen,5ed1c,ja,46,12,0,0,127,4
verhalten_m3_b2_w_t52,52,71,down,18,WOOKY,15,10,30,kampfhaltung,gehen,2,12,106,0,nein,ja,53,54,gehen,5ed1c,ja,54,12,0,0,127,4
verhalten_m3_b2_w_t59,59,78,down,18,WOOKY,15,10,30,kampfhaltung,gehen,2,12,106,0,nein,ja,60,61,gehen,5ed1c,ja,61,12,0,0,127,4
verhalten_m3_b2_w_t61,61,80,down,18,WOOKY,15,10,30,angriff,gehen,,,106,0,nein,ja,62,63,gehen,5ed1c,ja,63,12,0,0,127,4
verhalten_m3_b2_w_t63,63,82,down,18,WOOKY,15,10,30,angriff,gehen,,,106,0,nein,ja,64,65,gehen,5ed1c,ja,65,12,0,0,127,4
verhalten_m3_b2_w_t66,66,85,down,18,WOOKY,15,10,30,angriff,gehen,,,106,0,nein,ja,67,68,gehen,5ed1c,ja,68,12,0,0,127,4
verhalten_m3_b2_w_t97,97,116,down,18,WOOKY,15,10,30,erholung,gehen,,,381,0,nein,ja,98,99,gehen,5ed1c,ja,99,12,0,0,,
verhalten_m3_b2_w_t98,98,117,down,18,WOOKY,15,10,30,erholung,gehen,,,381,0,nein,ja,99,100,gehen,5ed1c,ja,100,12,0,0,,
# messen_verhalten.py sprung (m3_b3_*)
lauf,absprung,landung,slot,typ,absdx_absprung,absdz,zustand_gegner,angriffsbeginne_in_luft,aktive_frames_in_luft,treffer_in_luft
verhalten_m3_b3_e1,17,96,17,EDDY,46,2,kampfhaltung,1,12,1
verhalten_m3_b3_e1,242,281,17,EDDY,64,2,spott,0,0,0
verhalten_m3_b3_e1,467,506,17,EDDY,52,50,gehen,0,0,0
verhalten_m3_b3_e1,542,626,16,WOOKY,50,11,gehen,1,8,1
verhalten_m3_b3_e1,767,806,17,EDDY,136,4,abwarten,0,0,0
verhalten_m3_b3_e1,842,881,17,EDDY,111,19,gehen,0,0,0
verhalten_m3_b3_e1,917,956,16,WOOKY,10,22,spott,1,0,1
verhalten_m3_b3_e1,1142,1181,17,EDDY,114,3,gehen,0,0,0
verhalten_m3_b3_e1,1217,1256,16,WOOKY,62,23,gehen,0,0,0
verhalten_m3_b3_e1,1442,1481,16,WOOKY,61,23,spott,0,0,0
verhalten_m3_b3_e1,1517,1556,16,WOOKY,8,23,gehen,0,0,0
verhalten_m3_b3_e1,1592,1631,16,WOOKY,18,23,gehen,0,0,0
verhalten_m3_b3_e1,1667,1706,16,WOOKY,76,23,spott,0,0,0
verhalten_m3_b3_e1,1817,1856,17,EDDY,56,3,kampfhaltung,0,0,0
verhalten_m3_b3_e1,1892,1931,17,EDDY,56,3,abwarten,0,0,0
verhalten_m3_b3_e2,52,129,17,EDDY,17,11,kampfhaltung,1,12,1
verhalten_m3_b3_e2,212,251,16,WOOKY,6,32,gehen,0,0,0
verhalten_m3_b3_e2,292,331,16,WOOKY,28,18,spott,0,0,0
verhalten_m3_b3_e2,412,478,16,WOOKY,3,11,kampfhaltung,2,9,1
verhalten_m3_b3_e2,572,611,16,WOOKY,93,13,spott,0,0,0
verhalten_m3_b3_e2,652,691,16,WOOKY,9,26,gehen,0,0,0
verhalten_m3_b3_e2,732,771,16,WOOKY,4,31,spott,0,0,0
verhalten_m3_b3_e2,812,851,16,WOOKY,72,28,gehen,0,0,0
verhalten_m3_b3_e2,892,931,17,EDDY,122,17,gehen,0,0,0
verhalten_m3_b3_e2,972,1011,17,EDDY,52,19,gehen,0,0,0
verhalten_m3_b3_e2,1052,1136,16,WOOKY,64,9,gehen,1,8,1
verhalten_m3_b3_e2,1252,1291,16,WOOKY,25,26,spott,0,0,0
verhalten_m3_b3_e2,1332,1371,16,WOOKY,31,25,gehen,0,0,0
verhalten_m3_b3_e2,1412,1451,16,WOOKY,121,1,abwarten,0,0,0
verhalten_m3_b3_e2,1492,1531,16,WOOKY,121,1,abwarten,0,0,0
verhalten_m3_b3_e2,1572,1611,16,WOOKY,119,17,gehen,0,0,0
verhalten_m3_b3_e2,1732,1783,16,WOOKY,55,3,angriff,0,8,1
verhalten_m3_b3_e2,1892,1931,17,EDDY,41,7,angriff,0,3,0
verhalten_m3_b3_e3,12,51,17,EDDY,91,0,gehen,0,0,0
verhalten_m3_b3_e3,112,195,17,EDDY,47,0,erholung,1,12,1
verhalten_m3_b3_e3,312,351,17,EDDY,1,10,kampfhaltung,1,12,0
verhalten_m3_b3_e3,512,551,17,EDDY,41,50,gehen,0,0,0
verhalten_m3_b3_e3,612,651,17,EDDY,84,2,gehen,1,0,0
verhalten_m3_b3_e3,812,851,17,EDDY,28,5,angriff,1,0,0
verhalten_m3_b3_e3,912,963,17,EDDY,28,5,angriff,0,12,1
verhalten_m3_b3_e3,1112,1151,17,EDDY,81,20,gehen,0,0,0
verhalten_m3_b3_e3,1212,1251,17,EDDY,44,23,spott,0,0,0
verhalten_m3_b3_e3,1312,1351,17,EDDY,43,23,spott,0,0,0
verhalten_m3_b3_e3,1412,1451,17,EDDY,122,6,abwarten,0,0,0
verhalten_m3_b3_e3,1512,1551,17,EDDY,122,18,abwarten,0,0,0
verhalten_m3_b3_e3,1612,1651,17,EDDY,63,21,spott,0,0,0
verhalten_m3_b3_e3,1712,1751,17,EDDY,0,21,gehen,0,0,0
verhalten_m3_b3_e3,1912,1951,17,EDDY,125,5,abwarten,0,0,0
# messen_verhalten.py gruppe (m3_c_*, m3_p_h3 ab Frame 1000)
lauf,groesse,wert,anzahl
verhalten_m3_c_h0,frames_mit_3_oder_mehr,,4992
verhalten_m3_c_h0,gleichzeitig_im_angriff,0,3361
verhalten_m3_c_h0,gleichzeitig_im_angriff,1,1317
verhalten_m3_c_h0,gleichzeitig_im_angriff,2,309
verhalten_m3_c_h0,gleichzeitig_im_angriff,3,5
verhalten_m3_c_h0,gleichzeitig_aktiv_s24,0,4053
verhalten_m3_c_h0,gleichzeitig_aktiv_s24,1,853
verhalten_m3_c_h0,gleichzeitig_aktiv_s24,2,86
verhalten_m3_c_h0,uebrige_zustand,abwarten (absdx n=4640 min=0 med=122 max=240),4640
verhalten_m3_c_h0,uebrige_zustand,gehen (absdx n=7750 min=0 med=82 max=273),7750
verhalten_m3_c_h0,uebrige_zustand,kampfhaltung/erholung (absdx n=3237 min=1 med=48 max=181),3237
verhalten_m3_c_h0,uebrige_zustand,sonst (absdx n=25 min=20 med=48 max=56),25
verhalten_m3_c_h0,uebrige_zustand,spott (absdx n=4315 min=1 med=93 max=273),4315
verhalten_m3_c_h0,frames_gegner_nah_auf_beiden_seiten,,1237
verhalten_m3_c_h0,angriffe_mit_3_oder_mehr,,93
verhalten_m3_c_h0,davon_von_rechts,,31
verhalten_m3_c_h0,folgeangriff_andere_seite_binnen_60,,22
verhalten_m3_c_h0,zweiter_angreifer_nach_frames,n=70 min=0 med=27 max=375,70
verhalten_m3_c_h0,zweiter_angreifer_klasse,0-9,19
verhalten_m3_c_h0,zweiter_angreifer_klasse,10-19,6
verhalten_m3_c_h0,zweiter_angreifer_klasse,20-29,16
verhalten_m3_c_h0,zweiter_angreifer_klasse,30-39,10
verhalten_m3_c_h0,zweiter_angreifer_klasse,40-49,6
verhalten_m3_c_h0,zweiter_angreifer_klasse,50-59,5
verhalten_m3_c_h0,zweiter_angreifer_klasse,100-,8
verhalten_m3_c_s1,frames_mit_3_oder_mehr,,4651
verhalten_m3_c_s1,gleichzeitig_im_angriff,0,2782
verhalten_m3_c_s1,gleichzeitig_im_angriff,1,1399
verhalten_m3_c_s1,gleichzeitig_im_angriff,2,403
verhalten_m3_c_s1,gleichzeitig_im_angriff,3,67
verhalten_m3_c_s1,gleichzeitig_aktiv_s24,0,3563
verhalten_m3_c_s1,gleichzeitig_aktiv_s24,1,945
verhalten_m3_c_s1,gleichzeitig_aktiv_s24,2,139
verhalten_m3_c_s1,gleichzeitig_aktiv_s24,3,4
verhalten_m3_c_s1,uebrige_zustand,abwarten (absdx n=2260 min=55 med=121 max=185),2260
verhalten_m3_c_s1,uebrige_zustand,gehen (absdx n=6726 min=0 med=69 max=221),6726
verhalten_m3_c_s1,uebrige_zustand,kampfhaltung/erholung (absdx n=3911 min=1 med=46 max=125),3911
verhalten_m3_c_s1,uebrige_zustand,sonst (absdx n=5 min=48 med=48 max=48),5
verhalten_m3_c_s1,uebrige_zustand,spott (absdx n=3914 min=0 med=67 max=186),3914
verhalten_m3_c_s1,frames_gegner_nah_auf_beiden_seiten,,1296
verhalten_m3_c_s1,angriffe_mit_3_oder_mehr,,110
verhalten_m3_c_s1,davon_von_rechts,,92
verhalten_m3_c_s1,folgeangriff_andere_seite_binnen_60,,26
verhalten_m3_c_s1,zweiter_angreifer_nach_frames,n=91 min=1 med=21 max=441,91
verhalten_m3_c_s1,zweiter_angreifer_klasse,0-9,26
verhalten_m3_c_s1,zweiter_angreifer_klasse,10-19,17
verhalten_m3_c_s1,zweiter_angreifer_klasse,20-29,20
verhalten_m3_c_s1,zweiter_angreifer_klasse,30-39,8
verhalten_m3_c_s1,zweiter_angreifer_klasse,40-49,7
verhalten_m3_c_s1,zweiter_angreifer_klasse,50-59,2
verhalten_m3_c_s1,zweiter_angreifer_klasse,70-79,1
verhalten_m3_c_s1,zweiter_angreifer_klasse,90-99,1
verhalten_m3_c_s1,zweiter_angreifer_klasse,100-,9
verhalten_m3_p_h3,frames_mit_3_oder_mehr,,3380
verhalten_m3_p_h3,gleichzeitig_im_angriff,0,2532
verhalten_m3_p_h3,gleichzeitig_im_angriff,1,729
verhalten_m3_p_h3,gleichzeitig_im_angriff,2,119
verhalten_m3_p_h3,gleichzeitig_aktiv_s24,0,2881
verhalten_m3_p_h3,gleichzeitig_aktiv_s24,1,448
verhalten_m3_p_h3,gleichzeitig_aktiv_s24,2,51
verhalten_m3_p_h3,uebrige_zustand,abwarten (absdx n=2686 min=1 med=121 max=219),2686
verhalten_m3_p_h3,uebrige_zustand,aufstehen (absdx n=34 min=131 med=131 max=131),34
verhalten_m3_p_h3,uebrige_zustand,gehen (absdx n=3231 min=0 med=102 max=265),3231
verhalten_m3_p_h3,uebrige_zustand,kampfhaltung/erholung (absdx n=1555 min=9 med=55 max=117),1555
verhalten_m3_p_h3,uebrige_zustand,sonst (absdx n=5 min=47 med=47 max=47),5
verhalten_m3_p_h3,uebrige_zustand,spott (absdx n=2119 min=1 med=64 max=227),2119
verhalten_m3_p_h3,frames_gegner_nah_auf_beiden_seiten,,598
verhalten_m3_p_h3,angriffe_mit_3_oder_mehr,,42
verhalten_m3_p_h3,davon_von_rechts,,25
verhalten_m3_p_h3,folgeangriff_andere_seite_binnen_60,,11
verhalten_m3_p_h3,zweiter_angreifer_nach_frames,n=27 min=1 med=39 max=769,27
verhalten_m3_p_h3,zweiter_angreifer_klasse,0-9,8
verhalten_m3_p_h3,zweiter_angreifer_klasse,10-19,1
verhalten_m3_p_h3,zweiter_angreifer_klasse,20-29,3
verhalten_m3_p_h3,zweiter_angreifer_klasse,30-39,2
verhalten_m3_p_h3,zweiter_angreifer_klasse,40-49,2
verhalten_m3_p_h3,zweiter_angreifer_klasse,50-59,3
verhalten_m3_p_h3,zweiter_angreifer_klasse,80-89,1
verhalten_m3_p_h3,zweiter_angreifer_klasse,100-,7
# messen_verhalten.py wellen (m3_d_*, m3_bot_*)
lauf,slot,typ,max_lp,belegt_frame,belegt_camx,x_beim_belegen,s5_frame,s5_camx,s5_x_minus_camx,aufwachen_frame,aufwachen_camx,aufwachen_dx,frei_frame,tod,tote_vor_belegen,tote_vor_s5,lebende_beim_belegen,dolg_lp_vorframe
verhalten_m3_d_m0,16,WOOKY,16,1,256,960,,,,,,,150,nein,0,,0,
verhalten_m3_d_m0,17,EDDY,30,1,256,880,,,,,,,150,nein,0,,0,
verhalten_m3_d_m0,18,WOOKY,16,1,256,688,1,256,432,125,335,153,150,nein,0,0,0,
verhalten_m3_d_m0,19,DOLG,0,1,256,2424,,,,,,,,nein,0,,0,
verhalten_m3_d_m0,15,SKIP,34,374,771,1185,374,771,414,,,,1150,nein,0,0,0,
verhalten_m3_d_m0,14,WOOKY,24,401,818,1152,402,820,332,,,,1150,nein,0,0,1,
verhalten_m3_d_m0,13,WOOKY,24,431,870,1152,432,872,280,,,,1150,nein,0,0,1,
verhalten_m3_d_m0,12,EDDY,34,922,994,1344,923,996,348,,,,1150,nein,0,0,3,
verhalten_m3_d_m0,11,EDDY,34,952,1047,1344,953,1048,296,,,,1150,nein,0,0,3,
verhalten_m3_d_m0,10,WOOKY,24,1211,1346,1780,1211,1346,434,,,,,nein,0,0,0,
verhalten_m3_d_m3,16,WOOKY,16,1,256,960,,,,,,,150,nein,0,,0,
verhalten_m3_d_m3,17,EDDY,30,1,256,880,,,,,,,150,nein,0,,0,
verhalten_m3_d_m3,18,WOOKY,16,1,256,688,1,256,432,125,335,153,150,nein,0,0,0,
verhalten_m3_d_m3,19,DOLG,0,1,256,2424,,,,,,,,nein,0,,0,
verhalten_m3_d_m3,15,SKIP,34,374,771,1185,374,771,414,,,,,nein,0,0,0,
verhalten_m3_d_m3,14,WOOKY,24,401,818,1152,402,820,332,,,,,nein,0,0,1,
verhalten_m3_d_m3,13,WOOKY,24,431,870,1152,432,872,280,,,,,nein,0,0,1,
verhalten_m3_d_m3,12,EDDY,34,922,994,1344,923,996,348,,,,1150,nein,0,0,3,
verhalten_m3_d_m3,11,EDDY,34,952,1047,1344,953,1048,296,,,,1150,nein,0,0,3,
verhalten_m3_d_m3,10,WOOKY,24,1211,1346,1780,1211,1346,434,,,,,nein,0,0,1,
verhalten_m3_d_m4,16,WOOKY,16,1,256,960,,,,,,,150,nein,0,,0,
verhalten_m3_d_m4,17,EDDY,30,1,256,880,,,,,,,150,nein,0,,0,
verhalten_m3_d_m4,18,WOOKY,16,1,256,688,1,256,432,125,335,153,150,nein,0,0,0,
verhalten_m3_d_m4,19,DOLG,0,1,256,2424,,,,,,,,nein,0,,0,
verhalten_m3_d_m4,15,SKIP,34,374,771,1185,374,771,414,,,,,nein,0,0,0,
verhalten_m3_d_m4,14,WOOKY,24,401,818,1152,402,820,332,,,,,nein,0,0,1,
verhalten_m3_d_m4,13,WOOKY,24,431,870,1152,432,872,280,,,,,nein,0,0,1,
verhalten_m3_d_m4,12,EDDY,34,922,994,1344,923,996,348,,,,1150,nein,0,0,3,
verhalten_m3_d_m4,11,EDDY,34,952,1047,1344,953,1048,296,,,,,nein,0,0,3,
verhalten_m3_d_m5,16,WOOKY,16,1,256,960,,,,,,,150,nein,0,,0,
verhalten_m3_d_m5,17,EDDY,30,1,256,880,,,,,,,150,nein,0,,0,
verhalten_m3_d_m5,18,WOOKY,16,1,256,688,1,256,432,125,335,153,150,nein,0,0,0,
verhalten_m3_d_m5,19,DOLG,0,1,256,2424,,,,,,,,nein,0,,0,
verhalten_m3_d_m5,15,SKIP,34,374,771,1185,374,771,414,,,,,nein,0,0,0,
verhalten_m3_d_m5,14,WOOKY,24,401,818,1152,402,820,332,,,,,nein,0,0,1,
verhalten_m3_d_m5,13,WOOKY,24,431,870,1152,432,872,280,,,,,nein,0,0,1,
verhalten_m3_d_m5,12,EDDY,34,922,994,1344,923,996,348,,,,,nein,0,0,3,
verhalten_m3_d_m5,11,EDDY,34,952,1047,1344,953,1048,296,,,,,nein,0,0,3,
verhalten_m3_bot_h2,16,WOOKY,16,1,256,960,304,515,445,390,639,121,656,ja,0,0,0,
verhalten_m3_bot_h2,17,EDDY,30,1,256,880,259,436,444,364,620,60,744,ja,0,0,0,
verhalten_m3_bot_h2,18,WOOKY,16,1,256,688,1,256,432,125,335,153,316,ja,0,0,0,
verhalten_m3_bot_h2,19,DOLG,0,1,256,2424,4542,1996,428,9659,2120,-210,,nein,0,18,0,
verhalten_m3_bot_h2,15,WOOKY,0,217,380,627,217,380,247,,,,316,ja,0,0,0,
verhalten_m3_bot_h2,18,WOOKY,16,557,706,960,567,706,306,,,,656,ja,2,2,1,
verhalten_m3_bot_h2,15,EDDY,0,645,762,1015,645,762,253,,,,744,ja,2,2,0,
verhalten_m3_bot_h2,18,SKIP,36,677,770,1185,677,770,415,,,,1186,ja,4,4,0,
verhalten_m3_bot_h2,16,WOOKY,24,709,812,1152,710,814,338,,,,1076,ja,4,4,1,
verhalten_m3_bot_h2,14,WOOKY,24,739,832,1152,740,832,320,,,,1118,ja,4,4,1,
verhalten_m3_bot_h2,17,WOOKY,30,977,986,1233,987,986,299,,,,1076,ja,6,6,1,
verhalten_m3_bot_h2,15,EDDY,34,1012,994,1344,1013,994,350,,,,1444,ja,6,6,2,
verhalten_m3_bot_h2,13,WOOKY,0,1019,994,1245,1019,994,251,,,,1118,ja,6,6,1,
verhalten_m3_bot_h2,12,EDDY,34,1042,994,1344,1043,994,350,,,,1444,ja,6,6,1,
verhalten_m3_bot_h2,11,SKIP,0,1070,1001,1255,1070,1001,254,,,,1186,ja,6,6,1,
verhalten_m3_bot_h2,11,EDDY,0,1345,1192,1442,1345,1192,250,,,,1444,ja,12,12,0,
verhalten_m3_bot_h2,18,EDDY,36,1345,1192,1433,1355,1192,294,,,,1444,ja,12,12,0,
verhalten_m3_bot_h2,14,WOOKY,26,1443,1346,1780,1443,1346,434,,,,1802,ja,12,12,0,
verhalten_m3_bot_h2,18,WOOKY,36,1703,1421,1708,1713,1421,314,,,,1802,ja,16,16,0,
verhalten_m3_bot_h2,14,WOOKY,28,4582,2048,2016,4583,2048,-28,,,,5032,ja,18,18,0,110
verhalten_m3_bot_h2,18,WOOKY,28,4582,2048,2016,4583,2048,-28,,,,5444,ja,18,18,0,110
verhalten_m3_bot_h2,15,WOOKY,34,4933,2048,2044,4943,2048,-56,,,,5032,ja,18,18,1,105
verhalten_m3_bot_h2,15,WOOKY,34,5345,2048,2173,5345,2048,125,,,,5444,ja,20,20,0,105
verhalten_m3_bot_h2,15,EDDY,40,7109,2176,2144,7110,2176,-28,,,,8684,ja,22,22,0,54
verhalten_m3_bot_h2,18,EDDY,40,7109,2176,2144,7110,2176,-28,,,,8684,ja,22,22,0,54
verhalten_m3_bot_h2,12,EDDY,34,8585,2048,2311,8585,2048,263,,,,8684,ja,22,22,0,51
verhalten_m3_bot_h2,14,EDDY,28,8585,2048,2363,8585,2048,315,,,,8684,ja,22,22,0,51
verhalten_m3_bot_h2,11,WOOKY,34,8586,2048,2016,8587,2048,-28,,,,,nein,22,22,0,51
verhalten_m3_bot_h2,13,WOOKY,34,8586,2048,2016,8587,2048,-28,,,,9296,ja,22,22,0,51
verhalten_m3_bot_h2,18,WOOKY,40,9197,2144,2235,9207,2144,38,,,,9296,ja,26,26,1,45
verhalten_m3_bot_h2,18,WOOKY,40,9983,2176,2332,9993,2176,103,,,,,nein,28,28,0,38
verhalten_m3_bot_h2,kamera,stillstand,,5762,2176,,7673,,,,,,frames=1912 figur_am_rand=1326 kampffaehig_anfang=1 kampffaehig_ende=2,,22,22
verhalten_m3_bot_h2,kamera,stillstand,,7914,2176,,8155,,,,,,frames=242 figur_am_rand=70 kampffaehig_anfang=3 kampffaehig_ende=2,,22,22
verhalten_m3_bot_h2,kamera,stillstand,,9639,2120,,9829,,,,,,frames=191 figur_am_rand=113 kampffaehig_anfang=1 kampffaehig_ende=2,,28,28
verhalten_m3_bot_h3,16,WOOKY,16,1,256,960,296,515,445,382,639,121,611,ja,0,0,0,
verhalten_m3_bot_h3,17,EDDY,30,1,256,880,251,436,444,356,620,60,618,ja,0,0,0,
verhalten_m3_bot_h3,18,WOOKY,16,1,256,688,1,256,432,125,335,153,303,ja,0,0,0,
verhalten_m3_bot_h3,19,DOLG,0,1,256,2424,4115,1996,428,,,,9878,ja,0,9,0,
verhalten_m3_bot_h3,18,SKIP,36,510,770,1184,510,770,414,,,,1189,ja,1,1,0,
verhalten_m3_bot_h3,17,WOOKY,24,692,817,1152,693,819,333,,,,1147,ja,3,3,0,
verhalten_m3_bot_h3,16,WOOKY,24,722,870,1152,723,872,280,,,,1115,ja,3,3,0,
verhalten_m3_bot_h3,15,EDDY,34,950,993,1344,951,994,350,,,,1202,ja,3,3,1,
verhalten_m3_bot_h3,14,EDDY,34,980,1043,1344,981,1044,300,,,,1310,ja,3,3,1,
verhalten_m3_bot_h3,14,WOOKY,26,1313,1345,1780,1313,1345,435,,,,1617,ja,8,8,0,
verhalten_m3_bot_h3,14,WOOKY,28,4155,2049,2017,4156,2049,-28,,,,5147,ja,9,9,0,110
verhalten_m3_bot_h3,15,WOOKY,28,4155,2049,2017,4156,2049,-28,,,,4924,ja,9,9,0,110
verhalten_m3_bot_h3,14,EDDY,38,6173,2048,2016,6174,2048,-28,,,,6823,ja,11,11,0,50
verhalten_m3_bot_h3,15,EDDY,38,6173,2048,2016,6174,2048,-28,,,,7060,ja,11,11,0,50
verhalten_m3_bot_h3,17,WOOKY,32,6747,2176,2144,6748,2176,-28,,,,8119,ja,11,11,1,44
verhalten_m3_bot_h3,18,WOOKY,32,6747,2176,2144,6748,2176,-28,,,,8069,ja,11,11,1,44
verhalten_m3_bot_h3,15,DICK,27,7897,2176,2144,7898,2176,-28,,,,8348,ja,13,13,2,26
verhalten_m3_bot_h3,14,DICK,27,7937,2176,2144,7938,2176,-28,,,,9064,ja,13,13,3,20
verhalten_m3_bot_h3,kamera,stillstand,,5270,2176,,5734,,,,,,frames=465 figur_am_rand=105 kampffaehig_anfang=1 kampffaehig_ende=1,,11,11
verhalten_m3_bot_h3,kamera,stillstand,,6649,2176,,8065,,,,,,frames=1417 figur_am_rand=873 kampffaehig_anfang=3 kampffaehig_ende=3,,11,13
verhalten_m3_bot_h3,kamera,stillstand,,8097,2176,,8296,,,,,,frames=200 figur_am_rand=200 kampffaehig_anfang=3 kampffaehig_ende=2,,14,15
verhalten_m3_bot_h3,kamera,stillstand,,8328,2176,,9879,,,,,,frames=1552 figur_am_rand=879 kampffaehig_anfang=2 kampffaehig_ende=0,,15,18
